timestamp,lat,lon,rel_alt,vx,vy,vz,yaw,cmd_vx,cmd_vy,cmd_vz,cmd_yaw,lidar_min,front_lidar_min,cross_track_m,heading_error_deg,sideslip_deg,progress_mps,geom_clearance_m,geom_threat,tilt_target_deg,lidar_json,goal_x,goal_y,roll_deg,pitch_deg,roll_rate_dps,pitch_rate_dps,yaw_rate_dps,accel_fwd_ms2,accel_right_ms2,accel_down_ms2,battery_voltage_v,battery_current_a,battery_remaining_pct,power_draw_w,energy_consumed_wh,flight_time_remaining_s,wind_north_mps,wind_east_mps,wind_speed_mps,wind_dir_deg,temperature_deg_c,air_density_kg_m3,ground_speed_mps,course_over_ground_deg,distance_to_goal_m,path_wps_remaining,mission_elapsed_s,total_distance_flown_m,flight_phase,gps_fix_type,gps_num_sats,gps_hdop,altitude_msl_m,obstacle_count_near,effective_airspeed_mps,is_replanning,is_recovering
1790618398.8594768,47.397970699999995,8.5461637,0.06100000441074371,-0.0092719541862607,-0.005769910756498575,-0.01291007362306118,96.39,-0.08949588798484596,0.7991328842686668,0.0,96.38999999999999,20.0,20.0,0.0,0.0,-1.8817789655736938,-0.0,14.0,0.0,0.0,"[20.0, 20.0, 20.0, 20.0, 20.0, 20.0, 20.0, 20.0, 20.0, 20.0, 20.0, 20.0, 20.0, 20.0, 20.0, 20.0, 20.0, 20.0, 20.0, 20.0, 20.0, 20.0, 20.0, 20.0, 20.0, 20.0, 20.0, 20.0, 20.0, 20.0, 20.0, 20.0, 20.0, 20.0, 20.0, 20.0, 20.0, 20.0, 20.0, 20.0, 20.0, 20.0, 20.0, 20.0, 20.0, 20.0, 20.0, 20.0, 20.0, 20.0, 20.0, 20.0, 20.0, 20.0, 20.0, 20.0, 20.0, 20.0, 20.0, 20.0, 20.0, 20.0, 20.0, 20.0, 20.0, 20.0, 20.0, 20.0, 20.0, 20.0, 20.0, 20.0]",-0.019969677552580833,-0.04406556859612465,0.0708,0.0144,-0.0336,0.0889,-0.0271,0.003,-0.0115,-9.8047,16.2,,100.0,,,,1.666,1.7975,2.4508,227.18,15.0,1.22499,0.0109,211.89,0.0,1,0.0,0.048,0,3,10,0.7,0.258,0,0.0,0,0
1790618399.060299,47.397970699999995,8.5461638,0.06000000238418579,-0.009336540475487709,-0.0011705408105626702,-0.011052642948925495,96.39,-0.09014934308290452,0.8049677608089164,0.0,96.38999999999999,20.0,20.0,0.0,0.0,-1.7963618653070057,-0.00012543331607931733,14.0,0.0,0.0,"[20.0, 20.0, 20.0, 20.0, 20.0, 20.0, 20.0, 20.0, 20.0, 20.0, 20.0, 20.0, 20.0, 20.0, 20.0, 20.0, 20.0, 20.0, 20.0, 20.0, 20.0, 20.0, 20.0, 20.0, 20.0, 20.0, 20.0, 20.0, 20.0, 20.0, 20.0, 20.0, 20.0, 20.0, 20.0, 20.0, 20.0, 20.0, 20.0, 20.0, 20.0, 20.0, 20.0, 20.0, 20.0, 20.0, 20.0, 20.0, 20.0, 20.0, 20.0, 20.0, 20.0, 20.0, 20.0, 20.0, 20.0, 20.0, 20.0, 20.0, 20.0, 20.0, 20.0, 20.0, 20.0, 20.0, 20.0, 20.0, 20.0, 20.0, 20.0, 20.0]",-0.014868092723190784,-0.044774360954761505,0.0678,0.001,0.0549,-0.0068,-0.0483,-0.0028,-0.0094,-9.8048,16.2,,100.0,,,,1.6978,1.799,2.4736,226.66,15.0,1.22499,0.0094,187.15,0.0,1,0.0,0.054,0,3,10,0.7,0.248,0,0.0,0,0
1790618399.2602725,47.397970699999995,8.5461639,0.058000002056360245,-0.006990737281739712,0.002128276042640209,-0.009194056503474712,96.39,-0.09014934308290452,0.8049677608089164,0.0,96.38999999999999,20.0,20.0,0.0,0.0,-1.281385733232421,0.0015794525133781192,14.0,0.0,0.0,"[20.0, 20.0, 20.0, 20.0, 20.0, 20.0, 20.0, 20.0, 20.0, 20.0, 20.0, 20.0, 20.0, 20.0, 20.0, 20.0, 20.0, 20.0, 20.0, 20.0, 20.0, 20.0, 20.0, 20.0, 20.0, 20.0, 20.0, 20.0, 20.0, 20.0, 20.0, 20.0, 20.0, 20.0, 20.0, 20.0, 20.0, 20.0, 20.0, 20.0, 20.0, 20.0, 20.0, 20.0, 20.0, 20.0, 20.0, 20.0, 20.0, 20.0, 20.0, 20.0, 20.0, 20.0, 20.0, 20.0, 20.0, 20.0, 20.0, 20.0, 20.0, 20.0, 20.0, 20.0, 20.0, 20.0, 20.0, 20.0, 20.0, 20.0, 20.0, 20.0]",-0.010750949382781982,-0.04245305806398392,0.0566,-0.0039,0.0011,-0.011,-0.0234,-0.006,-0.0015,-9.8143,16.2,,100.0,,,,1.4987,1.8562,2.3857,231.08,15.0,1.22499,0.0073,163.07,0.0,1,0.0,0.058,0,3,10,0.7,0.231,0,0.0,0,0
1790618399.460812,47.397970799999996,8.5461639,0.055000003427267075,-0.002255393657833338,0.006565165240317583,-0.0077055892907083035,96.41,-0.09043032434095685,0.8049362437110094,0.0,96.40999999999997,20.0,20.0,0.0,0.0,-0.28806992408506343,-0.0029921538344757984,14.0,0.0,0.0,"[20.0, 20.0, 20.0, 20.0, 20.0, 20.0, 20.0, 20.0, 20.0, 20.0, 20.0, 20.0, 20.0, 20.0, 20.0, 20.0, 20.0, 20.0, 20.0, 20.0, 20.0, 20.0, 20.0, 20.0, 20.0, 20.0, 20.0, 20.0, 20.0, 20.0, 20.0, 20.0, 20.0, 20.0, 20.0, 20.0, 20.0, 20.0, 20.0, 20.0, 20.0, 20.0, 20.0, 20.0, 20.0, 20.0, 20.0, 20.0, 20.0, 20.0, 20.0, 20.0, 20.0, 20.0, 20.0, 20.0, 20.0, 20.0, 20.0, 20.0, 20.0, 20.0, 20.0, 20.0, 20.0, 20.0, 20.0, 20.0, 20.0, 20.0, 20.0, 20.0]",-0.005377953872084618,-0.03698411211371422,0.0349,-0.0104,0.0242,0.0047,-0.0461,-0.0035,-0.0114,-9.8046,16.2,,100.0,,,,1.4401,1.9383,2.4147,233.39,15.0,1.22499,0.0069,108.96,0.0,1,0.0,0.066,0,3,10,0.7,0.239,0,0.0,0,0
1790618399.6610637,47.3979709,8.546164,0.05300000309944153,0.0037696901708841324,0.009033406153321266,-0.006353026255965233,96.42,-0.09057081084012521,0.8049204483821755,0.0,96.42000000000002,20.0,20.0,0.0,0.0,0.9082774329728768,-0.007800968822341391,14.0,0.0,0.0,"[20.0, 20.0, 20.0, 20.0, 20.0, 20.0, 20.0, 20.0, 20.0, 20.0, 20.0, 20.0, 20.0, 20.0, 20.0, 20.0, 20.0, 20.0, 20.0, 20.0, 20.0, 20.0, 20.0, 20.0, 20.0, 20.0, 20.0, 20.0, 20.0, 20.0, 20.0, 20.0, 20.0, 20.0, 20.0, 20.0, 20.0, 20.0, 20.0, 20.0, 20.0, 20.0, 20.0, 20.0, 20.0, 20.0, 20.0, 20.0, 20.0, 20.0, 20.0, 20.0, 20.0, 20.0, 20.0, 20.0, 20.0, 20.0, 20.0, 20.0, 20.0, 20.0, 20.0, 20.0, 20.0, 20.0, 20.0, 20.0, 20.0, 20.0, 20.0, 20.0]",-0.0013072722358629107,-0.029987087473273277,0.0193,-0.0077,-0.0064,0.0115,0.0586,-0.003,-0.0074,-9.8084,16.2,,100.0,,,,1.4764,1.888,2.3967,231.97,15.0,1.22499,0.0098,67.35,0.0,1,0.0,0.074,0,3,10,0.7,0.215,0,0.0,0,0
1790618399.8621464,47.3979709,8.546164,0.05300000309944153,0.007319306023418903,0.007982397451996803,-0.0067779291421175,96.42,-0.09057081084012521,0.8049204483821755,0.0,96.42000000000002,20.0,20.0,0.0,0.0,1.5591993447167298,-0.00826248439031078,14.0,0.0,0.0,"[20.0, 20.0, 20.0, 20.0, 20.0, 20.0, 20.0, 20.0, 20.0, 20.0, 20.0, 20.0, 20.0, 20.0, 20.0, 20.0, 20.0, 20.0, 20.0, 20.0, 20.0, 20.0, 20.0, 20.0, 20.0, 20.0, 20.0, 20.0, 20.0, 20.0, 20.0, 20.0, 20.0, 20.0, 20.0, 20.0, 20.0, 20.0, 20.0, 20.0, 20.0, 20.0, 20.0, 20.0, 20.0, 20.0, 20.0, 20.0, 20.0, 20.0, 20.0, 20.0, 20.0, 20.0, 20.0, 20.0, 20.0, 20.0, 20.0, 20.0, 20.0, 20.0, 20.0, 20.0, 20.0, 20.0, 20.0, 20.0, 20.0, 20.0, 20.0, 20.0]",-0.0006199709605425596,-0.024549245834350586,0.0172,0.0051,-0.0194,0.0433,-0.0191,0.0084,-0.0089,-9.815,16.2,,100.0,,,,1.4423,1.8473,2.3436,232.02,15.0,1.22499,0.0108,47.48,0.0,1,0.0,0.079,0,3,10,0.7,0.21,0,0.0,0,0
1790618400.0628054,47.3979709,8.546164,0.05100000277161598,0.008677849546074867,0.006841095630079508,-0.006556380540132523,96.41,-0.09043032434095685,0.8049362437110094,0.0,96.40999999999997,20.0,20.0,0.0,0.0,1.792268067122399,-0.009283588452377993,14.0,0.0,0.0,"[20.0, 20.0, 20.0, 20.0, 20.0, 20.0, 20.0, 20.0, 20.0, 20.0, 20.0, 20.0, 20.0, 20.0, 20.0, 20.0, 20.0, 20.0, 20.0, 20.0, 20.0, 20.0, 20.0, 20.0, 20.0, 20.0, 20.0, 20.0, 20.0, 20.0, 20.0, 20.0, 20.0, 20.0, 20.0, 20.0, 20.0, 20.0, 20.0, 20.0, 20.0, 20.0, 20.0, 20.0, 20.0, 20.0, 20.0, 20.0, 20.0, 20.0, 20.0, 20.0, 20.0, 20.0, 20.0, 20.0, 20.0, 20.0, 20.0, 20.0, 20.0, 20.0, 20.0, 20.0, 20.0, 20.0, 20.0, 20.0, 20.0, 20.0, 20.0, 20.0]",-0.0001824182691052556,-0.019924107939004898,0.0223,0.0075,-0.0653,0.0212,-0.0419,0.0037,-0.0019,-9.8054,16.2,,100.0,,,,1.3825,1.7902,2.2619,232.32,15.0,1.22499,0.0111,38.25,0.0,1,0.0,0.084,0,3,10,0.7,0.235,0,0.0,0,0
1790618400.2632654,47.397971,8.546164,0.04800000041723251,0.010344834066927433,0.0067099458537995815,-0.005086978897452354,96.41,-0.09043032434095685,0.8049362437110094,0.0,96.40999999999997,20.0,20.0,0.0,0.0,2.1054885055706576,-0.011088226760605703,14.0,0.0,0.0,"[20.0, 20.0, 20.0, 20.0, 20.0, 20.0, 20.0, 20.0, 20.0, 20.0, 20.0, 20.0, 20.0, 20.0, 20.0, 20.0, 20.0, 20.0, 20.0, 20.0, 20.0, 20.0, 20.0, 20.0, 20.0, 20.0, 20.0, 20.0, 20.0, 20.0, 20.0, 20.0, 20.0, 20.0, 20.0, 20.0, 20.0, 20.0, 20.0, 20.0, 20.0, 20.0, 20.0, 20.0, 20.0, 20.0, 20.0, 20.0, 20.0, 20.0, 20.0, 20.0, 20.0, 20.0, 20.0, 20.0, 20.0, 20.0, 20.0, 20.0, 20.0, 20.0, 20.0, 20.0, 20.0, 20.0, 20.0, 20.0, 20.0, 20.0, 20.0, 20.0]",0.0003987229138147086,-0.015211056917905807,0.021,0.0056,0.0008,0.0511,0.0229,0.0013,-0.0094,-9.8104,16.2,,100.0,,,,1.2731,1.7891,2.1959,234.56,15.0,1.22499,0.0123,32.97,0.0,1,0.0,0.089,0,3,10,0.7,0.181,0,0.0,0,0
1790618400.4631793,47.397971,8.546164,0.0430000014603138,0.010235927999019623,0.006971444468945265,-0.003056188812479377,96.42,-0.09057081084012521,0.8049204483821755,0.0,96.42000000000002,20.0,20.0,0.0,0.0,2.0906074898639093,-0.01159374263549695,14.0,0.0,0.0,"[20.0, 20.0, 20.0, 20.0, 20.0, 20.0, 20.0, 20.0, 20.0, 20.0, 20.0, 20.0, 20.0, 20.0, 20.0, 20.0, 20.0, 20.0, 20.0, 20.0, 20.0, 20.0, 20.0, 20.0, 20.0, 20.0, 20.0, 20.0, 20.0, 20.0, 20.0, 20.0, 20.0, 20.0, 20.0, 20.0, 20.0, 20.0, 20.0, 20.0, 20.0, 20.0, 20.0, 20.0, 20.0, 20.0, 20.0, 20.0, 20.0, 20.0, 20.0, 20.0, 20.0, 20.0, 20.0, 20.0, 20.0, 20.0, 20.0, 20.0, 20.0, 20.0, 20.0, 20.0, 20.0, 20.0, 20.0, 20.0, 20.0, 20.0, 20.0, 20.0]",0.001244672341272235,-0.011733651161193848,0.0215,0.0045,-0.0493,0.0019,0.043,0.0012,-0.0077,-9.812,16.2,,100.0,,,,1.3448,1.8474,2.285,233.95,15.0,1.22499,0.0124,34.26,0.0,1,0.0,0.092,0,3,10,0.7,0.215,0,0.0,0,0
1790618400.664142,47.397971,8.5461641,0.039000000804662704,0.011246991343796253,0.00899567175656557,-0.0020639942958950996,96.43,-0.0907112945803485,0.8049046285340626,0.0,96.43,20.0,20.0,0.0,0.0,2.3256295833100715,-0.014395523332780612,14.0,0.0,0.0,"[20.0, 20.0, 20.0, 20.0, 20.0, 20.0, 20.0, 20.0, 20.0, 20.0, 20.0, 20.0, 20.0, 20.0, 20.0, 20.0, 20.0, 20.0, 20.0, 20.0, 20.0, 20.0, 20.0, 20.0, 20.0, 20.0, 20.0, 20.0, 20.0, 20.0, 20.0, 20.0, 20.0, 20.0, 20.0, 20.0, 20.0, 20.0, 20.0, 20.0, 20.0, 20.0, 20.0, 20.0, 20.0, 20.0, 20.0, 20.0, 20.0, 20.0, 20.0, 20.0, 20.0, 20.0, 20.0, 20.0, 20.0, 20.0, 20.0, 20.0, 20.0, 20.0, 20.0, 20.0, 20.0, 20.0, 20.0, 20.0, 20.0, 20.0, 20.0, 20.0]",0.004076311830431223,-0.00796754751354456,0.0188,-0.0015,-0.074,-0.0077,0.0369,-0.0009,-0.0056,-9.8029,16.2,,100.0,,,,1.4227,1.8735,2.3525,232.79,15.0,1.225,0.0144,38.65,0.0,1,0.0,0.097,0,3,10,0.7,0.211,0,0.0,0,0
1790618400.8647907,47.3979711,8.5461641,0.03700000047683716,0.015050438232719898,0.009259208105504513,-0.001402350259013474,96.43,-0.0907112945803485,0.8049046285340626,0.0,96.43,20.0,20.0,0.0,0.0,3.051491129613399,-0.016838614131164657,14.0,0.0,0.0,"[20.0, 20.0, 20.0, 20.0, 20.0, 20.0, 20.0, 20.0, 20.0, 20.0, 20.0, 20.0, 20.0, 20.0, 20.0, 20.0, 20.0, 20.0, 20.0, 20.0, 20.0, 20.0, 20.0, 20.0, 20.0, 20.0, 20.0, 20.0, 20.0, 20.0, 20.0, 20.0, 20.0, 20.0, 20.0, 20.0, 20.0, 20.0, 20.0, 20.0, 20.0, 20.0, 20.0, 20.0, 20.0, 20.0, 20.0, 20.0, 20.0, 20.0, 20.0, 20.0, 20.0, 20.0, 20.0, 20.0, 20.0, 20.0, 20.0, 20.0, 20.0, 20.0, 20.0, 20.0, 20.0, 20.0, 20.0, 20.0, 20.0, 20.0, 20.0, 20.0]",0.005571451038122177,-0.0019480304326862097,0.0071,-0.0016,0.0136,-0.0036,0.0007,-0.0027,-0.0209,-9.8083,16.2,,100.0,,,,1.4782,1.8823,2.3934,231.86,15.0,1.225,0.0177,31.6,0.0,1,0.0,0.103,0,3,10,0.7,0.205,0,0.0,0,0
1790618401.0660021,47.3979712,8.5461641,0.03400000184774399,0.018399037420749664,0.009152155369520187,0.0002640508464537561,96.43,-0.0907112945803485,0.8049046285340626,0.0,96.43,20.0,20.0,0.0,0.0,3.68252305299927,-0.01974161731043214,14.0,0.0,0.0,"[20.0, 20.0, 20.0, 20.0, 20.0, 20.0, 20.0, 20.0, 20.0, 20.0, 20.0, 20.0, 20.0, 20.0, 20.0, 20.0, 20.0, 20.0, 20.0, 20.0, 20.0, 20.0, 20.0, 20.0, 20.0, 20.0, 20.0, 20.0, 20.0, 20.0, 20.0, 20.0, 20.0, 20.0, 20.0, 20.0, 20.0, 20.0, 20.0, 20.0, 20.0, 20.0, 20.0, 20.0, 20.0, 20.0, 20.0, 20.0, 20.0, 20.0, 20.0, 20.0, 20.0, 20.0, 20.0, 20.0, 20.0, 20.0, 20.0, 20.0, 20.0, 20.0, 20.0, 20.0, 20.0, 20.0, 20.0, 20.0, 20.0, 20.0, 20.0, 20.0]",0.006640652660280466,0.003919901791960001,-0.0003,0.0048,0.0429,-0.0191,0.0101,0.0031,-0.0076,-9.8094,16.2,,100.0,,,,1.3792,1.9992,2.4288,235.4,15.0,1.225,0.0205,26.45,0.0,1,0.0,0.109,0,3,10,0.7,0.212,0,0.0,0,0
1790618401.2660253,47.3979712,8.5461641,0.03100000135600567,0.019343553110957146,0.008328554220497608,0.0016619223169982433,96.43,-0.0907112945803485,0.8049046285340626,0.0,96.43,20.0,20.0,0.0,0.0,3.843465699170452,-0.019953722319881833,14.0,0.0,0.0,"[20.0, 20.0, 20.0, 20.0, 20.0, 20.0, 20.0, 20.0, 20.0, 20.0, 20.0, 20.0, 20.0, 20.0, 20.0, 20.0, 20.0, 20.0, 20.0, 20.0, 20.0, 20.0, 20.0, 20.0, 20.0, 20.0, 20.0, 20.0, 20.0, 20.0, 20.0, 20.0, 20.0, 20.0, 20.0, 20.0, 20.0, 20.0, 20.0, 20.0, 20.0, 20.0, 20.0, 20.0, 20.0, 20.0, 20.0, 20.0, 20.0, 20.0, 20.0, 20.0, 20.0, 20.0, 20.0, 20.0, 20.0, 20.0, 20.0, 20.0, 20.0, 20.0, 20.0, 20.0, 20.0, 20.0, 20.0, 20.0, 20.0, 20.0, 20.0, 20.0]",0.006936045829206705,0.007560657802969217,0.0027,0.0075,0.0218,0.06,0.0258,0.0058,-0.004,-9.8076,16.2,,100.0,,,,1.4283,2.1389,2.5719,236.27,15.0,1.225,0.0211,23.29,0.0,1,0.0,0.113,0,3,10,0.7,0.194,0,0.0,0,0
1790618401.46704,47.3979712,8.5461641,0.02800000086426735,0.02102709375321865,0.004424693062901497,0.002696331823244691,96.42,-0.09057081084012521,0.8049204483821755,0.0,96.42000000000002,20.0,20.0,-0.0,0.0,4.078284168585491,-0.013101218535811629,14.0,0.0,0.0,"[20.0, 20.0, 20.0, 20.0, 20.0, 20.0, 20.0, 20.0, 20.0, 20.0, 20.0, 20.0, 20.0, 20.0, 20.0, 20.0, 20.0, 20.0, 20.0, 20.0, 20.0, 20.0, 20.0, 20.0, 20.0, 20.0, 20.0, 20.0, 20.0, 20.0, 20.0, 20.0, 20.0, 20.0, 20.0, 20.0, 20.0, 20.0, 20.0, 20.0, 20.0, 20.0, 20.0, 20.0, 20.0, 20.0, 20.0, 20.0, 20.0, 20.0, 20.0, 20.0, 20.0, 20.0, 20.0, 20.0, 20.0, 20.0, 20.0, 20.0, 20.0, 20.0, 20.0, 20.0, 20.0, 20.0, 20.0, 20.0, 20.0, 20.0, 20.0, 20.0]",0.0042251222766935825,0.010729348286986351,0.0092,0.0201,-0.0184,-0.0246,0.0762,0.0037,-0.0053,-9.8033,16.2,,100.0,,,,1.4891,2.1216,2.592,234.94,15.0,1.225,0.0215,11.88,0.0,1,0.0,0.117,0,3,10,0.7,0.186,0,0.0,0,0
1790618401.6680741,47.3979712,8.546164,0.02500000037252903,0.02125815860927105,-0.0005440940149128437,0.0040785279124975204,96.4,-0.09028983508712372,0.8049520145200831,0.0,96.39999999999998,20.0,20.0,-0.0,0.0,4.01653133733481,-0.01016523462131532,14.0,0.0,0.0,"[20.0, 20.0, 20.0, 20.0, 20.0, 20.0, 20.0, 20.0, 20.0, 20.0, 20.0, 20.0, 20.0, 20.0, 20.0, 20.0, 20.0, 20.0, 20.0, 20.0, 20.0, 20.0, 20.0, 20.0, 20.0, 20.0, 20.0, 20.0, 20.0, 20.0, 20.0, 20.0, 20.0, 20.0, 20.0, 20.0, 20.0, 20.0, 20.0, 20.0, 20.0, 20.0, 20.0, 20.0, 20.0, 20.0, 20.0, 20.0, 20.0, 20.0, 20.0, 20.0, 20.0, 20.0, 20.0, 20.0, 20.0, 20.0, 20.0, 20.0, 20.0, 20.0, 20.0, 20.0, 20.0, 20.0, 20.0, 20.0, 20.0, 20.0, 20.0, 20.0]",-0.0003295494825579226,0.013059115968644619,0.0154,0.0332,0.0009,0.0387,0.0291,0.0041,-0.0189,-9.7973,16.2,,100.0,,,,1.4594,2.1688,2.6141,236.06,15.0,1.225,0.0213,358.53,0.0,1,0.0,0.122,0,3,10,0.7,0.195,0,0.0,0,0
1790618401.8681564,47.3979712,8.5461639,0.01900000125169754,0.018739687278866768,-0.004961718339473009,0.005916859023272991,96.39,-0.09014934308290452,0.8049677608089164,0.0,96.38999999999999,20.0,20.0,0.0,0.0,3.4471505663860276,-0.001507010715189125,14.0,0.0,0.0,"[20.0, 20.0, 20.0, 20.0, 20.0, 20.0, 20.0, 20.0, 20.0, 20.0, 20.0, 20.0, 20.0, 20.0, 20.0, 20.0, 20.0, 20.0, 20.0, 20.0, 20.0, 20.0, 20.0, 20.0, 20.0, 20.0, 20.0, 20.0, 20.0, 20.0, 20.0, 20.0, 20.0, 20.0, 20.0, 20.0, 20.0, 20.0, 20.0, 20.0, 20.0, 20.0, 20.0, 20.0, 20.0, 20.0, 20.0, 20.0, 20.0, 20.0, 20.0, 20.0, 20.0, 20.0, 20.0, 20.0, 20.0, 20.0, 20.0, 20.0, 20.0, 20.0, 20.0, 20.0, 20.0, 20.0, 20.0, 20.0, 20.0, 20.0, 20.0, 20.0]",-0.005163582041859627,0.01217440702021122,0.0259,0.04,-0.0223,0.0376,0.0688,-0.0023,-0.0111,-9.8022,16.2,,100.0,,,,1.3334,2.1682,2.5454,238.41,15.0,1.225,0.0194,345.17,0.0,1,0.0,0.127,0,3,10,0.7,0.208,0,0.0,0,0
1790618402.0687444,47.3979712,8.5461639,0.015000000596046448,0.016131123527884483,-0.0067186239175498486,0.006419110111892223,96.39,-0.09014934308290452,0.8049677608089164,0.0,96.38999999999999,20.0,20.0,0.0,0.0,2.9163462690700412,0.0006525760961951762,14.0,0.0,0.0,"[20.0, 20.0, 20.0, 20.0, 20.0, 20.0, 20.0, 20.0, 20.0, 20.0, 20.0, 20.0, 20.0, 20.0, 20.0, 20.0, 20.0, 20.0, 20.0, 20.0, 20.0, 20.0, 20.0, 20.0, 20.0, 20.0, 20.0, 20.0, 20.0, 20.0, 20.0, 20.0, 20.0, 20.0, 20.0, 20.0, 20.0, 20.0, 20.0, 20.0, 20.0, 20.0, 20.0, 20.0, 20.0, 20.0, 20.0, 20.0, 20.0, 20.0, 20.0, 20.0, 20.0, 20.0, 20.0, 20.0, 20.0, 20.0, 20.0, 20.0, 20.0, 20.0, 20.0, 20.0, 20.0, 20.0, 20.0, 20.0, 20.0, 20.0, 20.0, 20.0]",-0.008685152046382427,0.010550795122981071,0.0362,0.0356,0.0322,0.0249,-0.0218,-0.0031,-0.012,-9.8126,16.2,,100.0,,,,1.3848,2.0782,2.4974,236.32,15.0,1.225,0.0175,337.39,0.0,1,0.0,0.131,0,3,10,0.7,0.254,0,0.0,0,0
1790618402.2691016,47.3979712,8.5461639,0.013000000268220901,0.015725625678896904,-0.0071366410702466965,0.007168236188590527,96.39,-0.09014934308290452,0.8049677608089164,0.0,96.38999999999999,20.0,20.0,-0.0,0.0,2.830713467841415,-0.012367822155250901,14.0,0.0,0.0,"[20.0, 20.0, 20.0, 20.0, 20.0, 20.0, 20.0, 20.0, 20.0, 20.0, 20.0, 20.0, 20.0, 20.0, 20.0, 20.0, 20.0, 20.0, 20.0, 20.0, 20.0, 20.0, 20.0, 20.0, 20.0, 20.0, 20.0, 20.0, 20.0, 20.0, 20.0, 20.0, 20.0, 20.0, 20.0, 20.0, 20.0, 20.0, 20.0, 20.0, 20.0, 20.0, 20.0, 20.0, 20.0, 20.0, 20.0, 20.0, 20.0, 20.0, 20.0, 20.0, 20.0, 20.0, 20.0, 20.0, 20.0, 20.0, 20.0, 20.0, 20.0, 20.0, 20.0, 20.0, 20.0, 20.0, 20.0, 20.0, 20.0, 20.0, 20.0, 20.0]",-0.011064762249588966,0.011480004526674747,0.0323,0.0319,-0.03,0.0193,-0.0113,0.0048,-0.0044,-9.8044,16.2,,100.0,,,,1.401,2.1185,2.5399,236.52,15.0,1.225,0.0173,335.59,0.0,1,0.0,0.134,0,3,10,0.7,0.241,0,0.0,0,0
1790618402.4697242,47.3979712,8.5461638,0.012000000104308128,0.01573440060019493,-0.008388356305658817,0.007168496958911419,96.4,-0.09028983508712372,0.8049520145200831,0.0,96.39999999999998,20.0,20.0,-0.0,0.0,2.8054974552883247,-0.013108526104505119,14.0,0.0,0.0,"[20.0, 20.0, 20.0, 20.0, 20.0, 20.0, 20.0, 20.0, 20.0, 20.0, 20.0, 20.0, 20.0, 20.0, 20.0, 20.0, 20.0, 20.0, 20.0, 20.0, 20.0, 20.0, 20.0, 20.0, 20.0, 20.0, 20.0, 20.0, 20.0, 20.0, 20.0, 20.0, 20.0, 20.0, 20.0, 20.0, 20.0, 20.0, 20.0, 20.0, 20.0, 20.0, 20.0, 20.0, 20.0, 20.0, 20.0, 20.0, 20.0, 20.0, 20.0, 20.0, 20.0, 20.0, 20.0, 20.0, 20.0, 20.0, 20.0, 20.0, 20.0, 20.0, 20.0, 20.0, 20.0, 20.0, 20.0, 20.0, 20.0, 20.0, 20.0, 20.0]",-0.014210684224963188,0.01257910206913948,0.0271,0.0316,-0.0159,-0.064,0.0043,-0.0024,-0.0136,-9.8068,16.2,,100.0,,,,1.4501,2.0985,2.5507,235.36,15.0,1.225,0.0178,331.94,0.0,1,0.0,0.137,0,3,10,0.7,0.261,0,0.0,0,0
1790618402.6698024,47.3979712,8.5461638,0.015000000596046448,0.01578819938004017,-0.010223865509033203,0.005384300369769335,96.39,-0.09014934308290452,0.8049677608089164,0.0,96.38999999999999,20.0,20.0,-0.0,0.0,2.7770968855215643,-0.012852476939973932,14.0,0.0,0.0,"[20.0, 20.0, 20.0, 20.0, 20.0, 20.0, 20.0, 20.0, 20.0, 20.0, 20.0, 20.0, 20.0, 20.0, 20.0, 20.0, 20.0, 20.0, 20.0, 20.0, 20.0, 20.0, 20.0, 20.0, 20.0, 20.0, 20.0, 20.0, 20.0, 20.0, 20.0, 20.0, 20.0, 20.0, 20.0, 20.0, 20.0, 20.0, 20.0, 20.0, 20.0, 20.0, 20.0, 20.0, 20.0, 20.0, 20.0, 20.0, 20.0, 20.0, 20.0, 20.0, 20.0, 20.0, 20.0, 20.0, 20.0, 20.0, 20.0, 20.0, 20.0, 20.0, 20.0, 20.0, 20.0, 20.0, 20.0, 20.0, 20.0, 20.0, 20.0, 20.0]",-0.018028447404503822,0.013264402747154236,0.028,0.033,0.0185,-0.0254,-0.0182,0.0006,-0.0121,-9.8113,16.2,,100.0,,,,1.5255,2.0729,2.5737,233.65,15.0,1.225,0.0188,327.07,0.0,1,0.0,0.141,0,3,10,0.7,0.207,0,0.0,0,0
1790618402.87068,47.3979712,8.5461638,0.017000000923871994,0.015679780393838882,-0.009067198261618614,0.004638299345970154,96.4,-0.09028983508712372,0.8049520145200831,0.0,96.39999999999998,20.0,20.0,-0.0,0.0,2.7807378447959765,-0.01791384615615603,14.0,0.0,0.0,"[20.0, 20.0, 20.0, 20.0, 20.0, 20.0, 20.0, 20.0, 20.0, 20.0, 20.0, 20.0, 20.0, 20.0, 20.0, 20.0, 20.0, 20.0, 20.0, 20.0, 20.0, 20.0, 20.0, 20.0, 20.0, 20.0, 20.0, 20.0, 20.0, 20.0, 20.0, 20.0, 20.0, 20.0, 20.0, 20.0, 20.0, 20.0, 20.0, 20.0, 20.0, 20.0, 20.0, 20.0, 20.0, 20.0, 20.0, 20.0, 20.0, 20.0, 20.0, 20.0, 20.0, 20.0, 20.0, 20.0, 20.0, 20.0, 20.0, 20.0, 20.0, 20.0, 20.0, 20.0, 20.0, 20.0, 20.0, 20.0, 20.0, 20.0, 20.0, 20.0]",-0.018611734732985497,0.013996714726090431,0.023,0.0283,-0.0396,-0.0321,-0.0186,-0.0011,-0.006,-9.8022,16.2,,100.0,,,,1.4738,2.0229,2.5028,233.92,15.0,1.225,0.0181,329.96,0.0,1,0.0,0.142,0,3,10,0.7,0.234,0,0.0,0,0
1790618403.070731,47.3979712,8.5461638,0.017000000923871994,0.014613237231969833,-0.007548968307673931,0.004981667269021273,96.4,-0.09028983508712372,0.8049520145200831,0.0,96.39999999999998,20.0,20.0,0.0,0.0,2.611010577883957,0.015949033069438186,14.0,0.0,0.0,"[20.0, 20.0, 20.0, 20.0, 20.0, 20.0, 20.0, 20.0, 20.0, 20.0, 20.0, 20.0, 20.0, 20.0, 20.0, 20.0, 20.0, 20.0, 20.0, 20.0, 20.0, 20.0, 20.0, 20.0, 20.0, 20.0, 20.0, 20.0, 20.0, 20.0, 20.0, 20.0, 20.0, 20.0, 20.0, 20.0, 20.0, 20.0, 20.0, 20.0, 20.0, 20.0, 20.0, 20.0, 20.0, 20.0, 20.0, 20.0, 20.0, 20.0, 20.0, 20.0, 20.0, 20.0, 20.0, 20.0, 20.0, 20.0, 20.0, 20.0, 20.0, 20.0, 20.0, 20.0, 20.0, 20.0, 20.0, 20.0, 20.0, 20.0, 20.0, 20.0]",-0.018287891522049904,0.013630260713398457,0.0254,0.0187,0.0391,-0.0358,0.0649,0.0119,0.0,-9.8033,16.2,,100.0,,,,1.5301,2.0861,2.587,233.74,15.0,1.225,0.0164,332.68,0.0,1,0.0,0.142,0,3,10,0.7,0.241,0,0.0,0,0
1790618403.2712948,47.3979712,8.5461638,0.018000001087784767,0.014052750542759895,-0.006671228911727667,0.004912912379950285,96.4,-0.09028983508712372,0.8049520145200831,0.0,96.39999999999998,20.0,20.0,0.0,0.0,2.5234947663240335,0.014988305657952568,14.0,0.0,0.0,"[20.0, 20.0, 20.0, 20.0, 20.0, 20.0, 20.0, 20.0, 20.0, 20.0, 20.0, 20.0, 20.0, 20.0, 20.0, 20.0, 20.0, 20.0, 20.0, 20.0, 20.0, 20.0, 20.0, 20.0, 20.0, 20.0, 20.0, 20.0, 20.0, 20.0, 20.0, 20.0, 20.0, 20.0, 20.0, 20.0, 20.0, 20.0, 20.0, 20.0, 20.0, 20.0, 20.0, 20.0, 20.0, 20.0, 20.0, 20.0, 20.0, 20.0, 20.0, 20.0, 20.0, 20.0, 20.0, 20.0, 20.0, 20.0, 20.0, 20.0, 20.0, 20.0, 20.0, 20.0, 20.0, 20.0, 20.0, 20.0, 20.0, 20.0, 20.0, 20.0]",-0.018042391166090965,0.01334704551845789,0.0278,0.0158,0.0762,0.1009,0.0066,0.0034,-0.003,-9.8126,16.2,,100.0,,,,1.5022,2.3269,2.7696,237.15,15.0,1.225,0.0156,334.61,0.0,1,0.0,0.143,0,3,10,0.7,0.22,0,0.0,0,0
1790618403.4724026,47.3979712,8.5461638,0.018000001087784767,0.01336385402828455,-0.006233857944607735,0.004709261003881693,96.4,-0.09028983508712372,0.8049520145200831,0.0,96.39999999999998,20.0,20.0,0.0,0.0,2.4022806607526643,0.014317388051562125,14.0,0.0,0.0,"[20.0, 20.0, 20.0, 20.0, 20.0, 20.0, 20.0, 20.0, 20.0, 20.0, 20.0, 20.0, 20.0, 20.0, 20.0, 20.0, 20.0, 20.0, 20.0, 20.0, 20.0, 20.0, 20.0, 20.0, 20.0, 20.0, 20.0, 20.0, 20.0, 20.0, 20.0, 20.0, 20.0, 20.0, 20.0, 20.0, 20.0, 20.0, 20.0, 20.0, 20.0, 20.0, 20.0, 20.0, 20.0, 20.0, 20.0, 20.0, 20.0, 20.0, 20.0, 20.0, 20.0, 20.0, 20.0, 20.0, 20.0, 20.0, 20.0, 20.0, 20.0, 20.0, 20.0, 20.0, 20.0, 20.0, 20.0, 20.0, 20.0, 20.0, 20.0, 20.0]",-0.017812175676226616,0.012179535813629627,0.0293,0.0129,0.0326,0.0471,-0.022,-0.0035,-0.0034,-9.8019,16.2,,100.0,,,,1.4017,2.3244,2.7143,238.91,15.0,1.225,0.0147,334.99,0.0,1,0.0,0.144,0,3,10,0.7,0.244,0,0.0,0,0
1790618403.6724434,47.3979712,8.5461638,0.017000000923871994,0.011939819902181625,-0.004832550883293152,0.0044342465698719025,96.4,-0.09028983508712372,0.8049520145200831,0.0,96.39999999999998,20.0,20.0,0.0,0.0,2.162219191700133,0.012858251971316747,14.0,0.0,0.0,"[20.0, 20.0, 20.0, 20.0, 20.0, 20.0, 20.0, 20.0, 20.0, 20.0, 20.0, 20.0, 20.0, 20.0, 20.0, 20.0, 20.0, 20.0, 20.0, 20.0, 20.0, 20.0, 20.0, 20.0, 20.0, 20.0, 20.0, 20.0, 20.0, 20.0, 20.0, 20.0, 20.0, 20.0, 20.0, 20.0, 20.0, 20.0, 20.0, 20.0, 20.0, 20.0, 20.0, 20.0, 20.0, 20.0, 20.0, 20.0, 20.0, 20.0, 20.0, 20.0, 20.0, 20.0, 20.0, 20.0, 20.0, 20.0, 20.0, 20.0, 20.0, 20.0, 20.0, 20.0, 20.0, 20.0, 20.0, 20.0, 20.0, 20.0, 20.0, 20.0]",-0.01660509780049324,0.0096396803855896,0.0293,0.0053,-0.0102,-0.0168,0.0487,-0.0056,-0.0084,-9.8124,16.2,,100.0,,,,1.389,2.3239,2.7074,239.13,15.0,1.225,0.0129,337.96,0.0,1,0.0,0.147,0,3,10,0.7,0.296,0,0.0,0,0
1790618403.8722088,47.3979712,8.5461638,0.018000001087784767,0.008033417165279388,-0.00435976916924119,0.003801349550485611,96.4,-0.09028983508712372,0.8049520145200831,0.0,96.39999999999998,20.0,20.0,0.0,0.0,1.431594862542387,0.007695514180020686,14.0,0.0,0.0,"[20.0, 20.0, 20.0, 20.0, 20.0, 20.0, 20.0, 20.0, 20.0, 20.0, 20.0, 20.0, 20.0, 20.0, 20.0, 20.0, 20.0, 20.0, 20.0, 20.0, 20.0, 20.0, 20.0, 20.0, 20.0, 20.0, 20.0, 20.0, 20.0, 20.0, 20.0, 20.0, 20.0, 20.0, 20.0, 20.0, 20.0, 20.0, 20.0, 20.0, 20.0, 20.0, 20.0, 20.0, 20.0, 20.0, 20.0, 20.0, 20.0, 20.0, 20.0, 20.0, 20.0, 20.0, 20.0, 20.0, 20.0, 20.0, 20.0, 20.0, 20.0, 20.0, 20.0, 20.0, 20.0, 20.0, 20.0, 20.0, 20.0, 20.0, 20.0, 20.0]",-0.01695229858160019,0.004872385878115892,0.0365,0.002,-0.0346,-0.0074,0.0001,-0.0014,-0.0093,-9.795,16.2,,100.0,,,,1.3553,2.312,2.6799,239.62,15.0,1.225,0.0091,331.51,0.0,1,0.0,0.151,0,3,10,0.7,0.293,0,0.0,0,0
1790618404.0731764,47.3979711,8.5461638,0.021000001579523087,0.0035561148542910814,-0.005008544772863388,0.0024137571454048157,96.39,-0.09014934308290452,0.8049677608089164,0.0,96.38999999999999,20.0,20.0,0.0,0.0,0.5684688420338843,0.002458344936563519,14.0,0.0,0.0,"[20.0, 20.0, 20.0, 20.0, 20.0, 20.0, 20.0, 20.0, 20.0, 20.0, 20.0, 20.0, 20.0, 20.0, 20.0, 20.0, 20.0, 20.0, 20.0, 20.0, 20.0, 20.0, 20.0, 20.0, 20.0, 20.0, 20.0, 20.0, 20.0, 20.0, 20.0, 20.0, 20.0, 20.0, 20.0, 20.0, 20.0, 20.0, 20.0, 20.0, 20.0, 20.0, 20.0, 20.0, 20.0, 20.0, 20.0, 20.0, 20.0, 20.0, 20.0, 20.0, 20.0, 20.0, 20.0, 20.0, 20.0, 20.0, 20.0, 20.0, 20.0, 20.0, 20.0, 20.0, 20.0, 20.0, 20.0, 20.0, 20.0, 20.0, 20.0, 20.0]",-0.018030067905783653,-0.0002939751429948956,0.0498,0.0012,-0.024,0.0132,-0.0237,-0.0029,-0.0117,-9.8047,16.2,,100.0,,,,1.3321,2.2957,2.6542,239.88,15.0,1.225,0.0061,305.38,0.0,1,0.0,0.157,0,3,10,0.7,0.275,0,0.0,0,0
1790618404.2738104,47.3979711,8.5461637,0.026000000536441803,-0.00043648225255310535,-0.006242644041776657,0.000638274650555104,96.39,-0.09014934308290452,0.8049677608089164,0.0,96.38999999999999,20.0,20.0,0.0,0.0,-0.21553589738440032,-0.0021059650627122516,14.0,0.0,0.0,"[20.0, 20.0, 20.0, 20.0, 20.0, 20.0, 20.0, 20.0, 20.0, 20.0, 20.0, 20.0, 20.0, 20.0, 20.0, 20.0, 20.0, 20.0, 20.0, 20.0, 20.0, 20.0, 20.0, 20.0, 20.0, 20.0, 20.0, 20.0, 20.0, 20.0, 20.0, 20.0, 20.0, 20.0, 20.0, 20.0, 20.0, 20.0, 20.0, 20.0, 20.0, 20.0, 20.0, 20.0, 20.0, 20.0, 20.0, 20.0, 20.0, 20.0, 20.0, 20.0, 20.0, 20.0, 20.0, 20.0, 20.0, 20.0, 20.0, 20.0, 20.0, 20.0, 20.0, 20.0, 20.0, 20.0, 20.0, 20.0, 20.0, 20.0, 20.0, 20.0]",-0.019401634112000465,-0.005184611305594444,0.0601,0.0044,-0.0129,0.0232,-0.0376,-0.0023,-0.0087,-9.8079,16.2,,100.0,,,,1.4486,2.2669,2.6902,237.42,15.0,1.225,0.0063,266.0,0.0,1,0.0,0.162,0,3,10,0.7,0.285,0,0.0,0,0
1790618404.474796,47.397971,8.5461637,0.029000001028180122,-0.005915806628763676,-0.0065826778300106525,-0.0006904752808623016,96.39,-0.09014934308290452,0.8049677608089164,0.0,96.38999999999999,20.0,20.0,0.0,0.0,-1.2625327499487744,-0.006183284040952555,14.0,0.0,0.0,"[20.0, 20.0, 20.0, 20.0, 20.0, 20.0, 20.0, 20.0, 20.0, 20.0, 20.0, 20.0, 20.0, 20.0, 20.0, 20.0, 20.0, 20.0, 20.0, 20.0, 20.0, 20.0, 20.0, 20.0, 20.0, 20.0, 20.0, 20.0, 20.0, 20.0, 20.0, 20.0, 20.0, 20.0, 20.0, 20.0, 20.0, 20.0, 20.0, 20.0, 20.0, 20.0, 20.0, 20.0, 20.0, 20.0, 20.0, 20.0, 20.0, 20.0, 20.0, 20.0, 20.0, 20.0, 20.0, 20.0, 20.0, 20.0, 20.0, 20.0, 20.0, 20.0, 20.0, 20.0, 20.0, 20.0, 20.0, 20.0, 20.0, 20.0, 20.0, 20.0]",-0.01967903971672058,-0.011878808960318565,0.0689,0.0024,0.0165,0.0276,-0.0047,-0.0021,-0.0095,-9.8049,16.2,,100.0,,,,1.4422,2.1979,2.6289,236.73,15.0,1.225,0.0089,228.05,0.0,1,0.0,0.168,0,3,10,0.7,0.245,0,0.0,0,0
1790618404.6763396,47.3979709,8.5461637,0.032999999821186066,-0.012238027527928352,-0.006478823255747557,-0.0016128262504935265,96.38,-0.0900088483325797,0.8049834825770295,0.0,96.38,20.0,20.0,0.0,0.0,-2.4588036065007275,-0.012170715682396933,14.0,0.0,0.0,"[20.0, 20.0, 20.0, 20.0, 20.0, 20.0, 20.0, 20.0, 20.0, 20.0, 20.0, 20.0, 20.0, 20.0, 20.0, 20.0, 20.0, 20.0, 20.0, 20.0, 20.0, 20.0, 20.0, 20.0, 20.0, 20.0, 20.0, 20.0, 20.0, 20.0, 20.0, 20.0, 20.0, 20.0, 20.0, 20.0, 20.0, 20.0, 20.0, 20.0, 20.0, 20.0, 20.0, 20.0, 20.0, 20.0, 20.0, 20.0, 20.0, 20.0, 20.0, 20.0, 20.0, 20.0, 20.0, 20.0, 20.0, 20.0, 20.0, 20.0, 20.0, 20.0, 20.0, 20.0, 20.0, 20.0, 20.0, 20.0, 20.0, 20.0, 20.0, 20.0]",-0.019590914249420166,-0.020442940294742584,0.0799,-0.005,-0.0227,0.017,-0.0742,-0.0065,-0.0124,-9.8084,16.2,,100.0,,,,1.5386,2.0933,2.598,233.68,15.0,1.225,0.0138,207.9,0.0,1,0.0,0.177,0,3,10,0.7,0.259,0,0.0,0,0
1790618404.8758924,47.397970799999996,8.5461637,0.03700000047683716,-0.018406324088573456,-0.006492807064205408,-0.003506407840177417,96.37,-0.08986835084042857,0.8049991798239435,0.0,96.37,20.0,20.0,0.0,0.0,-3.6263757396905234,-0.018647172917545297,14.0,0.0,0.0,"[20.0, 20.0, 20.0, 20.0, 20.0, 20.0, 20.0, 20.0, 20.0, 20.0, 20.0, 20.0, 20.0, 20.0, 20.0, 20.0, 20.0, 20.0, 20.0, 20.0, 20.0, 20.0, 20.0, 20.0, 20.0, 20.0, 20.0, 20.0, 20.0, 20.0, 20.0, 20.0, 20.0, 20.0, 20.0, 20.0, 20.0, 20.0, 20.0, 20.0, 20.0, 20.0, 20.0, 20.0, 20.0, 20.0, 20.0, 20.0, 20.0, 20.0, 20.0, 20.0, 20.0, 20.0, 20.0, 20.0, 20.0, 20.0, 20.0, 20.0, 20.0, 20.0, 20.0, 20.0, 20.0, 20.0, 20.0, 20.0, 20.0, 20.0, 20.0, 20.0]",-0.019949456676840782,-0.029563089832663536,0.0888,-0.007,-0.025,-0.0634,0.0166,-0.0022,-0.0106,-9.8102,16.2,,100.0,,,,1.703,2.1768,2.7638,231.96,15.0,1.225,0.0195,199.43,0.0,1,0.0,0.186,0,3,10,0.7,0.24,0,0.0,0,0
1790618405.076882,47.397970799999996,8.5461637,0.04200000315904617,-0.02300853282213211,-0.0067863259464502335,-0.005613279528915882,96.37,-0.08986835084042857,0.8049991798239435,0.0,96.37,20.0,20.0,0.0,0.0,-4.501689826033253,-0.02346286950467531,14.0,0.0,0.0,"[20.0, 20.0, 20.0, 20.0, 20.0, 20.0, 20.0, 20.0, 20.0, 20.0, 20.0, 20.0, 20.0, 20.0, 20.0, 20.0, 20.0, 20.0, 20.0, 20.0, 20.0, 20.0, 20.0, 20.0, 20.0, 20.0, 20.0, 20.0, 20.0, 20.0, 20.0, 20.0, 20.0, 20.0, 20.0, 20.0, 20.0, 20.0, 20.0, 20.0, 20.0, 20.0, 20.0, 20.0, 20.0, 20.0, 20.0, 20.0, 20.0, 20.0, 20.0, 20.0, 20.0, 20.0, 20.0, 20.0, 20.0, 20.0, 20.0, 20.0, 20.0, 20.0, 20.0, 20.0, 20.0, 20.0, 20.0, 20.0, 20.0, 20.0, 20.0, 20.0]",-0.020588336512446404,-0.03783344477415085,0.094,-0.0112,-0.0216,-0.0195,-0.0426,-0.0088,-0.0177,-9.8116,16.2,,100.0,,,,1.624,2.1674,2.7083,233.16,15.0,1.225,0.024,196.43,0.0,1,0.0,0.194,0,3,10,0.7,0.259,0,0.0,0,0
1790618405.2770188,47.397970699999995,8.5461637,0.04400000348687172,-0.025632206350564957,-0.006524344440549612,-0.005856410134583712,96.37,-0.08986835084042857,0.8049991798239435,0.0,96.37,20.0,20.0,0.0,0.0,-4.990755215800095,-0.026162832367411876,14.0,0.0,0.0,"[20.0, 20.0, 20.0, 20.0, 20.0, 20.0, 20.0, 20.0, 20.0, 20.0, 20.0, 20.0, 20.0, 20.0, 20.0, 20.0, 20.0, 20.0, 20.0, 20.0, 20.0, 20.0, 20.0, 20.0, 20.0, 20.0, 20.0, 20.0, 20.0, 20.0, 20.0, 20.0, 20.0, 20.0, 20.0, 20.0, 20.0, 20.0, 20.0, 20.0, 20.0, 20.0, 20.0, 20.0, 20.0, 20.0, 20.0, 20.0, 20.0, 20.0, 20.0, 20.0, 20.0, 20.0, 20.0, 20.0, 20.0, 20.0, 20.0, 20.0, 20.0, 20.0, 20.0, 20.0, 20.0, 20.0, 20.0, 20.0, 20.0, 20.0, 20.0, 20.0]",-0.02121179923415184,-0.04393206536769867,0.0939,-0.0088,-0.026,-0.0212,0.0754,-0.0016,-0.0037,-9.8019,16.2,,100.0,,,,1.7529,2.1298,2.7584,230.54,15.0,1.22499,0.0264,194.28,0.0,1,0.0,0.201,0,3,10,0.7,0.207,0,0.0,0,0
1790618405.477222,47.397970699999995,8.5461637,0.04100000113248825,-0.023421496152877808,-0.008702840656042099,-0.0043971724808216095,96.38,-0.0900088483325797,0.8049834825770295,0.0,96.38,20.0,20.0,0.0,0.0,-4.620131165108217,-0.014963801938932294,14.0,0.0,0.0,"[20.0, 20.0, 20.0, 20.0, 20.0, 20.0, 20.0, 20.0, 20.0, 20.0, 20.0, 20.0, 20.0, 20.0, 20.0, 20.0, 20.0, 20.0, 20.0, 20.0, 20.0, 20.0, 20.0, 20.0, 20.0, 20.0, 20.0, 20.0, 20.0, 20.0, 20.0, 20.0, 20.0, 20.0, 20.0, 20.0, 20.0, 20.0, 20.0, 20.0, 20.0, 20.0, 20.0, 20.0, 20.0, 20.0, 20.0, 20.0, 20.0, 20.0, 20.0, 20.0, 20.0, 20.0, 20.0, 20.0, 20.0, 20.0, 20.0, 20.0, 20.0, 20.0, 20.0, 20.0, 20.0, 20.0, 20.0, 20.0, 20.0, 20.0, 20.0, 20.0]",-0.023801494389772415,-0.04469456151127815,0.0839,0.0009,0.018,-0.0079,-0.0011,-0.0097,-0.02,-9.7981,16.2,,100.0,,,,1.7163,1.9634,2.6078,228.84,15.0,1.225,0.025,200.38,0.0,1,0.0,0.203,0,3,10,0.7,0.208,0,0.0,0,0
1790618405.6778634,47.397970699999995,8.5461636,0.03500000014901161,-0.01933005452156067,-0.011196012608706951,-0.0018017797265201807,96.38,-0.0900088483325797,0.8049834825770295,0.0,96.38,20.0,20.0,-0.0,0.0,-3.9004780154888494,0.004885036023202567,14.0,0.0,0.0,"[20.0, 20.0, 20.0, 20.0, 20.0, 20.0, 20.0, 20.0, 20.0, 20.0, 20.0, 20.0, 20.0, 20.0, 20.0, 20.0, 20.0, 20.0, 20.0, 20.0, 20.0, 20.0, 20.0, 20.0, 20.0, 20.0, 20.0, 20.0, 20.0, 20.0, 20.0, 20.0, 20.0, 20.0, 20.0, 20.0, 20.0, 20.0, 20.0, 20.0, 20.0, 20.0, 20.0, 20.0, 20.0, 20.0, 20.0, 20.0, 20.0, 20.0, 20.0, 20.0, 20.0, 20.0, 20.0, 20.0, 20.0, 20.0, 20.0, 20.0, 20.0, 20.0, 20.0, 20.0, 20.0, 20.0, 20.0, 20.0, 20.0, 20.0, 20.0, 20.0]",-0.026709318161010742,-0.042010240256786346,0.0721,0.0112,0.0066,0.0437,-0.0039,-0.0051,-0.0091,-9.811,16.2,,100.0,,,,1.7156,1.9382,2.5885,228.49,15.0,1.225,0.0223,210.08,0.0,1,0.0,0.207,0,3,10,0.7,0.197,0,0.0,0,0
1790618405.878263,47.397970799999996,8.5461636,0.027000000700354576,-0.016751157119870186,-0.012187131680548191,0.0010676508536562324,96.38,-0.0900088483325797,0.8049834825770295,0.0,96.38,20.0,20.0,-0.0,0.0,-3.43394858356262,0.00947952548908254,14.0,0.0,0.0,"[20.0, 20.0, 20.0, 20.0, 20.0, 20.0, 20.0, 20.0, 20.0, 20.0, 20.0, 20.0, 20.0, 20.0, 20.0, 20.0, 20.0, 20.0, 20.0, 20.0, 20.0, 20.0, 20.0, 20.0, 20.0, 20.0, 20.0, 20.0, 20.0, 20.0, 20.0, 20.0, 20.0, 20.0, 20.0, 20.0, 20.0, 20.0, 20.0, 20.0, 20.0, 20.0, 20.0, 20.0, 20.0, 20.0, 20.0, 20.0, 20.0, 20.0, 20.0, 20.0, 20.0, 20.0, 20.0, 20.0, 20.0, 20.0, 20.0, 20.0, 20.0, 20.0, 20.0, 20.0, 20.0, 20.0, 20.0, 20.0, 20.0, 20.0, 20.0, 20.0]",-0.027750352397561073,-0.03994305059313774,0.0684,0.0118,0.0475,0.0041,0.0172,-0.0071,-0.0112,-9.8041,16.2,,100.0,,,,1.5989,1.9248,2.5023,230.28,15.0,1.225,0.0207,216.04,0.0,1,0.0,0.21,0,3,10,0.7,0.198,0,0.0,0,0
1790618406.0787008,47.397970799999996,8.5461636,0.01900000125169754,-0.014837417751550674,-0.012596392072737217,0.003714171703904867,96.38,-0.0900088483325797,0.8049834825770295,0.0,96.38,20.0,20.0,-0.0,0.0,-3.0805462825349204,0.010015403367332911,14.0,0.0,0.0,"[20.0, 20.0, 20.0, 20.0, 20.0, 20.0, 20.0, 20.0, 20.0, 20.0, 20.0, 20.0, 20.0, 20.0, 20.0, 20.0, 20.0, 20.0, 20.0, 20.0, 20.0, 20.0, 20.0, 20.0, 20.0, 20.0, 20.0, 20.0, 20.0, 20.0, 20.0, 20.0, 20.0, 20.0, 20.0, 20.0, 20.0, 20.0, 20.0, 20.0, 20.0, 20.0, 20.0, 20.0, 20.0, 20.0, 20.0, 20.0, 20.0, 20.0, 20.0, 20.0, 20.0, 20.0, 20.0, 20.0, 20.0, 20.0, 20.0, 20.0, 20.0, 20.0, 20.0, 20.0, 20.0, 20.0, 20.0, 20.0, 20.0, 20.0, 20.0, 20.0]",-0.028348146006464958,-0.0381770096719265,0.0665,0.0107,-0.0264,-0.0073,-0.0231,0.0017,-0.0082,-9.8168,16.2,,100.0,,,,1.615,1.7754,2.4,227.71,15.0,1.225,0.0195,220.33,0.0,1,0.0,0.211,0,3,10,0.7,0.201,0,0.0,0,0
1790618406.2793694,47.397970799999996,8.5461636,0.012000000104308128,-0.014836737886071205,-0.01322777196764946,0.006217776332050562,96.38,-0.0900088483325797,0.8049834825770295,0.0,96.38,20.0,20.0,-0.0,0.0,-3.093778367072176,-0.003071540850450208,14.0,0.0,0.0,"[20.0, 20.0, 20.0, 20.0, 20.0, 20.0, 20.0, 20.0, 20.0, 20.0, 20.0, 20.0, 20.0, 20.0, 20.0, 20.0, 20.0, 20.0, 20.0, 20.0, 20.0, 20.0, 20.0, 20.0, 20.0, 20.0, 20.0, 20.0, 20.0, 20.0, 20.0, 20.0, 20.0, 20.0, 20.0, 20.0, 20.0, 20.0, 20.0, 20.0, 20.0, 20.0, 20.0, 20.0, 20.0, 20.0, 20.0, 20.0, 20.0, 20.0, 20.0, 20.0, 20.0, 20.0, 20.0, 20.0, 20.0, 20.0, 20.0, 20.0, 20.0, 20.0, 20.0, 20.0, 20.0, 20.0, 20.0, 20.0, 20.0, 20.0, 20.0, 20.0]",-0.02997600845992565,-0.03712673857808113,0.0692,0.0097,-0.0944,0.0394,0.0056,0.0001,-0.0036,-9.8125,16.2,,100.0,,,,1.6379,1.8898,2.5008,229.09,15.0,1.225,0.0199,221.72,0.0,1,0.0,0.213,0,3,10,0.7,0.206,0,0.0,0,0
1790618406.4795465,47.397970799999996,8.5461636,0.00800000037997961,-0.014022039249539375,-0.014387272298336029,0.0069427224807441235,96.38,-0.0900088483325797,0.8049834825770295,0.0,96.38,20.0,20.0,-0.0,0.0,-2.9641169107037713,-0.0018894870616365626,14.0,0.0,0.0,"[20.0, 20.0, 20.0, 20.0, 20.0, 20.0, 20.0, 20.0, 20.0, 20.0, 20.0, 20.0, 20.0, 20.0, 20.0, 20.0, 20.0, 20.0, 20.0, 20.0, 20.0, 20.0, 20.0, 20.0, 20.0, 20.0, 20.0, 20.0, 20.0, 20.0, 20.0, 20.0, 20.0, 20.0, 20.0, 20.0, 20.0, 20.0, 20.0, 20.0, 20.0, 20.0, 20.0, 20.0, 20.0, 20.0, 20.0, 20.0, 20.0, 20.0, 20.0, 20.0, 20.0, 20.0, 20.0, 20.0, 20.0, 20.0, 20.0, 20.0, 20.0, 20.0, 20.0, 20.0, 20.0, 20.0, 20.0, 20.0, 20.0, 20.0, 20.0, 20.0]",-0.03309064358472824,-0.034481607377529144,0.0681,0.0143,-0.0081,-0.0116,0.0158,-0.0033,-0.0026,-9.8005,16.2,,100.0,,,,1.6129,1.9537,2.5335,230.46,15.0,1.225,0.0201,225.74,0.0,1,0.0,0.217,0,3,10,0.7,0.213,0,0.0,0,0
1790618406.679913,47.3979709,8.5461635,0.007000000216066837,-0.01112612895667553,-0.01553101185709238,0.0070083229802548885,96.38,-0.0900088483325797,0.8049834825770295,0.0,96.38,20.0,20.0,-0.0,0.0,-2.439908664587759,0.00047380548865776084,14.0,0.0,0.0,"[20.0, 20.0, 20.0, 20.0, 20.0, 20.0, 20.0, 20.0, 20.0, 20.0, 20.0, 20.0, 20.0, 20.0, 20.0, 20.0, 20.0, 20.0, 20.0, 20.0, 20.0, 20.0, 20.0, 20.0, 20.0, 20.0, 20.0, 20.0, 20.0, 20.0, 20.0, 20.0, 20.0, 20.0, 20.0, 20.0, 20.0, 20.0, 20.0, 20.0, 20.0, 20.0, 20.0, 20.0, 20.0, 20.0, 20.0, 20.0, 20.0, 20.0, 20.0, 20.0, 20.0, 20.0, 20.0, 20.0, 20.0, 20.0, 20.0, 20.0, 20.0, 20.0, 20.0, 20.0, 20.0, 20.0, 20.0, 20.0, 20.0, 20.0, 20.0, 20.0]",-0.03610372915863991,-0.030047325417399406,0.0607,0.0187,-0.0099,0.0644,-0.02,0.0029,-0.0093,-9.8046,16.2,,100.0,,,,1.6604,2.006,2.604,230.39,15.0,1.225,0.0191,234.38,0.0,1,0.0,0.223,0,3,10,0.7,0.129,0,0.0,0,0
1790618406.8808773,47.3979709,8.5461635,0.005000000353902578,-0.006630787160247564,-0.014636382460594177,0.007178927306085825,96.37,-0.08986835084042857,0.8049991798239435,0.0,96.37,20.0,20.0,-0.0,0.0,-1.568316133037181,0.003972165922129421,14.0,0.0,0.0,"[20.0, 20.0, 20.0, 20.0, 20.0, 20.0, 20.0, 20.0, 20.0, 20.0, 20.0, 20.0, 20.0, 20.0, 20.0, 20.0, 20.0, 20.0, 20.0, 20.0, 20.0, 20.0, 20.0, 20.0, 20.0, 20.0, 20.0, 20.0, 20.0, 20.0, 20.0, 20.0, 20.0, 20.0, 20.0, 20.0, 20.0, 20.0, 20.0, 20.0, 20.0, 20.0, 20.0, 20.0, 20.0, 20.0, 20.0, 20.0, 20.0, 20.0, 20.0, 20.0, 20.0, 20.0, 20.0, 20.0, 20.0, 20.0, 20.0, 20.0, 20.0, 20.0, 20.0, 20.0, 20.0, 20.0, 20.0, 20.0, 20.0, 20.0, 20.0, 20.0]",-0.03717099875211716,-0.024031387642025948,0.0481,0.0178,-0.0772,0.0374,0.0233,0.0002,-0.0045,-9.8106,16.2,,100.0,,,,1.6155,2.0053,2.5751,231.15,15.0,1.225,0.0161,245.63,0.0,1,0.0,0.229,0,3,10,0.7,0.16,0,0.0,0,0
1790618407.0820768,47.3979709,8.5461635,0.003000000026077032,-0.0051990170031785965,-0.012816845439374447,0.006878476124256849,96.36,-0.08972785061073094,0.8050148525491803,0.0,96.36000000000001,20.0,20.0,0.0,0.0,-1.2577854395988806,0.007116088416799663,14.0,0.0,0.0,"[20.0, 20.0, 20.0, 20.0, 20.0, 20.0, 20.0, 20.0, 20.0, 20.0, 20.0, 20.0, 20.0, 20.0, 20.0, 20.0, 20.0, 20.0, 20.0, 20.0, 20.0, 20.0, 20.0, 20.0, 20.0, 20.0, 20.0, 20.0, 20.0, 20.0, 20.0, 20.0, 20.0, 20.0, 20.0, 20.0, 20.0, 20.0, 20.0, 20.0, 20.0, 20.0, 20.0, 20.0, 20.0, 20.0, 20.0, 20.0, 20.0, 20.0, 20.0, 20.0, 20.0, 20.0, 20.0, 20.0, 20.0, 20.0, 20.0, 20.0, 20.0, 20.0, 20.0, 20.0, 20.0, 20.0, 20.0, 20.0, 20.0, 20.0, 20.0, 20.0]",-0.03662276640534401,-0.020524198189377785,0.0457,0.0113,-0.0219,0.0438,0.0204,-0.0027,-0.0063,-9.8071,16.2,,100.0,,,,1.6711,1.997,2.604,230.08,15.0,1.225,0.0138,247.92,0.0,1,0.0,0.232,0,3,10,0.7,0.169,0,0.0,0,0
1790618407.2819846,47.397971,8.5461635,0.0,-0.0036203900817781687,-0.00939744058996439,0.0070886155590415,96.36,-0.08972785061073094,0.8050148525491803,0.0,96.36000000000001,20.0,20.0,0.0,0.0,-0.8859343299420223,0.008904025409700892,14.0,0.0,0.0,"[20.0, 20.0, 20.0, 20.0, 20.0, 20.0, 20.0, 20.0, 20.0, 20.0, 20.0, 20.0, 20.0, 20.0, 20.0, 20.0, 20.0, 20.0, 20.0, 20.0, 20.0, 20.0, 20.0, 20.0, 20.0, 20.0, 20.0, 20.0, 20.0, 20.0, 20.0, 20.0, 20.0, 20.0, 20.0, 20.0, 20.0, 20.0, 20.0, 20.0, 20.0, 20.0, 20.0, 20.0, 20.0, 20.0, 20.0, 20.0, 20.0, 20.0, 20.0, 20.0, 20.0, 20.0, 20.0, 20.0, 20.0, 20.0, 20.0, 20.0, 20.0, 20.0, 20.0, 20.0, 20.0, 20.0, 20.0, 20.0, 20.0, 20.0, 20.0, 20.0]",-0.03419344499707222,-0.017737247049808502,0.0429,0.0026,0.0245,0.0273,-0.005,0.0039,-0.0102,-9.8018,16.2,,100.0,,,,1.6604,1.996,2.5964,230.24,15.0,1.225,0.0101,248.93,0.0,1,0.0,0.236,0,3,10,0.7,0.208,0,0.0,0,0
1790618407.482301,47.397971,8.5461636,-0.0010000000474974513,-0.001533017260953784,-0.0068900189362466335,0.0071350205689668655,96.35000000000001,-0.08958734764776666,0.8050305007522623,0.0,96.35000000000002,20.0,20.0,0.0,0.0,-0.43652035834496555,0.005585221616565885,14.0,0.0,0.0,"[20.0, 20.0, 20.0, 20.0, 20.0, 20.0, 20.0, 20.0, 20.0, 20.0, 20.0, 20.0, 20.0, 20.0, 20.0, 20.0, 20.0, 20.0, 20.0, 20.0, 20.0, 20.0, 20.0, 20.0, 20.0, 20.0, 20.0, 20.0, 20.0, 20.0, 20.0, 20.0, 20.0, 20.0, 20.0, 20.0, 20.0, 20.0, 20.0, 20.0, 20.0, 20.0, 20.0, 20.0, 20.0, 20.0, 20.0, 20.0, 20.0, 20.0, 20.0, 20.0, 20.0, 20.0, 20.0, 20.0, 20.0, 20.0, 20.0, 20.0, 20.0, 20.0, 20.0, 20.0, 20.0, 20.0, 20.0, 20.0, 20.0, 20.0, 20.0, 20.0]",-0.031442973762750626,-0.014431453309953213,0.0389,-0.0013,-0.0099,-0.0195,-0.0266,-0.0016,-0.0087,-9.8005,16.2,,100.0,,,,1.7221,1.9251,2.583,228.19,15.0,1.225,0.0071,257.46,0.0,1,0.0,0.24,0,3,10,0.7,0.207,0,0.0,0,0
1790618407.6831079,47.397971,8.5461636,-0.003000000026077032,-0.0008997464901767671,-0.006360661704093218,0.007481566164642572,96.35000000000001,-0.08958734764776666,0.8050305007522623,0.0,96.35000000000002,20.0,20.0,0.0,0.0,-0.30514033181749284,0.004145077389123998,14.0,0.0,0.0,"[20.0, 20.0, 20.0, 20.0, 20.0, 20.0, 20.0, 20.0, 20.0, 20.0, 20.0, 20.0, 20.0, 20.0, 20.0, 20.0, 20.0, 20.0, 20.0, 20.0, 20.0, 20.0, 20.0, 20.0, 20.0, 20.0, 20.0, 20.0, 20.0, 20.0, 20.0, 20.0, 20.0, 20.0, 20.0, 20.0, 20.0, 20.0, 20.0, 20.0, 20.0, 20.0, 20.0, 20.0, 20.0, 20.0, 20.0, 20.0, 20.0, 20.0, 20.0, 20.0, 20.0, 20.0, 20.0, 20.0, 20.0, 20.0, 20.0, 20.0, 20.0, 20.0, 20.0, 20.0, 20.0, 20.0, 20.0, 20.0, 20.0, 20.0, 20.0, 20.0]",-0.030425678938627243,-0.01281182561069727,0.0386,-0.0013,-0.059,0.038,0.0428,0.0035,-0.0129,-9.8026,16.2,,100.0,,,,1.6583,2.0445,2.6324,230.95,15.0,1.225,0.0064,261.95,0.0,1,0.0,0.242,0,3,10,0.7,0.264,0,0.0,0,0
1790618407.882873,47.397971,8.5461636,-0.004000000189989805,-0.001793857547454536,-0.005498080048710108,0.007960678078234196,96.35000000000001,-0.08958734764776666,0.8050305007522623,0.0,96.35000000000002,20.0,20.0,0.0,0.0,-0.456627897583812,0.005129223493688242,14.0,0.0,0.0,"[20.0, 20.0, 20.0, 20.0, 20.0, 20.0, 20.0, 20.0, 20.0, 20.0, 20.0, 20.0, 20.0, 20.0, 20.0, 20.0, 20.0, 20.0, 20.0, 20.0, 20.0, 20.0, 20.0, 20.0, 20.0, 20.0, 20.0, 20.0, 20.0, 20.0, 20.0, 20.0, 20.0, 20.0, 20.0, 20.0, 20.0, 20.0, 20.0, 20.0, 20.0, 20.0, 20.0, 20.0, 20.0, 20.0, 20.0, 20.0, 20.0, 20.0, 20.0, 20.0, 20.0, 20.0, 20.0, 20.0, 20.0, 20.0, 20.0, 20.0, 20.0, 20.0, 20.0, 20.0, 20.0, 20.0, 20.0, 20.0, 20.0, 20.0, 20.0, 20.0]",-0.029626959934830666,-0.012944681569933891,0.0419,-0.0037,-0.0118,-0.042,0.0098,-0.0005,-0.0141,-9.8069,16.2,,100.0,,,,1.6814,1.9758,2.5944,229.6,15.0,1.225,0.0058,251.93,0.0,1,0.0,0.243,0,3,10,0.7,0.282,0,0.0,0,0
1790618408.0840306,47.397971,8.5461637,-0.003000000026077032,-0.0017396617913618684,-0.002459370531141758,0.007553073577582836,96.35000000000001,-0.08958734764776666,0.8050305007522623,0.0,96.35000000000002,20.0,20.0,0.0,0.0,-0.38215701378019085,0.0028124247107509156,14.0,0.0,0.0,"[20.0, 20.0, 20.0, 20.0, 20.0, 20.0, 20.0, 20.0, 20.0, 20.0, 20.0, 20.0, 20.0, 20.0, 20.0, 20.0, 20.0, 20.0, 20.0, 20.0, 20.0, 20.0, 20.0, 20.0, 20.0, 20.0, 20.0, 20.0, 20.0, 20.0, 20.0, 20.0, 20.0, 20.0, 20.0, 20.0, 20.0, 20.0, 20.0, 20.0, 20.0, 20.0, 20.0, 20.0, 20.0, 20.0, 20.0, 20.0, 20.0, 20.0, 20.0, 20.0, 20.0, 20.0, 20.0, 20.0, 20.0, 20.0, 20.0, 20.0, 20.0, 20.0, 20.0, 20.0, 20.0, 20.0, 20.0, 20.0, 20.0, 20.0, 20.0, 20.0]",-0.026186347007751465,-0.012069170363247395,0.0419,-0.0092,-0.0307,0.0238,-0.0137,-0.0062,-0.0071,-9.8003,16.2,,100.0,,,,1.7567,1.9677,2.6378,228.24,15.0,1.225,0.003,234.73,0.0,1,0.0,0.247,0,3,10,0.7,0.301,0,0.0,0,0
1790618408.2848687,47.397971,8.5461638,0.0010000000474974513,9.509467054158449e-05,0.0036294159945100546,0.005794063676148653,96.35000000000001,-0.08958734764776666,0.8050305007522623,0.0,96.35000000000002,20.0,20.0,0.0,0.0,0.09471569951221787,-0.0035509821638185285,14.0,0.0,0.0,"[20.0, 20.0, 20.0, 20.0, 20.0, 20.0, 20.0, 20.0, 20.0, 20.0, 20.0, 20.0, 20.0, 20.0, 20.0, 20.0, 20.0, 20.0, 20.0, 20.0, 20.0, 20.0, 20.0, 20.0, 20.0, 20.0, 20.0, 20.0, 20.0, 20.0, 20.0, 20.0, 20.0, 20.0, 20.0, 20.0, 20.0, 20.0, 20.0, 20.0, 20.0, 20.0, 20.0, 20.0, 20.0, 20.0, 20.0, 20.0, 20.0, 20.0, 20.0, 20.0, 20.0, 20.0, 20.0, 20.0, 20.0, 20.0, 20.0, 20.0, 20.0, 20.0, 20.0, 20.0, 20.0, 20.0, 20.0, 20.0, 20.0, 20.0, 20.0, 20.0]",-0.01804054155945778,-0.010109519585967064,0.0327,-0.0256,-0.006,-0.013,-0.0099,-0.0051,0.0004,-9.8029,16.2,,100.0,,,,1.7758,1.7889,2.5207,225.21,15.0,1.225,0.0036,88.5,0.0,1,0.0,0.255,0,3,10,0.7,0.275,0,0.0,0,0
1790618408.4857414,47.3979711,8.5461639,0.006000000052154064,0.0025572380982339382,0.010444114916026592,0.0044538285583257675,96.35000000000001,-0.08958734764776666,0.8050305007522623,0.0,96.35000000000002,20.0,20.0,0.0,0.0,0.7059791861426596,-0.010731779790721575,14.0,0.0,0.0,"[20.0, 20.0, 20.0, 20.0, 20.0, 20.0, 20.0, 20.0, 20.0, 20.0, 20.0, 20.0, 20.0, 20.0, 20.0, 20.0, 20.0, 20.0, 20.0, 20.0, 20.0, 20.0, 20.0, 20.0, 20.0, 20.0, 20.0, 20.0, 20.0, 20.0, 20.0, 20.0, 20.0, 20.0, 20.0, 20.0, 20.0, 20.0, 20.0, 20.0, 20.0, 20.0, 20.0, 20.0, 20.0, 20.0, 20.0, 20.0, 20.0, 20.0, 20.0, 20.0, 20.0, 20.0, 20.0, 20.0, 20.0, 20.0, 20.0, 20.0, 20.0, 20.0, 20.0, 20.0, 20.0, 20.0, 20.0, 20.0, 20.0, 20.0, 20.0, 20.0]",-0.00805608555674553,-0.006994613446295261,0.0212,-0.0394,0.0454,0.0462,-0.0022,-0.0036,-0.0114,-9.8152,16.2,,100.0,,,,1.6096,1.7176,2.3539,226.86,15.0,1.225,0.0108,76.24,0.0,1,0.0,0.266,0,3,10,0.7,0.264,0,0.0,0,0
1790618408.6868865,47.3979711,8.546164,0.009000000543892384,0.0043323147110641,0.015686776489019394,0.00368288136087358,96.35000000000001,-0.08958734764776666,0.8050305007522623,0.0,96.35000000000002,20.0,20.0,0.0,0.0,1.1535364142472742,-0.01626739818351142,14.0,0.0,0.0,"[20.0, 20.0, 20.0, 20.0, 20.0, 20.0, 20.0, 20.0, 20.0, 20.0, 20.0, 20.0, 20.0, 20.0, 20.0, 20.0, 20.0, 20.0, 20.0, 20.0, 20.0, 20.0, 20.0, 20.0, 20.0, 20.0, 20.0, 20.0, 20.0, 20.0, 20.0, 20.0, 20.0, 20.0, 20.0, 20.0, 20.0, 20.0, 20.0, 20.0, 20.0, 20.0, 20.0, 20.0, 20.0, 20.0, 20.0, 20.0, 20.0, 20.0, 20.0, 20.0, 20.0, 20.0, 20.0, 20.0, 20.0, 20.0, 20.0, 20.0, 20.0, 20.0, 20.0, 20.0, 20.0, 20.0, 20.0, 20.0, 20.0, 20.0, 20.0, 20.0]",0.0003067398793064058,-0.004426009487360716,0.015,-0.0492,-0.0842,-0.0056,-0.0174,-0.0061,-0.0056,-9.8063,16.2,,100.0,,,,1.6266,1.5794,2.2673,224.16,15.0,1.225,0.0163,74.56,0.0,1,0.0,0.274,0,3,10,0.7,0.211,0,0.0,0,0
1790618408.8879247,47.3979711,8.5461641,0.010000000707805157,0.005243252031505108,0.018231146037578583,0.003696111496537924,96.35000000000001,-0.08958734764776666,0.8050305007522623,0.0,96.35000000000002,20.0,20.0,0.0,0.0,1.380079811771743,-0.018940136131080677,14.0,0.0,0.0,"[20.0, 20.0, 20.0, 20.0, 20.0, 20.0, 20.0, 20.0, 20.0, 20.0, 20.0, 20.0, 20.0, 20.0, 20.0, 20.0, 20.0, 20.0, 20.0, 20.0, 20.0, 20.0, 20.0, 20.0, 20.0, 20.0, 20.0, 20.0, 20.0, 20.0, 20.0, 20.0, 20.0, 20.0, 20.0, 20.0, 20.0, 20.0, 20.0, 20.0, 20.0, 20.0, 20.0, 20.0, 20.0, 20.0, 20.0, 20.0, 20.0, 20.0, 20.0, 20.0, 20.0, 20.0, 20.0, 20.0, 20.0, 20.0, 20.0, 20.0, 20.0, 20.0, 20.0, 20.0, 20.0, 20.0, 20.0, 20.0, 20.0, 20.0, 20.0, 20.0]",0.005339504685252905,-0.0026666850317269564,0.0184,-0.05,0.0063,0.0022,0.0279,-0.0016,-0.0122,-9.8059,16.2,,100.0,,,,1.5691,1.6575,2.2824,226.57,15.0,1.225,0.019,73.95,0.0,1,0.0,0.28,0,3,10,0.7,0.208,0,0.0,0,0
1790618409.088858,47.3979711,8.5461641,0.010000000707805157,0.0052994838915765285,0.019696354866027832,0.0038495692424476147,96.35000000000001,-0.08958734764776666,0.8050305007522623,0.0,96.35000000000002,20.0,20.0,0.0,0.0,1.4216786738247147,-0.020274492491644494,14.0,0.0,0.0,"[20.0, 20.0, 20.0, 20.0, 20.0, 20.0, 20.0, 20.0, 20.0, 20.0, 20.0, 20.0, 20.0, 20.0, 20.0, 20.0, 20.0, 20.0, 20.0, 20.0, 20.0, 20.0, 20.0, 20.0, 20.0, 20.0, 20.0, 20.0, 20.0, 20.0, 20.0, 20.0, 20.0, 20.0, 20.0, 20.0, 20.0, 20.0, 20.0, 20.0, 20.0, 20.0, 20.0, 20.0, 20.0, 20.0, 20.0, 20.0, 20.0, 20.0, 20.0, 20.0, 20.0, 20.0, 20.0, 20.0, 20.0, 20.0, 20.0, 20.0, 20.0, 20.0, 20.0, 20.0, 20.0, 20.0, 20.0, 20.0, 20.0, 20.0, 20.0, 20.0]",0.008785976096987724,-0.0021343319676816463,0.0196,-0.0466,0.0103,-0.0126,0.0188,0.005,-0.0061,-9.8074,16.2,,100.0,,,,1.5428,1.7692,2.3474,228.91,15.0,1.225,0.0204,74.94,0.0,1,0.0,0.283,0,3,10,0.7,0.21,0,0.0,0,0
1790618409.289413,47.3979711,8.5461641,0.012000000104308128,0.004299493972212076,0.019043542444705963,0.003057238645851612,96.35000000000001,-0.08958734764776666,0.8050305007522623,0.0,96.35000000000002,20.0,20.0,0.0,0.0,1.2181850452872587,-0.012522906774808521,14.0,0.0,0.0,"[20.0, 20.0, 20.0, 20.0, 20.0, 20.0, 20.0, 20.0, 20.0, 20.0, 20.0, 20.0, 20.0, 20.0, 20.0, 20.0, 20.0, 20.0, 20.0, 20.0, 20.0, 20.0, 20.0, 20.0, 20.0, 20.0, 20.0, 20.0, 20.0, 20.0, 20.0, 20.0, 20.0, 20.0, 20.0, 20.0, 20.0, 20.0, 20.0, 20.0, 20.0, 20.0, 20.0, 20.0, 20.0, 20.0, 20.0, 20.0, 20.0, 20.0, 20.0, 20.0, 20.0, 20.0, 20.0, 20.0, 20.0, 20.0, 20.0, 20.0, 20.0, 20.0, 20.0, 20.0, 20.0, 20.0, 20.0, 20.0, 20.0, 20.0, 20.0, 20.0]",0.010130302980542183,-0.0031613162718713284,0.0268,-0.044,0.0696,-0.0437,-0.057,-0.0058,-0.0006,-9.7971,16.2,,100.0,,,,1.5492,1.8566,2.4181,230.16,15.0,1.225,0.0195,77.28,0.0,1,0.0,0.285,0,3,10,0.7,0.225,0,0.0,0,0
1790618409.4897885,47.3979711,8.5461641,0.017000000923871994,0.0034616284538060427,0.016387276351451874,0.0007743226597085595,96.35000000000001,-0.08958734764776666,0.8050305007522623,0.0,96.35000000000002,20.0,20.0,0.0,0.0,1.0031180909712882,0.015889212460943266,14.0,0.0,0.0,"[20.0, 20.0, 20.0, 20.0, 20.0, 20.0, 20.0, 20.0, 20.0, 20.0, 20.0, 20.0, 20.0, 20.0, 20.0, 20.0, 20.0, 20.0, 20.0, 20.0, 20.0, 20.0, 20.0, 20.0, 20.0, 20.0, 20.0, 20.0, 20.0, 20.0, 20.0, 20.0, 20.0, 20.0, 20.0, 20.0, 20.0, 20.0, 20.0, 20.0, 20.0, 20.0, 20.0, 20.0, 20.0, 20.0, 20.0, 20.0, 20.0, 20.0, 20.0, 20.0, 20.0, 20.0, 20.0, 20.0, 20.0, 20.0, 20.0, 20.0, 20.0, 20.0, 20.0, 20.0, 20.0, 20.0, 20.0, 20.0, 20.0, 20.0, 20.0, 20.0]",0.008226186037063599,-0.004276880994439125,0.0311,-0.0376,0.0115,0.0327,-0.0406,-0.0081,-0.0024,-9.8098,16.2,,100.0,,,,1.4174,1.6587,2.1818,229.49,15.0,1.225,0.0167,78.07,0.0,1,0.0,0.287,0,3,10,0.7,0.211,0,0.0,0,0
1790618409.6901112,47.3979711,8.546164,0.02200000174343586,0.0037590486463159323,0.012131741270422935,-0.0016370308585464954,96.34,-0.08944684195581534,0.8050461244327132,0.0,96.34000000000003,20.0,20.0,-0.0,0.0,0.9693034138769118,0.011374993628910859,14.0,0.0,0.0,"[20.0, 20.0, 20.0, 20.0, 20.0, 20.0, 20.0, 20.0, 20.0, 20.0, 20.0, 20.0, 20.0, 20.0, 20.0, 20.0, 20.0, 20.0, 20.0, 20.0, 20.0, 20.0, 20.0, 20.0, 20.0, 20.0, 20.0, 20.0, 20.0, 20.0, 20.0, 20.0, 20.0, 20.0, 20.0, 20.0, 20.0, 20.0, 20.0, 20.0, 20.0, 20.0, 20.0, 20.0, 20.0, 20.0, 20.0, 20.0, 20.0, 20.0, 20.0, 20.0, 20.0, 20.0, 20.0, 20.0, 20.0, 20.0, 20.0, 20.0, 20.0, 20.0, 20.0, 20.0, 20.0, 20.0, 20.0, 20.0, 20.0, 20.0, 20.0, 20.0]",0.0038641681894659996,-0.0035706362687051296,0.0298,-0.0256,-0.0059,0.0333,-0.0148,0.0012,-0.0012,-9.8059,16.2,,100.0,,,,1.3546,1.7203,2.1896,231.78,15.0,1.225,0.0127,72.78,0.0,1,0.0,0.291,0,3,10,0.7,0.211,0,0.0,0,0
1790618409.8912187,47.3979711,8.546164,0.026000000536441803,0.0032026893459260464,0.007778498809784651,-0.003475859295576811,96.33,-0.0893063335391574,0.8050617235900567,0.0,96.32999999999998,20.0,20.0,0.0,0.0,0.7716854720295883,0.00802033847663105,14.0,0.0,0.0,"[20.0, 20.0, 20.0, 20.0, 20.0, 20.0, 20.0, 20.0, 20.0, 20.0, 20.0, 20.0, 20.0, 20.0, 20.0, 20.0, 20.0, 20.0, 20.0, 20.0, 20.0, 20.0, 20.0, 20.0, 20.0, 20.0, 20.0, 20.0, 20.0, 20.0, 20.0, 20.0, 20.0, 20.0, 20.0, 20.0, 20.0, 20.0, 20.0, 20.0, 20.0, 20.0, 20.0, 20.0, 20.0, 20.0, 20.0, 20.0, 20.0, 20.0, 20.0, 20.0, 20.0, 20.0, 20.0, 20.0, 20.0, 20.0, 20.0, 20.0, 20.0, 20.0, 20.0, 20.0, 20.0, 20.0, 20.0, 20.0, 20.0, 20.0, 20.0, 20.0]",-0.0015930680092424154,-0.004031330347061157,0.0307,-0.0145,0.0208,-0.02,0.0628,-0.0014,-0.0012,-9.8092,16.2,,100.0,,,,1.0564,1.6362,1.9476,237.15,15.0,1.225,0.0084,67.62,0.0,1,0.0,0.297,0,3,10,0.7,0.183,0,0.0,0,0
1790618410.0920472,47.3979711,8.5461639,0.026000000536441803,0.0026039197109639645,0.005060344934463501,-0.003409706987440586,96.33,-0.0893063335391574,0.8050617235900567,0.0,96.32999999999998,20.0,20.0,0.0,0.0,0.6008142818561447,0.0055280536753707045,14.0,0.0,0.0,"[20.0, 20.0, 20.0, 20.0, 20.0, 20.0, 20.0, 20.0, 20.0, 20.0, 20.0, 20.0, 20.0, 20.0, 20.0, 20.0, 20.0, 20.0, 20.0, 20.0, 20.0, 20.0, 20.0, 20.0, 20.0, 20.0, 20.0, 20.0, 20.0, 20.0, 20.0, 20.0, 20.0, 20.0, 20.0, 20.0, 20.0, 20.0, 20.0, 20.0, 20.0, 20.0, 20.0, 20.0, 20.0, 20.0, 20.0, 20.0, 20.0, 20.0, 20.0, 20.0, 20.0, 20.0, 20.0, 20.0, 20.0, 20.0, 20.0, 20.0, 20.0, 20.0, 20.0, 20.0, 20.0, 20.0, 20.0, 20.0, 20.0, 20.0, 20.0, 20.0]",-0.00625951262190938,-0.0051503791473805904,0.0328,-0.0121,0.0071,-0.0013,0.0382,-0.0038,-0.0046,-9.8106,16.2,,100.0,,,,0.9253,1.6178,1.8638,240.23,15.0,1.225,0.0057,62.77,0.0,1,0.0,0.302,0,3,10,0.7,0.212,0,0.0,0,0
1790618410.2919745,47.397971,8.5461639,0.024000000208616257,0.0005375785985961556,0.004112975671887398,-0.0031935935840010643,96.34,-0.08944684195581534,0.8050461244327132,0.0,96.34000000000003,20.0,20.0,0.0,0.0,0.18878496144642729,0.0030901758431703015,14.0,0.0,0.0,"[20.0, 20.0, 20.0, 20.0, 20.0, 20.0, 20.0, 20.0, 20.0, 20.0, 20.0, 20.0, 20.0, 20.0, 20.0, 20.0, 20.0, 20.0, 20.0, 20.0, 20.0, 20.0, 20.0, 20.0, 20.0, 20.0, 20.0, 20.0, 20.0, 20.0, 20.0, 20.0, 20.0, 20.0, 20.0, 20.0, 20.0, 20.0, 20.0, 20.0, 20.0, 20.0, 20.0, 20.0, 20.0, 20.0, 20.0, 20.0, 20.0, 20.0, 20.0, 20.0, 20.0, 20.0, 20.0, 20.0, 20.0, 20.0, 20.0, 20.0, 20.0, 20.0, 20.0, 20.0, 20.0, 20.0, 20.0, 20.0, 20.0, 20.0, 20.0, 20.0]",-0.008677449077367783,-0.007960351184010506,0.0357,-0.0143,-0.0179,0.0393,0.0417,0.0003,-0.0072,-9.7985,16.2,,100.0,,,,0.8955,1.6925,1.9148,242.12,15.0,1.225,0.0041,82.55,0.0,1,0.0,0.305,0,3,10,0.7,0.257,0,0.0,0,0
1790618410.4921765,47.397971,8.5461639,0.02500000037252903,-0.0025828666985034943,0.004405047744512558,-0.0031935942824929953,96.35000000000001,-0.08958734764776666,0.8050305007522623,0.0,96.35000000000002,20.0,20.0,0.0,0.0,-0.3972089896672046,-0.0019652305323917497,14.0,0.0,0.0,"[20.0, 20.0, 20.0, 20.0, 20.0, 20.0, 20.0, 20.0, 20.0, 20.0, 20.0, 20.0, 20.0, 20.0, 20.0, 20.0, 20.0, 20.0, 20.0, 20.0, 20.0, 20.0, 20.0, 20.0, 20.0, 20.0, 20.0, 20.0, 20.0, 20.0, 20.0, 20.0, 20.0, 20.0, 20.0, 20.0, 20.0, 20.0, 20.0, 20.0, 20.0, 20.0, 20.0, 20.0, 20.0, 20.0, 20.0, 20.0, 20.0, 20.0, 20.0, 20.0, 20.0, 20.0, 20.0, 20.0, 20.0, 20.0, 20.0, 20.0, 20.0, 20.0, 20.0, 20.0, 20.0, 20.0, 20.0, 20.0, 20.0, 20.0, 20.0, 20.0]",-0.009379304014146328,-0.01311732642352581,0.0409,-0.0186,0.048,0.0589,-0.0469,-0.0026,0.0005,-9.8014,16.2,,100.0,,,,0.8368,1.5565,1.7672,241.74,15.0,1.225,0.0051,120.38,0.0,1,0.0,0.311,0,3,10,0.7,0.232,0,0.0,0,0
1790618410.6927698,47.3979709,8.5461639,0.026000000536441803,-0.006137318909168243,0.004560314118862152,-0.0029724817723035812,96.36,-0.08972785061073094,0.8050148525491803,0.0,96.36000000000001,20.0,20.0,0.0,0.0,-1.068323556497946,-0.00594451098974206,14.0,0.0,0.0,"[20.0, 20.0, 20.0, 20.0, 20.0, 20.0, 20.0, 20.0, 20.0, 20.0, 20.0, 20.0, 20.0, 20.0, 20.0, 20.0, 20.0, 20.0, 20.0, 20.0, 20.0, 20.0, 20.0, 20.0, 20.0, 20.0, 20.0, 20.0, 20.0, 20.0, 20.0, 20.0, 20.0, 20.0, 20.0, 20.0, 20.0, 20.0, 20.0, 20.0, 20.0, 20.0, 20.0, 20.0, 20.0, 20.0, 20.0, 20.0, 20.0, 20.0, 20.0, 20.0, 20.0, 20.0, 20.0, 20.0, 20.0, 20.0, 20.0, 20.0, 20.0, 20.0, 20.0, 20.0, 20.0, 20.0, 20.0, 20.0, 20.0, 20.0, 20.0, 20.0]",-0.00966184027493,-0.019979165866971016,0.0475,-0.0201,-0.0728,-0.0015,0.0736,0.0032,-0.0084,-9.8079,16.2,,100.0,,,,0.9809,1.5239,1.8122,237.23,15.0,1.225,0.0076,143.39,0.0,1,0.0,0.318,0,3,10,0.7,0.176,0,0.0,0,0
1790618410.893874,47.3979709,8.5461638,0.026000000536441803,-0.00841933861374855,0.0029383674263954163,-0.002885173773393035,96.37,-0.08986835084042857,0.8049991798239435,0.0,96.37,20.0,20.0,0.0,0.0,-1.5354172920197167,-0.006821270071052614,14.0,0.0,0.0,"[20.0, 20.0, 20.0, 20.0, 20.0, 20.0, 20.0, 20.0, 20.0, 20.0, 20.0, 20.0, 20.0, 20.0, 20.0, 20.0, 20.0, 20.0, 20.0, 20.0, 20.0, 20.0, 20.0, 20.0, 20.0, 20.0, 20.0, 20.0, 20.0, 20.0, 20.0, 20.0, 20.0, 20.0, 20.0, 20.0, 20.0, 20.0, 20.0, 20.0, 20.0, 20.0, 20.0, 20.0, 20.0, 20.0, 20.0, 20.0, 20.0, 20.0, 20.0, 20.0, 20.0, 20.0, 20.0, 20.0, 20.0, 20.0, 20.0, 20.0, 20.0, 20.0, 20.0, 20.0, 20.0, 20.0, 20.0, 20.0, 20.0, 20.0, 20.0, 20.0]",-0.011880253441631794,-0.025801118463277817,0.0511,-0.0146,0.0257,0.0599,0.0291,-0.0024,-0.0047,-9.8038,16.2,,100.0,,,,1.0606,1.5348,1.8657,235.35,15.0,1.225,0.0089,160.76,0.0,1,0.0,0.324,0,3,10,0.7,0.188,0,0.0,0,0
1790618411.0939991,47.3979709,8.5461638,0.02500000037252903,-0.00740273529663682,0.001229587011039257,-0.001998677384108305,96.36,-0.08972785061073094,0.8050148525491803,0.0,96.36000000000001,20.0,20.0,0.0,0.0,-1.3788369634376922,-0.0007581101016920241,14.0,0.0,0.0,"[20.0, 20.0, 20.0, 20.0, 20.0, 20.0, 20.0, 20.0, 20.0, 20.0, 20.0, 20.0, 20.0, 20.0, 20.0, 20.0, 20.0, 20.0, 20.0, 20.0, 20.0, 20.0, 20.0, 20.0, 20.0, 20.0, 20.0, 20.0, 20.0, 20.0, 20.0, 20.0, 20.0, 20.0, 20.0, 20.0, 20.0, 20.0, 20.0, 20.0, 20.0, 20.0, 20.0, 20.0, 20.0, 20.0, 20.0, 20.0, 20.0, 20.0, 20.0, 20.0, 20.0, 20.0, 20.0, 20.0, 20.0, 20.0, 20.0, 20.0, 20.0, 20.0, 20.0, 20.0, 20.0, 20.0, 20.0, 20.0, 20.0, 20.0, 20.0, 20.0]",-0.014700540341436863,-0.026568900793790817,0.0463,-0.0096,-0.0338,0.0151,0.0513,-0.0029,-0.0046,-9.8063,16.2,,100.0,,,,1.1951,1.4796,1.902,231.07,15.0,1.225,0.0075,170.57,0.0,1,0.0,0.327,0,3,10,0.7,0.223,0,0.0,0,0
1790618411.2947009,47.3979709,8.5461637,0.023000001907348633,-0.004322044551372528,-0.0013955101603642106,-0.0017752868589013815,96.35000000000001,-0.08958734764776666,0.8050305007522623,0.0,96.35000000000002,20.0,20.0,-0.0,0.0,-0.8498009661019438,0.0014266056401776746,14.0,0.0,0.0,"[20.0, 20.0, 20.0, 20.0, 20.0, 20.0, 20.0, 20.0, 20.0, 20.0, 20.0, 20.0, 20.0, 20.0, 20.0, 20.0, 20.0, 20.0, 20.0, 20.0, 20.0, 20.0, 20.0, 20.0, 20.0, 20.0, 20.0, 20.0, 20.0, 20.0, 20.0, 20.0, 20.0, 20.0, 20.0, 20.0, 20.0, 20.0, 20.0, 20.0, 20.0, 20.0, 20.0, 20.0, 20.0, 20.0, 20.0, 20.0, 20.0, 20.0, 20.0, 20.0, 20.0, 20.0, 20.0, 20.0, 20.0, 20.0, 20.0, 20.0, 20.0, 20.0, 20.0, 20.0, 20.0, 20.0, 20.0, 20.0, 20.0, 20.0, 20.0, 20.0]",-0.018818598240613937,-0.023554787039756775,0.0342,-0.0047,-0.0473,-0.0585,-0.0656,-0.0008,-0.0085,-9.8025,16.2,,100.0,,,,1.3478,1.4922,2.0108,227.91,15.0,1.225,0.0045,197.89,0.0,1,0.0,0.332,0,3,10,0.7,0.167,0,0.0,0,0
1790618411.494859,47.397971,8.5461637,0.020000001415610313,0.000508112832903862,-0.003923959098756313,-0.001057782326824963,96.34,-0.08944684195581534,0.8050461244327132,0.0,96.34000000000003,20.0,20.0,-0.0,0.0,0.013691691009151146,-0.0027511162962108307,14.0,0.0,0.0,"[20.0, 20.0, 20.0, 20.0, 20.0, 20.0, 20.0, 20.0, 20.0, 20.0, 20.0, 20.0, 20.0, 20.0, 20.0, 20.0, 20.0, 20.0, 20.0, 20.0, 20.0, 20.0, 20.0, 20.0, 20.0, 20.0, 20.0, 20.0, 20.0, 20.0, 20.0, 20.0, 20.0, 20.0, 20.0, 20.0, 20.0, 20.0, 20.0, 20.0, 20.0, 20.0, 20.0, 20.0, 20.0, 20.0, 20.0, 20.0, 20.0, 20.0, 20.0, 20.0, 20.0, 20.0, 20.0, 20.0, 20.0, 20.0, 20.0, 20.0, 20.0, 20.0, 20.0, 20.0, 20.0, 20.0, 20.0, 20.0, 20.0, 20.0, 20.0, 20.0]",-0.02308139204978943,-0.01783021166920662,0.0277,-0.0009,-0.0202,-0.0314,0.0097,-0.003,-0.0088,-9.8074,16.2,,100.0,,,,1.3349,1.6113,2.0924,230.36,15.0,1.225,0.004,277.38,0.0,1,0.0,0.339,0,3,10,0.7,0.16,0,0.0,0,0
1790618411.694815,47.397971,8.5461637,0.017000000923871994,0.004739311058074236,-0.005086786579340696,-0.0005705145304091275,96.34,-0.08944684195581534,0.8050461244327132,0.0,96.34000000000003,20.0,20.0,-0.0,0.0,0.7922739729802368,-0.0064449093292180785,14.0,0.0,0.0,"[20.0, 20.0, 20.0, 20.0, 20.0, 20.0, 20.0, 20.0, 20.0, 20.0, 20.0, 20.0, 20.0, 20.0, 20.0, 20.0, 20.0, 20.0, 20.0, 20.0, 20.0, 20.0, 20.0, 20.0, 20.0, 20.0, 20.0, 20.0, 20.0, 20.0, 20.0, 20.0, 20.0, 20.0, 20.0, 20.0, 20.0, 20.0, 20.0, 20.0, 20.0, 20.0, 20.0, 20.0, 20.0, 20.0, 20.0, 20.0, 20.0, 20.0, 20.0, 20.0, 20.0, 20.0, 20.0, 20.0, 20.0, 20.0, 20.0, 20.0, 20.0, 20.0, 20.0, 20.0, 20.0, 20.0, 20.0, 20.0, 20.0, 20.0, 20.0, 20.0]",-0.02543727122247219,-0.012777334079146385,0.0232,0.0011,-0.0621,-0.075,-0.0287,-0.0048,-0.0136,-9.8079,16.2,,100.0,,,,1.3587,1.5977,2.0973,229.62,15.0,1.225,0.007,312.97,0.0,1,0.0,0.344,0,3,10,0.7,0.194,0,0.0,0,0
1790618411.8950143,47.397971,8.5461637,0.014000000432133675,0.007568126544356346,-0.003939110320061445,-8.283941861009225e-05,96.34,-0.08944684195581534,0.8050461244327132,0.0,96.34000000000003,20.0,20.0,0.0,0.0,1.3532373136080424,-0.006697213137394944,14.0,0.0,0.0,"[20.0, 20.0, 20.0, 20.0, 20.0, 20.0, 20.0, 20.0, 20.0, 20.0, 20.0, 20.0, 20.0, 20.0, 20.0, 20.0, 20.0, 20.0, 20.0, 20.0, 20.0, 20.0, 20.0, 20.0, 20.0, 20.0, 20.0, 20.0, 20.0, 20.0, 20.0, 20.0, 20.0, 20.0, 20.0, 20.0, 20.0, 20.0, 20.0, 20.0, 20.0, 20.0, 20.0, 20.0, 20.0, 20.0, 20.0, 20.0, 20.0, 20.0, 20.0, 20.0, 20.0, 20.0, 20.0, 20.0, 20.0, 20.0, 20.0, 20.0, 20.0, 20.0, 20.0, 20.0, 20.0, 20.0, 20.0, 20.0, 20.0, 20.0, 20.0, 20.0]",-0.024659713730216026,-0.008695973083376884,0.0196,-0.0028,0.0351,0.0086,0.0157,-0.003,-0.0078,-9.8073,16.2,,100.0,,,,1.2066,1.6097,2.0117,233.14,15.0,1.225,0.0085,332.5,0.0,1,0.0,0.349,0,3,10,0.7,0.18,0,0.0,0,0
1790618412.095798,47.397971,8.5461637,0.010000000707805157,0.007598794065415859,-0.0027871110942214727,0.0007724202587269247,96.34,-0.08944684195581534,0.8050461244327132,0.0,96.34000000000003,20.0,20.0,0.0,0.0,1.3833373156915127,-0.002149025640368827,14.0,0.0,0.0,"[20.0, 20.0, 20.0, 20.0, 20.0, 20.0, 20.0, 20.0, 20.0, 20.0, 20.0, 20.0, 20.0, 20.0, 20.0, 20.0, 20.0, 20.0, 20.0, 20.0, 20.0, 20.0, 20.0, 20.0, 20.0, 20.0, 20.0, 20.0, 20.0, 20.0, 20.0, 20.0, 20.0, 20.0, 20.0, 20.0, 20.0, 20.0, 20.0, 20.0, 20.0, 20.0, 20.0, 20.0, 20.0, 20.0, 20.0, 20.0, 20.0, 20.0, 20.0, 20.0, 20.0, 20.0, 20.0, 20.0, 20.0, 20.0, 20.0, 20.0, 20.0, 20.0, 20.0, 20.0, 20.0, 20.0, 20.0, 20.0, 20.0, 20.0, 20.0, 20.0]",-0.023784222081303596,-0.008070574142038822,0.0198,-0.0066,0.0108,0.0062,0.0858,-0.0135,-0.009,-9.8083,16.2,,100.0,,,,1.1513,1.5588,1.9379,233.55,15.0,1.225,0.0081,339.86,0.0,1,0.0,0.35,0,3,10,0.7,0.235,0,0.0,0,0
1790618412.2968755,47.397971,8.5461637,0.007000000216066837,0.006762176752090454,-0.003632666077464819,0.0022202737163752317,96.34,-0.08944684195581534,0.8050461244327132,0.0,96.34000000000003,20.0,20.0,0.0,0.0,1.20678980723194,0.004586760489659075,14.0,0.0,0.0,"[20.0, 20.0, 20.0, 20.0, 20.0, 20.0, 20.0, 20.0, 20.0, 20.0, 20.0, 20.0, 20.0, 20.0, 20.0, 20.0, 20.0, 20.0, 20.0, 20.0, 20.0, 20.0, 20.0, 20.0, 20.0, 20.0, 20.0, 20.0, 20.0, 20.0, 20.0, 20.0, 20.0, 20.0, 20.0, 20.0, 20.0, 20.0, 20.0, 20.0, 20.0, 20.0, 20.0, 20.0, 20.0, 20.0, 20.0, 20.0, 20.0, 20.0, 20.0, 20.0, 20.0, 20.0, 20.0, 20.0, 20.0, 20.0, 20.0, 20.0, 20.0, 20.0, 20.0, 20.0, 20.0, 20.0, 20.0, 20.0, 20.0, 20.0, 20.0, 20.0]",-0.024529671296477318,-0.009664713405072689,0.0237,-0.0065,0.0293,-0.002,-0.0081,0.0025,-0.0172,-9.7983,16.2,,100.0,,,,1.1975,1.4852,1.9078,231.12,15.0,1.225,0.0077,331.76,0.0,1,0.0,0.351,0,3,10,0.7,0.223,0,0.0,0,0
1790618412.4971173,47.397971,8.5461637,0.005000000353902578,0.004002757836133242,-0.0038988639134913683,0.0033428745809942484,96.35000000000001,-0.08958734764776666,0.8050305007522623,0.0,96.35000000000002,20.0,20.0,0.0,0.0,0.6773915917861515,0.0034059006869411844,14.0,0.0,0.0,"[20.0, 20.0, 20.0, 20.0, 20.0, 20.0, 20.0, 20.0, 20.0, 20.0, 20.0, 20.0, 20.0, 20.0, 20.0, 20.0, 20.0, 20.0, 20.0, 20.0, 20.0, 20.0, 20.0, 20.0, 20.0, 20.0, 20.0, 20.0, 20.0, 20.0, 20.0, 20.0, 20.0, 20.0, 20.0, 20.0, 20.0, 20.0, 20.0, 20.0, 20.0, 20.0, 20.0, 20.0, 20.0, 20.0, 20.0, 20.0, 20.0, 20.0, 20.0, 20.0, 20.0, 20.0, 20.0, 20.0, 20.0, 20.0, 20.0, 20.0, 20.0, 20.0, 20.0, 20.0, 20.0, 20.0, 20.0, 20.0, 20.0, 20.0, 20.0, 20.0]",-0.02512372098863125,-0.013788167387247086,0.0307,-0.0047,-0.0284,-0.0012,0.0426,-0.0004,-0.0024,-9.8096,16.2,,100.0,,,,1.1456,1.4214,1.8256,231.13,15.0,1.225,0.0056,315.75,0.0,1,0.0,0.356,0,3,10,0.7,0.216,0,0.0,0,0
1790618412.6977317,47.3979709,8.5461637,0.003000000026077032,0.0004485471290536225,-0.004014244768768549,0.004138389602303505,96.35000000000001,-0.08958734764776666,0.8050305007522623,0.0,96.35000000000002,20.0,20.0,0.0,0.0,0.00034626887556414625,1.5156818523133389e-05,14.0,0.0,0.0,"[20.0, 20.0, 20.0, 20.0, 20.0, 20.0, 20.0, 20.0, 20.0, 20.0, 20.0, 20.0, 20.0, 20.0, 20.0, 20.0, 20.0, 20.0, 20.0, 20.0, 20.0, 20.0, 20.0, 20.0, 20.0, 20.0, 20.0, 20.0, 20.0, 20.0, 20.0, 20.0, 20.0, 20.0, 20.0, 20.0, 20.0, 20.0, 20.0, 20.0, 20.0, 20.0, 20.0, 20.0, 20.0, 20.0, 20.0, 20.0, 20.0, 20.0, 20.0, 20.0, 20.0, 20.0, 20.0, 20.0, 20.0, 20.0, 20.0, 20.0, 20.0, 20.0, 20.0, 20.0, 20.0, 20.0, 20.0, 20.0, 20.0, 20.0, 20.0, 20.0]",-0.02565230429172516,-0.018685124814510345,0.0358,-0.0055,0.0064,-0.059,0.0004,0.0026,-0.0067,-9.8059,16.2,,100.0,,,,1.1712,1.3071,1.7551,228.14,15.0,1.225,0.004,276.38,0.0,1,0.0,0.361,0,3,10,0.7,0.21,0,0.0,0,0
1790618412.898821,47.3979709,8.5461637,0.0,-0.0015339460223913193,-0.0034158583730459213,0.005390238482505083,96.35000000000001,-0.08958734764776666,0.8050305007522623,0.0,96.35000000000002,20.0,20.0,0.0,0.0,-0.3633142764935275,-0.0016239818956194775,14.0,0.0,0.0,"[20.0, 20.0, 20.0, 20.0, 20.0, 20.0, 20.0, 20.0, 20.0, 20.0, 20.0, 20.0, 20.0, 20.0, 20.0, 20.0, 20.0, 20.0, 20.0, 20.0, 20.0, 20.0, 20.0, 20.0, 20.0, 20.0, 20.0, 20.0, 20.0, 20.0, 20.0, 20.0, 20.0, 20.0, 20.0, 20.0, 20.0, 20.0, 20.0, 20.0, 20.0, 20.0, 20.0, 20.0, 20.0, 20.0, 20.0, 20.0, 20.0, 20.0, 20.0, 20.0, 20.0, 20.0, 20.0, 20.0, 20.0, 20.0, 20.0, 20.0, 20.0, 20.0, 20.0, 20.0, 20.0, 20.0, 20.0, 20.0, 20.0, 20.0, 20.0, 20.0]",-0.025720758363604546,-0.021265821531414986,0.0383,-0.0082,-0.0093,0.0266,0.0574,0.0045,-0.01,-9.8032,16.2,,100.0,,,,1.2182,1.2692,1.7592,226.18,15.0,1.225,0.0037,245.82,0.0,1,0.0,0.363,0,3,10,0.7,0.219,0,0.0,0,0
1790618413.0990732,47.3979709,8.5461637,0.0,-0.0023174139205366373,-0.0031364173628389835,0.005656733177602291,96.35000000000001,-0.08958734764776666,0.8050305007522623,0.0,96.35000000000002,20.0,20.0,0.0,0.0,-0.5061165787537183,-0.003281278013701911,14.0,0.0,0.0,"[20.0, 20.0, 20.0, 20.0, 20.0, 20.0, 20.0, 20.0, 20.0, 20.0, 20.0, 20.0, 20.0, 20.0, 20.0, 20.0, 20.0, 20.0, 20.0, 20.0, 20.0, 20.0, 20.0, 20.0, 20.0, 20.0, 20.0, 20.0, 20.0, 20.0, 20.0, 20.0, 20.0, 20.0, 20.0, 20.0, 20.0, 20.0, 20.0, 20.0, 20.0, 20.0, 20.0, 20.0, 20.0, 20.0, 20.0, 20.0, 20.0, 20.0, 20.0, 20.0, 20.0, 20.0, 20.0, 20.0, 20.0, 20.0, 20.0, 20.0, 20.0, 20.0, 20.0, 20.0, 20.0, 20.0, 20.0, 20.0, 20.0, 20.0, 20.0, 20.0]",-0.02605293318629265,-0.02213886007666588,0.0378,-0.0091,0.0272,-0.0272,0.0212,-0.0072,-0.005,-9.8043,16.2,,100.0,,,,1.1919,1.3305,1.7863,228.15,15.0,1.225,0.0039,233.54,0.0,1,0.0,0.364,0,3,10,0.7,0.253,0,0.0,0,0
1790618413.2998455,47.3979709,8.5461636,0.0010000000474974513,-0.0019806972704827785,-0.0033597927540540695,0.004450098145753145,96.35000000000001,-0.08958734764776666,0.8050305007522623,0.0,96.35000000000002,20.0,20.0,0.0,0.0,-0.44692551684556303,-0.003611020020804555,14.0,0.0,0.0,"[20.0, 20.0, 20.0, 20.0, 20.0, 20.0, 20.0, 20.0, 20.0, 20.0, 20.0, 20.0, 20.0, 20.0, 20.0, 20.0, 20.0, 20.0, 20.0, 20.0, 20.0, 20.0, 20.0, 20.0, 20.0, 20.0, 20.0, 20.0, 20.0, 20.0, 20.0, 20.0, 20.0, 20.0, 20.0, 20.0, 20.0, 20.0, 20.0, 20.0, 20.0, 20.0, 20.0, 20.0, 20.0, 20.0, 20.0, 20.0, 20.0, 20.0, 20.0, 20.0, 20.0, 20.0, 20.0, 20.0, 20.0, 20.0, 20.0, 20.0, 20.0, 20.0, 20.0, 20.0, 20.0, 20.0, 20.0, 20.0, 20.0, 20.0, 20.0, 20.0]",-0.02725270390510559,-0.022314297035336494,0.0364,-0.0083,-0.0229,-0.0192,-0.0785,-0.0054,-0.0025,-9.8015,16.2,,100.0,,,,1.2541,1.4259,1.899,228.67,15.0,1.225,0.0039,239.48,0.0,1,0.0,0.365,0,3,10,0.7,0.256,0,0.0,0,0
1790618413.5011134,47.3979709,8.5461636,0.005000000353902578,-0.0006782774580642581,-0.004190564155578613,0.0024217055179178715,96.35000000000001,-0.08958734764776666,0.8050305007522623,0.0,96.35000000000002,20.0,20.0,-0.0,0.0,-0.21726445305971803,-0.0032933268094952955,14.0,0.0,0.0,"[20.0, 20.0, 20.0, 20.0, 20.0, 20.0, 20.0, 20.0, 20.0, 20.0, 20.0, 20.0, 20.0, 20.0, 20.0, 20.0, 20.0, 20.0, 20.0, 20.0, 20.0, 20.0, 20.0, 20.0, 20.0, 20.0, 20.0, 20.0, 20.0, 20.0, 20.0, 20.0, 20.0, 20.0, 20.0, 20.0, 20.0, 20.0, 20.0, 20.0, 20.0, 20.0, 20.0, 20.0, 20.0, 20.0, 20.0, 20.0, 20.0, 20.0, 20.0, 20.0, 20.0, 20.0, 20.0, 20.0, 20.0, 20.0, 20.0, 20.0, 20.0, 20.0, 20.0, 20.0, 20.0, 20.0, 20.0, 20.0, 20.0, 20.0, 20.0, 20.0]",-0.02872907929122448,-0.021464355289936066,0.036,-0.0067,0.0379,0.0145,-0.0016,-0.0109,-0.0108,-9.8022,16.2,,100.0,,,,1.2784,1.333,1.8469,226.2,15.0,1.225,0.0042,260.81,0.0,1,0.0,0.367,0,3,10,0.7,0.221,0,0.0,0,0
1790618413.7017753,47.397971,8.5461636,0.00800000037997961,0.0018610469996929169,-0.0050538149662315845,0.0009736114297993481,96.35000000000001,-0.08958734764776666,0.8050305007522623,0.0,96.35000000000002,20.0,20.0,-0.0,0.0,0.24649806053637904,-0.003319421478347955,14.0,0.0,0.0,"[20.0, 20.0, 20.0, 20.0, 20.0, 20.0, 20.0, 20.0, 20.0, 20.0, 20.0, 20.0, 20.0, 20.0, 20.0, 20.0, 20.0, 20.0, 20.0, 20.0, 20.0, 20.0, 20.0, 20.0, 20.0, 20.0, 20.0, 20.0, 20.0, 20.0, 20.0, 20.0, 20.0, 20.0, 20.0, 20.0, 20.0, 20.0, 20.0, 20.0, 20.0, 20.0, 20.0, 20.0, 20.0, 20.0, 20.0, 20.0, 20.0, 20.0, 20.0, 20.0, 20.0, 20.0, 20.0, 20.0, 20.0, 20.0, 20.0, 20.0, 20.0, 20.0, 20.0, 20.0, 20.0, 20.0, 20.0, 20.0, 20.0, 20.0, 20.0, 20.0]",-0.02971053682267666,-0.018413741141557693,0.0303,-0.0023,-0.0817,0.0134,0.0505,-0.0054,-0.0121,-9.8049,16.2,,100.0,,,,1.3626,1.3893,1.9459,225.56,15.0,1.225,0.0054,290.22,0.0,1,0.0,0.37,0,3,10,0.7,0.231,0,0.0,0,0
1790618413.90207,47.397971,8.5461636,0.01100000087171793,0.004145227372646332,-0.005917270667850971,0.00013610866153612733,96.34,-0.08944684195581534,0.8050461244327132,0.0,96.34000000000003,20.0,20.0,-0.0,0.0,0.662012202328148,-0.005543413606310511,14.0,0.0,0.0,"[20.0, 20.0, 20.0, 20.0, 20.0, 20.0, 20.0, 20.0, 20.0, 20.0, 20.0, 20.0, 20.0, 20.0, 20.0, 20.0, 20.0, 20.0, 20.0, 20.0, 20.0, 20.0, 20.0, 20.0, 20.0, 20.0, 20.0, 20.0, 20.0, 20.0, 20.0, 20.0, 20.0, 20.0, 20.0, 20.0, 20.0, 20.0, 20.0, 20.0, 20.0, 20.0, 20.0, 20.0, 20.0, 20.0, 20.0, 20.0, 20.0, 20.0, 20.0, 20.0, 20.0, 20.0, 20.0, 20.0, 20.0, 20.0, 20.0, 20.0, 20.0, 20.0, 20.0, 20.0, 20.0, 20.0, 20.0, 20.0, 20.0, 20.0, 20.0, 20.0]",-0.030255159363150597,-0.016394993290305138,0.026,-0.0001,-0.0415,-0.0097,-0.0288,-0.0033,-0.0076,-9.809,16.2,,100.0,,,,1.4187,1.3592,1.9648,223.77,15.0,1.225,0.0072,305.01,0.0,1,0.0,0.372,0,3,10,0.7,0.263,0,0.0,0,0
1790618414.102576,47.397971,8.5461636,0.014000000432133675,0.005906727630645037,-0.005971130914986134,-0.000977566814981401,96.34,-0.08944684195581534,0.8050461244327132,0.0,96.34000000000003,20.0,20.0,0.0,0.0,0.9951698992083993,-0.003830734419641265,14.0,0.0,0.0,"[20.0, 20.0, 20.0, 20.0, 20.0, 20.0, 20.0, 20.0, 20.0, 20.0, 20.0, 20.0, 20.0, 20.0, 20.0, 20.0, 20.0, 20.0, 20.0, 20.0, 20.0, 20.0, 20.0, 20.0, 20.0, 20.0, 20.0, 20.0, 20.0, 20.0, 20.0, 20.0, 20.0, 20.0, 20.0, 20.0, 20.0, 20.0, 20.0, 20.0, 20.0, 20.0, 20.0, 20.0, 20.0, 20.0, 20.0, 20.0, 20.0, 20.0, 20.0, 20.0, 20.0, 20.0, 20.0, 20.0, 20.0, 20.0, 20.0, 20.0, 20.0, 20.0, 20.0, 20.0, 20.0, 20.0, 20.0, 20.0, 20.0, 20.0, 20.0, 20.0]",-0.030049296095967293,-0.015744222328066826,0.0229,0.0005,-0.0473,-0.0187,0.0053,-0.0052,-0.0045,-9.8162,16.2,,100.0,,,,1.5802,1.3624,2.0864,220.77,15.0,1.225,0.0084,314.69,0.0,1,0.0,0.373,0,3,10,0.7,0.205,0,0.0,0,0
1790618414.3031232,47.397971,8.5461636,0.015000000596046448,0.006533745676279068,-0.006366708781570196,-0.00105790956877172,96.35000000000001,-0.08958734764776666,0.8050305007522623,0.0,96.35000000000002,20.0,20.0,0.0,0.0,1.1055741672478991,0.0031441266910571374,14.0,0.0,0.0,"[20.0, 20.0, 20.0, 20.0, 20.0, 20.0, 20.0, 20.0, 20.0, 20.0, 20.0, 20.0, 20.0, 20.0, 20.0, 20.0, 20.0, 20.0, 20.0, 20.0, 20.0, 20.0, 20.0, 20.0, 20.0, 20.0, 20.0, 20.0, 20.0, 20.0, 20.0, 20.0, 20.0, 20.0, 20.0, 20.0, 20.0, 20.0, 20.0, 20.0, 20.0, 20.0, 20.0, 20.0, 20.0, 20.0, 20.0, 20.0, 20.0, 20.0, 20.0, 20.0, 20.0, 20.0, 20.0, 20.0, 20.0, 20.0, 20.0, 20.0, 20.0, 20.0, 20.0, 20.0, 20.0, 20.0, 20.0, 20.0, 20.0, 20.0, 20.0, 20.0]",-0.029626499861478806,-0.015555114485323429,0.0215,-0.0002,-0.0033,0.0009,-0.0068,-0.004,-0.0114,-9.8061,16.2,,100.0,,,,1.5085,1.381,2.0452,222.47,15.0,1.225,0.0091,315.74,0.0,1,0.0,0.373,0,3,10,0.7,0.238,0,0.0,0,0
1790618414.5041258,47.397971,8.5461636,0.015000000596046448,0.005943548399955034,-0.006045497488230467,-0.0010070109274238348,96.35000000000001,-0.08958734764776666,0.8050305007522623,0.0,96.35000000000002,20.0,20.0,0.0,0.0,1.00036697770958,0.00844939688957183,14.0,0.0,0.0,"[20.0, 20.0, 20.0, 20.0, 20.0, 20.0, 20.0, 20.0, 20.0, 20.0, 20.0, 20.0, 20.0, 20.0, 20.0, 20.0, 20.0, 20.0, 20.0, 20.0, 20.0, 20.0, 20.0, 20.0, 20.0, 20.0, 20.0, 20.0, 20.0, 20.0, 20.0, 20.0, 20.0, 20.0, 20.0, 20.0, 20.0, 20.0, 20.0, 20.0, 20.0, 20.0, 20.0, 20.0, 20.0, 20.0, 20.0, 20.0, 20.0, 20.0, 20.0, 20.0, 20.0, 20.0, 20.0, 20.0, 20.0, 20.0, 20.0, 20.0, 20.0, 20.0, 20.0, 20.0, 20.0, 20.0, 20.0, 20.0, 20.0, 20.0, 20.0, 20.0]",-0.028461510315537453,-0.016526365652680397,0.0231,-0.0064,-0.0033,0.0007,-0.0089,-0.0068,-0.0108,-9.8138,16.2,,100.0,,,,1.5386,1.4826,2.1367,223.94,15.0,1.225,0.0085,314.51,0.0,1,0.0,0.375,0,3,10,0.7,0.248,0,0.0,0,0
1790618414.7047327,47.397971,8.5461636,0.015000000596046448,0.004256191663444042,-0.0046431273221969604,-0.0006035496480762959,96.35000000000001,-0.08958734764776666,0.8050305007522623,0.0,96.35000000000002,20.0,20.0,0.0,0.0,0.7097708390551233,0.006233602909145505,14.0,0.0,0.0,"[20.0, 20.0, 20.0, 20.0, 20.0, 20.0, 20.0, 20.0, 20.0, 20.0, 20.0, 20.0, 20.0, 20.0, 20.0, 20.0, 20.0, 20.0, 20.0, 20.0, 20.0, 20.0, 20.0, 20.0, 20.0, 20.0, 20.0, 20.0, 20.0, 20.0, 20.0, 20.0, 20.0, 20.0, 20.0, 20.0, 20.0, 20.0, 20.0, 20.0, 20.0, 20.0, 20.0, 20.0, 20.0, 20.0, 20.0, 20.0, 20.0, 20.0, 20.0, 20.0, 20.0, 20.0, 20.0, 20.0, 20.0, 20.0, 20.0, 20.0, 20.0, 20.0, 20.0, 20.0, 20.0, 20.0, 20.0, 20.0, 20.0, 20.0, 20.0, 20.0]",-0.02624719776213169,-0.018034882843494415,0.0237,-0.0105,0.0252,-0.0143,0.0005,-0.003,-0.0005,-9.8075,16.2,,100.0,,,,1.6226,1.4256,2.1599,221.3,15.0,1.225,0.0063,312.51,0.0,1,0.0,0.378,0,3,10,0.7,0.226,0,0.0,0,0
1790618414.905683,47.3979709,8.5461637,0.01600000075995922,0.0020191725343465805,-0.0027518963906913996,-0.00040262736729346216,96.35000000000001,-0.08958734764776666,0.8050305007522623,0.0,96.35000000000002,20.0,20.0,0.0,0.0,0.32513482174870856,0.0033532722406220275,14.0,0.0,0.0,"[20.0, 20.0, 20.0, 20.0, 20.0, 20.0, 20.0, 20.0, 20.0, 20.0, 20.0, 20.0, 20.0, 20.0, 20.0, 20.0, 20.0, 20.0, 20.0, 20.0, 20.0, 20.0, 20.0, 20.0, 20.0, 20.0, 20.0, 20.0, 20.0, 20.0, 20.0, 20.0, 20.0, 20.0, 20.0, 20.0, 20.0, 20.0, 20.0, 20.0, 20.0, 20.0, 20.0, 20.0, 20.0, 20.0, 20.0, 20.0, 20.0, 20.0, 20.0, 20.0, 20.0, 20.0, 20.0, 20.0, 20.0, 20.0, 20.0, 20.0, 20.0, 20.0, 20.0, 20.0, 20.0, 20.0, 20.0, 20.0, 20.0, 20.0, 20.0, 20.0]",-0.023513004183769226,-0.020969219505786896,0.0279,-0.0142,0.0265,-0.0022,-0.0176,-0.0075,-0.0006,-9.8101,16.2,,100.0,,,,1.5408,1.3738,2.0643,221.72,15.0,1.225,0.0034,306.27,0.0,1,0.0,0.382,0,3,10,0.7,0.232,0,0.0,0,0
1790618415.1067197,47.3979709,8.5461637,0.01600000075995922,0.0009371741325594485,-0.0009230882860720158,-0.00013619409583043307,96.35000000000001,-0.08958734764776666,0.8050305007522623,0.0,96.35000000000002,20.0,20.0,0.0,0.0,0.15838982488042117,0.001310504585130194,14.0,0.0,0.0,"[20.0, 20.0, 20.0, 20.0, 20.0, 20.0, 20.0, 20.0, 20.0, 20.0, 20.0, 20.0, 20.0, 20.0, 20.0, 20.0, 20.0, 20.0, 20.0, 20.0, 20.0, 20.0, 20.0, 20.0, 20.0, 20.0, 20.0, 20.0, 20.0, 20.0, 20.0, 20.0, 20.0, 20.0, 20.0, 20.0, 20.0, 20.0, 20.0, 20.0, 20.0, 20.0, 20.0, 20.0, 20.0, 20.0, 20.0, 20.0, 20.0, 20.0, 20.0, 20.0, 20.0, 20.0, 20.0, 20.0, 20.0, 20.0, 20.0, 20.0, 20.0, 20.0, 20.0, 20.0, 20.0, 20.0, 20.0, 20.0, 20.0, 20.0, 20.0, 20.0]",-0.021046023815870285,-0.023073846474289894,0.0288,-0.0184,0.0258,0.0277,-0.0935,-0.0043,-0.0073,-9.8087,16.2,,100.0,,,,1.4535,1.3932,2.0134,223.79,15.0,1.225,0.0013,315.43,0.0,1,0.0,0.385,0,3,10,0.7,0.222,0,0.0,0,0
1790618417.6823618,47.3979709,8.5461639,0.003000000026077032,0.004367657471448183,0.007382804062217474,0.004530102014541626,96.35000000000001,0.0,0.0,0.0,158.1598831176758,20.0,20.0,0.0,-166.25557604016743,0.9848960218419925,-0.007883519916254448,14.0,0.0,0.0,"[20.0, 20.0, 20.0, 20.0, 20.0, 20.0, 20.0, 20.0, 20.0, 20.0, 20.0, 20.0, 20.0, 20.0, 20.0, 20.0, 20.0, 20.0, 20.0, 20.0, 20.0, 20.0, 20.0, 20.0, 20.0, 20.0, 20.0, 20.0, 20.0, 20.0, 20.0, 20.0, 20.0, 20.0, 20.0, 20.0, 20.0, 20.0, 20.0, 20.0, 20.0, 20.0, 20.0, 20.0, 20.0, 20.0, 20.0, 20.0, 20.0, 20.0, 20.0, 20.0, 20.0, 20.0, 20.0, 20.0, 20.0, 20.0, 20.0, 20.0, 20.0, 20.0, 20.0, 20.0, 20.0, 20.0, 20.0, 20.0, 20.0, 20.0, 20.0, 20.0]",-0.021046023815870285,-0.023073846474289894,0.0169,-0.0321,0.0402,0.0206,0.0035,0.0057,-0.0074,-9.8143,16.142,,98.0,,,,0.9593,1.1423,1.4917,229.98,15.0,1.225,0.0086,59.39,0.012,1,0.0,0.396,0,3,10,0.7,0.248,0,0.0,0,0
1790618417.8828454,47.397971,8.5461639,0.006000000052154064,0.006181848701089621,0.008171247318387032,0.004004451911896467,96.35000000000001,0.0,0.0,0.0,101.16381988525393,20.0,20.0,0.0,-154.45910346253413,1.3457593336776856,-0.009749236006013904,14.0,0.0,0.0,"[20.0, 20.0, 20.0, 20.0, 20.0, 20.0, 20.0, 20.0, 20.0, 20.0, 20.0, 20.0, 20.0, 20.0, 20.0, 20.0, 20.0, 20.0, 20.0, 20.0, 20.0, 20.0, 20.0, 20.0, 20.0, 20.0, 20.0, 20.0, 20.0, 20.0, 20.0, 20.0, 20.0, 20.0, 20.0, 20.0, 20.0, 20.0, 20.0, 20.0, 20.0, 20.0, 20.0, 20.0, 20.0, 20.0, 20.0, 20.0, 20.0, 20.0, 20.0, 20.0, 20.0, 20.0, 20.0, 20.0, 20.0, 20.0, 20.0, 20.0, 20.0, 20.0, 20.0, 20.0, 20.0, 20.0, 20.0, 20.0, 20.0, 20.0, 20.0, 20.0]",-0.021046023815870285,-0.023073846474289894,0.0149,-0.0348,0.0165,-0.0278,0.0986,-0.0078,-0.0021,-9.8092,16.142,,98.0,,,,1.0122,1.1466,1.5295,228.56,15.0,1.225,0.0102,52.89,0.013,1,0.0,0.399,0,3,10,0.7,0.242,0,0.0,0,0
1790618418.0843353,47.397971,8.5461639,0.00800000037997961,0.008217534981667995,0.008235504850745201,0.0038979528471827507,96.34,0.0,0.0,0.0,101.16411956787113,20.0,20.0,0.0,-141.48681887976196,1.7329951262607468,-0.011346555446635032,14.0,0.0,0.0,"[20.0, 20.0, 20.0, 20.0, 20.0, 20.0, 20.0, 20.0, 20.0, 20.0, 20.0, 20.0, 20.0, 20.0, 20.0, 20.0, 20.0, 20.0, 20.0, 20.0, 20.0, 20.0, 20.0, 20.0, 20.0, 20.0, 20.0, 20.0, 20.0, 20.0, 20.0, 20.0, 20.0, 20.0, 20.0, 20.0, 20.0, 20.0, 20.0, 20.0, 20.0, 20.0, 20.0, 20.0, 20.0, 20.0, 20.0, 20.0, 20.0, 20.0, 20.0, 20.0, 20.0, 20.0, 20.0, 20.0, 20.0, 20.0, 20.0, 20.0, 20.0, 20.0, 20.0, 20.0, 20.0, 20.0, 20.0, 20.0, 20.0, 20.0, 20.0, 20.0]",-0.021046023815870285,-0.023073846474289894,0.0155,-0.0358,0.0656,-0.0066,-0.0063,-0.0011,-0.0146,-9.8097,16.142,,98.0,,,,1.0442,1.1324,1.5403,227.32,15.0,1.225,0.0116,45.06,0.014,1,0.0,0.403,1,3,10,0.7,0.195,0,0.0,0,0
1790618418.283949,47.397971,8.5461639,0.009000000543892384,0.008480648510158062,0.007766994182020426,0.003495307406410575,96.34,0.0,0.0,0.0,101.14270767211917,20.0,20.0,0.0,-134.98992014479637,1.7730202872768235,-0.011363139803884958,14.0,0.0,0.0,"[20.0, 20.0, 20.0, 20.0, 20.0, 20.0, 20.0, 20.0, 20.0, 20.0, 20.0, 20.0, 20.0, 20.0, 20.0, 20.0, 20.0, 20.0, 20.0, 20.0, 20.0, 20.0, 20.0, 20.0, 20.0, 20.0, 20.0, 20.0, 20.0, 20.0, 20.0, 20.0, 20.0, 20.0, 20.0, 20.0, 20.0, 20.0, 20.0, 20.0, 20.0, 20.0, 20.0, 20.0, 20.0, 20.0, 20.0, 20.0, 20.0, 20.0, 20.0, 20.0, 20.0, 20.0, 20.0, 20.0, 20.0, 20.0, 20.0, 20.0, 20.0, 20.0, 20.0, 20.0, 20.0, 20.0, 20.0, 20.0, 20.0, 20.0, 20.0, 20.0]",-0.021046023815870285,-0.023073846474289894,0.0168,-0.0345,0.0017,-0.0195,-0.0298,-0.0002,0.0004,-9.8054,16.142,,98.0,,,,0.9601,1.0603,1.4304,227.84,15.0,1.225,0.0115,42.48,0.015,1,0.2,0.404,1,3,10,0.7,0.206,0,0.0,0,0
1790618418.4855711,47.397971,8.5461639,0.010000000707805157,0.004990377929061651,0.007976392284035683,0.002856543753296137,96.35000000000001,0.0,0.0,0.0,101.17243156433108,20.0,20.0,0.0,-147.14926719784802,1.1155918048025382,-0.009365054854883653,14.0,0.0,0.0,"[20.0, 20.0, 20.0, 20.0, 20.0, 20.0, 20.0, 20.0, 20.0, 20.0, 20.0, 20.0, 20.0, 20.0, 20.0, 20.0, 20.0, 20.0, 20.0, 20.0, 20.0, 20.0, 20.0, 20.0, 20.0, 20.0, 20.0, 20.0, 20.0, 20.0, 20.0, 20.0, 20.0, 20.0, 20.0, 20.0, 20.0, 20.0, 20.0, 20.0, 20.0, 20.0, 20.0, 20.0, 20.0, 20.0, 20.0, 20.0, 20.0, 20.0, 20.0, 20.0, 20.0, 20.0, 20.0, 20.0, 20.0, 20.0, 20.0, 20.0, 20.0, 20.0, 20.0, 20.0, 20.0, 20.0, 20.0, 20.0, 20.0, 20.0, 20.0, 20.0]",-0.021046023815870285,-0.023073846474289894,0.0251,-0.0367,-0.0153,0.0245,0.0094,-0.0039,-0.0033,-9.8077,16.142,,98.0,,,,0.9582,1.0686,1.4353,228.12,15.0,1.225,0.0094,57.97,0.014,1,0.4,0.408,1,3,10,0.7,0.203,0,0.0,0,0
1790618418.6858087,47.3979709,8.5461639,0.010000000707805157,-0.0002106003084918484,0.008663997985422611,0.0024204598739743233,96.36,0.0,0.0,0.0,101.18260322570802,20.0,20.0,0.0,-171.98311148654022,0.14332533886605117,-0.00865428623591491,14.0,0.0,0.0,"[20.0, 20.0, 20.0, 20.0, 20.0, 20.0, 20.0, 20.0, 20.0, 20.0, 20.0, 20.0, 20.0, 20.0, 20.0, 20.0, 20.0, 20.0, 20.0, 20.0, 20.0, 20.0, 20.0, 20.0, 20.0, 20.0, 20.0, 20.0, 20.0, 20.0, 20.0, 20.0, 20.0, 20.0, 20.0, 20.0, 20.0, 20.0, 20.0, 20.0, 20.0, 20.0, 20.0, 20.0, 20.0, 20.0, 20.0, 20.0, 20.0, 20.0, 20.0, 20.0, 20.0, 20.0, 20.0, 20.0, 20.0, 20.0, 20.0, 20.0, 20.0, 20.0, 20.0, 20.0, 20.0, 20.0, 20.0, 20.0, 20.0, 20.0, 20.0, 20.0]",-0.021046023815870285,-0.023073846474289894,0.0368,-0.0383,-0.0294,0.0241,-0.0664,-0.0109,-0.0048,-9.7984,16.142,,98.0,,,,0.8989,0.988,1.3357,227.7,15.0,1.225,0.0087,91.39,0.014,1,0.6,0.414,1,3,10,0.7,0.205,0,0.0,0,0
1790618418.8868978,47.3979709,8.5461639,0.009000000543892384,-0.005473359487950802,0.00912472978234291,0.0027816076762974262,96.37,0.0,0.0,0.0,91.54382621765137,20.0,20.0,0.0,164.50231992019326,-0.8454700084647907,-0.010506804814607338,14.0,0.0,0.0,"[20.0, 20.0, 20.0, 20.0, 20.0, 20.0, 20.0, 20.0, 20.0, 20.0, 20.0, 20.0, 20.0, 20.0, 20.0, 20.0, 20.0, 20.0, 20.0, 20.0, 20.0, 20.0, 20.0, 20.0, 20.0, 20.0, 20.0, 20.0, 20.0, 20.0, 20.0, 20.0, 20.0, 20.0, 20.0, 20.0, 20.0, 20.0, 20.0, 20.0, 20.0, 20.0, 20.0, 20.0, 20.0, 20.0, 20.0, 20.0, 20.0, 20.0, 20.0, 20.0, 20.0, 20.0, 20.0, 20.0, 20.0, 20.0, 20.0, 20.0, 20.0, 20.0, 20.0, 20.0, 20.0, 20.0, 20.0, 20.0, 20.0, 20.0, 20.0, 20.0]",-0.021046023815870285,-0.023073846474289894,0.0448,-0.0402,0.0258,-0.0065,-0.0263,-0.0063,-0.0028,-9.8075,16.142,,98.0,,,,0.9206,0.8786,1.2725,223.66,15.0,1.225,0.0106,120.96,0.017,1,0.8,0.42,1,3,10,0.7,0.219,0,0.0,0,0
1790618419.0880854,47.397970799999996,8.5461639,0.007000000216066837,-0.009418714791536331,0.008938536047935486,0.003499329322949052,96.38,0.0,0.0,0.0,91.5559090423584,20.0,20.0,0.0,151.9843984422979,-1.5975869462652321,-0.012696360857905108,14.0,0.0,0.0,"[20.0, 20.0, 20.0, 20.0, 20.0, 20.0, 20.0, 20.0, 20.0, 20.0, 20.0, 20.0, 20.0, 20.0, 20.0, 20.0, 20.0, 20.0, 20.0, 20.0, 20.0, 20.0, 20.0, 20.0, 20.0, 20.0, 20.0, 20.0, 20.0, 20.0, 20.0, 20.0, 20.0, 20.0, 20.0, 20.0, 20.0, 20.0, 20.0, 20.0, 20.0, 20.0, 20.0, 20.0, 20.0, 20.0, 20.0, 20.0, 20.0, 20.0, 20.0, 20.0, 20.0, 20.0, 20.0, 20.0, 20.0, 20.0, 20.0, 20.0, 20.0, 20.0, 20.0, 20.0, 20.0, 20.0, 20.0, 20.0, 20.0, 20.0, 20.0, 20.0]",-0.021046023815870285,-0.023073846474289894,0.0514,-0.0396,-0.07,-0.0135,-0.0051,-0.0102,-0.0019,-9.7973,16.082,,95.0,,,,0.9655,0.9423,1.3491,224.3,15.0,1.225,0.013,136.5,0.02,1,1.0,0.426,1,3,10,0.7,0.233,0,0.0,0,0
1790618419.2890751,47.397970799999996,8.5461639,0.00800000037997961,-0.010051989927887917,0.007417943328619003,0.003256384516134858,96.37,0.0,0.0,0.0,91.54574310302735,20.0,20.0,0.0,147.61668342624466,-1.7502082001444133,-0.01207710033600137,14.0,0.0,0.0,"[20.0, 20.0, 20.0, 20.0, 20.0, 20.0, 20.0, 20.0, 20.0, 20.0, 20.0, 20.0, 20.0, 20.0, 20.0, 20.0, 20.0, 20.0, 20.0, 20.0, 20.0, 20.0, 20.0, 20.0, 20.0, 20.0, 20.0, 20.0, 20.0, 20.0, 20.0, 20.0, 20.0, 20.0, 20.0, 20.0, 20.0, 20.0, 20.0, 20.0, 20.0, 20.0, 20.0, 20.0, 20.0, 20.0, 20.0, 20.0, 20.0, 20.0, 20.0, 20.0, 20.0, 20.0, 20.0, 20.0, 20.0, 20.0, 20.0, 20.0, 20.0, 20.0, 20.0, 20.0, 20.0, 20.0, 20.0, 20.0, 20.0, 20.0, 20.0, 20.0]",-0.021046023815870285,-0.023073846474289894,0.051,-0.0373,-0.0112,-0.0263,-0.0354,0.0094,-0.0055,-9.8077,16.082,,95.0,,,,0.9595,0.8806,1.3023,222.54,15.0,1.225,0.0125,143.57,0.021,1,1.21,0.428,1,3,10,0.7,0.246,0,0.0,0,0
1790618419.4898193,47.397970799999996,8.5461639,0.01100000087171793,-0.008984910324215889,0.005160389468073845,0.002443935489282012,96.37,0.0,0.0,0.0,91.54854690551758,20.0,20.0,0.0,146.7261274326986,-1.5956378697713214,-0.009706125315233873,14.0,0.0,0.0,"[20.0, 20.0, 20.0, 20.0, 20.0, 20.0, 20.0, 20.0, 20.0, 20.0, 20.0, 20.0, 20.0, 20.0, 20.0, 20.0, 20.0, 20.0, 20.0, 20.0, 20.0, 20.0, 20.0, 20.0, 20.0, 20.0, 20.0, 20.0, 20.0, 20.0, 20.0, 20.0, 20.0, 20.0, 20.0, 20.0, 20.0, 20.0, 20.0, 20.0, 20.0, 20.0, 20.0, 20.0, 20.0, 20.0, 20.0, 20.0, 20.0, 20.0, 20.0, 20.0, 20.0, 20.0, 20.0, 20.0, 20.0, 20.0, 20.0, 20.0, 20.0, 20.0, 20.0, 20.0, 20.0, 20.0, 20.0, 20.0, 20.0, 20.0, 20.0, 20.0]",-0.021046023815870285,-0.023073846474289894,0.0457,-0.0336,0.0658,0.0367,-0.0219,0.0009,-0.0078,-9.7989,16.082,,95.0,,,,0.9817,0.9596,1.3728,224.35,15.0,1.225,0.0104,150.13,0.019,1,1.41,0.429,1,3,10,0.7,0.269,0,0.0,0,0
1790618419.689912,47.397970799999996,8.5461639,0.015000000596046448,-0.007090974133461714,0.002629887545481324,0.0014797388575971127,96.37,0.0,0.0,0.0,91.56747543334961,20.0,20.0,0.0,148.22286193481375,-1.2899708847530296,-0.006448189672762046,14.0,0.0,0.0,"[20.0, 20.0, 20.0, 20.0, 20.0, 20.0, 20.0, 20.0, 20.0, 20.0, 20.0, 20.0, 20.0, 20.0, 20.0, 20.0, 20.0, 20.0, 20.0, 20.0, 20.0, 20.0, 20.0, 20.0, 20.0, 20.0, 20.0, 20.0, 20.0, 20.0, 20.0, 20.0, 20.0, 20.0, 20.0, 20.0, 20.0, 20.0, 20.0, 20.0, 20.0, 20.0, 20.0, 20.0, 20.0, 20.0, 20.0, 20.0, 20.0, 20.0, 20.0, 20.0, 20.0, 20.0, 20.0, 20.0, 20.0, 20.0, 20.0, 20.0, 20.0, 20.0, 20.0, 20.0, 20.0, 20.0, 20.0, 20.0, 20.0, 20.0, 20.0, 20.0]",-0.021046023815870285,-0.023073846474289894,0.0403,-0.0288,0.0094,0.0286,0.0101,0.0008,-0.0053,-9.8161,16.082,,95.0,,,,0.9623,0.8487,1.2831,221.41,15.0,1.225,0.0076,159.65,0.016,1,1.61,0.433,1,3,10,0.7,0.246,0,0.0,0,0
1790618419.8909245,47.3979709,8.5461639,0.021000001579523087,-0.0051671406254172325,0.0012665807735174894,-0.00037006434286013246,96.37,0.0,0.0,0.0,91.54577743530274,20.0,20.0,0.0,156.9671829594729,-0.9538320059070058,-0.00364022214921805,14.0,0.0,0.0,"[20.0, 20.0, 20.0, 20.0, 20.0, 20.0, 20.0, 20.0, 20.0, 20.0, 20.0, 20.0, 20.0, 20.0, 20.0, 20.0, 20.0, 20.0, 20.0, 20.0, 20.0, 20.0, 20.0, 20.0, 20.0, 20.0, 20.0, 20.0, 20.0, 20.0, 20.0, 20.0, 20.0, 20.0, 20.0, 20.0, 20.0, 20.0, 20.0, 20.0, 20.0, 20.0, 20.0, 20.0, 20.0, 20.0, 20.0, 20.0, 20.0, 20.0, 20.0, 20.0, 20.0, 20.0, 20.0, 20.0, 20.0, 20.0, 20.0, 20.0, 20.0, 20.0, 20.0, 20.0, 20.0, 20.0, 20.0, 20.0, 20.0, 20.0, 20.0, 20.0]",-0.021046023815870285,-0.023073846474289894,0.0388,-0.0226,0.0264,0.2073,0.0483,-0.0483,0.0008,-9.8321,16.082,,95.0,,,,0.7677,0.9141,1.1937,229.98,15.0,1.225,0.0053,166.23,0.013,1,1.81,0.436,1,3,10,0.7,0.172,0,0.0,0,0
1790618420.0919368,47.3979709,8.5461638,0.03100000135600567,-0.004699564538896084,-0.006248255725950003,-0.06928181648254395,96.38,0.0,0.0,0.0,91.55784881591796,20.0,20.0,0.0,163.75537432526482,-1.02448791650989,0.003959535702184489,14.0,0.0,0.0,"[20.0, 20.0, 20.0, 20.0, 20.0, 20.0, 20.0, 20.0, 20.0, 20.0, 20.0, 20.0, 20.0, 20.0, 20.0, 20.0, 20.0, 20.0, 20.0, 20.0, 20.0, 20.0, 20.0, 20.0, 20.0, 20.0, 20.0, 20.0, 20.0, 20.0, 20.0, 20.0, 20.0, 20.0, 20.0, 20.0, 20.0, 20.0, 20.0, 20.0, 20.0, 20.0, 20.0, 20.0, 20.0, 20.0, 20.0, 20.0, 20.0, 20.0, 20.0, 20.0, 20.0, 20.0, 20.0, 20.0, 20.0, 20.0, 20.0, 20.0, 20.0, 20.0, 20.0, 20.0, 20.0, 20.0, 20.0, 20.0, 20.0, 20.0, 20.0, 20.0]",-0.021046023815870285,-0.023073846474289894,0.1088,0.2188,0.3164,0.5384,-0.0487,0.0068,-0.0044,-10.4949,16.082,,95.0,,,,0.7888,0.8796,1.1815,228.12,15.0,1.225,0.0078,233.05,0.009,1,2.01,0.441,1,3,10,0.7,0.179,0,0.0,0,0
1790618420.2937198,47.3979709,8.5461638,0.06800000369548798,-0.006970657035708427,-0.017384901642799377,-0.22542741894721985,96.38,0.0,0.0,0.0,91.55457008361816,20.0,20.0,0.0,161.0907123218193,-1.691516134996266,0.012740988219957606,14.0,0.0,0.0,"[20.0, 20.0, 20.0, 20.0, 20.0, 20.0, 20.0, 20.0, 20.0, 20.0, 20.0, 20.0, 20.0, 20.0, 20.0, 20.0, 20.0, 20.0, 20.0, 20.0, 20.0, 20.0, 20.0, 20.0, 20.0, 20.0, 20.0, 20.0, 20.0, 20.0, 20.0, 20.0, 20.0, 20.0, 20.0, 20.0, 20.0, 20.0, 20.0, 20.0, 20.0, 20.0, 20.0, 20.0, 20.0, 20.0, 20.0, 20.0, 20.0, 20.0, 20.0, 20.0, 20.0, 20.0, 20.0, 20.0, 20.0, 20.0, 20.0, 20.0, 20.0, 20.0, 20.0, 20.0, 20.0, 20.0, 20.0, 20.0, 20.0, 20.0, 20.0, 20.0]",-0.021046023815870285,-0.023073846474289894,0.1282,0.1711,-0.1069,-0.7255,0.018,0.0123,-0.0056,-10.6778,16.082,,95.0,,,,0.8271,1.0239,1.3162,231.07,15.0,1.22499,0.0187,248.15,0.005,1,2.21,0.445,1,3,10,0.7,0.221,0,0.0,0,0
1790618420.4940207,47.3979709,8.5461637,0.14000000059604645,-0.009087556041777134,-0.023669492453336716,-0.40316107869148254,96.38,0.0,0.0,0.0,91.5731209564209,20.0,20.0,0.0,96.72156967738215,-2.2260572858708008,-0.008946289347680155,14.0,0.0,0.0,"[20.0, 20.0, 20.0, 20.0, 20.0, 20.0, 20.0, 20.0, 20.0, 20.0, 20.0, 20.0, 20.0, 20.0, 20.0, 20.0, 20.0, 20.0, 20.0, 20.0, 20.0, 20.0, 20.0, 20.0, 20.0, 20.0, 20.0, 20.0, 20.0, 20.0, 20.0, 20.0, 20.0, 20.0, 20.0, 20.0, 20.0, 20.0, 20.0, 20.0, 20.0, 20.0, 20.0, 20.0, 20.0, 20.0, 20.0, 20.0, 20.0, 20.0, 20.0, 20.0, 20.0, 20.0, 20.0, 20.0, 20.0, 20.0, 20.0, 20.0, 20.0, 20.0, 20.0, 20.0, 20.0, 20.0, 20.0, 20.0, 20.0, 20.0, 20.0, 20.0]",-0.021046023815870285,-0.023073846474289894,0.0814,0.0149,-0.2225,-0.7746,-0.0376,-0.0014,-0.0019,-10.6874,16.082,,95.0,,,,0.7742,1.0903,1.3372,234.62,15.0,1.22498,0.0254,249.0,0.001,1,2.41,0.449,1,3,10,0.7,0.304,0,0.0,0,0
1790618420.6941943,47.3979709,8.5461637,0.25,-0.00888129137456417,-0.023495206609368324,-0.5811558961868286,96.38,-0.09937378847808254,0.7928397855705831,0.0,101.20244300842285,20.0,20.0,-0.0,-9.46529720681525,-2.183272198609496,-0.020177490310845807,14.0,0.0,0.30974403732873634,"[20.0, 20.0, 20.0, 20.0, 20.0, 20.0, 20.0, 20.0, 20.0, 20.0, 20.0, 20.0, 20.0, 20.0, 20.0, 20.0, 20.0, 20.0, 20.0, 20.0, 20.0, 20.0, 20.0, 20.0, 20.0, 20.0, 20.0, 20.0, 20.0, 20.0, 20.0, 20.0, 20.0, 20.0, 20.0, 20.0, 20.0, 20.0, 20.0, 20.0, 20.0, 20.0, 20.0, 20.0, 20.0, 20.0, 20.0, 20.0, 20.0, 20.0, 20.0, 20.0, 20.0, 20.0, 20.0, 20.0, 20.0, 20.0, 20.0, 20.0, 20.0, 20.0, 20.0, 20.0, 20.0, 20.0, 20.0, 20.0, 20.0, 20.0, 20.0, 20.0]",-0.021046023815870285,-0.023073846474289894,0.0504,-0.116,-0.0052,-0.5188,0.0069,-0.0055,-0.021,-10.6657,16.082,,95.0,,,,0.8203,1.1187,1.3872,233.75,15.0,1.22497,0.0251,249.29,0.005,1,2.61,0.455,1,3,10,0.7,0.385,0,0.0,0,0
1790618420.895218,47.3979709,8.5461636,0.4100000262260437,-0.009246651083230972,-0.018652211874723434,-0.7534118890762329,96.37,-0.1041293852575939,0.7718864224148881,0.0,101.19011985778809,20.0,20.0,-0.0,-15.986664522423268,-2.1493018998347124,-0.01373304171258629,14.0,0.0,0.2091028302539198,"[20.0, 20.0, 20.0, 20.0, 20.0, 20.0, 20.0, 20.0, 20.0, 20.0, 20.0, 20.0, 20.0, 20.0, 20.0, 20.0, 20.0, 20.0, 20.0, 20.0, 20.0, 20.0, 20.0, 20.0, 20.0, 20.0, 20.0, 20.0, 20.0, 20.0, 20.0, 20.0, 20.0, 20.0, 20.0, 20.0, 20.0, 20.0, 20.0, 20.0, 20.0, 20.0, 20.0, 20.0, 20.0, 20.0, 20.0, 20.0, 20.0, 20.0, 20.0, 20.0, 20.0, 20.0, 20.0, 20.0, 20.0, 20.0, 20.0, 20.0, 20.0, 20.0, 20.0, 20.0, 20.0, 20.0, 20.0, 20.0, 20.0, 20.0, 20.0, 20.0]",-0.021046023815870285,-0.023073846474289894,0.0556,-0.1944,0.0104,-0.2864,-0.0822,0.0019,-0.009,-10.6363,16.082,,95.0,,,,0.7699,1.0207,1.2785,232.97,15.0,1.22495,0.0208,243.63,0.009,1,2.81,0.459,1,3,10,0.7,0.601,0,0.0,0,0
1790618421.096189,47.3979709,8.5461636,0.5960000157356262,-0.011404572986066341,-0.010927935130894184,-0.9191905856132507,96.36,-0.09850310909029608,0.7944949811808844,0.0,101.18288932800294,20.0,20.0,-0.0,-8.775940682730806,-2.394509508026697,-0.007570985480749448,14.0,0.0,0.23135548455072535,"[20.0, 20.0, 20.0, 20.0, 20.0, 20.0, 20.0, 20.0, 20.0, 20.0, 20.0, 20.0, 20.0, 20.0, 20.0, 20.0, 20.0, 20.0, 20.0, 20.0, 20.0, 20.0, 20.0, 20.0, 20.0, 20.0, 20.0, 20.0, 20.0, 20.0, 20.0, 20.0, 20.0, 20.0, 20.0, 20.0, 20.0, 20.0, 20.0, 20.0, 20.0, 20.0, 20.0, 20.0, 20.0, 20.0, 20.0, 20.0, 20.0, 20.0, 20.0, 20.0, 20.0, 20.0, 20.0, 20.0, 20.0, 20.0, 20.0, 20.0, 20.0, 20.0, 20.0, 20.0, 20.0, 20.0, 20.0, 20.0, 20.0, 20.0, 20.0, 20.0]",-0.021046023815870285,-0.023073846474289894,0.045,-0.2159,-0.0708,0.0255,-0.0228,-0.0004,-0.0061,-10.6032,16.022,,92.0,,,,0.7437,1.0735,1.3059,235.28,15.0,1.22493,0.0158,223.78,0.011,1,3.01,0.461,1,3,10,0.7,0.802,0,0.0,0,0
1790618421.295988,47.3979709,8.5461636,0.812000036239624,-0.01303259190171957,-0.0027126504573971033,-1.0375536680221558,96.36,-0.08266641248220043,0.8078569764273857,0.0,91.55579887390138,20.0,20.0,0.0,6.440066139393167,-2.52946845643906,-0.0027308597781454096,14.0,0.0,0.5024012700628734,"[20.0, 20.0, 20.0, 20.0, 20.0, 20.0, 20.0, 20.0, 20.0, 20.0, 20.0, 20.0, 20.0, 20.0, 20.0, 20.0, 20.0, 20.0, 20.0, 20.0, 20.0, 20.0, 20.0, 20.0, 20.0, 20.0, 20.0, 20.0, 20.0, 20.0, 20.0, 20.0, 20.0, 20.0, 20.0, 20.0, 20.0, 20.0, 20.0, 20.0, 20.0, 20.0, 20.0, 20.0, 20.0, 20.0, 20.0, 20.0, 20.0, 20.0, 20.0, 20.0, 20.0, 20.0, 20.0, 20.0, 20.0, 20.0, 20.0, 20.0, 20.0, 20.0, 20.0, 20.0, 20.0, 20.0, 20.0, 20.0, 20.0, 20.0, 20.0, 20.0]",-0.021046023815870285,-0.023073846474289894,0.0129,-0.1917,-0.1852,0.1956,0.0018,-0.0032,0.0001,-9.8787,16.022,,92.0,,,,0.7331,1.0022,1.2417,233.81,14.99,1.2249,0.0133,191.76,0.01,1,3.21,0.464,1,3,10,0.7,0.966,0,0.0,0,0
1790618421.4969108,47.3979709,8.5461636,1.031000018119812,-0.01311536505818367,0.00505453534424305,-1.0614699125289917,96.36,-0.011077512421077892,0.09938454969742966,0.0,91.54038368225099,20.0,20.0,0.0,35.30988625592718,-2.3811261106637227,-0.001925481802343411,14.0,0.0,0.21326575763543082,"[20.0, 20.0, 20.0, 20.0, 20.0, 20.0, 20.0, 20.0, 20.0, 20.0, 20.0, 20.0, 20.0, 20.0, 20.0, 20.0, 20.0, 20.0, 20.0, 20.0, 20.0, 20.0, 20.0, 20.0, 20.0, 20.0, 20.0, 20.0, 20.0, 20.0, 20.0, 20.0, 20.0, 20.0, 20.0, 20.0, 20.0, 20.0, 20.0, 20.0, 20.0, 20.0, 20.0, 20.0, 20.0, 20.0, 20.0, 20.0, 20.0, 20.0, 20.0, 20.0, 20.0, 20.0, 20.0, 20.0, 20.0, 20.0, 20.0, 20.0, 20.0, 20.0, 20.0, 20.0, 20.0, 20.0, 20.0, 20.0, 20.0, 20.0, 20.0, 20.0]",-0.021046023815870285,-0.023073846474289894,-0.0224,-0.1364,-0.154,0.4267,-0.0052,-0.0008,-0.0111,-9.9883,16.022,,92.0,,,,0.7441,0.9974,1.2444,233.28,14.99,1.22488,0.0141,158.92,0.008,1,3.41,0.469,1,3,10,0.7,1.123,0,0.0,0,0
1790618421.697896,47.3979709,8.5461637,1.2510000467300415,-0.010179946199059486,0.01060685608536005,-1.0990601778030396,96.35000000000001,-0.007742116463387241,0.06957053710204734,0.0,91.5263610839844,20.0,20.0,0.0,73.16748326246636,-1.7077399765605654,-0.00518246148456009,14.0,0.0,0.0,"[20.0, 20.0, 20.0, 20.0, 20.0, 20.0, 20.0, 20.0, 20.0, 20.0, 20.0, 20.0, 20.0, 20.0, 20.0, 20.0, 20.0, 20.0, 20.0, 20.0, 20.0, 20.0, 20.0, 20.0, 20.0, 20.0, 20.0, 20.0, 20.0, 20.0, 20.0, 20.0, 20.0, 20.0, 20.0, 20.0, 20.0, 20.0, 20.0, 20.0, 20.0, 20.0, 20.0, 20.0, 20.0, 20.0, 20.0, 20.0, 20.0, 20.0, 20.0, 20.0, 20.0, 20.0, 20.0, 20.0, 20.0, 20.0, 20.0, 20.0, 20.0, 20.0, 20.0, 20.0, 20.0, 20.0, 20.0, 20.0, 20.0, 20.0, 20.0, 20.0]",-0.021046023815870285,-0.023073846474289894,-0.04,-0.0605,0.0492,0.3955,0.0032,0.0021,-0.0063,-10.0241,16.022,,92.0,,,,0.9057,0.9431,1.3076,226.16,14.99,1.22485,0.0147,133.82,0.007,1,3.61,0.474,1,3,10,0.7,1.318,0,0.0,0,0
1790618421.8987422,47.3979709,8.5461637,1.474000096321106,-0.004329744726419449,0.011896285228431225,-1.146970510482788,96.33,0.0,0.0,0.0,91.50992019653319,20.0,20.0,0.0,99.27660469570588,-0.5713586554949793,-0.004935552215203064,14.0,0.0,0.0,"[20.0, 20.0, 20.0, 20.0, 20.0, 20.0, 20.0, 20.0, 20.0, 20.0, 20.0, 20.0, 20.0, 20.0, 20.0, 20.0, 20.0, 20.0, 20.0, 20.0, 20.0, 20.0, 20.0, 20.0, 20.0, 20.0, 20.0, 20.0, 20.0, 20.0, 20.0, 20.0, 20.0, 20.0, 20.0, 20.0, 20.0, 20.0, 20.0, 20.0, 20.0, 20.0, 20.0, 20.0, 20.0, 20.0, 20.0, 20.0, 20.0, 20.0, 20.0, 20.0, 20.0, 20.0, 20.0, 20.0, 20.0, 20.0, 20.0, 20.0, 20.0, 20.0, 20.0, 20.0, 20.0, 20.0, 20.0, 20.0, 20.0, 20.0, 20.0, 20.0]",-0.021046023815870285,-0.023073846474289894,-0.0154,-0.0125,0.2874,0.1531,0.0034,-0.0087,-0.005,-10.0333,16.022,,92.0,,,,0.8746,0.9109,1.2629,226.16,14.99,1.22483,0.0127,110.0,0.005,1,3.82,0.477,1,3,10,0.7,1.523,0,0.0,0,0
1790618422.0989077,47.3979709,8.5461637,1.7050000429153442,-0.0018320776289328933,0.010613975115120411,-1.1860449314117432,96.32000000000001,0.0,0.0,0.0,91.5167544555664,20.0,20.0,0.0,114.27917639926244,-0.12462644417145957,-0.0050155177747503365,14.0,0.0,0.0,"[20.0, 20.0, 20.0, 20.0, 20.0, 20.0, 20.0, 20.0, 20.0, 20.0, 20.0, 20.0, 20.0, 20.0, 20.0, 20.0, 20.0, 20.0, 20.0, 20.0, 20.0, 20.0, 20.0, 20.0, 20.0, 20.0, 20.0, 20.0, 20.0, 20.0, 20.0, 20.0, 20.0, 20.0, 20.0, 20.0, 20.0, 20.0, 20.0, 20.0, 20.0, 20.0, 20.0, 20.0, 20.0, 20.0, 20.0, 20.0, 20.0, 20.0, 20.0, 20.0, 20.0, 20.0, 20.0, 20.0, 20.0, 20.0, 20.0, 20.0, 20.0, 20.0, 20.0, 20.0, 20.0, 20.0, 20.0, 20.0, 20.0, 20.0, 20.0, 20.0]",-0.021046023815870285,-0.023073846474289894,0.0281,-0.0027,0.1546,-0.0111,0.011,-0.0078,0.0014,-10.0173,16.022,,92.0,,,,0.806,0.9295,1.2303,229.07,14.99,1.2248,0.0108,99.79,0.005,1,4.02,0.478,1,3,10,0.7,1.776,0,0.0,0,0
1790618422.299478,47.3979709,8.5461638,1.9450000524520874,-0.0017281302716583014,0.009939284063875675,-1.2211560010910034,96.32000000000001,0.0,0.0,0.0,91.51514083862304,20.0,20.0,0.0,128.40883808780546,-0.11907932411763202,-0.006744196965893953,14.0,0.0,0.0,"[20.0, 20.0, 20.0, 20.0, 20.0, 20.0, 20.0, 20.0, 20.0, 20.0, 20.0, 20.0, 20.0, 20.0, 20.0, 20.0, 20.0, 20.0, 20.0, 20.0, 20.0, 20.0, 20.0, 20.0, 20.0, 20.0, 20.0, 20.0, 20.0, 20.0, 20.0, 20.0, 20.0, 20.0, 20.0, 20.0, 20.0, 20.0, 20.0, 20.0, 20.0, 20.0, 20.0, 20.0, 20.0, 20.0, 20.0, 20.0, 20.0, 20.0, 20.0, 20.0, 20.0, 20.0, 20.0, 20.0, 20.0, 20.0, 20.0, 20.0, 20.0, 20.0, 20.0, 20.0, 20.0, 20.0, 20.0, 20.0, 20.0, 20.0, 20.0, 20.0]",-0.021046023815870285,-0.023073846474289894,0.053,-0.0079,0.1112,-0.0996,-0.0051,-0.0102,-0.0107,-9.9977,16.022,,92.0,,,,0.9384,0.9166,1.3117,224.33,14.99,1.22477,0.0101,99.86,0.005,1,4.22,0.479,1,3,10,0.7,2.055,0,0.0,0,0
1790618422.499273,47.3979709,8.5461638,2.193000078201294,-0.0021900858264416456,0.00992365088313818,-1.2532603740692139,96.33,0.0,0.0,0.0,91.52808197021483,20.0,20.0,0.0,147.75795896536619,-0.20676127253541615,-0.009124071023226852,14.0,0.0,0.0,"[20.0, 20.0, 20.0, 20.0, 20.0, 20.0, 20.0, 20.0, 20.0, 20.0, 20.0, 20.0, 20.0, 20.0, 20.0, 20.0, 20.0, 20.0, 20.0, 20.0, 20.0, 20.0, 20.0, 20.0, 20.0, 20.0, 20.0, 20.0, 20.0, 20.0, 20.0, 20.0, 20.0, 20.0, 20.0, 20.0, 20.0, 20.0, 20.0, 20.0, 20.0, 20.0, 20.0, 20.0, 20.0, 20.0, 20.0, 20.0, 20.0, 20.0, 20.0, 20.0, 20.0, 20.0, 20.0, 20.0, 20.0, 20.0, 20.0, 20.0, 20.0, 20.0, 20.0, 20.0, 20.0, 20.0, 20.0, 20.0, 20.0, 20.0, 20.0, 20.0]",-0.021046023815870285,-0.023073846474289894,0.0575,-0.0084,0.03,0.0186,-0.0329,-0.0064,-0.0061,-9.9783,16.022,,92.0,,,,0.9999,1.1386,1.5154,228.71,14.99,1.22474,0.0102,102.45,0.006,1,4.42,0.482,1,3,10,0.7,2.293,0,0.0,0,0
1790618422.6998205,47.3979709,8.5461638,2.448000192642212,-0.002956621814519167,0.010133190080523491,-1.28116774559021,96.34,0.0,0.0,0.0,91.52418884277347,20.0,20.0,0.0,153.72260851002204,-0.34750409229986556,-0.010128770160553803,14.0,0.0,0.0,"[20.0, 20.0, 20.0, 20.0, 20.0, 20.0, 20.0, 20.0, 20.0, 20.0, 20.0, 20.0, 20.0, 20.0, 20.0, 20.0, 20.0, 20.0, 20.0, 20.0, 20.0, 20.0, 20.0, 20.0, 20.0, 20.0, 20.0, 20.0, 20.0, 20.0, 20.0, 20.0, 20.0, 20.0, 20.0, 20.0, 20.0, 20.0, 20.0, 20.0, 20.0, 20.0, 20.0, 20.0, 20.0, 20.0, 20.0, 20.0, 20.0, 20.0, 20.0, 20.0, 20.0, 20.0, 20.0, 20.0, 20.0, 20.0, 20.0, 20.0, 20.0, 20.0, 20.0, 20.0, 20.0, 20.0, 20.0, 20.0, 20.0, 20.0, 20.0, 20.0]",-0.021046023815870285,-0.023073846474289894,0.0522,0.013,-0.1087,0.1062,-0.079,-0.009,-0.0039,-9.958,16.022,,92.0,,,,0.9373,1.084,1.4331,229.15,14.98,1.22471,0.0106,106.27,0.01,1,4.62,0.485,1,3,10,0.7,2.526,0,0.0,0,0
1790618422.9001267,47.3979709,8.5461639,2.7070000171661377,-0.003419312182813883,0.00983562134206295,-1.3058693408966064,96.35000000000001,0.0,0.0,0.0,91.54421958923342,20.0,20.0,0.0,159.16379101259452,-0.44126388647943415,-0.010311273007323214,14.0,0.0,0.0,"[20.0, 20.0, 20.0, 20.0, 20.0, 20.0, 20.0, 20.0, 20.0, 20.0, 20.0, 20.0, 20.0, 20.0, 20.0, 20.0, 20.0, 20.0, 20.0, 20.0, 20.0, 20.0, 20.0, 20.0, 20.0, 20.0, 20.0, 20.0, 20.0, 20.0, 20.0, 20.0, 20.0, 20.0, 20.0, 20.0, 20.0, 20.0, 20.0, 20.0, 20.0, 20.0, 20.0, 20.0, 20.0, 20.0, 20.0, 20.0, 20.0, 20.0, 20.0, 20.0, 20.0, 20.0, 20.0, 20.0, 20.0, 20.0, 20.0, 20.0, 20.0, 20.0, 20.0, 20.0, 20.0, 20.0, 20.0, 20.0, 20.0, 20.0, 20.0, 20.0]",-0.021046023815870285,-0.023073846474289894,0.0428,0.0464,-0.0554,0.1221,-0.003,-0.0096,-0.0138,-9.9414,16.022,,92.0,,,,0.9995,0.8464,1.3097,220.26,14.98,1.22468,0.0104,109.17,0.013,1,4.82,0.488,1,3,10,0.7,2.738,0,0.0,0,0
1790618423.1016145,47.397970799999996,8.5461639,2.9680001735687256,-0.005011019296944141,0.006180926691740751,-1.327955961227417,96.35000000000001,0.0,0.0,0.0,91.5249134063721,20.0,20.0,0.0,151.67077289699762,-0.8205445557228063,-0.007934064269701085,14.0,0.0,0.0,"[20.0, 20.0, 20.0, 20.0, 20.0, 20.0, 20.0, 20.0, 20.0, 20.0, 20.0, 20.0, 20.0, 20.0, 20.0, 20.0, 20.0, 20.0, 20.0, 20.0, 20.0, 20.0, 20.0, 20.0, 20.0, 20.0, 20.0, 20.0, 20.0, 20.0, 20.0, 20.0, 20.0, 20.0, 20.0, 20.0, 20.0, 20.0, 20.0, 20.0, 20.0, 20.0, 20.0, 20.0, 20.0, 20.0, 20.0, 20.0, 20.0, 20.0, 20.0, 20.0, 20.0, 20.0, 20.0, 20.0, 20.0, 20.0, 20.0, 20.0, 20.0, 20.0, 20.0, 20.0, 20.0, 20.0, 20.0, 20.0, 20.0, 20.0, 20.0, 20.0]",-0.021046023815870285,-0.023073846474289894,0.0285,0.0644,-0.1166,-0.0389,-0.0298,-0.0083,-0.0066,-9.9335,15.962,,88.0,,,,1.0612,0.8808,1.3791,219.69,14.98,1.22465,0.008,129.03,0.014,1,5.02,0.491,1,3,10,0.7,2.995,0,0.0,0,0
1790618423.3022938,47.397970799999996,8.5461638,3.2360000610351562,-0.0035352434497326612,0.0017340813064947724,-1.3489638566970825,96.34,0.0,0.0,0.0,91.51592620849613,20.0,20.0,0.0,144.84886399606455,-0.6344543114020066,-0.003641041398015282,14.0,0.0,0.0,"[20.0, 20.0, 20.0, 20.0, 20.0, 20.0, 20.0, 20.0, 20.0, 20.0, 20.0, 20.0, 20.0, 20.0, 20.0, 20.0, 20.0, 20.0, 20.0, 20.0, 20.0, 20.0, 20.0, 20.0, 20.0, 20.0, 20.0, 20.0, 20.0, 20.0, 20.0, 20.0, 20.0, 20.0, 20.0, 20.0, 20.0, 20.0, 20.0, 20.0, 20.0, 20.0, 20.0, 20.0, 20.0, 20.0, 20.0, 20.0, 20.0, 20.0, 20.0, 20.0, 20.0, 20.0, 20.0, 20.0, 20.0, 20.0, 20.0, 20.0, 20.0, 20.0, 20.0, 20.0, 20.0, 20.0, 20.0, 20.0, 20.0, 20.0, 20.0, 20.0]",-0.021046023815870285,-0.023073846474289894,0.0052,0.0343,-0.0855,-0.2303,0.002,0.0021,-0.0082,-9.9148,15.962,,88.0,,,,1.145,1.024,1.5361,221.81,14.98,1.22462,0.0039,153.87,0.012,1,5.22,0.493,1,3,10,0.7,3.232,0,0.0,0,0
1790618423.5028007,47.3979709,8.5461638,3.507000207901001,-0.001097645377740264,-0.00144155602902174,-1.3669254779815674,96.33,0.0,0.0,0.0,91.51423461914061,20.0,20.0,0.0,139.04687923476098,-0.2387103700147096,0.00017146094100598116,14.0,0.0,0.0,"[20.0, 20.0, 20.0, 20.0, 20.0, 20.0, 20.0, 20.0, 20.0, 20.0, 20.0, 20.0, 20.0, 20.0, 20.0, 20.0, 20.0, 20.0, 20.0, 20.0, 20.0, 20.0, 20.0, 20.0, 20.0, 20.0, 20.0, 20.0, 20.0, 20.0, 20.0, 20.0, 20.0, 20.0, 20.0, 20.0, 20.0, 20.0, 20.0, 20.0, 20.0, 20.0, 20.0, 20.0, 20.0, 20.0, 20.0, 20.0, 20.0, 20.0, 20.0, 20.0, 20.0, 20.0, 20.0, 20.0, 20.0, 20.0, 20.0, 20.0, 20.0, 20.0, 20.0, 20.0, 20.0, 20.0, 20.0, 20.0, 20.0, 20.0, 20.0, 20.0]",-0.021046023815870285,-0.023073846474289894,0.0172,-0.0237,0.1668,-0.3274,-0.0097,-0.0051,-0.0055,-9.8843,15.962,,88.0,,,,1.0921,1.1279,1.57,225.92,14.98,1.22459,0.0018,232.71,0.008,1,5.42,0.498,1,3,10,0.7,3.584,0,0.0,0,0
1790618423.7030218,47.3979709,8.5461637,3.7800002098083496,0.00047197286039590836,-0.002209304366260767,-1.3826358318328857,96.33,0.0,0.0,0.0,91.52608497619627,20.0,20.0,0.0,115.85639396968969,0.04306906709366873,0.0011832688164532708,14.0,0.0,0.0,"[20.0, 20.0, 20.0, 20.0, 20.0, 20.0, 20.0, 20.0, 20.0, 20.0, 20.0, 20.0, 20.0, 20.0, 20.0, 20.0, 20.0, 20.0, 20.0, 20.0, 20.0, 20.0, 20.0, 20.0, 20.0, 20.0, 20.0, 20.0, 20.0, 20.0, 20.0, 20.0, 20.0, 20.0, 20.0, 20.0, 20.0, 20.0, 20.0, 20.0, 20.0, 20.0, 20.0, 20.0, 20.0, 20.0, 20.0, 20.0, 20.0, 20.0, 20.0, 20.0, 20.0, 20.0, 20.0, 20.0, 20.0, 20.0, 20.0, 20.0, 20.0, 20.0, 20.0, 20.0, 20.0, 20.0, 20.0, 20.0, 20.0, 20.0, 20.0, 20.0]",-0.021046023815870285,-0.023073846474289894,0.0478,-0.0894,0.2183,-0.2761,0.0477,-0.0044,-0.0013,-9.8793,15.962,,88.0,,,,1.0084,1.2492,1.6054,231.09,14.98,1.22456,0.0023,282.06,0.003,1,5.62,0.503,1,3,10,0.7,3.866,0,0.0,0,0
1790618423.9039361,47.3979709,8.5461637,4.057000160217285,0.0006206735270097852,1.6136806152644567e-05,-1.396765112876892,96.34,-0.06713172002586401,0.7730565852391343,0.0,91.51794036865238,20.0,20.0,0.0,16.723205241337922,0.11815509560438588,0.0001277370598213331,14.0,0.0,0.5420099900438058,"[20.0, 20.0, 20.0, 20.0, 20.0, 20.0, 20.0, 20.0, 20.0, 20.0, 20.0, 20.0, 20.0, 20.0, 20.0, 20.0, 20.0, 20.0, 20.0, 20.0, 20.0, 20.0, 20.0, 20.0, 20.0, 20.0, 20.0, 20.0, 20.0, 20.0, 20.0, 20.0, 20.0, 20.0, 20.0, 20.0, 20.0, 20.0, 20.0, 20.0, 20.0, 20.0, 20.0, 20.0, 20.0, 20.0, 20.0, 20.0, 20.0, 20.0, 20.0, 20.0, 20.0, 20.0, 20.0, 20.0, 20.0, 20.0, 20.0, 20.0, 20.0, 20.0, 20.0, 20.0, 20.0, 20.0, 20.0, 20.0, 20.0, 20.0, 20.0, 20.0]",-0.021046023815870285,-0.023073846474289894,0.078,-0.1258,0.1633,-0.0561,0.0609,-0.0019,-0.0027,-9.8535,15.962,,88.0,,,,1.0722,1.3181,1.6991,230.88,14.97,1.22452,0.0006,1.49,0.001,1,5.82,0.506,1,3,10,0.7,4.192,0,0.0,0,0
1790618424.105147,47.3979709,8.5461637,4.337000370025635,-0.0006920062005519867,0.0028430758975446224,-1.4094992876052856,96.36,-0.011077512421077892,0.09938454969742966,0.0,101.18607650756837,20.0,20.0,-0.0,-30.264747781117137,-0.07120050429392166,0.0026945698633140075,14.0,0.0,0.5415588871008705,"[20.0, 20.0, 20.0, 20.0, 20.0, 20.0, 20.0, 20.0, 20.0, 20.0, 20.0, 20.0, 20.0, 20.0, 20.0, 20.0, 20.0, 20.0, 20.0, 20.0, 20.0, 20.0, 20.0, 20.0, 20.0, 20.0, 20.0, 20.0, 20.0, 20.0, 20.0, 20.0, 20.0, 20.0, 20.0, 20.0, 20.0, 20.0, 20.0, 20.0, 20.0, 20.0, 20.0, 20.0, 20.0, 20.0, 20.0, 20.0, 20.0, 20.0, 20.0, 20.0, 20.0, 20.0, 20.0, 20.0, 20.0, 20.0, 20.0, 20.0, 20.0, 20.0, 20.0, 20.0, 20.0, 20.0, 20.0, 20.0, 20.0, 20.0, 20.0, 20.0]",-0.021046023815870285,-0.023073846474289894,0.1083,-0.1359,0.128,-0.0543,0.051,-0.0003,-0.0017,-9.8599,15.962,,88.0,,,,0.9303,1.2878,1.5887,234.16,14.97,1.22449,0.0029,103.68,0.004,1,6.02,0.51,1,3,10,0.7,4.467,0,0.0,0,0
1790618424.305921,47.3979709,8.5461637,4.622000217437744,-0.004104256629943848,0.005011124070733786,-1.4212082624435425,96.37,-0.0261967179241055,0.2266070650126767,0.0,101.19390785217286,20.0,20.0,-0.0,-20.158503182737945,-0.6728011387122435,0.006316651586621096,14.0,0.0,0.025956091221855437,"[20.0, 20.0, 20.0, 20.0, 20.0, 20.0, 20.0, 20.0, 20.0, 20.0, 20.0, 20.0, 20.0, 20.0, 20.0, 20.0, 20.0, 20.0, 20.0, 20.0, 20.0, 20.0, 20.0, 20.0, 20.0, 20.0, 20.0, 20.0, 20.0, 20.0, 20.0, 20.0, 20.0, 20.0, 20.0, 20.0, 20.0, 20.0, 20.0, 20.0, 20.0, 20.0, 20.0, 20.0, 20.0, 20.0, 20.0, 20.0, 20.0, 20.0, 20.0, 20.0, 20.0, 20.0, 20.0, 20.0, 20.0, 20.0, 20.0, 20.0, 20.0, 20.0, 20.0, 20.0, 20.0, 20.0, 20.0, 20.0, 20.0, 20.0, 20.0, 20.0]",-0.021046023815870285,-0.023073846474289894,0.1109,-0.1317,-0.0883,-0.0492,0.0192,0.002,-0.0129,-9.8463,15.962,,88.0,,,,0.9127,1.4909,1.7481,238.53,14.97,1.22446,0.0065,129.32,0.006,1,6.22,0.511,1,3,10,0.7,4.714,0,0.0,0,0
1790618424.5071049,47.3979709,8.5461636,4.910000324249268,-0.0075700245797634125,0.007523363921791315,-1.4315294027328491,96.37,-0.09518045894682658,0.8719089020186976,0.0,94.61964534349795,20.0,20.0,-0.0,1.7503546565020827,-1.2772134322530906,0.008108617943019883,14.0,0.0,0.08829618777351601,"[20.0, 20.0, 20.0, 20.0, 20.0, 20.0, 20.0, 20.0, 20.0, 20.0, 20.0, 20.0, 20.0, 20.0, 20.0, 20.0, 20.0, 20.0, 20.0, 20.0, 20.0, 20.0, 20.0, 20.0, 20.0, 20.0, 20.0, 20.0, 20.0, 20.0, 20.0, 20.0, 20.0, 20.0, 20.0, 20.0, 20.0, 20.0, 20.0, 20.0, 20.0, 20.0, 20.0, 20.0, 20.0, 20.0, 20.0, 20.0, 20.0, 20.0, 20.0, 20.0, 20.0, 20.0, 20.0, 20.0, 20.0, 20.0, 20.0, 20.0, 20.0, 20.0, 20.0, 20.0, 20.0, 20.0, 20.0, 20.0, 20.0, 20.0, 20.0, 20.0]",-0.021046023815870285,-0.023073846474289894,0.0879,-0.1272,-0.1073,-0.0176,-0.032,-0.0068,-0.0006,-9.8373,15.962,,88.0,,,,1.0046,1.4281,1.7461,234.88,14.97,1.22442,0.0107,135.18,0.006,1,6.42,0.514,1,3,10,0.7,5.033,0,0.0,0,0
1790618424.7076192,47.3979709,8.5461637,5.199000358581543,-0.010247387923300266,0.010369682684540749,-1.4405080080032349,96.37,-0.011094858128447972,0.09938261479307944,0.0,91.56448280334473,20.0,20.0,0.0,41.749068382351,-1.724773245791521,0.0025217435684118175,14.0,0.0,0.06254538660763542,"[20.0, 20.0, 20.0, 20.0, 20.0, 20.0, 20.0, 20.0, 20.0, 20.0, 20.0, 20.0, 20.0, 20.0, 20.0, 20.0, 20.0, 20.0, 20.0, 20.0, 20.0, 20.0, 20.0, 20.0, 20.0, 20.0, 20.0, 20.0, 20.0, 20.0, 20.0, 20.0, 20.0, 20.0, 20.0, 20.0, 20.0, 20.0, 20.0, 20.0, 20.0, 20.0, 20.0, 20.0, 20.0, 20.0, 20.0, 20.0, 20.0, 20.0, 20.0, 20.0, 20.0, 20.0, 20.0, 20.0, 20.0, 20.0, 20.0, 20.0, 20.0, 20.0, 20.0, 20.0, 20.0, 20.0, 20.0, 20.0, 20.0, 20.0, 20.0, 20.0]",-0.021046023815870285,-0.023073846474289894,0.0391,-0.1045,-0.2619,0.0227,-0.0469,-0.0003,-0.0058,-9.8232,15.962,,88.0,,,,1.0836,1.4119,1.7798,232.49,14.97,1.22439,0.0146,134.66,0.006,1,6.62,0.518,1,3,10,0.7,5.29,0,0.0,0,0
1790618424.9079165,47.397970799999996,8.5461637,5.48900032043457,-0.010733870789408684,0.012810076586902142,-1.4480589628219604,96.37,-0.007766400689913579,0.0695678303551556,0.0,91.55206024169922,20.0,20.0,0.0,81.84761485648175,-1.7653623160926926,-0.007178688680958557,14.0,0.0,0.0,"[20.0, 20.0, 20.0, 20.0, 20.0, 20.0, 20.0, 20.0, 20.0, 20.0, 20.0, 20.0, 20.0, 20.0, 20.0, 20.0, 20.0, 20.0, 20.0, 20.0, 20.0, 20.0, 20.0, 20.0, 20.0, 20.0, 20.0, 20.0, 20.0, 20.0, 20.0, 20.0, 20.0, 20.0, 20.0, 20.0, 20.0, 20.0, 20.0, 20.0, 20.0, 20.0, 20.0, 20.0, 20.0, 20.0, 20.0, 20.0, 20.0, 20.0, 20.0, 20.0, 20.0, 20.0, 20.0, 20.0, 20.0, 20.0, 20.0, 20.0, 20.0, 20.0, 20.0, 20.0, 20.0, 20.0, 20.0, 20.0, 20.0, 20.0, 20.0, 20.0]",-0.021046023815870285,-0.023073846474289894,-0.0083,-0.0626,-0.2632,0.1628,-0.0491,-0.0139,-0.0105,-9.8386,15.962,,88.0,,,,1.1415,1.4559,1.8501,231.9,14.96,1.22435,0.0167,129.96,0.007,1,6.82,0.522,1,3,10,0.7,5.562,0,0.0,0,0
1790618425.1080444,47.397970799999996,8.5461638,5.777000427246094,-0.008082660846412182,0.015069080516695976,-1.4552440643310547,96.35000000000001,0.0,0.0,0.0,91.54456291198733,20.0,20.0,0.0,114.93839715800948,-1.2157116700658628,-0.012464543733954277,14.0,0.0,0.0,"[20.0, 20.0, 20.0, 20.0, 20.0, 20.0, 20.0, 20.0, 20.0, 20.0, 20.0, 20.0, 20.0, 20.0, 20.0, 20.0, 20.0, 20.0, 20.0, 20.0, 20.0, 20.0, 20.0, 20.0, 20.0, 20.0, 20.0, 20.0, 20.0, 20.0, 20.0, 20.0, 20.0, 20.0, 20.0, 20.0, 20.0, 20.0, 20.0, 20.0, 20.0, 20.0, 20.0, 20.0, 20.0, 20.0, 20.0, 20.0, 20.0, 20.0, 20.0, 20.0, 20.0, 20.0, 20.0, 20.0, 20.0, 20.0, 20.0, 20.0, 20.0, 20.0, 20.0, 20.0, 20.0, 20.0, 20.0, 20.0, 20.0, 20.0, 20.0, 20.0]",-0.021046023815870285,-0.023073846474289894,-0.0321,-0.0132,0.0361,0.2369,-0.0424,-0.0064,-0.0129,-9.8343,15.902,,85.0,,,,1.1635,1.4795,1.8822,231.82,14.96,1.22432,0.0171,118.21,0.009,1,7.02,0.527,1,3,10,0.7,5.8,0,0.0,0,0
1790618425.3082848,47.397970799999996,8.5461638,6.066000461578369,-0.004390432965010405,0.015312517061829567,-1.4613946676254272,96.34,0.0,0.0,0.0,91.53438552856448,20.0,20.0,0.0,140.432622181478,-0.5104246342714972,-0.013808039291894699,14.0,0.0,0.0,"[20.0, 20.0, 20.0, 20.0, 20.0, 20.0, 20.0, 20.0, 20.0, 20.0, 20.0, 20.0, 20.0, 20.0, 20.0, 20.0, 20.0, 20.0, 20.0, 20.0, 20.0, 20.0, 20.0, 20.0, 20.0, 20.0, 20.0, 20.0, 20.0, 20.0, 20.0, 20.0, 20.0, 20.0, 20.0, 20.0, 20.0, 20.0, 20.0, 20.0, 20.0, 20.0, 20.0, 20.0, 20.0, 20.0, 20.0, 20.0, 20.0, 20.0, 20.0, 20.0, 20.0, 20.0, 20.0, 20.0, 20.0, 20.0, 20.0, 20.0, 20.0, 20.0, 20.0, 20.0, 20.0, 20.0, 20.0, 20.0, 20.0, 20.0, 20.0, 20.0]",-0.021046023815870285,-0.023073846474289894,-0.006,0.0459,0.1745,0.3452,-0.0303,0.0003,-0.0077,-9.8248,15.902,,85.0,,,,1.1475,1.493,1.8831,232.45,14.96,1.22429,0.0159,106.0,0.011,1,7.22,0.532,1,3,10,0.7,6.069,0,0.0,0,0
1790618425.508879,47.397970799999996,8.5461639,6.3560004234313965,-0.002495324471965432,0.013406778685748577,-1.4677296876907349,96.33,0.0,0.0,0.0,91.51555068969725,20.0,20.0,0.0,155.01382627577874,-0.19135775390988669,-0.012750544415971028,14.0,0.0,0.0,"[20.0, 20.0, 20.0, 20.0, 20.0, 20.0, 20.0, 20.0, 20.0, 20.0, 20.0, 20.0, 20.0, 20.0, 20.0, 20.0, 20.0, 20.0, 20.0, 20.0, 20.0, 20.0, 20.0, 20.0, 20.0, 20.0, 20.0, 20.0, 20.0, 20.0, 20.0, 20.0, 20.0, 20.0, 20.0, 20.0, 20.0, 20.0, 20.0, 20.0, 20.0, 20.0, 20.0, 20.0, 20.0, 20.0, 20.0, 20.0, 20.0, 20.0, 20.0, 20.0, 20.0, 20.0, 20.0, 20.0, 20.0, 20.0, 20.0, 20.0, 20.0, 20.0, 20.0, 20.0, 20.0, 20.0, 20.0, 20.0, 20.0, 20.0, 20.0, 20.0]",-0.021046023815870285,-0.023073846474289894,0.0296,0.088,0.1157,0.1657,-0.039,-0.0016,-0.0032,-9.824,15.902,,85.0,,,,1.2518,1.5128,1.9635,230.39,14.96,1.22425,0.0136,100.54,0.015,1,7.43,0.537,1,3,10,0.7,6.306,0,0.0,0,0
1790618425.7108285,47.3979709,8.5461639,6.647000312805176,-0.0011165330652147532,0.00986472051590681,-1.4736756086349487,96.32000000000001,0.0,0.0,0.0,91.49675590515136,20.0,20.0,0.0,165.05204685450383,-0.004550535948484731,-0.009597876494899973,14.0,0.0,0.0,"[20.0, 20.0, 20.0, 20.0, 20.0, 20.0, 20.0, 20.0, 20.0, 20.0, 20.0, 20.0, 20.0, 20.0, 20.0, 20.0, 20.0, 20.0, 20.0, 20.0, 20.0, 20.0, 20.0, 20.0, 20.0, 20.0, 20.0, 20.0, 20.0, 20.0, 20.0, 20.0, 20.0, 20.0, 20.0, 20.0, 20.0, 20.0, 20.0, 20.0, 20.0, 20.0, 20.0, 20.0, 20.0, 20.0, 20.0, 20.0, 20.0, 20.0, 20.0, 20.0, 20.0, 20.0, 20.0, 20.0, 20.0, 20.0, 20.0, 20.0, 20.0, 20.0, 20.0, 20.0, 20.0, 20.0, 20.0, 20.0, 20.0, 20.0, 20.0, 20.0]",-0.021046023815870285,-0.023073846474289894,0.055,0.1139,0.1845,0.124,0.0269,-0.0103,-0.0051,-9.8179,15.902,,85.0,,,,1.3017,1.3228,1.8558,225.46,14.96,1.22422,0.0099,96.46,0.018,1,7.63,0.542,1,3,10,0.7,6.645,0,0.0,0,0
1790618425.9102569,47.3979709,8.546164,6.940000534057617,-0.0014974980149418116,0.0054448689334094524,-1.47799813747406,96.33,0.0,0.0,0.0,91.52421386718748,20.0,20.0,0.0,168.24059028605888,-0.169603748270312,-0.005640720390456407,14.0,0.0,0.0,"[20.0, 20.0, 20.0, 20.0, 20.0, 20.0, 20.0, 20.0, 20.0, 20.0, 20.0, 20.0, 20.0, 20.0, 20.0, 20.0, 20.0, 20.0, 20.0, 20.0, 20.0, 20.0, 20.0, 20.0, 20.0, 20.0, 20.0, 20.0, 20.0, 20.0, 20.0, 20.0, 20.0, 20.0, 20.0, 20.0, 20.0, 20.0, 20.0, 20.0, 20.0, 20.0, 20.0, 20.0, 20.0, 20.0, 20.0, 20.0, 20.0, 20.0, 20.0, 20.0, 20.0, 20.0, 20.0, 20.0, 20.0, 20.0, 20.0, 20.0, 20.0, 20.0, 20.0, 20.0, 20.0, 20.0, 20.0, 20.0, 20.0, 20.0, 20.0, 20.0]",-0.021046023815870285,-0.023073846474289894,0.0695,0.1219,-0.0148,0.0169,0.0233,-0.0142,-0.0052,-9.813,15.902,,85.0,,,,1.3675,1.1339,1.7765,219.66,14.95,1.22418,0.0056,105.38,0.022,1,7.83,0.545,1,3,10,0.7,6.94,0,0.0,0,0
1790618426.1108654,47.397970799999996,8.546164,7.2330002784729,-0.0030851801857352257,-0.00040087284287437797,-1.4819817543029785,96.33,0.0,0.0,0.0,91.51264961242674,20.0,20.0,0.0,164.49300567061,-0.5940536478057624,-0.0007754774552729395,14.0,0.0,0.0,"[20.0, 20.0, 20.0, 20.0, 20.0, 20.0, 20.0, 20.0, 20.0, 20.0, 20.0, 20.0, 20.0, 20.0, 20.0, 20.0, 20.0, 20.0, 20.0, 20.0, 20.0, 20.0, 20.0, 20.0, 20.0, 20.0, 20.0, 20.0, 20.0, 20.0, 20.0, 20.0, 20.0, 20.0, 20.0, 20.0, 20.0, 20.0, 20.0, 20.0, 20.0, 20.0, 20.0, 20.0, 20.0, 20.0, 20.0, 20.0, 20.0, 20.0, 20.0, 20.0, 20.0, 20.0, 20.0, 20.0, 20.0, 20.0, 20.0, 20.0, 20.0, 20.0, 20.0, 20.0, 20.0, 20.0, 20.0, 20.0, 20.0, 20.0, 20.0, 20.0]",-0.021046023815870285,-0.023073846474289894,0.0631,0.1107,-0.1182,-0.1595,-0.0241,-0.0055,0.0004,-9.8137,15.902,,85.0,,,,1.4017,1.0376,1.7439,216.51,14.95,1.22415,0.0031,187.4,0.023,1,8.03,0.547,1,3,10,0.7,7.286,0,0.0,0,0
1790618426.3111842,47.397970799999996,8.546164,7.526000499725342,-0.004928070120513439,-0.006215712055563927,-1.4702770709991455,96.33,0.0,0.0,0.0,91.52245719909666,20.0,20.0,0.0,154.73904232631054,-1.0662157530032617,0.002713026479947445,14.0,0.0,0.0,"[20.0, 20.0, 20.0, 20.0, 20.0, 20.0, 20.0, 20.0, 20.0, 20.0, 20.0, 20.0, 20.0, 20.0, 20.0, 20.0, 20.0, 20.0, 20.0, 20.0, 20.0, 20.0, 20.0, 20.0, 20.0, 20.0, 20.0, 20.0, 20.0, 20.0, 20.0, 20.0, 20.0, 20.0, 20.0, 20.0, 20.0, 20.0, 20.0, 20.0, 20.0, 20.0, 20.0, 20.0, 20.0, 20.0, 20.0, 20.0, 20.0, 20.0, 20.0, 20.0, 20.0, 20.0, 20.0, 20.0, 20.0, 20.0, 20.0, 20.0, 20.0, 20.0, 20.0, 20.0, 20.0, 20.0, 20.0, 20.0, 20.0, 20.0, 20.0, 20.0]",-0.021046023815870285,-0.023073846474289894,0.0224,0.073,-0.2896,-0.2507,0.0045,-0.0033,-0.0092,-9.3832,15.902,,85.0,,,,1.4068,0.8942,1.667,212.44,14.95,1.22412,0.0079,231.59,0.023,1,8.23,0.551,1,3,10,0.7,7.531,0,0.0,0,0
1790618426.511915,47.397970799999996,8.546164,7.804000377655029,-0.005637961905449629,-0.009671950712800026,-1.356256127357483,96.33,0.0,0.0,0.0,91.5109787750244,20.0,20.0,0.0,143.61017653148895,-1.2736601475048488,0.003280916242697173,14.0,0.0,0.0,"[20.0, 20.0, 20.0, 20.0, 20.0, 20.0, 20.0, 20.0, 20.0, 20.0, 20.0, 20.0, 20.0, 20.0, 20.0, 20.0, 20.0, 20.0, 20.0, 20.0, 20.0, 20.0, 20.0, 20.0, 20.0, 20.0, 20.0, 20.0, 20.0, 20.0, 20.0, 20.0, 20.0, 20.0, 20.0, 20.0, 20.0, 20.0, 20.0, 20.0, 20.0, 20.0, 20.0, 20.0, 20.0, 20.0, 20.0, 20.0, 20.0, 20.0, 20.0, 20.0, 20.0, 20.0, 20.0, 20.0, 20.0, 20.0, 20.0, 20.0, 20.0, 20.0, 20.0, 20.0, 20.0, 20.0, 20.0, 20.0, 20.0, 20.0, 20.0, 20.0]",-0.021046023815870285,-0.023073846474289894,-0.0304,0.0214,-0.2644,-0.2358,0.1095,-0.0031,-0.008,-9.2757,15.902,,85.0,,,,1.4844,0.8287,1.7,209.17,14.95,1.22408,0.0112,239.76,0.024,1,8.43,0.556,1,3,10,0.7,7.839,0,0.0,0,0
1790618426.7130783,47.397970699999995,8.5461639,8.056000709533691,-0.005003688391298056,-0.011826159432530403,-1.2612338066101074,96.32000000000001,0.0,0.0,0.0,91.49594337463378,20.0,20.0,0.0,130.07796311020581,-1.1982844207272398,0.0024116002667123465,14.0,0.0,0.0,"[20.0, 20.0, 20.0, 20.0, 20.0, 20.0, 20.0, 20.0, 20.0, 20.0, 20.0, 20.0, 20.0, 20.0, 20.0, 20.0, 20.0, 20.0, 20.0, 20.0, 20.0, 20.0, 20.0, 20.0, 20.0, 20.0, 20.0, 20.0, 20.0, 20.0, 20.0, 20.0, 20.0, 20.0, 20.0, 20.0, 20.0, 20.0, 20.0, 20.0, 20.0, 20.0, 20.0, 20.0, 20.0, 20.0, 20.0, 20.0, 20.0, 20.0, 20.0, 20.0, 20.0, 20.0, 20.0, 20.0, 20.0, 20.0, 20.0, 20.0, 20.0, 20.0, 20.0, 20.0, 20.0, 20.0, 20.0, 20.0, 20.0, 20.0, 20.0, 20.0]",-0.021046023815870285,-0.023073846474289894,-0.0803,-0.0171,-0.2355,-0.2652,0.0985,-0.0089,0.0008,-9.3792,15.902,,85.0,,,,1.6084,0.8962,1.8413,209.13,14.95,1.22405,0.0128,247.07,0.026,1,8.63,0.562,1,3,10,0.7,8.086,0,0.0,0,0
1790618426.914363,47.397970699999995,8.5461639,8.289999961853027,-0.002430080436170101,-0.011742056347429752,-1.1777055263519287,96.32000000000001,0.0,0.0,0.0,91.49859268188476,20.0,20.0,0.0,117.64283090690964,-0.7081191953023412,0.002005942677448373,14.0,0.0,0.0,"[20.0, 20.0, 20.0, 20.0, 20.0, 20.0, 20.0, 20.0, 20.0, 20.0, 20.0, 20.0, 20.0, 20.0, 20.0, 20.0, 20.0, 20.0, 20.0, 20.0, 20.0, 20.0, 20.0, 20.0, 20.0, 20.0, 20.0, 20.0, 20.0, 20.0, 20.0, 20.0, 20.0, 20.0, 20.0, 20.0, 20.0, 20.0, 20.0, 20.0, 20.0, 20.0, 20.0, 20.0, 20.0, 20.0, 20.0, 20.0, 20.0, 20.0, 20.0, 20.0, 20.0, 20.0, 20.0, 20.0, 20.0, 20.0, 20.0, 20.0, 20.0, 20.0, 20.0, 20.0, 20.0, 20.0, 20.0, 20.0, 20.0, 20.0, 20.0, 20.0]",-0.021046023815870285,-0.023073846474289894,-0.1191,-0.0597,-0.2221,-0.2294,0.1011,0.0014,-0.0056,-9.4019,15.902,,85.0,,,,1.4483,0.923,1.7174,212.51,14.95,1.22403,0.012,258.31,0.028,1,8.83,0.568,1,3,10,0.7,8.325,0,0.0,0,0
1790618428.1322691,47.397970699999995,8.546164,9.36400032043457,0.016487890854477882,-0.002248864620923996,-0.5798596739768982,96.36,0.0,0.0,0.0,91.53725372314454,20.0,20.0,0.9871176397427917,96.73589780196392,3.0790294538221183,0.016566239929918538,14.0,0.0,0.0,"[20.0, 20.0, 20.0, 20.0, 20.0, 20.0, 20.0, 20.0, 20.0, 20.0, 20.0, 20.0, 20.0, 20.0, 20.0, 20.0, 20.0, 20.0, 20.0, 20.0, 20.0, 20.0, 20.0, 20.0, 20.0, 20.0, 20.0, 20.0, 20.0, 20.0, 20.0, 20.0, 20.0, 20.0, 20.0, 20.0, 20.0, 20.0, 20.0, 20.0, 20.0, 20.0, 20.0, 20.0, 20.0, 20.0, 20.0, 20.0, 20.0, 20.0, 20.0, 20.0, 20.0, 20.0, 20.0, 20.0, 20.0, 20.0, 20.0, 20.0, 20.0, 20.0, 20.0, 20.0, 20.0, 20.0, 20.0, 20.0, 20.0, 20.0, 20.0, 20.0]",-0.028585311396884482,24.990872402101623,0.0464,0.099,0.2078,-0.0657,-0.1378,-0.0042,-0.0134,-8.4349,15.842,,82.0,,,,1.3466,1.0182,1.6882,217.09,14.94,1.2239,0.0166,352.23,25.043,1,10.05,0.572,1,3,10,0.7,9.438,0,0.0,0,0
1790618428.1446826,47.397970699999995,8.546164,9.373000144958496,0.016487890854477882,-0.002248864620923996,-0.5798596739768982,96.36,0.0,0.0,0.0,71.67328010559083,20.0,20.0,1.0015555118443444,96.74231845337329,3.0790294538221183,0.016567204502290808,14.0,0.0,0.0,"[20.0, 20.0, 20.0, 20.0, 20.0, 20.0, 20.0, 20.0, 20.0, 20.0, 20.0, 20.0, 20.0, 20.0, 20.0, 20.0, 20.0, 20.0, 20.0, 20.0, 20.0, 20.0, 20.0, 20.0, 20.0, 20.0, 20.0, 20.0, 20.0, 20.0, 20.0, 20.0, 20.0, 20.0, 20.0, 20.0, 20.0, 20.0, 20.0, 20.0, 20.0, 20.0, 20.0, 20.0, 20.0, 20.0, 20.0, 20.0, 20.0, 20.0, 20.0, 20.0, 20.0, 20.0, 20.0, 20.0, 20.0, 20.0, 20.0, 20.0, 20.0, 20.0, 20.0, 20.0, 20.0, 20.0, 20.0, 20.0, 20.0, 20.0, 20.0, 20.0]",-0.028585311396884482,24.990872402101623,0.0483,0.0991,0.2465,-0.065,-0.0909,-0.0027,-0.0062,-8.3458,15.842,,82.0,,,,1.1264,1.1751,1.6277,226.21,14.94,1.2239,0.0166,352.23,25.033,1,10.06,0.589,1,3,10,0.7,9.438,0,0.0,0,0
1790618428.3450842,47.397970799999996,8.546164,9.442000389099121,0.01753757894039154,-0.005882717203348875,-0.2335769683122635,95.85000000000001,0.0,0.0,0.0,91.03055534362795,20.0,20.0,1.0004335428238846,96.23245668039362,3.2140980593926605,0.017767040436751314,14.0,0.0,0.0,"[20.0, 20.0, 20.0, 20.0, 20.0, 20.0, 20.0, 20.0, 20.0, 20.0, 20.0, 20.0, 20.0, 20.0, 20.0, 20.0, 20.0, 20.0, 20.0, 20.0, 20.0, 20.0, 20.0, 20.0, 20.0, 20.0, 20.0, 20.0, 20.0, 20.0, 20.0, 20.0, 20.0, 20.0, 20.0, 20.0, 20.0, 20.0, 20.0, 20.0, 20.0, 20.0, 20.0, 20.0, 20.0, 20.0, 20.0, 20.0, 20.0, 20.0, 20.0, 20.0, 20.0, 20.0, 20.0, 20.0, 20.0, 20.0, 20.0, 20.0, 20.0, 20.0, 20.0, 20.0, 20.0, 20.0, 20.0, 20.0, 20.0, 20.0, 20.0, 20.0]",-0.028585311396884482,24.990872402101623,-0.137,0.0134,-4.2662,-0.7118,-12.1815,-0.0053,-0.0043,-8.5603,15.842,,82.0,,,,1.0515,1.0199,1.4649,224.13,14.94,1.22389,0.0185,341.46,25.028,1,10.26,0.595,1,3,10,0.7,9.533,0,0.0,0,0
1790618428.5454912,47.3979709,8.546164,9.450000762939453,0.03344358503818512,-0.005920641124248505,-0.056712597608566284,91.75,0.0,0.0,0.0,86.93371963500977,20.0,20.0,0.9975111733656377,92.13209699194192,6.32393764271548,0.033660374342102395,14.0,0.0,0.0,"[20.0, 20.0, 20.0, 20.0, 20.0, 20.0, 20.0, 20.0, 20.0, 20.0, 20.0, 20.0, 20.0, 20.0, 20.0, 20.0, 20.0, 20.0, 20.0, 20.0, 20.0, 20.0, 20.0, 20.0, 20.0, 20.0, 20.0, 20.0, 20.0, 20.0, 20.0, 20.0, 20.0, 20.0, 20.0, 20.0, 20.0, 20.0, 20.0, 20.0, 20.0, 20.0, 20.0, 20.0, 20.0, 20.0, 20.0, 20.0, 20.0, 20.0, 20.0, 20.0, 20.0, 20.0, 20.0, 20.0, 20.0, 20.0, 20.0, 20.0, 20.0, 20.0, 20.0, 20.0, 20.0, 20.0, 20.0, 20.0, 20.0, 20.0, 20.0, 20.0]",-0.028585311396884482,24.990872402101623,-0.4353,-0.0789,4.1309,0.0119,-23.54,-0.0001,0.0058,-9.3121,15.842,,82.0,,,,1.0468,1.0444,1.4787,224.93,14.94,1.22389,0.034,349.96,25.02,1,10.46,0.603,1,3,10,0.7,9.552,0,0.0,0,0
1790618428.7457657,47.397971,8.5461639,9.439000129699707,0.03481215611100197,-0.006096114404499531,0.008461609482765198,87.62,0.0008210440061305411,0.019754326231508794,0.0,82.81073486328125,20.0,20.0,0.9933173009194434,88.00168183529047,6.661072339148382,0.03503433139479334,14.0,0.0,0.0,"[20.0, 20.0, 20.0, 20.0, 20.0, 20.0, 20.0, 20.0, 20.0, 20.0, 20.0, 20.0, 20.0, 20.0, 20.0, 20.0, 20.0, 20.0, 20.0, 20.0, 20.0, 20.0, 20.0, 20.0, 20.0, 20.0, 20.0, 20.0, 20.0, 20.0, 20.0, 20.0, 20.0, 20.0, 20.0, 20.0, 20.0, 20.0, 20.0, 20.0, 20.0, 20.0, 20.0, 20.0, 20.0, 20.0, 20.0, 20.0, 20.0, 20.0, 20.0, 20.0, 20.0, 20.0, 20.0, 20.0, 20.0, 20.0, 20.0, 20.0, 20.0, 20.0, 20.0, 20.0, 20.0, 20.0, 20.0, 20.0, 20.0, 20.0, 20.0, 20.0]",-0.028585311396884482,24.990872402101623,0.4963,-0.0644,3.1092,0.0576,-16.4741,0.0019,-0.0045,-9.7002,15.842,,82.0,,,,0.9989,0.9926,1.4083,224.82,14.94,1.22389,0.0353,350.07,25.008,1,10.66,0.616,1,3,10,0.7,9.58,0,0.0,0,0
1790618428.9475217,47.3979711,8.5461639,9.427000045776367,0.014957273378968239,-0.004370770417153835,0.020350757986307144,84.84,0.004248457164737016,0.047046553613481513,0.0,80.01484474182132,20.0,20.0,0.989142301492393,85.22102611903165,2.9176033446688563,0.015124521938115807,14.0,0.0,0.0,"[20.0, 20.0, 20.0, 20.0, 20.0, 20.0, 20.0, 20.0, 20.0, 20.0, 20.0, 20.0, 20.0, 20.0, 20.0, 20.0, 20.0, 20.0, 20.0, 20.0, 20.0, 20.0, 20.0, 20.0, 20.0, 20.0, 20.0, 20.0, 20.0, 20.0, 20.0, 20.0, 20.0, 20.0, 20.0, 20.0, 20.0, 20.0, 20.0, 20.0, 20.0, 20.0, 20.0, 20.0, 20.0, 20.0, 20.0, 20.0, 20.0, 20.0, 20.0, 20.0, 20.0, 20.0, 20.0, 20.0, 20.0, 20.0, 20.0, 20.0, 20.0, 20.0, 20.0, 20.0, 20.0, 20.0, 20.0, 20.0, 20.0, 20.0, 20.0, 20.0]",-0.028585311396884482,24.990872402101623,0.6572,-0.1418,-1.2001,-0.5887,-11.3257,0.0088,0.0021,-9.7954,15.842,,82.0,,,,0.9869,1.0286,1.4255,226.18,14.94,1.22389,0.0156,343.71,24.999,1,10.86,0.627,1,3,10,0.7,9.616,0,0.0,0,0
1790618429.1477106,47.3979711,8.5461638,9.419000625610352,-0.0015379424439743161,0.0030267632100731134,0.021254444494843483,82.82000000000001,0.008390468132172502,0.0666043602925012,0.0,77.99981719970702,20.0,20.0,0.986643853597343,83.20043519667075,-0.36366829064208933,-0.0016609500349480208,14.0,0.0,0.0,"[20.0, 20.0, 20.0, 20.0, 20.0, 20.0, 20.0, 20.0, 20.0, 20.0, 20.0, 20.0, 20.0, 20.0, 20.0, 20.0, 20.0, 20.0, 20.0, 20.0, 20.0, 20.0, 20.0, 20.0, 20.0, 20.0, 20.0, 20.0, 20.0, 20.0, 20.0, 20.0, 20.0, 20.0, 20.0, 20.0, 20.0, 20.0, 20.0, 20.0, 20.0, 20.0, 20.0, 20.0, 20.0, 20.0, 20.0, 20.0, 20.0, 20.0, 20.0, 20.0, 20.0, 20.0, 20.0, 20.0, 20.0, 20.0, 20.0, 20.0, 20.0, 20.0, 20.0, 20.0, 20.0, 20.0, 20.0, 20.0, 20.0, 20.0, 20.0, 20.0]",-0.028585311396884482,24.990872402101623,0.313,-0.3297,-1.8967,-0.8544,-9.8118,0.0014,-0.0041,-9.7992,15.782,,78.0,,,,0.9975,0.8948,1.34,221.89,14.94,1.22389,0.0034,116.94,24.995,1,11.06,0.631,1,3,10,0.7,9.579,0,0.0,0,0
1790618429.3487496,47.3979711,8.5461638,9.416000366210938,-0.005022200755774975,0.015743019059300423,0.01911356672644615,80.96000000000001,0.010998677438221732,0.06913052216358526,0.0,76.13434120178226,20.0,20.0,0.9871075693517923,81.34078500099884,-1.4193891651600865,-0.005664854418388909,14.0,0.0,0.0,"[20.0, 20.0, 20.0, 20.0, 20.0, 20.0, 20.0, 20.0, 20.0, 20.0, 20.0, 20.0, 20.0, 20.0, 20.0, 20.0, 20.0, 20.0, 20.0, 20.0, 20.0, 20.0, 20.0, 20.0, 20.0, 20.0, 20.0, 20.0, 20.0, 20.0, 20.0, 20.0, 20.0, 20.0, 20.0, 20.0, 20.0, 20.0, 20.0, 20.0, 20.0, 20.0, 20.0, 20.0, 20.0, 20.0, 20.0, 20.0, 20.0, 20.0, 20.0, 20.0, 20.0, 20.0, 20.0, 20.0, 20.0, 20.0, 20.0, 20.0, 20.0, 20.0, 20.0, 20.0, 20.0, 20.0, 20.0, 20.0, 20.0, 20.0, 20.0, 20.0]",-0.028585311396884482,24.990872402101623,0.0549,-0.485,-0.8324,-0.4353,-9.9402,-0.0124,-0.0079,-9.8122,15.782,,78.0,,,,0.845,0.9229,1.2513,227.52,14.94,1.22389,0.0165,107.69,24.993,1,11.27,0.633,1,3,10,0.7,9.558,0,0.0,0,0
1790618429.5501997,47.3979711,8.5461639,9.416000366210938,-0.00044558930676430464,0.03076338581740856,0.01654001884162426,78.93,0.013440569556506392,0.06869753336180792,0.0,74.10581176757813,20.0,20.0,0.9910753350704908,79.3125192471918,-1.211456866493307,-0.0017144936464662626,14.0,0.0,0.0,"[20.0, 20.0, 20.0, 20.0, 20.0, 20.0, 20.0, 20.0, 20.0, 20.0, 20.0, 20.0, 20.0, 20.0, 20.0, 20.0, 20.0, 20.0, 20.0, 20.0, 20.0, 20.0, 20.0, 20.0, 20.0, 20.0, 20.0, 20.0, 20.0, 20.0, 20.0, 20.0, 20.0, 20.0, 20.0, 20.0, 20.0, 20.0, 20.0, 20.0, 20.0, 20.0, 20.0, 20.0, 20.0, 20.0, 20.0, 20.0, 20.0, 20.0, 20.0, 20.0, 20.0, 20.0, 20.0, 20.0, 20.0, 20.0, 20.0, 20.0, 20.0, 20.0, 20.0, 20.0, 20.0, 20.0, 20.0, 20.0, 20.0, 20.0, 20.0, 20.0]",-0.028585311396884482,24.990872402101623,-0.0067,-0.4893,-0.059,0.2323,-10.2809,-0.0054,-0.0014,-9.8034,15.782,,78.0,,,,0.9398,0.9268,1.3199,224.6,14.94,1.22389,0.0308,90.83,24.991,1,11.47,0.637,1,3,10,0.7,9.58,0,0.0,0,0
1790618429.751107,47.3979711,8.546164,9.416000366210938,0.004816825035959482,0.04398661106824875,0.014465495944023132,76.77,0.016020242245490923,0.06814214436305763,0.0,71.95299865722654,20.0,20.0,0.9987841648980975,77.15577325276479,-1.0269779080593744,0.0029834679232928416,14.0,0.0,0.0,"[20.0, 20.0, 20.0, 20.0, 20.0, 20.0, 20.0, 20.0, 20.0, 20.0, 20.0, 20.0, 20.0, 20.0, 20.0, 20.0, 20.0, 20.0, 20.0, 20.0, 20.0, 20.0, 20.0, 20.0, 20.0, 20.0, 20.0, 20.0, 20.0, 20.0, 20.0, 20.0, 20.0, 20.0, 20.0, 20.0, 20.0, 20.0, 20.0, 20.0, 20.0, 20.0, 20.0, 20.0, 20.0, 20.0, 20.0, 20.0, 20.0, 20.0, 20.0, 20.0, 20.0, 20.0, 20.0, 20.0, 20.0, 20.0, 20.0, 20.0, 20.0, 20.0, 20.0, 20.0, 20.0, 20.0, 20.0, 20.0, 20.0, 20.0, 20.0, 20.0]",-0.028585311396884482,24.990872402101623,0.0114,-0.3981,-0.0255,0.517,-10.2129,-0.0006,-0.0049,-9.8009,15.782,,78.0,,,,0.786,0.903,1.1971,228.96,14.94,1.22389,0.0442,83.75,24.988,1,11.67,0.646,1,3,10,0.7,9.613,0,0.0,0,0
1790618429.9516718,47.3979712,8.5461641,9.418000221252441,0.010271957144141197,0.05406062677502632,0.012869118712842464,74.58,0.0186124843858461,0.0674801854249574,0.0,69.77092369079588,20.0,20.0,1.0096308020874858,74.97050069005059,-0.8540503801134941,0.007989846403628967,14.0,0.0,0.0,"[20.0, 20.0, 20.0, 20.0, 20.0, 20.0, 20.0, 20.0, 20.0, 20.0, 20.0, 20.0, 20.0, 20.0, 20.0, 20.0, 20.0, 20.0, 20.0, 20.0, 20.0, 20.0, 20.0, 20.0, 20.0, 20.0, 20.0, 20.0, 20.0, 20.0, 20.0, 20.0, 20.0, 20.0, 20.0, 20.0, 20.0, 20.0, 20.0, 20.0, 20.0, 20.0, 20.0, 20.0, 20.0, 20.0, 20.0, 20.0, 20.0, 20.0, 20.0, 20.0, 20.0, 20.0, 20.0, 20.0, 20.0, 20.0, 20.0, 20.0, 20.0, 20.0, 20.0, 20.0, 20.0, 20.0, 20.0, 20.0, 20.0, 20.0, 20.0, 20.0]",-0.028585311396884482,24.990872402101623,0.0272,-0.3007,0.0661,0.4308,-10.0139,-0.0135,-0.0007,-9.8081,15.782,,78.0,,,,0.6323,0.8504,1.0597,233.37,14.94,1.22389,0.055,79.24,24.982,1,11.87,0.658,1,3,10,0.7,9.608,0,0.0,0,0
1790618430.1513994,47.397971299999995,8.5461643,9.420000076293945,0.014926668256521225,0.062055714428424835,0.01203080639243126,72.45,0.02110765719611471,0.06674179206233008,0.0,67.63534469604491,20.0,20.0,1.0237577930092812,72.84662127265807,-0.8556029118417068,0.012266704602035172,14.0,0.0,0.0,"[20.0, 20.0, 20.0, 20.0, 20.0, 20.0, 20.0, 20.0, 20.0, 20.0, 20.0, 20.0, 20.0, 20.0, 20.0, 20.0, 20.0, 20.0, 20.0, 20.0, 20.0, 20.0, 20.0, 20.0, 20.0, 20.0, 20.0, 20.0, 20.0, 20.0, 20.0, 20.0, 20.0, 20.0, 20.0, 20.0, 20.0, 20.0, 20.0, 20.0, 20.0, 20.0, 20.0, 20.0, 20.0, 20.0, 20.0, 20.0, 20.0, 20.0, 20.0, 20.0, 20.0, 20.0, 20.0, 20.0, 20.0, 20.0, 20.0, 20.0, 20.0, 20.0, 20.0, 20.0, 20.0, 20.0, 20.0, 20.0, 20.0, 20.0, 20.0, 20.0]",-0.028585311396884482,24.990872402101623,0.0365,-0.2119,-0.0091,0.3896,-9.9245,-0.0164,-0.0136,-9.8035,15.782,,78.0,,,,0.5754,0.881,1.0523,236.85,14.94,1.22389,0.0638,76.48,24.975,1,12.07,0.674,1,3,10,0.7,9.626,0,0.0,0,0
1790618430.3519049,47.397971299999995,8.5461646,9.421000480651855,0.017716025933623314,0.068752221763134,0.010792098008096218,70.4,0.02348160988251784,0.06594402169511077,0.0,65.5938648223877,20.0,20.0,1.041514277458191,70.80408846922145,-1.2170707994818486,0.014715852040645652,14.0,0.0,0.0,"[20.0, 20.0, 20.0, 20.0, 20.0, 20.0, 20.0, 20.0, 20.0, 20.0, 20.0, 20.0, 20.0, 20.0, 20.0, 20.0, 20.0, 20.0, 20.0, 20.0, 20.0, 20.0, 20.0, 20.0, 20.0, 20.0, 20.0, 20.0, 20.0, 20.0, 20.0, 20.0, 20.0, 20.0, 20.0, 20.0, 20.0, 20.0, 20.0, 20.0, 20.0, 20.0, 20.0, 20.0, 20.0, 20.0, 20.0, 20.0, 20.0, 20.0, 20.0, 20.0, 20.0, 20.0, 20.0, 20.0, 20.0, 20.0, 20.0, 20.0, 20.0, 20.0, 20.0, 20.0, 20.0, 20.0, 20.0, 20.0, 20.0, 20.0, 20.0, 20.0]",-0.028585311396884482,24.990872402101623,0.0223,-0.1396,-0.177,0.3028,-9.8739,-0.0102,-0.0134,-9.8011,15.782,,78.0,,,,0.5426,0.9472,1.0916,240.19,14.94,1.22389,0.071,75.55,24.969,1,12.27,0.692,1,3,10,0.7,9.608,0,0.0,0,0
1790618430.5532594,47.397971399999996,8.5461648,9.425000190734863,0.02006465569138527,0.07328180968761444,0.008946675807237625,68.39,0.02578007765808023,0.06507985553105779,0.0,63.56490196228026,20.0,20.0,1.060899592936039,68.80210347097346,-1.5913379736744266,0.016805209594839374,14.0,0.0,0.0,"[20.0, 20.0, 20.0, 20.0, 20.0, 20.0, 20.0, 20.0, 20.0, 20.0, 20.0, 20.0, 20.0, 20.0, 20.0, 20.0, 20.0, 20.0, 20.0, 20.0, 20.0, 20.0, 20.0, 20.0, 20.0, 20.0, 20.0, 20.0, 20.0, 20.0, 20.0, 20.0, 20.0, 20.0, 20.0, 20.0, 20.0, 20.0, 20.0, 20.0, 20.0, 20.0, 20.0, 20.0, 20.0, 20.0, 20.0, 20.0, 20.0, 20.0, 20.0, 20.0, 20.0, 20.0, 20.0, 20.0, 20.0, 20.0, 20.0, 20.0, 20.0, 20.0, 20.0, 20.0, 20.0, 20.0, 20.0, 20.0, 20.0, 20.0, 20.0, 20.0]",-0.028585311396884482,24.990872402101623,-0.0024,-0.0822,-0.1799,0.3055,-9.9783,-0.0088,0.0022,-9.7938,15.782,,78.0,,,,0.5054,0.9744,1.0976,242.58,14.94,1.22389,0.076,74.69,24.964,1,12.47,0.712,1,3,10,0.7,9.619,0,0.0,0,0
1790618430.7537472,47.397971399999996,8.5461651,9.430000305175781,0.022386647760868073,0.07691041380167007,0.007791738025844097,66.39,0.028035627334830702,0.06414049890624872,0.0,61.564661636352525,20.0,20.0,1.0821579992771149,66.81094589312806,-1.9645866609370737,0.01889473986426391,14.0,0.0,0.0,"[20.0, 20.0, 20.0, 20.0, 20.0, 20.0, 20.0, 20.0, 20.0, 20.0, 20.0, 20.0, 20.0, 20.0, 20.0, 20.0, 20.0, 20.0, 20.0, 20.0, 20.0, 20.0, 20.0, 20.0, 20.0, 20.0, 20.0, 20.0, 20.0, 20.0, 20.0, 20.0, 20.0, 20.0, 20.0, 20.0, 20.0, 20.0, 20.0, 20.0, 20.0, 20.0, 20.0, 20.0, 20.0, 20.0, 20.0, 20.0, 20.0, 20.0, 20.0, 20.0, 20.0, 20.0, 20.0, 20.0, 20.0, 20.0, 20.0, 20.0, 20.0, 20.0, 20.0, 20.0, 20.0, 20.0, 20.0, 20.0, 20.0, 20.0, 20.0, 20.0]",-0.028585311396884482,24.990872402101623,-0.0262,-0.0317,-0.1142,0.3239,-9.9436,-0.0163,-0.0062,-9.7918,15.782,,78.0,,,,0.5422,0.8692,1.0244,238.04,14.94,1.22389,0.0801,73.77,24.958,1,12.67,0.735,1,3,10,0.7,9.638,0,0.0,0,0
1790618430.954738,47.3979715,8.5461654,9.434000015258789,0.02540348842740059,0.07739241421222687,0.00752626545727253,64.4,0.03024600241613875,0.06312827684835796,0.0,59.579531097412115,20.0,20.0,1.1018882915377617,64.82937463378747,-2.010345679353648,0.021821182730309464,14.0,0.0,0.0,"[20.0, 20.0, 20.0, 20.0, 20.0, 20.0, 20.0, 20.0, 20.0, 20.0, 20.0, 20.0, 20.0, 20.0, 20.0, 20.0, 20.0, 20.0, 20.0, 20.0, 20.0, 20.0, 20.0, 20.0, 20.0, 20.0, 20.0, 20.0, 20.0, 20.0, 20.0, 20.0, 20.0, 20.0, 20.0, 20.0, 20.0, 20.0, 20.0, 20.0, 20.0, 20.0, 20.0, 20.0, 20.0, 20.0, 20.0, 20.0, 20.0, 20.0, 20.0, 20.0, 20.0, 20.0, 20.0, 20.0, 20.0, 20.0, 20.0, 20.0, 20.0, 20.0, 20.0, 20.0, 20.0, 20.0, 20.0, 20.0, 20.0, 20.0, 20.0, 20.0]",-0.028585311396884482,24.990872402101623,-0.0401,0.0014,-0.0504,0.13,-10.0753,-0.0067,-0.0077,-9.7998,15.782,,78.0,,,,0.5304,0.8322,0.9868,237.49,14.94,1.22389,0.0815,71.83,24.951,1,12.87,0.756,1,3,10,0.7,9.605,0,0.0,0,0
1790618431.1563153,47.3979716,8.546165499999999,9.43600082397461,0.02706144005060196,0.0718739703297615,0.007150216959416866,62.18,0.032409066444616705,0.0620455672243265,0.0,57.597522659301774,20.0,20.0,1.1154275611042976,62.85534833866092,-1.7737630474838109,0.023688767226895262,14.0,0.0,0.0,"[20.0, 20.0, 20.0, 20.0, 20.0, 20.0, 20.0, 20.0, 20.0, 20.0, 20.0, 20.0, 20.0, 20.0, 20.0, 20.0, 20.0, 20.0, 20.0, 20.0, 20.0, 20.0, 20.0, 20.0, 20.0, 20.0, 20.0, 20.0, 20.0, 20.0, 20.0, 20.0, 20.0, 20.0, 20.0, 20.0, 20.0, 20.0, 20.0, 20.0, 20.0, 20.0, 20.0, 20.0, 20.0, 20.0, 20.0, 20.0, 20.0, 20.0, 20.0, 20.0, 20.0, 20.0, 20.0, 20.0, 20.0, 20.0, 20.0, 20.0, 20.0, 20.0, 20.0, 20.0, 20.0, 20.0, 20.0, 20.0, 20.0, 20.0, 20.0, 20.0]",-0.028585311396884482,24.990872402101623,-0.0276,-0.0022,0.0972,-0.2281,-10.0541,-0.0139,-0.0025,-9.8037,15.722,,75.0,,,,0.4534,0.751,0.8772,238.88,14.94,1.22389,0.0768,69.37,24.944,1,13.07,0.771,1,3,10,0.7,9.604,0,0.0,0,0
1790618431.3564978,47.3979716,8.5461656,9.438000679016113,0.02811657264828682,0.06394463777542114,0.0066199940629303455,60.2,0.03478817727192888,0.06074358173582498,0.0,55.37955398559569,20.0,20.0,1.1229214444756508,60.63895680019317,-1.4092357664253814,0.025090450693789634,14.0,0.0,0.0,"[20.0, 20.0, 20.0, 20.0, 20.0, 20.0, 20.0, 20.0, 20.0, 20.0, 20.0, 20.0, 20.0, 20.0, 20.0, 20.0, 20.0, 20.0, 20.0, 20.0, 20.0, 20.0, 20.0, 20.0, 20.0, 20.0, 20.0, 20.0, 20.0, 20.0, 20.0, 20.0, 20.0, 20.0, 20.0, 20.0, 20.0, 20.0, 20.0, 20.0, 20.0, 20.0, 20.0, 20.0, 20.0, 20.0, 20.0, 20.0, 20.0, 20.0, 20.0, 20.0, 20.0, 20.0, 20.0, 20.0, 20.0, 20.0, 20.0, 20.0, 20.0, 20.0, 20.0, 20.0, 20.0, 20.0, 20.0, 20.0, 20.0, 20.0, 20.0, 20.0]",-0.028585311396884482,24.990872402101623,-0.0043,-0.0488,0.0054,-0.3544,-10.0881,-0.006,-0.0087,-9.8009,15.722,,75.0,,,,0.4779,0.7818,0.9163,238.57,14.94,1.22389,0.0699,66.26,24.938,1,13.27,0.781,1,3,10,0.7,9.609,0,0.0,0,0
1790618431.556876,47.3979717,8.5461657,9.440000534057617,0.030582714825868607,0.05753882974386215,0.005472307559102774,58.19,0.03689728852094189,0.05948604962344002,0.0,53.38262313842773,20.0,20.0,1.1280782371759415,58.631739797539126,-0.8287717824344151,0.027840477325364824,14.0,0.0,0.0,"[20.0, 20.0, 20.0, 20.0, 20.0, 20.0, 20.0, 20.0, 20.0, 20.0, 20.0, 20.0, 20.0, 20.0, 20.0, 20.0, 20.0, 20.0, 20.0, 20.0, 20.0, 20.0, 20.0, 20.0, 20.0, 20.0, 20.0, 20.0, 20.0, 20.0, 20.0, 20.0, 20.0, 20.0, 20.0, 20.0, 20.0, 20.0, 20.0, 20.0, 20.0, 20.0, 20.0, 20.0, 20.0, 20.0, 20.0, 20.0, 20.0, 20.0, 20.0, 20.0, 20.0, 20.0, 20.0, 20.0, 20.0, 20.0, 20.0, 20.0, 20.0, 20.0, 20.0, 20.0, 20.0, 20.0, 20.0, 20.0, 20.0, 20.0, 20.0, 20.0]",-0.028585311396884482,24.990872402101623,0.0142,-0.1023,0.0819,-0.3189,-10.2526,-0.0071,-0.0147,-9.8041,15.722,,75.0,,,,0.247,0.9509,0.9825,255.44,14.94,1.22389,0.0652,62.01,24.931,1,13.47,0.789,1,3,10,0.7,9.584,0,0.0,0,0
1790618431.7574801,47.3979718,8.546165799999999,9.440999984741211,0.03486369922757149,0.05452245846390724,0.005223202519118786,56.13,0.03901173073901936,0.05812129441733255,0.0,51.31151664733886,20.0,20.0,1.1340518146753311,56.57501669384487,-0.274723358478591,0.03224378834586407,14.0,0.0,0.0,"[20.0, 20.0, 20.0, 20.0, 20.0, 20.0, 20.0, 20.0, 20.0, 20.0, 20.0, 20.0, 20.0, 20.0, 20.0, 20.0, 20.0, 20.0, 20.0, 20.0, 20.0, 20.0, 20.0, 20.0, 20.0, 20.0, 20.0, 20.0, 20.0, 20.0, 20.0, 20.0, 20.0, 20.0, 20.0, 20.0, 20.0, 20.0, 20.0, 20.0, 20.0, 20.0, 20.0, 20.0, 20.0, 20.0, 20.0, 20.0, 20.0, 20.0, 20.0, 20.0, 20.0, 20.0, 20.0, 20.0, 20.0, 20.0, 20.0, 20.0, 20.0, 20.0, 20.0, 20.0, 20.0, 20.0, 20.0, 20.0, 20.0, 20.0, 20.0, 20.0]",-0.028585311396884482,24.990872402101623,0.0432,-0.1254,0.1671,-0.0602,-10.4284,-0.0148,-0.0072,-9.8101,15.722,,75.0,,,,0.3196,0.7194,0.7872,246.05,14.94,1.22389,0.0647,57.4,24.922,1,13.67,0.8,1,3,10,0.7,9.592,0,0.0,0,0
1790618431.959048,47.3979718,8.5461659,9.442000389099121,0.03687913343310356,0.053954850882291794,0.004499256610870361,54.06,0.04108564106798419,0.05667424545622791,0.0,49.23784309387207,20.0,20.0,1.1416046023368835,54.50880987447158,-0.34560552419800045,0.03426547669953459,14.0,0.0,0.0,"[20.0, 20.0, 20.0, 20.0, 20.0, 20.0, 20.0, 20.0, 20.0, 20.0, 20.0, 20.0, 20.0, 20.0, 20.0, 20.0, 20.0, 20.0, 20.0, 20.0, 20.0, 20.0, 20.0, 20.0, 20.0, 20.0, 20.0, 20.0, 20.0, 20.0, 20.0, 20.0, 20.0, 20.0, 20.0, 20.0, 20.0, 20.0, 20.0, 20.0, 20.0, 20.0, 20.0, 20.0, 20.0, 20.0, 20.0, 20.0, 20.0, 20.0, 20.0, 20.0, 20.0, 20.0, 20.0, 20.0, 20.0, 20.0, 20.0, 20.0, 20.0, 20.0, 20.0, 20.0, 20.0, 20.0, 20.0, 20.0, 20.0, 20.0, 20.0, 20.0]",-0.028585311396884482,24.990872402101623,0.0667,-0.1281,-0.0473,0.0401,-10.3392,-0.0197,-0.0017,-9.8032,15.722,,75.0,,,,0.2406,0.8423,0.876,254.06,14.94,1.22389,0.0654,55.65,24.915,1,13.88,0.81,1,3,10,0.7,9.621,0,0.0,0,0
1790618432.158637,47.397971899999995,8.546166,9.443000793457031,0.03708112984895706,0.055823519825935364,0.004400618374347687,51.99,0.04310592998388704,0.05515323018848694,0.0,47.185981979370126,20.0,20.0,1.1517191231250763,52.44345643944325,-0.9853374557596666,0.03435319458988431,14.0,0.0,0.0,"[20.0, 20.0, 20.0, 20.0, 20.0, 20.0, 20.0, 20.0, 20.0, 20.0, 20.0, 20.0, 20.0, 20.0, 20.0, 20.0, 20.0, 20.0, 20.0, 20.0, 20.0, 20.0, 20.0, 20.0, 20.0, 20.0, 20.0, 20.0, 20.0, 20.0, 20.0, 20.0, 20.0, 20.0, 20.0, 20.0, 20.0, 20.0, 20.0, 20.0, 20.0, 20.0, 20.0, 20.0, 20.0, 20.0, 20.0, 20.0, 20.0, 20.0, 20.0, 20.0, 20.0, 20.0, 20.0, 20.0, 20.0, 20.0, 20.0, 20.0, 20.0, 20.0, 20.0, 20.0, 20.0, 20.0, 20.0, 20.0, 20.0, 20.0, 20.0, 20.0]",-0.028585311396884482,24.990872402101623,0.0533,-0.1248,-0.2316,0.0923,-10.382,-0.0091,-0.0103,-9.8005,15.722,,75.0,,,,0.3465,0.7758,0.8496,245.93,14.94,1.22389,0.067,56.41,24.909,1,14.08,0.822,1,3,10,0.7,9.623,0,0.0,0,0
1790618432.3595994,47.397971899999995,8.5461662,9.443000793457031,0.036898691207170486,0.05989641323685646,0.0041494956240057945,49.94,0.045051261987000456,0.05357596283202615,0.0,45.13647407531738,20.0,20.0,1.1657487154006958,50.39950898415191,-1.9678163905469583,0.03393838633042915,14.0,0.0,0.0,"[20.0, 20.0, 20.0, 20.0, 20.0, 20.0, 20.0, 20.0, 20.0, 20.0, 20.0, 20.0, 20.0, 20.0, 20.0, 20.0, 20.0, 20.0, 20.0, 20.0, 20.0, 20.0, 20.0, 20.0, 20.0, 20.0, 20.0, 20.0, 20.0, 20.0, 20.0, 20.0, 20.0, 20.0, 20.0, 20.0, 20.0, 20.0, 20.0, 20.0, 20.0, 20.0, 20.0, 20.0, 20.0, 20.0, 20.0, 20.0, 20.0, 20.0, 20.0, 20.0, 20.0, 20.0, 20.0, 20.0, 20.0, 20.0, 20.0, 20.0, 20.0, 20.0, 20.0, 20.0, 20.0, 20.0, 20.0, 20.0, 20.0, 20.0, 20.0, 20.0]",-0.028585311396884482,24.990872402101623,0.0137,-0.1089,-0.3611,0.1508,-10.3596,-0.0142,-0.011,-9.8075,15.722,,75.0,,,,0.1362,0.7543,0.7665,259.76,14.94,1.22389,0.0703,58.37,24.904,1,14.28,0.837,1,3,10,0.7,9.65,0,0.0,0,0
1790618432.559962,47.397971999999996,8.546166399999999,9.444000244140625,0.037597402930259705,0.06327252835035324,0.0038141896948218346,47.89,0.04693892755726392,0.05193011727094335,0.0,43.070961608886705,20.0,20.0,1.1818130016326904,48.35632534617912,-2.773966831373937,0.03442766734358845,14.0,0.0,0.0,"[20.0, 20.0, 20.0, 20.0, 20.0, 20.0, 20.0, 20.0, 20.0, 20.0, 20.0, 20.0, 20.0, 20.0, 20.0, 20.0, 20.0, 20.0, 20.0, 20.0, 20.0, 20.0, 20.0, 20.0, 20.0, 20.0, 20.0, 20.0, 20.0, 20.0, 20.0, 20.0, 20.0, 20.0, 20.0, 20.0, 20.0, 20.0, 20.0, 20.0, 20.0, 20.0, 20.0, 20.0, 20.0, 20.0, 20.0, 20.0, 20.0, 20.0, 20.0, 20.0, 20.0, 20.0, 20.0, 20.0, 20.0, 20.0, 20.0, 20.0, 20.0, 20.0, 20.0, 20.0, 20.0, 20.0, 20.0, 20.0, 20.0, 20.0, 20.0, 20.0]",-0.028585311396884482,24.990872402101623,-0.0384,-0.0813,-0.2434,0.1413,-10.337,-0.0138,-0.0083,-9.8032,15.722,,75.0,,,,0.1833,0.8471,0.8667,257.79,14.94,1.22389,0.0736,59.28,24.9,1,14.48,0.854,1,3,10,0.7,9.682,0,0.0,0,0
1790618432.760176,47.397971999999996,8.546166699999999,9.447000503540039,0.037286560982465744,0.06357171386480331,0.0033576060086488724,45.84,0.04876651044849364,0.050217800217422504,0.0,41.03557571411133,20.0,20.0,1.1980469077825546,46.313040404018324,-3.345870779976742,0.03405774443682575,14.0,0.0,0.0,"[20.0, 20.0, 20.0, 20.0, 20.0, 20.0, 20.0, 20.0, 20.0, 20.0, 20.0, 20.0, 20.0, 20.0, 20.0, 20.0, 20.0, 20.0, 20.0, 20.0, 20.0, 20.0, 20.0, 20.0, 20.0, 20.0, 20.0, 20.0, 20.0, 20.0, 20.0, 20.0, 20.0, 20.0, 20.0, 20.0, 20.0, 20.0, 20.0, 20.0, 20.0, 20.0, 20.0, 20.0, 20.0, 20.0, 20.0, 20.0, 20.0, 20.0, 20.0, 20.0, 20.0, 20.0, 20.0, 20.0, 20.0, 20.0, 20.0, 20.0, 20.0, 20.0, 20.0, 20.0, 20.0, 20.0, 20.0, 20.0, 20.0, 20.0, 20.0, 20.0]",-0.028585311396884482,24.990872402101623,-0.0738,-0.0672,-0.2125,0.0805,-10.371,-0.0129,-0.0109,-9.8102,15.722,,75.0,,,,0.0574,0.9064,0.9082,266.37,14.94,1.22389,0.0737,59.61,24.897,1,14.68,0.87,1,3,10,0.7,9.672,0,0.0,0,0
1790618432.960416,47.397971999999996,8.5461669,9.450000762939453,0.03728685900568962,0.06337815523147583,0.002710459055379033,43.79,0.07218810188775045,0.06920171924052003,0.0,38.97446922302245,20.0,20.0,1.2152657061815262,44.27018995512438,-3.8042520053652926,0.03402042272013277,14.0,0.0,0.0,"[20.0, 20.0, 20.0, 20.0, 20.0, 20.0, 20.0, 20.0, 20.0, 20.0, 20.0, 20.0, 20.0, 20.0, 20.0, 20.0, 20.0, 20.0, 20.0, 20.0, 20.0, 20.0, 20.0, 20.0, 20.0, 20.0, 20.0, 20.0, 20.0, 20.0, 20.0, 20.0, 20.0, 20.0, 20.0, 20.0, 20.0, 20.0, 20.0, 20.0, 20.0, 20.0, 20.0, 20.0, 20.0, 20.0, 20.0, 20.0, 20.0, 20.0, 20.0, 20.0, 20.0, 20.0, 20.0, 20.0, 20.0, 20.0, 20.0, 20.0, 20.0, 20.0, 20.0, 20.0, 20.0, 20.0, 20.0, 20.0, 20.0, 20.0, 20.0, 20.0]",-0.028585311396884482,24.990872402101623,-0.1063,-0.0756,-0.2268,0.018,-10.2998,-0.0106,-0.0078,-9.8053,15.722,,75.0,,,,0.1104,0.7372,0.7454,261.48,14.94,1.22389,0.0735,59.53,24.893,1,14.88,0.888,1,3,10,0.7,9.636,0,0.0,0,0
1790618433.161345,47.3979721,8.5461671,9.451000213623047,0.040188372135162354,0.06337212771177292,0.0027079747524112463,41.730000000000004,0.07462897661545725,0.06656212022862204,0.0,36.91815994262697,20.0,20.0,1.2325416505336761,42.21760760843847,-3.917449058690933,0.03687063321546128,14.0,0.0,0.0,"[20.0, 20.0, 20.0, 20.0, 20.0, 20.0, 20.0, 20.0, 20.0, 20.0, 20.0, 20.0, 20.0, 20.0, 20.0, 20.0, 20.0, 20.0, 20.0, 20.0, 20.0, 20.0, 20.0, 20.0, 20.0, 20.0, 20.0, 20.0, 20.0, 20.0, 20.0, 20.0, 20.0, 20.0, 20.0, 20.0, 20.0, 20.0, 20.0, 20.0, 20.0, 20.0, 20.0, 20.0, 20.0, 20.0, 20.0, 20.0, 20.0, 20.0, 20.0, 20.0, 20.0, 20.0, 20.0, 20.0, 20.0, 20.0, 20.0, 20.0, 20.0, 20.0, 20.0, 20.0, 20.0, 20.0, 20.0, 20.0, 20.0, 20.0, 20.0, 20.0]",-0.028585311396884482,24.990872402101623,-0.1154,-0.2282,-0.0291,-0.8268,-10.3368,-0.0081,-0.0045,-9.803,15.662,,72.0,,,,-0.0415,0.7049,0.7061,273.37,14.94,1.22389,0.075,57.62,24.888,1,15.08,0.906,1,3,10,0.7,9.618,0,0.0,0,0
1790618433.3617837,47.3979721,8.5461673,9.451000213623047,0.048125267028808594,0.06393556296825409,0.0025922993663698435,39.67,0.07697339076111295,0.06383648733081271,0.0,34.848255081176774,20.0,20.0,1.2477708011865616,40.16457902283878,-3.5272283274131517,0.0447246269710859,14.0,0.0,0.0,"[20.0, 20.0, 20.0, 20.0, 20.0, 20.0, 20.0, 20.0, 20.0, 20.0, 20.0, 20.0, 20.0, 20.0, 20.0, 20.0, 20.0, 20.0, 20.0, 20.0, 20.0, 20.0, 20.0, 20.0, 20.0, 20.0, 20.0, 20.0, 20.0, 20.0, 20.0, 20.0, 20.0, 20.0, 20.0, 20.0, 20.0, 20.0, 20.0, 20.0, 20.0, 20.0, 20.0, 20.0, 20.0, 20.0, 20.0, 20.0, 20.0, 20.0, 20.0, 20.0, 20.0, 20.0, 20.0, 20.0, 20.0, 20.0, 20.0, 20.0, 20.0, 20.0, 20.0, 20.0, 20.0, 20.0, 20.0, 20.0, 20.0, 20.0, 20.0, 20.0]",-0.028585311396884482,24.990872402101623,-0.113,-0.2958,-0.0873,-0.1396,-10.3246,-0.0177,-0.0148,-9.8053,15.662,,72.0,,,,-0.1875,0.7252,0.7491,284.5,14.94,1.22389,0.08,53.03,24.88,1,15.28,0.923,1,3,10,0.7,9.625,0,0.0,0,0
1790618433.5629716,47.3979723,8.5461675,9.450000762939453,0.05908184126019478,0.06588537245988846,0.0028183686081320047,37.61,0.07921831408682178,0.06102834352365836,0.0,32.784472808837904,20.0,20.0,1.2635481357574463,38.11231410257881,-3.216724503276372,0.05398367783130761,14.0,0.0,0.0,"[20.0, 20.0, 20.0, 20.0, 20.0, 20.0, 20.0, 20.0, 20.0, 20.0, 20.0, 20.0, 20.0, 20.0, 20.0, 20.0, 20.0, 20.0, 20.0, 20.0, 20.0, 20.0, 20.0, 20.0, 20.0, 20.0, 20.0, 20.0, 20.0, 20.0, 20.0, 20.0, 20.0, 20.0, 20.0, 20.0, 20.0, 20.0, 20.0, 20.0, 20.0, 20.0, 20.0, 20.0, 20.0, 20.0, 20.0, 20.0, 20.0, 20.0, 20.0, 20.0, 20.0, 20.0, 20.0, 20.0, 20.0, 20.0, 20.0, 20.0, 20.0, 20.0, 20.0, 20.0, 20.0, 20.0, 20.0, 20.0, 20.0, 20.0, 20.0, 20.0]",-0.028585311396884482,24.990872402101623,-0.0997,-0.2687,0.0499,0.2827,-10.334,-0.0215,-0.0135,-9.8057,15.662,,72.0,,,,-0.2618,0.9191,0.9557,285.9,14.94,1.22389,0.0885,48.12,24.868,1,15.48,0.943,1,3,10,0.7,9.611,0,0.0,0,0
1790618433.763523,47.3979724,8.5461677,9.450000762939453,0.06732401251792908,0.0668756365776062,0.0024204242508858442,35.54,0.08137099128521155,0.05812711740024639,0.0,30.72810272216796,20.0,20.0,1.2823733985424042,36.05209379588857,-2.9164808469843897,0.06363739879779698,14.0,0.0,0.0,"[20.0, 20.0, 20.0, 20.0, 20.0, 20.0, 20.0, 20.0, 20.0, 20.0, 20.0, 20.0, 20.0, 20.0, 20.0, 20.0, 20.0, 20.0, 20.0, 20.0, 20.0, 20.0, 20.0, 20.0, 20.0, 20.0, 20.0, 20.0, 20.0, 20.0, 20.0, 20.0, 20.0, 20.0, 20.0, 20.0, 20.0, 20.0, 20.0, 20.0, 20.0, 20.0, 20.0, 20.0, 20.0, 20.0, 20.0, 20.0, 20.0, 20.0, 20.0, 20.0, 20.0, 20.0, 20.0, 20.0, 20.0, 20.0, 20.0, 20.0, 20.0, 20.0, 20.0, 20.0, 20.0, 20.0, 20.0, 20.0, 20.0, 20.0, 20.0, 20.0]",-0.028585311396884482,24.990872402101623,-0.0879,-0.2092,0.0249,0.3922,-10.3274,-0.0184,-0.0038,-9.8163,15.662,,72.0,,,,-0.0824,0.8134,0.8176,275.78,14.94,1.22389,0.0949,44.81,24.85,1,15.68,0.97,1,3,10,0.7,9.627,0,0.0,0,0
1790618433.963592,47.397972599999996,8.5461679,9.450000762939453,0.07375695556402206,0.0661635622382164,0.001990075223147869,33.47,0.08341747012764164,0.0551500288078258,0.0,28.669100494384764,20.0,20.0,1.2975637316703796,33.9903312478493,-2.769998294405472,0.07005207402906213,14.0,0.0,0.0,"[20.0, 20.0, 20.0, 20.0, 20.0, 20.0, 20.0, 20.0, 20.0, 20.0, 20.0, 20.0, 20.0, 20.0, 20.0, 20.0, 20.0, 20.0, 20.0, 20.0, 20.0, 20.0, 20.0, 20.0, 20.0, 20.0, 20.0, 20.0, 20.0, 20.0, 20.0, 20.0, 20.0, 20.0, 20.0, 20.0, 20.0, 20.0, 20.0, 20.0, 20.0, 20.0, 20.0, 20.0, 20.0, 20.0, 20.0, 20.0, 20.0, 20.0, 20.0, 20.0, 20.0, 20.0, 20.0, 20.0, 20.0, 20.0, 20.0, 20.0, 20.0, 20.0, 20.0, 20.0, 20.0, 20.0, 20.0, 20.0, 20.0, 20.0, 20.0, 20.0]",-0.028585311396884482,24.990872402101623,-0.0815,-0.156,0.0195,0.1949,-10.2648,-0.0098,0.0,-9.8026,15.662,,72.0,,,,-0.1486,0.8201,0.8335,280.27,14.94,1.22389,0.0991,41.89,24.833,1,15.88,0.993,1,3,10,0.7,9.621,0,0.0,0,0
1790618434.163403,47.3979727,8.5461682,9.450000762939453,0.07808507233858109,0.06567329168319702,0.001783674000762403,31.43,0.08532778802795897,0.05214564785536472,0.0,26.628110580444343,20.0,20.0,1.3134730458259583,31.958930930464533,-2.9232889060403546,0.07435116754441513,14.0,0.0,0.0,"[20.0, 20.0, 20.0, 20.0, 20.0, 20.0, 20.0, 20.0, 20.0, 20.0, 20.0, 20.0, 20.0, 20.0, 20.0, 20.0, 20.0, 20.0, 20.0, 20.0, 20.0, 20.0, 20.0, 20.0, 20.0, 20.0, 20.0, 20.0, 20.0, 20.0, 20.0, 20.0, 20.0, 20.0, 20.0, 20.0, 20.0, 20.0, 20.0, 20.0, 20.0, 20.0, 20.0, 20.0, 20.0, 20.0, 20.0, 20.0, 20.0, 20.0, 20.0, 20.0, 20.0, 20.0, 20.0, 20.0, 20.0, 20.0, 20.0, 20.0, 20.0, 20.0, 20.0, 20.0, 20.0, 20.0, 20.0, 20.0, 20.0, 20.0, 20.0, 20.0]",-0.028585311396884482,24.990872402101623,-0.0826,-0.1196,-0.0668,0.1794,-10.2259,-0.0119,-0.0046,-9.8002,15.662,,72.0,,,,-0.1262,0.7758,0.786,279.24,14.94,1.22389,0.102,40.07,24.816,1,16.08,1.016,1,3,10,0.7,9.624,0,0.0,0,0
1790618434.3648665,47.3979729,8.546168399999999,9.451000213623047,0.08064635097980499,0.0642017349600792,0.0013938419288024306,29.39,0.18412794354155695,0.10222424688354279,0.0,24.566017761230455,20.0,20.0,1.3297841250896454,29.927709578199654,-3.1217436485632173,0.0769400261530787,14.0,0.0,0.037576267652533545,"[20.0, 20.0, 20.0, 20.0, 20.0, 20.0, 20.0, 20.0, 20.0, 20.0, 20.0, 20.0, 20.0, 20.0, 20.0, 20.0, 20.0, 20.0, 20.0, 20.0, 20.0, 20.0, 20.0, 20.0, 20.0, 20.0, 20.0, 20.0, 20.0, 20.0, 20.0, 20.0, 20.0, 20.0, 20.0, 20.0, 20.0, 20.0, 20.0, 20.0, 20.0, 20.0, 20.0, 20.0, 20.0, 20.0, 20.0, 20.0, 20.0, 20.0, 20.0, 20.0, 20.0, 20.0, 20.0, 20.0, 20.0, 20.0, 20.0, 20.0, 20.0, 20.0, 20.0, 20.0, 20.0, 20.0, 20.0, 20.0, 20.0, 20.0, 20.0, 20.0]",-0.028585311396884482,24.990872402101623,-0.096,-0.0982,-0.0903,0.0485,-10.2518,-0.0143,-0.0017,-9.8161,15.662,,72.0,,,,-0.2319,0.7565,0.7912,287.04,14.94,1.22389,0.1031,38.52,24.799,1,16.28,1.04,1,3,10,0.7,9.652,0,0.0,0,0
1790618434.565655,47.397973,8.5461686,9.452000617980957,0.09056681394577026,0.06620290875434875,0.000484004442114383,27.36,0.1912777808377899,0.09761369462742225,0.0,22.536086425781264,20.0,20.0,1.34566992521286,27.906545292021747,-3.276517755077474,0.08668298465383448,14.0,0.0,0.002325539240426468,"[20.0, 20.0, 20.0, 20.0, 20.0, 20.0, 20.0, 20.0, 20.0, 20.0, 20.0, 20.0, 20.0, 20.0, 20.0, 20.0, 20.0, 20.0, 20.0, 20.0, 20.0, 20.0, 20.0, 20.0, 20.0, 20.0, 20.0, 20.0, 20.0, 20.0, 20.0, 20.0, 20.0, 20.0, 20.0, 20.0, 20.0, 20.0, 20.0, 20.0, 20.0, 20.0, 20.0, 20.0, 20.0, 20.0, 20.0, 20.0, 20.0, 20.0, 20.0, 20.0, 20.0, 20.0, 20.0, 20.0, 20.0, 20.0, 20.0, 20.0, 20.0, 20.0, 20.0, 20.0, 20.0, 20.0, 20.0, 20.0, 20.0, 20.0, 20.0, 20.0]",-0.028585311396884482,24.990872402101623,-0.0865,-0.6629,-0.043,-2.647,-10.3413,-0.0165,0.0014,-9.8106,15.662,,72.0,,,,-0.2236,0.8344,0.8638,285.0,14.94,1.22389,0.1122,36.17,24.781,1,16.48,1.064,1,3,10,0.7,9.66,0,0.0,0,0
1790618434.7671409,47.397973199999996,8.5461688,9.454000473022461,0.11758729070425034,0.07591943442821503,0.0009269673610106111,25.310000000000002,0.19814869689635736,0.09245586500033187,0.0,20.505787429809573,20.0,20.0,1.362791359424591,25.86662813213661,-3.5023934847740277,0.11304770948659752,14.0,0.0,0.0024013885737979245,"[20.0, 20.0, 20.0, 20.0, 20.0, 20.0, 20.0, 20.0, 20.0, 20.0, 20.0, 20.0, 20.0, 20.0, 20.0, 20.0, 20.0, 20.0, 20.0, 20.0, 20.0, 20.0, 20.0, 20.0, 20.0, 20.0, 20.0, 20.0, 20.0, 20.0, 20.0, 20.0, 20.0, 20.0, 20.0, 20.0, 20.0, 20.0, 20.0, 20.0, 20.0, 20.0, 20.0, 20.0, 20.0, 20.0, 20.0, 20.0, 20.0, 20.0, 20.0, 20.0, 20.0, 20.0, 20.0, 20.0, 20.0, 20.0, 20.0, 20.0, 20.0, 20.0, 20.0, 20.0, 20.0, 20.0, 20.0, 20.0, 20.0, 20.0, 20.0, 20.0]",-0.028585311396884482,24.990872402101623,-0.0863,-0.9207,-0.1153,0.0935,-10.3634,-0.0103,0.0013,-9.8077,15.662,,72.0,,,,-0.2856,0.8406,0.8878,288.77,14.94,1.22389,0.14,32.85,24.757,1,16.68,1.093,1,3,10,0.7,9.683,0,0.0,0,0
1790618434.966457,47.3979735,8.546168999999999,9.456000328063965,0.14588798582553864,0.08326773345470428,0.0011269152164459229,23.25,0.20466525726456236,0.08679190403746545,0.0,18.430240631103516,20.0,20.0,1.3796473741531372,23.81751601821395,-3.6081562186934737,0.14081000626425227,14.0,0.0,0.0024463937550641126,"[20.0, 20.0, 20.0, 20.0, 20.0, 20.0, 20.0, 20.0, 20.0, 20.0, 20.0, 20.0, 20.0, 20.0, 20.0, 20.0, 20.0, 20.0, 20.0, 20.0, 20.0, 20.0, 20.0, 20.0, 20.0, 20.0, 20.0, 20.0, 20.0, 20.0, 20.0, 20.0, 20.0, 20.0, 20.0, 20.0, 20.0, 20.0, 20.0, 20.0, 20.0, 20.0, 20.0, 20.0, 20.0, 20.0, 20.0, 20.0, 20.0, 20.0, 20.0, 20.0, 20.0, 20.0, 20.0, 20.0, 20.0, 20.0, 20.0, 20.0, 20.0, 20.0, 20.0, 20.0, 20.0, 20.0, 20.0, 20.0, 20.0, 20.0, 20.0, 20.0]",-0.028585311396884482,24.990872402101623,-0.0898,-0.8068,-0.1231,0.8655,-10.1864,-0.0256,-0.0059,-9.7932,15.662,,72.0,,,,-0.2864,0.7856,0.8361,290.03,14.94,1.22389,0.168,29.72,24.728,1,16.88,1.127,1,3,10,0.7,9.65,0,0.0,0,0
1790618435.1679027,47.397973799999995,8.5461692,9.456000328063965,0.17015375196933746,0.08543746173381805,0.0016720970161259174,21.16,0.24756230704109783,0.09461565212181922,0.0,16.33435836791992,20.0,20.0,1.3941626846790314,21.738409173667407,-3.4823291704426937,0.16484261412866655,14.0,0.0,0.0023369457650596766,"[20.0, 20.0, 20.0, 20.0, 20.0, 20.0, 20.0, 20.0, 20.0, 20.0, 20.0, 20.0, 20.0, 20.0, 20.0, 20.0, 20.0, 20.0, 20.0, 20.0, 20.0, 20.0, 20.0, 20.0, 20.0, 20.0, 20.0, 20.0, 20.0, 20.0, 20.0, 20.0, 20.0, 20.0, 20.0, 20.0, 20.0, 20.0, 20.0, 20.0, 20.0, 20.0, 20.0, 20.0, 20.0, 20.0, 20.0, 20.0, 20.0, 20.0, 20.0, 20.0, 20.0, 20.0, 20.0, 20.0, 20.0, 20.0, 20.0, 20.0, 20.0, 20.0, 20.0, 20.0, 20.0, 20.0, 20.0, 20.0, 20.0, 20.0, 20.0, 20.0]",-0.028585311396884482,24.990872402101623,-0.0902,-0.6416,-0.0288,0.8934,-10.0553,-0.0239,-0.0106,-9.7975,15.602,,68.0,,,,-0.1583,0.8113,0.8266,281.04,14.94,1.22389,0.1904,26.66,24.693,1,17.08,1.165,1,3,10,0.7,9.641,0,0.0,0,0
1790618435.3679025,47.3979742,8.5461694,9.455000877380371,0.19342805445194244,0.08413781225681305,0.0016161251114681363,19.05,0.3108245552297807,0.1060064779396703,0.0,14.248408126831066,20.0,20.0,1.4062628746032715,19.639512466673807,-3.1283573328698866,0.1880942832495836,14.0,0.0,0.003587858345666228,"[20.0, 20.0, 20.0, 20.0, 20.0, 20.0, 20.0, 20.0, 20.0, 20.0, 20.0, 20.0, 20.0, 20.0, 20.0, 20.0, 20.0, 20.0, 20.0, 20.0, 20.0, 20.0, 20.0, 20.0, 20.0, 20.0, 20.0, 20.0, 20.0, 20.0, 20.0, 20.0, 20.0, 20.0, 20.0, 20.0, 20.0, 20.0, 20.0, 20.0, 20.0, 20.0, 20.0, 20.0, 20.0, 20.0, 20.0, 20.0, 20.0, 20.0, 20.0, 20.0, 20.0, 20.0, 20.0, 20.0, 20.0, 20.0, 20.0, 20.0, 20.0, 20.0, 20.0, 20.0, 20.0, 20.0, 20.0, 20.0, 20.0, 20.0, 20.0, 20.0]",-0.028585311396884482,24.990872402101623,-0.0687,-0.7022,0.1094,-0.354,-10.0559,-0.0255,-0.0017,-9.7995,15.602,,68.0,,,,-0.0815,0.6607,0.6657,277.03,14.94,1.22389,0.2109,23.51,24.651,1,17.28,1.21,1,3,10,0.7,9.633,0,0.0,0,0
1790618435.5679216,47.3979746,8.5461695,9.454000473022461,0.22260694205760956,0.08480942249298096,0.001009811065159738,16.97,1.087464863587278,0.30361969367949787,0.0,12.168019027709988,20.0,20.0,1.4174008965492249,17.57132792919512,-3.0803300773085627,0.21712362289245937,14.0,0.0,0.7516152937095865,"[20.0, 20.0, 20.0, 20.0, 20.0, 20.0, 20.0, 20.0, 20.0, 20.0, 20.0, 20.0, 20.0, 20.0, 20.0, 20.0, 20.0, 20.0, 20.0, 20.0, 20.0, 20.0, 20.0, 20.0, 20.0, 20.0, 20.0, 20.0, 20.0, 20.0, 20.0, 20.0, 20.0, 20.0, 20.0, 20.0, 20.0, 20.0, 20.0, 20.0, 20.0, 20.0, 20.0, 20.0, 20.0, 20.0, 20.0, 20.0, 20.0, 20.0, 20.0, 20.0, 20.0, 20.0, 20.0, 20.0, 20.0, 20.0, 20.0, 20.0, 20.0, 20.0, 20.0, 20.0, 20.0, 20.0, 20.0, 20.0, 20.0, 20.0, 20.0, 20.0]",-0.028585311396884482,24.990872402101623,-0.0287,-0.986,0.0902,-1.0844,-9.9205,-0.0374,-0.0047,-9.8072,15.602,,68.0,,,,-0.0189,0.7134,0.7136,271.52,14.94,1.22389,0.2382,20.86,24.601,1,17.48,1.261,1,3,10,0.7,9.629,0,0.0,0,0
1790618435.768476,47.3979751,8.5461697,9.456000328063965,0.3077446520328522,0.10358069837093353,-0.0248222965747118,14.94,1.310094306371685,0.32162406477735667,0.0,10.11640686035156,20.0,20.0,1.4310898184776306,15.555359466157824,-3.662204275729288,0.3008950673188718,14.0,0.0,0.0,"[20.0, 20.0, 20.0, 20.0, 20.0, 20.0, 20.0, 20.0, 20.0, 20.0, 20.0, 20.0, 20.0, 20.0, 20.0, 20.0, 20.0, 20.0, 20.0, 20.0, 20.0, 20.0, 20.0, 20.0, 20.0, 20.0, 20.0, 20.0, 20.0, 20.0, 20.0, 20.0, 20.0, 20.0, 20.0, 20.0, 20.0, 20.0, 20.0, 20.0, 20.0, 20.0, 20.0, 20.0, 20.0, 20.0, 20.0, 20.0, 20.0, 20.0, 20.0, 20.0, 20.0, 20.0, 20.0, 20.0, 20.0, 20.0, 20.0, 20.0, 20.0, 20.0, 20.0, 20.0, 20.0, 20.0, 20.0, 20.0, 20.0, 20.0, 20.0, 20.0]",-0.028585311396884482,24.990872402101623,-0.0059,-5.1923,-0.3917,-20.3161,-9.9757,-0.044,-0.007,-9.8106,15.602,,68.0,,,,-0.0319,0.639,0.6398,272.85,14.94,1.22389,0.3247,18.6,24.545,1,17.69,1.319,1,3,10,0.7,9.663,0,0.0048,0,0
1790618435.9693136,47.3979759,8.54617,9.462000846862793,0.5260446071624756,0.15359245240688324,-0.019834676757454872,12.84,1.384057345644252,0.2877739396095286,0.0,8.024286117553743,20.0,20.0,1.4528148174285889,13.477833037929031,-3.436542559833133,0.5155460310552438,14.0,0.0,0.0,"[20.0, 20.0, 20.0, 20.0, 20.0, 20.0, 20.0, 20.0, 20.0, 20.0, 20.0, 20.0, 20.0, 20.0, 20.0, 20.0, 20.0, 20.0, 20.0, 20.0, 20.0, 20.0, 20.0, 20.0, 20.0, 20.0, 20.0, 20.0, 20.0, 20.0, 20.0, 20.0, 20.0, 20.0, 20.0, 20.0, 20.0, 20.0, 20.0, 20.0, 20.0, 20.0, 20.0, 20.0, 20.0, 20.0, 20.0, 20.0, 20.0, 20.0, 20.0, 20.0, 20.0, 20.0, 20.0, 20.0, 20.0, 20.0, 20.0, 20.0, 20.0, 20.0, 20.0, 20.0, 20.0, 20.0, 20.0, 20.0, 20.0, 20.0, 20.0, 20.0]",-0.028585311396884482,24.990872402101623,0.0668,-7.8469,-0.8937,-4.7986,-9.9578,-0.0651,-0.0086,-9.7998,15.602,,68.0,,,,0.0547,0.582,0.5845,264.63,14.94,1.22389,0.548,16.28,24.457,1,17.89,1.41,1,3,10,0.7,9.673,0,0.2557,0,0
1790618436.169426,47.3979772,8.5461704,9.46500015258789,0.7894462943077087,0.20323462784290314,-0.00519007770344615,10.43,1.4657522613965803,0.24608155692780914,0.0,5.626428298950202,20.0,20.0,1.4866712391376495,11.105121728670554,-4.0067120900532895,0.7749135193619945,14.0,0.0,0.1069290656871351,"[20.0, 20.0, 20.0, 20.0, 20.0, 20.0, 20.0, 20.0, 20.0, 20.0, 20.0, 20.0, 20.0, 20.0, 20.0, 20.0, 20.0, 20.0, 20.0, 20.0, 20.0, 20.0, 20.0, 20.0, 20.0, 20.0, 20.0, 20.0, 20.0, 20.0, 20.0, 20.0, 20.0, 20.0, 20.0, 20.0, 20.0, 20.0, 20.0, 20.0, 20.0, 20.0, 20.0, 20.0, 20.0, 20.0, 20.0, 20.0, 20.0, 20.0, 20.0, 20.0, 20.0, 20.0, 20.0, 20.0, 20.0, 20.0, 20.0, 20.0, 20.0, 20.0, 20.0, 20.0, 20.0, 20.0, 20.0, 20.0, 20.0, 20.0, 20.0, 20.0]",-0.028585311396884482,24.990872402101623,0.024,-7.6463,-1.5022,5.388,-9.8591,-0.0822,-0.0102,-9.8259,15.602,,68.0,,,,0.095,0.5523,0.5604,260.24,14.94,1.22389,0.8152,14.44,24.312,1,18.09,1.56,1,3,10,0.7,9.701,0,0.535,0,0
1790618436.3694808,47.397979,8.546171,9.46500015258789,1.0274797677993774,0.22704638540744781,0.0015379805117845535,7.65,1.5562299155259647,0.19039631563553053,0.0,2.8477386474609148,20.0,20.0,1.5274900794029236,8.375655098775496,-4.810641188655691,1.0102730964898243,14.0,0.0,0.1421498455697078,"[20.0, 20.0, 20.0, 20.0, 20.0, 20.0, 20.0, 20.0, 20.0, 20.0, 20.0, 20.0, 20.0, 20.0, 20.0, 20.0, 20.0, 20.0, 20.0, 20.0, 20.0, 20.0, 20.0, 20.0, 20.0, 20.0, 20.0, 20.0, 20.0, 20.0, 20.0, 20.0, 20.0, 20.0, 20.0, 20.0, 20.0, 20.0, 20.0, 20.0, 20.0, 20.0, 20.0, 20.0, 20.0, 20.0, 20.0, 20.0, 20.0, 20.0, 20.0, 20.0, 20.0, 20.0, 20.0, 20.0, 20.0, 20.0, 20.0, 20.0, 20.0, 20.0, 20.0, 20.0, 20.0, 20.0, 20.0, 20.0, 20.0, 20.0, 20.0, 20.0]",-0.028585311396884482,24.990872402101623,-0.1312,-6.4925,-1.3872,6.7944,-9.4921,-0.1024,-0.0147,-9.8335,15.602,,68.0,,,,0.1426,0.5237,0.5428,254.77,14.94,1.22389,1.0523,12.46,24.113,1,18.29,1.763,1,3,10,0.7,9.72,0,0.7809,0,0
1790618436.5703945,47.397981099999996,8.5461715,9.464000701904297,1.222094178199768,0.22143436968326569,0.0033736368641257286,4.65,1.6483808398178945,0.12145341751887728,0.0,-0.17346153259279617,20.0,20.0,1.5657237768173218,5.434209621881905,-5.620144080530257,1.2041200953480478,14.0,0.0,0.17108430767930113,"[20.0, 20.0, 20.0, 20.0, 20.0, 20.0, 20.0, 20.0, 20.0, 20.0, 20.0, 20.0, 20.0, 20.0, 20.0, 20.0, 20.0, 20.0, 20.0, 20.0, 20.0, 20.0, 20.0, 20.0, 20.0, 20.0, 20.0, 20.0, 20.0, 20.0, 20.0, 20.0, 20.0, 20.0, 20.0, 20.0, 20.0, 20.0, 20.0, 20.0, 20.0, 20.0, 20.0, 20.0, 20.0, 20.0, 20.0, 20.0, 20.0, 20.0, 20.0, 20.0, 20.0, 20.0, 20.0, 20.0, 20.0, 20.0, 20.0, 20.0, 20.0, 20.0, 20.0, 20.0, 20.0, 20.0, 20.0, 20.0, 20.0, 20.0, 20.0, 20.0]",-0.028585311396884482,24.990872402101623,-0.2777,-5.4531,-1.1136,5.2412,-9.0047,-0.1217,-0.0131,-9.8446,15.602,,68.0,,,,0.1119,0.5526,0.5638,258.55,14.94,1.22389,1.242,10.27,23.873,1,18.49,2.007,1,3,10,0.7,9.708,0,0.9601,0,0
1790618436.7712123,47.397983599999996,8.5461719,9.461000442504883,1.3807450532913208,0.19898825883865356,0.0034511787816882133,1.96,1.724911743712221,0.052251605400419454,0.0,-0.8491066061640709,20.0,20.0,1.5993990898132324,2.8091066061640504,-6.240807234511045,1.3632539345061143,14.0,0.0,0.16884744328877943,"[20.0, 20.0, 20.0, 20.0, 20.0, 20.0, 20.0, 20.0, 20.0, 20.0, 20.0, 20.0, 20.0, 20.0, 20.0, 20.0, 20.0, 20.0, 20.0, 20.0, 20.0, 20.0, 20.0, 20.0, 20.0, 20.0, 20.0, 20.0, 20.0, 20.0, 20.0, 20.0, 20.0, 20.0, 20.0, 20.0, 20.0, 20.0, 20.0, 20.0, 20.0, 20.0, 20.0, 20.0, 20.0, 20.0, 20.0, 20.0, 20.0, 20.0, 20.0, 20.0, 20.0, 20.0, 20.0, 20.0, 20.0, 20.0, 20.0, 20.0, 20.0, 20.0, 20.0, 20.0, 20.0, 20.0, 20.0, 20.0, 20.0, 20.0, 20.0, 20.0]",-0.028585311396884482,24.990872402101623,-0.4515,-4.756,-1.5137,3.5653,-8.6528,-0.1478,-0.0105,-9.8327,15.602,,68.0,,,,0.0141,0.7559,0.756,268.93,14.94,1.22389,1.395,8.2,23.6,1,18.69,2.283,1,3,10,0.7,9.706,0,1.017,0,0
1790618436.9716647,47.3979863,8.5461723,9.459000587463379,1.5117902755737305,0.16187970340251923,0.0026678424328565598,359.59000000000003,1.7868392252426146,-0.014051480734658178,0.0,-0.9169565326656084,20.0,20.0,1.624469518661499,0.5069565326656402,-6.521838078473922,1.496036288200192,14.0,0.0,0.16076816048537984,"[20.0, 20.0, 20.0, 20.0, 20.0, 20.0, 20.0, 20.0, 20.0, 20.0, 20.0, 20.0, 20.0, 20.0, 20.0, 20.0, 20.0, 20.0, 20.0, 20.0, 20.0, 20.0, 20.0, 20.0, 20.0, 20.0, 20.0, 20.0, 20.0, 20.0, 20.0, 20.0, 20.0, 20.0, 20.0, 20.0, 20.0, 20.0, 20.0, 20.0, 20.0, 20.0, 20.0, 20.0, 20.0, 20.0, 20.0, 20.0, 20.0, 20.0, 20.0, 20.0, 20.0, 20.0, 20.0, 20.0, 20.0, 20.0, 20.0, 20.0, 20.0, 20.0, 20.0, 20.0, 20.0, 20.0, 20.0, 20.0, 20.0, 20.0, 20.0, 20.0]",-0.028585311396884482,24.990872402101623,-0.6381,-4.2898,-0.8953,2.6682,-7.1168,-0.1584,-0.0232,-9.8235,15.602,,68.0,,,,0.1978,0.8242,0.8476,256.51,14.94,1.22389,1.5204,6.11,23.303,1,18.89,2.582,1,3,10,0.7,9.716,0,1.0966,0,0
1790618437.1722167,47.3979891,8.546172499999999,9.458000183105469,1.620587706565857,0.11788377165794373,0.0018944633193314075,357.89,1.7696655251506952,-0.06241939488773804,0.0,-0.986283984567649,20.0,20.0,1.640684425830841,-1.1237160154323647,-6.270445816378193,1.6073219029754005,14.0,0.0,0.11785504868366105,"[20.0, 20.0, 20.0, 20.0, 20.0, 20.0, 20.0, 20.0, 20.0, 20.0, 20.0, 20.0, 20.0, 20.0, 20.0, 20.0, 20.0, 20.0, 20.0, 20.0, 20.0, 20.0, 20.0, 20.0, 20.0, 20.0, 20.0, 20.0, 20.0, 20.0, 20.0, 20.0, 20.0, 20.0, 20.0, 20.0, 20.0, 20.0, 20.0, 20.0, 20.0, 20.0, 20.0, 20.0, 20.0, 20.0, 20.0, 20.0, 20.0, 20.0, 20.0, 20.0, 20.0, 20.0, 20.0, 20.0, 20.0, 20.0, 20.0, 20.0, 20.0, 20.0, 20.0, 20.0, 20.0, 20.0, 20.0, 20.0, 20.0, 20.0, 20.0, 20.0]",-0.028585311396884482,24.990872402101623,-0.7493,-3.9255,-0.5615,2.139,-3.4816,-0.1713,-0.0198,-9.8181,15.542,,65.0,,,,0.2552,0.9367,0.9708,254.76,14.94,1.22389,1.6249,4.16,22.987,1,19.09,2.899,1,3,10,0.7,9.713,0,1.1395,0,0
1790618437.372235,47.397992099999996,8.5461726,9.458000183105469,1.7068467140197754,0.0714564174413681,0.003067935351282358,357.19,1.7521798844633176,-0.08170042392349257,0.0,-1.05612946670351,20.0,20.0,1.6482613682746887,-1.7538705332964923,-5.207263770306238,1.696500655307038,14.0,0.0,0.044213975187963904,"[20.0, 20.0, 20.0, 20.0, 20.0, 20.0, 20.0, 20.0, 20.0, 20.0, 20.0, 20.0, 20.0, 20.0, 20.0, 20.0, 20.0, 20.0, 20.0, 20.0, 20.0, 20.0, 20.0, 20.0, 20.0, 20.0, 20.0, 20.0, 20.0, 20.0, 20.0, 20.0, 20.0, 20.0, 20.0, 20.0, 20.0, 20.0, 20.0, 20.0, 20.0, 20.0, 20.0, 20.0, 20.0, 20.0, 20.0, 20.0, 20.0, 20.0, 20.0, 20.0, 20.0, 20.0, 20.0, 20.0, 20.0, 20.0, 20.0, 20.0, 20.0, 20.0, 20.0, 20.0, 20.0, 20.0, 20.0, 20.0, 20.0, 20.0, 20.0, 20.0]",-0.028585311396884482,24.990872402101623,-0.8588,-3.2485,-0.4034,3.6576,0.7808,-0.1777,-0.0169,-9.8147,15.542,,65.0,,,,0.2727,0.8365,0.8798,251.94,14.94,1.22389,1.7083,2.4,22.656,1,19.29,3.231,1,3,10,0.7,9.689,0,1.2684,0,0
1790618437.5732932,47.397995099999996,8.5461726,9.457000732421875,1.7608458995819092,0.02814568020403385,0.003531572874635458,357.40000000000003,1.7598758163004522,-0.07628656788869717,0.0,-1.1264025912445277,20.0,20.0,1.649952232837677,-1.4735974087554382,-3.5157481467487357,1.7534218454689343,14.0,0.0,0.0195124858959795,"[20.0, 20.0, 20.0, 20.0, 20.0, 20.0, 20.0, 20.0, 20.0, 20.0, 20.0, 20.0, 20.0, 20.0, 20.0, 20.0, 20.0, 20.0, 20.0, 20.0, 20.0, 20.0, 20.0, 20.0, 20.0, 20.0, 20.0, 20.0, 20.0, 20.0, 20.0, 20.0, 20.0, 20.0, 20.0, 20.0, 20.0, 20.0, 20.0, 20.0, 20.0, 20.0, 20.0, 20.0, 20.0, 20.0, 20.0, 20.0, 20.0, 20.0, 20.0, 20.0, 20.0, 20.0, 20.0, 20.0, 20.0, 20.0, 20.0, 20.0, 20.0, 20.0, 20.0, 20.0, 20.0, 20.0, 20.0, 20.0, 20.0, 20.0, 20.0, 20.0]",-0.028585311396884482,24.990872402101623,-0.9002,-2.5069,0.1676,3.1572,3.521,-0.1919,-0.0122,-9.8105,15.542,,65.0,,,,0.2967,0.8369,0.8879,250.48,14.94,1.22389,1.7611,0.92,22.316,1,19.49,3.571,1,3,10,0.7,9.671,0,1.3171,0,0
1790618437.7744899,47.397998199999996,8.5461726,9.456000328063965,1.7880852222442627,-0.005951649975031614,0.0030708182603120804,358.19,1.7833046397267507,-0.05482738117747508,0.0,-1.1974449940227032,20.0,20.0,1.6488476991653442,-0.6125550059772991,-1.6192914358041928,1.7830515026587805,14.0,0.0,0.06100844741280098,"[20.0, 20.0, 20.0, 20.0, 20.0, 20.0, 20.0, 20.0, 20.0, 20.0, 20.0, 20.0, 20.0, 20.0, 20.0, 20.0, 20.0, 20.0, 20.0, 20.0, 20.0, 20.0, 20.0, 20.0, 20.0, 20.0, 20.0, 20.0, 20.0, 20.0, 20.0, 20.0, 20.0, 20.0, 20.0, 20.0, 20.0, 20.0, 20.0, 20.0, 20.0, 20.0, 20.0, 20.0, 20.0, 20.0, 20.0, 20.0, 20.0, 20.0, 20.0, 20.0, 20.0, 20.0, 20.0, 20.0, 20.0, 20.0, 20.0, 20.0, 20.0, 20.0, 20.0, 20.0, 20.0, 20.0, 20.0, 20.0, 20.0, 20.0, 20.0, 20.0]",-0.028585311396884482,24.990872402101623,-0.7801,-2.0704,0.9376,1.3843,4.1612,-0.1983,-0.0023,-9.815,15.542,,65.0,,,,0.1532,0.6466,0.6645,256.67,14.94,1.22389,1.7881,359.81,21.975,1,19.69,3.912,1,3,10,0.7,9.642,0,1.4559,0,0
1790618437.9751773,47.3980015,8.5461726,9.456000328063965,1.8017390966415405,-0.028581779450178146,0.00232547870837152,359.07,1.792268572348917,-0.031382050234562454,0.0,-1.2691011977465223,20.0,20.0,1.6458548307418823,0.2891011977465041,-0.07116808902826774,1.7983066303290187,14.0,0.0,0.06539986851026698,"[20.0, 20.0, 20.0, 20.0, 20.0, 20.0, 20.0, 20.0, 20.0, 20.0, 20.0, 20.0, 20.0, 20.0, 20.0, 20.0, 20.0, 20.0, 20.0, 20.0, 20.0, 20.0, 20.0, 20.0, 20.0, 20.0, 20.0, 20.0, 20.0, 20.0, 20.0, 20.0, 20.0, 20.0, 20.0, 20.0, 20.0, 20.0, 20.0, 20.0, 20.0, 20.0, 20.0, 20.0, 20.0, 20.0, 20.0, 20.0, 20.0, 20.0, 20.0, 20.0, 20.0, 20.0, 20.0, 20.0, 20.0, 20.0, 20.0, 20.0, 20.0, 20.0, 20.0, 20.0, 20.0, 20.0, 20.0, 20.0, 20.0, 20.0, 20.0, 20.0]",-0.028585311396884482,24.990872402101623,-0.5101,-1.9771,1.3863,-0.0239,3.1056,-0.204,-0.0118,-9.8053,15.542,,65.0,,,,0.0414,0.5896,0.5911,265.98,14.94,1.22389,1.802,359.09,21.634,1,19.89,4.253,1,3,10,0.7,9.647,0,1.5064,0,0
1790618438.1759126,47.3980046,8.546172499999999,9.458000183105469,1.8165456056594849,-0.03989730402827263,0.0021033724769949913,359.51,1.778323048795866,-0.017896380631342336,0.0,-1.3422407722268304,20.0,20.0,1.6407772898674011,0.8322407722268395,0.7482010958281551,1.8138498681413544,14.0,0.0,0.03919904235370384,"[20.0, 20.0, 20.0, 20.0, 20.0, 20.0, 20.0, 20.0, 20.0, 20.0, 20.0, 20.0, 20.0, 20.0, 20.0, 20.0, 20.0, 20.0, 20.0, 20.0, 20.0, 20.0, 20.0, 20.0, 20.0, 20.0, 20.0, 20.0, 20.0, 20.0, 20.0, 20.0, 20.0, 20.0, 20.0, 20.0, 20.0, 20.0, 20.0, 20.0, 20.0, 20.0, 20.0, 20.0, 20.0, 20.0, 20.0, 20.0, 20.0, 20.0, 20.0, 20.0, 20.0, 20.0, 20.0, 20.0, 20.0, 20.0, 20.0, 20.0, 20.0, 20.0, 20.0, 20.0, 20.0, 20.0, 20.0, 20.0, 20.0, 20.0, 20.0, 20.0]",-0.028585311396884482,24.990872402101623,-0.2053,-1.9466,1.487,0.3231,1.0143,-0.2084,0.003,-9.7965,15.542,,65.0,,,,0.0687,0.5515,0.5557,262.9,14.94,1.22389,1.817,358.74,21.289,1,20.09,4.598,1,3,10,0.7,9.658,0,1.5391,0,0
1790618438.375496,47.398007799999995,8.5461724,9.460000038146973,1.830049753189087,-0.041407160460948944,0.002300265245139599,359.52,1.7755619622157799,-0.01720093856638451,0.0,-1.4179339431783546,20.0,20.0,1.634680688381195,0.9379339431783364,0.8161673850415295,1.8273128991612357,14.0,0.0,0.007551573871725393,"[20.0, 20.0, 20.0, 20.0, 20.0, 20.0, 20.0, 20.0, 20.0, 20.0, 20.0, 20.0, 20.0, 20.0, 20.0, 20.0, 20.0, 20.0, 20.0, 20.0, 20.0, 20.0, 20.0, 20.0, 20.0, 20.0, 20.0, 20.0, 20.0, 20.0, 20.0, 20.0, 20.0, 20.0, 20.0, 20.0, 20.0, 20.0, 20.0, 20.0, 20.0, 20.0, 20.0, 20.0, 20.0, 20.0, 20.0, 20.0, 20.0, 20.0, 20.0, 20.0, 20.0, 20.0, 20.0, 20.0, 20.0, 20.0, 20.0, 20.0, 20.0, 20.0, 20.0, 20.0, 20.0, 20.0, 20.0, 20.0, 20.0, 20.0, 20.0, 20.0]",-0.028585311396884482,24.990872402101623,0.0446,-1.7735,1.0071,1.02,-0.8115,-0.2029,0.0,-9.8,15.542,,65.0,,,,0.1492,0.5513,0.5711,254.86,14.94,1.22389,1.8305,358.7,20.939,1,20.29,4.949,1,3,10,0.7,9.673,0,1.5449,0,0
1790618438.576801,47.398011,8.5461723,9.462000846862793,1.839217185974121,-0.03747209534049034,0.002465777797624469,359.23,1.7810084985195476,-0.025741816774891662,0.0,-1.4958017503305427,20.0,20.0,1.627268671989441,0.7258017503305609,0.397179130625633,1.8360027157949927,14.0,0.0,0.015128857781015187,"[20.0, 20.0, 20.0, 20.0, 20.0, 20.0, 20.0, 20.0, 20.0, 20.0, 20.0, 20.0, 20.0, 20.0, 20.0, 20.0, 20.0, 20.0, 20.0, 20.0, 20.0, 20.0, 20.0, 20.0, 20.0, 20.0, 20.0, 20.0, 20.0, 20.0, 20.0, 20.0, 20.0, 20.0, 20.0, 20.0, 20.0, 20.0, 20.0, 20.0, 20.0, 20.0, 20.0, 20.0, 20.0, 20.0, 20.0, 20.0, 20.0, 20.0, 20.0, 20.0, 20.0, 20.0, 20.0, 20.0, 20.0, 20.0, 20.0, 20.0, 20.0, 20.0, 20.0, 20.0, 20.0, 20.0, 20.0, 20.0, 20.0, 20.0, 20.0, 20.0]",-0.028585311396884482,24.990872402101623,0.1674,-1.5997,0.3219,0.6018,-1.7403,-0.2095,0.0037,-9.7993,15.542,,65.0,,,,0.2606,0.4306,0.5033,238.82,14.94,1.22389,1.8396,358.83,20.583,1,20.49,5.304,1,3,10,0.7,9.732,0,1.5879,0,0
1790618438.777235,47.3980142,8.546172199999999,9.4660005569458,1.8444366455078125,-0.03241763636469841,0.0016973997699096799,358.84000000000003,1.788826642011702,-0.03726467245193303,0.0,-1.5775902430154929,20.0,20.0,1.6206206679344177,0.4175902430155247,-0.15307871149142852,1.8406403755993936,14.0,0.0,0.02221302245485156,"[20.0, 20.0, 20.0, 20.0, 20.0, 20.0, 20.0, 20.0, 20.0, 20.0, 20.0, 20.0, 20.0, 20.0, 20.0, 20.0, 20.0, 20.0, 20.0, 20.0, 20.0, 20.0, 20.0, 20.0, 20.0, 20.0, 20.0, 20.0, 20.0, 20.0, 20.0, 20.0, 20.0, 20.0, 20.0, 20.0, 20.0, 20.0, 20.0, 20.0, 20.0, 20.0, 20.0, 20.0, 20.0, 20.0, 20.0, 20.0, 20.0, 20.0, 20.0, 20.0, 20.0, 20.0, 20.0, 20.0, 20.0, 20.0, 20.0, 20.0, 20.0, 20.0, 20.0, 20.0, 20.0, 20.0, 20.0, 20.0, 20.0, 20.0, 20.0, 20.0]",-0.028585311396884482,24.990872402101623,0.1593,-1.5157,-0.2439,0.2368,-1.8354,-0.2151,0.0013,-9.7946,15.542,,65.0,,,,0.352,0.325,0.4791,222.72,14.94,1.22389,1.8447,358.99,20.225,1,20.69,5.662,1,3,10,0.7,9.734,0,1.6052,0,0
1790618438.9774656,47.398017499999995,8.546172199999999,9.471000671386719,1.8485742807388306,-0.029292047023773193,0.0014007074059918523,358.53000000000003,1.7944055049934884,-0.04653363204790513,0.0,-1.6637068828939618,20.0,20.0,1.615109622478485,0.1937068828939914,-0.5621813428758922,1.844333960347299,14.0,0.0,0.01624203976001557,"[20.0, 20.0, 20.0, 20.0, 20.0, 20.0, 20.0, 20.0, 20.0, 20.0, 20.0, 20.0, 20.0, 20.0, 20.0, 20.0, 20.0, 20.0, 20.0, 20.0, 20.0, 20.0, 20.0, 20.0, 20.0, 20.0, 20.0, 20.0, 20.0, 20.0, 20.0, 20.0, 20.0, 20.0, 20.0, 20.0, 20.0, 20.0, 20.0, 20.0, 20.0, 20.0, 20.0, 20.0, 20.0, 20.0, 20.0, 20.0, 20.0, 20.0, 20.0, 20.0, 20.0, 20.0, 20.0, 20.0, 20.0, 20.0, 20.0, 20.0, 20.0, 20.0, 20.0, 20.0, 20.0, 20.0, 20.0, 20.0, 20.0, 20.0, 20.0, 20.0]",-0.028585311396884482,24.990872402101623,0.0694,-1.5041,-0.5517,0.0321,-1.328,-0.2191,-0.0133,-9.7964,15.542,,65.0,,,,0.331,0.3842,0.5071,229.25,14.94,1.22389,1.8488,359.09,19.864,1,20.89,6.023,1,3,10,0.7,9.735,0,1.5953,0,0
1790618439.177846,47.3980207,8.5461721,9.47700023651123,1.8533239364624023,-0.03051435761153698,0.0015366451116278768,358.34000000000003,1.796839351211281,-0.0523075110634283,0.0,-1.7532200928262114,20.0,20.0,1.6092901229858398,0.09322009282624322,-0.7167294180953913,1.8489952958654239,14.0,0.0,0.007327904102105811,"[20.0, 20.0, 20.0, 20.0, 20.0, 20.0, 20.0, 20.0, 20.0, 20.0, 20.0, 20.0, 20.0, 20.0, 20.0, 20.0, 20.0, 20.0, 20.0, 20.0, 20.0, 20.0, 20.0, 20.0, 20.0, 20.0, 20.0, 20.0, 20.0, 20.0, 20.0, 20.0, 20.0, 20.0, 20.0, 20.0, 20.0, 20.0, 20.0, 20.0, 20.0, 20.0, 20.0, 20.0, 20.0, 20.0, 20.0, 20.0, 20.0, 20.0, 20.0, 20.0, 20.0, 20.0, 20.0, 20.0, 20.0, 20.0, 20.0, 20.0, 20.0, 20.0, 20.0, 20.0, 20.0, 20.0, 20.0, 20.0, 20.0, 20.0, 20.0, 20.0]",-0.028585311396884482,24.990872402101623,-0.0333,-1.499,-0.4824,0.0823,-0.7269,-0.2196,-0.0071,-9.7976,15.482,,62.0,,,,0.2722,0.398,0.4821,235.63,14.94,1.22389,1.8536,359.06,19.5,1,21.09,6.387,1,3,10,0.7,9.725,0,1.6125,0,0
1790618439.3785508,47.398024,8.546172,9.480000495910645,1.8584719896316528,-0.03397154435515404,0.0019993316382169724,358.25,1.7966572355067036,-0.055136415846506595,0.0,-1.8470037278787004,20.0,20.0,1.6037072539329529,0.09700372787870037,-0.7027905820396924,1.8542382224356315,14.0,0.0,0.0002759812449190439,"[20.0, 20.0, 20.0, 20.0, 20.0, 20.0, 20.0, 20.0, 20.0, 20.0, 20.0, 20.0, 20.0, 20.0, 20.0, 20.0, 20.0, 20.0, 20.0, 20.0, 20.0, 20.0, 20.0, 20.0, 20.0, 20.0, 20.0, 20.0, 20.0, 20.0, 20.0, 20.0, 20.0, 20.0, 20.0, 20.0, 20.0, 20.0, 20.0, 20.0, 20.0, 20.0, 20.0, 20.0, 20.0, 20.0, 20.0, 20.0, 20.0, 20.0, 20.0, 20.0, 20.0, 20.0, 20.0, 20.0, 20.0, 20.0, 20.0, 20.0, 20.0, 20.0, 20.0, 20.0, 20.0, 20.0, 20.0, 20.0, 20.0, 20.0, 20.0, 20.0]",-0.028585311396884482,24.990872402101623,-0.0947,-1.4668,-0.2555,0.2746,-0.3439,-0.2218,-0.0116,-9.7951,15.482,,62.0,,,,0.2726,0.4084,0.491,236.28,14.94,1.22389,1.8588,358.95,19.133,1,21.3,6.754,1,3,10,0.7,9.734,0,1.6133,0,0
1790618439.579513,47.398027299999995,8.546172,9.483000755310059,1.8618214130401611,-0.03766097128391266,0.0021811961196362972,358.2,1.795359462257822,-0.0567861106243653,0.0,-1.945326468561177,20.0,20.0,1.5988864302635193,0.1453264685611657,-0.6411775385482597,1.8577016239246098,14.0,0.0,0.0035159531679812878,"[20.0, 20.0, 20.0, 20.0, 20.0, 20.0, 20.0, 20.0, 20.0, 20.0, 20.0, 20.0, 20.0, 20.0, 20.0, 20.0, 20.0, 20.0, 20.0, 20.0, 20.0, 20.0, 20.0, 20.0, 20.0, 20.0, 20.0, 20.0, 20.0, 20.0, 20.0, 20.0, 20.0, 20.0, 20.0, 20.0, 20.0, 20.0, 20.0, 20.0, 20.0, 20.0, 20.0, 20.0, 20.0, 20.0, 20.0, 20.0, 20.0, 20.0, 20.0, 20.0, 20.0, 20.0, 20.0, 20.0, 20.0, 20.0, 20.0, 20.0, 20.0, 20.0, 20.0, 20.0, 20.0, 20.0, 20.0, 20.0, 20.0, 20.0, 20.0, 20.0]",-0.028585311396884482,24.990872402101623,-0.1245,-1.4154,-0.1578,0.2631,-0.1114,-0.2151,-0.0003,-9.8078,15.482,,62.0,,,,0.1986,0.4022,0.4486,243.72,14.94,1.22389,1.8622,358.84,18.766,1,21.5,7.122,1,3,10,0.7,9.736,0,1.6379,0,0
1790618439.7807784,47.3980306,8.5461719,9.483000755310059,1.8632339239120483,-0.04065990447998047,0.002622615545988083,358.14,1.7941766524185858,-0.058738287766034195,0.0,-2.048705817735822,20.0,20.0,1.5949023365974426,0.18870581773580852,-0.6098771899278921,1.859164001136614,14.0,0.0,0.003154579026059012,"[20.0, 20.0, 20.0, 20.0, 20.0, 20.0, 20.0, 20.0, 20.0, 20.0, 20.0, 20.0, 20.0, 20.0, 20.0, 20.0, 20.0, 20.0, 20.0, 20.0, 20.0, 20.0, 20.0, 20.0, 20.0, 20.0, 20.0, 20.0, 20.0, 20.0, 20.0, 20.0, 20.0, 20.0, 20.0, 20.0, 20.0, 20.0, 20.0, 20.0, 20.0, 20.0, 20.0, 20.0, 20.0, 20.0, 20.0, 20.0, 20.0, 20.0, 20.0, 20.0, 20.0, 20.0, 20.0, 20.0, 20.0, 20.0, 20.0, 20.0, 20.0, 20.0, 20.0, 20.0, 20.0, 20.0, 20.0, 20.0, 20.0, 20.0, 20.0, 20.0]",-0.028585311396884482,24.990872402101623,-0.1347,-1.3592,-0.0775,0.2947,-0.2044,-0.2252,-0.0157,-9.8033,15.482,,62.0,,,,0.0582,0.5657,0.5687,264.12,14.94,1.22389,1.8637,358.75,18.397,1,21.7,7.491,1,3,10,0.7,9.689,0,1.5793,0,0
1790618439.9809253,47.398033899999994,8.5461718,9.481000900268555,1.8614352941513062,-0.04365161433815956,0.0029450065921992064,358.05,1.7936484417897351,-0.061583621192403,0.0,-2.155457390176366,20.0,20.0,1.5907780528068542,0.20545739017637743,-0.6066307384759292,1.8574258371191636,14.0,0.0,0.0012205550702065226,"[20.0, 20.0, 20.0, 20.0, 20.0, 20.0, 20.0, 20.0, 20.0, 20.0, 20.0, 20.0, 20.0, 20.0, 20.0, 20.0, 20.0, 20.0, 20.0, 20.0, 20.0, 20.0, 20.0, 20.0, 20.0, 20.0, 20.0, 20.0, 20.0, 20.0, 20.0, 20.0, 20.0, 20.0, 20.0, 20.0, 20.0, 20.0, 20.0, 20.0, 20.0, 20.0, 20.0, 20.0, 20.0, 20.0, 20.0, 20.0, 20.0, 20.0, 20.0, 20.0, 20.0, 20.0, 20.0, 20.0, 20.0, 20.0, 20.0, 20.0, 20.0, 20.0, 20.0, 20.0, 20.0, 20.0, 20.0, 20.0, 20.0, 20.0, 20.0, 20.0]",-0.028585311396884482,24.990872402101623,-0.1349,-1.3208,0.0338,0.127,-0.2066,-0.2153,-0.01,-9.795,15.482,,62.0,,,,0.0569,0.6419,0.6444,264.93,14.94,1.22389,1.8619,358.66,18.03,1,21.9,7.858,1,3,10,0.7,9.688,0,1.5397,0,0
1790618440.181552,47.3980372,8.5461718,9.479000091552734,1.8577353954315186,-0.04740395396947861,0.0026763351634144783,357.98,1.7925647778322182,-0.06383653280314659,0.0,-2.2643275959932225,20.0,20.0,1.585322380065918,0.24432759599324072,-0.5582970899441438,1.8538735547212253,14.0,0.0,0.002825391327701974,"[20.0, 20.0, 20.0, 20.0, 20.0, 20.0, 20.0, 20.0, 20.0, 20.0, 20.0, 20.0, 20.0, 20.0, 20.0, 20.0, 20.0, 20.0, 20.0, 20.0, 20.0, 20.0, 20.0, 20.0, 20.0, 20.0, 20.0, 20.0, 20.0, 20.0, 20.0, 20.0, 20.0, 20.0, 20.0, 20.0, 20.0, 20.0, 20.0, 20.0, 20.0, 20.0, 20.0, 20.0, 20.0, 20.0, 20.0, 20.0, 20.0, 20.0, 20.0, 20.0, 20.0, 20.0, 20.0, 20.0, 20.0, 20.0, 20.0, 20.0, 20.0, 20.0, 20.0, 20.0, 20.0, 20.0, 20.0, 20.0, 20.0, 20.0, 20.0, 20.0]",-0.028585311396884482,24.990872402101623,-0.1324,-1.3133,0.0356,-0.0979,-0.2563,-0.2139,-0.0049,-9.8078,15.482,,62.0,,,,-0.0476,0.789,0.7905,273.45,14.94,1.22389,1.8583,358.54,17.664,1,22.1,8.224,1,3,10,0.7,9.698,0,1.4631,0,0
1790618440.382873,47.398040599999995,8.5461717,9.47700023651123,1.8570313453674316,-0.04990314319729805,0.002341815270483494,357.87,1.7923168855276,-0.06728510712142,0.0,-2.3790349240297246,20.0,20.0,1.5801376104354858,0.24903492402972915,-0.5906875138624347,1.8531764736209033,14.0,0.0,0.000341165750393868,"[20.0, 20.0, 20.0, 20.0, 20.0, 20.0, 20.0, 20.0, 20.0, 20.0, 20.0, 20.0, 20.0, 20.0, 20.0, 20.0, 20.0, 20.0, 20.0, 20.0, 20.0, 20.0, 20.0, 20.0, 20.0, 20.0, 20.0, 20.0, 20.0, 20.0, 20.0, 20.0, 20.0, 20.0, 20.0, 20.0, 20.0, 20.0, 20.0, 20.0, 20.0, 20.0, 20.0, 20.0, 20.0, 20.0, 20.0, 20.0, 20.0, 20.0, 20.0, 20.0, 20.0, 20.0, 20.0, 20.0, 20.0, 20.0, 20.0, 20.0, 20.0, 20.0, 20.0, 20.0, 20.0, 20.0, 20.0, 20.0, 20.0, 20.0, 20.0, 20.0]",-0.028585311396884482,24.990872402101623,-0.1268,-1.2983,0.0363,0.1531,-0.3808,-0.2184,-0.0012,-9.8117,15.482,,62.0,,,,0.0725,0.8763,0.8793,265.27,14.94,1.22389,1.8577,358.46,17.295,1,22.3,8.593,1,3,10,0.7,9.652,0,1.418,0,0
1790618440.5832121,47.3980439,8.5461716,9.475000381469727,1.8548612594604492,-0.05217083916068077,0.0019198260270059109,357.74,1.7924262301652536,-0.07133640418718708,0.0,-2.4987507749592623,20.0,20.0,1.5750866532325745,0.23875077495927144,-0.6488924253052339,1.8509888351172379,14.0,0.0,0.0007470485848103551,"[20.0, 20.0, 20.0, 20.0, 20.0, 20.0, 20.0, 20.0, 20.0, 20.0, 20.0, 20.0, 20.0, 20.0, 20.0, 20.0, 20.0, 20.0, 20.0, 20.0, 20.0, 20.0, 20.0, 20.0, 20.0, 20.0, 20.0, 20.0, 20.0, 20.0, 20.0, 20.0, 20.0, 20.0, 20.0, 20.0, 20.0, 20.0, 20.0, 20.0, 20.0, 20.0, 20.0, 20.0, 20.0, 20.0, 20.0, 20.0, 20.0, 20.0, 20.0, 20.0, 20.0, 20.0, 20.0, 20.0, 20.0, 20.0, 20.0, 20.0, 20.0, 20.0, 20.0, 20.0, 20.0, 20.0, 20.0, 20.0, 20.0, 20.0, 20.0, 20.0]",-0.028585311396884482,24.990872402101623,-0.1351,-1.2753,-0.0812,0.0151,-0.4459,-0.2162,-0.005,-9.8078,15.482,,62.0,,,,-0.0042,0.9354,0.9354,270.25,14.94,1.22389,1.8556,358.39,16.926,1,22.5,8.962,1,3,10,0.7,9.66,0,1.3879,0,0
1790618440.784175,47.3980472,8.5461715,9.473999977111816,1.8500357866287231,-0.05675281956791878,0.0013685619924217463,357.66,1.7912958522800468,-0.07389604555828556,0.0,-2.6184270124411455,20.0,20.0,1.5674747824668884,0.2784270124411705,-0.5829109598565231,1.846405721654271,14.0,0.0,0.002875455213748735,"[20.0, 20.0, 20.0, 20.0, 20.0, 20.0, 20.0, 20.0, 20.0, 20.0, 20.0, 20.0, 20.0, 20.0, 20.0, 20.0, 20.0, 20.0, 20.0, 20.0, 20.0, 20.0, 20.0, 20.0, 20.0, 20.0, 20.0, 20.0, 20.0, 20.0, 20.0, 20.0, 20.0, 20.0, 20.0, 20.0, 20.0, 20.0, 20.0, 20.0, 20.0, 20.0, 20.0, 20.0, 20.0, 20.0, 20.0, 20.0, 20.0, 20.0, 20.0, 20.0, 20.0, 20.0, 20.0, 20.0, 20.0, 20.0, 20.0, 20.0, 20.0, 20.0, 20.0, 20.0, 20.0, 20.0, 20.0, 20.0, 20.0, 20.0, 20.0, 20.0]",-0.028585311396884482,24.990872402101623,-0.1418,-1.2799,0.0309,-0.127,-0.4399,-0.2216,-0.003,-9.8115,15.482,,62.0,,,,0.1123,1.0384,1.0445,263.83,14.94,1.22389,1.8509,358.24,16.559,1,22.7,9.329,1,3,10,0.7,9.7,0,1.3287,0,0
1790618440.9847307,47.3980505,8.5461714,9.476000785827637,1.8457818031311035,-0.06248237192630768,0.0006055365665815771,357.61,1.78939215845068,-0.07555898632084979,0.0,-2.7392306232661667,20.0,20.0,1.557717740535736,0.3492306232661804,-0.45119570402613557,1.8425274496792101,14.0,0.0,0.005146914326689489,"[20.0, 20.0, 20.0, 20.0, 20.0, 20.0, 20.0, 20.0, 20.0, 20.0, 20.0, 20.0, 20.0, 20.0, 20.0, 20.0, 20.0, 20.0, 20.0, 20.0, 20.0, 20.0, 20.0, 20.0, 20.0, 20.0, 20.0, 20.0, 20.0, 20.0, 20.0, 20.0, 20.0, 20.0, 20.0, 20.0, 20.0, 20.0, 20.0, 20.0, 20.0, 20.0, 20.0, 20.0, 20.0, 20.0, 20.0, 20.0, 20.0, 20.0, 20.0, 20.0, 20.0, 20.0, 20.0, 20.0, 20.0, 20.0, 20.0, 20.0, 20.0, 20.0, 20.0, 20.0, 20.0, 20.0, 20.0, 20.0, 20.0, 20.0, 20.0, 20.0]",-0.028585311396884482,24.990872402101623,-0.1295,-1.2901,0.0929,-0.1086,-0.4831,-0.2203,-0.0037,-9.8055,15.482,,62.0,,,,0.0503,1.1794,1.1805,267.56,14.94,1.22389,1.8468,358.06,16.193,1,22.9,9.695,1,3,10,0.7,9.712,0,1.2566,0,0
1790618441.1852744,47.3980538,8.5461712,9.47800064086914,1.843368411064148,-0.06792190670967102,0.00040067144436761737,357.53000000000003,1.7881756264887085,-0.07811571808723536,0.0,-2.86189726721301,20.0,20.0,1.5459780097007751,0.3918972672130394,-0.3597984749613311,1.8404702065943974,14.0,0.0,0.003083806650732383,"[20.0, 20.0, 20.0, 20.0, 20.0, 20.0, 20.0, 20.0, 20.0, 20.0, 20.0, 20.0, 20.0, 20.0, 20.0, 20.0, 20.0, 20.0, 20.0, 20.0, 20.0, 20.0, 20.0, 20.0, 20.0, 20.0, 20.0, 20.0, 20.0, 20.0, 20.0, 20.0, 20.0, 20.0, 20.0, 20.0, 20.0, 20.0, 20.0, 20.0, 20.0, 20.0, 20.0, 20.0, 20.0, 20.0, 20.0, 20.0, 20.0, 20.0, 20.0, 20.0, 20.0, 20.0, 20.0, 20.0, 20.0, 20.0, 20.0, 20.0, 20.0, 20.0, 20.0, 20.0, 20.0, 20.0, 20.0, 20.0, 20.0, 20.0, 20.0, 20.0]",-0.028585311396884482,24.990872402101623,-0.1036,-1.2879,0.1342,0.0661,-0.6304,-0.2229,-0.0082,-9.7934,15.422,,58.0,,,,-0.0366,1.1383,1.1389,271.84,14.94,1.22389,1.8446,357.89,15.825,1,23.1,10.063,1,3,10,0.7,9.677,0,1.2752,0,0
1790618441.3858464,47.398057099999996,8.5461711,9.480000495910645,1.8421636819839478,-0.07292237877845764,0.0005134406383149326,357.42,1.787653137375826,-0.08156728162477621,0.0,-2.986088986992513,20.0,20.0,1.532229244709015,0.40608898699252904,-0.3131198843779608,1.839587967036283,14.0,0.0,0.0010288252757486651,"[20.0, 20.0, 20.0, 20.0, 20.0, 20.0, 20.0, 20.0, 20.0, 20.0, 20.0, 20.0, 20.0, 20.0, 20.0, 20.0, 20.0, 20.0, 20.0, 20.0, 20.0, 20.0, 20.0, 20.0, 20.0, 20.0, 20.0, 20.0, 20.0, 20.0, 20.0, 20.0, 20.0, 20.0, 20.0, 20.0, 20.0, 20.0, 20.0, 20.0, 20.0, 20.0, 20.0, 20.0, 20.0, 20.0, 20.0, 20.0, 20.0, 20.0, 20.0, 20.0, 20.0, 20.0, 20.0, 20.0, 20.0, 20.0, 20.0, 20.0, 20.0, 20.0, 20.0, 20.0, 20.0, 20.0, 20.0, 20.0, 20.0, 20.0, 20.0, 20.0]",-0.028585311396884482,24.990872402101623,-0.0761,-1.2699,0.1075,0.1706,-0.7813,-0.2288,-0.0084,-9.795,15.422,,58.0,,,,-0.0551,1.0406,1.042,273.03,14.94,1.22389,1.8436,357.73,15.457,1,23.3,10.431,1,3,10,0.7,9.68,0,1.3226,0,0
1790618441.5864942,47.3980604,8.5461709,9.481000900268555,1.842599868774414,-0.07748968154191971,0.0007919945637695491,357.29,1.7875404309434144,-0.08561941212236662,0.0,-3.113131366873972,20.0,20.0,1.5168867111206055,0.40313136687399265,-0.3018715982358983,1.8403035028721584,14.0,0.0,0.00021343511324785127,"[20.0, 20.0, 20.0, 20.0, 20.0, 20.0, 20.0, 20.0, 20.0, 20.0, 20.0, 20.0, 20.0, 20.0, 20.0, 20.0, 20.0, 20.0, 20.0, 20.0, 20.0, 20.0, 20.0, 20.0, 20.0, 20.0, 20.0, 20.0, 20.0, 20.0, 20.0, 20.0, 20.0, 20.0, 20.0, 20.0, 20.0, 20.0, 20.0, 20.0, 20.0, 20.0, 20.0, 20.0, 20.0, 20.0, 20.0, 20.0, 20.0, 20.0, 20.0, 20.0, 20.0, 20.0, 20.0, 20.0, 20.0, 20.0, 20.0, 20.0, 20.0, 20.0, 20.0, 20.0, 20.0, 20.0, 20.0, 20.0, 20.0, 20.0, 20.0, 20.0]",-0.028585311396884482,24.990872402101623,-0.0569,-1.244,0.0511,0.2433,-0.8258,-0.2255,0.009,-9.8011,15.422,,58.0,,,,-0.1005,0.9763,0.9815,275.88,14.94,1.22389,1.8442,357.59,15.085,1,23.5,10.802,1,3,10,0.7,9.708,0,1.3535,0,0
1790618441.7877667,47.398063799999996,8.5461706,9.484000205993652,1.8436232805252075,-0.08114564418792725,3.942361217923462e-06,357.14,1.787784416608356,-0.09027722801984302,0.0,-3.2449046664137313,20.0,20.0,1.5009502172470093,0.3849046664137177,-0.33979742838004334,1.8415061710830962,14.0,0.0,0.0013169397467235713,"[20.0, 20.0, 20.0, 20.0, 20.0, 20.0, 20.0, 20.0, 20.0, 20.0, 20.0, 20.0, 20.0, 20.0, 20.0, 20.0, 20.0, 20.0, 20.0, 20.0, 20.0, 20.0, 20.0, 20.0, 20.0, 20.0, 20.0, 20.0, 20.0, 20.0, 20.0, 20.0, 20.0, 20.0, 20.0, 20.0, 20.0, 20.0, 20.0, 20.0, 20.0, 20.0, 20.0, 20.0, 20.0, 20.0, 20.0, 20.0, 20.0, 20.0, 20.0, 20.0, 20.0, 20.0, 20.0, 20.0, 20.0, 20.0, 20.0, 20.0, 20.0, 20.0, 20.0, 20.0, 20.0, 20.0, 20.0, 20.0, 20.0, 20.0, 20.0, 20.0]",-0.028585311396884482,24.990872402101623,-0.0522,-1.2066,-0.0207,0.2174,-0.8404,-0.2216,-0.0123,-9.8005,15.422,,58.0,,,,-0.144,0.9274,0.9385,278.82,14.94,1.22389,1.8454,357.48,14.713,1,23.7,11.175,1,3,10,0.7,9.718,0,1.3761,0,0
1790618441.988196,47.3980671,8.546170499999999,9.487000465393066,1.841820240020752,-0.08286188542842865,-7.931601430755109e-05,356.93,1.78926431459936,-0.0967522606845015,0.0,-3.384799415284988,20.0,20.0,1.4866912961006165,0.31479941528499467,-0.49404986512490584,1.839667647277905,14.0,0.0,0.005071947892526187,"[20.0, 20.0, 20.0, 20.0, 20.0, 20.0, 20.0, 20.0, 20.0, 20.0, 20.0, 20.0, 20.0, 20.0, 20.0, 20.0, 20.0, 20.0, 20.0, 20.0, 20.0, 20.0, 20.0, 20.0, 20.0, 20.0, 20.0, 20.0, 20.0, 20.0, 20.0, 20.0, 20.0, 20.0, 20.0, 20.0, 20.0, 20.0, 20.0, 20.0, 20.0, 20.0, 20.0, 20.0, 20.0, 20.0, 20.0, 20.0, 20.0, 20.0, 20.0, 20.0, 20.0, 20.0, 20.0, 20.0, 20.0, 20.0, 20.0, 20.0, 20.0, 20.0, 20.0, 20.0, 20.0, 20.0, 20.0, 20.0, 20.0, 20.0, 20.0, 20.0]",-0.028585311396884482,24.990872402101623,-0.0595,-1.185,-0.1464,0.0346,-0.8214,-0.2174,-0.0021,-9.7942,15.422,,58.0,,,,-0.2258,0.9855,1.011,282.9,14.94,1.22388,1.8437,357.42,14.342,1,23.9,11.546,1,3,10,0.7,9.706,0,1.3382,0,0
1790618442.1888678,47.398070399999995,8.5461703,9.48900032043457,1.8380078077316284,-0.08458220958709717,0.0005146856419742107,356.72,1.7905890737873242,-0.1032438840281936,0.0,-3.5296666060335156,20.0,20.0,1.472455620765686,0.24966660603354285,-0.6451977840305904,1.8358226576171257,14.0,0.0,0.004738952198498849,"[20.0, 20.0, 20.0, 20.0, 20.0, 20.0, 20.0, 20.0, 20.0, 20.0, 20.0, 20.0, 20.0, 20.0, 20.0, 20.0, 20.0, 20.0, 20.0, 20.0, 20.0, 20.0, 20.0, 20.0, 20.0, 20.0, 20.0, 20.0, 20.0, 20.0, 20.0, 20.0, 20.0, 20.0, 20.0, 20.0, 20.0, 20.0, 20.0, 20.0, 20.0, 20.0, 20.0, 20.0, 20.0, 20.0, 20.0, 20.0, 20.0, 20.0, 20.0, 20.0, 20.0, 20.0, 20.0, 20.0, 20.0, 20.0, 20.0, 20.0, 20.0, 20.0, 20.0, 20.0, 20.0, 20.0, 20.0, 20.0, 20.0, 20.0, 20.0, 20.0]",-0.028585311396884482,24.990872402101623,-0.0934,-1.2006,-0.1901,-0.103,-0.7725,-0.2184,-0.0089,-9.8019,15.422,,58.0,,,,-0.1675,0.9486,0.9633,280.01,14.94,1.22388,1.84,357.37,13.975,1,24.11,11.913,1,3,10,0.7,9.677,0,1.3583,0,0
1790618442.389088,47.3980737,8.5461701,9.48900032043457,1.8356820344924927,-0.08709052205085754,0.0009251543087884784,356.55,1.7907434032214933,-0.10853930348649948,0.0,-3.6816103018633157,20.0,20.0,1.4584167897701263,0.2316103018633271,-0.7337449801494019,1.833529855787558,14.0,0.0,0.0013107784047031313,"[20.0, 20.0, 20.0, 20.0, 20.0, 20.0, 20.0, 20.0, 20.0, 20.0, 20.0, 20.0, 20.0, 20.0, 20.0, 20.0, 20.0, 20.0, 20.0, 20.0, 20.0, 20.0, 20.0, 20.0, 20.0, 20.0, 20.0, 20.0, 20.0, 20.0, 20.0, 20.0, 20.0, 20.0, 20.0, 20.0, 20.0, 20.0, 20.0, 20.0, 20.0, 20.0, 20.0, 20.0, 20.0, 20.0, 20.0, 20.0, 20.0, 20.0, 20.0, 20.0, 20.0, 20.0, 20.0, 20.0, 20.0, 20.0, 20.0, 20.0, 20.0, 20.0, 20.0, 20.0, 20.0, 20.0, 20.0, 20.0, 20.0, 20.0, 20.0, 20.0]",-0.028585311396884482,24.990872402101623,-0.1361,-1.2236,-0.2266,-0.1382,-0.5029,-0.2183,-0.0081,-9.8057,15.422,,58.0,,,,-0.1466,0.9419,0.9532,278.84,14.94,1.22388,1.8377,357.28,13.607,1,24.31,12.281,1,3,10,0.7,9.713,0,1.3611,0,0
1790618442.5893645,47.398077,8.546169899999999,9.49000072479248,1.8341825008392334,-0.0900021344423294,0.0006352269556373358,356.39,1.790372657675568,-0.11354159392887651,0.0,-3.8439483087115605,20.0,20.0,1.4455686807632446,0.23394830871154682,-0.8007868411471117,1.8320801926054429,14.0,0.0,0.0001703507551135068,"[20.0, 20.0, 20.0, 20.0, 20.0, 20.0, 20.0, 20.0, 20.0, 20.0, 20.0, 20.0, 20.0, 20.0, 20.0, 20.0, 20.0, 20.0, 20.0, 20.0, 20.0, 20.0, 20.0, 20.0, 20.0, 20.0, 20.0, 20.0, 20.0, 20.0, 20.0, 20.0, 20.0, 20.0, 20.0, 20.0, 20.0, 20.0, 20.0, 20.0, 20.0, 20.0, 20.0, 20.0, 20.0, 20.0, 20.0, 20.0, 20.0, 20.0, 20.0, 20.0, 20.0, 20.0, 20.0, 20.0, 20.0, 20.0, 20.0, 20.0, 20.0, 20.0, 20.0, 20.0, 20.0, 20.0, 20.0, 20.0, 20.0, 20.0, 20.0, 20.0]",-0.028585311396884482,24.990872402101623,-0.1725,-1.2329,-0.1569,-0.0589,-0.354,-0.2158,-0.0052,-9.7905,15.422,,58.0,,,,-0.1621,0.9055,0.9199,280.15,14.94,1.22388,1.8364,357.19,13.24,1,24.51,12.648,1,3,10,0.7,9.742,0,1.3764,0,0
1790618442.7897236,47.3980803,8.5461697,9.491000175476074,1.8337821960449219,-0.09513100236654282,0.0009366025915369391,356.27,1.7889290122899195,-0.11732847538629483,0.0,-4.010243572162494,20.0,20.0,1.4309820532798767,0.2802435721624761,-0.7603325867289772,1.8319903129554087,14.0,0.0,0.0033705373221677676,"[20.0, 20.0, 20.0, 20.0, 20.0, 20.0, 20.0, 20.0, 20.0, 20.0, 20.0, 20.0, 20.0, 20.0, 20.0, 20.0, 20.0, 20.0, 20.0, 20.0, 20.0, 20.0, 20.0, 20.0, 20.0, 20.0, 20.0, 20.0, 20.0, 20.0, 20.0, 20.0, 20.0, 20.0, 20.0, 20.0, 20.0, 20.0, 20.0, 20.0, 20.0, 20.0, 20.0, 20.0, 20.0, 20.0, 20.0, 20.0, 20.0, 20.0, 20.0, 20.0, 20.0, 20.0, 20.0, 20.0, 20.0, 20.0, 20.0, 20.0, 20.0, 20.0, 20.0, 20.0, 20.0, 20.0, 20.0, 20.0, 20.0, 20.0, 20.0, 20.0]",-0.028585311396884482,24.990872402101623,-0.1965,-1.2262,-0.0956,0.0915,-0.4576,-0.2168,-0.005,-9.8016,15.422,,58.0,,,,-0.0853,0.9864,0.9901,274.94,14.94,1.22388,1.8362,357.03,12.872,1,24.71,13.016,1,3,10,0.7,9.697,0,1.3412,0,0
1790618442.99049,47.3980836,8.5461695,9.492000579833984,1.8347785472869873,-0.1023334488272667,0.0007013896247372031,356.2,1.786249043131235,-0.1195888683645893,0.0,-4.177749245365931,20.0,20.0,1.4131046533584595,0.37774924536591925,-0.607676716387803,1.8335652608615467,14.0,0.0,0.007056277396534283,"[20.0, 20.0, 20.0, 20.0, 20.0, 20.0, 20.0, 20.0, 20.0, 20.0, 20.0, 20.0, 20.0, 20.0, 20.0, 20.0, 20.0, 20.0, 20.0, 20.0, 20.0, 20.0, 20.0, 20.0, 20.0, 20.0, 20.0, 20.0, 20.0, 20.0, 20.0, 20.0, 20.0, 20.0, 20.0, 20.0, 20.0, 20.0, 20.0, 20.0, 20.0, 20.0, 20.0, 20.0, 20.0, 20.0, 20.0, 20.0, 20.0, 20.0, 20.0, 20.0, 20.0, 20.0, 20.0, 20.0, 20.0, 20.0, 20.0, 20.0, 20.0, 20.0, 20.0, 20.0, 20.0, 20.0, 20.0, 20.0, 20.0, 20.0, 20.0, 20.0]",-0.028585311396884482,24.990872402101623,-0.1951,-1.1948,0.0425,0.2175,-0.46,-0.2189,0.0019,-9.8001,15.422,,58.0,,,,0.0434,0.818,0.8191,266.97,14.94,1.22388,1.8376,356.81,12.501,1,24.91,13.387,1,3,10,0.7,9.671,0,1.4281,0,0
1790618443.1907816,47.398087,8.5461692,9.493000030517578,1.8337712287902832,-0.11032305657863617,0.0002248352684546262,356.11,1.7840359014320548,-0.12245029455508864,0.0,-4.345412891267017,20.0,20.0,1.3924749493598938,0.4554128912670308,-0.44713007473777694,1.8332834952565527,14.0,0.0,0.005625329085533073,"[20.0, 20.0, 20.0, 20.0, 20.0, 20.0, 20.0, 20.0, 20.0, 20.0, 20.0, 20.0, 20.0, 20.0, 20.0, 20.0, 20.0, 20.0, 20.0, 20.0, 20.0, 20.0, 20.0, 20.0, 20.0, 20.0, 20.0, 20.0, 20.0, 20.0, 20.0, 20.0, 20.0, 20.0, 20.0, 20.0, 20.0, 20.0, 20.0, 20.0, 20.0, 20.0, 20.0, 20.0, 20.0, 20.0, 20.0, 20.0, 20.0, 20.0, 20.0, 20.0, 20.0, 20.0, 20.0, 20.0, 20.0, 20.0, 20.0, 20.0, 20.0, 20.0, 20.0, 20.0, 20.0, 20.0, 20.0, 20.0, 20.0, 20.0, 20.0, 20.0]",-0.028585311396884482,24.990872402101623,-0.1616,-1.1532,0.2037,0.2305,-0.6254,-0.2197,-0.0087,-9.8054,15.362,,55.0,,,,0.085,0.735,0.7399,263.4,14.94,1.22388,1.8371,356.56,12.13,1,25.11,13.758,1,3,10,0.7,9.735,0,1.4671,0,0
1790618443.392032,47.3980903,8.5461689,9.497000694274902,1.8311383724212646,-0.11646915972232819,-0.0007493253797292709,355.98,1.7826942118735958,-0.12652430980033597,0.0,-4.516025281890734,20.0,20.0,1.3704289495944977,0.496025281890752,-0.3806168568697907,1.8311827221906565,14.0,0.0,0.0029265383324345137,"[20.0, 20.0, 20.0, 20.0, 20.0, 20.0, 20.0, 20.0, 20.0, 20.0, 20.0, 20.0, 20.0, 20.0, 20.0, 20.0, 20.0, 20.0, 20.0, 20.0, 20.0, 20.0, 20.0, 20.0, 20.0, 20.0, 20.0, 20.0, 20.0, 20.0, 20.0, 20.0, 20.0, 20.0, 20.0, 20.0, 20.0, 20.0, 20.0, 20.0, 20.0, 20.0, 20.0, 20.0, 20.0, 20.0, 20.0, 20.0, 20.0, 20.0, 20.0, 20.0, 20.0, 20.0, 20.0, 20.0, 20.0, 20.0, 20.0, 20.0, 20.0, 20.0, 20.0, 20.0, 20.0, 20.0, 20.0, 20.0, 20.0, 20.0, 20.0, 20.0]",-0.028585311396884482,24.990872402101623,-0.123,-1.1247,0.1427,0.1522,-0.8634,-0.223,-0.0061,-9.7939,15.362,,55.0,,,,0.1568,0.7048,0.722,257.46,14.94,1.22388,1.8348,356.36,11.76,1,25.31,14.128,1,3,10,0.7,9.779,0,1.4738,0,0
1790618443.5927613,47.398093599999996,8.5461686,9.505000114440918,1.8264572620391846,-0.1212337538599968,-0.0015173607971519232,355.79,1.78261826908692,-0.13242759957030634,0.0,-4.692479563083111,20.0,20.0,1.347875326871872,0.4824795630831318,-0.41247995051345315,1.8268829578787888,14.0,0.0,0.0009761180530167722,"[20.0, 20.0, 20.0, 20.0, 20.0, 20.0, 20.0, 20.0, 20.0, 20.0, 20.0, 20.0, 20.0, 20.0, 20.0, 20.0, 20.0, 20.0, 20.0, 20.0, 20.0, 20.0, 20.0, 20.0, 20.0, 20.0, 20.0, 20.0, 20.0, 20.0, 20.0, 20.0, 20.0, 20.0, 20.0, 20.0, 20.0, 20.0, 20.0, 20.0, 20.0, 20.0, 20.0, 20.0, 20.0, 20.0, 20.0, 20.0, 20.0, 20.0, 20.0, 20.0, 20.0, 20.0, 20.0, 20.0, 20.0, 20.0, 20.0, 20.0, 20.0, 20.0, 20.0, 20.0, 20.0, 20.0, 20.0, 20.0, 20.0, 20.0, 20.0, 20.0]",-0.028585311396884482,24.990872402101623,-0.102,-1.1207,0.0072,0.007,-1.027,-0.2222,-0.0049,-9.7962,15.362,,55.0,,,,0.0471,0.7245,0.726,266.28,14.94,1.22388,1.8305,356.2,11.392,1,25.51,14.496,1,3,10,0.7,9.782,0,1.4675,0,0
1790618443.7932093,47.3980969,8.5461683,9.51300048828125,1.8205095529556274,-0.12589526176452637,-0.0013584682019427419,355.59000000000003,1.7827456163576438,-0.1386383540320096,0.0,-4.8694587947101695,20.0,20.0,1.3234333992004395,0.45945879471020135,-0.4540737785634553,1.8213352541515218,14.0,0.0,0.0016627890971918759,"[20.0, 20.0, 20.0, 20.0, 20.0, 20.0, 20.0, 20.0, 20.0, 20.0, 20.0, 20.0, 20.0, 20.0, 20.0, 20.0, 20.0, 20.0, 20.0, 20.0, 20.0, 20.0, 20.0, 20.0, 20.0, 20.0, 20.0, 20.0, 20.0, 20.0, 20.0, 20.0, 20.0, 20.0, 20.0, 20.0, 20.0, 20.0, 20.0, 20.0, 20.0, 20.0, 20.0, 20.0, 20.0, 20.0, 20.0, 20.0, 20.0, 20.0, 20.0, 20.0, 20.0, 20.0, 20.0, 20.0, 20.0, 20.0, 20.0, 20.0, 20.0, 20.0, 20.0, 20.0, 20.0, 20.0, 20.0, 20.0, 20.0, 20.0, 20.0, 20.0]",-0.028585311396884482,24.990872402101623,-0.0968,-1.1458,0.0526,-0.1967,-1.0107,-0.2234,-0.0064,-9.7878,15.362,,55.0,,,,0.1336,0.7454,0.7573,259.84,14.94,1.22388,1.8249,356.04,11.027,1,25.71,14.862,1,3,10,0.7,9.738,0,1.4462,0,0
1790618443.9933105,47.3981001,8.546168,9.519000053405762,1.8149189949035645,-0.12951672077178955,-0.0007553886971436441,355.37,1.7831425064936217,-0.14546888935829808,0.0,-5.0533108312866375,20.0,20.0,1.2987235486507416,0.42331083128664204,-0.5481633299449185,1.8160056984261286,14.0,0.0,0.0026144511245844017,"[20.0, 20.0, 20.0, 20.0, 20.0, 20.0, 20.0, 20.0, 20.0, 20.0, 20.0, 20.0, 20.0, 20.0, 20.0, 20.0, 20.0, 20.0, 20.0, 20.0, 20.0, 20.0, 20.0, 20.0, 20.0, 20.0, 20.0, 20.0, 20.0, 20.0, 20.0, 20.0, 20.0, 20.0, 20.0, 20.0, 20.0, 20.0, 20.0, 20.0, 20.0, 20.0, 20.0, 20.0, 20.0, 20.0, 20.0, 20.0, 20.0, 20.0, 20.0, 20.0, 20.0, 20.0, 20.0, 20.0, 20.0, 20.0, 20.0, 20.0, 20.0, 20.0, 20.0, 20.0, 20.0, 20.0, 20.0, 20.0, 20.0, 20.0, 20.0, 20.0]",-0.028585311396884482,24.990872402101623,-0.1041,-1.1829,-0.0963,-0.2736,-1.0004,-0.2209,-0.0019,-9.7946,15.362,,55.0,,,,0.1531,0.9257,0.9383,260.61,14.94,1.22388,1.8195,355.92,10.664,1,25.91,15.225,1,3,10,0.7,9.722,0,1.3504,0,0
1790618444.195058,47.3981038,8.5461676,9.523000717163086,1.810822606086731,-0.13438653945922852,0.00024388398742303252,355.15000000000003,1.7829580688936766,-0.151688609448211,0.0,-5.240485226163287,20.0,20.0,1.272330790758133,0.41048522616330274,-0.5856900648456821,1.812336065328067,14.0,0.0,0.000929237288809097,"[20.0, 20.0, 20.0, 20.0, 20.0, 20.0, 20.0, 20.0, 20.0, 20.0, 20.0, 20.0, 20.0, 20.0, 20.0, 20.0, 20.0, 20.0, 20.0, 20.0, 20.0, 20.0, 20.0, 20.0, 20.0, 20.0, 20.0, 20.0, 20.0, 20.0, 20.0, 20.0, 20.0, 20.0, 20.0, 20.0, 20.0, 20.0, 20.0, 20.0, 20.0, 20.0, 20.0, 20.0, 20.0, 20.0, 20.0, 20.0, 20.0, 20.0, 20.0, 20.0, 20.0, 20.0, 20.0, 20.0, 20.0, 20.0, 20.0, 20.0, 20.0, 20.0, 20.0, 20.0, 20.0, 20.0, 20.0, 20.0, 20.0, 20.0, 20.0, 20.0]",-0.028585311396884482,24.990872402101623,-0.1267,-1.2234,-0.073,-0.1193,-0.9266,-0.2173,-0.004,-9.8079,15.362,,55.0,,,,0.2223,0.8623,0.8905,255.54,14.94,1.22388,1.8158,355.76,10.301,1,26.11,15.588,1,3,10,0.7,9.719,0,1.3706,0,0
1790618444.3938644,47.3981067,8.5461672,9.52500057220459,1.8098340034484863,-0.14072343707084656,0.00017285780631937087,355.0,1.781880739831228,-0.15698312241357654,0.0,-5.434252609957298,20.0,20.0,1.2445987462997437,0.43425260995729786,-0.5539188535146639,1.8119544638393135,14.0,0.0,0.001722167752357643,"[20.0, 20.0, 20.0, 20.0, 20.0, 20.0, 20.0, 20.0, 20.0, 20.0, 20.0, 20.0, 20.0, 20.0, 20.0, 20.0, 20.0, 20.0, 20.0, 20.0, 20.0, 20.0, 20.0, 20.0, 20.0, 20.0, 20.0, 20.0, 20.0, 20.0, 20.0, 20.0, 20.0, 20.0, 20.0, 20.0, 20.0, 20.0, 20.0, 20.0, 20.0, 20.0, 20.0, 20.0, 20.0, 20.0, 20.0, 20.0, 20.0, 20.0, 20.0, 20.0, 20.0, 20.0, 20.0, 20.0, 20.0, 20.0, 20.0, 20.0, 20.0, 20.0, 20.0, 20.0, 20.0, 20.0, 20.0, 20.0, 20.0, 20.0, 20.0, 20.0]",-0.028585311396884482,24.990872402101623,-0.1363,-1.237,-0.0423,0.0352,-0.7554,-0.2229,-0.0151,-9.7932,15.362,,55.0,,,,0.1727,0.8099,0.8282,257.96,14.94,1.22388,1.8153,355.55,9.937,1,26.31,15.952,1,3,10,0.7,9.717,0,1.4012,0,0
1790618444.5947318,47.398109899999994,8.5461669,9.526000022888184,1.809457540512085,-0.14616356790065765,0.0004780044546350837,354.82,1.7807295838572725,-0.1625834556955881,0.0,-5.639149630270765,20.0,20.0,1.2166343927383423,0.4591496302707583,-0.5618138013633772,1.8120532624694827,14.0,0.0,0.0017941825370110884,"[20.0, 20.0, 20.0, 20.0, 20.0, 20.0, 20.0, 20.0, 20.0, 20.0, 20.0, 20.0, 20.0, 20.0, 20.0, 20.0, 20.0, 20.0, 20.0, 20.0, 20.0, 20.0, 20.0, 20.0, 20.0, 20.0, 20.0, 20.0, 20.0, 20.0, 20.0, 20.0, 20.0, 20.0, 20.0, 20.0, 20.0, 20.0, 20.0, 20.0, 20.0, 20.0, 20.0, 20.0, 20.0, 20.0, 20.0, 20.0, 20.0, 20.0, 20.0, 20.0, 20.0, 20.0, 20.0, 20.0, 20.0, 20.0, 20.0, 20.0, 20.0, 20.0, 20.0, 20.0, 20.0, 20.0, 20.0, 20.0, 20.0, 20.0, 20.0, 20.0]",-0.028585311396884482,24.990872402101623,-0.1361,-1.2257,0.0041,0.1412,-0.9335,-0.2155,-0.0025,-9.8045,15.362,,55.0,,,,0.0771,0.7523,0.7562,264.15,14.94,1.22388,1.8154,355.38,9.572,1,26.51,16.318,1,3,10,0.7,9.72,0,1.4372,0,0
1790618444.7954662,47.398113599999995,8.5461665,9.52400016784668,1.8093093633651733,-0.1502053290605545,0.0012290403246879578,354.59000000000003,1.7798351045048544,-0.1691093902972741,0.0,-5.86013771946773,20.0,20.0,1.1891601532697678,0.4701377194677434,-0.6442987919230222,1.8121611951056422,14.0,0.0,0.0007936520420737815,"[20.0, 20.0, 20.0, 20.0, 20.0, 20.0, 20.0, 20.0, 20.0, 20.0, 20.0, 20.0, 20.0, 20.0, 20.0, 20.0, 20.0, 20.0, 20.0, 20.0, 20.0, 20.0, 20.0, 20.0, 20.0, 20.0, 20.0, 20.0, 20.0, 20.0, 20.0, 20.0, 20.0, 20.0, 20.0, 20.0, 20.0, 20.0, 20.0, 20.0, 20.0, 20.0, 20.0, 20.0, 20.0, 20.0, 20.0, 20.0, 20.0, 20.0, 20.0, 20.0, 20.0, 20.0, 20.0, 20.0, 20.0, 20.0, 20.0, 20.0, 20.0, 20.0, 20.0, 20.0, 20.0, 20.0, 20.0, 20.0, 20.0, 20.0, 20.0, 20.0]",-0.028585311396884482,24.990872402101623,-0.1504,-1.2083,-0.0756,0.1222,-0.8594,-0.2208,-0.0072,-9.8056,15.362,,55.0,,,,-0.0104,0.7388,0.7388,270.8,14.94,1.22388,1.8155,355.25,9.207,1,26.71,16.684,1,3,10,0.7,9.652,0,1.4461,0,0
1790618444.995412,47.3981169,8.546166099999999,9.519000053405762,1.807621717453003,-0.1555357277393341,0.0018936666892841458,354.39,1.7789849749771025,-0.17594168816040393,0.0,-6.087331349384783,20.0,20.0,1.1602022796869278,0.4773313493847695,-0.6921318151812177,1.8109363888942491,14.0,0.0,0.0005203309554596024,"[20.0, 20.0, 20.0, 20.0, 20.0, 20.0, 20.0, 20.0, 20.0, 20.0, 20.0, 20.0, 20.0, 20.0, 20.0, 20.0, 20.0, 20.0, 20.0, 20.0, 20.0, 20.0, 20.0, 20.0, 20.0, 20.0, 20.0, 20.0, 20.0, 20.0, 20.0, 20.0, 20.0, 20.0, 20.0, 20.0, 20.0, 20.0, 20.0, 20.0, 20.0, 20.0, 20.0, 20.0, 20.0, 20.0, 20.0, 20.0, 20.0, 20.0, 20.0, 20.0, 20.0, 20.0, 20.0, 20.0, 20.0, 20.0, 20.0, 20.0, 20.0, 20.0, 20.0, 20.0, 20.0, 20.0, 20.0, 20.0, 20.0, 20.0, 20.0, 20.0]",-0.028585311396884482,24.990872402101623,-0.1718,-1.1961,-0.0323,0.063,-0.852,-0.2155,-0.006,-9.809,15.362,,55.0,,,,-0.052,0.678,0.68,274.38,14.94,1.22388,1.8143,355.08,8.842,1,26.91,17.049,1,3,10,0.7,9.674,0,1.4743,0,0
1790618445.1954036,47.3981201,8.5461657,9.51400089263916,1.8048830032348633,-0.16163623332977295,0.0017502970295026898,354.19,1.7774755823172528,-0.18214483350008664,0.0,-6.32121683094573,20.0,20.0,1.1299636512994766,0.5112168309457275,-0.6925302202393647,1.8087960435345463,14.0,0.0,0.0024509347228323926,"[20.0, 20.0, 20.0, 20.0, 20.0, 20.0, 20.0, 20.0, 20.0, 20.0, 20.0, 20.0, 20.0, 20.0, 20.0, 20.0, 20.0, 20.0, 20.0, 20.0, 20.0, 20.0, 20.0, 20.0, 20.0, 20.0, 20.0, 20.0, 20.0, 20.0, 20.0, 20.0, 20.0, 20.0, 20.0, 20.0, 20.0, 20.0, 20.0, 20.0, 20.0, 20.0, 20.0, 20.0, 20.0, 20.0, 20.0, 20.0, 20.0, 20.0, 20.0, 20.0, 20.0, 20.0, 20.0, 20.0, 20.0, 20.0, 20.0, 20.0, 20.0, 20.0, 20.0, 20.0, 20.0, 20.0, 20.0, 20.0, 20.0, 20.0, 20.0, 20.0]",-0.028585311396884482,24.990872402101623,-0.1821,-1.1982,-0.0842,-0.0297,-0.9729,-0.2129,-0.004,-9.8146,15.302,,52.0,,,,-0.14,0.794,0.8062,280.0,14.94,1.22388,1.8121,354.88,8.481,1,27.11,17.411,1,3,10,0.7,9.688,0,1.409,0,0
1790618445.3964097,47.398123399999996,8.5461653,9.511000633239746,1.8035197257995605,-0.16766700148582458,0.0012678074417635798,353.97,1.7760155542503548,-0.18896077718625348,0.0,-6.569841372922838,20.0,20.0,1.0992607772350311,0.539841372922865,-0.7186756434812794,1.8080006404784943,14.0,0.0,0.0020580828028193133,"[20.0, 20.0, 20.0, 20.0, 20.0, 20.0, 20.0, 20.0, 20.0, 20.0, 20.0, 20.0, 20.0, 20.0, 20.0, 20.0, 20.0, 20.0, 20.0, 20.0, 20.0, 20.0, 20.0, 20.0, 20.0, 20.0, 20.0, 20.0, 20.0, 20.0, 20.0, 20.0, 20.0, 20.0, 20.0, 20.0, 20.0, 20.0, 20.0, 20.0, 20.0, 20.0, 20.0, 20.0, 20.0, 20.0, 20.0, 20.0, 20.0, 20.0, 20.0, 20.0, 20.0, 20.0, 20.0, 20.0, 20.0, 20.0, 20.0, 20.0, 20.0, 20.0, 20.0, 20.0, 20.0, 20.0, 20.0, 20.0, 20.0, 20.0, 20.0, 20.0]",-0.028585311396884482,24.990872402101623,-0.1861,-1.1992,-0.0314,0.0659,-1.0907,-0.2118,-0.0072,-9.8065,15.302,,52.0,,,,-0.2841,0.6599,0.7184,293.29,14.94,1.22388,1.8113,354.69,8.119,1,27.31,17.774,1,3,10,0.7,9.709,0,1.4521,0,0
1790618445.5979598,47.3981266,8.5461648,9.509000778198242,1.8033547401428223,-0.17416121065616608,0.000519322813488543,353.74,1.7745873138689525,-0.1960791426122969,0.0,-6.824925241669405,20.0,20.0,1.0662425085902214,0.5649252416694139,-0.743697030258682,1.8084786002129498,14.0,0.0,0.001799753076546543,"[20.0, 20.0, 20.0, 20.0, 20.0, 20.0, 20.0, 20.0, 20.0, 20.0, 20.0, 20.0, 20.0, 20.0, 20.0, 20.0, 20.0, 20.0, 20.0, 20.0, 20.0, 20.0, 20.0, 20.0, 20.0, 20.0, 20.0, 20.0, 20.0, 20.0, 20.0, 20.0, 20.0, 20.0, 20.0, 20.0, 20.0, 20.0, 20.0, 20.0, 20.0, 20.0, 20.0, 20.0, 20.0, 20.0, 20.0, 20.0, 20.0, 20.0, 20.0, 20.0, 20.0, 20.0, 20.0, 20.0, 20.0, 20.0, 20.0, 20.0, 20.0, 20.0, 20.0, 20.0, 20.0, 20.0, 20.0, 20.0, 20.0, 20.0, 20.0, 20.0]",-0.028585311396884482,24.990872402101623,-0.1939,-1.1827,0.0198,0.1339,-1.1235,-0.2101,-0.0004,-9.8027,15.302,,52.0,,,,-0.326,0.5581,0.6463,300.29,14.94,1.22388,1.8117,354.48,7.756,1,27.51,18.138,1,3,10,0.7,9.679,0,1.4886,0,0
1790618445.7992353,47.3981299,8.5461644,9.510000228881836,1.8010528087615967,-0.18140579760074615,-0.00010921528155449778,353.49,1.7732513111127657,-0.2038115771122922,0.0,-7.092660538747452,20.0,20.0,1.0322782322764397,0.5826605387474615,-0.7916293334616319,1.8072645740290945,14.0,0.0,0.001273959982796846,"[20.0, 20.0, 20.0, 20.0, 20.0, 20.0, 20.0, 20.0, 20.0, 20.0, 20.0, 20.0, 20.0, 20.0, 20.0, 20.0, 20.0, 20.0, 20.0, 20.0, 20.0, 20.0, 20.0, 20.0, 20.0, 20.0, 20.0, 20.0, 20.0, 20.0, 20.0, 20.0, 20.0, 20.0, 20.0, 20.0, 20.0, 20.0, 20.0, 20.0, 20.0, 20.0, 20.0, 20.0, 20.0, 20.0, 20.0, 20.0, 20.0, 20.0, 20.0, 20.0, 20.0, 20.0, 20.0, 20.0, 20.0, 20.0, 20.0, 20.0, 20.0, 20.0, 20.0, 20.0, 20.0, 20.0, 20.0, 20.0, 20.0, 20.0, 20.0, 20.0]",-0.028585311396884482,24.990872402101623,-0.2026,-1.1701,-0.0679,0.0647,-1.192,-0.2194,-0.0059,-9.797,15.302,,52.0,,,,-0.3934,0.586,0.7058,303.88,14.94,1.22388,1.8102,354.25,7.395,1,27.72,18.5,1,3,10,0.7,9.707,0,1.4573,0,0
1790618445.9997857,47.398133099999995,8.5461639,9.51200008392334,1.7990366220474243,-0.1859762966632843,-0.0006839063134975731,353.23,1.7698700152733513,-0.21179836853011658,0.0,-7.445848989708338,20.0,20.0,0.9946163799613714,0.6758489897083564,-0.8679849468273244,1.805186301597048,14.0,0.0,0.006695216710925474,"[20.0, 20.0, 20.0, 20.0, 20.0, 20.0, 20.0, 20.0, 20.0, 20.0, 20.0, 20.0, 20.0, 20.0, 20.0, 20.0, 20.0, 20.0, 20.0, 20.0, 20.0, 20.0, 20.0, 20.0, 20.0, 20.0, 20.0, 20.0, 20.0, 20.0, 20.0, 20.0, 20.0, 20.0, 20.0, 20.0, 20.0, 20.0, 20.0, 20.0, 20.0, 20.0, 20.0, 20.0, 20.0, 20.0, 20.0, 20.0, 20.0, 20.0, 20.0, 20.0, 20.0, 20.0, 20.0, 20.0, 20.0, 20.0, 20.0, 20.0, 20.0, 20.0, 20.0, 20.0, 20.0, 20.0, 20.0, 20.0, 20.0, 20.0, 20.0, 20.0]",-0.028585311396884482,24.990872402101623,-0.2174,-1.1691,-0.1411,0.0103,-1.1896,-0.2095,-0.0038,-9.8039,15.302,,52.0,,,,-0.3615,0.6502,0.7439,299.07,14.94,1.22388,1.8086,354.1,6.976,1,27.92,18.92,1,3,10,0.7,9.711,0,1.4367,0,0
1790618446.199563,47.3981364,8.5461635,9.51400089263916,1.795926570892334,-0.19026997685432434,-0.0005734646692872047,352.96,1.7668470938310248,-0.22007848238557517,0.0,-7.7923692679997885,20.0,20.0,0.9633078277111053,0.752369267999768,-0.9923413241921368,1.8022713025476753,14.0,0.0,0.005498650476543072,"[20.0, 20.0, 20.0, 20.0, 20.0, 20.0, 20.0, 20.0, 20.0, 20.0, 20.0, 20.0, 20.0, 20.0, 20.0, 20.0, 20.0, 20.0, 20.0, 20.0, 20.0, 20.0, 20.0, 20.0, 20.0, 20.0, 20.0, 20.0, 20.0, 20.0, 20.0, 20.0, 20.0, 20.0, 20.0, 20.0, 20.0, 20.0, 20.0, 20.0, 20.0, 20.0, 20.0, 20.0, 20.0, 20.0, 20.0, 20.0, 20.0, 20.0, 20.0, 20.0, 20.0, 20.0, 20.0, 20.0, 20.0, 20.0, 20.0, 20.0, 20.0, 20.0, 20.0, 20.0, 20.0, 20.0, 20.0, 20.0, 20.0, 20.0, 20.0, 20.0]",-0.028585311396884482,24.990872402101623,-0.2568,-1.1572,-0.2895,-0.0031,-1.2292,-0.2122,0.0012,-9.7966,15.302,,52.0,,,,-0.2886,0.8753,0.9216,288.25,14.94,1.22388,1.806,353.95,6.615,1,28.12,19.282,1,3,10,0.7,9.682,0,1.3452,0,0
1790618446.4004009,47.3981396,8.5461631,9.51400089263916,1.7914538383483887,-0.195193350315094,-0.0002757375477813184,352.66,1.763545635027034,-0.22925342674775237,0.0,-8.173345671860204,20.0,20.0,0.9319723770022392,0.8333456718602292,-1.1216927252169657,1.7980548623878279,14.0,0.0,0.005787667526225717,"[20.0, 20.0, 20.0, 20.0, 20.0, 20.0, 20.0, 20.0, 20.0, 20.0, 20.0, 20.0, 20.0, 20.0, 20.0, 20.0, 20.0, 20.0, 20.0, 20.0, 20.0, 20.0, 20.0, 20.0, 20.0, 20.0, 20.0, 20.0, 20.0, 20.0, 20.0, 20.0, 20.0, 20.0, 20.0, 20.0, 20.0, 20.0, 20.0, 20.0, 20.0, 20.0, 20.0, 20.0, 20.0, 20.0, 20.0, 20.0, 20.0, 20.0, 20.0, 20.0, 20.0, 20.0, 20.0, 20.0, 20.0, 20.0, 20.0, 20.0, 20.0, 20.0, 20.0, 20.0, 20.0, 20.0, 20.0, 20.0, 20.0, 20.0, 20.0, 20.0]",-0.028585311396884482,24.990872402101623,-0.2997,-1.1592,-0.2749,-0.0417,-1.4716,-0.2114,-0.0105,-9.8029,15.302,,52.0,,,,-0.3984,0.7815,0.8772,297.01,14.94,1.22388,1.8021,353.78,6.256,1,28.32,19.643,1,3,10,0.7,9.703,0,1.3634,0,0
1790618446.6009097,47.398142799999995,8.5461627,9.51400089263916,1.7862796783447266,-0.2023019790649414,6.831509381299838e-05,352.33,1.7602764918270852,-0.23932899512579395,0.0,-8.576399287716868,20.0,20.0,0.8984605148434639,0.9063992877168516,-1.2085981874886864,1.793510414311149,14.0,0.0,0.005217814439922165,"[20.0, 20.0, 20.0, 20.0, 20.0, 20.0, 20.0, 20.0, 20.0, 20.0, 20.0, 20.0, 20.0, 20.0, 20.0, 20.0, 20.0, 20.0, 20.0, 20.0, 20.0, 20.0, 20.0, 20.0, 20.0, 20.0, 20.0, 20.0, 20.0, 20.0, 20.0, 20.0, 20.0, 20.0, 20.0, 20.0, 20.0, 20.0, 20.0, 20.0, 20.0, 20.0, 20.0, 20.0, 20.0, 20.0, 20.0, 20.0, 20.0, 20.0, 20.0, 20.0, 20.0, 20.0, 20.0, 20.0, 20.0, 20.0, 20.0, 20.0, 20.0, 20.0, 20.0, 20.0, 20.0, 20.0, 20.0, 20.0, 20.0, 20.0, 20.0, 20.0]",-0.028585311396884482,24.990872402101623,-0.341,-1.1681,-0.1761,-0.0803,-1.64,-0.2119,-0.0041,-9.8032,15.302,,52.0,,,,-0.4205,0.8974,0.991,295.1,14.94,1.22388,1.7977,353.54,5.9,1,28.52,20.002,1,3,10,0.7,9.682,0,1.3022,0,0
1790618446.8018773,47.398146,8.5461621,9.515000343322754,1.7794736623764038,-0.21280325949192047,-8.933085337048396e-05,351.97,1.7577235760527918,-0.25033654245328285,0.0,-8.974975927370622,20.0,20.0,0.8603070080280304,0.9449759273706491,-1.2105123497681753,1.7880533827568148,14.0,0.0,0.0027427912863516118,"[20.0, 20.0, 20.0, 20.0, 20.0, 20.0, 20.0, 20.0, 20.0, 20.0, 20.0, 20.0, 20.0, 20.0, 20.0, 20.0, 20.0, 20.0, 20.0, 20.0, 20.0, 20.0, 20.0, 20.0, 20.0, 20.0, 20.0, 20.0, 20.0, 20.0, 20.0, 20.0, 20.0, 20.0, 20.0, 20.0, 20.0, 20.0, 20.0, 20.0, 20.0, 20.0, 20.0, 20.0, 20.0, 20.0, 20.0, 20.0, 20.0, 20.0, 20.0, 20.0, 20.0, 20.0, 20.0, 20.0, 20.0, 20.0, 20.0, 20.0, 20.0, 20.0, 20.0, 20.0, 20.0, 20.0, 20.0, 20.0, 20.0, 20.0, 20.0, 20.0]",-0.028585311396884482,24.990872402101623,-0.3584,-1.1887,0.0069,-0.1148,-1.8197,-0.2097,0.0016,-9.8042,15.302,,52.0,,,,-0.4238,0.7744,0.8828,298.69,14.94,1.22388,1.7922,353.18,5.547,1,28.72,20.357,1,3,10,0.7,9.675,0,1.3508,0,0
1790618447.0025136,47.3981492,8.5461616,9.515000343322754,1.7738432884216309,-0.22643542289733887,-0.0001423943613190204,351.58,1.7562899677418613,-0.2623118957613714,0.0,-9.353145035318562,20.0,20.0,0.8159411996603012,0.933145035318546,-1.1453972957023766,1.78448900858186,14.0,0.0,0.0008408915597983349,"[20.0, 20.0, 20.0, 20.0, 20.0, 20.0, 20.0, 20.0, 20.0, 20.0, 20.0, 20.0, 20.0, 20.0, 20.0, 20.0, 20.0, 20.0, 20.0, 20.0, 20.0, 20.0, 20.0, 20.0, 20.0, 20.0, 20.0, 20.0, 20.0, 20.0, 20.0, 20.0, 20.0, 20.0, 20.0, 20.0, 20.0, 20.0, 20.0, 20.0, 20.0, 20.0, 20.0, 20.0, 20.0, 20.0, 20.0, 20.0, 20.0, 20.0, 20.0, 20.0, 20.0, 20.0, 20.0, 20.0, 20.0, 20.0, 20.0, 20.0, 20.0, 20.0, 20.0, 20.0, 20.0, 20.0, 20.0, 20.0, 20.0, 20.0, 20.0, 20.0]",-0.028585311396884482,24.990872402101623,-0.3484,-1.2168,0.2148,-0.1042,-1.9753,-0.2147,-0.0052,-9.8002,15.302,,52.0,,,,-0.4827,0.9279,1.0459,297.48,14.94,1.22388,1.7882,352.73,5.197,1,28.92,20.711,1,3,10,0.7,9.716,0,1.2653,0,0
1790618447.2032342,47.3981523,8.5461609,9.516000747680664,1.7697783708572388,-0.24092920124530792,1.9774191969190724e-05,351.17,1.7554333375536584,-0.2749378763192411,0.0,-9.72259003131768,20.0,20.0,0.7667881846427917,0.8925900313176953,-1.0776816908431859,1.782763793397849,14.0,0.0,0.0028893125056874956,"[20.0, 20.0, 20.0, 20.0, 20.0, 20.0, 20.0, 20.0, 20.0, 20.0, 20.0, 20.0, 20.0, 20.0, 20.0, 20.0, 20.0, 20.0, 20.0, 20.0, 20.0, 20.0, 20.0, 20.0, 20.0, 20.0, 20.0, 20.0, 20.0, 20.0, 20.0, 20.0, 20.0, 20.0, 20.0, 20.0, 20.0, 20.0, 20.0, 20.0, 20.0, 20.0, 20.0, 20.0, 20.0, 20.0, 20.0, 20.0, 20.0, 20.0, 20.0, 20.0, 20.0, 20.0, 20.0, 20.0, 20.0, 20.0, 20.0, 20.0, 20.0, 20.0, 20.0, 20.0, 20.0, 20.0, 20.0, 20.0, 20.0, 20.0, 20.0, 20.0]",-0.028585311396884482,24.990872402101623,-0.3206,-1.2407,0.2168,-0.0635,-2.0303,-0.2209,-0.0117,-9.8016,15.3,,50.0,,,,-0.3981,0.8877,0.9729,294.16,14.94,1.22388,1.7861,352.25,4.848,1,29.12,21.065,1,3,10,0.7,9.73,0,1.2997,0,0
1790618447.4047737,47.398155499999994,8.5461602,9.519000053405762,1.7675089836120605,-0.255310982465744,-0.0003137181047350168,350.76,1.7543779071406809,-0.2875574855248659,0.0,-10.096120108857747,20.0,20.0,0.7138233780860901,0.8561201088577377,-1.0206596317054277,1.7828839952947995,14.0,0.0,0.002595555675092745,"[20.0, 20.0, 20.0, 20.0, 20.0, 20.0, 20.0, 20.0, 20.0, 20.0, 20.0, 20.0, 20.0, 20.0, 20.0, 20.0, 20.0, 20.0, 20.0, 20.0, 20.0, 20.0, 20.0, 20.0, 20.0, 20.0, 20.0, 20.0, 20.0, 20.0, 20.0, 20.0, 20.0, 20.0, 20.0, 20.0, 20.0, 20.0, 20.0, 20.0, 20.0, 20.0, 20.0, 20.0, 20.0, 20.0, 20.0, 20.0, 20.0, 20.0, 20.0, 20.0, 20.0, 20.0, 20.0, 20.0, 20.0, 20.0, 20.0, 20.0, 20.0, 20.0, 20.0, 20.0, 20.0, 20.0, 20.0, 20.0, 20.0, 20.0, 20.0, 20.0]",-0.028585311396884482,24.990872402101623,-0.2936,-1.2553,0.2164,-0.0264,-2.0109,-0.2156,-0.0094,-9.7977,15.3,,50.0,,,,-0.384,0.8181,0.9037,295.15,14.94,1.22388,1.7859,351.78,4.499,1,29.32,21.421,1,3,10,0.7,9.699,0,1.334,0,0
1790618447.6053329,47.398158599999995,8.5461595,9.522000312805176,1.7653183937072754,-0.2686787545681,-0.0006421874859370291,350.37,1.7522304790885646,-0.2994812175935766,0.0,-10.49182079696618,20.0,20.0,0.6584832966327667,0.8618207969661853,-0.9760831759346486,1.7829412998185608,14.0,0.0,0.00040607982927083315,"[20.0, 20.0, 20.0, 20.0, 20.0, 20.0, 20.0, 20.0, 20.0, 20.0, 20.0, 20.0, 20.0, 20.0, 20.0, 20.0, 20.0, 20.0, 20.0, 20.0, 20.0, 20.0, 20.0, 20.0, 20.0, 20.0, 20.0, 20.0, 20.0, 20.0, 20.0, 20.0, 20.0, 20.0, 20.0, 20.0, 20.0, 20.0, 20.0, 20.0, 20.0, 20.0, 20.0, 20.0, 20.0, 20.0, 20.0, 20.0, 20.0, 20.0, 20.0, 20.0, 20.0, 20.0, 20.0, 20.0, 20.0, 20.0, 20.0, 20.0, 20.0, 20.0, 20.0, 20.0, 20.0, 20.0, 20.0, 20.0, 20.0, 20.0, 20.0, 20.0]",-0.028585311396884482,24.990872402101623,-0.2805,-1.2595,0.0958,-0.0522,-1.9098,-0.2084,-0.0064,-9.7973,15.3,,50.0,,,,-0.1553,0.8623,0.8762,280.21,14.94,1.22388,1.7856,351.35,4.152,1,29.52,21.777,1,3,10,0.7,9.707,0,1.3476,0,0
1790618447.805703,47.3981618,8.5461587,9.522000312805176,1.7620117664337158,-0.2792510390281677,7.978141366038471e-05,349.98,1.7486332141202714,-0.3112769976772688,0.0,-10.939722693414637,20.0,20.0,0.6026102304458618,0.9197226934146556,-1.0144237145471053,1.7813256806883682,14.0,0.0,0.004132676815073443,"[20.0, 20.0, 20.0, 20.0, 20.0, 20.0, 20.0, 20.0, 20.0, 20.0, 20.0, 20.0, 20.0, 20.0, 20.0, 20.0, 20.0, 20.0, 20.0, 20.0, 20.0, 20.0, 20.0, 20.0, 20.0, 20.0, 20.0, 20.0, 20.0, 20.0, 20.0, 20.0, 20.0, 20.0, 20.0, 20.0, 20.0, 20.0, 20.0, 20.0, 20.0, 20.0, 20.0, 20.0, 20.0, 20.0, 20.0, 20.0, 20.0, 20.0, 20.0, 20.0, 20.0, 20.0, 20.0, 20.0, 20.0, 20.0, 20.0, 20.0, 20.0, 20.0, 20.0, 20.0, 20.0, 20.0, 20.0, 20.0, 20.0, 20.0, 20.0, 20.0]",-0.028585311396884482,24.990872402101623,-0.2764,-1.2677,-0.0098,-0.0496,-1.8259,-0.2114,-0.0017,-9.8096,15.3,,50.0,,,,-0.0985,0.9283,0.9335,276.06,14.94,1.22388,1.784,350.99,3.809,1,29.72,22.131,1,3,10,0.7,9.702,0,1.3173,0,0
1790618448.0065508,47.3981649,8.546158,9.520000457763672,1.7585666179656982,-0.2876928746700287,0.0009684749529697001,349.61,1.701711551166751,-0.3147401495467513,0.0,-11.498963055480772,20.0,20.0,0.5478598773479462,1.1089630554807854,-1.0989942159840516,1.7789824332147863,14.0,0.0,0.011612975956316548,"[20.0, 20.0, 20.0, 20.0, 20.0, 20.0, 20.0, 20.0, 20.0, 20.0, 20.0, 20.0, 20.0, 20.0, 20.0, 20.0, 20.0, 20.0, 20.0, 20.0, 20.0, 20.0, 20.0, 20.0, 20.0, 20.0, 20.0, 20.0, 20.0, 20.0, 20.0, 20.0, 20.0, 20.0, 20.0, 20.0, 20.0, 20.0, 20.0, 20.0, 20.0, 20.0, 20.0, 20.0, 20.0, 20.0, 20.0, 20.0, 20.0, 20.0, 20.0, 20.0, 20.0, 20.0, 20.0, 20.0, 20.0, 20.0, 20.0, 20.0, 20.0, 20.0, 20.0, 20.0, 20.0, 20.0, 20.0, 20.0, 20.0, 20.0, 20.0, 20.0]",-0.028585311396884482,24.990872402101623,-0.3046,-1.271,-0.1845,-0.0873,-1.859,-0.2175,-0.0117,-9.8037,15.3,,50.0,,,,-0.1039,1.083,1.088,275.48,14.94,1.22388,1.7819,350.71,3.469,1,29.92,22.483,1,3,10,0.7,9.695,0,1.238,0,0
1790618448.2083902,47.398168,8.546157299999999,9.518000602722168,1.7511873245239258,-0.2965512275695801,0.0006775376969017088,349.21,1.4563558373279697,-0.28047424368790497,0.0,-12.176260432958657,20.0,20.0,0.49229615926742554,1.386260432958636,-1.178547426748557,1.772712307347113,14.0,0.0,0.005557106895764991,"[20.0, 20.0, 20.0, 20.0, 20.0, 20.0, 20.0, 20.0, 20.0, 20.0, 20.0, 20.0, 20.0, 20.0, 20.0, 20.0, 20.0, 20.0, 20.0, 20.0, 20.0, 20.0, 20.0, 20.0, 20.0, 20.0, 20.0, 20.0, 20.0, 20.0, 20.0, 20.0, 20.0, 20.0, 20.0, 20.0, 20.0, 20.0, 20.0, 20.0, 20.0, 20.0, 20.0, 20.0, 20.0, 20.0, 20.0, 20.0, 20.0, 20.0, 20.0, 20.0, 20.0, 20.0, 20.0, 20.0, 20.0, 20.0, 20.0, 20.0, 20.0, 20.0, 20.0, 20.0, 20.0, 20.0, 20.0, 20.0, 20.0, 20.0, 20.0, 20.0]",-0.028585311396884482,24.990872402101623,-0.3516,-1.0385,-0.1374,1.0239,-2.1223,-0.2095,-0.0049,-9.812,15.3,,50.0,,,,-0.1324,1.0155,1.0241,277.43,14.94,1.22388,1.7761,350.39,3.133,1,30.12,22.834,1,3,10,0.7,9.715,0,1.2641,0,0
1790618448.6105795,47.3981741,8.5461557,9.51300048828125,1.6556366682052612,-0.30221980810165405,0.0014517325907945633,348.22,0.6675287304856389,-0.13921085415262074,0.0,-6.972651748657199,20.0,20.0,-0.6235542255169675,-97.21790434025709,-1.4351285768591173,-0.20597664381207176,14.0,0.0,0.08372028854348801,"[20.0, 20.0, 20.0, 20.0, 20.0, 20.0, 20.0, 20.0, 20.0, 20.0, 20.0, 20.0, 20.0, 20.0, 20.0, 20.0, 20.0, 20.0, 20.0, 20.0, 20.0, 20.0, 20.0, 20.0, 20.0, 20.0, 20.0, 20.0, 20.0, 20.0, 20.0, 20.0, 20.0, 20.0, 20.0, 20.0, 20.0, 20.0, 20.0, 20.0, 20.0, 20.0, 20.0, 20.0, 20.0, 20.0, 20.0, 20.0, 20.0, 20.0, 20.0, 20.0, 20.0, 20.0, 20.0, 20.0, 20.0, 20.0, 20.0, 20.0, 20.0, 20.0, 20.0, 20.0, 20.0, 20.0, 20.0, 20.0, 20.0, 20.0, 20.0, 20.0]",24.969760839098313,24.964621551583804,-0.3527,0.819,0.5229,-0.3396,-2.5334,-0.204,-0.0009,-9.8104,15.3,,50.0,,,,-0.0428,1.2897,1.2904,271.9,14.94,1.22388,1.683,349.66,25.705,1,30.53,23.523,1,3,10,0.7,9.714,0,1.0378,0,0
1790618448.8091335,47.398177,8.5461549,9.51300048828125,1.5388091802597046,-0.28807687759399414,-0.02314101718366146,348.03000000000003,0.0,-0.0,0.0,-7.163035125732392,20.0,20.0,-0.9435055252961709,-97.50794522105807,-1.3665261422508717,-0.21865057906755336,14.0,0.0,0.0,"[20.0, 20.0, 20.0, 20.0, 20.0, 20.0, 20.0, 20.0, 20.0, 20.0, 20.0, 20.0, 20.0, 20.0, 20.0, 20.0, 20.0, 20.0, 20.0, 20.0, 20.0, 20.0, 20.0, 20.0, 20.0, 20.0, 20.0, 20.0, 20.0, 20.0, 20.0, 20.0, 20.0, 20.0, 20.0, 20.0, 20.0, 20.0, 20.0, 20.0, 20.0, 20.0, 20.0, 20.0, 20.0, 20.0, 20.0, 20.0, 20.0, 20.0, 20.0, 20.0, 20.0, 20.0, 20.0, 20.0, 20.0, 20.0, 20.0, 20.0, 20.0, 20.0, 20.0, 20.0, 20.0, 20.0, 20.0, 20.0, 20.0, 20.0, 20.0, 20.0]",24.969760839098313,24.964621551583804,-0.0892,4.7074,1.6434,18.7272,2.547,-0.1808,-0.0117,-9.8248,15.3,,50.0,,,,-0.0057,1.2651,1.2651,270.26,14.94,1.22388,1.5655,349.4,25.735,1,30.73,23.845,1,3,10,0.7,9.658,0,0.933,0,0
1790618449.0097806,47.3981794,8.5461543,9.519000053405762,1.2670973539352417,-0.2336709052324295,-0.04322858154773712,349.18,0.0,-0.0,0.0,-6.001573867797845,20.0,20.0,-1.2211367360485843,-96.44257038054334,-0.37123139795549165,-0.19074975666731084,14.0,0.0,0.0,"[20.0, 20.0, 20.0, 20.0, 20.0, 20.0, 20.0, 20.0, 20.0, 20.0, 20.0, 20.0, 20.0, 20.0, 20.0, 20.0, 20.0, 20.0, 20.0, 20.0, 20.0, 20.0, 20.0, 20.0, 20.0, 20.0, 20.0, 20.0, 20.0, 20.0, 20.0, 20.0, 20.0, 20.0, 20.0, 20.0, 20.0, 20.0, 20.0, 20.0, 20.0, 20.0, 20.0, 20.0, 20.0, 20.0, 20.0, 20.0, 20.0, 20.0, 20.0, 20.0, 20.0, 20.0, 20.0, 20.0, 20.0, 20.0, 20.0, 20.0, 20.0, 20.0, 20.0, 20.0, 20.0, 20.0, 20.0, 20.0, 20.0, 20.0, 20.0, 20.0]",24.969760839098313,24.964621551583804,0.1217,9.4557,-0.3969,15.2062,8.7144,-0.1455,-0.0028,-9.8479,15.3,,50.0,,,,-0.0023,1.2914,1.2914,270.1,14.94,1.22388,1.2885,349.55,25.765,1,30.93,24.124,1,3,10,0.7,9.723,0,0.6428,0,0
1790618449.2109249,47.398181199999996,8.546153799999999,9.52500057220459,0.8960209488868713,-0.1617535501718521,-0.011580661870539188,351.17,0.0,-0.0,0.0,-4.000576095581039,20.0,20.0,-1.4238599183123877,-94.51302902573843,1.4030682072036382,-0.13872598143492362,14.0,0.0,0.0,"[20.0, 20.0, 20.0, 20.0, 20.0, 20.0, 20.0, 20.0, 20.0, 20.0, 20.0, 20.0, 20.0, 20.0, 20.0, 20.0, 20.0, 20.0, 20.0, 20.0, 20.0, 20.0, 20.0, 20.0, 20.0, 20.0, 20.0, 20.0, 20.0, 20.0, 20.0, 20.0, 20.0, 20.0, 20.0, 20.0, 20.0, 20.0, 20.0, 20.0, 20.0, 20.0, 20.0, 20.0, 20.0, 20.0, 20.0, 20.0, 20.0, 20.0, 20.0, 20.0, 20.0, 20.0, 20.0, 20.0, 20.0, 20.0, 20.0, 20.0, 20.0, 20.0, 20.0, 20.0, 20.0, 20.0, 20.0, 20.0, 20.0, 20.0, 20.0, 20.0]",24.969760839098313,24.964621551583804,0.3297,9.7199,-0.996,-7.5075,10.7188,-0.1147,0.0035,-9.8277,15.3,,50.0,,,,-0.0892,1.3301,1.3331,273.84,14.94,1.22388,0.9105,349.77,25.789,1,31.13,24.327,1,3,10,0.7,9.737,0,0.244,0,0
1790618449.4115107,47.398182399999996,8.546153499999999,9.526000022888184,0.5635033249855042,-0.10181141644716263,0.007555267307907343,353.33,0.0,-0.0,0.0,-1.8568667602539222,20.0,20.0,-1.5495835428936189,-92.38996385819692,3.571474849933606,-0.09017678254003521,14.0,0.0,0.0,"[20.0, 20.0, 20.0, 20.0, 20.0, 20.0, 20.0, 20.0, 20.0, 20.0, 20.0, 20.0, 20.0, 20.0, 20.0, 20.0, 20.0, 20.0, 20.0, 20.0, 20.0, 20.0, 20.0, 20.0, 20.0, 20.0, 20.0, 20.0, 20.0, 20.0, 20.0, 20.0, 20.0, 20.0, 20.0, 20.0, 20.0, 20.0, 20.0, 20.0, 20.0, 20.0, 20.0, 20.0, 20.0, 20.0, 20.0, 20.0, 20.0, 20.0, 20.0, 20.0, 20.0, 20.0, 20.0, 20.0, 20.0, 20.0, 20.0, 20.0, 20.0, 20.0, 20.0, 20.0, 20.0, 20.0, 20.0, 20.0, 20.0, 20.0, 20.0, 20.0]",24.969760839098313,24.964621551583804,0.41,7.5173,-1.0897,-12.4899,10.8827,-0.0836,0.0043,-9.8523,15.3,,50.0,,,,-0.2484,1.1588,1.1851,282.1,14.94,1.22388,0.5726,349.76,25.804,1,31.33,24.454,1,3,10,0.7,9.687,0,0.0,0,0
1790618449.6117167,47.398182999999996,8.5461533,9.52400016784668,0.3173583149909973,-0.06194475665688515,0.011188462376594543,355.48,0.0,-0.0,0.0,0.282370071411151,20.0,20.0,-1.6180592058549252,-90.2595586733247,6.524624243354739,-0.056261489026369994,14.0,0.0,0.0,"[20.0, 20.0, 20.0, 20.0, 20.0, 20.0, 20.0, 20.0, 20.0, 20.0, 20.0, 20.0, 20.0, 20.0, 20.0, 20.0, 20.0, 20.0, 20.0, 20.0, 20.0, 20.0, 20.0, 20.0, 20.0, 20.0, 20.0, 20.0, 20.0, 20.0, 20.0, 20.0, 20.0, 20.0, 20.0, 20.0, 20.0, 20.0, 20.0, 20.0, 20.0, 20.0, 20.0, 20.0, 20.0, 20.0, 20.0, 20.0, 20.0, 20.0, 20.0, 20.0, 20.0, 20.0, 20.0, 20.0, 20.0, 20.0, 20.0, 20.0, 20.0, 20.0, 20.0, 20.0, 20.0, 20.0, 20.0, 20.0, 20.0, 20.0, 20.0, 20.0]",24.969760839098313,24.964621551583804,0.4327,5.1465,-0.8505,-10.8172,10.5899,-0.0443,0.0071,-9.8656,15.3,,50.0,,,,-0.3954,1.1523,1.2182,288.94,14.94,1.22388,0.3233,348.96,25.815,1,31.53,24.523,1,3,10,0.7,9.7,0,0.0,0,0
1790618449.812257,47.3981833,8.5461532,9.519000053405762,0.15477254986763,-0.03491847962141037,0.010021016001701355,357.5,0.017309809227412678,-0.0007557625924352982,0.0,2.3032970428466797,20.0,20.0,-1.6512300104589253,-88.24889165965268,5.357559446766915,-0.032351235838931965,14.0,0.0,0.0,"[20.0, 20.0, 20.0, 20.0, 20.0, 20.0, 20.0, 20.0, 20.0, 20.0, 20.0, 20.0, 20.0, 20.0, 20.0, 20.0, 20.0, 20.0, 20.0, 20.0, 20.0, 20.0, 20.0, 20.0, 20.0, 20.0, 20.0, 20.0, 20.0, 20.0, 20.0, 20.0, 20.0, 20.0, 20.0, 20.0, 20.0, 20.0, 20.0, 20.0, 20.0, 20.0, 20.0, 20.0, 20.0, 20.0, 20.0, 20.0, 20.0, 20.0, 20.0, 20.0, 20.0, 20.0, 20.0, 20.0, 20.0, 20.0, 20.0, 20.0, 20.0, 20.0, 20.0, 20.0, 20.0, 20.0, 20.0, 20.0, 20.0, 20.0, 20.0, 20.0]",24.969760839098313,24.964621551583804,0.4114,3.3077,-0.7798,-7.6045,10.4397,-0.0362,0.0033,-9.8388,15.3,,50.0,,,,-0.3959,1.0702,1.1411,290.3,14.94,1.22388,0.1587,347.29,25.82,1,31.73,24.556,1,3,10,0.7,9.705,0,0.0,0,0
1790618450.0127625,47.3981834,8.5461531,9.516000747680664,0.0553467683494091,-0.016425538808107376,0.007594733498990536,359.44,0.03646107096157844,-0.00035637616080867057,0.0,4.263999404907224,20.0,20.0,-1.6652916214954778,-86.31286078864952,3.0307547662852827,-0.015538097160759363,14.0,0.0,0.0,"[20.0, 20.0, 20.0, 20.0, 20.0, 20.0, 20.0, 20.0, 20.0, 20.0, 20.0, 20.0, 20.0, 20.0, 20.0, 20.0, 20.0, 20.0, 20.0, 20.0, 20.0, 20.0, 20.0, 20.0, 20.0, 20.0, 20.0, 20.0, 20.0, 20.0, 20.0, 20.0, 20.0, 20.0, 20.0, 20.0, 20.0, 20.0, 20.0, 20.0, 20.0, 20.0, 20.0, 20.0, 20.0, 20.0, 20.0, 20.0, 20.0, 20.0, 20.0, 20.0, 20.0, 20.0, 20.0, 20.0, 20.0, 20.0, 20.0, 20.0, 20.0, 20.0, 20.0, 20.0, 20.0, 20.0, 20.0, 20.0, 20.0, 20.0, 20.0, 20.0]",24.969760839098313,24.964621551583804,0.3283,1.9783,-0.7727,-5.347,10.4674,-0.0236,0.0046,-9.8281,15.3,,50.0,,,,-0.5638,1.0571,1.1981,298.07,14.94,1.22388,0.0577,343.47,25.823,1,31.93,24.57,1,3,10,0.7,9.707,0,0.0,0,0
1790618450.2133033,47.3981834,8.5461531,9.51400089263916,-0.00016680672706570476,-0.004793486557900906,0.005859472788870335,1.4000000000000001,0.055767771602769446,0.0013629349809947248,0.0,6.215633773803688,20.0,20.0,-1.668815348742764,-84.35380774459986,0.9143592300278446,-0.004795528901622076,14.0,0.0,0.0,"[20.0, 20.0, 20.0, 20.0, 20.0, 20.0, 20.0, 20.0, 20.0, 20.0, 20.0, 20.0, 20.0, 20.0, 20.0, 20.0, 20.0, 20.0, 20.0, 20.0, 20.0, 20.0, 20.0, 20.0, 20.0, 20.0, 20.0, 20.0, 20.0, 20.0, 20.0, 20.0, 20.0, 20.0, 20.0, 20.0, 20.0, 20.0, 20.0, 20.0, 20.0, 20.0, 20.0, 20.0, 20.0, 20.0, 20.0, 20.0, 20.0, 20.0, 20.0, 20.0, 20.0, 20.0, 20.0, 20.0, 20.0, 20.0, 20.0, 20.0, 20.0, 20.0, 20.0, 20.0, 20.0, 20.0, 20.0, 20.0, 20.0, 20.0, 20.0, 20.0]",24.969760839098313,24.964621551583804,0.2268,1.0664,-0.6046,-3.3804,10.5314,-0.0142,0.0027,-9.8165,15.3,,50.0,,,,-0.4185,1.1,1.1769,290.83,14.94,1.22388,0.0048,268.01,25.824,1,32.13,24.574,1,3,10,0.7,9.689,0,0.0,0,0
1790618450.4136384,47.3981834,8.5461531,9.51300048828125,-0.02635560743510723,-0.0005987492040731013,0.004685448948293924,3.45,0.0698731385278144,0.004212423562850532,0.0,8.257703018188465,20.0,20.0,-1.6678405409096289,-82.3032106105234,-0.1887602509399302,-0.0010177584880572028,14.0,0.0,0.0,"[20.0, 20.0, 20.0, 20.0, 20.0, 20.0, 20.0, 20.0, 20.0, 20.0, 20.0, 20.0, 20.0, 20.0, 20.0, 20.0, 20.0, 20.0, 20.0, 20.0, 20.0, 20.0, 20.0, 20.0, 20.0, 20.0, 20.0, 20.0, 20.0, 20.0, 20.0, 20.0, 20.0, 20.0, 20.0, 20.0, 20.0, 20.0, 20.0, 20.0, 20.0, 20.0, 20.0, 20.0, 20.0, 20.0, 20.0, 20.0, 20.0, 20.0, 20.0, 20.0, 20.0, 20.0, 20.0, 20.0, 20.0, 20.0, 20.0, 20.0, 20.0, 20.0, 20.0, 20.0, 20.0, 20.0, 20.0, 20.0, 20.0, 20.0, 20.0, 20.0]",24.969760839098313,24.964621551583804,0.1515,0.4632,-0.3222,-2.1674,10.4163,-0.0036,0.0017,-9.8046,15.3,,50.0,,,,-0.4218,1.1619,1.2361,289.95,14.94,1.22388,0.0264,181.3,25.826,1,32.33,24.576,1,3,10,0.7,9.686,0,0.0,0,0
1790618450.6144853,47.3981834,8.5461531,9.511000633239746,-0.03418639302253723,0.0005518137477338314,0.004106902051717043,5.54,0.06967303299896697,0.006757845272337694,0.0,10.357865371704122,20.0,20.0,-1.6656208440500753,-80.21210686142152,-0.7351815259884806,4.8325154700273095e-06,14.0,0.0,0.0,"[20.0, 20.0, 20.0, 20.0, 20.0, 20.0, 20.0, 20.0, 20.0, 20.0, 20.0, 20.0, 20.0, 20.0, 20.0, 20.0, 20.0, 20.0, 20.0, 20.0, 20.0, 20.0, 20.0, 20.0, 20.0, 20.0, 20.0, 20.0, 20.0, 20.0, 20.0, 20.0, 20.0, 20.0, 20.0, 20.0, 20.0, 20.0, 20.0, 20.0, 20.0, 20.0, 20.0, 20.0, 20.0, 20.0, 20.0, 20.0, 20.0, 20.0, 20.0, 20.0, 20.0, 20.0, 20.0, 20.0, 20.0, 20.0, 20.0, 20.0, 20.0, 20.0, 20.0, 20.0, 20.0, 20.0, 20.0, 20.0, 20.0, 20.0, 20.0, 20.0]",24.969760839098313,24.964621551583804,0.1237,0.0902,-0.0627,-1.1475,10.3357,-0.0156,0.0069,-9.8004,15.3,,50.0,,,,-0.4602,1.1011,1.1933,292.68,14.94,1.22388,0.0342,179.08,25.828,1,32.53,24.58,1,3,10,0.7,9.715,0,0.0,0,0
1790618450.815914,47.3981834,8.546153,9.509000778198242,-0.0320858359336853,0.0015118751907721162,0.004004275426268578,7.75,0.06936061281708175,0.009439565119160614,0.0,12.573301315307617,20.0,20.0,-1.6648681529148166,-78.00141433240097,-1.1123285339661404,0.0009971439954191276,14.0,0.0,0.0,"[20.0, 20.0, 20.0, 20.0, 20.0, 20.0, 20.0, 20.0, 20.0, 20.0, 20.0, 20.0, 20.0, 20.0, 20.0, 20.0, 20.0, 20.0, 20.0, 20.0, 20.0, 20.0, 20.0, 20.0, 20.0, 20.0, 20.0, 20.0, 20.0, 20.0, 20.0, 20.0, 20.0, 20.0, 20.0, 20.0, 20.0, 20.0, 20.0, 20.0, 20.0, 20.0, 20.0, 20.0, 20.0, 20.0, 20.0, 20.0, 20.0, 20.0, 20.0, 20.0, 20.0, 20.0, 20.0, 20.0, 20.0, 20.0, 20.0, 20.0, 20.0, 20.0, 20.0, 20.0, 20.0, 20.0, 20.0, 20.0, 20.0, 20.0, 20.0, 20.0]",24.969760839098313,24.964621551583804,0.1237,-0.0474,0.0736,-0.2733,10.0976,-0.0083,0.0014,-9.7961,15.3,,50.0,,,,-0.5539,0.8595,1.0225,302.8,14.94,1.22388,0.0321,177.3,25.831,1,32.73,24.583,1,3,10,0.7,9.674,0,0.0,0,0
1790618451.0155354,47.3981834,8.546153,9.506000518798828,-0.025774607434868813,0.0023381952196359634,0.0036255090963095427,9.77,0.0689847819421036,0.011878546224198294,0.0,14.575356979370099,20.0,20.0,-1.6671025361167722,-75.98152285944528,-1.2752064191426857,0.001926628093342207,14.0,0.0,0.0,"[20.0, 20.0, 20.0, 20.0, 20.0, 20.0, 20.0, 20.0, 20.0, 20.0, 20.0, 20.0, 20.0, 20.0, 20.0, 20.0, 20.0, 20.0, 20.0, 20.0, 20.0, 20.0, 20.0, 20.0, 20.0, 20.0, 20.0, 20.0, 20.0, 20.0, 20.0, 20.0, 20.0, 20.0, 20.0, 20.0, 20.0, 20.0, 20.0, 20.0, 20.0, 20.0, 20.0, 20.0, 20.0, 20.0, 20.0, 20.0, 20.0, 20.0, 20.0, 20.0, 20.0, 20.0, 20.0, 20.0, 20.0, 20.0, 20.0, 20.0, 20.0, 20.0, 20.0, 20.0, 20.0, 20.0, 20.0, 20.0, 20.0, 20.0, 20.0, 20.0]",24.969760839098313,24.964621551583804,0.1441,-0.0707,0.2549,0.0877,10.1873,-0.0081,-0.0033,-9.8112,15.3,,50.0,,,,-0.4206,0.731,0.8433,299.92,14.94,1.22388,0.0259,174.82,25.835,1,32.93,24.587,1,3,10,0.7,9.659,0,0.0,0,0
1790618451.2156065,47.398183499999995,8.5461529,9.50200080871582,-0.017391711473464966,0.0030271278228610754,0.0031652410980314016,11.81,0.06851821777911205,0.014326682532050909,0.0,16.612186965942385,20.0,20.0,-1.6745213120342015,-73.94323070790477,-1.2455202374249201,0.0027542690953380384,14.0,0.0,0.0,"[20.0, 20.0, 20.0, 20.0, 20.0, 20.0, 20.0, 20.0, 20.0, 20.0, 20.0, 20.0, 20.0, 20.0, 20.0, 20.0, 20.0, 20.0, 20.0, 20.0, 20.0, 20.0, 20.0, 20.0, 20.0, 20.0, 20.0, 20.0, 20.0, 20.0, 20.0, 20.0, 20.0, 20.0, 20.0, 20.0, 20.0, 20.0, 20.0, 20.0, 20.0, 20.0, 20.0, 20.0, 20.0, 20.0, 20.0, 20.0, 20.0, 20.0, 20.0, 20.0, 20.0, 20.0, 20.0, 20.0, 20.0, 20.0, 20.0, 20.0, 20.0, 20.0, 20.0, 20.0, 20.0, 20.0, 20.0, 20.0, 20.0, 20.0, 20.0, 20.0]",24.969760839098313,24.964621551583804,0.1743,-0.0521,0.2625,0.2382,10.3175,-0.0148,-0.0012,-9.8116,15.3,,50.0,,,,-0.3924,0.6482,0.7577,301.19,14.94,1.22388,0.0177,170.13,25.839,1,33.13,24.595,1,3,10,0.7,9.667,0,0.0,0,0
1790618451.4160683,47.398183499999995,8.5461529,9.499000549316406,-0.011196760460734367,0.005619491450488567,0.0030443884897977114,13.86,0.06796187690731116,0.016768520722934548,0.0,18.66173492431642,20.0,20.0,-1.682506143245884,-71.89537030250207,-1.5538741599400376,0.005446940855286341,14.0,0.0,0.0,"[20.0, 20.0, 20.0, 20.0, 20.0, 20.0, 20.0, 20.0, 20.0, 20.0, 20.0, 20.0, 20.0, 20.0, 20.0, 20.0, 20.0, 20.0, 20.0, 20.0, 20.0, 20.0, 20.0, 20.0, 20.0, 20.0, 20.0, 20.0, 20.0, 20.0, 20.0, 20.0, 20.0, 20.0, 20.0, 20.0, 20.0, 20.0, 20.0, 20.0, 20.0, 20.0, 20.0, 20.0, 20.0, 20.0, 20.0, 20.0, 20.0, 20.0, 20.0, 20.0, 20.0, 20.0, 20.0, 20.0, 20.0, 20.0, 20.0, 20.0, 20.0, 20.0, 20.0, 20.0, 20.0, 20.0, 20.0, 20.0, 20.0, 20.0, 20.0, 20.0]",24.969760839098313,24.964621551583804,0.1901,-0.0187,0.1596,0.2973,10.4571,-0.0098,-0.005,-9.8115,15.3,,50.0,,,,-0.344,0.7768,0.8496,293.89,14.94,1.22388,0.0125,153.35,25.841,1,33.33,24.603,1,3,10,0.7,9.678,0,0.0,0,0
1790618451.616926,47.398183599999996,8.5461529,9.496000289916992,-0.007492074277251959,0.010915307328104973,0.0028978590853512287,15.92,0.06731519348056125,0.019200643913020274,0.0,20.73716156005861,20.0,20.0,-1.6901501542958757,-69.8380422916469,-2.3957999346908214,0.010801405775309206,14.0,0.0,0.0,"[20.0, 20.0, 20.0, 20.0, 20.0, 20.0, 20.0, 20.0, 20.0, 20.0, 20.0, 20.0, 20.0, 20.0, 20.0, 20.0, 20.0, 20.0, 20.0, 20.0, 20.0, 20.0, 20.0, 20.0, 20.0, 20.0, 20.0, 20.0, 20.0, 20.0, 20.0, 20.0, 20.0, 20.0, 20.0, 20.0, 20.0, 20.0, 20.0, 20.0, 20.0, 20.0, 20.0, 20.0, 20.0, 20.0, 20.0, 20.0, 20.0, 20.0, 20.0, 20.0, 20.0, 20.0, 20.0, 20.0, 20.0, 20.0, 20.0, 20.0, 20.0, 20.0, 20.0, 20.0, 20.0, 20.0, 20.0, 20.0, 20.0, 20.0, 20.0, 20.0]",24.969760839098313,24.964621551583804,0.1879,-0.0011,-0.0929,0.1563,10.4084,-0.0108,-0.0067,-9.8154,15.3,,50.0,,,,-0.3937,0.7355,0.8343,298.16,14.94,1.22388,0.0132,124.47,25.839,1,33.53,24.611,1,3,10,0.7,9.698,0,0.0,0,0
1790618451.817412,47.3981837,8.546153,9.494000434875488,-0.0050056674517691135,0.018222186714410782,0.002699934644624591,17.990000000000002,0.06657773048145976,0.02161956992953614,0.0,22.81357597351075,20.0,20.0,-1.697485692756672,-67.77138155768614,-3.600554939169266,0.01814650850655562,14.0,0.0,0.0,"[20.0, 20.0, 20.0, 20.0, 20.0, 20.0, 20.0, 20.0, 20.0, 20.0, 20.0, 20.0, 20.0, 20.0, 20.0, 20.0, 20.0, 20.0, 20.0, 20.0, 20.0, 20.0, 20.0, 20.0, 20.0, 20.0, 20.0, 20.0, 20.0, 20.0, 20.0, 20.0, 20.0, 20.0, 20.0, 20.0, 20.0, 20.0, 20.0, 20.0, 20.0, 20.0, 20.0, 20.0, 20.0, 20.0, 20.0, 20.0, 20.0, 20.0, 20.0, 20.0, 20.0, 20.0, 20.0, 20.0, 20.0, 20.0, 20.0, 20.0, 20.0, 20.0, 20.0, 20.0, 20.0, 20.0, 20.0, 20.0, 20.0, 20.0, 20.0, 20.0]",24.969760839098313,24.964621551583804,0.1541,0.011,-0.2683,0.197,10.3615,-0.0023,-0.0051,-9.8032,15.3,,50.0,,,,-0.4032,0.7672,0.8667,297.72,14.94,1.22388,0.0189,105.36,25.832,1,33.73,24.622,1,3,10,0.7,9.698,0,0.0,0,0
1790618452.0176387,47.3981837,8.5461532,9.492000579833984,-0.002882507396861911,0.025472549721598625,0.002373939612880349,20.07,0.06574918442069509,0.024021755722957155,0.0,24.87366897583007,20.0,20.0,-1.7037173300881283,-65.6949922505236,-4.747498487479227,0.025428259526214567,14.0,0.0,0.0,"[20.0, 20.0, 20.0, 20.0, 20.0, 20.0, 20.0, 20.0, 20.0, 20.0, 20.0, 20.0, 20.0, 20.0, 20.0, 20.0, 20.0, 20.0, 20.0, 20.0, 20.0, 20.0, 20.0, 20.0, 20.0, 20.0, 20.0, 20.0, 20.0, 20.0, 20.0, 20.0, 20.0, 20.0, 20.0, 20.0, 20.0, 20.0, 20.0, 20.0, 20.0, 20.0, 20.0, 20.0, 20.0, 20.0, 20.0, 20.0, 20.0, 20.0, 20.0, 20.0, 20.0, 20.0, 20.0, 20.0, 20.0, 20.0, 20.0, 20.0, 20.0, 20.0, 20.0, 20.0, 20.0, 20.0, 20.0, 20.0, 20.0, 20.0, 20.0, 20.0]",24.969760839098313,24.964621551583804,0.1116,0.0244,-0.2794,0.1161,10.3529,-0.0072,0.0017,-9.8143,15.3,,50.0,,,,-0.4124,0.6894,0.8034,300.89,14.94,1.22388,0.0256,96.46,25.821,1,33.93,24.634,1,3,10,0.7,9.672,0,0.0,0,0
1790618452.217844,47.3981838,8.5461533,9.48900032043457,-0.0019492482533678412,0.030084935948252678,0.0024116176646202803,22.150000000000002,0.06483399723581873,0.026392286797961403,0.0,26.95334854125977,20.0,20.0,-1.7085455777628828,-63.6183515321716,-5.445663353980216,0.030054184736776873,14.0,0.0,0.0,"[20.0, 20.0, 20.0, 20.0, 20.0, 20.0, 20.0, 20.0, 20.0, 20.0, 20.0, 20.0, 20.0, 20.0, 20.0, 20.0, 20.0, 20.0, 20.0, 20.0, 20.0, 20.0, 20.0, 20.0, 20.0, 20.0, 20.0, 20.0, 20.0, 20.0, 20.0, 20.0, 20.0, 20.0, 20.0, 20.0, 20.0, 20.0, 20.0, 20.0, 20.0, 20.0, 20.0, 20.0, 20.0, 20.0, 20.0, 20.0, 20.0, 20.0, 20.0, 20.0, 20.0, 20.0, 20.0, 20.0, 20.0, 20.0, 20.0, 20.0, 20.0, 20.0, 20.0, 20.0, 20.0, 20.0, 20.0, 20.0, 20.0, 20.0, 20.0, 20.0]",24.969760839098313,24.964621551583804,0.0692,0.0248,-0.2086,0.0374,10.3347,-0.0063,-0.0066,-9.8124,15.3,,50.0,,,,-0.4158,0.6034,0.7328,304.57,14.94,1.22388,0.0301,93.71,25.809,1,34.13,24.647,1,3,10,0.7,9.659,0,0.0,0,0
1790618452.4185896,47.3981838,8.546153499999999,9.485000610351562,0.0008690158138051629,0.03263401985168457,0.0022283908911049366,24.22,0.06383838793312667,0.02871689791916297,0.0,29.03662368774414,20.0,20.0,-1.7139825042891617,-61.55186456723081,-5.598053672323596,0.03264297340294771,14.0,0.0,0.0,"[20.0, 20.0, 20.0, 20.0, 20.0, 20.0, 20.0, 20.0, 20.0, 20.0, 20.0, 20.0, 20.0, 20.0, 20.0, 20.0, 20.0, 20.0, 20.0, 20.0, 20.0, 20.0, 20.0, 20.0, 20.0, 20.0, 20.0, 20.0, 20.0, 20.0, 20.0, 20.0, 20.0, 20.0, 20.0, 20.0, 20.0, 20.0, 20.0, 20.0, 20.0, 20.0, 20.0, 20.0, 20.0, 20.0, 20.0, 20.0, 20.0, 20.0, 20.0, 20.0, 20.0, 20.0, 20.0, 20.0, 20.0, 20.0, 20.0, 20.0, 20.0, 20.0, 20.0, 20.0, 20.0, 20.0, 20.0, 20.0, 20.0, 20.0, 20.0, 20.0]",24.969760839098313,24.964621551583804,0.0549,0.0294,-0.0572,0.1703,10.3128,-0.0141,-0.0095,-9.8224,15.3,,50.0,,,,-0.3619,0.5146,0.6291,305.12,14.94,1.22388,0.0326,88.47,25.798,1,34.34,24.66,1,3,10,0.7,9.64,0,0.0,0,0
1790618452.6193328,47.3981839,8.5461536,9.482000350952148,0.002716164803132415,0.03482012078166008,0.0018221429781988263,26.3,0.06275405012684082,0.031014983357692587,0.0,31.12227134704591,20.0,20.0,-1.7182960815434323,-59.4749250902417,-5.712921154130784,0.034854201326546964,14.0,0.0,0.0,"[20.0, 20.0, 20.0, 20.0, 20.0, 20.0, 20.0, 20.0, 20.0, 20.0, 20.0, 20.0, 20.0, 20.0, 20.0, 20.0, 20.0, 20.0, 20.0, 20.0, 20.0, 20.0, 20.0, 20.0, 20.0, 20.0, 20.0, 20.0, 20.0, 20.0, 20.0, 20.0, 20.0, 20.0, 20.0, 20.0, 20.0, 20.0, 20.0, 20.0, 20.0, 20.0, 20.0, 20.0, 20.0, 20.0, 20.0, 20.0, 20.0, 20.0, 20.0, 20.0, 20.0, 20.0, 20.0, 20.0, 20.0, 20.0, 20.0, 20.0, 20.0, 20.0, 20.0, 20.0, 20.0, 20.0, 20.0, 20.0, 20.0, 20.0, 20.0, 20.0]",24.969760839098313,24.964621551583804,0.0585,0.0291,0.0304,0.1313,10.334,-0.0111,-0.0106,-9.8138,15.3,,50.0,,,,-0.2824,0.3633,0.4601,307.86,14.94,1.22389,0.0349,85.54,25.787,1,34.54,24.672,1,3,10,0.7,9.647,0,0.0,0,0
1790618452.8198402,47.3981839,8.5461537,9.479000091552734,0.004612085409462452,0.036432769149541855,0.0013910809066146612,28.37,0.06159282419699001,0.03326144926846515,0.0,33.17414390563965,20.0,20.0,-1.7218891221889834,-57.407705978048966,-5.6851789980535266,0.03649207154525087,14.0,0.0,0.0,"[20.0, 20.0, 20.0, 20.0, 20.0, 20.0, 20.0, 20.0, 20.0, 20.0, 20.0, 20.0, 20.0, 20.0, 20.0, 20.0, 20.0, 20.0, 20.0, 20.0, 20.0, 20.0, 20.0, 20.0, 20.0, 20.0, 20.0, 20.0, 20.0, 20.0, 20.0, 20.0, 20.0, 20.0, 20.0, 20.0, 20.0, 20.0, 20.0, 20.0, 20.0, 20.0, 20.0, 20.0, 20.0, 20.0, 20.0, 20.0, 20.0, 20.0, 20.0, 20.0, 20.0, 20.0, 20.0, 20.0, 20.0, 20.0, 20.0, 20.0, 20.0, 20.0, 20.0, 20.0, 20.0, 20.0, 20.0, 20.0, 20.0, 20.0, 20.0, 20.0]",24.969760839098313,24.964621551583804,0.0629,0.0304,-0.0178,0.0455,10.321,-0.0168,-0.0043,-9.8073,15.3,,50.0,,,,-0.4118,0.4574,0.6155,312.0,14.94,1.22389,0.0367,82.79,25.777,1,34.74,24.683,1,3,10,0.7,9.638,0,0.0,0,0
1790618453.0198956,47.398184,8.546153799999999,9.475000381469727,0.006387799512594938,0.03602505102753639,0.0015068138018250465,30.42,0.06036358842901126,0.0354434365147193,0.0,35.22565452575685,20.0,20.0,-1.726109393897492,-55.36033373785216,-5.30022908750673,0.03610737813638794,14.0,0.0,0.0,"[20.0, 20.0, 20.0, 20.0, 20.0, 20.0, 20.0, 20.0, 20.0, 20.0, 20.0, 20.0, 20.0, 20.0, 20.0, 20.0, 20.0, 20.0, 20.0, 20.0, 20.0, 20.0, 20.0, 20.0, 20.0, 20.0, 20.0, 20.0, 20.0, 20.0, 20.0, 20.0, 20.0, 20.0, 20.0, 20.0, 20.0, 20.0, 20.0, 20.0, 20.0, 20.0, 20.0, 20.0, 20.0, 20.0, 20.0, 20.0, 20.0, 20.0, 20.0, 20.0, 20.0, 20.0, 20.0, 20.0, 20.0, 20.0, 20.0, 20.0, 20.0, 20.0, 20.0, 20.0, 20.0, 20.0, 20.0, 20.0, 20.0, 20.0, 20.0, 20.0]",24.969760839098313,24.964621551583804,0.0756,0.0243,0.0435,-0.0194,10.3104,-0.0065,-0.0085,-9.8143,15.3,,50.0,,,,-0.4332,0.4607,0.6324,313.24,14.94,1.22389,0.0366,79.95,25.768,1,34.94,24.692,1,3,10,0.7,9.639,0,0.0,0,0
1790618453.221005,47.398184,8.5461539,9.472000122070312,0.006464211270213127,0.03512776643037796,0.0016598205547779799,32.46,0.05906364422997191,0.03756974754074487,0.0,37.27598854064942,20.0,20.0,-1.728981125750497,-53.322309999515994,-4.985522386311401,0.03521038969416617,14.0,0.0,0.0,"[20.0, 20.0, 20.0, 20.0, 20.0, 20.0, 20.0, 20.0, 20.0, 20.0, 20.0, 20.0, 20.0, 20.0, 20.0, 20.0, 20.0, 20.0, 20.0, 20.0, 20.0, 20.0, 20.0, 20.0, 20.0, 20.0, 20.0, 20.0, 20.0, 20.0, 20.0, 20.0, 20.0, 20.0, 20.0, 20.0, 20.0, 20.0, 20.0, 20.0, 20.0, 20.0, 20.0, 20.0, 20.0, 20.0, 20.0, 20.0, 20.0, 20.0, 20.0, 20.0, 20.0, 20.0, 20.0, 20.0, 20.0, 20.0, 20.0, 20.0, 20.0, 20.0, 20.0, 20.0, 20.0, 20.0, 20.0, 20.0, 20.0, 20.0, 20.0, 20.0]",24.969760839098313,24.964621551583804,0.0964,0.0072,0.0798,-0.1496,10.278,0.0026,-0.0034,-9.81,15.3,,50.0,,,,-0.402,0.4618,0.6122,311.04,14.94,1.22389,0.0357,79.57,25.762,1,35.14,24.699,1,3,10,0.7,9.629,0,0.0,0,0
1790618453.420819,47.398184,8.546154,9.468000411987305,0.004514538217335939,0.03676701337099075,0.001438720733858645,34.52,0.05767498977398403,0.039668571370429215,0.0,39.3298487854004,20.0,20.0,-1.728680558145736,-51.263497903985325,-5.281985568585892,0.036823599870012144,14.0,0.0,0.0,"[20.0, 20.0, 20.0, 20.0, 20.0, 20.0, 20.0, 20.0, 20.0, 20.0, 20.0, 20.0, 20.0, 20.0, 20.0, 20.0, 20.0, 20.0, 20.0, 20.0, 20.0, 20.0, 20.0, 20.0, 20.0, 20.0, 20.0, 20.0, 20.0, 20.0, 20.0, 20.0, 20.0, 20.0, 20.0, 20.0, 20.0, 20.0, 20.0, 20.0, 20.0, 20.0, 20.0, 20.0, 20.0, 20.0, 20.0, 20.0, 20.0, 20.0, 20.0, 20.0, 20.0, 20.0, 20.0, 20.0, 20.0, 20.0, 20.0, 20.0, 20.0, 20.0, 20.0, 20.0, 20.0, 20.0, 20.0, 20.0, 20.0, 20.0, 20.0, 20.0]",24.969760839098313,24.964621551583804,0.1042,-0.0205,-0.0025,-0.0839,10.3112,-0.0028,-0.0177,-9.806,15.3,,50.0,,,,-0.4638,0.4853,0.6713,313.7,14.94,1.22389,0.037,83.0,25.754,1,35.34,24.707,1,3,10,0.7,9.618,0,0.0,0,0
1790618453.622016,47.398184,8.546154099999999,9.46500015258789,0.0012705824337899685,0.03984009474515915,0.0011652635876089334,36.6,0.05619722326337801,0.0417357412475931,0.0,41.42316970825195,20.0,20.0,-1.7249093261823132,-49.18377558821615,-5.942474307908781,0.03985352578369419,14.0,0.0,0.0,"[20.0, 20.0, 20.0, 20.0, 20.0, 20.0, 20.0, 20.0, 20.0, 20.0, 20.0, 20.0, 20.0, 20.0, 20.0, 20.0, 20.0, 20.0, 20.0, 20.0, 20.0, 20.0, 20.0, 20.0, 20.0, 20.0, 20.0, 20.0, 20.0, 20.0, 20.0, 20.0, 20.0, 20.0, 20.0, 20.0, 20.0, 20.0, 20.0, 20.0, 20.0, 20.0, 20.0, 20.0, 20.0, 20.0, 20.0, 20.0, 20.0, 20.0, 20.0, 20.0, 20.0, 20.0, 20.0, 20.0, 20.0, 20.0, 20.0, 20.0, 20.0, 20.0, 20.0, 20.0, 20.0, 20.0, 20.0, 20.0, 20.0, 20.0, 20.0, 20.0]",24.969760839098313,24.964621551583804,0.0854,-0.0459,-0.1555,-0.2123,10.2719,0.0003,-0.0139,-9.8168,15.3,,50.0,,,,-0.3801,0.5213,0.6451,306.1,14.94,1.22389,0.0399,88.17,25.745,1,35.54,24.717,1,3,10,0.7,9.646,0,0.0,0,0
1790618453.8230941,47.3981839,8.5461543,9.462000846862793,-0.0011999865528196096,0.04088645428419113,0.0011390319559723139,38.64,0.05467593123149243,0.043709753419221085,0.0,43.45503295898436,20.0,20.0,-1.718920862407708,-47.14318681220121,-6.2178667897395785,0.04086636154525805,14.0,0.0,0.0,"[20.0, 20.0, 20.0, 20.0, 20.0, 20.0, 20.0, 20.0, 20.0, 20.0, 20.0, 20.0, 20.0, 20.0, 20.0, 20.0, 20.0, 20.0, 20.0, 20.0, 20.0, 20.0, 20.0, 20.0, 20.0, 20.0, 20.0, 20.0, 20.0, 20.0, 20.0, 20.0, 20.0, 20.0, 20.0, 20.0, 20.0, 20.0, 20.0, 20.0, 20.0, 20.0, 20.0, 20.0, 20.0, 20.0, 20.0, 20.0, 20.0, 20.0, 20.0, 20.0, 20.0, 20.0, 20.0, 20.0, 20.0, 20.0, 20.0, 20.0, 20.0, 20.0, 20.0, 20.0, 20.0, 20.0, 20.0, 20.0, 20.0, 20.0, 20.0, 20.0]",24.969760839098313,24.964621551583804,0.0505,-0.0815,-0.1295,-0.2346,10.3101,-0.0049,-0.0045,-9.8183,15.3,,50.0,,,,-0.2858,0.4587,0.5405,301.93,14.94,1.22389,0.0409,91.68,25.737,1,35.74,24.727,1,3,10,0.7,9.617,0,0.0,0,0
1790618454.0233,47.3981839,8.5461543,9.459000587463379,-0.0025140042416751385,0.03964368999004364,0.0009630431304685771,40.64,0.05311717573615919,0.04559128910015575,0.0,45.46041740417479,20.0,20.0,-1.7118004810905518,-45.141895971542084,-6.035587901285155,0.03960501879200235,14.0,0.0,0.0,"[20.0, 20.0, 20.0, 20.0, 20.0, 20.0, 20.0, 20.0, 20.0, 20.0, 20.0, 20.0, 20.0, 20.0, 20.0, 20.0, 20.0, 20.0, 20.0, 20.0, 20.0, 20.0, 20.0, 20.0, 20.0, 20.0, 20.0, 20.0, 20.0, 20.0, 20.0, 20.0, 20.0, 20.0, 20.0, 20.0, 20.0, 20.0, 20.0, 20.0, 20.0, 20.0, 20.0, 20.0, 20.0, 20.0, 20.0, 20.0, 20.0, 20.0, 20.0, 20.0, 20.0, 20.0, 20.0, 20.0, 20.0, 20.0, 20.0, 20.0, 20.0, 20.0, 20.0, 20.0, 20.0, 20.0, 20.0, 20.0, 20.0, 20.0, 20.0, 20.0]",24.969760839098313,24.964621551583804,0.0367,-0.1175,0.0394,-0.2705,10.1619,-0.0021,-0.0072,-9.813,15.3,,50.0,,,,-0.2246,0.4455,0.499,296.76,14.94,1.22389,0.0397,93.63,25.731,1,35.94,24.736,1,3,10,0.7,9.679,0,0.0,0,0
1790618454.223733,47.3981838,8.546154399999999,9.457000732421875,-0.0027184176724404097,0.040947169065475464,0.0007371551473625004,42.65,0.07355061211948004,0.06775180777551103,0.0,47.460403823852545,20.0,20.0,-1.7047805777189355,-43.13073325588607,-6.08072350689358,0.04090466479007818,14.0,0.0,0.0,"[20.0, 20.0, 20.0, 20.0, 20.0, 20.0, 20.0, 20.0, 20.0, 20.0, 20.0, 20.0, 20.0, 20.0, 20.0, 20.0, 20.0, 20.0, 20.0, 20.0, 20.0, 20.0, 20.0, 20.0, 20.0, 20.0, 20.0, 20.0, 20.0, 20.0, 20.0, 20.0, 20.0, 20.0, 20.0, 20.0, 20.0, 20.0, 20.0, 20.0, 20.0, 20.0, 20.0, 20.0, 20.0, 20.0, 20.0, 20.0, 20.0, 20.0, 20.0, 20.0, 20.0, 20.0, 20.0, 20.0, 20.0, 20.0, 20.0, 20.0, 20.0, 20.0, 20.0, 20.0, 20.0, 20.0, 20.0, 20.0, 20.0, 20.0, 20.0, 20.0]",24.969760839098313,24.964621551583804,0.0376,-0.1465,0.0553,-0.0757,10.0835,-0.0006,-0.0163,-9.8114,15.3,,50.0,,,,-0.2614,0.3492,0.4362,306.82,14.94,1.22389,0.041,93.8,25.724,1,36.14,24.746,1,3,10,0.7,9.688,0,0.0,0,0
1790618454.4246995,47.3981838,8.5461546,9.458000183105469,-0.0012986796209588647,0.04544375464320183,9.294164919992909e-05,44.69,0.07109222285813255,0.07032706341864145,0.0,49.51320976257324,20.0,20.0,-1.6983524790022653,-41.09010492314977,-6.318866083670447,0.04542040645974497,14.0,0.0,0.0,"[20.0, 20.0, 20.0, 20.0, 20.0, 20.0, 20.0, 20.0, 20.0, 20.0, 20.0, 20.0, 20.0, 20.0, 20.0, 20.0, 20.0, 20.0, 20.0, 20.0, 20.0, 20.0, 20.0, 20.0, 20.0, 20.0, 20.0, 20.0, 20.0, 20.0, 20.0, 20.0, 20.0, 20.0, 20.0, 20.0, 20.0, 20.0, 20.0, 20.0, 20.0, 20.0, 20.0, 20.0, 20.0, 20.0, 20.0, 20.0, 20.0, 20.0, 20.0, 20.0, 20.0, 20.0, 20.0, 20.0, 20.0, 20.0, 20.0, 20.0, 20.0, 20.0, 20.0, 20.0, 20.0, 20.0, 20.0, 20.0, 20.0, 20.0, 20.0, 20.0]",24.969760839098313,24.964621551583804,0.0233,-0.3041,-0.2092,-0.7314,10.0469,0.0035,-0.0136,-9.8021,15.3,,50.0,,,,-0.3454,0.4819,0.5929,305.63,14.94,1.22389,0.0455,91.64,25.715,1,36.34,24.756,1,3,10,0.7,9.675,0,0.0,0,0
1790618454.625563,47.3981837,8.546154699999999,9.460000038146973,0.005005323328077793,0.05392127111554146,-0.000751551880966872,46.730000000000004,0.06854371980094691,0.0728131751529164,0.0,51.549095611572284,20.0,20.0,-1.6937018039083414,-39.05040536007988,-6.336753793902782,0.05398828072094908,14.0,0.0,0.0,"[20.0, 20.0, 20.0, 20.0, 20.0, 20.0, 20.0, 20.0, 20.0, 20.0, 20.0, 20.0, 20.0, 20.0, 20.0, 20.0, 20.0, 20.0, 20.0, 20.0, 20.0, 20.0, 20.0, 20.0, 20.0, 20.0, 20.0, 20.0, 20.0, 20.0, 20.0, 20.0, 20.0, 20.0, 20.0, 20.0, 20.0, 20.0, 20.0, 20.0, 20.0, 20.0, 20.0, 20.0, 20.0, 20.0, 20.0, 20.0, 20.0, 20.0, 20.0, 20.0, 20.0, 20.0, 20.0, 20.0, 20.0, 20.0, 20.0, 20.0, 20.0, 20.0, 20.0, 20.0, 20.0, 20.0, 20.0, 20.0, 20.0, 20.0, 20.0, 20.0]",24.969760839098313,24.964621551583804,0.0064,-0.3622,0.0064,0.1229,10.0773,-0.0008,-0.0131,-9.7978,15.3,,50.0,,,,-0.2519,0.539,0.595,295.04,14.94,1.22389,0.0542,84.7,25.704,1,36.54,24.768,1,3,10,0.7,9.654,0,0.0,0,0
1790618454.826814,47.3981837,8.5461549,9.460000038146973,0.01177118718624115,0.06144579499959946,-7.053482113406062e-05,48.75,0.06593458151000689,0.07518398074789774,0.0,53.5693302154541,20.0,20.0,-1.6909775146172252,-37.03140842072361,-6.025067675027461,0.06161112187498283,14.0,0.0,0.0,"[20.0, 20.0, 20.0, 20.0, 20.0, 20.0, 20.0, 20.0, 20.0, 20.0, 20.0, 20.0, 20.0, 20.0, 20.0, 20.0, 20.0, 20.0, 20.0, 20.0, 20.0, 20.0, 20.0, 20.0, 20.0, 20.0, 20.0, 20.0, 20.0, 20.0, 20.0, 20.0, 20.0, 20.0, 20.0, 20.0, 20.0, 20.0, 20.0, 20.0, 20.0, 20.0, 20.0, 20.0, 20.0, 20.0, 20.0, 20.0, 20.0, 20.0, 20.0, 20.0, 20.0, 20.0, 20.0, 20.0, 20.0, 20.0, 20.0, 20.0, 20.0, 20.0, 20.0, 20.0, 20.0, 20.0, 20.0, 20.0, 20.0, 20.0, 20.0, 20.0]",24.969760839098313,24.964621551583804,-0.0003,-0.3114,0.0826,0.3295,10.0104,-0.0059,-0.0125,-9.8052,15.3,,50.0,,,,-0.3173,0.588,0.6682,298.35,14.94,1.22389,0.0626,79.16,25.692,1,36.74,24.78,1,3,10,0.7,9.668,0,0.0,0,0
1790618455.0267413,47.3981837,8.546154999999999,9.461000442504883,0.015359140932559967,0.06538417190313339,-7.661500421818346e-05,50.730000000000004,0.06329756040372629,0.0774171741084407,0.0,55.54111335754396,20.0,20.0,-1.6883274044724637,-35.052340357298874,-5.615268359531811,0.06560256646977769,14.0,0.0,0.0,"[20.0, 20.0, 20.0, 20.0, 20.0, 20.0, 20.0, 20.0, 20.0, 20.0, 20.0, 20.0, 20.0, 20.0, 20.0, 20.0, 20.0, 20.0, 20.0, 20.0, 20.0, 20.0, 20.0, 20.0, 20.0, 20.0, 20.0, 20.0, 20.0, 20.0, 20.0, 20.0, 20.0, 20.0, 20.0, 20.0, 20.0, 20.0, 20.0, 20.0, 20.0, 20.0, 20.0, 20.0, 20.0, 20.0, 20.0, 20.0, 20.0, 20.0, 20.0, 20.0, 20.0, 20.0, 20.0, 20.0, 20.0, 20.0, 20.0, 20.0, 20.0, 20.0, 20.0, 20.0, 20.0, 20.0, 20.0, 20.0, 20.0, 20.0, 20.0, 20.0]",24.969760839098313,24.964621551583804,0.0112,-0.2685,0.1366,0.1469,10.0671,-0.0051,-0.0011,-9.8086,15.3,,50.0,,,,-0.3045,0.5019,0.5871,301.25,14.94,1.22389,0.0672,76.78,25.681,1,36.94,24.792,1,3,10,0.7,9.664,0,0.0,0,0
1790618455.2280197,47.3981837,8.5461552,9.461000442504883,0.016973065212368965,0.06969510018825531,-9.279861842514947e-05,52.72,0.06057106907253615,0.07956849622438555,0.0,57.542540283203124,20.0,20.0,-1.6863898220041647,-33.06376681947967,-5.466530657847538,0.06993740071445612,14.0,0.0,0.0,"[20.0, 20.0, 20.0, 20.0, 20.0, 20.0, 20.0, 20.0, 20.0, 20.0, 20.0, 20.0, 20.0, 20.0, 20.0, 20.0, 20.0, 20.0, 20.0, 20.0, 20.0, 20.0, 20.0, 20.0, 20.0, 20.0, 20.0, 20.0, 20.0, 20.0, 20.0, 20.0, 20.0, 20.0, 20.0, 20.0, 20.0, 20.0, 20.0, 20.0, 20.0, 20.0, 20.0, 20.0, 20.0, 20.0, 20.0, 20.0, 20.0, 20.0, 20.0, 20.0, 20.0, 20.0, 20.0, 20.0, 20.0, 20.0, 20.0, 20.0, 20.0, 20.0, 20.0, 20.0, 20.0, 20.0, 20.0, 20.0, 20.0, 20.0, 20.0, 20.0]",24.969760839098313,24.964621551583804,0.0143,-0.2435,-0.007,0.1078,10.1645,-0.0137,-0.0154,-9.8058,15.3,,50.0,,,,-0.2902,0.5183,0.594,299.25,14.94,1.22389,0.0717,76.31,25.668,1,37.14,24.805,1,3,10,0.7,9.608,0,0.0,0,0
1790618455.4288669,47.3981837,8.5461554,9.462000846862793,0.018998872488737106,0.07332740724086761,-0.00019230945326853544,54.730000000000004,0.057743021654867256,0.08164400437365582,0.0,59.555098037719745,20.0,20.0,-1.6862921358001535,-31.05595828510164,-5.110560054938567,0.07359851085464515,14.0,0.0,0.0,"[20.0, 20.0, 20.0, 20.0, 20.0, 20.0, 20.0, 20.0, 20.0, 20.0, 20.0, 20.0, 20.0, 20.0, 20.0, 20.0, 20.0, 20.0, 20.0, 20.0, 20.0, 20.0, 20.0, 20.0, 20.0, 20.0, 20.0, 20.0, 20.0, 20.0, 20.0, 20.0, 20.0, 20.0, 20.0, 20.0, 20.0, 20.0, 20.0, 20.0, 20.0, 20.0, 20.0, 20.0, 20.0, 20.0, 20.0, 20.0, 20.0, 20.0, 20.0, 20.0, 20.0, 20.0, 20.0, 20.0, 20.0, 20.0, 20.0, 20.0, 20.0, 20.0, 20.0, 20.0, 20.0, 20.0, 20.0, 20.0, 20.0, 20.0, 20.0, 20.0]",24.969760839098313,24.964621551583804,0.0185,-0.2199,0.0202,0.0843,10.1267,-0.0022,-0.0126,-9.802,15.3,,50.0,,,,-0.1919,0.4281,0.4691,294.15,14.94,1.22389,0.0757,75.47,25.654,1,37.35,24.819,1,3,10,0.7,9.685,0,0.0,0,0
1790618455.6299334,47.3981837,8.546155599999999,9.462000846862793,0.022121964022517204,0.0766778439283371,0.00010440961341373622,56.75,0.1154337650145907,0.17836046758768292,0.0,61.57601356506348,20.0,20.0,-1.6889484679645979,-29.039198249131942,-4.486929124010284,0.07699131634567018,14.0,0.0,0.036544167943571154,"[20.0, 20.0, 20.0, 20.0, 20.0, 20.0, 20.0, 20.0, 20.0, 20.0, 20.0, 20.0, 20.0, 20.0, 20.0, 20.0, 20.0, 20.0, 20.0, 20.0, 20.0, 20.0, 20.0, 20.0, 20.0, 20.0, 20.0, 20.0, 20.0, 20.0, 20.0, 20.0, 20.0, 20.0, 20.0, 20.0, 20.0, 20.0, 20.0, 20.0, 20.0, 20.0, 20.0, 20.0, 20.0, 20.0, 20.0, 20.0, 20.0, 20.0, 20.0, 20.0, 20.0, 20.0, 20.0, 20.0, 20.0, 20.0, 20.0, 20.0, 20.0, 20.0, 20.0, 20.0, 20.0, 20.0, 20.0, 20.0, 20.0, 20.0, 20.0, 20.0]",24.969760839098313,24.964621551583804,0.0355,-0.1954,0.2009,0.1973,10.0809,-0.0086,-0.0041,-9.8006,15.3,,50.0,,,,-0.1703,0.4637,0.494,290.17,14.94,1.22389,0.0798,73.91,25.639,1,37.55,24.834,1,3,10,0.7,9.685,0,0.0,0,0
1790618455.8305843,47.3981838,8.5461558,9.463000297546387,0.029031017795205116,0.08928108215332031,-0.0008930232143029571,58.77,0.11122720403788826,0.18571253358088288,0.0,63.58748199462892,20.0,20.0,-1.6923544421281635,-27.023160859742603,-4.0485249096958595,0.08629728039241226,14.0,0.0,0.0023422998523269607,"[20.0, 20.0, 20.0, 20.0, 20.0, 20.0, 20.0, 20.0, 20.0, 20.0, 20.0, 20.0, 20.0, 20.0, 20.0, 20.0, 20.0, 20.0, 20.0, 20.0, 20.0, 20.0, 20.0, 20.0, 20.0, 20.0, 20.0, 20.0, 20.0, 20.0, 20.0, 20.0, 20.0, 20.0, 20.0, 20.0, 20.0, 20.0, 20.0, 20.0, 20.0, 20.0, 20.0, 20.0, 20.0, 20.0, 20.0, 20.0, 20.0, 20.0, 20.0, 20.0, 20.0, 20.0, 20.0, 20.0, 20.0, 20.0, 20.0, 20.0, 20.0, 20.0, 20.0, 20.0, 20.0, 20.0, 20.0, 20.0, 20.0, 20.0, 20.0, 20.0]",24.969760839098313,24.964621551583804,0.0308,-0.7685,0.0566,-2.7288,10.064,-0.0171,-0.0024,-9.8089,15.3,,50.0,,,,-0.1591,0.4401,0.4679,289.87,14.94,1.22389,0.0939,71.99,25.621,1,37.75,24.852,1,3,10,0.7,9.696,0,0.0,0,0
1790618456.0318105,47.3981839,8.5461561,9.464000701904297,0.04456978291273117,0.115427665412426,-0.0005117147229611874,60.78,0.10653703259392112,0.1927149354443971,0.0,65.58977439880371,20.0,20.0,-1.6976465148883324,-25.01835986436376,-3.3553993992926276,0.11164866950882853,14.0,0.0,0.002375117177859537,"[20.0, 20.0, 20.0, 20.0, 20.0, 20.0, 20.0, 20.0, 20.0, 20.0, 20.0, 20.0, 20.0, 20.0, 20.0, 20.0, 20.0, 20.0, 20.0, 20.0, 20.0, 20.0, 20.0, 20.0, 20.0, 20.0, 20.0, 20.0, 20.0, 20.0, 20.0, 20.0, 20.0, 20.0, 20.0, 20.0, 20.0, 20.0, 20.0, 20.0, 20.0, 20.0, 20.0, 20.0, 20.0, 20.0, 20.0, 20.0, 20.0, 20.0, 20.0, 20.0, 20.0, 20.0, 20.0, 20.0, 20.0, 20.0, 20.0, 20.0, 20.0, 20.0, 20.0, 20.0, 20.0, 20.0, 20.0, 20.0, 20.0, 20.0, 20.0, 20.0]",24.969760839098313,24.964621551583804,0.0234,-0.9845,0.1457,0.0477,9.9259,-0.014,-0.0046,-9.8081,15.3,,50.0,,,,-0.0206,0.4208,0.4213,272.81,14.94,1.22389,0.1237,68.89,25.6,1,37.95,24.875,1,3,10,0.7,9.683,0,0.0,0,0
1790618456.231612,47.398184,8.5461564,9.467000007629395,0.06056754291057587,0.14088404178619385,-0.0008324735099449754,62.77,0.10360091403669869,0.20359070571086785,0.0,67.58615447998048,20.0,20.0,-1.709440028979047,-23.037204824814665,-2.0251622861119465,0.14168927305705467,14.0,0.0,0.0017472183542998677,"[20.0, 20.0, 20.0, 20.0, 20.0, 20.0, 20.0, 20.0, 20.0, 20.0, 20.0, 20.0, 20.0, 20.0, 20.0, 20.0, 20.0, 20.0, 20.0, 20.0, 20.0, 20.0, 20.0, 20.0, 20.0, 20.0, 20.0, 20.0, 20.0, 20.0, 20.0, 20.0, 20.0, 20.0, 20.0, 20.0, 20.0, 20.0, 20.0, 20.0, 20.0, 20.0, 20.0, 20.0, 20.0, 20.0, 20.0, 20.0, 20.0, 20.0, 20.0, 20.0, 20.0, 20.0, 20.0, 20.0, 20.0, 20.0, 20.0, 20.0, 20.0, 20.0, 20.0, 20.0, 20.0, 20.0, 20.0, 20.0, 20.0, 20.0, 20.0, 20.0]",24.969760839098313,24.964621551583804,0.0547,-0.8744,0.4446,0.785,9.8768,-0.0166,-0.01,-9.7971,15.3,,50.0,,,,0.106,0.4265,0.4395,256.04,14.94,1.22389,0.1534,66.74,25.569,1,38.15,24.908,1,3,10,0.7,9.69,0,0.0,0,0
1790618456.4325743,47.398184099999995,8.5461569,9.470000267028809,0.07154031842947006,0.16525496542453766,-0.0006788430619053543,64.76,0.12047600062957202,0.2583063052223724,0.0,69.58336425781249,20.0,20.0,-1.7226031645337216,-21.057323545855326,-1.0992145748368742,0.1661620669018922,14.0,0.0,0.00390479623465892,"[20.0, 20.0, 20.0, 20.0, 20.0, 20.0, 20.0, 20.0, 20.0, 20.0, 20.0, 20.0, 20.0, 20.0, 20.0, 20.0, 20.0, 20.0, 20.0, 20.0, 20.0, 20.0, 20.0, 20.0, 20.0, 20.0, 20.0, 20.0, 20.0, 20.0, 20.0, 20.0, 20.0, 20.0, 20.0, 20.0, 20.0, 20.0, 20.0, 20.0, 20.0, 20.0, 20.0, 20.0, 20.0, 20.0, 20.0, 20.0, 20.0, 20.0, 20.0, 20.0, 20.0, 20.0, 20.0, 20.0, 20.0, 20.0, 20.0, 20.0, 20.0, 20.0, 20.0, 20.0, 20.0, 20.0, 20.0, 20.0, 20.0, 20.0, 20.0, 20.0]",24.969760839098313,24.964621551583804,0.1102,-0.7251,0.3394,0.7734,9.8825,-0.0172,-0.013,-9.8051,15.3,,50.0,,,,0.045,0.4411,0.4434,264.17,14.94,1.22389,0.1801,66.59,25.534,1,38.35,24.946,1,3,10,0.7,9.698,0,0.0,0,0
1790618456.6340976,47.398184199999996,8.5461574,9.473000526428223,0.07656744122505188,0.19121147692203522,-0.0006565915537066758,66.79,0.13578153672249182,0.3198951032615417,0.0,71.61603645324709,20.0,20.0,-1.7340994868489703,-19.038172639784904,-0.9522277046142404,0.19213733136500596,14.0,0.0,0.0031549093098140494,"[20.0, 20.0, 20.0, 20.0, 20.0, 20.0, 20.0, 20.0, 20.0, 20.0, 20.0, 20.0, 20.0, 20.0, 20.0, 20.0, 20.0, 20.0, 20.0, 20.0, 20.0, 20.0, 20.0, 20.0, 20.0, 20.0, 20.0, 20.0, 20.0, 20.0, 20.0, 20.0, 20.0, 20.0, 20.0, 20.0, 20.0, 20.0, 20.0, 20.0, 20.0, 20.0, 20.0, 20.0, 20.0, 20.0, 20.0, 20.0, 20.0, 20.0, 20.0, 20.0, 20.0, 20.0, 20.0, 20.0, 20.0, 20.0, 20.0, 20.0, 20.0, 20.0, 20.0, 20.0, 20.0, 20.0, 20.0, 20.0, 20.0, 20.0, 20.0, 20.0]",24.969760839098313,24.964621551583804,0.1235,-0.8422,0.033,-0.6447,9.88,-0.0109,-0.0112,-9.8026,15.3,,50.0,,,,0.0427,0.4303,0.4324,264.33,14.94,1.22389,0.206,68.18,25.492,1,38.55,24.99,1,3,10,0.7,9.692,0,0.0,0,0
1790618456.834645,47.3981843,8.5461581,9.475000381469727,0.07853566110134125,0.2215558886528015,-0.0006317999796010554,69.04,0.3908597707239163,1.0823597165831185,0.0,73.61762504577638,20.0,20.0,-1.7397440565762654,-17.037769864639785,-1.3174535972767667,0.22247597545570666,14.0,0.0,0.7483293744454879,"[20.0, 20.0, 20.0, 20.0, 20.0, 20.0, 20.0, 20.0, 20.0, 20.0, 20.0, 20.0, 20.0, 20.0, 20.0, 20.0, 20.0, 20.0, 20.0, 20.0, 20.0, 20.0, 20.0, 20.0, 20.0, 20.0, 20.0, 20.0, 20.0, 20.0, 20.0, 20.0, 20.0, 20.0, 20.0, 20.0, 20.0, 20.0, 20.0, 20.0, 20.0, 20.0, 20.0, 20.0, 20.0, 20.0, 20.0, 20.0, 20.0, 20.0, 20.0, 20.0, 20.0, 20.0, 20.0, 20.0, 20.0, 20.0, 20.0, 20.0, 20.0, 20.0, 20.0, 20.0, 20.0, 20.0, 20.0, 20.0, 20.0, 20.0, 20.0, 20.0]",24.969760839098313,24.964621551583804,0.0842,-1.1514,-0.173,-1.2613,9.8459,-0.035,0.0016,-9.7995,15.3,,50.0,,,,0.0318,0.2312,0.2334,262.17,14.94,1.22389,0.2351,70.48,25.446,1,38.75,25.037,1,3,10,0.7,9.711,0,0.1184,0,0
1790618457.0351963,47.3981844,8.546158799999999,9.481000900268555,0.09850118309259415,0.30192792415618896,-0.02715948410332203,71.0,0.42364440136096837,1.2964700120221013,0.0,75.58111907958983,20.0,20.0,-1.743490224739637,-15.077828577730372,-1.1615652264468967,0.3030511270820819,14.0,0.0,0.0,"[20.0, 20.0, 20.0, 20.0, 20.0, 20.0, 20.0, 20.0, 20.0, 20.0, 20.0, 20.0, 20.0, 20.0, 20.0, 20.0, 20.0, 20.0, 20.0, 20.0, 20.0, 20.0, 20.0, 20.0, 20.0, 20.0, 20.0, 20.0, 20.0, 20.0, 20.0, 20.0, 20.0, 20.0, 20.0, 20.0, 20.0, 20.0, 20.0, 20.0, 20.0, 20.0, 20.0, 20.0, 20.0, 20.0, 20.0, 20.0, 20.0, 20.0, 20.0, 20.0, 20.0, 20.0, 20.0, 20.0, 20.0, 20.0, 20.0, 20.0, 20.0, 20.0, 20.0, 20.0, 20.0, 20.0, 20.0, 20.0, 20.0, 20.0, 20.0, 20.0]",24.969760839098313,24.964621551583804,0.0042,-5.2918,0.0199,-22.1863,9.7941,-0.0461,-0.007,-9.8239,15.3,,50.0,,,,0.0923,0.235,0.2525,248.55,14.94,1.22389,0.3176,71.93,25.393,1,38.95,25.089,1,3,10,0.7,9.732,0,0.1913,0,0
1790618457.2357292,47.3981846,8.54616,9.49000072479248,0.1647418737411499,0.5168090462684631,-0.02195061184465885,73.02,0.3968069315180424,1.3690543941873237,0.0,77.58433486938475,20.0,20.0,-1.756708215045406,-13.097166307227951,0.45058574543563334,0.5185598139533466,14.0,0.0,0.013814223639613564,"[20.0, 20.0, 20.0, 20.0, 20.0, 20.0, 20.0, 20.0, 20.0, 20.0, 20.0, 20.0, 20.0, 20.0, 20.0, 20.0, 20.0, 20.0, 20.0, 20.0, 20.0, 20.0, 20.0, 20.0, 20.0, 20.0, 20.0, 20.0, 20.0, 20.0, 20.0, 20.0, 20.0, 20.0, 20.0, 20.0, 20.0, 20.0, 20.0, 20.0, 20.0, 20.0, 20.0, 20.0, 20.0, 20.0, 20.0, 20.0, 20.0, 20.0, 20.0, 20.0, 20.0, 20.0, 20.0, 20.0, 20.0, 20.0, 20.0, 20.0, 20.0, 20.0, 20.0, 20.0, 20.0, 20.0, 20.0, 20.0, 20.0, 20.0, 20.0, 20.0]",24.969760839098313,24.964621551583804,-0.123,-7.965,0.7151,-5.6542,9.6857,-0.0573,-0.0077,-9.8037,15.3,,50.0,,,,0.0469,0.2227,0.2276,258.1,14.94,1.22388,0.5424,72.32,25.307,1,39.15,25.178,1,3,10,0.7,9.754,0,0.4287,0,0
1790618457.435738,47.398185,8.5461619,9.496000289916992,0.24002531170845032,0.7755051255226135,-0.0067597487941384315,75.14,0.3617824775269218,1.4522407581029015,0.0,79.94160331726073,20.0,20.0,-1.785723913326041,-10.762580271694333,2.3377328852179673,0.7776758366920671,14.0,0.0,0.11004188869568612,"[20.0, 20.0, 20.0, 20.0, 20.0, 20.0, 20.0, 20.0, 20.0, 20.0, 20.0, 20.0, 20.0, 20.0, 20.0, 20.0, 20.0, 20.0, 20.0, 20.0, 20.0, 20.0, 20.0, 20.0, 20.0, 20.0, 20.0, 20.0, 20.0, 20.0, 20.0, 20.0, 20.0, 20.0, 20.0, 20.0, 20.0, 20.0, 20.0, 20.0, 20.0, 20.0, 20.0, 20.0, 20.0, 20.0, 20.0, 20.0, 20.0, 20.0, 20.0, 20.0, 20.0, 20.0, 20.0, 20.0, 20.0, 20.0, 20.0, 20.0, 20.0, 20.0, 20.0, 20.0, 20.0, 20.0, 20.0, 20.0, 20.0, 20.0, 20.0, 20.0]",24.969760839098313,24.964621551583804,-0.0944,-7.7449,1.7468,5.219,9.6038,-0.0925,-0.0039,-9.8257,15.3,,50.0,,,,0.0607,0.3554,0.3606,260.31,14.94,1.22388,0.8118,72.8,25.163,1,39.35,25.325,1,3,10,0.7,9.752,0,0.6315,0,0
1790618457.6355588,47.3981855,8.5461645,9.5,0.2941093444824219,1.0108860731124878,0.00045986552140675485,77.33,0.3286903326418549,1.5173353838161567,0.0,81.86196952819824,20.0,20.0,-1.8270848748631539,-8.893910497882302,3.281938832092377,1.0128742012870382,14.0,0.0,0.09695896697538937,"[20.0, 20.0, 20.0, 20.0, 20.0, 20.0, 20.0, 20.0, 20.0, 20.0, 20.0, 20.0, 20.0, 20.0, 20.0, 20.0, 20.0, 20.0, 20.0, 20.0, 20.0, 20.0, 20.0, 20.0, 20.0, 20.0, 20.0, 20.0, 20.0, 20.0, 20.0, 20.0, 20.0, 20.0, 20.0, 20.0, 20.0, 20.0, 20.0, 20.0, 20.0, 20.0, 20.0, 20.0, 20.0, 20.0, 20.0, 20.0, 20.0, 20.0, 20.0, 20.0, 20.0, 20.0, 20.0, 20.0, 20.0, 20.0, 20.0, 20.0, 20.0, 20.0, 20.0, 20.0, 20.0, 20.0, 20.0, 20.0, 20.0, 20.0, 20.0, 20.0]",24.969760839098313,24.964621551583804,0.1192,-6.5664,2.1886,6.7808,9.6322,-0.1088,-0.0042,-9.8316,15.3,,50.0,,,,0.23,0.2118,0.3126,222.65,14.94,1.22388,1.0528,73.78,24.964,1,39.55,25.53,1,3,10,0.7,9.723,0,0.8965,0,0
1790618457.8371835,47.3981861,8.5461677,9.5,0.3205050528049469,1.2039064168930054,0.0031338937114924192,79.53,0.2803664215280526,1.5983887610654175,0.0,84.35205963134763,20.0,20.0,-1.8726889413617944,-6.487371138080931,4.437569754978054,1.205223242601707,14.0,0.0,0.1358284361957947,"[20.0, 20.0, 20.0, 20.0, 20.0, 20.0, 20.0, 20.0, 20.0, 20.0, 20.0, 20.0, 20.0, 20.0, 20.0, 20.0, 20.0, 20.0, 20.0, 20.0, 20.0, 20.0, 20.0, 20.0, 20.0, 20.0, 20.0, 20.0, 20.0, 20.0, 20.0, 20.0, 20.0, 20.0, 20.0, 20.0, 20.0, 20.0, 20.0, 20.0, 20.0, 20.0, 20.0, 20.0, 20.0, 20.0, 20.0, 20.0, 20.0, 20.0, 20.0, 20.0, 20.0, 20.0, 20.0, 20.0, 20.0, 20.0, 20.0, 20.0, 20.0, 20.0, 20.0, 20.0, 20.0, 20.0, 20.0, 20.0, 20.0, 20.0, 20.0, 20.0]",24.969760839098313,24.964621551583804,0.3258,-5.3689,1.5425,5.9569,9.6277,-0.1273,0.0028,-9.8285,15.3,,50.0,,,,0.2576,0.1461,0.2962,209.55,14.94,1.22388,1.2458,75.09,24.722,1,39.75,25.778,1,3,10,0.7,9.714,0,1.0978,0,0
1790618458.0377693,47.3981867,8.5461713,9.50100040435791,0.32744884490966797,1.3558459281921387,0.0028420952148735523,81.62,0.23442953953077902,1.6635015296731024,0.0,86.09091953222469,20.0,20.0,-1.9197457049812914,-4.470919532224684,5.1974497790830725,1.3562426337291869,14.0,0.0,0.12356064085872771,"[20.0, 20.0, 20.0, 20.0, 20.0, 20.0, 20.0, 20.0, 20.0, 20.0, 20.0, 20.0, 20.0, 20.0, 20.0, 20.0, 20.0, 20.0, 20.0, 20.0, 20.0, 20.0, 20.0, 20.0, 20.0, 20.0, 20.0, 20.0, 20.0, 20.0, 20.0, 20.0, 20.0, 20.0, 20.0, 20.0, 20.0, 20.0, 20.0, 20.0, 20.0, 20.0, 20.0, 20.0, 20.0, 20.0, 20.0, 20.0, 20.0, 20.0, 20.0, 20.0, 20.0, 20.0, 20.0, 20.0, 20.0, 20.0, 20.0, 20.0, 20.0, 20.0, 20.0, 20.0, 20.0, 20.0, 20.0, 20.0, 20.0, 20.0, 20.0, 20.0]",24.969760839098313,24.964621551583804,0.5524,-4.5169,2.0778,3.8962,9.5826,-0.1507,0.0108,-9.8217,15.3,,50.0,,,,0.2454,0.1714,0.2993,214.94,14.94,1.22388,1.3948,76.42,24.449,1,39.95,26.058,1,3,10,0.7,9.723,0,1.2452,0,0
1790618458.2382226,47.3981874,8.5461752,9.50100040435791,0.31705498695373535,1.477308750152588,0.002239636378362775,83.66,0.18540619477518314,1.7238078750947168,0.0,86.17195493136978,20.0,20.0,-1.9645879641824817,-2.5119549313698144,5.772882101350551,1.476746826066776,14.0,0.0,0.12869736429120418,"[20.0, 20.0, 20.0, 20.0, 20.0, 20.0, 20.0, 20.0, 20.0, 20.0, 20.0, 20.0, 20.0, 20.0, 20.0, 20.0, 20.0, 20.0, 20.0, 20.0, 20.0, 20.0, 20.0, 20.0, 20.0, 20.0, 20.0, 20.0, 20.0, 20.0, 20.0, 20.0, 20.0, 20.0, 20.0, 20.0, 20.0, 20.0, 20.0, 20.0, 20.0, 20.0, 20.0, 20.0, 20.0, 20.0, 20.0, 20.0, 20.0, 20.0, 20.0, 20.0, 20.0, 20.0, 20.0, 20.0, 20.0, 20.0, 20.0, 20.0, 20.0, 20.0, 20.0, 20.0, 20.0, 20.0, 20.0, 20.0, 20.0, 20.0, 20.0, 20.0]",24.969760839098313,24.964621551583804,0.7932,-3.9591,1.6242,2.772,9.6598,-0.1619,0.0123,-9.8189,15.3,,50.0,,,,0.1495,0.0873,0.1731,210.27,14.94,1.22388,1.5109,77.89,24.154,1,40.15,26.359,1,3,10,0.7,9.737,0,1.4244,0,0
1790618458.4388678,47.398187899999996,8.5461794,9.503000259399414,0.29293784499168396,1.577358603477478,0.0012895299587398767,85.54,0.13674682296606466,1.776144261042725,0.0,86.25790600751873,20.0,20.0,-2.003035343421251,-0.7179060075187351,6.060777945513606,1.575992225553039,14.0,0.0,0.1254001272752536,"[20.0, 20.0, 20.0, 20.0, 20.0, 20.0, 20.0, 20.0, 20.0, 20.0, 20.0, 20.0, 20.0, 20.0, 20.0, 20.0, 20.0, 20.0, 20.0, 20.0, 20.0, 20.0, 20.0, 20.0, 20.0, 20.0, 20.0, 20.0, 20.0, 20.0, 20.0, 20.0, 20.0, 20.0, 20.0, 20.0, 20.0, 20.0, 20.0, 20.0, 20.0, 20.0, 20.0, 20.0, 20.0, 20.0, 20.0, 20.0, 20.0, 20.0, 20.0, 20.0, 20.0, 20.0, 20.0, 20.0, 20.0, 20.0, 20.0, 20.0, 20.0, 20.0, 20.0, 20.0, 20.0, 20.0, 20.0, 20.0, 20.0, 20.0, 20.0, 20.0]",24.969760839098313,24.964621551583804,0.9367,-3.587,0.765,1.9976,7.966,-0.1836,0.0057,-9.8156,15.3,,50.0,,,,-0.0365,0.1233,0.1286,286.49,14.94,1.22388,1.6043,79.48,23.841,1,40.36,26.675,1,3,10,0.7,9.702,0,1.54,0,0
1790618458.638848,47.398188499999996,8.5461837,9.504000663757324,0.2620226740837097,1.6603095531463623,0.0008881832472980022,86.83,0.10005031899869969,1.784732796048999,0.0,86.3476955090606,20.0,20.0,-2.0350397594046807,0.48230449093941274,5.79820014601465,1.6583548823144856,14.0,0.0,0.08725775995451528,"[20.0, 20.0, 20.0, 20.0, 20.0, 20.0, 20.0, 20.0, 20.0, 20.0, 20.0, 20.0, 20.0, 20.0, 20.0, 20.0, 20.0, 20.0, 20.0, 20.0, 20.0, 20.0, 20.0, 20.0, 20.0, 20.0, 20.0, 20.0, 20.0, 20.0, 20.0, 20.0, 20.0, 20.0, 20.0, 20.0, 20.0, 20.0, 20.0, 20.0, 20.0, 20.0, 20.0, 20.0, 20.0, 20.0, 20.0, 20.0, 20.0, 20.0, 20.0, 20.0, 20.0, 20.0, 20.0, 20.0, 20.0, 20.0, 20.0, 20.0, 20.0, 20.0, 20.0, 20.0, 20.0, 20.0, 20.0, 20.0, 20.0, 20.0, 20.0, 20.0]",24.969760839098313,24.964621551583804,1.0171,-3.3269,0.6496,1.4783,4.5859,-0.1822,0.0109,-9.8028,15.3,,50.0,,,,0.0238,0.0965,0.0993,256.13,14.94,1.22388,1.6809,81.03,23.517,1,40.56,27.003,1,3,10,0.7,9.649,0,1.6312,0,0
1790618458.8397083,47.3981889,8.5461881,9.504000663757324,0.22544103860855103,1.729286551475525,0.002244112081825733,87.37,0.08379151990512304,1.7738552292375187,0.0,86.43923332790666,20.0,20.0,-2.0574804707951446,0.9307666720933128,4.797561190308822,1.7270251104497625,14.0,0.0,0.03208673641624392,"[20.0, 20.0, 20.0, 20.0, 20.0, 20.0, 20.0, 20.0, 20.0, 20.0, 20.0, 20.0, 20.0, 20.0, 20.0, 20.0, 20.0, 20.0, 20.0, 20.0, 20.0, 20.0, 20.0, 20.0, 20.0, 20.0, 20.0, 20.0, 20.0, 20.0, 20.0, 20.0, 20.0, 20.0, 20.0, 20.0, 20.0, 20.0, 20.0, 20.0, 20.0, 20.0, 20.0, 20.0, 20.0, 20.0, 20.0, 20.0, 20.0, 20.0, 20.0, 20.0, 20.0, 20.0, 20.0, 20.0, 20.0, 20.0, 20.0, 20.0, 20.0, 20.0, 20.0, 20.0, 20.0, 20.0, 20.0, 20.0, 20.0, 20.0, 20.0, 20.0]",24.969760839098313,24.964621551583804,1.0958,-2.9349,0.3257,2.1934,0.7967,-0.1881,0.0111,-9.8025,15.3,,50.0,,,,0.084,0.2114,0.2274,248.33,14.94,1.22388,1.7439,82.57,23.181,1,40.76,27.342,1,3,10,0.7,9.697,0,1.6302,0,0
1790618459.040895,47.3981893,8.546192699999999,9.503000259399414,0.18725226819515228,1.7803488969802856,0.0029328272212296724,87.3,0.08576102140139646,1.778017152872796,0.0,86.53168338647123,20.0,20.0,-2.070702901157919,0.768316613528782,3.3041398336904,1.778026330050384,14.0,0.0,0.011578371858159181,"[20.0, 20.0, 20.0, 20.0, 20.0, 20.0, 20.0, 20.0, 20.0, 20.0, 20.0, 20.0, 20.0, 20.0, 20.0, 20.0, 20.0, 20.0, 20.0, 20.0, 20.0, 20.0, 20.0, 20.0, 20.0, 20.0, 20.0, 20.0, 20.0, 20.0, 20.0, 20.0, 20.0, 20.0, 20.0, 20.0, 20.0, 20.0, 20.0, 20.0, 20.0, 20.0, 20.0, 20.0, 20.0, 20.0, 20.0, 20.0, 20.0, 20.0, 20.0, 20.0, 20.0, 20.0, 20.0, 20.0, 20.0, 20.0, 20.0, 20.0, 20.0, 20.0, 20.0, 20.0, 20.0, 20.0, 20.0, 20.0, 20.0, 20.0, 20.0, 20.0]",24.969760839098313,24.964621551583804,1.0902,-2.415,-0.3126,2.4356,-1.5503,-0.1985,0.0106,-9.8101,15.3,,50.0,,,,0.0757,0.2659,0.2765,254.1,14.94,1.22388,1.7902,84.0,22.834,1,40.96,27.689,1,3,10,0.7,9.682,0,1.6519,0,0
1790618459.241741,47.398189599999995,8.5461973,9.5,0.15101242065429688,1.8116436004638672,0.00390203227289021,86.92,0.09704526540385736,1.7897039132611074,0.0,86.62277399738088,20.0,20.0,-2.0744833151790285,0.2972260026191407,1.6849646248920522,1.8094452766543028,14.0,0.0,0.033864004699450515,"[20.0, 20.0, 20.0, 20.0, 20.0, 20.0, 20.0, 20.0, 20.0, 20.0, 20.0, 20.0, 20.0, 20.0, 20.0, 20.0, 20.0, 20.0, 20.0, 20.0, 20.0, 20.0, 20.0, 20.0, 20.0, 20.0, 20.0, 20.0, 20.0, 20.0, 20.0, 20.0, 20.0, 20.0, 20.0, 20.0, 20.0, 20.0, 20.0, 20.0, 20.0, 20.0, 20.0, 20.0, 20.0, 20.0, 20.0, 20.0, 20.0, 20.0, 20.0, 20.0, 20.0, 20.0, 20.0, 20.0, 20.0, 20.0, 20.0, 20.0, 20.0, 20.0, 20.0, 20.0, 20.0, 20.0, 20.0, 20.0, 20.0, 20.0, 20.0, 20.0]",24.969760839098313,24.964621551583804,0.9303,-2.0292,-1.195,1.4777,-2.4175,-0.1969,0.0028,-9.8139,15.3,,50.0,,,,0.0707,0.2301,0.2407,252.92,14.94,1.22388,1.8179,85.24,22.484,1,41.16,28.04,1,3,10,0.7,9.702,0,1.6976,0,0
1790618459.4426003,47.3981898,8.546202,9.498000144958496,0.12374000251293182,1.8290735483169556,0.0034834223333746195,86.52,0.10847779555371978,1.7917607161386304,0.0,86.71244030953295,20.0,20.0,-2.07159142734818,-0.19244030953296942,0.3902617750942604,1.8270218079984897,14.0,0.0,0.03563010024818458,"[20.0, 20.0, 20.0, 20.0, 20.0, 20.0, 20.0, 20.0, 20.0, 20.0, 20.0, 20.0, 20.0, 20.0, 20.0, 20.0, 20.0, 20.0, 20.0, 20.0, 20.0, 20.0, 20.0, 20.0, 20.0, 20.0, 20.0, 20.0, 20.0, 20.0, 20.0, 20.0, 20.0, 20.0, 20.0, 20.0, 20.0, 20.0, 20.0, 20.0, 20.0, 20.0, 20.0, 20.0, 20.0, 20.0, 20.0, 20.0, 20.0, 20.0, 20.0, 20.0, 20.0, 20.0, 20.0, 20.0, 20.0, 20.0, 20.0, 20.0, 20.0, 20.0, 20.0, 20.0, 20.0, 20.0, 20.0, 20.0, 20.0, 20.0, 20.0, 20.0]",24.969760839098313,24.964621551583804,0.6571,-1.8621,-1.4465,0.449,-1.8239,-0.2132,-0.0,-9.8041,15.3,,50.0,,,,-0.042,0.1845,0.1893,282.83,14.94,1.22388,1.8333,86.13,22.133,1,41.36,28.391,1,3,10,0.7,9.686,0,1.7386,0,0
1790618459.643352,47.39819,8.5462066,9.497000694274902,0.10858219861984253,1.8393031358718872,0.0029093881603330374,86.26,0.11514322816492459,1.782231324702277,0.0,86.80340425778076,20.0,20.0,-2.06673514346063,-0.5434042577807645,-0.36149786228877007,1.8372818436744578,14.0,0.0,0.025399358834359374,"[20.0, 20.0, 20.0, 20.0, 20.0, 20.0, 20.0, 20.0, 20.0, 20.0, 20.0, 20.0, 20.0, 20.0, 20.0, 20.0, 20.0, 20.0, 20.0, 20.0, 20.0, 20.0, 20.0, 20.0, 20.0, 20.0, 20.0, 20.0, 20.0, 20.0, 20.0, 20.0, 20.0, 20.0, 20.0, 20.0, 20.0, 20.0, 20.0, 20.0, 20.0, 20.0, 20.0, 20.0, 20.0, 20.0, 20.0, 20.0, 20.0, 20.0, 20.0, 20.0, 20.0, 20.0, 20.0, 20.0, 20.0, 20.0, 20.0, 20.0, 20.0, 20.0, 20.0, 20.0, 20.0, 20.0, 20.0, 20.0, 20.0, 20.0, 20.0, 20.0]",24.969760839098313,24.964621551583804,0.3842,-1.7775,-1.0916,0.327,-0.7603,-0.2159,-0.0039,-9.8067,15.3,,50.0,,,,0.0406,0.1781,0.1827,257.17,14.94,1.22388,1.8425,86.62,21.783,1,41.56,28.742,1,3,10,0.7,9.704,0,1.7512,0,0
1790618459.8440237,47.398190299999996,8.5462113,9.498000144958496,0.10436784476041794,1.8455919027328491,0.0026779724285006523,86.22,0.11582320971007481,1.7786653209798962,0.0,86.89835615326024,20.0,20.0,-2.062676703662633,-0.6783561532602107,-0.5433825497460246,1.8434326715700542,14.0,0.0,0.009728785838913097,"[20.0, 20.0, 20.0, 20.0, 20.0, 20.0, 20.0, 20.0, 20.0, 20.0, 20.0, 20.0, 20.0, 20.0, 20.0, 20.0, 20.0, 20.0, 20.0, 20.0, 20.0, 20.0, 20.0, 20.0, 20.0, 20.0, 20.0, 20.0, 20.0, 20.0, 20.0, 20.0, 20.0, 20.0, 20.0, 20.0, 20.0, 20.0, 20.0, 20.0, 20.0, 20.0, 20.0, 20.0, 20.0, 20.0, 20.0, 20.0, 20.0, 20.0, 20.0, 20.0, 20.0, 20.0, 20.0, 20.0, 20.0, 20.0, 20.0, 20.0, 20.0, 20.0, 20.0, 20.0, 20.0, 20.0, 20.0, 20.0, 20.0, 20.0, 20.0, 20.0]",24.969760839098313,24.964621551583804,0.1861,-1.6574,-0.6786,0.5083,0.368,-0.2127,-0.0049,-9.794,15.3,,50.0,,,,0.1914,-0.0174,0.1922,174.8,14.94,1.22388,1.8485,86.76,21.43,1,41.76,29.095,1,3,10,0.7,9.729,0,1.7525,0,0
1790618460.0442429,47.3981905,8.546216,9.5,0.10531596839427948,1.846799373626709,0.0023896831553429365,86.37,0.11137752602407325,1.7802909703079168,0.0,86.99697998132143,20.0,20.0,-2.059203915798447,-0.6269799813214263,-0.3661737736361828,1.8443993660840485,14.0,0.0,0.0036831827537558218,"[20.0, 20.0, 20.0, 20.0, 20.0, 20.0, 20.0, 20.0, 20.0, 20.0, 20.0, 20.0, 20.0, 20.0, 20.0, 20.0, 20.0, 20.0, 20.0, 20.0, 20.0, 20.0, 20.0, 20.0, 20.0, 20.0, 20.0, 20.0, 20.0, 20.0, 20.0, 20.0, 20.0, 20.0, 20.0, 20.0, 20.0, 20.0, 20.0, 20.0, 20.0, 20.0, 20.0, 20.0, 20.0, 20.0, 20.0, 20.0, 20.0, 20.0, 20.0, 20.0, 20.0, 20.0, 20.0, 20.0, 20.0, 20.0, 20.0, 20.0, 20.0, 20.0, 20.0, 20.0, 20.0, 20.0, 20.0, 20.0, 20.0, 20.0, 20.0, 20.0]",24.969760839098313,24.964621551583804,0.0949,-1.5528,-0.2149,0.256,1.0071,-0.2095,-0.0103,-9.8013,15.3,,50.0,,,,0.0097,-0.0437,0.0448,102.49,14.94,1.22388,1.8498,86.74,21.078,1,41.96,29.448,1,3,10,0.7,9.741,0,1.8274,0,0
1790618460.2454066,47.3981907,8.5462207,9.503000259399414,0.10729275643825531,1.846699833869934,0.0016723626758903265,86.61,0.10447047275708257,1.7842939860834819,0.0,87.09943454410876,20.0,20.0,-2.055567721956718,-0.48943454410874665,-0.06486889615881139,1.8440208969115142,14.0,0.0,0.009880052474923061,"[20.0, 20.0, 20.0, 20.0, 20.0, 20.0, 20.0, 20.0, 20.0, 20.0, 20.0, 20.0, 20.0, 20.0, 20.0, 20.0, 20.0, 20.0, 20.0, 20.0, 20.0, 20.0, 20.0, 20.0, 20.0, 20.0, 20.0, 20.0, 20.0, 20.0, 20.0, 20.0, 20.0, 20.0, 20.0, 20.0, 20.0, 20.0, 20.0, 20.0, 20.0, 20.0, 20.0, 20.0, 20.0, 20.0, 20.0, 20.0, 20.0, 20.0, 20.0, 20.0, 20.0, 20.0, 20.0, 20.0, 20.0, 20.0, 20.0, 20.0, 20.0, 20.0, 20.0, 20.0, 20.0, 20.0, 20.0, 20.0, 20.0, 20.0, 20.0, 20.0]",24.969760839098313,24.964621551583804,0.0881,-1.5123,0.1713,0.0896,1.1986,-0.2138,-0.0011,-9.797,15.3,,50.0,,,,0.032,-0.0626,0.0703,117.1,14.94,1.22388,1.8498,86.67,20.722,1,42.16,29.804,1,3,10,0.7,9.708,0,1.8146,0,0
1790618460.4463952,47.398191,8.5462255,9.505000114440918,0.10878610610961914,1.8489296436309814,0.0021336146164685488,86.86,0.09723725208026852,1.788387370330064,0.0,87.20760305066972,20.0,20.0,-2.0527384800137827,-0.3476030506697043,0.22724934712019218,1.8459512271772578,14.0,0.0,0.010237069318367268,"[20.0, 20.0, 20.0, 20.0, 20.0, 20.0, 20.0, 20.0, 20.0, 20.0, 20.0, 20.0, 20.0, 20.0, 20.0, 20.0, 20.0, 20.0, 20.0, 20.0, 20.0, 20.0, 20.0, 20.0, 20.0, 20.0, 20.0, 20.0, 20.0, 20.0, 20.0, 20.0, 20.0, 20.0, 20.0, 20.0, 20.0, 20.0, 20.0, 20.0, 20.0, 20.0, 20.0, 20.0, 20.0, 20.0, 20.0, 20.0, 20.0, 20.0, 20.0, 20.0, 20.0, 20.0, 20.0, 20.0, 20.0, 20.0, 20.0, 20.0, 20.0, 20.0, 20.0, 20.0, 20.0, 20.0, 20.0, 20.0, 20.0, 20.0, 20.0, 20.0]",24.969760839098313,24.964621551583804,0.1337,-1.4916,0.3344,0.0774,1.1043,-0.216,-0.0041,-9.8082,15.3,,50.0,,,,0.0714,-0.083,0.1095,130.7,14.94,1.22388,1.8521,86.63,20.362,1,42.36,30.164,1,3,10,0.7,9.712,0,1.7974,0,0
1790618460.6475008,47.3981912,8.5462303,9.506000518798828,0.10726604610681534,1.8518646955490112,0.002154270652681589,87.06,0.09132976234697328,1.7909788812800038,0.0,87.3196101564057,20.0,20.0,-2.049056826324188,-0.259610156405671,0.375054375026071,1.8486438957050813,14.0,0.0,0.006371032523652124,"[20.0, 20.0, 20.0, 20.0, 20.0, 20.0, 20.0, 20.0, 20.0, 20.0, 20.0, 20.0, 20.0, 20.0, 20.0, 20.0, 20.0, 20.0, 20.0, 20.0, 20.0, 20.0, 20.0, 20.0, 20.0, 20.0, 20.0, 20.0, 20.0, 20.0, 20.0, 20.0, 20.0, 20.0, 20.0, 20.0, 20.0, 20.0, 20.0, 20.0, 20.0, 20.0, 20.0, 20.0, 20.0, 20.0, 20.0, 20.0, 20.0, 20.0, 20.0, 20.0, 20.0, 20.0, 20.0, 20.0, 20.0, 20.0, 20.0, 20.0, 20.0, 20.0, 20.0, 20.0, 20.0, 20.0, 20.0, 20.0, 20.0, 20.0, 20.0, 20.0]",24.969760839098313,24.964621551583804,0.1927,-1.4704,0.2493,0.0653,0.818,-0.2225,-0.0006,-9.7924,15.3,,50.0,,,,0.0864,0.0111,0.0871,187.31,14.94,1.22388,1.855,86.68,20.0,1,42.56,30.527,1,3,10,0.7,9.725,0,1.8114,0,0
1790618460.8476074,47.398191399999995,8.546235099999999,9.506000518798828,0.10261421650648117,1.8548791408538818,0.002032631076872349,87.2,0.08705210410746606,1.7918727256998983,0.0,87.43330131173843,20.0,20.0,-2.042428004361566,-0.23330131173847235,0.3664460360242723,1.8515094049189207,14.0,0.0,0.001917016829091986,"[20.0, 20.0, 20.0, 20.0, 20.0, 20.0, 20.0, 20.0, 20.0, 20.0, 20.0, 20.0, 20.0, 20.0, 20.0, 20.0, 20.0, 20.0, 20.0, 20.0, 20.0, 20.0, 20.0, 20.0, 20.0, 20.0, 20.0, 20.0, 20.0, 20.0, 20.0, 20.0, 20.0, 20.0, 20.0, 20.0, 20.0, 20.0, 20.0, 20.0, 20.0, 20.0, 20.0, 20.0, 20.0, 20.0, 20.0, 20.0, 20.0, 20.0, 20.0, 20.0, 20.0, 20.0, 20.0, 20.0, 20.0, 20.0, 20.0, 20.0, 20.0, 20.0, 20.0, 20.0, 20.0, 20.0, 20.0, 20.0, 20.0, 20.0, 20.0, 20.0]",24.969760839098313,24.964621551583804,0.2287,-1.444,0.0137,0.1418,0.5722,-0.2165,-0.0036,-9.7984,15.3,,50.0,,,,0.0819,-0.0291,0.0869,160.47,14.94,1.22388,1.8577,86.83,19.635,1,42.76,30.892,1,3,10,0.7,9.758,0,1.8143,0,0
1790618461.0483015,47.3981916,8.54624,9.508000373840332,0.09638643264770508,1.8581562042236328,0.0016193077899515629,87.29,0.08414249121828545,1.7913511121219858,0.0,87.54883062479666,20.0,20.0,-2.0329780978851555,-0.2588306247966159,0.2593900735931449,1.8547021527256693,14.0,0.0,0.0018512690900507258,"[20.0, 20.0, 20.0, 20.0, 20.0, 20.0, 20.0, 20.0, 20.0, 20.0, 20.0, 20.0, 20.0, 20.0, 20.0, 20.0, 20.0, 20.0, 20.0, 20.0, 20.0, 20.0, 20.0, 20.0, 20.0, 20.0, 20.0, 20.0, 20.0, 20.0, 20.0, 20.0, 20.0, 20.0, 20.0, 20.0, 20.0, 20.0, 20.0, 20.0, 20.0, 20.0, 20.0, 20.0, 20.0, 20.0, 20.0, 20.0, 20.0, 20.0, 20.0, 20.0, 20.0, 20.0, 20.0, 20.0, 20.0, 20.0, 20.0, 20.0, 20.0, 20.0, 20.0, 20.0, 20.0, 20.0, 20.0, 20.0, 20.0, 20.0, 20.0, 20.0]",24.969760839098313,24.964621551583804,0.2315,-1.4031,-0.0631,0.2031,0.3855,-0.2223,-0.0089,-9.7978,15.3,,50.0,,,,-0.0226,-0.0268,0.0351,49.77,14.94,1.22388,1.8607,87.03,19.267,1,42.96,31.26,1,3,10,0.7,9.78,0,1.8431,0,0
1790618461.249461,47.3981918,8.5462449,9.51300048828125,0.09225640445947647,1.8599108457565308,0.0006867075571790338,87.37,0.08148907368203323,1.790402597059397,0.0,87.67020107329267,20.0,20.0,-2.0245970918211578,-0.3002010732926692,0.20969193123798296,1.8563053234955984,14.0,0.0,0.0029971322929119885,"[20.0, 20.0, 20.0, 20.0, 20.0, 20.0, 20.0, 20.0, 20.0, 20.0, 20.0, 20.0, 20.0, 20.0, 20.0, 20.0, 20.0, 20.0, 20.0, 20.0, 20.0, 20.0, 20.0, 20.0, 20.0, 20.0, 20.0, 20.0, 20.0, 20.0, 20.0, 20.0, 20.0, 20.0, 20.0, 20.0, 20.0, 20.0, 20.0, 20.0, 20.0, 20.0, 20.0, 20.0, 20.0, 20.0, 20.0, 20.0, 20.0, 20.0, 20.0, 20.0, 20.0, 20.0, 20.0, 20.0, 20.0, 20.0, 20.0, 20.0, 20.0, 20.0, 20.0, 20.0, 20.0, 20.0, 20.0, 20.0, 20.0, 20.0, 20.0, 20.0]",24.969760839098313,24.964621551583804,0.2222,-1.3558,-0.0814,0.1929,0.4174,-0.2188,0.0018,-9.8038,15.3,,50.0,,,,-0.022,-0.0292,0.0365,53.01,14.94,1.22388,1.8622,87.16,18.898,1,43.17,31.63,1,3,10,0.7,9.77,0,1.8439,0,0
1790618461.450876,47.398191999999995,8.5462498,9.520000457763672,0.08910022675991058,1.8606520891189575,0.0002922698622569442,87.47,0.07826698441458581,1.7898533033217194,0.0,87.79695039333882,20.0,20.0,-2.016701650787242,-0.32695039333881937,0.21160341718411768,1.8568568615395669,14.0,0.0,0.0019357870650269346,"[20.0, 20.0, 20.0, 20.0, 20.0, 20.0, 20.0, 20.0, 20.0, 20.0, 20.0, 20.0, 20.0, 20.0, 20.0, 20.0, 20.0, 20.0, 20.0, 20.0, 20.0, 20.0, 20.0, 20.0, 20.0, 20.0, 20.0, 20.0, 20.0, 20.0, 20.0, 20.0, 20.0, 20.0, 20.0, 20.0, 20.0, 20.0, 20.0, 20.0, 20.0, 20.0, 20.0, 20.0, 20.0, 20.0, 20.0, 20.0, 20.0, 20.0, 20.0, 20.0, 20.0, 20.0, 20.0, 20.0, 20.0, 20.0, 20.0, 20.0, 20.0, 20.0, 20.0, 20.0, 20.0, 20.0, 20.0, 20.0, 20.0, 20.0, 20.0, 20.0]",24.969760839098313,24.964621551583804,0.221,-1.3104,0.0702,0.2501,0.4668,-0.2243,-0.0119,-9.7907,15.3,,50.0,,,,0.0334,-0.0439,0.0552,127.23,14.94,1.22388,1.8628,87.26,18.527,1,43.37,32.001,1,3,10,0.7,9.742,0,1.8352,0,0
1790618461.6517777,47.3981922,8.5462548,9.523000717163086,0.08448831737041473,1.8608227968215942,0.0008479839307256043,87.57000000000001,0.07504124699609475,1.7892557582229607,0.0,87.92533175548112,20.0,20.0,-2.0059212913765068,-0.3553317554811031,0.1696573492654484,1.8569033136993582,14.0,0.0,0.0020513390685556092,"[20.0, 20.0, 20.0, 20.0, 20.0, 20.0, 20.0, 20.0, 20.0, 20.0, 20.0, 20.0, 20.0, 20.0, 20.0, 20.0, 20.0, 20.0, 20.0, 20.0, 20.0, 20.0, 20.0, 20.0, 20.0, 20.0, 20.0, 20.0, 20.0, 20.0, 20.0, 20.0, 20.0, 20.0, 20.0, 20.0, 20.0, 20.0, 20.0, 20.0, 20.0, 20.0, 20.0, 20.0, 20.0, 20.0, 20.0, 20.0, 20.0, 20.0, 20.0, 20.0, 20.0, 20.0, 20.0, 20.0, 20.0, 20.0, 20.0, 20.0, 20.0, 20.0, 20.0, 20.0, 20.0, 20.0, 20.0, 20.0, 20.0, 20.0, 20.0, 20.0]",24.969760839098313,24.964621551583804,0.2175,-1.27,-0.0729,0.1784,0.4641,-0.2218,-0.005,-9.8058,15.3,,50.0,,,,0.2053,-0.0329,0.2079,170.9,14.94,1.22388,1.8627,87.4,18.155,1,43.57,32.373,1,3,10,0.7,9.776,0,1.7588,0,0
1790618461.8536866,47.3981923,8.5462597,9.526000022888184,0.07834877073764801,1.8591926097869873,0.0013510496355593204,87.67,0.07181648427850608,1.7886418314905126,0.0,88.05410610086818,20.0,20.0,-1.992058136533388,-0.3841061008681663,0.08309014735012775,1.8552297741538353,14.0,0.0,0.0020783419891492313,"[20.0, 20.0, 20.0, 20.0, 20.0, 20.0, 20.0, 20.0, 20.0, 20.0, 20.0, 20.0, 20.0, 20.0, 20.0, 20.0, 20.0, 20.0, 20.0, 20.0, 20.0, 20.0, 20.0, 20.0, 20.0, 20.0, 20.0, 20.0, 20.0, 20.0, 20.0, 20.0, 20.0, 20.0, 20.0, 20.0, 20.0, 20.0, 20.0, 20.0, 20.0, 20.0, 20.0, 20.0, 20.0, 20.0, 20.0, 20.0, 20.0, 20.0, 20.0, 20.0, 20.0, 20.0, 20.0, 20.0, 20.0, 20.0, 20.0, 20.0, 20.0, 20.0, 20.0, 20.0, 20.0, 20.0, 20.0, 20.0, 20.0, 20.0, 20.0, 20.0]",24.969760839098313,24.964621551583804,0.1977,-1.2398,-0.0966,0.0473,0.6377,-0.2162,-0.0058,-9.7976,15.3,,50.0,,,,0.1677,-0.1601,0.2319,136.34,14.94,1.22388,1.8608,87.59,17.783,1,43.77,32.746,1,3,10,0.7,9.753,0,1.7449,0,0
1790618462.0533543,47.3981925,8.5462647,9.527000427246094,0.07305837422609329,1.8566081523895264,0.0017220545560121536,87.79,0.06803038912441013,1.7884932601523085,0.0,88.18553762195614,20.0,20.0,-1.9773401939933724,-0.3955376219561231,0.04345230674747868,1.85258465382868,14.0,0.0,0.0008259052308786735,"[20.0, 20.0, 20.0, 20.0, 20.0, 20.0, 20.0, 20.0, 20.0, 20.0, 20.0, 20.0, 20.0, 20.0, 20.0, 20.0, 20.0, 20.0, 20.0, 20.0, 20.0, 20.0, 20.0, 20.0, 20.0, 20.0, 20.0, 20.0, 20.0, 20.0, 20.0, 20.0, 20.0, 20.0, 20.0, 20.0, 20.0, 20.0, 20.0, 20.0, 20.0, 20.0, 20.0, 20.0, 20.0, 20.0, 20.0, 20.0, 20.0, 20.0, 20.0, 20.0, 20.0, 20.0, 20.0, 20.0, 20.0, 20.0, 20.0, 20.0, 20.0, 20.0, 20.0, 20.0, 20.0, 20.0, 20.0, 20.0, 20.0, 20.0, 20.0, 20.0]",24.969760839098313,24.964621551583804,0.1714,-1.2238,-0.1362,0.0979,0.7198,-0.2226,-0.0039,-9.7991,15.3,,50.0,,,,0.1292,-0.0449,0.1368,160.85,14.94,1.22388,1.858,87.75,17.412,1,43.97,33.117,1,3,10,0.7,9.744,0,1.7897,0,0
1790618462.2543697,47.398192599999994,8.5462696,9.526000022888184,0.06890328973531723,1.8539079427719116,0.0020439582876861095,87.93,0.06368012011618848,1.7888054802272222,0.0,88.31967691318187,20.0,20.0,-1.9615249980347835,-0.3896769131818587,0.05850450414376847,1.8497914805356812,14.0,0.0,0.0004233097480587897,"[20.0, 20.0, 20.0, 20.0, 20.0, 20.0, 20.0, 20.0, 20.0, 20.0, 20.0, 20.0, 20.0, 20.0, 20.0, 20.0, 20.0, 20.0, 20.0, 20.0, 20.0, 20.0, 20.0, 20.0, 20.0, 20.0, 20.0, 20.0, 20.0, 20.0, 20.0, 20.0, 20.0, 20.0, 20.0, 20.0, 20.0, 20.0, 20.0, 20.0, 20.0, 20.0, 20.0, 20.0, 20.0, 20.0, 20.0, 20.0, 20.0, 20.0, 20.0, 20.0, 20.0, 20.0, 20.0, 20.0, 20.0, 20.0, 20.0, 20.0, 20.0, 20.0, 20.0, 20.0, 20.0, 20.0, 20.0, 20.0, 20.0, 20.0, 20.0, 20.0]",24.969760839098313,24.964621551583804,0.1557,-1.2179,-0.0983,-0.0318,0.7313,-0.2175,-0.0067,-9.8074,15.3,,50.0,,,,0.1731,-0.1705,0.243,135.43,14.94,1.22388,1.8552,87.87,17.041,1,44.17,33.487,1,3,10,0.7,9.746,0,1.7337,0,0
1790618462.4552307,47.3981928,8.5462749,9.526000022888184,0.06445688754320145,1.8508960008621216,0.001947637414559722,88.08,0.05904091246688276,1.7893056396898808,0.0,88.4565276987388,20.0,20.0,-1.9448392143102224,-0.37652769873878356,0.07450198726408842,1.8467056968529378,14.0,0.0,0.0009504521203150964,"[20.0, 20.0, 20.0, 20.0, 20.0, 20.0, 20.0, 20.0, 20.0, 20.0, 20.0, 20.0, 20.0, 20.0, 20.0, 20.0, 20.0, 20.0, 20.0, 20.0, 20.0, 20.0, 20.0, 20.0, 20.0, 20.0, 20.0, 20.0, 20.0, 20.0, 20.0, 20.0, 20.0, 20.0, 20.0, 20.0, 20.0, 20.0, 20.0, 20.0, 20.0, 20.0, 20.0, 20.0, 20.0, 20.0, 20.0, 20.0, 20.0, 20.0, 20.0, 20.0, 20.0, 20.0, 20.0, 20.0, 20.0, 20.0, 20.0, 20.0, 20.0, 20.0, 20.0, 20.0, 20.0, 20.0, 20.0, 20.0, 20.0, 20.0, 20.0, 20.0]",24.969760839098313,24.964621551583804,0.1481,-1.2195,-0.0545,-0.0198,0.8185,-0.2227,-0.0074,-9.8101,15.3,,50.0,,,,0.1802,-0.1466,0.2323,140.87,14.94,1.22388,1.852,88.01,16.673,1,44.37,33.856,1,3,10,0.7,9.712,0,1.7359,0,0
1790618462.65554,47.3981929,8.546279799999999,9.523000717163086,0.06160848215222359,1.8481590747833252,0.0018597691087052226,88.24,0.0543835521611987,1.7896680982706186,0.0,88.59824116521952,20.0,20.0,-1.9281887926450205,-0.3682411652195299,0.13925089792826395,1.8438247367091691,14.0,0.0,0.0006012241714482322,"[20.0, 20.0, 20.0, 20.0, 20.0, 20.0, 20.0, 20.0, 20.0, 20.0, 20.0, 20.0, 20.0, 20.0, 20.0, 20.0, 20.0, 20.0, 20.0, 20.0, 20.0, 20.0, 20.0, 20.0, 20.0, 20.0, 20.0, 20.0, 20.0, 20.0, 20.0, 20.0, 20.0, 20.0, 20.0, 20.0, 20.0, 20.0, 20.0, 20.0, 20.0, 20.0, 20.0, 20.0, 20.0, 20.0, 20.0, 20.0, 20.0, 20.0, 20.0, 20.0, 20.0, 20.0, 20.0, 20.0, 20.0, 20.0, 20.0, 20.0, 20.0, 20.0, 20.0, 20.0, 20.0, 20.0, 20.0, 20.0, 20.0, 20.0, 20.0, 20.0]",24.969760839098313,24.964621551583804,0.1517,-1.2244,-0.0083,-0.0197,0.7474,-0.2237,-0.0036,-9.8101,15.3,,50.0,,,,0.2993,0.0453,0.3027,188.61,14.94,1.22388,1.8492,88.09,16.304,1,44.57,34.224,1,3,10,0.7,9.744,0,1.6978,0,0
1790618462.8555841,47.398193,8.5462846,9.518000602722168,0.05819687619805336,1.8456542491912842,0.002489511389285326,88.39,0.04971619487284088,1.789950125020664,0.0,88.74259770494638,20.0,20.0,-1.9102209065734552,-0.3625977049463813,0.18604300724396772,1.8412054218918217,14.0,0.0,0.00040945646490093957,"[20.0, 20.0, 20.0, 20.0, 20.0, 20.0, 20.0, 20.0, 20.0, 20.0, 20.0, 20.0, 20.0, 20.0, 20.0, 20.0, 20.0, 20.0, 20.0, 20.0, 20.0, 20.0, 20.0, 20.0, 20.0, 20.0, 20.0, 20.0, 20.0, 20.0, 20.0, 20.0, 20.0, 20.0, 20.0, 20.0, 20.0, 20.0, 20.0, 20.0, 20.0, 20.0, 20.0, 20.0, 20.0, 20.0, 20.0, 20.0, 20.0, 20.0, 20.0, 20.0, 20.0, 20.0, 20.0, 20.0, 20.0, 20.0, 20.0, 20.0, 20.0, 20.0, 20.0, 20.0, 20.0, 20.0, 20.0, 20.0, 20.0, 20.0, 20.0, 20.0]",24.969760839098313,24.964621551583804,0.1666,-1.2266,0.1005,-0.0028,0.6875,-0.2224,-0.004,-9.8147,15.3,,50.0,,,,0.3071,0.2125,0.3735,214.68,14.94,1.22388,1.8466,88.19,15.937,1,44.77,34.592,1,3,10,0.7,9.773,0,1.6598,0,0
1790618463.0565588,47.3981931,8.5462895,9.515000343322754,0.053025100380182266,1.8433423042297363,0.0023848325945436954,88.52,0.045328125169430376,1.7899495492122337,0.0,88.88711443453144,20.0,20.0,-1.88976532140551,-0.36711443453143033,0.16770096601216863,1.8388792126736695,14.0,0.0,0.00032655586316141633,"[20.0, 20.0, 20.0, 20.0, 20.0, 20.0, 20.0, 20.0, 20.0, 20.0, 20.0, 20.0, 20.0, 20.0, 20.0, 20.0, 20.0, 20.0, 20.0, 20.0, 20.0, 20.0, 20.0, 20.0, 20.0, 20.0, 20.0, 20.0, 20.0, 20.0, 20.0, 20.0, 20.0, 20.0, 20.0, 20.0, 20.0, 20.0, 20.0, 20.0, 20.0, 20.0, 20.0, 20.0, 20.0, 20.0, 20.0, 20.0, 20.0, 20.0, 20.0, 20.0, 20.0, 20.0, 20.0, 20.0, 20.0, 20.0, 20.0, 20.0, 20.0, 20.0, 20.0, 20.0, 20.0, 20.0, 20.0, 20.0, 20.0, 20.0, 20.0, 20.0]",24.969760839098313,24.964621551583804,0.1712,-1.2284,-0.0603,0.0197,0.7168,-0.224,0.0006,-9.8158,15.3,,50.0,,,,0.3641,0.1715,0.4025,205.22,14.94,1.22388,1.8441,88.35,15.57,1,44.97,34.959,1,3,10,0.7,9.749,0,1.6429,0,0
1790618463.2573166,47.398193199999994,8.546294399999999,9.51200008392334,0.04785536229610443,1.8418399095535278,0.0018255026079714298,88.65,0.04121751063535019,1.7896366943127164,0.0,89.03301593329121,20.0,20.0,-1.8672200880042071,-0.38301593329120465,0.1383451684012219,1.83738123989728,14.0,0.0,0.0011494356603739765,"[20.0, 20.0, 20.0, 20.0, 20.0, 20.0, 20.0, 20.0, 20.0, 20.0, 20.0, 20.0, 20.0, 20.0, 20.0, 20.0, 20.0, 20.0, 20.0, 20.0, 20.0, 20.0, 20.0, 20.0, 20.0, 20.0, 20.0, 20.0, 20.0, 20.0, 20.0, 20.0, 20.0, 20.0, 20.0, 20.0, 20.0, 20.0, 20.0, 20.0, 20.0, 20.0, 20.0, 20.0, 20.0, 20.0, 20.0, 20.0, 20.0, 20.0, 20.0, 20.0, 20.0, 20.0, 20.0, 20.0, 20.0, 20.0, 20.0, 20.0, 20.0, 20.0, 20.0, 20.0, 20.0, 20.0, 20.0, 20.0, 20.0, 20.0, 20.0, 20.0]",24.969760839098313,24.964621551583804,0.1669,-1.2258,-0.0246,0.0482,0.6572,-0.2174,-0.0098,-9.8114,15.3,,50.0,,,,0.311,-0.0064,0.3111,178.81,14.94,1.22388,1.8425,88.51,15.202,1,45.17,35.326,1,3,10,0.7,9.711,0,1.6869,0,0
1790618463.4575381,47.398193199999994,8.5462993,9.511000633239746,0.042322732508182526,1.8407741785049438,0.001071105943992734,88.79,0.036821198800057735,1.7895334330675443,0.0,89.18069509179838,20.0,20.0,-1.8430351321460756,-0.39069509179833517,0.10710169841810242,1.836353802442743,14.0,0.0,0.0005569412627773762,"[20.0, 20.0, 20.0, 20.0, 20.0, 20.0, 20.0, 20.0, 20.0, 20.0, 20.0, 20.0, 20.0, 20.0, 20.0, 20.0, 20.0, 20.0, 20.0, 20.0, 20.0, 20.0, 20.0, 20.0, 20.0, 20.0, 20.0, 20.0, 20.0, 20.0, 20.0, 20.0, 20.0, 20.0, 20.0, 20.0, 20.0, 20.0, 20.0, 20.0, 20.0, 20.0, 20.0, 20.0, 20.0, 20.0, 20.0, 20.0, 20.0, 20.0, 20.0, 20.0, 20.0, 20.0, 20.0, 20.0, 20.0, 20.0, 20.0, 20.0, 20.0, 20.0, 20.0, 20.0, 20.0, 20.0, 20.0, 20.0, 20.0, 20.0, 20.0, 20.0]",24.969760839098313,24.964621551583804,0.1545,-1.2159,-0.0785,0.0313,0.7817,-0.2184,-0.0099,-9.8139,15.3,,50.0,,,,0.3689,0.0212,0.3695,183.29,14.94,1.22388,1.8413,88.68,14.835,1,45.37,35.694,1,3,10,0.7,9.696,0,1.6565,0,0
1790618463.6583252,47.398193299999996,8.5463041,9.510000228881836,0.0378701388835907,1.8391027450561523,0.0005287741078063846,88.94,0.03212969069334115,1.7895678317078674,0.0,89.3328540182136,20.0,20.0,-1.8187377938417382,-0.39285401821359756,0.11964726833492378,1.8346695300715268,14.0,0.0,0.00015602088295008836,"[20.0, 20.0, 20.0, 20.0, 20.0, 20.0, 20.0, 20.0, 20.0, 20.0, 20.0, 20.0, 20.0, 20.0, 20.0, 20.0, 20.0, 20.0, 20.0, 20.0, 20.0, 20.0, 20.0, 20.0, 20.0, 20.0, 20.0, 20.0, 20.0, 20.0, 20.0, 20.0, 20.0, 20.0, 20.0, 20.0, 20.0, 20.0, 20.0, 20.0, 20.0, 20.0, 20.0, 20.0, 20.0, 20.0, 20.0, 20.0, 20.0, 20.0, 20.0, 20.0, 20.0, 20.0, 20.0, 20.0, 20.0, 20.0, 20.0, 20.0, 20.0, 20.0, 20.0, 20.0, 20.0, 20.0, 20.0, 20.0, 20.0, 20.0, 20.0, 20.0]",24.969760839098313,24.964621551583804,0.1456,-1.2041,-0.0296,-0.0043,0.793,-0.2272,-0.0006,-9.7981,15.3,,50.0,,,,0.4123,0.0707,0.4183,189.73,14.94,1.22388,1.8395,88.82,14.469,1,45.57,36.06,1,3,10,0.7,9.718,0,1.6303,0,0
1790618463.8583946,47.398193299999996,8.546308999999999,9.510000228881836,0.033287230879068375,1.8364630937576294,0.0004624200810212642,89.09,0.02743274606966547,1.7895406885472231,0.0,89.48691508157708,20.0,20.0,-1.7931852410272444,-0.39691508157707744,0.12841401530181248,1.8320372128914562,14.0,0.0,0.00029453632993697686,"[20.0, 20.0, 20.0, 20.0, 20.0, 20.0, 20.0, 20.0, 20.0, 20.0, 20.0, 20.0, 20.0, 20.0, 20.0, 20.0, 20.0, 20.0, 20.0, 20.0, 20.0, 20.0, 20.0, 20.0, 20.0, 20.0, 20.0, 20.0, 20.0, 20.0, 20.0, 20.0, 20.0, 20.0, 20.0, 20.0, 20.0, 20.0, 20.0, 20.0, 20.0, 20.0, 20.0, 20.0, 20.0, 20.0, 20.0, 20.0, 20.0, 20.0, 20.0, 20.0, 20.0, 20.0, 20.0, 20.0, 20.0, 20.0, 20.0, 20.0, 20.0, 20.0, 20.0, 20.0, 20.0, 20.0, 20.0, 20.0, 20.0, 20.0, 20.0, 20.0]",24.969760839098313,24.964621551583804,0.1419,-1.2049,0.0146,0.027,0.8665,-0.223,-0.0088,-9.8024,15.3,,50.0,,,,0.3826,0.0754,0.3899,191.15,14.94,1.22388,1.8368,88.96,14.104,1,45.78,36.425,1,3,10,0.7,9.711,0,1.6418,0,0
1790618464.0593529,47.398193299999996,8.5463138,9.510000228881836,0.02881627343595028,1.834079384803772,0.00016390433302149177,89.24,0.022720527976079898,1.7893580075611915,0.0,89.64650549828491,20.0,20.0,-1.7674822113644133,-0.40650549828490057,0.14013280071283674,1.8296533752166213,14.0,0.0,0.0006925357712279018,"[20.0, 20.0, 20.0, 20.0, 20.0, 20.0, 20.0, 20.0, 20.0, 20.0, 20.0, 20.0, 20.0, 20.0, 20.0, 20.0, 20.0, 20.0, 20.0, 20.0, 20.0, 20.0, 20.0, 20.0, 20.0, 20.0, 20.0, 20.0, 20.0, 20.0, 20.0, 20.0, 20.0, 20.0, 20.0, 20.0, 20.0, 20.0, 20.0, 20.0, 20.0, 20.0, 20.0, 20.0, 20.0, 20.0, 20.0, 20.0, 20.0, 20.0, 20.0, 20.0, 20.0, 20.0, 20.0, 20.0, 20.0, 20.0, 20.0, 20.0, 20.0, 20.0, 20.0, 20.0, 20.0, 20.0, 20.0, 20.0, 20.0, 20.0, 20.0, 20.0]",24.969760839098313,24.964621551583804,0.1456,-1.209,0.0145,-0.0502,0.7988,-0.2165,-0.0006,-9.8073,15.3,,50.0,,,,0.4809,0.0491,0.4835,185.83,14.94,1.22388,1.8343,89.1,13.739,1,45.98,36.789,1,3,10,0.7,9.695,0,1.5926,0,0
1790618464.260317,47.3981934,8.5463187,9.508000373840332,0.02507968060672283,1.8330802917480469,0.000601678155362606,89.4,0.017699140653463515,1.7891843106136378,0.0,89.81538878369679,20.0,20.0,-1.7425599981477702,-0.4153887836968124,0.1838555712304018,1.8285958616440339,14.0,0.0,0.000641168585313255,"[20.0, 20.0, 20.0, 20.0, 20.0, 20.0, 20.0, 20.0, 20.0, 20.0, 20.0, 20.0, 20.0, 20.0, 20.0, 20.0, 20.0, 20.0, 20.0, 20.0, 20.0, 20.0, 20.0, 20.0, 20.0, 20.0, 20.0, 20.0, 20.0, 20.0, 20.0, 20.0, 20.0, 20.0, 20.0, 20.0, 20.0, 20.0, 20.0, 20.0, 20.0, 20.0, 20.0, 20.0, 20.0, 20.0, 20.0, 20.0, 20.0, 20.0, 20.0, 20.0, 20.0, 20.0, 20.0, 20.0, 20.0, 20.0, 20.0, 20.0, 20.0, 20.0, 20.0, 20.0, 20.0, 20.0, 20.0, 20.0, 20.0, 20.0, 20.0, 20.0]",24.969760839098313,24.964621551583804,0.1481,-1.2045,-0.0362,0.0536,0.8381,-0.2279,-0.0032,-9.803,15.3,,50.0,,,,0.573,0.0914,0.5803,189.07,14.94,1.22388,1.8333,89.22,13.373,1,46.18,37.155,1,3,10,0.7,9.674,0,1.5431,0,0
1790618464.4606273,47.3981935,8.5463236,9.505000114440918,0.021850375458598137,1.8322690725326538,0.0008629615767858922,89.56,0.01265179260827436,1.7887343243471872,0.0,89.994383174968,20.0,20.0,-1.7183908027595431,-0.4343831749679907,0.24323750658263568,1.8276768565934254,14.0,0.0,0.0013748076643792966,"[20.0, 20.0, 20.0, 20.0, 20.0, 20.0, 20.0, 20.0, 20.0, 20.0, 20.0, 20.0, 20.0, 20.0, 20.0, 20.0, 20.0, 20.0, 20.0, 20.0, 20.0, 20.0, 20.0, 20.0, 20.0, 20.0, 20.0, 20.0, 20.0, 20.0, 20.0, 20.0, 20.0, 20.0, 20.0, 20.0, 20.0, 20.0, 20.0, 20.0, 20.0, 20.0, 20.0, 20.0, 20.0, 20.0, 20.0, 20.0, 20.0, 20.0, 20.0, 20.0, 20.0, 20.0, 20.0, 20.0, 20.0, 20.0, 20.0, 20.0, 20.0, 20.0, 20.0, 20.0, 20.0, 20.0, 20.0, 20.0, 20.0, 20.0, 20.0, 20.0]",24.969760839098313,24.964621551583804,0.1585,-1.1942,0.068,0.0566,0.8865,-0.2221,-0.0027,-9.8083,15.3,,50.0,,,,0.5701,0.0198,0.5704,181.99,14.94,1.22388,1.8324,89.32,13.006,1,46.38,37.523,1,3,10,0.7,9.69,0,1.5472,0,0
1790618464.6614764,47.3981935,8.5463284,9.50200080871582,0.01855427399277687,1.8301475048065186,0.0007768023060634732,89.74,0.007012476935628684,1.7885677764861667,0.0,90.181995423496,20.0,20.0,-1.6947322782755683,-0.44199542349599596,0.3208521823493897,1.825437333374504,14.0,0.0,0.0005494068831024692,"[20.0, 20.0, 20.0, 20.0, 20.0, 20.0, 20.0, 20.0, 20.0, 20.0, 20.0, 20.0, 20.0, 20.0, 20.0, 20.0, 20.0, 20.0, 20.0, 20.0, 20.0, 20.0, 20.0, 20.0, 20.0, 20.0, 20.0, 20.0, 20.0, 20.0, 20.0, 20.0, 20.0, 20.0, 20.0, 20.0, 20.0, 20.0, 20.0, 20.0, 20.0, 20.0, 20.0, 20.0, 20.0, 20.0, 20.0, 20.0, 20.0, 20.0, 20.0, 20.0, 20.0, 20.0, 20.0, 20.0, 20.0, 20.0, 20.0, 20.0, 20.0, 20.0, 20.0, 20.0, 20.0, 20.0, 20.0, 20.0, 20.0, 20.0, 20.0, 20.0]",24.969760839098313,24.964621551583804,0.1756,-1.1833,0.0365,-0.0305,0.8668,-0.227,-0.0083,-9.8114,15.3,,50.0,,,,0.5021,0.0852,0.5092,189.63,14.94,1.22388,1.8302,89.42,12.64,1,46.58,37.889,1,3,10,0.7,9.657,0,1.5756,0,0
1790618464.8628407,47.3981936,8.5463332,9.50100040435791,0.01322046760469675,1.8255470991134644,-4.728879139292985e-05,89.91,0.001650992056490957,1.788017883579228,0.0,90.37367909311081,20.0,20.0,-1.6701224233167369,-0.4636790931107839,0.34933674874385573,1.8213222074339261,14.0,0.0,0.0015625697795015516,"[20.0, 20.0, 20.0, 20.0, 20.0, 20.0, 20.0, 20.0, 20.0, 20.0, 20.0, 20.0, 20.0, 20.0, 20.0, 20.0, 20.0, 20.0, 20.0, 20.0, 20.0, 20.0, 20.0, 20.0, 20.0, 20.0, 20.0, 20.0, 20.0, 20.0, 20.0, 20.0, 20.0, 20.0, 20.0, 20.0, 20.0, 20.0, 20.0, 20.0, 20.0, 20.0, 20.0, 20.0, 20.0, 20.0, 20.0, 20.0, 20.0, 20.0, 20.0, 20.0, 20.0, 20.0, 20.0, 20.0, 20.0, 20.0, 20.0, 20.0, 20.0, 20.0, 20.0, 20.0, 20.0, 20.0, 20.0, 20.0, 20.0, 20.0, 20.0, 20.0]",24.969760839098313,24.964621551583804,0.1923,-1.1938,0.0358,-0.1107,0.9005,-0.2161,-0.0109,-9.8029,15.3,,50.0,,,,0.546,0.0256,0.5466,182.69,14.94,1.22388,1.8256,89.59,12.277,1,46.78,38.252,1,3,10,0.7,9.669,0,1.5523,0,0
1790618465.0634408,47.3981936,8.5463381,9.50100040435791,0.007870284840464592,1.822116732597351,-0.0005672355182468891,90.08,-0.0037149127278409324,1.7873688997788981,0.0,90.56854855782484,20.0,20.0,-1.643728150531649,-0.4885485578248563,0.35400323793095795,1.8179287689368622,14.0,0.0,0.001793472769982514,"[20.0, 20.0, 20.0, 20.0, 20.0, 20.0, 20.0, 20.0, 20.0, 20.0, 20.0, 20.0, 20.0, 20.0, 20.0, 20.0, 20.0, 20.0, 20.0, 20.0, 20.0, 20.0, 20.0, 20.0, 20.0, 20.0, 20.0, 20.0, 20.0, 20.0, 20.0, 20.0, 20.0, 20.0, 20.0, 20.0, 20.0, 20.0, 20.0, 20.0, 20.0, 20.0, 20.0, 20.0, 20.0, 20.0, 20.0, 20.0, 20.0, 20.0, 20.0, 20.0, 20.0, 20.0, 20.0, 20.0, 20.0, 20.0, 20.0, 20.0, 20.0, 20.0, 20.0, 20.0, 20.0, 20.0, 20.0, 20.0, 20.0, 20.0, 20.0, 20.0]",24.969760839098313,24.964621551583804,0.1965,-1.2087,0.0137,-0.1893,0.9418,-0.2234,-0.0023,-9.8092,15.3,,50.0,,,,0.4228,0.0103,0.423,181.39,14.94,1.22388,1.8221,89.75,11.914,1,46.98,38.614,1,3,10,0.7,9.656,0,1.6107,0,0
1790618465.2634017,47.3981936,8.546342899999999,9.50100040435791,0.003569813212379813,1.8191155195236206,-0.0005585297476500273,90.27,-0.009754103571706753,1.7861085649104897,0.0,90.80616475792431,20.0,20.0,-1.6130030748530733,-0.5361647579243254,0.3824364923346643,1.8143616923253998,14.0,0.0,0.0034426970767745865,"[20.0, 20.0, 20.0, 20.0, 20.0, 20.0, 20.0, 20.0, 20.0, 20.0, 20.0, 20.0, 20.0, 20.0, 20.0, 20.0, 20.0, 20.0, 20.0, 20.0, 20.0, 20.0, 20.0, 20.0, 20.0, 20.0, 20.0, 20.0, 20.0, 20.0, 20.0, 20.0, 20.0, 20.0, 20.0, 20.0, 20.0, 20.0, 20.0, 20.0, 20.0, 20.0, 20.0, 20.0, 20.0, 20.0, 20.0, 20.0, 20.0, 20.0, 20.0, 20.0, 20.0, 20.0, 20.0, 20.0, 20.0, 20.0, 20.0, 20.0, 20.0, 20.0, 20.0, 20.0, 20.0, 20.0, 20.0, 20.0, 20.0, 20.0, 20.0, 20.0]",24.969760839098313,24.964621551583804,0.1979,-1.2217,0.0706,-0.09,0.9513,-0.2183,-0.0042,-9.7981,15.3,,50.0,,,,0.4015,0.0118,0.4017,181.68,14.94,1.22388,1.8191,89.89,11.494,1,47.18,39.034,1,3,10,0.7,9.667,0,1.6183,0,0
1790618465.4644055,47.3981937,8.5463477,9.503000259399414,-0.001010540989227593,1.8165607452392578,-0.0007046765531413257,90.47,-0.016019902857080322,1.7857047001094033,0.0,91.01995509942219,20.0,20.0,-1.5858557842395695,-0.5499550994221636,0.4381267318547639,1.8117755245578655,14.0,0.0,0.0009912642404836663,"[20.0, 20.0, 20.0, 20.0, 20.0, 20.0, 20.0, 20.0, 20.0, 20.0, 20.0, 20.0, 20.0, 20.0, 20.0, 20.0, 20.0, 20.0, 20.0, 20.0, 20.0, 20.0, 20.0, 20.0, 20.0, 20.0, 20.0, 20.0, 20.0, 20.0, 20.0, 20.0, 20.0, 20.0, 20.0, 20.0, 20.0, 20.0, 20.0, 20.0, 20.0, 20.0, 20.0, 20.0, 20.0, 20.0, 20.0, 20.0, 20.0, 20.0, 20.0, 20.0, 20.0, 20.0, 20.0, 20.0, 20.0, 20.0, 20.0, 20.0, 20.0, 20.0, 20.0, 20.0, 20.0, 20.0, 20.0, 20.0, 20.0, 20.0, 20.0, 20.0]",24.969760839098313,24.964621551583804,0.2118,-1.2252,-0.0271,0.0931,1.0764,-0.2234,-0.0001,-9.7929,15.3,,50.0,,,,0.3754,0.103,0.3892,195.35,14.94,1.22388,1.8166,90.03,11.132,1,47.38,39.396,1,3,10,0.7,9.682,0,1.6219,0,0
1790618465.6659336,47.3981937,8.5463525,9.50200080871582,-0.006162567529827356,1.811961054801941,-0.00020990187476854771,90.68,-0.022575719113883473,1.7855017866573657,0.0,91.23503180719939,20.0,20.0,-1.5565670496775434,-0.5550318071993843,0.4851350231353982,1.8072130052688244,14.0,0.0,0.00036505715878001763,"[20.0, 20.0, 20.0, 20.0, 20.0, 20.0, 20.0, 20.0, 20.0, 20.0, 20.0, 20.0, 20.0, 20.0, 20.0, 20.0, 20.0, 20.0, 20.0, 20.0, 20.0, 20.0, 20.0, 20.0, 20.0, 20.0, 20.0, 20.0, 20.0, 20.0, 20.0, 20.0, 20.0, 20.0, 20.0, 20.0, 20.0, 20.0, 20.0, 20.0, 20.0, 20.0, 20.0, 20.0, 20.0, 20.0, 20.0, 20.0, 20.0, 20.0, 20.0, 20.0, 20.0, 20.0, 20.0, 20.0, 20.0, 20.0, 20.0, 20.0, 20.0, 20.0, 20.0, 20.0, 20.0, 20.0, 20.0, 20.0, 20.0, 20.0, 20.0, 20.0]",24.969760839098313,24.964621551583804,0.2252,-1.235,0.024,-0.1551,1.1187,-0.2247,-0.013,-9.8054,15.3,,50.0,,,,0.4062,0.06,0.4106,188.4,14.94,1.22388,1.812,90.19,10.773,1,47.58,39.756,1,3,10,0.7,9.665,0,1.6066,0,0
1790618465.866552,47.3981936,8.5463572,9.50100040435791,-0.013004735112190247,1.8078713417053223,3.990912591689266e-05,90.9,-0.029408816138620612,1.7856864651730753,0.0,91.44410858059041,19.923078493161878,19.923078493161878,-1.523129589208518,-0.5441085805904038,0.4878558574274725,1.803340258435952,14.0,0.0,0.0007876524398861783,"[20.0, 20.0, 20.0, 20.0, 20.0, 20.0, 20.0, 20.0, 20.0, 20.0, 20.0, 20.0, 20.0, 20.0, 20.0, 20.0, 20.0, 20.0, 20.0, 20.0, 20.0, 20.0, 20.0, 20.0, 20.0, 20.0, 20.0, 20.0, 20.0, 20.0, 20.0, 20.0, 20.0, 20.0, 20.0, 20.0, 19.94490153963977, 19.923078493161878, 20.0, 20.0, 20.0, 20.0, 20.0, 20.0, 20.0, 20.0, 20.0, 20.0, 20.0, 20.0, 20.0, 20.0, 20.0, 20.0, 20.0, 20.0, 20.0, 20.0, 20.0, 20.0, 20.0, 20.0, 20.0, 20.0, 20.0, 20.0, 20.0, 20.0, 20.0, 20.0, 20.0, 20.0]",24.969760839098313,24.964621551583804,0.232,-1.267,-0.0161,-0.1793,1.1373,-0.2198,-0.0076,-9.8009,15.3,,50.0,,,,0.4559,0.1146,0.47,194.11,14.94,1.22388,1.8079,90.41,10.415,1,47.78,40.114,1,3,10,0.7,9.691,0,1.5729,0,0
1790618466.0672035,47.3981936,8.546362,9.499000549316406,-0.020130576565861702,1.8082975149154663,0.0008688057423569262,91.13,-0.03654119187521918,1.7860264354102677,0.0,91.65597239521543,19.56156540872293,19.56156540872293,-1.4869617659255827,-0.5259723952154332,0.4921904448791939,1.8040217730683488,14.0,0.0,0.0013047501076072937,"[20.0, 20.0, 20.0, 20.0, 20.0, 20.0, 20.0, 20.0, 20.0, 20.0, 20.0, 20.0, 20.0, 20.0, 20.0, 20.0, 20.0, 20.0, 20.0, 20.0, 20.0, 20.0, 20.0, 20.0, 20.0, 20.0, 20.0, 20.0, 20.0, 20.0, 20.0, 20.0, 20.0, 20.0, 19.956076484046612, 19.69334032354281, 19.584545851562027, 19.56156540872293, 19.65010943690098, 19.89153362434901, 20.0, 20.0, 20.0, 20.0, 20.0, 20.0, 20.0, 20.0, 20.0, 20.0, 20.0, 20.0, 20.0, 20.0, 20.0, 20.0, 20.0, 20.0, 20.0, 20.0, 20.0, 20.0, 20.0, 20.0, 20.0, 20.0, 20.0, 20.0, 20.0, 20.0, 20.0, 20.0]",24.969760839098313,24.964621551583804,0.2261,-1.282,-0.0912,0.0562,1.1336,-0.2201,-0.0117,-9.801,15.3,,50.0,,,,0.3256,0.1768,0.3705,208.5,14.94,1.22388,1.8084,90.64,10.053,1,47.98,40.476,1,3,10,0.7,9.697,0,1.6232,0,0
1790618466.267821,47.3981935,8.546366899999999,9.498000144958496,-0.02612597495317459,1.8130794763565063,0.0004223995201755315,91.35000000000001,-0.04341502849279142,1.7856452386781396,0.0,91.88471319452015,19.19437874098,19.19437874098,-1.4505294993812805,-0.5347131945200942,0.5244407639966691,1.8089380700836308,14.0,0.0,0.0006293214346913899,"[20.0, 20.0, 20.0, 20.0, 20.0, 20.0, 20.0, 20.0, 20.0, 20.0, 20.0, 20.0, 20.0, 20.0, 20.0, 20.0, 20.0, 20.0, 20.0, 20.0, 20.0, 20.0, 20.0, 20.0, 20.0, 20.0, 20.0, 20.0, 20.0, 20.0, 20.0, 20.0, 20.0, 20.0, 19.596248947495713, 19.331613800605428, 19.218345219856932, 19.19437874098, 19.274780894024733, 19.504928169242625, 19.893871975235037, 20.0, 20.0, 20.0, 20.0, 20.0, 20.0, 20.0, 20.0, 20.0, 20.0, 20.0, 20.0, 20.0, 20.0, 20.0, 20.0, 20.0, 20.0, 20.0, 20.0, 20.0, 20.0, 20.0, 20.0, 20.0, 20.0, 20.0, 20.0, 20.0, 20.0, 20.0]",24.969760839098313,24.964621551583804,0.2237,-1.2543,0.0097,0.3616,1.099,-0.2179,-0.0001,-9.8121,15.3,,50.0,,,,0.3365,0.1917,0.3873,209.68,14.94,1.22388,1.8133,90.83,9.686,1,48.18,40.844,1,3,10,0.7,9.678,0,1.6196,0,0
1790618466.468432,47.3981935,8.5463718,9.497000694274902,-0.031707096844911575,1.8167264461517334,0.0002767524856608361,91.57000000000001,-0.050309888831451245,1.7848906545850405,0.0,92.126760099813,18.258963421406428,18.258963421406428,-1.4137108241301157,-0.5567600998130047,0.5701255214713166,1.81267749026319,14.0,0.0,0.0015918311848848333,"[20.0, 20.0, 20.0, 20.0, 20.0, 20.0, 20.0, 20.0, 20.0, 20.0, 20.0, 20.0, 20.0, 20.0, 20.0, 20.0, 20.0, 20.0, 20.0, 20.0, 20.0, 20.0, 20.0, 20.0, 20.0, 20.0, 20.0, 20.0, 20.0, 20.0, 20.0, 20.0, 20.0, 19.660430963281613, 19.23481695662027, 18.968543179675102, 18.258963421406428, 18.826194484858956, 18.89870331307244, 19.117833643166918, 19.49219283725986, 20.0, 20.0, 20.0, 20.0, 20.0, 20.0, 20.0, 20.0, 20.0, 20.0, 20.0, 20.0, 20.0, 20.0, 20.0, 20.0, 20.0, 20.0, 20.0, 20.0, 20.0, 20.0, 20.0, 20.0, 20.0, 20.0, 20.0, 20.0, 20.0, 20.0, 20.0]",24.969760839098313,24.964621551583804,0.2416,-1.2019,0.0572,0.3393,1.1538,-0.2259,-0.0076,-9.8057,15.3,,50.0,,,,0.3473,0.2494,0.4276,215.69,14.94,1.22388,1.817,91.0,9.317,1,48.39,41.213,1,3,10,0.7,9.708,0,1.6032,0,0
1790618466.669201,47.3981934,8.5463767,9.495000839233398,-0.03942437097430229,1.8168530464172363,0.0004214721266180277,91.79,-0.05720594260086914,1.7840085548958902,0.0,92.37266406365586,17.8034751383796,17.8034751383796,-1.3749452952548322,-0.5826640636558125,0.5469189270240941,1.8131165853250188,14.0,0.0,0.0018625102691209971,"[20.0, 20.0, 20.0, 20.0, 20.0, 20.0, 20.0, 20.0, 20.0, 20.0, 20.0, 20.0, 20.0, 20.0, 20.0, 20.0, 20.0, 20.0, 20.0, 20.0, 20.0, 20.0, 20.0, 20.0, 20.0, 20.0, 20.0, 20.0, 20.0, 20.0, 20.0, 20.0, 19.89792895065477, 19.298950056510385, 18.874426992694907, 18.606739157669928, 17.8034751383796, 18.45970804322588, 18.52458212854058, 18.7329859454966, 19.09309559475443, 19.619564946433364, 20.0, 20.0, 20.0, 20.0, 20.0, 20.0, 20.0, 20.0, 20.0, 20.0, 20.0, 20.0, 20.0, 20.0, 20.0, 20.0, 20.0, 20.0, 20.0, 20.0, 20.0, 20.0, 20.0, 20.0, 20.0, 20.0, 20.0, 20.0, 20.0, 20.0]",24.969760839098313,24.964621551583804,0.2529,-1.1618,-0.0139,0.1534,1.1273,-0.2145,-0.0115,-9.8044,15.3,,50.0,,,,0.4541,0.2992,0.5438,213.38,14.94,1.22388,1.8173,91.24,8.949,1,48.59,41.581,1,3,10,0.7,9.723,0,1.5454,0,0
1790618466.868803,47.398193299999996,8.5463816,9.492000579833984,-0.04596775025129318,1.8146902322769165,0.0008592031663283706,92.01,-0.06412909252346796,1.7825414191464966,0.0,92.63993286844936,17.400674430077018,17.400674430077018,-1.3376010598112644,-0.6299328684493446,0.55895621753123,1.8111457006705802,14.0,0.0,0.0034055167365044684,"[20.0, 20.0, 20.0, 20.0, 20.0, 20.0, 20.0, 20.0, 20.0, 20.0, 20.0, 20.0, 20.0, 20.0, 20.0, 20.0, 20.0, 20.0, 20.0, 20.0, 20.0, 20.0, 20.0, 20.0, 20.0, 20.0, 20.0, 20.0, 20.0, 20.0, 20.0, 20.0, 19.534161013952396, 18.93899183629017, 18.515767369036055, 18.246879123057244, 17.400674430077018, 18.095391085152087, 18.15288835706808, 18.350858478434652, 18.697059076583283, 19.20554979985169, 19.89814241791027, 20.0, 20.0, 20.0, 20.0, 20.0, 20.0, 20.0, 20.0, 20.0, 20.0, 20.0, 20.0, 20.0, 20.0, 20.0, 20.0, 20.0, 20.0, 20.0, 20.0, 20.0, 20.0, 20.0, 20.0, 20.0, 20.0, 20.0, 20.0, 20.0]",24.969760839098313,24.964621551583804,0.2498,-1.1481,-0.0259,0.0075,1.2026,-0.2173,-0.0038,-9.8156,15.3,,50.0,,,,0.4449,0.293,0.5327,213.37,14.94,1.22388,1.8153,91.45,8.584,1,48.79,41.947,1,3,10,0.7,9.728,0,1.5489,0,0
1790618467.0698442,47.398193299999996,8.5463864,9.491000175476074,-0.05208256468176842,1.810877799987793,0.0003342773125041276,92.25,-0.0716577433631401,1.7811225085057514,0.0,92.92333401656856,17.022029086792887,17.022029086792887,-1.3004724022525258,-0.673334016568532,0.6025731336072683,1.807481028940943,14.0,0.0,0.0031103553774776815,"[20.0, 20.0, 20.0, 20.0, 20.0, 20.0, 20.0, 20.0, 20.0, 20.0, 20.0, 20.0, 20.0, 20.0, 20.0, 20.0, 20.0, 20.0, 20.0, 20.0, 20.0, 20.0, 20.0, 20.0, 20.0, 20.0, 20.0, 20.0, 20.0, 20.0, 20.0, 19.963477055812387, 19.175685158277595, 18.583772422011496, 18.161388016512365, 17.890912048376983, 17.022029086792887, 17.734533178660506, 17.784369957725787, 17.971648160616102, 18.30369732601919, 18.793973489062836, 19.463442720863217, 20.0, 20.0, 20.0, 20.0, 20.0, 20.0, 20.0, 20.0, 20.0, 20.0, 20.0, 20.0, 20.0, 20.0, 20.0, 20.0, 20.0, 20.0, 20.0, 20.0, 20.0, 20.0, 20.0, 20.0, 20.0, 20.0, 20.0, 20.0, 20.0]",24.969760839098313,24.964621551583804,0.2578,-1.1517,-0.0074,-0.1172,1.2175,-0.2253,-0.004,-9.8099,15.3,,50.0,,,,0.3646,0.3322,0.4933,222.33,14.94,1.22388,1.8116,91.65,8.222,1,48.99,42.309,1,3,10,0.7,9.72,0,1.565,0,0
1790618467.2705457,47.398193199999994,8.5463912,9.493000030517578,-0.059510257095098495,1.8069626092910767,-0.0005293546128086746,92.49,-0.07918205538770408,1.7795403303880863,0.0,93.21171880842019,16.663608909398956,16.663608909398956,-1.2610409737241786,-0.7217188084202064,0.6037104921672408,1.8038674987796364,14.0,0.0,0.0034687562101909323,"[20.0, 20.0, 20.0, 20.0, 20.0, 20.0, 20.0, 20.0, 20.0, 20.0, 20.0, 20.0, 20.0, 20.0, 20.0, 20.0, 20.0, 20.0, 20.0, 20.0, 20.0, 20.0, 20.0, 20.0, 20.0, 20.0, 20.0, 20.0, 20.0, 20.0, 20.0, 19.59987299077327, 18.818062037056198, 18.22964609236728, 17.808335157063663, 17.53650697908633, 16.663608909398956, 17.37570805890701, 17.418158453756337, 17.595053712413822, 17.913308711575173, 18.385793405053043, 19.032652077580494, 19.88353060339383, 20.0, 20.0, 20.0, 20.0, 20.0, 20.0, 20.0, 20.0, 20.0, 20.0, 20.0, 20.0, 20.0, 20.0, 20.0, 20.0, 20.0, 20.0, 20.0, 20.0, 20.0, 20.0, 20.0, 20.0, 20.0, 20.0, 20.0, 20.0]",24.969760839098313,24.964621551583804,0.2704,-1.1664,0.1044,-0.0912,1.3224,-0.2178,-0.0158,-9.8045,15.3,,50.0,,,,0.3481,0.2787,0.4459,218.69,14.94,1.22388,1.8079,91.89,7.861,1,49.19,42.67,1,3,10,0.7,9.725,0,1.585,0,0
1790618467.4710178,47.3981931,8.546396,9.496000289916992,-0.06683383882045746,1.8057581186294556,-0.0007702467846684158,92.76,-0.08760631906340019,1.7782895096158813,0.0,93.51446317490394,16.326001026533252,16.326001026533252,-1.2198285328982483,-0.7544631749039468,0.6403640609902417,1.802949367560623,14.0,0.0,0.002349020936432693,"[20.0, 20.0, 20.0, 20.0, 20.0, 20.0, 20.0, 20.0, 20.0, 20.0, 20.0, 20.0, 20.0, 20.0, 20.0, 20.0, 20.0, 20.0, 20.0, 20.0, 20.0, 20.0, 20.0, 20.0, 20.0, 20.0, 20.0, 20.0, 20.0, 20.0, 20.0, 19.238021524369753, 18.46137055828957, 17.875760261036394, 17.45491795723283, 17.18118693893072, 16.326001026533252, 17.015382523608363, 17.04993059494559, 17.215909281146722, 17.519798307581322, 17.97385829130602, 18.597383323705568, 19.418824154866897, 20.0, 20.0, 20.0, 20.0, 20.0, 20.0, 20.0, 20.0, 20.0, 20.0, 20.0, 20.0, 20.0, 20.0, 20.0, 20.0, 20.0, 20.0, 20.0, 20.0, 20.0, 20.0, 20.0, 20.0, 20.0, 20.0, 20.0, 20.0]",24.969760839098313,24.964621551583804,0.2715,-1.1702,0.0001,0.049,1.4703,-0.2205,-0.0075,-9.8003,15.3,,50.0,,,,0.2849,0.16,0.3268,209.31,14.94,1.22388,1.807,92.12,7.499,1,49.39,43.034,1,3,10,0.7,9.745,0,1.6436,0,0
1790618467.6714718,47.398193,8.546400799999999,9.499000549316406,-0.07380194216966629,1.804355263710022,-0.0006807022145949304,93.05,-0.0967058223669782,1.7753514659488256,0.0,93.89866544190795,16.028719332443803,16.028719332443803,-1.1773940616671372,-0.84866544190794,0.7077871531644532,1.8017963156035008,13.93363035956976,0.0023701759470761874,0.00672850441311294,"[20.0, 20.0, 20.0, 20.0, 20.0, 20.0, 20.0, 20.0, 20.0, 20.0, 20.0, 20.0, 20.0, 20.0, 20.0, 20.0, 20.0, 20.0, 20.0, 20.0, 20.0, 20.0, 20.0, 20.0, 20.0, 20.0, 20.0, 20.0, 20.0, 20.0, 19.87726586297687, 18.878543809630273, 18.106590434432196, 17.523412815662653, 17.102729674695567, 16.826831650082042, 16.028719332443803, 16.65579423459566, 16.682234242487752, 16.837102582961588, 17.126437178088903, 17.561883189094313, 18.161878542599347, 18.953672775624668, 19.976617380390543, 20.0, 20.0, 20.0, 20.0, 20.0, 20.0, 20.0, 20.0, 20.0, 20.0, 20.0, 20.0, 20.0, 20.0, 20.0, 20.0, 20.0, 20.0, 20.0, 20.0, 20.0, 20.0, 20.0, 20.0, 20.0, 20.0, 20.0]",24.969760839098313,24.964621551583804,0.2782,-1.1573,0.073,0.1015,1.5571,-0.2193,-0.0007,-9.799,15.3,,50.0,,,,0.3913,-0.0118,0.3915,178.28,14.94,1.22388,1.8059,92.34,7.137,1,49.59,43.397,1,3,10,0.7,9.721,0,1.6101,0,0
1790618467.8717563,47.3981928,8.5464056,9.50100040435791,-0.08126422017812729,1.8005330562591553,-7.463409565389156e-05,93.36,-0.10664851168993605,1.7648209397507844,0.0,94.58719982607442,16.299658065286135,16.299658065286135,-1.1334030262374883,-1.2271998260744397,0.7757990857250252,1.7983043942165933,13.573369890937418,0.015234514146125222,0.02691141728338509,"[20.0, 20.0, 20.0, 20.0, 20.0, 20.0, 20.0, 20.0, 20.0, 20.0, 20.0, 20.0, 20.0, 20.0, 20.0, 20.0, 20.0, 20.0, 20.0, 20.0, 20.0, 20.0, 20.0, 20.0, 20.0, 20.0, 20.0, 20.0, 20.0, 20.0, 19.51678249524746, 18.524322272648764, 17.756512434996036, 17.175331219558117, 16.754459349991514, 16.476114573082597, 16.329110581311085, 16.299658065286135, 16.317819576766862, 16.461442873128455, 16.73611986871373, 17.152877965884276, 17.729298584441807, 18.491432135851245, 19.476922342597813, 20.0, 20.0, 20.0, 20.0, 20.0, 20.0, 20.0, 20.0, 20.0, 20.0, 20.0, 20.0, 20.0, 20.0, 20.0, 20.0, 20.0, 20.0, 20.0, 20.0, 20.0, 20.0, 20.0, 20.0, 20.0, 20.0, 20.0]",24.969760839098313,24.964621551583804,0.2971,-1.1485,0.0917,0.0244,1.6832,-0.2159,-0.0052,-9.7979,15.3,,50.0,,,,0.3474,0.1478,0.3776,203.05,14.94,1.22388,1.8024,92.58,6.778,1,49.79,43.757,1,3,10,0.7,9.711,0,1.6136,0,0
1790618468.0724452,47.398192699999996,8.5464103,9.50200080871582,-0.09080642461776733,1.7948991060256958,1.2487121239246335e-06,93.7,-0.11730476753736876,1.7571617620763902,0.0,95.1907899109807,15.947128109969093,15.947128109969093,-1.0855993826610206,-1.4907899109807374,0.8037966343445357,1.7933168001825683,13.215644610530457,0.028004999144410878,0.018525496571762088,"[20.0, 20.0, 20.0, 20.0, 20.0, 20.0, 20.0, 20.0, 20.0, 20.0, 20.0, 20.0, 20.0, 20.0, 20.0, 20.0, 20.0, 20.0, 20.0, 20.0, 20.0, 20.0, 20.0, 20.0, 20.0, 20.0, 20.0, 20.0, 20.0, 20.0, 19.164232018867168, 18.176858641444156, 17.41226729314364, 16.83233617724369, 16.410659530626873, 16.129347928529306, 15.97706412609017, 15.947128109969093, 15.956625482327231, 16.088651491916707, 16.348339296911583, 16.746086629282416, 17.298606347257188, 18.030736545996902, 18.97839774699098, 20.0, 20.0, 20.0, 20.0, 20.0, 20.0, 20.0, 20.0, 20.0, 20.0, 20.0, 20.0, 20.0, 20.0, 20.0, 20.0, 20.0, 20.0, 20.0, 20.0, 20.0, 20.0, 20.0, 20.0, 20.0, 20.0, 20.0]",24.969760839098313,24.964621551583804,0.3249,-1.1178,0.074,0.1812,2.0245,-0.2188,-0.0069,-9.804,15.3,,50.0,,,,0.27,0.1045,0.2895,201.15,14.94,1.22388,1.7972,92.9,6.422,1,49.99,44.115,1,3,10,0.7,9.704,0,1.6525,0,0
1790618468.273501,47.3981925,8.546415099999999,9.503000259399414,-0.1015082448720932,1.790186882019043,-5.986547330394387e-05,94.16,-0.13146580414252468,1.752897074244841,0.0,95.77339290757516,15.586927843786299,15.586927843786299,-1.0348747458633025,-1.6133929075751325,0.9146556688231474,1.7894313723353363,12.856575478341423,0.05976345852396308,0.008556217963348082,"[20.0, 20.0, 20.0, 20.0, 20.0, 20.0, 20.0, 20.0, 20.0, 20.0, 20.0, 20.0, 20.0, 20.0, 20.0, 20.0, 20.0, 20.0, 20.0, 20.0, 20.0, 20.0, 20.0, 20.0, 20.0, 20.0, 20.0, 20.0, 20.0, 20.0, 18.83476184515641, 17.84715771987839, 17.081487293477572, 16.49921467626858, 16.07362791726734, 15.786568727900367, 15.626422696253266, 15.586927843786299, 15.593727949824112, 15.711642437087223, 15.953696142609509, 16.329547004235497, 16.854905332008446, 17.55322268780565, 18.458456962911008, 19.61957133893831, 20.0, 20.0, 20.0, 20.0, 20.0, 20.0, 20.0, 20.0, 20.0, 20.0, 20.0, 20.0, 20.0, 20.0, 20.0, 20.0, 20.0, 20.0, 20.0, 20.0, 20.0, 20.0, 20.0, 20.0, 20.0, 20.0]",24.969760839098313,24.964621551583804,0.3409,-1.0833,-0.0094,0.2191,2.7063,-0.2175,-0.002,-9.803,15.3,,50.0,,,,0.3274,0.2102,0.3891,212.7,14.94,1.22388,1.7931,93.25,6.065,1,50.19,44.474,1,3,10,0.7,9.724,0,1.5985,0,0
1790618468.4745264,47.3981922,8.5464205,9.504000663757324,-0.11337888985872269,1.7861874103546143,-5.65485970582813e-05,94.73,-0.1489570986835436,1.7425567804714726,0.0,96.6777004499587,15.225611940652142,15.225611940652142,-0.980898225174675,-1.9477004499586883,1.0980024279105185,1.7864610111634016,12.496082568250236,0.1104934969260794,0.02315568720751211,"[20.0, 20.0, 20.0, 20.0, 20.0, 20.0, 20.0, 20.0, 20.0, 20.0, 20.0, 20.0, 20.0, 20.0, 20.0, 20.0, 20.0, 20.0, 20.0, 20.0, 20.0, 20.0, 20.0, 20.0, 20.0, 20.0, 20.0, 20.0, 20.0, 19.79734229706382, 18.525910676516162, 17.533319067448826, 16.76276885036061, 16.175014705234044, 15.742835051282213, 15.447655665320369, 15.277472652335438, 15.225611940652142, 15.229992941876674, 15.331744040938284, 15.554035662295323, 15.90570094832718, 16.401347488229554, 17.0629136636605, 17.922225042390657, 19.025150183203127, 20.0, 20.0, 20.0, 20.0, 20.0, 20.0, 20.0, 20.0, 20.0, 20.0, 20.0, 20.0, 20.0, 20.0, 20.0, 20.0, 20.0, 20.0, 20.0, 20.0, 20.0, 20.0, 20.0, 20.0, 20.0, 20.0]",24.969760839098313,24.964621551583804,0.351,-1.0568,0.0714,0.1459,3.1901,-0.2094,-0.0028,-9.8058,15.3,,50.0,,,,0.3936,0.1206,0.4116,197.04,14.94,1.22388,1.7898,93.63,5.707,1,50.39,44.834,1,3,10,0.7,9.715,0,1.584,0,0
1790618468.675774,47.398191999999995,8.5464252,9.506000518798828,-0.12741881608963013,1.7797811031341553,-0.0005690519465133548,95.49,-0.16928231288710854,1.7341673681571337,0.0,97.5903791445557,14.867370516560639,14.867370516560639,-0.9224531756771597,-2.190379144555692,1.3050437967112938,1.7814933284588539,12.13678983639094,0.16079871291043313,0.016663064639490476,"[20.0, 20.0, 20.0, 20.0, 20.0, 20.0, 20.0, 20.0, 20.0, 20.0, 20.0, 20.0, 20.0, 20.0, 20.0, 20.0, 20.0, 20.0, 20.0, 20.0, 20.0, 20.0, 20.0, 20.0, 20.0, 20.0, 20.0, 20.0, 20.0, 19.522337960013036, 18.23886792615201, 17.236837791675683, 16.457906966199204, 15.861830671992372, 15.420681546593473, 15.115330863484601, 14.933282646204583, 14.867370516560639, 14.86908448490423, 14.953071715105539, 15.153999357100044, 15.479815716140779, 15.943959662073977, 16.566778071679156, 17.377865133661356, 18.41986300918778, 19.754725719935024, 20.0, 20.0, 20.0, 20.0, 20.0, 20.0, 20.0, 20.0, 20.0, 20.0, 20.0, 20.0, 20.0, 20.0, 20.0, 20.0, 20.0, 20.0, 20.0, 20.0, 20.0, 20.0, 20.0, 20.0, 20.0]",24.969760839098313,24.964621551583804,0.3776,-1.0181,0.0825,0.1893,3.6323,-0.2097,-0.0008,-9.7984,15.3,,50.0,,,,0.3086,0.0957,0.3231,197.24,14.94,1.22388,1.7843,94.09,5.352,1,50.59,45.194,1,3,10,0.7,9.693,0,1.6228,0,0
1790618468.8757834,47.3981917,8.5464299,9.505000114440918,-0.141900435090065,1.7715332508087158,0.00013137486530467868,96.27,-0.1924580209133215,1.726236135852382,0.0,98.56403151381323,14.512843585367769,14.512843585367769,-0.8619568891417841,-2.3940315138131893,1.5903656643870931,1.7748409289804192,11.779961099919312,0.21045890556655236,0.01393769002266642,"[20.0, 20.0, 20.0, 20.0, 20.0, 20.0, 20.0, 20.0, 20.0, 20.0, 20.0, 20.0, 20.0, 20.0, 20.0, 20.0, 20.0, 20.0, 20.0, 20.0, 20.0, 20.0, 20.0, 20.0, 20.0, 20.0, 20.0, 20.0, 20.0, 19.277214770229367, 17.97554763291171, 16.95945565663618, 16.168558653903325, 15.561295125076716, 15.108820794764519, 14.791306133618129, 14.595657461139817, 14.514136331189917, 14.512843585367769, 14.577643873237676, 14.755829877471026, 15.054416792253585, 15.485626235879524, 16.06816115743595, 16.82932434234438, 17.808460185926908, 19.062607136584237, 20.0, 20.0, 20.0, 20.0, 20.0, 20.0, 20.0, 20.0, 20.0, 20.0, 20.0, 20.0, 20.0, 20.0, 20.0, 20.0, 20.0, 20.0, 20.0, 20.0, 20.0, 20.0, 20.0, 20.0, 20.0]",24.969760839098313,24.964621551583804,0.4248,-0.9951,0.1924,0.088,4.1898,-0.2143,-0.0003,-9.8003,15.3,,50.0,,,,0.3236,0.168,0.3646,207.43,14.94,1.22388,1.7772,94.58,5.0,1,50.79,45.551,1,3,10,0.7,9.679,0,1.5949,0,0
1790618469.0766048,47.398191399999995,8.5464346,9.503000259399414,-0.15722031891345978,1.7610888481140137,0.0003975462168455124,97.16,-0.22218800412359674,1.7209154049895181,0.0,99.61826058127042,13.427022383159537,13.427022383159537,-0.8005656613505077,-2.4582605812704514,2.0584724385139324,1.7661920466604983,11.426454640722183,0.25919031532571857,0.004363822061116989,"[20.0, 20.0, 20.0, 20.0, 20.0, 20.0, 20.0, 20.0, 20.0, 20.0, 20.0, 20.0, 20.0, 20.0, 20.0, 20.0, 20.0, 20.0, 20.0, 20.0, 20.0, 20.0, 20.0, 20.0, 20.0, 20.0, 20.0, 20.0, 20.0, 19.100319203908445, 17.765889541441016, 16.724714894549376, 15.913225374067428, 15.287804706638298, 14.818196232290942, 14.483521941721458, 14.269834652688301, 13.427022383159537, 14.163139668436171, 14.204890674566101, 14.356473029534635, 14.623821973720059, 15.017780282020121, 15.55521440156513, 16.260890298419092, 17.170524192709557, 18.335773309541803, 19.832619299135402, 20.0, 20.0, 20.0, 20.0, 20.0, 20.0, 20.0, 20.0, 20.0, 20.0, 20.0, 20.0, 20.0, 20.0, 20.0, 20.0, 20.0, 20.0, 20.0, 20.0, 20.0, 20.0, 20.0, 20.0]",24.969760839098313,24.964621551583804,0.4912,-1.0052,0.3404,-0.1576,4.8031,-0.2113,0.0041,-9.8104,15.3,,50.0,,,,0.3302,0.1302,0.3549,201.51,14.94,1.22388,1.7681,95.1,4.652,1,50.99,45.905,1,3,10,0.7,9.665,0,1.5906,0,0
1790618469.2779582,47.3981911,8.5464393,9.50100040435791,-0.1759764701128006,1.750868558883667,0.0006059305160306394,98.14,-0.25135339459673656,1.7126697297790525,0.0,100.75309232972381,13.815770019054355,13.815770019054355,-0.7353284037124133,-2.613092329723827,2.4005846345236312,1.758377592153391,11.075317580433136,0.30798066840457655,0.010505486550946932,"[20.0, 20.0, 20.0, 20.0, 20.0, 20.0, 20.0, 20.0, 20.0, 20.0, 20.0, 20.0, 20.0, 20.0, 20.0, 20.0, 20.0, 20.0, 20.0, 20.0, 20.0, 20.0, 20.0, 20.0, 20.0, 20.0, 20.0, 20.0, 20.0, 18.923904383873957, 17.556795307185784, 16.490954588432288, 15.659474764992224, 15.016617088483116, 14.530686094075769, 14.179752149604534, 13.949026513960396, 13.829252986031594, 13.815770019054355, 13.840243213814139, 13.966791070652707, 14.204778994917623, 14.56377846759492, 15.058974022233407, 15.712823311710537, 16.557763486832688, 17.64062492800618, 19.029997837499636, 20.0, 20.0, 20.0, 20.0, 20.0, 20.0, 20.0, 20.0, 20.0, 20.0, 20.0, 20.0, 20.0, 20.0, 20.0, 20.0, 20.0, 20.0, 20.0, 20.0, 20.0, 20.0, 20.0, 20.0]",24.969760839098313,24.964621551583804,0.5703,-1.0465,0.4407,-0.2577,5.1158,-0.2075,-0.0014,-9.8063,15.3,,50.0,,,,0.2922,0.1146,0.3139,201.42,14.94,1.22388,1.7597,95.74,4.308,1,51.19,46.257,1,3,10,0.7,9.663,0,1.6028,0,0
1790618469.4778666,47.3981907,8.5464439,9.498000144958496,-0.19843927025794983,1.741110920906067,0.00030308388522826135,99.18,-0.28203793436124036,1.7030360813425733,0.0,101.96961538642637,13.462989547288343,13.462989547288343,-0.6654119496777593,-2.7896153864263624,2.6778969254990836,1.7517107218537988,10.727247729761288,0.357693364716875,0.011898929655068566,"[20.0, 20.0, 20.0, 20.0, 20.0, 20.0, 20.0, 20.0, 20.0, 20.0, 20.0, 20.0, 20.0, 20.0, 20.0, 20.0, 20.0, 20.0, 20.0, 20.0, 20.0, 20.0, 20.0, 20.0, 20.0, 20.0, 20.0, 20.0, 20.0, 18.77088085178841, 17.36612170175925, 16.272198091085706, 15.418313158353543, 14.756280337819485, 14.252766032853744, 13.884663734401496, 13.636263870888678, 13.497514433275716, 13.462989547288343, 13.483270523196035, 13.584809285212849, 13.793663640656478, 14.118165640812581, 14.571876210437232, 15.17504249976631, 15.956984144493084, 16.959975726192287, 18.245686592993025, 19.906248658405193, 20.0, 20.0, 20.0, 20.0, 20.0, 20.0, 20.0, 20.0, 20.0, 20.0, 20.0, 20.0, 20.0, 20.0, 20.0, 20.0, 20.0, 20.0, 20.0, 20.0, 20.0, 20.0, 20.0]",24.969760839098313,24.964621551583804,0.6524,-1.086,0.3997,-0.1295,5.4158,-0.2049,-0.0021,-9.8088,15.3,,50.0,,,,0.3521,0.1225,0.3728,199.19,14.94,1.22388,1.7524,96.5,3.969,1,51.39,46.607,1,3,10,0.7,9.666,0,1.566,0,0
1790618469.6791315,47.398190299999996,8.5464485,9.497000694274902,-0.2227136492729187,1.7338776588439941,-0.00023644337488804013,100.29,-0.31436313731510895,1.6908341094617227,0.0,103.31575535954983,13.114709995539158,13.114709995539158,-0.5926362771280145,-3.0257553595498052,2.9705330958444933,1.7479157934576874,10.378972936549502,0.4076758015930297,0.015788837586234134,"[20.0, 20.0, 20.0, 20.0, 20.0, 20.0, 20.0, 20.0, 20.0, 20.0, 20.0, 20.0, 20.0, 20.0, 20.0, 20.0, 20.0, 20.0, 20.0, 20.0, 20.0, 20.0, 20.0, 20.0, 20.0, 20.0, 20.0, 20.0, 20.0, 18.641353918851216, 17.193058684962885, 16.06704791143611, 15.187945777402966, 14.504715674589274, 13.982141254571507, 13.59578580667186, 13.328921314596322, 13.170638327947499, 13.114709995539158, 13.130889789298617, 13.207282388802353, 13.387048789061682, 13.677305297029484, 14.090037625143658, 14.643367121800514, 15.363638742036956, 16.288813579040433, 17.474063116914497, 19.00129684580557, 20.0, 20.0, 20.0, 20.0, 20.0, 20.0, 20.0, 20.0, 20.0, 20.0, 20.0, 20.0, 20.0, 20.0, 20.0, 20.0, 20.0, 20.0, 20.0, 20.0, 20.0, 20.0, 20.0]",24.969760839098313,24.964621551583804,0.7258,-1.1016,0.4304,-0.0018,5.7884,-0.2189,0.0045,-9.8142,15.3,,50.0,,,,0.3196,0.0784,0.329,193.78,14.94,1.22388,1.7481,97.32,3.632,1,51.6,46.956,1,3,10,0.7,9.676,0,1.5836,0,0
1790618469.8799706,47.3981899,8.546453099999999,9.497000694274902,-0.24955631792545319,1.7273916006088257,-0.000300343002891168,101.48,-0.31061552954546945,1.49423565871713,0.0,104.76598968959092,12.03118059530819,12.03118059530819,-0.5158192716219783,-3.2859896895909344,3.25935472179005,1.7453250438868513,10.030903534539476,0.45784672317978975,0.007638608352437229,"[20.0, 20.0, 20.0, 20.0, 20.0, 20.0, 20.0, 20.0, 20.0, 20.0, 20.0, 20.0, 20.0, 20.0, 20.0, 20.0, 20.0, 20.0, 20.0, 20.0, 20.0, 20.0, 20.0, 20.0, 20.0, 20.0, 20.0, 20.0, 20.0, 18.541322728051387, 17.042071932549668, 15.878948987055333, 14.971108648955013, 14.264149347341915, 13.720660678511017, 13.314681147295174, 13.028340167693921, 12.849791616484184, 12.03118059530819, 12.784165851817805, 12.835167845395588, 12.985804077873526, 13.241994487267137, 13.614194331851621, 14.118480189599909, 14.778360380403727, 15.627716771399326, 16.715629845337205, 18.114522710867316, 19.934509954981234, 20.0, 20.0, 20.0, 20.0, 20.0, 20.0, 20.0, 20.0, 20.0, 20.0, 20.0, 20.0, 20.0, 20.0, 20.0, 20.0, 20.0, 20.0, 20.0, 20.0, 20.0, 20.0]",24.969760839098313,24.964621551583804,0.8032,-1.0804,0.4381,0.209,6.145,-0.2127,0.0044,-9.803,15.3,,50.0,,,,0.3916,0.1427,0.4168,200.03,14.94,1.22388,1.7453,98.22,3.299,1,51.8,47.307,1,3,10,0.7,9.684,0,1.5369,0,0
1790618470.2836976,47.3981889,8.5464621,9.494000434875488,-0.2940919101238251,1.6555991172790527,0.00030059480923227966,104.07000000000001,-0.17549366028506694,0.7002210702852841,0.0,108.89571029663085,12.090284351417084,12.119255477822604,-0.5113757694889198,-84.53611137913143,3.997346876729502,0.3975870718360395,9.349623700450532,0.5565057235858538,0.20361639606384954,"[20.0, 20.0, 20.0, 20.0, 20.0, 20.0, 20.0, 20.0, 20.0, 20.0, 20.0, 20.0, 20.0, 20.0, 20.0, 20.0, 20.0, 20.0, 20.0, 20.0, 20.0, 20.0, 20.0, 20.0, 20.0, 20.0, 20.0, 20.0, 20.0, 18.45217284443919, 16.825122103091015, 15.57065595456993, 14.593633945743552, 13.83103176309141, 13.239932240248988, 12.790640616607112, 12.462575984293583, 12.24175672765739, 12.119255477822604, 12.090284351417084, 12.124404882937407, 12.217773984560424, 12.40775566113838, 12.701935255817585, 13.112621722684379, 13.658172766878176, 14.365163415593832, 15.27191501214178, 16.434352400864228, 17.936079807945283, 19.906592464478983, 20.0, 20.0, 20.0, 20.0, 20.0, 20.0, 20.0, 20.0, 20.0, 20.0, 20.0, 20.0, 20.0, 20.0, 20.0, 20.0, 20.0, 20.0, 20.0, 20.0, 20.0]",24.91498258022541,-0.03574437432524036,0.8107,0.3152,-1.1959,-0.2528,5.8863,-0.2037,0.0105,-9.8061,15.3,,50.0,,,,0.2332,0.0891,0.2496,200.91,14.94,1.22388,1.6815,100.07,24.387,1,52.2,47.994,1,3,10,0.7,9.626,0,1.5567,0,0
1790618470.4840467,47.398188399999995,8.546466299999999,9.493000030517578,-0.2985896170139313,1.5572749376296997,-0.021635418757796288,105.3,-0.01614963031861301,0.05903310600007574,0.0,110.12029151916505,11.053335270739876,11.819808915798811,-0.8249497218384924,-83.80339109436248,4.445923514096594,0.37665680052657624,9.029288059496947,0.6028906187051005,0.0,"[20.0, 20.0, 20.0, 20.0, 20.0, 20.0, 20.0, 20.0, 20.0, 20.0, 20.0, 20.0, 20.0, 20.0, 20.0, 20.0, 20.0, 20.0, 20.0, 20.0, 20.0, 20.0, 20.0, 20.0, 20.0, 20.0, 20.0, 20.0, 20.0, 18.42496654114203, 16.732107333560446, 15.431708918579659, 14.420700392108197, 13.631383271563154, 13.017921504733351, 12.548688049244742, 12.201736713715546, 11.96204354321951, 11.819808915798811, 11.053335270739876, 11.800210215439401, 11.868679532608011, 12.03003825471053, 12.290673576129977, 12.661346933764186, 13.158330730278253, 13.805282894625712, 14.636292645975136, 15.700902683009394, 17.072661839142974, 18.864377288492882, 20.0, 20.0, 20.0, 20.0, 20.0, 20.0, 20.0, 20.0, 20.0, 20.0, 20.0, 20.0, 20.0, 20.0, 20.0, 20.0, 20.0, 20.0, 20.0, 20.0, 20.0]",24.91498258022541,-0.03574437432524036,1.0958,4.2246,1.9889,18.3301,6.9533,-0.1777,0.0041,-9.8108,15.3,,50.0,,,,0.2512,0.1258,0.281,206.6,14.94,1.22388,1.5856,100.85,24.299,1,52.4,48.318,1,3,10,0.7,9.648,0,1.4452,0,0
1790618470.6842878,47.398187899999996,8.54647,9.498000144958496,-0.27190229296684265,1.3008471727371216,-0.04003787413239479,106.99000000000001,-0.02045433555228477,0.0669449038920405,0.0,111.79335426330567,11.494448671758052,11.573537802298205,-1.1011548872587158,-81.99341495274264,5.18404275571367,0.32281225248970347,8.74686985313238,0.644054836709274,0.0,"[20.0, 20.0, 20.0, 20.0, 20.0, 20.0, 20.0, 20.0, 20.0, 20.0, 20.0, 20.0, 20.0, 20.0, 20.0, 20.0, 20.0, 20.0, 20.0, 20.0, 20.0, 20.0, 20.0, 20.0, 20.0, 20.0, 20.0, 20.0, 20.0, 18.654652585490172, 16.840754476178354, 15.455549447507003, 14.382037605679292, 13.54435430620208, 12.89159482470767, 12.388812128647105, 12.011760439908326, 11.743718862163023, 11.573537802298205, 11.494448671758052, 11.503386645698285, 11.55647153536402, 11.682864674747314, 11.90364884805944, 12.227792003670332, 12.669201881744392, 13.248277560776053, 13.994432082225053, 14.950221799382117, 16.178290960198694, 17.773546362720015, 19.88571328872429, 20.0, 20.0, 20.0, 20.0, 20.0, 20.0, 20.0, 20.0, 20.0, 20.0, 20.0, 20.0, 20.0, 20.0, 20.0, 20.0, 20.0, 20.0, 20.0, 20.0]",24.91498258022541,-0.03574437432524036,1.4905,8.9804,-0.2847,14.0133,9.1376,-0.1427,0.0107,-9.8321,15.3,,50.0,,,,0.2153,0.1684,0.2733,218.03,14.94,1.22388,1.329,101.81,24.22,1,52.6,48.606,1,3,10,0.7,9.656,0,1.1923,0,0
1790618470.8847558,47.3981875,8.546472699999999,9.499000549316406,-0.2139570116996765,0.9391613006591797,-0.009228368289768696,108.85000000000001,-0.022616417581696056,0.06624573688751864,0.0,113.66747627258303,11.281735198432916,11.415368485589141,-1.304711097475163,-80.04935191806366,6.016078654880564,0.24304598164303745,8.538459186040258,0.6743197363144099,0.0,"[20.0, 20.0, 20.0, 20.0, 20.0, 20.0, 20.0, 20.0, 20.0, 20.0, 20.0, 20.0, 20.0, 20.0, 20.0, 20.0, 20.0, 20.0, 20.0, 20.0, 20.0, 20.0, 20.0, 20.0, 20.0, 20.0, 20.0, 20.0, 20.0, 19.120934327411135, 17.141191415215747, 15.640809592693032, 14.483301603975262, 13.581553955185797, 12.877775903697346, 12.332576553210748, 11.918689927833457, 11.617224910515827, 11.415368485589141, 11.304975277990481, 11.281735198432916, 11.327212871314762, 11.418301599772432, 11.599864857710179, 11.87916393202442, 12.267914396923935, 12.783551873229683, 13.451301267627873, 14.307545602687705, 15.405424488419698, 16.824483186268186, 18.688156328906988, 20.0, 20.0, 20.0, 20.0, 20.0, 20.0, 20.0, 20.0, 20.0, 20.0, 20.0, 20.0, 20.0, 20.0, 20.0, 20.0, 20.0, 20.0, 20.0, 20.0]",24.91498258022541,-0.03574437432524036,1.5638,9.3128,-2.0013,-7.7598,10.1954,-0.1093,0.0073,-9.8242,15.3,,50.0,,,,0.2455,0.2796,0.3721,228.72,14.94,1.22388,0.9632,102.83,24.16,1,52.8,48.819,1,3,10,0.7,9.658,0,0.7772,0,0
1790618471.084662,47.398187199999995,8.5464743,9.495000839233398,-0.1587824523448944,0.6092312335968018,0.008434439077973366,110.68,-0.024720380347939323,0.06548971518836537,0.0,115.50616806030274,10.43092696069059,11.34891574111193,-1.4285413471121906,-78.17192619073276,6.072108950249242,0.17460089484063288,8.41117065640796,0.6923827370190435,0.0,"[20.0, 20.0, 20.0, 20.0, 20.0, 20.0, 20.0, 20.0, 20.0, 20.0, 20.0, 20.0, 20.0, 20.0, 20.0, 20.0, 20.0, 20.0, 20.0, 20.0, 20.0, 20.0, 20.0, 20.0, 20.0, 20.0, 20.0, 20.0, 20.0, 19.78013531661299, 17.600107100841566, 15.962333322448599, 14.705807941670944, 13.729534411915957, 12.967360523060439, 12.37458272980163, 11.92038666087597, 11.583387165163087, 11.34891574111193, 11.207350768598413, 10.43092696069059, 11.184099819596394, 11.249202201630194, 11.395386097560115, 11.635135623499822, 11.978311605417044, 12.439899066313027, 13.041720649834277, 13.815220141913564, 14.806043909875742, 16.081819949490406, 17.745975409068706, 19.963773950496428, 20.0, 20.0, 20.0, 20.0, 20.0, 20.0, 20.0, 20.0, 20.0, 20.0, 20.0, 20.0, 20.0, 20.0, 20.0, 20.0, 20.0, 20.0, 20.0]",24.91498258022541,-0.03574437432524036,1.3574,7.1519,-2.8401,-12.2981,10.6224,-0.0797,0.011,-9.8792,15.3,,50.0,,,,0.2086,0.184,0.2781,221.41,14.94,1.22388,0.6296,104.61,24.117,1,53.0,48.95,1,3,10,0.7,9.67,0,0.4905,0,0
1790618471.2856488,47.398187,8.5464751,9.48900032043457,-0.11790531128644943,0.3631283640861511,0.011172591708600521,112.52,-0.026810413268717033,0.06466221261572017,0.0,117.34272338867186,11.095679454460022,11.355311915161586,-1.4931120715104922,-76.31164945101229,4.531738733956444,0.12637108154161852,8.344091753967277,0.7011340680207292,0.0,"[20.0, 20.0, 20.0, 20.0, 20.0, 20.0, 20.0, 20.0, 20.0, 20.0, 20.0, 20.0, 20.0, 20.0, 20.0, 20.0, 20.0, 20.0, 20.0, 20.0, 20.0, 20.0, 20.0, 20.0, 20.0, 20.0, 20.0, 20.0, 20.0, 20.0, 18.21786394615303, 16.414554366103957, 15.040248885661763, 13.976442992312261, 13.146627836197263, 12.499624641256744, 12.000364126103024, 11.624526482757213, 11.355311915161586, 11.181456128862495, 11.096017668013863, 11.095679454460022, 11.152213728185524, 11.26495139004926, 11.468162619566725, 11.77006296723099, 12.183519070503328, 12.727470504256324, 13.429243838096603, 14.328333594205569, 15.482738061610924, 16.980010866972155, 18.95760252374949, 20.0, 20.0, 20.0, 20.0, 20.0, 20.0, 20.0, 20.0, 20.0, 20.0, 20.0, 20.0, 20.0, 20.0, 20.0, 20.0, 20.0, 20.0, 20.0]",24.91498258022541,-0.03574437432524036,1.0117,4.8259,-2.7328,-10.2899,10.8193,-0.0464,0.0069,-9.854,15.3,,50.0,,,,0.3189,0.0739,0.3274,193.05,14.94,1.22388,0.3818,107.99,24.085,1,53.2,49.022,1,3,10,0.7,9.675,0,0.2181,0,0
1790618471.4876785,47.3981868,8.546475599999999,9.485000610351562,-0.08802560716867447,0.20148585736751556,0.009134938009083271,114.46000000000001,-0.02898405081879452,0.06371753917198572,0.0,119.28994461059574,10.325118548533116,11.413597736216689,-1.5246043415205643,-74.37079993258594,0.6305043875218772,0.09245517096785158,8.310857819679118,0.7041973658829906,0.0,"[20.0, 20.0, 20.0, 20.0, 20.0, 20.0, 20.0, 20.0, 20.0, 20.0, 20.0, 20.0, 20.0, 20.0, 20.0, 20.0, 20.0, 20.0, 20.0, 20.0, 20.0, 20.0, 20.0, 20.0, 20.0, 20.0, 20.0, 20.0, 20.0, 20.0, 19.01356990403727, 17.003694413186274, 15.4846950692493, 14.314844665499908, 13.40418807045408, 12.693292166314794, 12.141755897361747, 11.721647382587744, 11.413597736216689, 11.204413557098468, 11.085608813847402, 10.325118548533116, 11.099739799627997, 11.17852425356862, 11.345397680860868, 11.607003773639494, 11.974241161776218, 12.46342947725161, 13.098221575334918, 13.912713293065321, 14.956593575188464, 16.303974927858427, 18.06928468511678, 20.0, 20.0, 20.0, 20.0, 20.0, 20.0, 20.0, 20.0, 20.0, 20.0, 20.0, 20.0, 20.0, 20.0, 20.0, 20.0, 20.0, 20.0, 20.0]",24.91498258022541,-0.03574437432524036,0.6535,2.9474,-1.9364,-7.1977,10.8741,-0.0292,-0.0011,-9.8375,15.3,,50.0,,,,0.3441,0.1176,0.3637,198.87,14.94,1.22388,0.2199,113.6,24.064,1,53.4,49.061,1,3,10,0.7,9.657,0,0.038,0,0
1790618471.6878083,47.3981867,8.5464758,9.483000755310059,-0.066124327480793,0.10453533381223679,0.006573016289621592,116.48,-0.031211977643577093,0.06265630416467957,0.0,121.29632614135744,11.037833281328101,11.506866782984567,-1.5412374187490367,-72.36164727526925,-2.4005193728308662,0.06834499032554105,8.29300163669318,0.704111872890653,0.0,"[20.0, 20.0, 20.0, 20.0, 20.0, 20.0, 20.0, 20.0, 20.0, 20.0, 20.0, 20.0, 20.0, 20.0, 20.0, 20.0, 20.0, 20.0, 20.0, 20.0, 20.0, 20.0, 20.0, 20.0, 20.0, 20.0, 20.0, 20.0, 20.0, 20.0, 19.981149856600833, 17.71735320275945, 16.023855791346016, 14.728167296272547, 13.722968550769368, 12.9383911572009, 12.327419973237829, 11.857724030757883, 11.506866782984567, 11.259404040893275, 11.105098100680602, 11.037833281328101, 11.05500714806207, 11.119268100018152, 11.24976617177494, 11.471707160861644, 11.794148589643164, 12.231017800774078, 12.80268034884671, 13.53848852351985, 14.480961367220893, 15.69283993417021, 17.269517882575492, 19.362221026271325, 20.0, 20.0, 20.0, 20.0, 20.0, 20.0, 20.0, 20.0, 20.0, 20.0, 20.0, 20.0, 20.0, 20.0, 20.0, 20.0, 20.0, 20.0]",24.91498258022541,-0.03574437432524036,0.431,1.7848,-1.0538,-4.5117,10.622,-0.0247,-0.0047,-9.8181,15.3,,50.0,,,,0.3924,0.0711,0.3988,190.28,14.94,1.22389,0.1237,122.32,24.048,1,53.6,49.084,1,3,10,0.7,9.685,0,0.0,0,0
1790618471.8878558,47.3981865,8.546475899999999,9.483000755310059,-0.054182834923267365,0.04965180903673172,0.004396428819745779,118.48,-0.033379637630702175,0.06152885332624858,0.0,123.2832913208008,10.462555872921458,11.614497878919007,-1.5517296149952065,-70.37584683941189,-4.564292426659818,0.05521029567376085,8.281385673571556,0.7022677230900205,0.0,"[20.0, 20.0, 20.0, 20.0, 20.0, 20.0, 20.0, 20.0, 20.0, 20.0, 20.0, 20.0, 20.0, 20.0, 20.0, 20.0, 20.0, 20.0, 20.0, 20.0, 20.0, 20.0, 20.0, 20.0, 20.0, 20.0, 20.0, 20.0, 20.0, 20.0, 20.0, 18.521968902644584, 16.628140453022183, 15.190551035181038, 14.080388326222284, 13.215166930145369, 12.540035440301269, 12.017548243121784, 11.621769755748726, 11.334742601588026, 11.14432216824251, 11.042848219819708, 10.462555872921458, 11.080556369815628, 11.176018923658377, 11.360351130953998, 11.64094626997622, 12.029624852721351, 12.543919536337029, 13.209172423866626, 14.061952455981935, 15.155747127893582, 16.570804098426112, 18.43203988016885, 20.0, 20.0, 20.0, 20.0, 20.0, 20.0, 20.0, 20.0, 20.0, 20.0, 20.0, 20.0, 20.0, 20.0, 20.0, 20.0, 20.0, 20.0]",24.91498258022541,-0.03574437432524036,0.3039,1.0835,-0.6586,-2.5622,10.4608,-0.0101,-0.0054,-9.8072,15.3,,50.0,,,,0.3946,0.1695,0.4294,203.24,14.94,1.22389,0.0735,137.5,24.034,1,53.8,49.102,1,3,10,0.7,9.726,0,0.0,0,0
1790618472.088677,47.3981864,8.5464761,9.486000061035156,-0.04921744391322136,0.020050281658768654,0.002971609588712454,120.45,-0.03547503795575767,0.060345022015387086,0.0,125.27398796081542,10.316977594579612,11.653333415572643,-1.5604621824959246,-68.42016288197125,-6.139086569944998,0.04961896950194086,8.271454071238985,0.6993596625528402,0.0,"[20.0, 20.0, 20.0, 20.0, 20.0, 20.0, 20.0, 20.0, 20.0, 20.0, 20.0, 20.0, 20.0, 20.0, 20.0, 20.0, 20.0, 20.0, 20.0, 20.0, 20.0, 20.0, 20.0, 20.0, 20.0, 20.0, 20.0, 20.0, 20.0, 20.0, 20.0, 19.418074963791398, 17.29478834376664, 15.697771158296682, 14.471588458579077, 13.51851561232137, 12.774435388402924, 12.195968890124044, 11.75319622411056, 11.425354436519441, 11.19821831751996, 11.062488196571707, 10.316977594579612, 11.047295492195325, 11.118926183096102, 11.267454958698016, 11.508780247489018, 11.85285084201306, 12.314739276547089, 12.916373028592187, 13.689347128245968, 14.679558515005423, 15.955088949687129, 17.62024065281346, 19.842066605406163, 20.0, 20.0, 20.0, 20.0, 20.0, 20.0, 20.0, 20.0, 20.0, 20.0, 20.0, 20.0, 20.0, 20.0, 20.0, 20.0, 20.0]",24.91498258022541,-0.03574437432524036,0.2281,0.6862,-0.4383,-1.3899,10.3323,-0.0098,-0.0066,-9.7965,15.3,,50.0,,,,0.3099,0.2923,0.426,223.32,14.94,1.22388,0.0531,157.83,24.018,1,54.01,49.12,1,3,10,0.7,9.705,0,0.0,0,0
1790618472.2896497,47.3981863,8.546476199999999,9.488000869750977,-0.047363344579935074,0.0034645807463675737,0.0028983743395656347,122.43,-0.037538816740377075,0.059083307606568415,0.0,127.25219696044923,11.01406031805777,11.723743253784637,-1.56747107729811,-66.45595715404664,-7.24137954988689,0.04742372274946796,8.263230094368968,0.6953144222168098,0.0,"[20.0, 20.0, 20.0, 20.0, 20.0, 20.0, 20.0, 20.0, 20.0, 20.0, 20.0, 20.0, 20.0, 20.0, 20.0, 20.0, 20.0, 20.0, 20.0, 20.0, 20.0, 20.0, 20.0, 20.0, 20.0, 20.0, 20.0, 20.0, 20.0, 20.0, 20.0, 20.0, 18.04758140522156, 16.26653560680814, 14.908716540556307, 13.8574546614942, 13.037369759599038, 12.398011152949211, 11.90479712347262, 11.533743875527444, 11.268288060444972, 11.097333886395578, 11.01406031805777, 11.01523540323274, 11.076933958229445, 11.190466135861332, 11.393962609447405, 11.695656890677672, 12.108421316761708, 12.65119179574245, 13.35128611548933, 14.248192975146884, 15.399925140315831, 16.89411063270512, 18.868429666358743, 20.0, 20.0, 20.0, 20.0, 20.0, 20.0, 20.0, 20.0, 20.0, 20.0, 20.0, 20.0, 20.0, 20.0, 20.0, 20.0, 20.0]",24.91498258022541,-0.03574437432524036,0.1702,0.4694,-0.3108,-0.7224,10.3115,-0.0182,-0.0018,-9.8016,15.3,,50.0,,,,0.2659,0.15,0.3053,209.43,14.94,1.22388,0.0475,175.82,24.002,1,54.21,49.138,1,3,10,0.7,9.706,0,0.0,0,0
1790618472.4899225,47.3981862,8.5464763,9.487000465393066,-0.04363637790083885,-0.006382653024047613,0.0037920523900538683,124.46000000000001,-0.03960815252268525,0.057716498973341246,0.0,129.2666444396973,10.25686065553306,11.823978583921612,-1.5732495466709437,-64.44783921967517,-7.517811305565498,0.043500277699960496,8.25656138293863,0.6900430714906055,0.0,"[20.0, 20.0, 20.0, 20.0, 20.0, 20.0, 20.0, 20.0, 20.0, 20.0, 20.0, 20.0, 20.0, 20.0, 20.0, 20.0, 20.0, 20.0, 20.0, 20.0, 20.0, 20.0, 20.0, 20.0, 20.0, 20.0, 20.0, 20.0, 20.0, 20.0, 20.0, 20.0, 18.91956606198096, 16.919627475096362, 15.408138124029312, 14.244071506972192, 13.337917234170964, 12.630536027515028, 12.081726575702405, 11.66369509405099, 11.357168457322475, 11.149018493064155, 11.030801125165349, 10.25686065553306, 11.049007818619762, 11.127745477449226, 11.293860877276261, 11.554278616662675, 11.91984781813255, 12.406813981256853, 13.038722517512165, 13.849514382592291, 14.888652807745856, 16.22991364088187, 17.98720442650212, 20.0, 20.0, 20.0, 20.0, 20.0, 20.0, 20.0, 20.0, 20.0, 20.0, 20.0, 20.0, 20.0, 20.0, 20.0, 20.0, 20.0]",24.91498258022541,-0.03574437432524036,0.1378,0.3319,-0.0166,-0.509,10.2141,-0.0074,-0.0046,-9.8181,15.3,,50.0,,,,0.2208,0.3643,0.426,238.78,14.94,1.22388,0.0441,188.32,23.991,1,54.41,49.151,1,3,10,0.7,9.688,0,0.0,0,0
1790618472.691,47.3981861,8.5464764,9.484000205993652,-0.0394243448972702,-0.008803780190646648,0.0036488722544163465,126.51,-0.041647415402619944,0.05626271225493501,0.0,131.31598640441894,10.992304420176826,11.951554993816364,-1.5814248746427666,-62.423544170363414,-7.016931444110163,0.03924411719549645,8.24772423464981,0.6841216974281464,0.0,"[20.0, 20.0, 20.0, 20.0, 20.0, 20.0, 20.0, 20.0, 20.0, 20.0, 20.0, 20.0, 20.0, 20.0, 20.0, 20.0, 20.0, 20.0, 20.0, 20.0, 20.0, 20.0, 20.0, 20.0, 20.0, 20.0, 20.0, 20.0, 20.0, 20.0, 20.0, 20.0, 19.91420402580207, 17.655647537916046, 15.966348109107612, 14.67401094736643, 13.671472210054985, 12.888980906505553, 12.279608619260014, 11.811087089777809, 11.46102352159066, 11.214002019370433, 11.059799917150865, 10.992304420176826, 11.008903936357704, 11.076809873434897, 11.206288135659172, 11.426822764751172, 11.747411344916824, 12.18189567652152, 12.750519662791309, 13.482460825723207, 14.419981922490022, 15.625436748765393, 17.193609922698514, 19.274718245957438, 20.0, 20.0, 20.0, 20.0, 20.0, 20.0, 20.0, 20.0, 20.0, 20.0, 20.0, 20.0, 20.0, 20.0, 20.0, 20.0]",24.91498258022541,-0.03574437432524036,0.1467,0.2361,0.0872,-0.2705,10.2093,-0.0076,-0.0007,-9.8126,15.3,,50.0,,,,0.2264,0.253,0.3395,228.17,14.94,1.22389,0.0404,192.59,23.982,1,54.61,49.163,1,3,10,0.7,9.699,0,0.0,0,0
1790618472.8908508,47.398185999999995,8.546476499999999,9.483000755310059,-0.0387001596391201,-0.00802651233971119,0.002923540072515607,128.54,-0.04361425939176623,0.05475213582781707,0.0,133.3585005187988,10.29870373340483,12.104167397186394,-1.5910143681955948,-60.419277588118604,-6.705527078707926,0.03853892153648468,8.237389445343767,0.6775681567457041,0.0,"[20.0, 20.0, 20.0, 20.0, 20.0, 20.0, 20.0, 20.0, 20.0, 20.0, 20.0, 20.0, 20.0, 20.0, 20.0, 20.0, 20.0, 20.0, 20.0, 20.0, 20.0, 20.0, 20.0, 20.0, 20.0, 20.0, 20.0, 20.0, 20.0, 20.0, 20.0, 20.0, 20.0, 18.473451174804037, 16.580741924470182, 15.144373301223967, 14.035327977414742, 13.171032866265058, 12.496599291566472, 11.974565487231535, 11.578987159523042, 11.29189881136688, 11.101144463711217, 10.99904666172837, 10.29870373340483, 11.0390984487514, 11.133175989494632, 11.31573059050159, 11.594080764468016, 11.979944216772301, 12.490710310314892, 13.151517536501924, 13.998638104923963, 15.085112979633914, 16.490490314864896, 18.33853407418697, 20.0, 20.0, 20.0, 20.0, 20.0, 20.0, 20.0, 20.0, 20.0, 20.0, 20.0, 20.0, 20.0, 20.0, 20.0, 20.0]",24.91498258022541,-0.03574437432524036,0.1789,0.1939,0.1269,-0.0352,10.1075,-0.0009,-0.0022,-9.8207,15.3,,50.0,,,,0.1174,0.3265,0.347,250.23,14.94,1.22389,0.0395,191.72,23.971,1,54.81,49.177,1,3,10,0.7,9.735,0,0.0,0,0
1790618473.0920131,47.398185899999994,8.5464766,9.482000350952148,-0.039501771330833435,-0.008442360907793045,0.002188331913203001,130.55,-0.045507796623944594,0.053188724805485754,0.0,135.36546783447267,10.35771320635687,12.281478480474593,-1.598989482760788,-58.437438489296795,-6.749268929349365,0.03933557498459864,8.228714560396833,0.6699865025401589,0.0,"[20.0, 20.0, 20.0, 20.0, 20.0, 20.0, 20.0, 20.0, 20.0, 20.0, 20.0, 20.0, 20.0, 20.0, 20.0, 20.0, 20.0, 20.0, 20.0, 20.0, 20.0, 20.0, 20.0, 20.0, 20.0, 20.0, 20.0, 20.0, 20.0, 20.0, 20.0, 20.0, 20.0, 19.391096243584986, 17.263469169716515, 15.663998650012719, 14.436333148991334, 13.482268871525337, 12.73742126607282, 12.15825251794641, 11.714741144349954, 11.38605297156801, 11.157906675679177, 11.020952132404387, 10.35771320635687, 11.002455626347135, 11.076751022055937, 11.222966724176862, 11.46148992877452, 11.802143904465694, 12.259830565423584, 12.856238719954113, 13.62261927965879, 14.604355807548377, 15.868732853774603, 17.518753123233164, 19.719219607982062, 20.0, 20.0, 20.0, 20.0, 20.0, 20.0, 20.0, 20.0, 20.0, 20.0, 20.0, 20.0, 20.0, 20.0, 20.0]",24.91498258022541,-0.03574437432524036,0.1977,0.1704,0.0595,-0.0236,10.1444,0.0009,-0.0052,-9.8065,15.3,,50.0,,,,0.2315,0.3749,0.4406,238.31,14.94,1.22389,0.0404,192.06,23.962,1,55.01,49.19,1,3,10,0.7,9.7,0,0.0,0,0
1790618473.2931929,47.3981858,8.5464767,9.482000350952148,-0.041102971881628036,-0.009778433479368687,0.0020789033733308315,132.56,-0.04734533384437216,0.05155986193896322,0.0,137.38537269592285,10.972319859127948,12.484526106448826,-1.605123077495698,-56.45838148723443,-7.010081831489177,0.04091415816115496,8.22190257721196,0.6612869400191576,0.0,"[20.0, 20.0, 20.0, 20.0, 20.0, 20.0, 20.0, 20.0, 20.0, 20.0, 20.0, 20.0, 20.0, 20.0, 20.0, 20.0, 20.0, 20.0, 20.0, 20.0, 20.0, 20.0, 20.0, 20.0, 20.0, 20.0, 20.0, 20.0, 20.0, 20.0, 20.0, 20.0, 20.0, 20.0, 18.032284075564924, 16.24493669044272, 14.883011687278028, 13.828886964043516, 13.006648573239707, 12.36552777162079, 11.870741362742772, 11.498168911032726, 11.231146449242855, 11.058496356317503, 10.973323250123874, 10.972319859127948, 11.036183603998468, 11.147059769741327, 11.347423585558829, 11.645372689031815, 12.053598994427213, 12.590790247251887, 13.283911260107638, 14.171930758490383, 15.31206486236876, 16.790663525527144, 18.74323838321396, 20.0, 20.0, 20.0, 20.0, 20.0, 20.0, 20.0, 20.0, 20.0, 20.0, 20.0, 20.0, 20.0, 20.0, 20.0]",24.91498258022541,-0.03574437432524036,0.1953,0.1441,-0.0765,-0.0928,10.1004,-0.006,-0.0037,-9.8016,15.3,,50.0,,,,0.0986,0.2413,0.2607,247.76,14.94,1.22389,0.0423,193.38,23.952,1,55.21,49.202,1,3,10,0.7,9.727,0,0.0,0,0
1790618473.4938164,47.3981857,8.546476799999999,9.484000205993652,-0.04372847452759743,-0.010106933303177357,0.0015846403548493981,134.58,-0.049133312637174506,0.04985897701816261,0.0,139.40371902465824,10.222398688836948,12.714708278936794,-1.6107342799718534,-54.470312030148236,-7.264247582244904,0.04353589800968094,8.215460045755592,0.6516074880584193,0.0,"[20.0, 20.0, 20.0, 20.0, 20.0, 20.0, 20.0, 20.0, 20.0, 20.0, 20.0, 20.0, 20.0, 20.0, 20.0, 20.0, 20.0, 20.0, 20.0, 20.0, 20.0, 20.0, 20.0, 20.0, 20.0, 20.0, 20.0, 20.0, 20.0, 20.0, 20.0, 20.0, 20.0, 20.0, 18.903444803070084, 16.897022638692235, 15.381485581403535, 14.214714169968639, 13.306605293905857, 12.597676979021768, 12.047517250449854, 11.62819390044539, 11.320335279955417, 11.11073586701529, 10.9908836115775, 10.222398688836948, 11.004990376922898, 11.085878302576448, 11.249252567357553, 11.506394656313292, 11.868003184281473, 12.350119088080396, 12.97600055616842, 13.779171610862186, 14.808467631734782, 16.13667784468265, 17.87607778551801, 20.0, 20.0, 20.0, 20.0, 20.0, 20.0, 20.0, 20.0, 20.0, 20.0, 20.0, 20.0, 20.0, 20.0, 20.0]",24.91498258022541,-0.03574437432524036,0.1824,0.1285,0.0253,0.1015,10.1699,-0.0035,-0.0024,-9.8041,15.3,,50.0,,,,0.111,0.2607,0.2834,246.93,14.94,1.22389,0.0449,193.01,23.94,1,55.41,49.215,1,3,10,0.7,9.718,0,0.0,0,0
1790618473.6948283,47.3981856,8.5464769,9.488000869750977,-0.047165386378765106,-0.01070041861385107,0.0009503531618975103,136.76,-0.050851831835846364,0.04810500180790768,0.0,141.41510375976566,10.95491869870476,12.97338933505657,-1.6146305215670118,-52.49327321636787,-7.629561870679043,0.04696360045189395,8.210565220063497,0.6408983634268742,0.0,"[20.0, 20.0, 20.0, 20.0, 20.0, 20.0, 20.0, 20.0, 20.0, 20.0, 20.0, 20.0, 20.0, 20.0, 20.0, 20.0, 20.0, 20.0, 20.0, 20.0, 20.0, 20.0, 20.0, 20.0, 20.0, 20.0, 20.0, 20.0, 20.0, 20.0, 20.0, 20.0, 20.0, 20.0, 19.887713269110076, 17.62590223754283, 15.934913717561287, 14.64165853663481, 13.63856919365028, 12.85567568699065, 12.245922987926875, 11.776964060318642, 11.42635212544189, 11.178629329711852, 11.023535343694698, 10.95491869870476, 10.970123783050642, 11.04078113170436, 11.168452549362614, 11.386785340817463, 11.704680574807696, 12.135849247173336, 12.700353151737648, 13.427108925573455, 14.357993292007185, 15.55476662397351, 17.11125822872348, 19.17605647488431, 20.0, 20.0, 20.0, 20.0, 20.0, 20.0, 20.0, 20.0, 20.0, 20.0, 20.0, 20.0, 20.0, 20.0]",24.91498258022541,-0.03574437432524036,0.169,0.1232,-0.1342,0.0671,10.1135,-0.0086,-0.0032,-9.8089,15.3,,50.0,,,,0.0998,0.2615,0.2799,249.12,14.94,1.22388,0.0484,192.78,23.926,1,55.61,49.23,1,3,10,0.7,9.754,0,0.0,0,0
1790618473.8951092,47.3981855,8.5464769,9.492000579833984,-0.05018504336476326,-0.012779374606907368,0.000489523692522198,138.76,-0.052507774874132156,0.04629183057265564,0.0,143.40507087707522,10.22589022586437,13.263368554014756,-1.6157006495537136,-50.519334232653534,-8.114524305619467,0.04994620788850249,8.208438772867554,0.6289833470394678,0.0,"[20.0, 20.0, 20.0, 20.0, 20.0, 20.0, 20.0, 20.0, 20.0, 20.0, 20.0, 20.0, 20.0, 20.0, 20.0, 20.0, 20.0, 20.0, 20.0, 20.0, 20.0, 20.0, 20.0, 20.0, 20.0, 20.0, 20.0, 20.0, 20.0, 20.0, 20.0, 20.0, 20.0, 20.0, 20.0, 18.449603684907803, 16.555491971430634, 15.118432322467324, 14.009029402764376, 13.144512040110332, 12.469881060781015, 11.947608652970564, 11.551707317262037, 11.264179602330433, 11.072842094211527, 10.969990046478399, 10.22589022586437, 11.012317562296126, 11.105141828094137, 11.286168984106837, 11.562652890408653, 11.946224547414298, 12.454153889046832, 13.111410326303725, 13.95401928306207, 15.034648506781668, 16.432257196620473, 18.269630054714472, 20.0, 20.0, 20.0, 20.0, 20.0, 20.0, 20.0, 20.0, 20.0, 20.0, 20.0, 20.0, 20.0, 20.0]",24.91498258022541,-0.03574437432524036,0.1423,0.1123,-0.1188,-0.0407,10.0962,-0.0061,-0.0092,-9.7966,15.3,,50.0,,,,-0.0325,0.1004,0.1055,287.94,14.94,1.22388,0.0518,194.29,23.91,1,55.81,49.245,1,3,10,0.7,9.738,0,0.0,0,0
1790618474.0955756,47.398185299999994,8.5464769,9.498000144958496,-0.053120940923690796,-0.01572241261601448,0.00039890044718049467,140.75,-0.054083594624872784,0.04444057596895466,0.0,145.40571960449222,10.949265202643122,13.586618727492137,-1.6139761848717682,-48.568460814911305,-8.693596924596703,0.05282807556534117,8.209055453737436,0.6160258758641246,0.0,"[20.0, 20.0, 20.0, 20.0, 20.0, 20.0, 20.0, 20.0, 20.0, 20.0, 20.0, 20.0, 20.0, 20.0, 20.0, 20.0, 20.0, 20.0, 20.0, 20.0, 20.0, 20.0, 20.0, 20.0, 20.0, 20.0, 20.0, 20.0, 20.0, 20.0, 20.0, 20.0, 20.0, 20.0, 20.0, 19.374396550824308, 17.245679466490145, 15.645715903674382, 14.417833459291115, 13.463665858128557, 12.71874095333281, 12.139470536261792, 11.695801630036637, 11.366877958093427, 11.138400164317536, 11.001000873342212, 10.949265202643122, 10.981196203376067, 11.059248338339367, 11.204534564738996, 11.441928066625435, 11.781201627485718, 12.237188470023863, 12.83148130078242, 13.595192531911927, 14.573499286376721, 15.833365930481376, 17.47727404660075, 19.669126037191063, 20.0, 20.0, 20.0, 20.0, 20.0, 20.0, 20.0, 20.0, 20.0, 20.0, 20.0, 20.0, 20.0]",24.91498258022541,-0.03574437432524036,0.1096,0.0979,-0.2104,-0.0786,9.961,-0.0054,-0.0151,-9.8059,15.3,,50.0,,,,-0.1013,0.1899,0.2153,298.09,14.94,1.22388,0.0554,196.49,23.894,1,56.01,49.262,1,3,10,0.7,9.73,0,0.0,0,0
1790618474.296151,47.3981852,8.5464769,9.50200080871582,-0.05495680496096611,-0.017999224364757538,0.0005149720818735659,142.73,-0.05570534666081142,0.04239002657935973,0.0,147.53198669433596,10.344255294943576,13.956560288511362,-1.6106020187419992,-46.47672716331624,-9.016501738548765,0.05462071951035909,8.21136278741454,0.6010504719295319,0.0,"[20.0, 20.0, 20.0, 20.0, 20.0, 20.0, 20.0, 20.0, 20.0, 20.0, 20.0, 20.0, 20.0, 20.0, 20.0, 20.0, 20.0, 20.0, 20.0, 20.0, 20.0, 20.0, 20.0, 20.0, 20.0, 20.0, 20.0, 20.0, 20.0, 20.0, 20.0, 20.0, 20.0, 20.0, 20.0, 20.0, 18.08322808430991, 16.280528774060677, 14.907838588275078, 13.845806565312714, 13.017512217115945, 12.371566089584961, 11.872782024409927, 11.496764624821534, 11.226652108950086, 11.051115625228245, 10.963135487235368, 10.344255294943576, 11.026661572730482, 11.134519963280344, 11.331601483495463, 11.625859548219905, 12.029802498394465, 12.561870778526817, 13.248679434301975, 14.128679701115717, 15.258286314473045, 16.722544508027067, 18.65471377462605, 20.0, 20.0, 20.0, 20.0, 20.0, 20.0, 20.0, 20.0, 20.0, 20.0, 20.0, 20.0, 20.0]",24.91498258022541,-0.03574437432524036,0.0831,0.0822,-0.1261,-0.0581,9.9795,-0.0052,-0.0147,-9.7999,15.3,,50.0,,,,0.0061,0.267,0.2671,268.69,14.94,1.22388,0.0578,198.13,23.877,1,56.21,49.279,1,3,10,0.7,9.693,0,0.0,0,0
1790618474.4957485,47.398185,8.546476799999999,9.504000663757324,-0.05597424879670143,-0.019700471311807632,0.0008600742439739406,144.71,-0.08162384328306944,0.05777151727019917,0.0,149.51201530456547,10.274805591928429,14.36450358687696,-1.6059769940108413,-44.546440803460854,-9.167997874883744,0.05560407019207845,8.214995559757645,0.5862431496370858,0.0,"[20.0, 20.0, 20.0, 20.0, 20.0, 20.0, 20.0, 20.0, 20.0, 20.0, 20.0, 20.0, 20.0, 20.0, 20.0, 20.0, 20.0, 20.0, 20.0, 20.0, 20.0, 20.0, 20.0, 20.0, 20.0, 20.0, 20.0, 20.0, 20.0, 20.0, 20.0, 20.0, 20.0, 20.0, 20.0, 20.0, 18.960927892163976, 16.939461738496973, 15.413500639817064, 14.239159996933292, 13.32532905456125, 12.611914623624614, 12.058114155440759, 11.635733627943303, 11.325217294885515, 11.113223244224288, 10.991132007849322, 10.274805591928429, 11.000870587811686, 11.085738022196923, 11.246819889815864, 11.50147583222197, 11.860286112681559, 12.33913710392472, 12.961073219807501, 13.759307585595845, 14.782201353056932, 16.101783657547337, 17.82904209732224, 20.0, 20.0, 20.0, 20.0, 20.0, 20.0, 20.0, 20.0, 20.0, 20.0, 20.0, 20.0, 20.0]",24.91498258022541,-0.03574437432524036,0.0685,0.0661,-0.0383,-0.1546,10.0545,0.001,-0.0029,-9.7999,15.3,,50.0,,,,0.0213,0.259,0.2599,265.3,14.94,1.22388,0.0593,199.39,23.862,1,56.41,49.295,1,3,10,0.7,9.698,0,0.0,0,0
1790618474.695926,47.3981849,8.546476799999999,9.504000663757324,-0.05625971034169197,-0.020422209054231644,0.0012198270997032523,146.71,-0.08359031711961362,0.05488769337330938,0.0,151.51207252502445,10.962409081426246,14.816916016533856,-1.6012821163427184,-42.32674514262982,-9.081086160485702,0.05587299783996347,8.218809728930669,0.5705765342848488,0.0,"[20.0, 20.0, 20.0, 20.0, 20.0, 20.0, 20.0, 20.0, 20.0, 20.0, 20.0, 20.0, 20.0, 20.0, 20.0, 20.0, 20.0, 20.0, 20.0, 20.0, 20.0, 20.0, 20.0, 20.0, 20.0, 20.0, 20.0, 20.0, 20.0, 20.0, 20.0, 20.0, 20.0, 20.0, 20.0, 20.0, 19.963540981980717, 17.68364026759917, 15.980262264223018, 14.678102168826152, 13.66835359426902, 12.880307375231546, 12.266443068307309, 11.794106430176498, 11.440638718392126, 11.190429054761005, 11.033100906069581, 10.962409081426246, 10.97561664268081, 11.050325884252151, 11.17602860536445, 11.392324186010114, 11.708020800189495, 12.136713148361682, 12.698306871614012, 13.421496159359299, 14.347823724281437, 15.538522158303161, 17.08654033165766, 19.13890345951193, 20.0, 20.0, 20.0, 20.0, 20.0, 20.0, 20.0, 20.0, 20.0, 20.0, 20.0, 20.0]",24.91498258022541,-0.03574437432524036,0.0486,-0.119,-0.0266,-0.9761,10.1795,0.0007,-0.007,-9.8051,15.3,,50.0,,,,-0.0768,0.2478,0.2595,287.22,14.94,1.22388,0.0599,199.95,23.848,1,56.61,49.31,1,3,10,0.7,9.693,0,0.0,0,0
1790618474.897404,47.398184699999995,8.5464767,9.504000663757324,-0.06189727038145065,-0.016887491568922997,0.0013527767732739449,148.75,-0.08549118706729465,0.05187732581605216,0.0,153.5722999572754,10.222293581208008,15.322585802827666,-1.597320773711069,-39.93952775920906,-8.819678607195062,0.061572698247810045,8.22185244747657,0.5539683551307901,0.0,"[20.0, 20.0, 20.0, 20.0, 20.0, 20.0, 20.0, 20.0, 20.0, 20.0, 20.0, 20.0, 20.0, 20.0, 20.0, 20.0, 20.0, 20.0, 20.0, 20.0, 20.0, 20.0, 20.0, 20.0, 20.0, 20.0, 20.0, 20.0, 20.0, 20.0, 20.0, 20.0, 20.0, 20.0, 20.0, 20.0, 20.0, 18.535510268252505, 16.622879539011752, 15.172719895532808, 14.053653196808932, 13.181751800415629, 12.50130213046275, 11.974312907671578, 11.574482337787531, 11.28359040504345, 11.089288628583711, 10.983743096056076, 10.222293581208008, 11.025759443936787, 11.117800100567461, 11.296363414604322, 11.570250131693525, 11.95096199850632, 12.45560040400679, 13.108900275120757, 13.946542077899261, 15.020659085786798, 16.409337500161364, 18.233849973960677, 20.0, 20.0, 20.0, 20.0, 20.0, 20.0, 20.0, 20.0, 20.0, 20.0, 20.0, 20.0]",24.91498258022541,-0.03574437432524036,0.0436,-0.2061,0.0087,-0.0514,10.3558,-0.0056,-0.0075,-9.8051,15.3,,50.0,,,,-0.081,0.24,0.2533,288.64,14.94,1.22388,0.0642,195.26,23.832,1,56.81,49.325,1,3,10,0.7,9.649,0,0.0,0,0
1790618475.098227,47.3981846,8.5464767,9.50200080871582,-0.06912072747945786,-0.012246941216289997,0.0015444908058270812,150.8,-0.08729220772698099,0.04878596591387326,0.0,155.62383918762208,10.962557309889224,15.888392387345494,-1.5946239117955001,-39.31046306595624,-8.420875653298243,0.06888029275758108,8.223531358502465,0.5366904874671822,0.0,"[20.0, 20.0, 20.0, 20.0, 20.0, 20.0, 20.0, 20.0, 20.0, 20.0, 20.0, 20.0, 20.0, 20.0, 20.0, 20.0, 20.0, 20.0, 20.0, 20.0, 20.0, 20.0, 20.0, 20.0, 20.0, 20.0, 20.0, 20.0, 20.0, 20.0, 20.0, 20.0, 20.0, 20.0, 20.0, 20.0, 20.0, 19.501535102570788, 17.34332360467705, 15.722945223265944, 14.480264622491196, 13.514952174064534, 12.761350981487904, 12.175119604229744, 11.725703519413532, 11.39189746758905, 11.159147912816072, 11.017892523676702, 10.962557309889224, 10.991005318864797, 11.072655472362115, 11.214449689906056, 11.448180369598724, 11.783449257482175, 12.234871778483368, 12.823744315204578, 13.580752727980254, 14.550427881710004, 15.798703967264105, 17.426327327048277, 19.594083289747356, 20.0, 20.0, 20.0, 20.0, 20.0, 20.0, 20.0, 20.0, 20.0, 20.0, 20.0]",24.91498258022541,-0.03574437432524036,0.042,-0.1862,0.0397,0.3072,10.2952,-0.0048,-0.016,-9.807,15.3,,50.0,,,,-0.1186,0.1571,0.1969,307.05,14.94,1.22388,0.0702,190.05,23.815,1,57.01,49.343,1,3,10,0.7,9.716,0,0.0,0,0
1790618475.2987278,47.3981844,8.546476799999999,9.50100040435791,-0.07626306265592575,-0.004849561024457216,0.0009168749675154686,152.86,-0.08898945573566307,0.04561662819488596,0.0,157.68555580139162,10.248735675206738,16.521899773508846,-1.5957504290011577,-36.75975195744866,-7.571194050265048,0.07529567421194534,8.221382109609232,0.5190370021541852,0.0,"[20.0, 20.0, 20.0, 20.0, 20.0, 20.0, 20.0, 20.0, 20.0, 20.0, 20.0, 20.0, 20.0, 20.0, 20.0, 20.0, 20.0, 20.0, 20.0, 20.0, 20.0, 20.0, 20.0, 20.0, 20.0, 20.0, 20.0, 20.0, 20.0, 20.0, 20.0, 20.0, 20.0, 20.0, 20.0, 20.0, 20.0, 20.0, 18.15091876650032, 16.333517993070718, 14.950361365524353, 13.88056540213377, 13.046307219562472, 12.395635469405459, 11.892996828535543, 11.513745083651715, 11.240839342597932, 11.062816496753713, 10.972550317457785, 10.248735675206738, 11.03799560894825, 11.143729840012243, 11.338637838014158, 11.630576680403964, 12.031936360018593, 12.561000857334772, 13.244165191279958, 14.119554027331803, 15.243071963401546, 16.698923818123458, 18.618898874872908, 20.0, 20.0, 20.0, 20.0, 20.0, 20.0, 20.0, 20.0, 20.0, 20.0, 20.0]",24.91498258022541,-0.03574437432524036,0.0642,-0.1352,0.2083,0.3376,10.3254,-0.0012,-0.0135,-9.8098,15.3,,50.0,,,,-0.1915,0.0138,0.192,355.88,14.94,1.22388,0.0764,183.64,23.797,1,57.22,49.361,1,3,10,0.7,9.686,0,0.0,0,0
1790618475.4996593,47.3981843,8.546476799999999,9.50200080871582,-0.07969554513692856,-0.001128312898799777,0.0001870528794825077,154.91,-0.09056428219842819,0.042404136471380534,0.0,159.73197380065915,10.954662486327974,17.231481999824595,-1.5986718974124552,-34.88157605124806,-6.635497157485528,0.07882881530577872,8.954648971557617,0.500974695680002,0.0,"[20.0, 20.0, 20.0, 20.0, 20.0, 20.0, 20.0, 20.0, 20.0, 20.0, 20.0, 20.0, 20.0, 20.0, 20.0, 20.0, 20.0, 20.0, 20.0, 20.0, 20.0, 20.0, 20.0, 20.0, 20.0, 20.0, 20.0, 20.0, 20.0, 20.0, 20.0, 20.0, 20.0, 20.0, 20.0, 20.0, 20.0, 20.0, 19.0561220103508, 17.010585565984602, 15.467935263506291, 14.28147248557732, 13.358480808005723, 12.637893359828691, 12.078285655310596, 11.651047144573482, 11.336329743884187, 11.120575702493543, 10.994996508155094, 10.954662486327974, 10.998018941944766, 11.086586380543794, 11.244160979765272, 11.495024829385544, 11.84957834287769, 12.323473678210082, 12.939431973978891, 13.730196935262983, 14.74341462081546, 16.04996951161991, 17.758912543853366, 20.0, 20.0, 20.0, 20.0, 20.0, 20.0, 20.0, 20.0, 20.0, 20.0, 20.0]",24.91498258022541,-0.03574437432524036,0.1046,-0.0938,0.3227,0.2403,10.2199,0.0042,-0.0103,-9.7938,15.3,,50.0,,,,-0.1654,-0.0735,0.1809,23.95,14.94,1.22388,0.0797,180.81,23.782,1,57.42,49.377,1,3,10,0.7,9.685,0,0.0,0,0
1790618475.7007546,47.398184099999995,8.546476799999999,9.50200080871582,-0.08295146375894547,-0.002639917191118002,0.00036460504634305835,156.96,-0.09202318473658705,0.03913736668372023,0.0,161.76384063720707,10.960485407092648,18.006667039873708,-1.5976496052238565,-32.243194114435425,-6.634518360500031,0.08288888773943219,8.954072952270508,0.4817660408674404,0.0,"[20.0, 20.0, 20.0, 20.0, 20.0, 20.0, 20.0, 20.0, 20.0, 20.0, 20.0, 20.0, 20.0, 20.0, 20.0, 20.0, 20.0, 20.0, 20.0, 20.0, 20.0, 20.0, 20.0, 20.0, 20.0, 20.0, 20.0, 20.0, 20.0, 20.0, 20.0, 20.0, 20.0, 20.0, 20.0, 20.0, 20.0, 20.0, 20.0, 17.77648364856469, 16.049717385475436, 14.730902823200747, 13.708776774031199, 12.911177014895713, 12.289674846204893, 11.811019673653755, 11.452142228713022, 11.197134616521325, 11.035392865933732, 10.960485407092648, 10.969509750907763, 11.047938867423658, 11.169288824222281, 11.380911747317645, 11.691405804030666, 12.11409825904501, 12.668533074004975, 13.382889455262157, 14.297941276318149, 15.473717274195392, 17.001180526896636, 19.02387510877053, 20.0, 20.0, 20.0, 20.0, 20.0, 20.0, 20.0, 20.0, 20.0, 20.0]",24.91498258022541,-0.03574437432524036,0.1264,-0.0716,-0.0548,0.0755,10.3439,-0.0047,-0.0124,-9.8078,15.3,,50.0,,,,-0.2078,-0.1581,0.2611,37.27,14.94,1.22388,0.083,181.82,23.762,1,57.62,49.396,1,3,10,0.7,9.694,0,0.0,0,0
1790618475.9007883,47.398184,8.546476799999999,9.50200080871582,-0.08486771583557129,-0.0057619051076471806,0.0006510684033855796,159.01,-0.19775587761255145,0.07450113860367426,0.0,163.8326146697998,10.269997980743248,18.56480026870907,-1.5941965575462222,-29.584341152874515,-6.801274540417736,0.08474668211697318,8.956205368041992,0.4617125661581782,0.037194958323414185,"[20.0, 20.0, 20.0, 20.0, 20.0, 20.0, 20.0, 20.0, 20.0, 20.0, 20.0, 20.0, 20.0, 20.0, 20.0, 20.0, 20.0, 20.0, 20.0, 20.0, 20.0, 20.0, 20.0, 20.0, 20.0, 20.0, 20.0, 20.0, 20.0, 20.0, 20.0, 20.0, 20.0, 20.0, 20.0, 20.0, 20.0, 20.0, 20.0, 18.6442889945231, 16.70338376321818, 15.233485550362413, 14.099995086331637, 13.21712773613983, 12.528034193738844, 11.993992071215114, 11.58820597174934, 11.292106136923868, 11.093082664478006, 10.98309351569425, 10.269997980743248, 11.016353292320957, 11.112074024040684, 11.285926947474476, 11.554641825572496, 11.92946975239234, 12.427180843465338, 13.072047769898996, 13.89907400784856, 14.959353710879414, 16.329296818845403, 18.127314253173267, 20.0, 20.0, 20.0, 20.0, 20.0, 20.0, 20.0, 20.0, 20.0, 20.0]",24.91498258022541,-0.03574437432524036,0.11,-0.0729,-0.0937,-0.0287,10.2875,-0.0067,-0.0115,-9.8068,15.3,,50.0,,,,-0.2798,-0.1688,0.3268,31.1,14.94,1.22388,0.0851,183.88,23.746,1,57.82,49.412,1,3,10,0.7,9.647,0,0.0,0,0
1790618476.1015441,47.3981838,8.546476799999999,9.5,-0.09492296725511551,-0.005253948271274567,-3.976938023697585e-05,161.05,-0.20530889630940188,0.06925246517161156,0.0,165.86911849975587,10.961681412430334,18.96665619347053,-1.5891177263198155,-26.918713937605617,-6.804128232538376,0.09480847973151137,8.959840774536133,0.4409840397655201,0.0030894821707329176,"[20.0, 20.0, 20.0, 20.0, 20.0, 20.0, 20.0, 20.0, 20.0, 20.0, 20.0, 20.0, 20.0, 20.0, 20.0, 20.0, 20.0, 20.0, 20.0, 20.0, 20.0, 20.0, 20.0, 20.0, 20.0, 20.0, 20.0, 20.0, 20.0, 20.0, 20.0, 20.0, 20.0, 20.0, 20.0, 20.0, 20.0, 20.0, 20.0, 19.624789342237037, 17.43415394941811, 15.79158686536514, 14.53296160706878, 13.555708078426827, 12.792829063487998, 12.199137039295632, 11.743516944713777, 11.40437426269214, 11.166871246049581, 11.021225713005032, 10.961681412430334, 10.985937380844371, 11.071353733862647, 11.208771629831142, 11.437786152308208, 11.767782150923605, 12.213095947375018, 12.794642939947055, 13.542561742240784, 14.500558932937212, 15.733265577260163, 17.339254714083438, 19.475451211029466, 20.0, 20.0, 20.0, 20.0, 20.0, 20.0, 20.0, 20.0, 20.0]",24.91498258022541,-0.03574437432524036,0.0674,-0.665,-0.0875,-3.1335,10.2687,-0.0046,-0.0104,-9.7989,15.3,,50.0,,,,-0.4054,-0.1993,0.4518,26.17,14.94,1.22388,0.0951,183.17,23.729,1,58.02,49.43,1,3,10,0.7,9.699,0,0.0,0,0
1790618476.3025968,47.398183599999996,8.5464767,9.5,-0.12368529289960861,-7.069345156196505e-05,0.00024053326342254877,163.11,-0.21238671879448645,0.06337694584495521,0.0,167.91492782592775,10.231791728440788,19.25599245929878,-1.5818302117531824,-24.20384464338599,-6.843258138850567,0.12366190671117594,8.965143203735352,0.41919272273442776,0.0032319531223660874,"[20.0, 20.0, 20.0, 20.0, 20.0, 20.0, 20.0, 20.0, 20.0, 20.0, 20.0, 20.0, 20.0, 20.0, 20.0, 20.0, 20.0, 20.0, 20.0, 20.0, 20.0, 20.0, 20.0, 20.0, 20.0, 20.0, 20.0, 20.0, 20.0, 20.0, 20.0, 20.0, 20.0, 20.0, 20.0, 20.0, 20.0, 20.0, 20.0, 20.0, 18.26669458240798, 16.422195409532915, 15.019859141932244, 13.93589542231135, 13.090779603801632, 12.43150588767083, 11.921834572448864, 11.536651694239088, 11.258582457316582, 11.07591284618932, 10.981316304271333, 10.231791728440788, 11.044906262462002, 11.148253515641846, 11.338752725165634, 11.6258938324263, 12.021826365823507, 12.54451487666664, 13.21990527717505, 14.08545813252116, 15.196046897126712, 16.634190462724717, 18.528754192387332, 20.0, 20.0, 20.0, 20.0, 20.0, 20.0, 20.0, 20.0, 20.0]",24.91498258022541,-0.03574437432524036,0.0417,-0.9323,-0.1844,0.0961,10.2225,-0.0155,-0.0036,-9.8124,15.3,,50.0,,,,-0.5049,-0.0429,0.5067,4.86,14.94,1.22388,0.1237,180.03,23.705,1,58.22,49.455,1,3,10,0.7,9.694,0,0.0,0,0
1790618476.502998,47.3981833,8.5464766,9.50100040435791,-0.15541258454322815,0.005078046582639217,-0.00028996678884141147,165.18,-0.2643894061087269,0.06876863775521937,0.0,170.00209968566895,10.969883693487839,19.464314570695123,-1.5743980810154632,-21.458169597820387,-6.624805569933262,0.1554812208501233,8.969829559326172,0.39660382594328086,0.0024041445848921057,"[20.0, 20.0, 20.0, 20.0, 20.0, 20.0, 20.0, 20.0, 20.0, 20.0, 20.0, 20.0, 20.0, 20.0, 20.0, 20.0, 20.0, 20.0, 20.0, 20.0, 20.0, 20.0, 20.0, 20.0, 20.0, 20.0, 20.0, 20.0, 20.0, 20.0, 20.0, 20.0, 20.0, 20.0, 20.0, 20.0, 20.0, 20.0, 20.0, 20.0, 19.211604782321643, 17.1302453636847, 15.562649964632486, 14.358015558564023, 13.421279036625146, 12.689947701624808, 12.121685146458518, 11.687270202086612, 11.366427434503544, 11.145285755677909, 11.014814339971815, 10.969883693487839, 11.008761057933636, 11.102432876691292, 11.255482503874875, 11.501568183077346, 11.850863270958083, 12.318727922313519, 12.927482786947746, 13.709291129360928, 14.710914009742586, 16.00181592365073, 17.688638245287084, 19.94265784375462, 20.0, 20.0, 20.0, 20.0, 20.0, 20.0, 20.0, 20.0]",24.91498258022541,-0.03574437432524036,0.0171,-0.8325,-0.0569,0.9978,10.2887,-0.0119,-0.0019,-9.8043,15.3,,50.0,,,,-0.384,-0.0706,0.3904,10.42,14.94,1.22388,0.1555,178.13,23.673,1,58.42,49.488,1,3,10,0.7,9.711,0,0.0,0,0
1790618476.7031848,47.398182999999996,8.5464766,9.505000114440918,-0.1841612160205841,0.0098887262865901,-0.0006124163046479225,167.24,-0.3493803038652642,0.07779454905991579,0.0,172.043279876709,10.248440260760528,19.61430649090049,-1.5685381957478448,-18.715917700987916,-5.905434781448555,0.18431735206114755,8.972431182861328,0.3736281294550619,0.004322208198058443,"[20.0, 20.0, 20.0, 20.0, 20.0, 20.0, 20.0, 20.0, 20.0, 20.0, 20.0, 20.0, 20.0, 20.0, 20.0, 20.0, 20.0, 20.0, 20.0, 20.0, 20.0, 20.0, 20.0, 20.0, 20.0, 20.0, 20.0, 20.0, 20.0, 20.0, 20.0, 20.0, 20.0, 20.0, 20.0, 20.0, 20.0, 20.0, 20.0, 20.0, 20.0, 17.918407309060516, 16.161384799928996, 14.820890908877164, 13.782597619109392, 12.972522476563823, 12.341095138444679, 11.854314198486772, 11.488594355416023, 11.227656891947806, 11.060617927088515, 10.980821923705824, 10.248440260760528, 11.069846306554494, 11.186590208031438, 11.393458052388459, 11.698833740979962, 12.1157779550492, 12.663478649507267, 13.369610365181437, 14.274192780546935, 15.436068734788636, 16.94423376914088, 18.93876112677823, 20.0, 20.0, 20.0, 20.0, 20.0, 20.0, 20.0, 20.0]",24.91498258022541,-0.03574437432524036,-0.0048,-0.8911,0.0871,-0.3344,10.088,-0.0178,-0.0057,-9.8043,15.3,,50.0,,,,-0.3185,-0.1787,0.3652,29.29,14.94,1.22388,0.1844,176.93,23.633,1,58.62,49.528,1,3,10,0.7,9.675,0,0.0018,0,0
1790618476.9029582,47.3981826,8.5464766,9.507000923156738,-0.21721875667572021,0.01686420664191246,-0.0008591564255766571,169.25,-1.1430634110140652,0.18953506585915186,0.0,174.0525302886963,10.972989795790967,19.722300673448352,-1.5653425426792085,-16.03511376932255,-4.5641047577509335,0.21750317921737125,8.972049713134766,0.35083510712364563,0.750262107086778,"[20.0, 20.0, 20.0, 20.0, 20.0, 20.0, 20.0, 20.0, 20.0, 20.0, 20.0, 20.0, 20.0, 20.0, 20.0, 20.0, 20.0, 20.0, 20.0, 20.0, 20.0, 20.0, 20.0, 20.0, 20.0, 20.0, 20.0, 20.0, 20.0, 20.0, 20.0, 20.0, 20.0, 20.0, 20.0, 20.0, 20.0, 20.0, 20.0, 20.0, 20.0, 18.77972784317116, 16.808710512159458, 15.31763219945652, 14.16858721087014, 13.27387585524785, 12.575472694649601, 12.033896114043587, 11.6218380641371, 11.320367110923458, 11.116605982424547, 11.002304012648736, 10.972989795790967, 11.027534551970446, 11.131360094104926, 11.301252510000628, 11.565798247768905, 11.936044025638902, 12.428494907491832, 13.067056692933505, 13.886195810398819, 14.9361785562612, 16.292070181125013, 18.06996744802537, 20.0, 20.0, 20.0, 20.0, 20.0, 20.0, 20.0, 20.0]",24.91498258022541,-0.03574437432524036,-0.0001,-1.2674,0.2165,-1.4922,9.9966,-0.0274,-0.011,-9.8015,15.3,,50.0,,,,-0.4897,-0.1808,0.522,20.26,14.94,1.22388,0.2179,175.56,23.59,1,58.82,49.571,1,3,10,0.7,9.678,0,0.0,0,0
1790618477.1033952,47.3981821,8.5464766,9.51200008392334,-0.3172447979450226,0.03379489853978157,-0.027147194370627403,171.27,-1.4054698843182702,0.18861951011202666,0.0,176.08480407714842,10.287798932433677,19.800056484882813,-1.5651215793071764,-13.334956550232732,-2.6494267592231258,0.31783317713663467,8.967998504638672,0.32751021014208564,0.003328634178351096,"[20.0, 20.0, 20.0, 20.0, 20.0, 20.0, 20.0, 20.0, 20.0, 20.0, 20.0, 20.0, 20.0, 20.0, 20.0, 20.0, 20.0, 20.0, 20.0, 20.0, 20.0, 20.0, 20.0, 20.0, 20.0, 20.0, 20.0, 20.0, 20.0, 20.0, 20.0, 20.0, 20.0, 20.0, 20.0, 20.0, 20.0, 20.0, 20.0, 20.0, 20.0, 19.75219576517686, 17.530532110813976, 15.866656312212323, 14.59268004126856, 13.603919036088776, 12.832109677089232, 12.231264285179233, 11.769737767006982, 11.425568326524473, 11.183651500133431, 11.034000852869758, 10.970693440785153, 10.287798932433677, 11.08690291036674, 11.220677786795381, 11.445894432690544, 11.771762434056015, 12.212396694517516, 12.788413225409236, 13.529521825555179, 14.478782235899024, 15.699798913697181, 17.28942404275708, 19.40150938986025, 20.0, 20.0, 20.0, 20.0, 20.0, 20.0, 20.0]",24.91498258022541,-0.03574437432524036,0.0277,-5.5153,0.5794,-18.4446,10.086,-0.047,0.0003,-9.8008,15.3,,50.0,,,,-0.6068,0.013,0.6069,358.77,14.94,1.22388,0.319,173.92,23.539,1,59.02,49.622,1,3,10,0.7,9.686,0,0.0156,0,0
1790618477.305204,47.3981814,8.546476799999999,9.517000198364258,-0.5540848970413208,0.06685280799865723,-0.02230015955865383,173.32,-1.7238352360929436,0.19587017062671755,0.0,175.78834472808865,10.962090390536062,19.856040669115625,-1.5682985415672825,-2.4683447280886526,0.19973542217921444,0.5552416699183769,14.0,0.0,0.6070920668489698,"[20.0, 20.0, 20.0, 20.0, 20.0, 20.0, 20.0, 20.0, 20.0, 20.0, 20.0, 20.0, 20.0, 20.0, 20.0, 20.0, 20.0, 20.0, 20.0, 20.0, 20.0, 20.0, 20.0, 20.0, 20.0, 20.0, 20.0, 20.0, 20.0, 20.0, 20.0, 20.0, 20.0, 20.0, 20.0, 20.0, 20.0, 20.0, 20.0, 20.0, 20.0, 20.0, 18.34345984370381, 16.478011827067355, 15.060998751568704, 13.966272407852458, 13.112940364824492, 12.447155927867565, 11.932135358857542, 11.542395276223408, 11.260297147502708, 11.073927723067284, 10.97579948709905, 10.962090390536062, 11.032273015993836, 11.149797991380003, 11.336560483737482, 11.619625085193137, 12.010938857705344, 12.528197754963854, 13.196970806203012, 14.054162705625844, 15.153786459869028, 16.576959155630004, 18.45012514472891, 20.0, 20.0, 20.0, 20.0, 20.0, 20.0, 20.0]",24.91498258022541,-0.03574437432524036,-0.0427,-8.2757,0.8678,-4.512,10.0457,-0.0628,0.0006,-9.805,15.3,,50.0,,,,-0.6532,0.1091,0.6622,350.52,14.94,1.22388,0.5581,173.12,23.449,1,59.22,49.712,1,3,10,0.7,9.658,0,0.227,0,0
1790618477.5048602,47.398179999999996,8.546477,9.518000602722168,-0.8515076041221619,0.09904298931360245,-0.01797821745276451,175.3,-1.7808266726614614,0.14512576128511076,0.0,175.81327398322605,10.240871999867927,19.89634928176325,-1.5738552555846719,-0.5132739832260427,1.9345379827724036,0.853163569570119,14.0,0.0,0.13718024573826457,"[20.0, 20.0, 20.0, 20.0, 20.0, 20.0, 20.0, 20.0, 20.0, 20.0, 20.0, 20.0, 20.0, 20.0, 20.0, 20.0, 20.0, 20.0, 20.0, 20.0, 20.0, 20.0, 20.0, 20.0, 20.0, 20.0, 20.0, 20.0, 20.0, 20.0, 20.0, 20.0, 20.0, 20.0, 20.0, 20.0, 20.0, 20.0, 20.0, 20.0, 20.0, 20.0, 19.216087848574286, 17.125667625505386, 15.552186118166833, 14.343489701488581, 13.403775865252271, 12.670120114649343, 12.099918681923633, 11.663774812705665, 11.341289925624293, 11.118499530816647, 10.986295059855719, 10.939475288262134, 10.240871999867927, 11.091502265848613, 11.242294999521928, 11.485863565860056, 11.832264728246662, 12.296705350304181, 12.901294207644296, 13.677888311033072, 14.67278623590913, 15.95472073811326, 17.629112224682753, 19.865065726249426, 20.0, 20.0, 20.0, 20.0, 20.0, 20.0]",24.91498258022541,-0.03574437432524036,-0.1419,-9.3905,0.5291,-0.4719,7.9989,-0.0914,0.0026,-9.8517,15.3,,50.0,,,,-0.512,0.2232,0.5585,336.45,14.94,1.22388,0.8572,173.37,23.299,1,59.42,49.863,1,3,10,0.7,9.633,0,0.578,0,0
1790618477.705468,47.398178099999996,8.5464773,9.515000343322754,-1.1550320386886597,0.12452832609415054,-0.0030812702607363462,176.66,-1.7758488967998551,0.10565483681489846,0.0,175.84978321015296,10.9183718898293,19.92537148286954,-1.5813971552233361,0.8102167898470327,2.813503470373648,1.1570065056949637,14.0,0.0,0.09577220409968543,"[20.0, 20.0, 20.0, 20.0, 20.0, 20.0, 20.0, 20.0, 20.0, 20.0, 20.0, 20.0, 20.0, 20.0, 20.0, 20.0, 20.0, 20.0, 20.0, 20.0, 20.0, 20.0, 20.0, 20.0, 20.0, 20.0, 20.0, 20.0, 20.0, 20.0, 20.0, 20.0, 20.0, 20.0, 20.0, 20.0, 20.0, 20.0, 20.0, 20.0, 20.0, 20.0, 19.857472481139965, 17.593614347292064, 15.90175150518247, 14.608157430681871, 13.604948236122294, 12.821986645051352, 12.212123429246077, 11.74295413927654, 11.391992834699694, 11.14375057895195, 10.987937902948627, 10.9183718898293, 10.932359607622287, 11.030439199481252, 11.179551284397174, 11.396825579626364, 11.713627408213428, 12.143608017406399, 12.706749934347627, 13.431857042889662, 14.360635791956632, 15.5545747793033, 17.107044288529412, 19.16580664275841, 20.0, 20.0, 20.0, 20.0, 20.0, 20.0]",24.91498258022541,-0.03574437432524036,-0.0705,-8.6527,1.5886,7.6884,3.876,-0.1236,-0.0023,-9.8474,15.3,,50.0,,,,-0.421,0.3019,0.518,324.36,14.94,1.22388,1.1617,173.85,23.082,1,59.62,50.08,1,3,10,0.7,9.671,0,0.9027,0,0
1790618477.906773,47.398175699999996,8.5464778,9.510000228881836,-1.4037657976150513,0.13443638384342194,0.005458937957882881,177.16,-1.7647511972639058,0.09066792261358925,0.0,175.89634065211175,10.2825506617471,19.94626746766607,-1.5891462377226584,1.2636593478882503,2.6304407973918655,1.405753866041401,14.0,0.0,0.03212455611806852,"[20.0, 20.0, 20.0, 20.0, 20.0, 20.0, 20.0, 20.0, 20.0, 20.0, 20.0, 20.0, 20.0, 20.0, 20.0, 20.0, 20.0, 20.0, 20.0, 20.0, 20.0, 20.0, 20.0, 20.0, 20.0, 20.0, 20.0, 20.0, 20.0, 20.0, 20.0, 20.0, 20.0, 20.0, 20.0, 20.0, 20.0, 20.0, 20.0, 20.0, 20.0, 20.0, 20.0, 17.74104605441376, 16.006091725186682, 14.682027791977937, 13.65627878843367, 12.85594896468717, 12.232173436884642, 11.75142526074982, 11.390446755725392, 11.133189419712066, 10.968932336734351, 10.891134597788394, 10.896779678436724, 10.2825506617471, 11.14852757617128, 11.356137556044454, 11.662066112097849, 12.079410893772062, 12.627403926582486, 13.333780662278977, 14.238655549403992, 15.40103218313118, 16.910197726043542, 18.906788606680475, 20.0, 20.0, 20.0, 20.0, 20.0, 20.0]",24.91498258022541,-0.03574437432524036,0.2976,-6.6744,1.7327,9.7941,-0.0783,-0.1291,-0.0054,-9.8403,15.3,,50.0,,,,-0.4289,0.1844,0.4669,336.73,14.94,1.22388,1.4102,174.53,22.809,1,59.82,50.353,1,3,10,0.7,9.636,0,1.1767,0,0
1790618478.10752,47.3981729,8.5464782,9.503000259399414,-1.5799213647842407,0.12836065888404846,0.007499055005609989,176.95000000000002,-1.7713559107122505,0.09686508172159981,0.0,175.94943667574398,10.256390065556438,19.961312576719568,-1.5935604364694618,1.000563324256035,1.5947919379393822,1.5816762771255026,14.0,0.0,0.018598133508868325,"[20.0, 20.0, 20.0, 20.0, 20.0, 20.0, 20.0, 20.0, 20.0, 20.0, 20.0, 20.0, 20.0, 20.0, 20.0, 20.0, 20.0, 20.0, 20.0, 20.0, 20.0, 20.0, 20.0, 20.0, 20.0, 20.0, 20.0, 20.0, 20.0, 20.0, 20.0, 20.0, 20.0, 20.0, 20.0, 20.0, 20.0, 20.0, 20.0, 20.0, 20.0, 20.0, 19.90031406458232, 17.60861121011474, 15.898726596424295, 14.592756330169928, 13.580563401139717, 12.79071027426764, 12.175251866807063, 11.701268511884045, 11.34592039082501, 11.09345837242665, 10.933385477028969, 10.859336944546927, 10.8684436622657, 10.256390065556438, 11.140776857334599, 11.3547407162798, 11.664715484953065, 12.086657729308957, 12.640080015396489, 13.35311600098367, 14.266474555562828, 15.440091500744638, 16.964795387265497, 18.98393147022262, 20.0, 20.0, 20.0, 20.0, 20.0, 20.0]",24.91498258022541,-0.03574437432524036,0.5802,-4.8296,0.7257,8.2099,-2.5095,-0.1675,0.0048,-9.8395,15.3,,50.0,,,,-0.5955,-0.008,0.5955,0.77,14.94,1.22388,1.5851,175.36,22.497,1,60.02,50.666,1,3,10,0.7,9.658,0,1.2874,0,0
1790618478.3093584,47.3981699,8.5464785,9.498000144958496,-1.6933772563934326,0.11367959529161453,0.006740889512002468,176.41,-1.7859784359038908,0.11306407353571646,0.0,176.00547859122162,10.829809610963204,19.972145055238087,-1.5921708223742377,0.4045214087784075,0.2506107150006223,1.6948153758550064,14.0,0.0,0.04263552072978367,"[20.0, 20.0, 20.0, 20.0, 20.0, 20.0, 20.0, 20.0, 20.0, 20.0, 20.0, 20.0, 20.0, 20.0, 20.0, 20.0, 20.0, 20.0, 20.0, 20.0, 20.0, 20.0, 20.0, 20.0, 20.0, 20.0, 20.0, 20.0, 20.0, 20.0, 20.0, 20.0, 20.0, 20.0, 20.0, 20.0, 20.0, 20.0, 20.0, 20.0, 20.0, 20.0, 19.569101550685517, 17.357352668338788, 15.70215830511104, 14.435457908075529, 13.452611958623944, 12.685459596739094, 12.08811716226197, 11.62902482140748, 11.28628068889201, 11.044812825812427, 10.89463884663672, 10.829809610963204, 10.84781742981605, 10.949355233989165, 11.138382605181453, 11.376484036857017, 11.697623383226885, 12.132437211561498, 12.701219800281248, 13.433219466183772, 14.37081201746726, 15.576548509270955, 17.145581264383118, 19.22885578107627, 20.0, 20.0, 20.0, 20.0, 20.0, 20.0]",24.91498258022541,-0.03574437432524036,0.6145,-3.5197,-0.5519,5.2516,-3.1744,-0.1881,-0.0007,-9.8224,15.3,,50.0,,,,-0.7362,-0.1182,0.7456,9.12,14.94,1.22388,1.6972,176.16,22.161,1,60.23,51.002,1,3,10,0.7,9.676,0,1.3244,0,0
1790618478.5101867,47.3981668,8.5464788,9.494000434875488,-1.7647989988327026,0.09972181171178818,0.005950666032731533,175.87,-1.7904183337350255,0.12879786073109667,0.0,176.06230218773158,10.806198362682043,19.979944439771423,-1.5847271286786988,-0.19230218773157048,-0.8958812846949662,1.765977427162658,14.0,0.0,0.043394286884674296,"[20.0, 20.0, 20.0, 20.0, 20.0, 20.0, 20.0, 20.0, 20.0, 20.0, 20.0, 20.0, 20.0, 20.0, 20.0, 20.0, 20.0, 20.0, 20.0, 20.0, 20.0, 20.0, 20.0, 20.0, 20.0, 20.0, 20.0, 20.0, 20.0, 20.0, 20.0, 20.0, 20.0, 20.0, 20.0, 20.0, 20.0, 20.0, 20.0, 20.0, 20.0, 20.0, 19.257676738664692, 17.121311699544243, 15.517920148892143, 14.288557396596367, 13.333710016812915, 12.588289266373165, 12.008353368703933, 11.563629223590457, 11.233106725698407, 11.00236152234099, 10.861907000300508, 10.806198362682043, 10.83308386279813, 10.943598603929132, 11.142063257050086, 11.405316399690083, 11.737941110065774, 12.186079420013979, 12.770846477075706, 13.522667347805436, 14.48568577643514, 15.725239197353767, 17.34111022779654, 19.492434360467715, 20.0, 20.0, 20.0, 20.0, 20.0, 20.0]",24.91498258022541,-0.03574437432524036,0.4339,-2.7491,-1.2373,2.9953,-2.3546,-0.1912,-0.0057,-9.8062,15.3,,50.0,,,,-0.8761,-0.0891,0.8806,5.81,14.94,1.22388,1.7676,176.77,21.812,1,60.43,51.351,1,3,10,0.7,9.728,0,1.3273,0,0
1790618478.709764,47.3981636,8.546479099999999,9.491000175476074,-1.808699131011963,0.09376593679189682,0.005292645655572414,175.54,-1.7797079859932279,0.1373665989150334,0.0,176.11974681874688,10.374034107894802,19.985559996635423,-1.5745675654656959,-0.5797468187469121,-1.4923492582944204,1.8097483393578426,14.0,0.0,0.028097082609278887,"[20.0, 20.0, 20.0, 20.0, 20.0, 20.0, 20.0, 20.0, 20.0, 20.0, 20.0, 20.0, 20.0, 20.0, 20.0, 20.0, 20.0, 20.0, 20.0, 20.0, 20.0, 20.0, 20.0, 20.0, 20.0, 20.0, 20.0, 20.0, 20.0, 20.0, 20.0, 20.0, 20.0, 20.0, 20.0, 20.0, 20.0, 20.0, 20.0, 20.0, 20.0, 20.0, 19.0617168830588, 16.97094795399147, 15.399106016996347, 14.192607128297825, 13.254976246512134, 12.522957593843485, 11.953774485993764, 11.517929482443845, 11.194952146218919, 10.970811197488045, 10.83632156015989, 10.786184612048272, 10.818465333785715, 10.934407093767854, 10.374034107894802, 11.425896817976327, 11.765692447224502, 12.222187243926772, 12.817017434698792, 13.581358179943285, 14.560484369533736, 15.821522983362442, 17.46724328418236, 19.662091535162123, 20.0, 20.0, 20.0, 20.0, 20.0, 20.0]",24.91498258022541,-0.03574437432524036,0.1826,-2.281,-1.1739,1.8654,-0.8679,-0.2006,-0.0174,-9.8126,15.3,,50.0,,,,-0.8265,-0.057,0.8285,3.94,14.94,1.22388,1.8111,177.03,21.458,1,60.63,51.705,1,3,10,0.7,9.742,0,1.3969,0,0
1790618478.9107523,47.398160399999995,8.5464793,9.49000072479248,-1.833969235420227,0.09750556945800781,0.004970476031303406,175.45000000000002,-1.7756180207431371,0.13948244285098294,0.0,176.17987957797055,10.76465428817506,19.989603197577505,-1.5664131458559576,-0.7298795779705358,-1.5066541597991743,1.835006893677336,14.0,0.0,0.010770910256293975,"[20.0, 20.0, 20.0, 20.0, 20.0, 20.0, 20.0, 20.0, 20.0, 20.0, 20.0, 20.0, 20.0, 20.0, 20.0, 20.0, 20.0, 20.0, 20.0, 20.0, 20.0, 20.0, 20.0, 20.0, 20.0, 20.0, 20.0, 20.0, 20.0, 20.0, 20.0, 20.0, 20.0, 20.0, 20.0, 20.0, 20.0, 20.0, 20.0, 20.0, 20.0, 20.0, 18.980504039088213, 16.90506399970889, 15.344034330401884, 14.145482685707547, 13.213886580446264, 12.486573614468703, 11.921142400121607, 11.488347265107569, 11.167893132287588, 10.945875345656757, 10.813203795377541, 10.76465428817506, 10.79835344654954, 10.915599447280407, 11.120985934234968, 11.422851609368037, 11.77256042938772, 12.231320062801247, 12.828878388364995, 13.596616413572459, 14.580120175146297, 15.847010252644584, 17.500882330378683, 19.707657783737652, 20.0, 20.0, 20.0, 20.0, 20.0, 20.0]",24.91498258022541,-0.03574437432524036,-0.0033,-1.9095,-0.5595,1.4661,0.4177,-0.1976,-0.0179,-9.8119,15.3,,50.0,,,,-0.9534,-0.0639,0.9556,3.84,14.94,1.22388,1.8366,176.96,21.103,1,60.83,52.06,1,3,10,0.7,9.731,0,1.3588,0,0
1790618479.111501,47.3981572,8.5464796,9.491000175476074,-1.8438621759414673,0.10457877814769745,0.004124719649553299,175.57,-1.7773957192823682,0.13602115302693796,0.0,176.24220373715252,10.74193704850383,19.992514302255803,-1.5599326623864598,-0.6722037371525289,-1.1838192196717523,1.8449122447146786,14.0,0.0,0.004139337539115409,"[20.0, 20.0, 20.0, 20.0, 20.0, 20.0, 20.0, 20.0, 20.0, 20.0, 20.0, 20.0, 20.0, 20.0, 20.0, 20.0, 20.0, 20.0, 20.0, 20.0, 20.0, 20.0, 20.0, 20.0, 20.0, 20.0, 20.0, 20.0, 20.0, 20.0, 20.0, 20.0, 20.0, 20.0, 20.0, 20.0, 20.0, 20.0, 20.0, 20.0, 20.0, 20.0, 18.997922447299175, 16.91200296720212, 15.344046450985616, 14.140648416390963, 13.205475212314546, 12.475377658675637, 11.907657643150833, 11.472874290686315, 11.150596231320215, 10.926816838671165, 10.79236316395223, 10.74193704850383, 10.773592180151375, 10.888547778379559, 11.091304939850412, 11.390086766334052, 11.761044220388388, 12.216693882279394, 12.81049737162015, 13.57355529248425, 14.55103026954078, 15.809872230644459, 17.452556131586277, 19.64300715193901, 20.0, 20.0, 20.0, 20.0, 20.0, 20.0]",24.91498258022541,-0.03574437432524036,-0.0713,-1.6652,-0.0907,0.8138,1.2263,-0.1968,-0.0047,-9.8044,15.3,,50.0,,,,-0.9483,-0.0398,0.9491,2.4,14.94,1.22388,1.8468,176.75,20.749,1,61.03,52.414,1,3,10,0.7,9.741,0,1.3723,0,0
1790618479.312349,47.3981541,8.546479999999999,9.495000839233398,-1.8449677228927612,0.11248427629470825,0.0027882058639079332,175.81,-1.7824507165035608,0.12933714345171157,0.0,176.30762325302567,10.638463206737258,19.994610297624178,-1.5563036359946123,-0.49762325302569366,-0.7011006941102957,1.8460114650332906,14.0,0.0,0.012535934984311754,"[20.0, 20.0, 20.0, 20.0, 20.0, 20.0, 20.0, 20.0, 20.0, 20.0, 20.0, 20.0, 20.0, 20.0, 20.0, 20.0, 20.0, 20.0, 20.0, 20.0, 20.0, 20.0, 20.0, 20.0, 20.0, 20.0, 20.0, 20.0, 20.0, 20.0, 20.0, 20.0, 20.0, 20.0, 20.0, 20.0, 20.0, 20.0, 20.0, 20.0, 20.0, 20.0, 19.06941608980187, 16.95830036256637, 15.37336367899665, 14.157904495728507, 13.213754435870134, 12.476675737755597, 11.903287619630097, 11.463698368577708, 11.137162697837176, 10.90944208292308, 10.771179870269645, 10.716919843955655, 10.744566521875546, 10.855184391703434, 11.053099442183656, 10.638463206737258, 11.737246439782265, 12.186678723970847, 12.772980517863857, 13.526696997515423, 14.492153619906171, 15.7349770503177, 17.355436275406145, 19.513538711612686, 20.0, 20.0, 20.0, 20.0, 20.0, 20.0]",24.91498258022541,-0.03574437432524036,-0.0558,-1.5679,0.3038,0.164,1.4334,-0.1993,-0.0103,-9.8039,15.3,,50.0,,,,-0.9528,-0.1263,0.9611,7.55,14.94,1.22388,1.8484,176.51,20.398,1,61.23,52.765,1,3,10,0.7,9.763,0,1.3678,0,0
1790618479.513167,47.3981509,8.5464804,9.5,-1.8454115390777588,0.1189911887049675,0.002232689643278718,176.05,-1.7874293979935882,0.12260841198702731,0.0,176.37440532750577,10.690319318166718,19.996119414289407,-1.555542698332073,-0.32440532750578654,-0.2607047697011133,1.8464056465307068,14.0,0.0,0.012511220036178184,"[20.0, 20.0, 20.0, 20.0, 20.0, 20.0, 20.0, 20.0, 20.0, 20.0, 20.0, 20.0, 20.0, 20.0, 20.0, 20.0, 20.0, 20.0, 20.0, 20.0, 20.0, 20.0, 20.0, 20.0, 20.0, 20.0, 20.0, 20.0, 20.0, 20.0, 20.0, 20.0, 20.0, 20.0, 20.0, 20.0, 20.0, 20.0, 20.0, 20.0, 20.0, 20.0, 19.138967529412522, 17.002562449042678, 15.400657962918483, 14.17319062402645, 13.220129512056822, 12.476135961799423, 11.897141090805633, 11.45280010737493, 11.122053077898274, 10.890429571302136, 10.748389568776135, 10.690319318166718, 10.71397481753412, 10.820266626310081, 11.013346678683718, 11.30101284079455, 11.695506739992368, 12.154164176302917, 12.732905034019252, 13.477214908664562, 14.430589481854904, 15.657347954962685, 17.255587723029386, 19.381476445151943, 20.0, 20.0, 20.0, 20.0, 20.0, 20.0]",24.91498258022541,-0.03574437432524036,0.0283,-1.5578,0.5139,-0.0827,1.1974,-0.2024,-0.0001,-9.7846,15.3,,50.0,,,,-1.0372,-0.0536,1.0386,2.96,14.94,1.22388,1.8492,176.31,20.06,1,61.43,53.103,1,3,10,0.7,9.723,0,1.33,0,0
1790618479.7135453,47.398147699999996,8.5464807,9.505000114440918,-1.8473255634307861,0.12117697298526764,0.0023289043456315994,176.25,-1.7911295600536687,0.11690368366798318,0.0,176.44634919212308,10.662852029970592,19.997205978288374,-1.5543194007534322,-0.19634919212307977,0.0029912604771663597,1.8482110066076127,14.0,0.0,0.009286836107774912,"[20.0, 20.0, 20.0, 20.0, 20.0, 20.0, 20.0, 20.0, 20.0, 20.0, 20.0, 20.0, 20.0, 20.0, 20.0, 20.0, 20.0, 20.0, 20.0, 20.0, 20.0, 20.0, 20.0, 20.0, 20.0, 20.0, 20.0, 20.0, 20.0, 20.0, 20.0, 20.0, 20.0, 20.0, 20.0, 20.0, 20.0, 20.0, 20.0, 20.0, 20.0, 20.0, 19.18805927019563, 17.031338548048176, 15.41592667093916, 14.178970644933033, 13.21890493596842, 12.469489459241247, 11.88609494555364, 11.438009174900937, 11.103917688477878, 10.86916246903068, 10.72405471404213, 10.662852029970592, 10.68318808568441, 10.785845510001021, 10.97483048581016, 11.257762561236175, 10.836930102525159, 12.126084740248743, 12.69852542940007, 13.435005333113535, 14.378337600555122, 15.59176871899599, 17.171619702558512, 19.27092849631422, 20.0, 20.0, 20.0, 20.0, 20.0, 20.0]",24.91498258022541,-0.03574437432524036,0.1222,-1.5589,0.4476,-0.0631,0.8701,-0.2061,-0.0087,-9.7959,15.3,,50.0,,,,-1.1553,0.0677,1.1572,356.65,14.94,1.22388,1.8513,176.25,19.705,1,61.63,53.458,1,3,10,0.7,9.755,0,1.2727,0,0
1790618479.9139051,47.3981445,8.5464811,9.508000373840332,-1.8511741161346436,0.119171142578125,0.002499873284250498,176.38,-1.79285494060475,0.11307552635852898,0.0,176.51912478515635,10.63774421337314,19.99798830436763,-1.5502508235677572,-0.13912478515638327,0.06338908788223122,1.8519244667558994,14.0,0.0,0.004173659546703216,"[20.0, 20.0, 20.0, 20.0, 20.0, 20.0, 20.0, 20.0, 20.0, 20.0, 20.0, 20.0, 20.0, 20.0, 20.0, 20.0, 20.0, 20.0, 20.0, 20.0, 20.0, 20.0, 20.0, 20.0, 20.0, 20.0, 20.0, 20.0, 20.0, 20.0, 20.0, 20.0, 20.0, 20.0, 20.0, 20.0, 20.0, 20.0, 20.0, 20.0, 20.0, 20.0, 19.207151075605385, 17.038562186627892, 15.415402298078998, 14.173084703212536, 13.20910079452868, 12.456662267245216, 11.870802084135077, 11.4205879875978, 11.084553438132115, 10.847927878760233, 10.70093216240835, 10.63774421337314, 10.655920042210019, 10.756159061857543, 10.942370738915285, 11.222054658084545, 11.60706474023063, 12.10825053378109, 12.67663888635326, 13.408088170889274, 14.344975343401297, 15.549862351150866, 17.117938540271343, 19.20025213704707, 20.0, 20.0, 20.0, 20.0, 20.0, 20.0]",24.91498258022541,-0.03574437432524036,0.1871,-1.5462,0.2128,0.0852,0.5041,-0.2036,-0.0086,-9.8054,15.3,,50.0,,,,-1.0581,0.1249,1.0654,353.27,14.94,1.22388,1.855,176.32,19.348,1,61.83,53.816,1,3,10,0.7,9.726,0,1.3223,0,0
1790618480.1152449,47.3981409,8.5464814,9.508000373840332,-1.8543883562088013,0.11360479891300201,0.003266597632318735,176.46,-1.7932051533650457,0.11060315306223542,0.0,176.59153904658524,10.615838790496682,19.998551579144696,-1.5426314679513697,-0.13153904658526017,-0.03428844193550591,1.854999679967576,14.0,0.0,0.0005518465433273573,"[20.0, 20.0, 20.0, 20.0, 20.0, 20.0, 20.0, 20.0, 20.0, 20.0, 20.0, 20.0, 20.0, 20.0, 20.0, 20.0, 20.0, 20.0, 20.0, 20.0, 20.0, 20.0, 20.0, 20.0, 20.0, 20.0, 20.0, 20.0, 20.0, 20.0, 20.0, 20.0, 20.0, 20.0, 20.0, 20.0, 20.0, 20.0, 20.0, 20.0, 20.0, 20.0, 19.207289121256725, 17.032674179212144, 15.40571360473917, 14.160842845758344, 13.195030236039994, 12.441188261157743, 11.854168121783195, 11.402920318043249, 11.065897455050028, 10.828268568042633, 10.68020484510194, 10.615838790496682, 10.632680267792438, 10.731377301991346, 10.915777827845218, 11.193303572433111, 11.575705612241487, 12.080351032992933, 12.665335289732937, 13.393825771210041, 14.326924861978924, 15.526787891304567, 17.08793143507774, 19.160219859876282, 20.0, 20.0, 20.0, 20.0, 20.0, 20.0]",24.91498258022541,-0.03574437432524036,0.2035,-1.5123,-0.047,0.1515,0.2354,-0.2057,-0.0047,-9.807,15.3,,50.0,,,,-1.0633,0.1493,1.0737,352.01,14.94,1.22388,1.8579,176.49,18.988,1,62.03,54.175,1,3,10,0.7,9.714,0,1.321,0,0
1790618480.3154795,47.3981377,8.5464817,9.510000228881836,-1.8565980195999146,0.10806059837341309,0.0025735197123140097,176.5,-1.7921617475795697,0.10948883851545936,0.0,176.66455581387834,10.595566384079122,19.99895713698418,-1.5330291442672623,-0.17455581387832808,-0.1789402486458727,1.8570855624258131,14.0,0.0,0.0031329933520227574,"[20.0, 20.0, 20.0, 20.0, 20.0, 20.0, 20.0, 20.0, 20.0, 20.0, 20.0, 20.0, 20.0, 20.0, 20.0, 20.0, 20.0, 20.0, 20.0, 20.0, 20.0, 20.0, 20.0, 20.0, 20.0, 20.0, 20.0, 20.0, 20.0, 20.0, 20.0, 20.0, 20.0, 20.0, 20.0, 20.0, 20.0, 20.0, 20.0, 20.0, 20.0, 20.0, 19.185508435125367, 17.01110266578959, 15.384565771864112, 14.14015323965939, 13.174753768958157, 12.421243645624452, 11.834457126955877, 11.383336007871465, 11.046327067088878, 10.80859356623601, 10.660299275897744, 10.595566384079122, 10.61189034058383, 10.709899242950625, 10.893413683905065, 11.169817903505592, 11.55081126007972, 11.225045087931878, 12.662723770206993, 13.390200420554772, 14.322002110850068, 15.520140408472047, 17.078893120599233, 19.147702686631924, 20.0, 20.0, 20.0, 20.0, 20.0, 20.0]",24.91498258022541,-0.03574437432524036,0.1856,-1.474,-0.0998,0.138,0.2097,-0.2108,-0.01,-9.811,15.3,,50.0,,,,-1.1118,0.2259,1.1345,348.51,14.94,1.22388,1.8597,176.67,18.627,1,62.23,54.536,1,3,10,0.7,9.693,0,1.2925,0,0
1790618480.515678,47.398134399999996,8.5464819,9.511000633239746,-1.858111023902893,0.10222393274307251,0.002018329221755266,176.52,-1.7911181041743904,0.10837594855906639,0.0,176.73751599115064,10.5777156997079,19.99924913862861,-1.5208459050391465,-0.21751599115066256,-0.33104844709930026,1.8584911517272906,14.0,0.0,0.003133728563602972,"[20.0, 20.0, 20.0, 20.0, 20.0, 20.0, 20.0, 20.0, 20.0, 20.0, 20.0, 20.0, 20.0, 20.0, 20.0, 20.0, 20.0, 20.0, 20.0, 20.0, 20.0, 20.0, 20.0, 20.0, 20.0, 20.0, 20.0, 20.0, 20.0, 20.0, 20.0, 20.0, 20.0, 20.0, 20.0, 20.0, 20.0, 20.0, 20.0, 20.0, 20.0, 20.0, 19.1680827245485, 16.99339419567373, 15.366913587614409, 14.122678526022767, 13.157474623109009, 12.404126750544448, 11.817442011489462, 11.366346490615571, 11.029276292121184, 10.791385580073298, 10.642828520191648, 10.5777156997079, 10.593527643881838, 10.690872736049403, 10.873545184719408, 11.148893539746943, 11.528568263457732, 12.029796067799099, 12.663048308648804, 13.389680596516314, 14.320402239136078, 15.517095763862049, 17.073822723674827, 19.139639616382993, 20.0, 20.0, 20.0, 20.0, 20.0, 20.0]",24.91498258022541,-0.03574437432524036,0.15,-1.432,-0.2471,0.1768,0.105,-0.21,-0.005,-9.8084,15.3,,50.0,,,,-1.2368,0.2049,1.2536,350.59,14.94,1.22388,1.8609,176.85,18.264,1,62.43,54.899,1,3,10,0.7,9.628,0,1.2341,0,0
1790618480.717338,47.3981311,8.5464821,9.51200008392334,-1.859971046447754,0.09752239286899567,0.0019938815385103226,176.56,-1.7903044092072802,0.10698536792003951,0.0,176.81217704616859,10.56044025897203,19.9994593798126,-1.5079419609058367,-0.2521770461686117,-0.4386040475761618,1.8602553262754093,14.0,0.0,0.002514021266733289,"[20.0, 20.0, 20.0, 20.0, 20.0, 20.0, 20.0, 20.0, 20.0, 20.0, 20.0, 20.0, 20.0, 20.0, 20.0, 20.0, 20.0, 20.0, 20.0, 20.0, 20.0, 20.0, 20.0, 20.0, 20.0, 20.0, 20.0, 20.0, 20.0, 20.0, 20.0, 20.0, 20.0, 20.0, 20.0, 20.0, 20.0, 20.0, 20.0, 20.0, 20.0, 20.0, 19.156644089533962, 16.980240193778272, 15.352834891728234, 14.108072334149877, 13.142536861053413, 12.388943356169447, 11.802034891038852, 11.350697499531824, 11.013339816619093, 10.775094782227296, 10.62609774545689, 10.56044025897203, 10.575581467678061, 10.67210393095761, 10.853769126890507, 11.127882693704441, 11.506037281828418, 12.005379704368648, 12.650676822909942, 13.388338395191088, 14.317576477772272, 15.512288440038963, 17.066243879068224, 19.127979419207826, 20.0, 20.0, 20.0, 20.0, 20.0, 20.0]",24.91498258022541,-0.03574437432524036,0.1076,-1.3859,-0.2067,0.2659,0.2644,-0.2126,-0.0121,-9.8012,15.3,,50.0,,,,-1.0779,0.3195,1.1243,343.49,14.94,1.22388,1.8625,177.0,17.898,1,62.63,55.265,1,3,10,0.7,9.703,0,1.3004,0,0
1790618480.9175053,47.3981278,8.5464824,9.51300048828125,-1.8627032041549683,0.09564221650362015,0.0017389245331287384,176.63,-1.7902182003032863,0.10476433038721529,0.0,176.89057755872818,10.542334639775506,19.99961075346507,-1.495654813454027,-0.2605775587281869,-0.43067654737838457,1.862896408502893,14.0,0.0,0.0006091965593792118,"[20.0, 20.0, 20.0, 20.0, 20.0, 20.0, 20.0, 20.0, 20.0, 20.0, 20.0, 20.0, 20.0, 20.0, 20.0, 20.0, 20.0, 20.0, 20.0, 20.0, 20.0, 20.0, 20.0, 20.0, 20.0, 20.0, 20.0, 20.0, 20.0, 20.0, 20.0, 20.0, 20.0, 20.0, 20.0, 20.0, 20.0, 20.0, 20.0, 20.0, 20.0, 20.0, 19.1586083971668, 16.97669505431814, 15.345801093905076, 14.098687186224776, 13.131465067897855, 12.37657917324363, 11.788608245885605, 11.336332386557551, 10.998087343082055, 10.75895186965007, 10.609017119901809, 10.542334639775506, 10.556323358658762, 10.651521468468998, 10.83163769710525, 11.103911264186303, 11.479847369631413, 11.976473292345155, 11.744469139423325, 13.381218610078268, 14.307534783175855, 15.498362334127291, 17.04692930498552, 19.100815279548524, 20.0, 20.0, 20.0, 20.0, 20.0, 20.0]",24.91498258022541,-0.03574437432524036,0.0797,-1.3281,-0.0703,0.2531,0.4004,-0.2148,-0.014,-9.7982,15.3,,50.0,,,,-1.0159,0.4143,1.0972,337.82,14.94,1.22388,1.8652,177.06,17.529,1,62.83,55.635,1,3,10,0.7,9.72,0,1.3166,0,0
1790618481.1191595,47.398124499999994,8.5464826,9.51400089263916,-1.8630213737487793,0.09427854418754578,0.0014068166492506862,176.72,-1.7906313635821487,0.10199092541231458,0.0,176.97080654098556,10.524765344750957,19.99971974249485,-1.4828989702188178,-0.2508065409855931,-0.38300765665564057,1.8631245488090693,14.0,0.0,0.0007068511236007926,"[20.0, 20.0, 20.0, 20.0, 20.0, 20.0, 20.0, 20.0, 20.0, 20.0, 20.0, 20.0, 20.0, 20.0, 20.0, 20.0, 20.0, 20.0, 20.0, 20.0, 20.0, 20.0, 20.0, 20.0, 20.0, 20.0, 20.0, 20.0, 20.0, 20.0, 20.0, 20.0, 20.0, 20.0, 20.0, 20.0, 20.0, 20.0, 20.0, 20.0, 20.0, 20.0, 19.171548022822652, 16.981335751937056, 15.345057783947826, 14.094238747183152, 13.124322164593545, 12.367366087189014, 11.77771234159458, 11.323987394959738, 10.984421295231193, 10.744014947264715, 10.592797311919817, 10.524765344750957, 10.537285005414828, 10.630837939786034, 10.809067362510316, 11.079131450456634, 11.452429828387318, 11.945846251028634, 12.583775704466735, 13.371428917584327, 14.293955577046193, 15.47975060974054, 17.021346723672764, 19.065096904988167, 20.0, 20.0, 20.0, 20.0, 20.0, 20.0]",24.91498258022541,-0.03574437432524036,0.07,-1.2771,-0.0325,0.1817,0.3531,-0.2101,-0.0055,-9.7977,15.3,,50.0,,,,-0.8295,0.5498,0.9951,326.46,14.94,1.22388,1.8654,177.1,17.158,1,63.04,56.005,1,3,10,0.7,9.708,0,1.3678,0,0
1790618481.3195958,47.3981212,8.546482899999999,9.515000343322754,-1.8599095344543457,0.09279157221317291,0.001403984846547246,176.81,-1.790992543741057,0.09920919081607049,0.0,177.05289137235536,10.507237536972646,19.999798214596293,-1.4703305102589588,-0.24289137235533076,-0.3338605609850548,1.8599199646966136,14.0,0.0,0.0005753634241764928,"[20.0, 20.0, 20.0, 20.0, 20.0, 20.0, 20.0, 20.0, 20.0, 20.0, 20.0, 20.0, 20.0, 20.0, 20.0, 20.0, 20.0, 20.0, 20.0, 20.0, 20.0, 20.0, 20.0, 20.0, 20.0, 20.0, 20.0, 20.0, 20.0, 20.0, 20.0, 20.0, 20.0, 20.0, 20.0, 20.0, 20.0, 20.0, 20.0, 20.0, 20.0, 20.0, 20.0, 16.986064708224582, 15.344374997092052, 14.089835686094467, 13.117216364982934, 12.358185838873025, 11.766847509516905, 11.311673392335226, 10.970787392582848, 10.729112342601, 10.576614928483734, 10.507237536972646, 10.518293269757551, 10.610207432820033, 10.786558048972227, 11.054422730685662, 11.425096235672013, 11.91531985725591, 12.549287499209017, 13.361536163832389, 14.280278928584169, 15.461052973918815, 16.99570098474417, 19.029360395629094, 20.0, 20.0, 20.0, 20.0, 20.0, 20.0]",24.91498258022541,-0.03574437432524036,0.0733,-1.2575,0.0184,0.0003,0.4746,-0.2013,-0.0117,-9.8032,15.3,,50.0,,,,-0.6744,0.5429,0.8657,321.17,14.94,1.22388,1.8622,177.14,16.79,1,63.24,56.373,1,3,10,0.7,9.723,0,1.4294,0,0
1790618481.519691,47.398117899999995,8.5464831,9.516000747680664,-1.8565605878829956,0.09163635969161987,0.0010658128885552287,176.9,-1.7912938509160596,0.09641816236310308,0.0,177.13713891841758,10.489705289907143,19.999854714509333,-1.4579313763526496,-0.23713891841754275,-0.2742806475660083,1.856475024992292,14.0,0.0,0.00041893034933336034,"[20.0, 20.0, 20.0, 20.0, 20.0, 20.0, 20.0, 20.0, 20.0, 20.0, 20.0, 20.0, 20.0, 20.0, 20.0, 20.0, 20.0, 20.0, 20.0, 20.0, 20.0, 20.0, 20.0, 20.0, 20.0, 20.0, 20.0, 20.0, 20.0, 20.0, 20.0, 20.0, 20.0, 20.0, 20.0, 20.0, 20.0, 20.0, 20.0, 20.0, 20.0, 20.0, 20.0, 16.99080821641311, 15.343685973319392, 14.085416611160813, 13.11009046615633, 12.348984506704552, 11.755962389584298, 11.29934099158969, 10.957137724470135, 10.71419718856502, 10.560423755504365, 10.489705289907143, 10.499302157564319, 10.589583527068223, 10.764062532725056, 11.029736666440082, 11.397796472130054, 11.8848417626055, 12.514866874955167, 12.38063356594422, 14.266505038965207, 15.44226961305193, 16.9699921783461, 18.99360554526453, 20.0, 20.0, 20.0, 20.0, 20.0, 20.0]",24.91498258022541,-0.03574437432524036,0.0778,-1.2626,0.0295,0.0069,0.4522,-0.212,-0.0113,-9.7896,15.3,,50.0,,,,-0.6298,0.6362,0.8952,314.71,14.94,1.22388,1.8588,177.17,16.423,1,63.44,56.74,1,3,10,0.7,9.707,0,1.4112,0,0
1790618481.7205179,47.3981146,8.5464834,9.518000602722168,-1.855715274810791,0.09089671820402145,0.0012457829434424639,177.0,-1.7917305367285572,0.093332230091378,0.0,177.22657861327315,10.470634714382014,19.99989539444672,-1.4469631980756872,-0.22657861327314777,-0.19577712092858907,1.855519995773208,14.0,0.0,0.0007665089593762671,"[20.0, 20.0, 20.0, 20.0, 20.0, 20.0, 20.0, 20.0, 20.0, 20.0, 20.0, 20.0, 20.0, 20.0, 20.0, 20.0, 20.0, 20.0, 20.0, 20.0, 20.0, 20.0, 20.0, 20.0, 20.0, 20.0, 20.0, 20.0, 20.0, 20.0, 20.0, 20.0, 20.0, 20.0, 20.0, 20.0, 20.0, 20.0, 20.0, 20.0, 20.0, 20.0, 20.0, 16.996769663208106, 15.3435211862711, 14.081045750266622, 13.102668432563723, 12.33922502042964, 11.74430938780516, 11.286063961403165, 10.942386536688492, 10.69803399688433, 10.542841024890274, 10.470634714382014, 10.478616866857259, 10.567094524131269, 10.73950921196205, 11.002770190129887, 11.367953408799437, 11.851503272961548, 12.477195082994792, 12.612933481195675, 14.248814842592413, 15.418840257738905, 16.93865199697838, 18.950834337123048, 20.0, 20.0, 20.0, 20.0, 20.0, 20.0]",24.91498258022541,-0.03574437432524036,0.0899,-1.2622,-0.0572,0.0303,0.4023,-0.2211,-0.0138,-9.8035,15.3,,50.0,,,,-0.6197,0.6734,0.9152,312.62,14.94,1.22388,1.8579,177.2,16.055,1,63.64,57.109,1,3,10,0.7,9.66,0,1.4003,0,0
1790618481.9215333,47.398111199999995,8.5464837,9.518000602722168,-1.8558495044708252,0.09120862931013107,0.001293096342124045,177.1,-1.7920144824497213,0.09022325341929151,0.0,177.32175801851656,10.449977101421323,19.999924684001638,-1.4374170260155115,-0.22175801851653887,-0.08637309019391654,1.855525627522249,14.0,0.0,0.00034988251403677233,"[20.0, 20.0, 20.0, 20.0, 20.0, 20.0, 20.0, 20.0, 20.0, 20.0, 20.0, 20.0, 20.0, 20.0, 20.0, 20.0, 20.0, 20.0, 20.0, 20.0, 20.0, 20.0, 20.0, 20.0, 20.0, 20.0, 20.0, 20.0, 20.0, 20.0, 20.0, 20.0, 20.0, 20.0, 20.0, 20.0, 20.0, 20.0, 20.0, 20.0, 20.0, 20.0, 20.0, 17.000179770088973, 15.341029352836474, 14.074526763642021, 13.093241293325299, 12.327574777841553, 11.730856686956923, 11.271058965507175, 10.925962703327087, 10.680239176942704, 10.523654871009692, 10.449977101421323, 10.456349680885571, 10.543017729124529, 10.713351017683705, 10.97417007625675, 11.336435389327349, 11.81643467028591, 12.437722441902858, 13.234278871528451, 14.229303694383864, 15.393466289647032, 16.905216075223752, 18.905785463866223, 20.0, 20.0, 20.0, 20.0, 20.0, 20.0]",24.91498258022541,-0.03574437432524036,0.1101,-1.24,0.1891,0.1574,0.4706,-0.2143,-0.0062,-9.8061,15.3,,50.0,,,,-0.7812,0.6606,1.0231,319.78,14.94,1.22388,1.8581,177.19,15.684,1,63.84,57.48,1,3,10,0.7,9.665,0,1.3465,0,0
1790618482.1225185,47.3981079,8.5464839,9.515000343322754,-1.8561980724334717,0.09122810512781143,0.0019829063676297665,177.19,-1.7919152587207945,0.08737329818090402,0.0,177.4210529891808,10.42897160292278,19.99994577248118,-1.428096648426183,-0.23105298918079598,0.0036991160561081976,1.8557349030804189,14.0,0.0,0.0006742199125866797,"[20.0, 20.0, 20.0, 20.0, 20.0, 20.0, 20.0, 20.0, 20.0, 20.0, 20.0, 20.0, 20.0, 20.0, 20.0, 20.0, 20.0, 20.0, 20.0, 20.0, 20.0, 20.0, 20.0, 20.0, 20.0, 20.0, 20.0, 20.0, 20.0, 20.0, 20.0, 20.0, 20.0, 20.0, 20.0, 20.0, 20.0, 20.0, 20.0, 20.0, 20.0, 20.0, 20.0, 16.999331375809508, 15.335232869943301, 14.065389868791808, 13.081710809030655, 12.314220431324356, 11.716019715130539, 11.254933907054301, 10.908643869681413, 10.66174724066192, 10.503951475727183, 10.42897160292278, 10.433900054526468, 10.518926397735997, 10.687355388107289, 10.945926614415498, 11.305494826453403, 11.782204019666906, 12.399406212984031, 13.19078578270824, 14.20555373398871, 15.37050384854016, 16.875020591850127, 18.865183835860968, 20.0, 20.0, 20.0, 20.0, 20.0, 20.0]",24.91498258022541,-0.03574437432524036,0.1413,-1.212,0.0794,0.1838,0.4299,-0.2136,-0.0113,-9.8067,15.3,,50.0,,,,-0.6081,0.6097,0.8611,314.93,14.94,1.22388,1.8584,177.19,15.311,1,64.04,57.852,1,3,10,0.7,9.693,0,1.4279,0,0
1790618482.324108,47.398104599999996,8.5464842,9.511000633239746,-1.8550775051116943,0.08813715726137161,0.002036109333857894,177.27,-1.791528100755251,0.0847976935612364,0.0,177.52079839315775,10.409906167313972,19.99996095618645,-1.4168454152776637,-0.25079839315776553,-0.009848141552120306,1.854496698474695,14.0,0.0,0.0014329868396866796,"[20.0, 20.0, 20.0, 20.0, 20.0, 20.0, 20.0, 20.0, 20.0, 20.0, 20.0, 20.0, 20.0, 20.0, 20.0, 20.0, 20.0, 20.0, 20.0, 20.0, 20.0, 20.0, 20.0, 20.0, 20.0, 20.0, 20.0, 20.0, 20.0, 20.0, 20.0, 20.0, 20.0, 20.0, 20.0, 20.0, 20.0, 20.0, 20.0, 20.0, 20.0, 20.0, 20.0, 16.99793465939746, 15.329487004156356, 14.056717305686327, 13.070946481186972, 12.301864744799817, 11.702370775187987, 11.240160155958225, 10.892825276841162, 10.644898818356172, 10.48603616188678, 10.409906167313972, 10.413555837180041, 10.4971255495692, 10.663862426699648, 10.920434259604892, 11.27760198693291, 11.751382113014856, 12.364947098569038, 13.151719227273512, 13.22015322973206, 15.352988714879565, 16.851386479307493, 18.83272241819031, 20.0, 20.0, 20.0, 20.0, 20.0, 20.0]",24.91498258022541,-0.03574437432524036,0.1573,-1.1877,0.0342,0.0308,0.4434,-0.2095,-0.0091,-9.801,15.3,,50.0,,,,-0.6312,0.6238,0.8875,315.34,14.94,1.22388,1.8572,177.28,14.94,1,64.24,58.223,1,3,10,0.7,9.712,0,1.4134,0,0
1790618482.5235252,47.3981013,8.546484399999999,9.510000228881836,-1.8510780334472656,0.08452685922384262,0.0014154458185657859,177.36,-1.7913837693402221,0.08194402607063071,0.0,177.62150643674386,10.392206782031327,19.999971888454244,-1.4045690388002618,-0.26150643674384355,-0.02548551917235025,1.850390435654138,14.0,0.0,0.00077991735668581,"[20.0, 20.0, 20.0, 20.0, 20.0, 20.0, 20.0, 20.0, 20.0, 20.0, 20.0, 20.0, 20.0, 20.0, 20.0, 20.0, 20.0, 20.0, 20.0, 20.0, 20.0, 20.0, 20.0, 20.0, 20.0, 20.0, 20.0, 20.0, 20.0, 20.0, 20.0, 20.0, 20.0, 20.0, 20.0, 20.0, 20.0, 20.0, 20.0, 20.0, 20.0, 20.0, 20.0, 17.002495493704547, 15.328535957679811, 14.052007323452182, 13.063525381286311, 12.292376275414217, 11.69121293001259, 11.227572812187043, 10.878940408329477, 10.629769624892042, 10.469653515850368, 10.392206782031327, 10.394424383437041, 10.476391615121626, 10.64129222992486, 10.895716078643623, 11.250323065537488, 11.720992970120138, 12.330706028049226, 13.112603981671652, 14.11507409192237, 15.334475136912252, 16.826133963075367, 18.797743936985626, 20.0, 20.0, 20.0, 20.0, 20.0, 20.0]",24.91498258022541,-0.03574437432524036,0.1508,-1.1784,-0.1113,-0.1015,0.4747,-0.2112,-0.0039,-9.808,15.3,,50.0,,,,-0.5831,0.7242,0.9298,308.84,14.94,1.22388,1.853,177.39,14.572,1,64.44,58.592,1,3,10,0.7,9.69,0,1.3881,0,0
1790618482.7251742,47.398098,8.546484699999999,9.509000778198242,-1.846861720085144,0.08068445324897766,0.0009698562789708376,177.44,-1.7909486880402772,0.07936506399193852,0.0,177.72279860518893,10.376045605630637,19.999979759687054,-1.3908190187875902,-0.28279860518892974,-0.0584911387722571,1.846079800504647,14.0,0.0,0.0015422467411252286,"[20.0, 20.0, 20.0, 20.0, 20.0, 20.0, 20.0, 20.0, 20.0, 20.0, 20.0, 20.0, 20.0, 20.0, 20.0, 20.0, 20.0, 20.0, 20.0, 20.0, 20.0, 20.0, 20.0, 20.0, 20.0, 20.0, 20.0, 20.0, 20.0, 20.0, 20.0, 20.0, 20.0, 20.0, 20.0, 20.0, 20.0, 20.0, 20.0, 20.0, 20.0, 20.0, 20.0, 19.859719045295357, 15.327057894171354, 14.047231973325765, 13.056377257518632, 12.283421347362689, 11.680799513119439, 11.21590941255725, 10.866140240493861, 10.615876383247016, 10.454655885100365, 10.376045605630637, 10.37699446884896, 10.457538970429738, 10.620806653199622, 10.873318180099247, 11.225643741145396, 11.693541725298086, 12.299821779263363, 13.077376858883396, 14.074216756255232, 15.320752407200825, 16.8067112595793, 18.77007087527742, 20.0, 20.0, 20.0, 20.0, 20.0, 20.0]",24.91498258022541,-0.03574437432524036,0.1427,-1.1925,-0.0886,-0.1366,0.4491,-0.212,-0.0081,-9.8031,15.3,,50.0,,,,-0.5503,0.7596,0.938,305.92,14.94,1.22388,1.8486,177.5,14.205,1,64.64,58.959,1,3,10,0.7,9.642,0,1.3796,0,0
1790618482.9255588,47.398094699999994,8.5464848,9.507000923156738,-1.8438054323196411,0.07530637830495834,0.0012140352046117187,177.54,-1.7911177011586787,0.07624379789250595,0.0,177.821507758782,10.362695546684753,19.75696782926383,-1.3738595651949084,-0.2815077587819701,-0.12117358697154855,1.842966291729867,14.0,0.0,9.355697471219527e-05,"[20.0, 20.0, 20.0, 20.0, 20.0, 20.0, 20.0, 20.0, 20.0, 20.0, 20.0, 20.0, 20.0, 20.0, 20.0, 20.0, 20.0, 20.0, 20.0, 20.0, 20.0, 20.0, 20.0, 20.0, 20.0, 20.0, 20.0, 20.0, 20.0, 20.0, 20.0, 20.0, 20.0, 20.0, 20.0, 20.0, 19.83863545663485, 19.75696782926383, 20.0, 20.0, 20.0, 20.0, 20.0, 19.5410840897009, 15.336282034642414, 14.051395533443, 13.056852101779878, 12.281076454642387, 11.676195701030684, 11.209408264216956, 10.857967400234369, 10.606159067882135, 10.443444894736476, 10.363327298520487, 10.362695546684753, 10.441525340477108, 10.602876500971089, 10.853188338125586, 11.202927162198492, 11.66771195494373, 12.27015707215381, 13.04287060085096, 14.033429110967797, 15.306415972361043, 16.78555283291185, 18.739014355862672, 20.0, 20.0, 20.0, 20.0, 20.0, 20.0]",24.91498258022541,-0.03574437432524036,0.1203,-1.2032,-0.1845,-0.008,0.5177,-0.2118,-0.0149,-9.8053,15.3,,50.0,,,,-0.4517,0.7351,0.8628,301.57,14.94,1.22388,1.8453,177.66,13.838,1,64.84,59.325,1,3,10,0.7,9.638,0,1.4139,0,0
1790618483.1270902,47.3980914,8.546484999999999,9.505000114440918,-1.842376470565796,0.07222990691661835,0.0007455165032297373,177.65,-1.7914734207193603,0.07283430085333374,0.0,177.9232470461992,10.348638579618314,19.33779315495461,-1.3565003975740377,-0.27324704619917384,-0.10488313724728607,1.8414608084744168,14.0,0.0,0.0005981530411589086,"[20.0, 20.0, 20.0, 20.0, 20.0, 20.0, 20.0, 20.0, 20.0, 20.0, 20.0, 20.0, 20.0, 20.0, 20.0, 20.0, 20.0, 20.0, 20.0, 20.0, 20.0, 20.0, 20.0, 20.0, 20.0, 20.0, 20.0, 20.0, 20.0, 20.0, 20.0, 20.0, 20.0, 20.0, 20.0, 20.0, 19.510779879513652, 19.33779315495461, 20.0, 20.0, 20.0, 20.0, 20.0, 19.26040556810903, 15.348945309202918, 14.05825866674986, 13.059482573540755, 12.280472037412707, 11.673004830308452, 11.204053476606884, 10.850717219331004, 10.59717076659718, 10.432789767341387, 10.351004638723992, 10.348638579618314, 10.425600584780486, 10.584876778314804, 10.83281849739776, 11.179780200072335, 11.641231152842497, 12.239576278431926, 13.007118370830149, 13.990969833033322, 14.220755265295681, 16.761729312390457, 18.7043020218655, 20.0, 20.0, 20.0, 20.0, 20.0, 20.0]",24.91498258022541,-0.03574437432524036,0.1009,-1.2018,-0.0306,-0.0386,0.5766,-0.217,-0.0057,-9.8035,15.3,,50.0,,,,-0.4733,0.7754,0.9084,301.4,14.94,1.22388,1.8438,177.75,13.471,1,65.04,59.693,1,3,10,0.7,9.635,0,1.3896,0,0
1790618483.3273861,47.398088,8.5464852,9.50100040435791,-1.8424123525619507,0.07006696611642838,0.0011714724823832512,177.76,-1.7916890389683156,0.06940554673804672,0.0,178.03017508797188,10.334047417244577,18.92419774213741,-1.3395270842716407,-0.2701750879718645,-0.0620903004160664,1.8414039092901346,14.0,0.0,0.00022284298659476222,"[20.0, 20.0, 20.0, 20.0, 20.0, 20.0, 20.0, 20.0, 20.0, 20.0, 20.0, 20.0, 20.0, 20.0, 20.0, 20.0, 20.0, 20.0, 20.0, 20.0, 20.0, 20.0, 20.0, 20.0, 20.0, 20.0, 20.0, 20.0, 20.0, 20.0, 20.0, 20.0, 20.0, 20.0, 20.0, 20.0, 19.182232981074772, 18.92419774213741, 20.0, 20.0, 20.0, 20.0, 20.0, 19.018540509129526, 15.360864701788111, 14.064416075277663, 13.061442867899375, 12.279228752440847, 11.669201820141636, 11.198108841296738, 10.842895352324184, 10.587625143206461, 10.421588189096916, 10.338143165994602, 10.334047417244577, 10.409143406269143, 10.56634371380321, 10.811911863359908, 11.156090671283325, 11.614200032339077, 12.208436064760376, 12.970797479303005, 13.947934907085454, 14.625979715414793, 16.737404266415503, 18.6690959794849, 20.0, 20.0, 20.0, 20.0, 20.0, 20.0]",24.91498258022541,-0.03574437432524036,0.1009,-1.1906,0.0166,0.0459,0.6061,-0.2218,-0.0074,-9.8068,15.3,,50.0,,,,-0.5155,0.7893,0.9428,303.15,14.94,1.22388,1.8437,177.82,13.101,1,65.24,60.063,1,3,10,0.7,9.666,0,1.3724,0,0
1790618483.528013,47.3980847,8.5464854,9.498000144958496,-1.8424372673034668,0.06690115481615067,0.0008106587338261306,177.86,-1.7915913346393242,0.06624933994621435,0.0,178.13856686741929,10.320836767767338,18.51683230955659,-1.3211695423612229,-0.27856686741927206,-0.06043368997703669,1.841354351346911,14.0,0.0,0.0006109839763232605,"[20.0, 20.0, 20.0, 20.0, 20.0, 20.0, 20.0, 20.0, 20.0, 20.0, 20.0, 20.0, 20.0, 20.0, 20.0, 20.0, 20.0, 20.0, 20.0, 20.0, 20.0, 20.0, 20.0, 20.0, 20.0, 20.0, 20.0, 20.0, 20.0, 20.0, 20.0, 20.0, 20.0, 20.0, 20.0, 20.0, 18.852057378401494, 18.51683230955659, 20.0, 20.0, 20.0, 20.0, 20.0, 18.821351716032126, 15.371821989643431, 14.070103800612864, 13.063296013003626, 12.278157852239367, 11.665796796810492, 11.192752856377908, 10.835830954183347, 10.578993543332228, 10.411452447925349, 10.32650102224896, 10.320836767767338, 10.394241812765603, 10.549562162945678, 10.79298196608964, 11.134643244432652, 11.589731167442721, 12.180253688116128, 12.9379357257208, 13.909012518143461, 15.16244898899061, 16.718622774066496, 18.640862737492967, 20.0, 20.0, 20.0, 20.0, 20.0, 20.0]",24.91498258022541,-0.03574437432524036,0.1063,-1.1684,-0.0795,0.1177,0.5931,-0.213,-0.0089,-9.8133,15.3,,50.0,,,,-0.456,0.7204,0.8526,302.33,14.94,1.22388,1.8437,177.92,12.729,1,65.44,60.434,1,3,10,0.7,9.641,0,1.4174,0,0
1790618483.7275858,47.398081399999995,8.5464855,9.495000839233398,-1.8403897285461426,0.06330615282058716,0.0005434678751043975,177.97,-1.7917039888962625,0.06280812549137328,0.0,178.24900292126858,10.30823280939353,18.115339727445487,-1.3023501949230925,-0.27900292126855675,-0.0599032710137538,1.8392422191112348,14.0,0.0,3.1720022711508416e-05,"[20.0, 20.0, 20.0, 20.0, 20.0, 20.0, 20.0, 20.0, 20.0, 20.0, 20.0, 20.0, 20.0, 20.0, 20.0, 20.0, 20.0, 20.0, 20.0, 20.0, 20.0, 20.0, 20.0, 20.0, 20.0, 20.0, 20.0, 20.0, 20.0, 20.0, 20.0, 20.0, 20.0, 20.0, 20.0, 20.0, 18.53113204103313, 18.115339727445487, 20.0, 20.0, 20.0, 20.0, 20.0, 18.684710882141722, 18.52177334331353, 14.079011837544037, 13.067781593582403, 12.27927106496045, 11.664223099770648, 11.188942462453214, 10.830074190213924, 10.571465779071683, 10.402240818914471, 10.315619465266156, 10.30823280939353, 10.379796718948235, 10.5330847767464, 10.774195417649286, 11.113162369358177, 11.565026491476903, 12.15159451076062, 12.90429875199058, 13.868930599217936, 15.113749751066731, 16.697432482055326, 18.609273532941284, 20.0, 20.0, 20.0, 20.0, 20.0, 20.0]",24.91498258022541,-0.03574437432524036,0.1002,-1.1564,0.0073,-0.0185,0.6161,-0.2098,-0.0149,-9.807,15.3,,50.0,,,,-0.441,0.644,0.7805,304.4,14.94,1.22388,1.8415,178.03,12.36,1,65.64,60.804,1,3,10,0.7,9.72,0,1.4512,0,0
1790618483.9287584,47.3980781,8.5464857,9.492000579833984,-1.8377625942230225,0.06086776405572891,0.0009617235627956688,178.08,-1.7916902528558312,0.059351113026469934,0.0,178.36408707142937,10.295450998693257,17.71926269909074,-1.2837591763027283,-0.284087071429326,-0.02302395972602498,1.8365300304529928,14.0,0.0,0.00036831982035923457,"[20.0, 20.0, 20.0, 20.0, 20.0, 20.0, 20.0, 20.0, 20.0, 20.0, 20.0, 20.0, 20.0, 20.0, 20.0, 20.0, 20.0, 20.0, 20.0, 20.0, 20.0, 20.0, 20.0, 20.0, 20.0, 20.0, 20.0, 20.0, 20.0, 20.0, 20.0, 20.0, 20.0, 20.0, 20.0, 20.0, 18.213082369886475, 17.71926269909074, 20.0, 20.0, 20.0, 20.0, 20.0, 18.633704608382267, 18.128344199735288, 14.087706084230073, 13.072052640661642, 12.280172869781154, 11.662442780702946, 11.184930780660046, 10.824121464032592, 10.56374710758585, 10.39284297024816, 10.304556013886272, 10.295450998693257, 10.365177679535556, 10.516437445914875, 10.755243364446246, 11.09152139078484, 11.540168886657783, 12.122792654669942, 12.870534589309434, 13.828745968770944, 15.064988079902337, 16.676055536552813, 18.57753794235255, 20.0, 20.0, 20.0, 20.0, 20.0, 20.0]",24.91498258022541,-0.03574437432524036,0.1046,-1.1592,-0.0081,-0.0078,0.5523,-0.212,-0.0057,-9.8049,15.3,,50.0,,,,-0.4819,0.7434,0.886,302.95,14.94,1.22388,1.8388,178.1,11.991,1,65.85,61.173,1,3,10,0.7,9.669,0,1.3958,0,0
1790618484.129511,47.398074699999995,8.5464858,9.48900032043457,-1.8375182151794434,0.05690068379044533,0.0015190434642136097,178.18,-1.791433554192858,0.056177988933407266,0.0,178.47795626839576,10.285282711365431,17.32545822788637,-1.2624356565132415,-0.29795626839575107,-0.04634271047035079,1.8362409058731524,14.0,0.0,0.0010048647430712441,"[20.0, 20.0, 20.0, 20.0, 20.0, 20.0, 20.0, 20.0, 20.0, 20.0, 20.0, 20.0, 20.0, 20.0, 20.0, 20.0, 20.0, 20.0, 20.0, 20.0, 20.0, 20.0, 20.0, 20.0, 20.0, 20.0, 20.0, 20.0, 20.0, 20.0, 20.0, 20.0, 20.0, 20.0, 20.0, 20.0, 17.89501926492245, 17.32545822788637, 20.0, 20.0, 20.0, 20.0, 20.0, 18.778160623759995, 17.788583308143615, 14.097624685687594, 13.077790398784032, 12.282726379543266, 11.662465419409237, 11.182854755956768, 10.820228948956766, 10.558212747726591, 10.385759303314702, 10.295947963394568, 10.285282711365431, 10.353353264842363, 10.502795994486807, 10.739547585385743, 11.07343800567277, 11.519237172109937, 12.098374607158052, 12.841734863947906, 13.794279367724874, 15.022950787370105, 15.580703363755486, 18.55487876599395, 20.0, 20.0, 20.0, 20.0, 20.0, 20.0]",24.91498258022541,-0.03574437432524036,0.1032,-1.1531,-0.0336,0.1134,0.5071,-0.2187,-0.0154,-9.8122,15.3,,50.0,,,,-0.4549,0.7397,0.8684,301.59,14.94,1.22388,1.8384,178.23,11.619,1,66.05,61.545,1,3,10,0.7,9.721,0,1.4042,0,0
1790618484.3305585,47.3980714,8.5464859,9.487000465393066,-1.8382140398025513,0.05241619423031807,0.0010082903318107128,178.28,-1.791152329863268,0.0530035715459257,0.0,178.59255435347552,10.276602843887963,16.934165877138295,-1.2395552557318532,-0.31255435347554794,-0.0667547902672968,1.8370024163912122,14.0,0.0,0.0010567682316942738,"[20.0, 20.0, 20.0, 20.0, 20.0, 20.0, 20.0, 20.0, 20.0, 20.0, 20.0, 20.0, 20.0, 20.0, 20.0, 20.0, 20.0, 20.0, 20.0, 20.0, 20.0, 20.0, 20.0, 20.0, 20.0, 20.0, 20.0, 20.0, 20.0, 20.0, 20.0, 20.0, 20.0, 20.0, 20.0, 20.0, 17.58266400248689, 16.934165877138295, 20.0, 20.0, 20.0, 20.0, 20.0, 20.0, 17.496727012308142, 14.10961785954915, 13.085437731792192, 12.287063982463652, 11.664176210559885, 11.182394009623152, 10.817897600762645, 10.554201329794923, 10.38017436269049, 10.28882730459264, 10.276602843887963, 10.343030691386861, 10.490682779630939, 10.725420607817597, 11.056980108847107, 11.50000671554062, 12.0757570681988, 12.81486494594672, 13.761911952172422, 14.983238038726535, 16.58093435483639, 18.53494148541855, 20.0, 20.0, 20.0, 20.0, 20.0, 20.0]",24.91498258022541,-0.03574437432524036,0.0943,-1.1298,-0.0393,0.1683,0.5482,-0.2149,0.0022,-9.8107,15.3,,50.0,,,,-0.4424,0.5576,0.7118,308.43,14.94,1.22388,1.839,178.37,11.247,1,66.25,61.918,1,3,10,0.7,9.695,0,1.4831,0,0
1790618484.5315702,47.398067999999995,8.546486,9.486000061035156,-1.8372727632522583,0.049153883010149,0.00045494255027733743,178.4,-1.7906745102562387,0.04917929242260846,0.0,178.73521527298988,10.266339422288398,16.470828796114912,-1.2120857862662247,-0.3352152729898705,-0.06749026471238329,1.835902064507271,14.0,0.0,0.001639575683041897,"[20.0, 20.0, 20.0, 20.0, 20.0, 20.0, 20.0, 20.0, 20.0, 20.0, 20.0, 20.0, 20.0, 20.0, 20.0, 20.0, 20.0, 20.0, 20.0, 20.0, 20.0, 20.0, 20.0, 20.0, 20.0, 20.0, 20.0, 20.0, 20.0, 20.0, 20.0, 20.0, 20.0, 20.0, 20.0, 20.0, 17.21727650218409, 16.470828796114912, 20.0, 20.0, 20.0, 20.0, 20.0, 20.0, 17.20969665048374, 14.124269866499347, 13.094835276505586, 12.292463312826516, 11.666405252627106, 11.182004910417913, 10.815255739442058, 10.549538656167206, 10.373621488250977, 10.280432060401377, 10.266339422288398, 10.330801373192926, 10.47631280512082, 10.708645506639275, 11.037423388001713, 11.477143772457037, 12.048857820003457, 12.782901528786518, 13.723405905082581, 14.935996608266345, 16.521570319962994, 18.51128172044436, 20.0, 20.0, 20.0, 20.0, 20.0, 20.0]",24.91498258022541,-0.03574437432524036,0.0873,-1.107,-0.0192,0.1081,0.5677,-0.2065,-0.0062,-9.8105,15.3,,50.0,,,,-0.3299,0.5212,0.6168,302.33,14.94,1.22388,1.8379,178.47,10.8,1,66.45,62.364,1,3,10,0.7,9.687,0,1.5295,0,0
1790618484.7323267,47.3980647,8.5464861,9.487000465393066,-1.8354835510253906,0.04694115370512009,-0.000317269004881382,178.52,-1.790636234536915,0.0454120169961106,0.0,178.86053367151806,10.257175439922257,16.08950827455486,-1.1898983709706,-0.34053367151804537,-0.015021539756842787,1.8340373913874988,14.0,0.0,0.00038635613922905957,"[20.0, 20.0, 20.0, 20.0, 20.0, 20.0, 20.0, 20.0, 20.0, 20.0, 20.0, 20.0, 20.0, 20.0, 20.0, 20.0, 20.0, 20.0, 20.0, 20.0, 20.0, 20.0, 20.0, 20.0, 20.0, 20.0, 20.0, 20.0, 20.0, 20.0, 20.0, 20.0, 20.0, 20.0, 20.0, 20.0, 16.93856127484887, 16.08950827455486, 20.0, 20.0, 20.0, 20.0, 20.0, 20.0, 17.029970573879556, 17.148522048540464, 13.105667300147358, 12.299194454728795, 11.669888846954747, 11.18281245191217, 10.813768027272713, 10.546000490297516, 10.368174682455999, 10.273134673911608, 10.257175439922257, 10.319682911764614, 10.463075465343127, 10.693036246212, 11.019078890003964, 11.45555528556488, 12.023315140503748, 12.752402794476758, 13.68650821370404, 14.89055830856634, 16.464282028900676, 18.48203823029061, 20.0, 20.0, 20.0, 20.0, 20.0, 20.0]",24.91498258022541,-0.03574437432524036,0.0892,-1.0949,0.0383,0.1037,0.668,-0.2162,-0.0051,-9.7929,15.3,,50.0,,,,-0.2702,0.5925,0.6512,294.51,14.94,1.22388,1.8361,178.54,10.431,1,66.65,62.734,1,3,10,0.7,9.684,0,1.5105,0,0
1790618484.932408,47.398061399999996,8.5464862,9.49000072479248,-1.8314592838287354,0.0442202165722847,-0.0007552698953077197,178.65,-1.780132513117734,0.04008791430751961,0.0,179.399190757214,10.249136964970862,15.714523829464312,-1.16683636839277,-0.7491907572139667,0.03312635632282214,1.8299538028638944,13.70751295074151,0.014453922779835156,0.029398927523600075,"[20.0, 20.0, 20.0, 20.0, 20.0, 20.0, 20.0, 20.0, 20.0, 20.0, 20.0, 20.0, 20.0, 20.0, 20.0, 20.0, 20.0, 20.0, 20.0, 20.0, 20.0, 20.0, 20.0, 20.0, 20.0, 20.0, 20.0, 20.0, 20.0, 20.0, 20.0, 20.0, 20.0, 20.0, 20.0, 20.0, 16.700318176091336, 15.714523829464312, 20.0, 20.0, 20.0, 20.0, 20.0, 20.0, 16.920507864443834, 16.725641703943307, 13.119859715885966, 12.308775108879244, 11.675822575445785, 11.185749546878338, 10.814146120972774, 10.544105846715643, 10.364179364983713, 10.267118416218445, 10.249136964970862, 10.309543060534162, 10.450672894304725, 10.678115103668922, 11.001266381067628, 11.434324916038747, 11.997927937101538, 12.721812473883412, 13.649203998269218, 14.844293667299688, 16.40558109949763, 18.450341952805072, 20.0, 20.0, 20.0, 20.0, 20.0, 20.0]",24.91498258022541,-0.03574437432524036,0.1031,-1.097,0.0746,-0.0626,0.6908,-0.2072,-0.0018,-9.801,15.3,,50.0,,,,-0.3989,0.7537,0.8528,297.89,14.94,1.22388,1.832,178.62,10.064,1,66.85,63.102,1,3,10,0.7,9.718,0,1.4056,0,0
1790618485.1328616,47.3980581,8.5464863,9.493000030517578,-1.8268113136291504,0.03972075134515762,-0.0007672441424801946,178.81,-1.7673124326951113,0.033643196913667565,0.0,-179.94733616726126,10.243002404193398,15.344246747550919,-1.1419227877953215,-1.2426638327387707,0.05559819045739503,1.8253021083746392,13.342910253507235,0.03245920209190476,0.03513513575663233,"[20.0, 20.0, 20.0, 20.0, 20.0, 20.0, 20.0, 20.0, 20.0, 20.0, 20.0, 20.0, 20.0, 20.0, 20.0, 20.0, 20.0, 20.0, 20.0, 20.0, 20.0, 20.0, 20.0, 20.0, 20.0, 20.0, 20.0, 20.0, 20.0, 20.0, 20.0, 20.0, 20.0, 20.0, 20.0, 20.0, 20.0, 15.344246747550919, 20.0, 20.0, 20.0, 20.0, 20.0, 20.0, 16.926239392936385, 16.376475002970107, 13.142219572928415, 12.32512812568225, 11.687433542083431, 11.193478928584144, 10.81858119713953, 10.545639909398762, 10.363060079173078, 10.263476680448493, 10.243002404193398, 10.300849257269382, 10.439253450645927, 10.663689961075931, 10.983416006476444, 11.412447426216, 11.971170078528733, 12.688957871325494, 13.608487538621286, 14.793080785291233, 16.33978386152107, 17.133574293152193, 20.0, 20.0, 20.0, 20.0, 20.0, 20.0]",24.91498258022541,-0.03574437432524036,0.1226,-1.0568,0.0701,0.0981,1.1403,-0.2079,-0.0066,-9.8009,15.3,,50.0,,,,-0.4197,0.9412,1.0305,294.03,14.94,1.22388,1.8272,178.75,9.698,1,67.05,63.468,1,3,10,0.7,9.645,0,1.312,0,0
1790618485.3335164,47.3980548,8.5464864,9.494000434875488,-1.8189746141433716,0.0351908914744854,-0.0001846368977567181,179.08,-1.756833418457912,0.024176563197294276,0.0,-179.27573420417434,10.236446089162031,14.981418526448852,-1.1173713020139764,-1.6442657958256746,0.18833765416233805,1.817463968438636,12.98068617163242,0.05032324258918479,0.028131509709694823,"[20.0, 20.0, 20.0, 20.0, 20.0, 20.0, 20.0, 20.0, 20.0, 20.0, 20.0, 20.0, 20.0, 20.0, 20.0, 20.0, 20.0, 20.0, 20.0, 20.0, 20.0, 20.0, 20.0, 20.0, 20.0, 20.0, 20.0, 20.0, 20.0, 20.0, 20.0, 20.0, 20.0, 20.0, 20.0, 20.0, 20.0, 14.981418526448852, 16.158729658600915, 20.0, 20.0, 20.0, 20.0, 20.0, 17.399542992863918, 16.09243774989686, 17.081471270874843, 12.357443461773036, 11.71144913681739, 11.210720920332273, 10.830098820032754, 10.552144641442379, 10.365010922221462, 10.26113149146804, 10.236446089162031, 10.290004373361938, 10.423875294199604, 10.643345396937558, 10.9574422692597, 11.37988295880662, 11.930642698841828, 12.63850336716422, 13.545248214697349, 14.712784809405388, 16.23579838478337, 17.49780955931133, 20.0, 20.0, 20.0, 20.0, 20.0, 20.0]",24.91498258022541,-0.03574437432524036,0.1528,-0.9918,0.1587,0.1418,1.8974,-0.2167,-0.0015,-9.7925,15.3,,50.0,,,,-0.3573,0.9454,1.0106,290.7,14.94,1.22388,1.8193,178.89,9.335,1,67.25,63.831,1,3,10,0.7,9.624,0,1.314,0,0
1790618485.5349653,47.3980513,8.5464864,9.491000175476074,-1.8082427978515625,0.029542282223701477,0.0006657473859377205,179.59,-1.7496924106786467,0.009361143794333853,0.0,-178.5424488233067,10.23045323052382,14.635994893083636,-1.092416617477429,-1.9175511766933369,0.4759901869621032,1.8067697141231667,12.621691743601378,0.06798107255195553,0.018923422840624926,"[20.0, 20.0, 20.0, 20.0, 20.0, 20.0, 20.0, 20.0, 20.0, 20.0, 20.0, 20.0, 20.0, 20.0, 20.0, 20.0, 20.0, 20.0, 20.0, 20.0, 20.0, 20.0, 20.0, 20.0, 20.0, 20.0, 20.0, 20.0, 20.0, 20.0, 20.0, 20.0, 20.0, 20.0, 20.0, 20.0, 20.0, 14.635994893083636, 15.24802379305433, 20.0, 20.0, 20.0, 20.0, 20.0, 20.0, 15.895207396778092, 16.23156922892175, 12.419259398554434, 11.75860443398372, 11.245953165785814, 10.855299540193807, 10.568608505987248, 10.373588840376348, 10.262323447849862, 10.23045323052382, 10.276750485695558, 10.403001722533311, 10.614178616811929, 10.918928256394278, 11.33047566385338, 11.868122930481181, 12.55968470770651, 13.445488707655064, 14.585145274993256, 16.069516465301856, 18.04313627124394, 20.0, 20.0, 20.0, 20.0, 20.0, 20.0]",24.91498258022541,-0.03574437432524036,0.1828,-0.9479,0.0669,-0.0384,2.8365,-0.2061,-0.0018,-9.8075,15.3,,50.0,,,,-0.302,1.0617,1.1038,285.88,14.94,1.22388,1.8085,179.06,8.975,1,67.45,64.192,1,3,10,0.7,9.644,0,1.2566,0,0
1790618485.735669,47.3980481,8.5464865,9.487000465393066,-1.7980194091796875,0.024033524096012115,0.000883293803781271,180.25,-1.7466850608702962,-0.01074452428057707,0.0,-177.78029789546582,10.224469135692196,14.322100724726507,-1.0683132359107645,-2.0297021045341808,0.955807915993814,1.7965796152759819,12.26444034081964,0.08547782885873845,0.007732160597641864,"[20.0, 20.0, 20.0, 20.0, 20.0, 20.0, 20.0, 20.0, 20.0, 20.0, 20.0, 20.0, 20.0, 20.0, 20.0, 20.0, 20.0, 20.0, 20.0, 20.0, 20.0, 20.0, 20.0, 20.0, 20.0, 20.0, 20.0, 20.0, 20.0, 20.0, 20.0, 20.0, 20.0, 20.0, 20.0, 20.0, 20.0, 14.322100724726507, 14.61291443841741, 20.0, 20.0, 20.0, 20.0, 20.0, 20.0, 15.835860247423453, 15.705658316013734, 12.510822041033203, 11.828847207270545, 11.298925462593017, 10.893801340104828, 10.594563220770794, 10.388272330694853, 10.2665035105286, 10.224469135692196, 10.260548110793541, 10.37613087428543, 10.575752200922206, 10.867535940726102, 11.264035444125392, 11.783639377671644, 12.452856762311285, 13.310060365283135, 14.411791434366513, 15.843835113070217, 17.741793959784285, 20.0, 20.0, 20.0, 20.0, 20.0, 20.0]",24.91498258022541,-0.03574437432524036,0.2277,-0.9464,0.3109,-0.1216,3.6595,-0.2108,0.002,-9.8248,15.3,,50.0,,,,-0.3897,1.0818,1.1499,289.81,14.94,1.22388,1.7982,179.23,8.617,1,67.65,64.551,1,3,10,0.7,9.671,0,1.2232,0,0
1790618485.9357896,47.3980448,8.5464866,9.484000205993652,-1.7900972366333008,0.016181597486138344,0.0010272442596033216,181.02,-1.7464705541891956,-0.03421034512565149,0.0,-177.013565449623,10.2212871525855,14.052468290168637,-1.043046826703135,-2.026434550376962,1.4779115251613242,1.7887749364423902,11.907189614941483,0.10287485823669039,0.00022564516929595688,"[20.0, 20.0, 20.0, 20.0, 20.0, 20.0, 20.0, 20.0, 20.0, 20.0, 20.0, 20.0, 20.0, 20.0, 20.0, 20.0, 20.0, 20.0, 20.0, 20.0, 20.0, 20.0, 20.0, 20.0, 20.0, 20.0, 20.0, 20.0, 20.0, 20.0, 20.0, 20.0, 20.0, 20.0, 20.0, 20.0, 20.0, 14.052468290168637, 14.075016311276086, 20.0, 20.0, 20.0, 20.0, 20.0, 20.0, 16.054028746938922, 15.353908950475272, 16.789678612536722, 11.917824797275868, 11.366760035024772, 10.94401359158502, 10.629581432415709, 10.409724213772366, 10.275394782483417, 10.2212871525855, 10.245310939132036, 10.348390970240892, 10.534555473981376, 10.81132883394074, 11.190502301149056, 11.689436303689792, 12.333180100736724, 13.157934757700344, 14.216854931941317, 15.590166034245204, 17.403778950248793, 18.425222229473956, 20.0, 20.0, 20.0, 20.0, 20.0]",24.91498258022541,-0.03574437432524036,0.3119,-0.9688,0.4734,-0.0697,4.0632,-0.2034,0.0032,-9.8194,15.3,,50.0,,,,-0.1916,1.0109,1.0289,280.73,14.94,1.22389,1.7902,179.48,8.258,1,67.85,64.91,1,3,10,0.7,9.67,0,1.2757,0,0
1790618486.1370828,47.3980416,8.5464866,9.480000495910645,-1.7834782600402832,0.00582854775711894,0.0008235533023253083,181.86,-1.749149864115392,-0.061446243332494765,0.0,-176.24159286620898,10.221511007598844,13.605933653536093,-1.0170830365018038,-1.898407133791011,2.0472464642598847,1.7823725098380443,11.551712549986494,0.12004467510903283,0.008820790379544956,"[20.0, 20.0, 20.0, 20.0, 20.0, 20.0, 20.0, 20.0, 20.0, 20.0, 20.0, 20.0, 20.0, 20.0, 20.0, 20.0, 20.0, 20.0, 20.0, 20.0, 20.0, 20.0, 20.0, 20.0, 20.0, 20.0, 20.0, 20.0, 20.0, 20.0, 20.0, 20.0, 20.0, 20.0, 20.0, 20.0, 20.0, 13.856415365527031, 13.605933653536093, 20.0, 20.0, 20.0, 20.0, 20.0, 20.0, 20.0, 15.162009307602034, 15.470498636983686, 12.028305123733665, 11.451602573888422, 11.007612185651105, 10.674975437595549, 10.438969251571965, 10.28979039271798, 10.221511007598844, 10.2314862963582, 10.320099991610418, 10.490800909562818, 10.750437192694744, 11.10995019858713, 11.585564428390805, 12.20072957345094, 12.989285160585098, 14.000732257394322, 15.309351206524557, 17.030798749247445, 19.35438543492713, 20.0, 20.0, 20.0, 20.0, 20.0]",24.91498258022541,-0.03574437432524036,0.4179,-1.0081,0.5208,-0.2377,4.3782,-0.2121,-0.0,-9.8079,15.3,,50.0,,,,-0.1771,0.9419,0.9584,280.65,14.94,1.22389,1.7835,179.81,7.902,1,68.05,65.267,1,3,10,0.7,9.703,0,1.3043,0,0
1790618486.3375466,47.3980384,8.5464866,9.47800064086914,-1.77738356590271,-0.008985952474176884,0.00041763021727092564,182.71,-1.7502137343832371,-0.08729750153258559,0.0,-175.47256012073353,10.223311516385047,13.204859323159853,-0.9885550416064641,-1.8174398792664306,2.4203310872309305,1.7766844334904626,11.198742030597412,0.13697168585874864,0.005596231581601439,"[20.0, 20.0, 20.0, 20.0, 20.0, 20.0, 20.0, 20.0, 20.0, 20.0, 20.0, 20.0, 20.0, 20.0, 20.0, 20.0, 20.0, 20.0, 20.0, 20.0, 20.0, 20.0, 20.0, 20.0, 20.0, 20.0, 20.0, 20.0, 20.0, 20.0, 20.0, 20.0, 20.0, 20.0, 20.0, 20.0, 20.0, 13.743540995262736, 13.204859323159853, 20.0, 20.0, 20.0, 20.0, 20.0, 20.0, 20.0, 15.149914586344538, 14.962261967392877, 20.0, 11.538464921490995, 11.073681552984175, 10.723343387107597, 10.471744996090466, 10.30833644547863, 10.226584040171334, 10.223311516385047, 10.298393002702404, 10.45474103304834, 10.698587441362216, 11.040108865252426, 11.494518301926215, 12.083853555499985, 12.83988644519049, 13.80894503409029, 15.06019290902842, 16.70055491764793, 18.903385070362578, 20.0, 20.0, 20.0, 20.0, 20.0]",24.91498258022541,-0.03574437432524036,0.5442,-1.0731,0.6514,-0.361,4.2315,-0.2054,-0.0028,-9.8131,15.3,,50.0,,,,-0.1462,1.0131,1.0236,278.21,14.94,1.22389,1.7774,180.29,7.548,1,68.25,65.622,1,3,10,0.7,9.694,0,1.2656,0,0
1790618486.5384579,47.3980353,8.5464866,9.47700023651123,-1.7719532251358032,-0.031733863055706024,0.0003648051933851093,183.53,-1.750959352292614,-0.1122761661507064,0.0,-174.73384582548215,10.225090600876468,12.853168332072546,-0.9526477016678347,-1.7361541745178783,2.5040010932418664,1.7720019682879977,10.848608265483412,0.15361359172554706,0.005652792890981601,"[20.0, 20.0, 20.0, 20.0, 20.0, 20.0, 20.0, 20.0, 20.0, 20.0, 20.0, 20.0, 20.0, 20.0, 20.0, 20.0, 20.0, 20.0, 20.0, 20.0, 20.0, 20.0, 20.0, 20.0, 20.0, 20.0, 20.0, 20.0, 20.0, 20.0, 20.0, 20.0, 20.0, 20.0, 20.0, 20.0, 20.0, 13.88761190177944, 12.853168332072546, 13.376391079270004, 20.0, 20.0, 20.0, 20.0, 20.0, 20.0, 15.463537486978751, 14.666657668583586, 15.469002196710747, 11.634540894449648, 11.148729328616959, 10.780621051696501, 10.513500812657187, 10.336059491729898, 10.241156043427525, 10.225090600876468, 10.287245004027083, 10.430023897754172, 10.659085727659079, 10.983905946579528, 11.418780582359648, 11.984479013372809, 12.71092972578925, 13.641652837219878, 14.841319308412302, 16.40925722551478, 18.50509643559614, 20.0, 20.0, 20.0, 20.0, 20.0]",24.91498258022541,-0.03574437432524036,0.6341,-1.1433,0.2648,-0.2059,4.0199,-0.198,0.0051,-9.8078,15.3,,50.0,,,,-0.0888,1.0266,1.0304,274.95,14.94,1.22389,1.7722,181.03,7.196,1,68.46,65.976,1,3,10,0.7,9.703,0,1.257,0,0
1790618486.7385054,47.398032099999995,8.5464864,9.475000381469727,-1.7714602947235107,-0.05837347358465195,0.00027690481510944664,184.31,-1.751090878544213,-0.13607569858780505,0.0,-174.02204805155748,10.236837735356648,12.539634936976466,-0.9087043436396067,-1.6679519484425214,2.422662240735072,1.772420935751375,10.496374416010028,0.1701957829978443,0.004742836555738141,"[20.0, 20.0, 20.0, 20.0, 20.0, 20.0, 20.0, 20.0, 20.0, 20.0, 20.0, 20.0, 20.0, 20.0, 20.0, 20.0, 20.0, 20.0, 20.0, 20.0, 20.0, 20.0, 20.0, 20.0, 20.0, 20.0, 20.0, 20.0, 20.0, 20.0, 20.0, 20.0, 20.0, 20.0, 20.0, 20.0, 20.0, 20.0, 12.539634936976466, 12.760548144798607, 20.0, 20.0, 20.0, 20.0, 20.0, 20.0, 20.0, 14.532265804874234, 14.707995759448073, 11.738859014163868, 11.232022708481525, 10.846271389484603, 10.563864605185483, 10.372730257315308, 10.265124872293628, 10.236837735356648, 10.286779529212785, 10.416878410375865, 10.632264662553624, 10.941777611446124, 11.358891207756107, 11.903248110274635, 12.603151831411392, 13.499664456841712, 14.65355268427473, 16.157597698093408, 18.159723601314234, 19.55153569005151, 20.0, 20.0, 20.0, 20.0]",24.91498258022541,-0.03574437432524036,0.6576,-1.1884,-0.0475,-0.0469,3.9418,-0.1979,-0.0002,-9.8108,15.3,,50.0,,,,-0.1822,0.9557,0.973,280.8,14.94,1.22389,1.7724,181.89,6.842,1,68.66,66.333,1,3,10,0.7,9.63,0,1.2859,0,0
1790618486.939583,47.3980288,8.5464861,9.473000526428223,-1.773694396018982,-0.08423257619142532,0.0005174158723093569,185.05,-1.7503021173893136,-0.15867796442774937,0.0,-173.32380867450343,10.254852384982703,12.260595365974858,-0.8601038063536812,-1.6261913254965634,2.3310717079051093,1.7755091234553013,10.141504512205904,0.18673377050638557,0.0029046847494937655,"[20.0, 20.0, 20.0, 20.0, 20.0, 20.0, 20.0, 20.0, 20.0, 20.0, 20.0, 20.0, 20.0, 20.0, 20.0, 20.0, 20.0, 20.0, 20.0, 20.0, 20.0, 20.0, 20.0, 20.0, 20.0, 20.0, 20.0, 20.0, 20.0, 20.0, 20.0, 20.0, 20.0, 20.0, 20.0, 20.0, 20.0, 20.0, 12.260595365974858, 12.260078712535455, 20.0, 20.0, 20.0, 20.0, 20.0, 20.0, 20.0, 14.576924115793567, 14.2985388626024, 20.0, 11.319583965524597, 10.916453295998325, 10.619087467329837, 10.414652560645228, 10.294810246192085, 10.254852384982703, 10.29323838406558, 10.411447957803851, 10.61412250921378, 10.909520842155972, 11.310375149441228, 11.835320541516213, 12.511218266896858, 13.37696373587798, 14.4899064909381, 15.937143543586181, 17.85653502765467, 20.0, 20.0, 20.0, 20.0, 20.0]",24.91498258022541,-0.03574437432524036,0.6489,-1.1896,-0.0136,0.1303,3.7395,-0.2061,0.005,-9.8024,15.3,,50.0,,,,-0.2079,0.9113,0.9347,282.85,14.94,1.22389,1.7757,182.72,6.486,1,68.86,66.694,1,3,10,0.7,9.65,0,1.3084,0,0
1790618487.1406338,47.3980256,8.5464858,9.469000816345215,-1.774728536605835,-0.10897306352853775,0.0009557317825965583,185.76,-1.7491058080113617,-0.1803642326085232,0.0,-172.64771384393373,10.27820979997086,12.021027255343622,-0.8077640381840863,-1.5922861560662795,2.2462978467523853,1.7772832531992737,9.786877102107958,0.20306721667848618,0.0023604238378852603,"[20.0, 20.0, 20.0, 20.0, 20.0, 20.0, 20.0, 20.0, 20.0, 20.0, 20.0, 20.0, 20.0, 20.0, 20.0, 20.0, 20.0, 20.0, 20.0, 20.0, 20.0, 20.0, 20.0, 20.0, 20.0, 20.0, 20.0, 20.0, 20.0, 20.0, 20.0, 20.0, 20.0, 20.0, 20.0, 20.0, 20.0, 20.0, 12.021027255343622, 11.825211080087456, 20.0, 20.0, 20.0, 20.0, 20.0, 20.0, 20.0, 14.999871789982675, 14.067383451156688, 14.611580824016574, 11.411336866756798, 10.990908353023148, 10.678742531466568, 10.461236867111491, 10.329458865431265, 10.27820979997086, 10.30551071116446, 10.412412840467177, 10.603097907718526, 10.885286427239162, 11.271030506054718, 11.778049685434882, 12.43190422991487, 13.269548089829671, 14.345289410732757, 15.741204046753309, 17.586342486913335, 20.0, 20.0, 20.0, 20.0, 20.0]",24.91498258022541,-0.03574437432524036,0.6462,-1.1678,0.0056,0.1346,3.6054,-0.2032,-0.0012,-9.8188,15.3,,50.0,,,,-0.2695,0.762,0.8082,289.48,14.94,1.22389,1.7781,183.51,6.129,1,69.06,67.055,1,3,10,0.7,9.625,0,1.374,0,0
1790618487.3415008,47.3980223,8.5464854,9.4660005569458,-1.7749311923980713,-0.13459230959415436,0.000755606684833765,186.45000000000002,-1.7484147798521117,-0.20145073079258857,0.0,-172.0180598424048,10.308907877759728,11.835793975896765,-0.7496151508836015,-1.5319401575951588,2.1135833120453635,1.7780902088839414,9.433629990908436,0.21910426486062112,0.004210389631341842,"[20.0, 20.0, 20.0, 20.0, 20.0, 20.0, 20.0, 20.0, 20.0, 20.0, 20.0, 20.0, 20.0, 20.0, 20.0, 20.0, 20.0, 20.0, 20.0, 20.0, 20.0, 20.0, 20.0, 20.0, 20.0, 20.0, 20.0, 20.0, 20.0, 20.0, 20.0, 20.0, 20.0, 20.0, 20.0, 20.0, 20.0, 20.0, 11.835793975896765, 11.436956497792668, 12.099347329223436, 20.0, 20.0, 20.0, 20.0, 20.0, 20.0, 20.0, 13.992023611405768, 14.042970388198373, 20.0, 11.072522451728652, 10.745447898036645, 10.514870505634667, 10.371254124173468, 10.308907877759728, 10.325419841368127, 10.421425365929322, 10.600667619669135, 10.870361315271076, 11.241927280242253, 11.732243170777236, 12.365681845366856, 13.177436593253457, 14.219074476210983, 15.568176599665366, 17.345971192642686, 19.75183894475296, 20.0, 20.0, 20.0, 20.0]",24.91498258022541,-0.03574437432524036,0.6406,-1.1505,-0.0302,0.2086,3.5424,-0.203,0.0086,-9.8118,15.3,,50.0,,,,-0.2172,0.7331,0.7646,286.5,14.94,1.22389,1.78,184.34,5.775,1,69.26,67.417,1,3,10,0.7,9.666,0,1.3977,0,0
1790618487.5417898,47.3980191,8.546484999999999,9.4660005569458,-1.7747576236724854,-0.15869398415088654,-0.00020270617096684873,187.12,-1.748114494043178,-0.221955404983354,0.0,-171.42982514179334,10.344736560583817,11.739982238758246,-0.6877141629689973,-1.4501748582066512,2.0103567805277978,1.778241485423064,9.081215580365633,0.23485289587483285,0.005737805026547148,"[20.0, 20.0, 20.0, 20.0, 20.0, 20.0, 20.0, 20.0, 20.0, 20.0, 20.0, 20.0, 20.0, 20.0, 20.0, 20.0, 20.0, 20.0, 20.0, 20.0, 20.0, 20.0, 20.0, 20.0, 20.0, 20.0, 20.0, 20.0, 20.0, 20.0, 20.0, 20.0, 20.0, 20.0, 20.0, 20.0, 20.0, 20.0, 11.739982238758246, 11.086594003604054, 11.427755137569768, 20.0, 20.0, 20.0, 20.0, 20.0, 20.0, 20.0, 14.110392992211441, 13.723378145483293, 14.906238664970086, 11.158988274523871, 10.816951721473533, 10.573335602893144, 10.41799194511729, 10.344736560583817, 10.35072944156223, 10.436201101429624, 10.604474528205774, 10.862286725296883, 11.220469314193458, 11.695121463746355, 12.309526199034876, 13.09727119599464, 14.107439316965953, 15.41356543628038, 17.129891744258764, 19.442858467700905, 20.0, 20.0, 20.0, 20.0]",24.91498258022541,-0.03574437432524036,0.6171,-1.1357,-0.1025,0.1221,3.3935,-0.1976,0.0081,-9.811,15.3,,50.0,,,,-0.2045,0.7755,0.802,284.77,14.94,1.22389,1.7818,185.11,5.421,1,69.46,67.779,1,3,10,0.7,9.62,0,1.3808,0,0
1790618487.7433703,47.398015799999996,8.5464846,9.4660005569458,-1.7747092247009277,-0.17967739701271057,-0.0006802214775234461,187.76,-1.7545408592703269,-0.2418645601619474,0.0,-171.13023367511266,10.379173528345932,14.465130845815064,-0.6243071789967314,-1.109766324887346,1.9788857270334732,1.7781695803943813,8.729926133051173,0.25029864524769885,0.02396056400467996,"[20.0, 20.0, 20.0, 20.0, 20.0, 20.0, 20.0, 20.0, 20.0, 20.0, 20.0, 20.0, 20.0, 20.0, 20.0, 20.0, 20.0, 20.0, 20.0, 20.0, 20.0, 20.0, 20.0, 20.0, 20.0, 20.0, 20.0, 20.0, 20.0, 20.0, 20.0, 20.0, 20.0, 20.0, 20.0, 20.0, 20.0, 20.0, 20.0, 10.7691401924094, 10.90421350124515, 20.0, 20.0, 20.0, 20.0, 20.0, 20.0, 20.0, 14.818388032643137, 13.562648902880621, 13.908874054792111, 20.0, 10.890243470691908, 10.633858562622997, 10.46709656809748, 10.38328716217096, 10.379173528345932, 10.454597442123228, 10.612484202724186, 10.859124684848409, 11.204806432568592, 11.66491623866673, 12.261747146081028, 13.027437595657364, 14.008841929749321, 15.275889042031352, 16.936642821866016, 19.16620809555939, 20.0, 20.0, 20.0, 20.0]",24.91498258022541,-0.03574437432524036,0.6063,-1.1294,-0.0833,0.1698,3.2256,-0.201,-0.011,-9.8049,15.3,,50.0,,,,-0.226,0.4982,0.5471,294.4,14.94,1.22389,1.7838,185.78,5.07,1,69.66,68.141,1,3,10,0.7,9.651,0,1.5102,0,0
1790618487.9448,47.3980126,8.546484099999999,9.4660005569458,-1.7741200923919678,-0.19795754551887512,-0.0005617938586510718,188.36,-1.75393601550128,-0.2603328887925444,0.0,-170.60701210165666,10.410176631855895,16.014894208986846,-0.5599042362843258,-1.0329878983433218,1.9932327987922531,1.7771886409615425,8.380458346877221,0.26540869011606594,0.005435725885722136,"[20.0, 20.0, 20.0, 20.0, 20.0, 20.0, 20.0, 20.0, 20.0, 20.0, 20.0, 20.0, 20.0, 20.0, 20.0, 20.0, 20.0, 20.0, 20.0, 20.0, 20.0, 20.0, 20.0, 20.0, 20.0, 20.0, 20.0, 20.0, 20.0, 20.0, 20.0, 20.0, 20.0, 20.0, 20.0, 20.0, 20.0, 20.0, 20.0, 10.481335609263349, 10.455117593472469, 20.0, 20.0, 20.0, 20.0, 20.0, 20.0, 20.0, 20.0, 13.549888557027202, 13.481177010724277, 20.0, 10.96402345981334, 10.695356207198781, 10.517672375374293, 10.423831086733887, 10.410176631855895, 10.476183682429824, 10.624407243796835, 10.860728281387843, 11.19494006000475, 11.641788037707919, 12.222680429145246, 12.96846829847798, 13.924037745608638, 15.156152094380065, 16.76748934310006, 18.923357985595302, 20.0, 20.0, 20.0, 20.0]",24.91498258022541,-0.03574437432524036,0.6055,-1.161,-0.0288,-0.1369,2.764,-0.2037,0.0037,-9.8033,15.3,,50.0,,,,-0.3139,0.4713,0.5662,303.66,14.94,1.22389,1.7851,186.37,4.721,1,69.86,68.502,1,3,10,0.7,9.64,0,1.502,0,0
1790618488.1439006,47.3980094,8.5464836,9.46500015258789,-1.7746326923370361,-0.21712855994701385,-0.00034828574280254543,188.86,-1.7528364709884658,-0.275705624476127,0.0,-170.15409119299937,10.055508138016974,17.13072383047053,-0.4915442672498678,-0.9859088070006123,1.8844584242486622,1.776823849974743,8.032808669907064,0.280245050579829,0.0033524248206042383,"[20.0, 20.0, 20.0, 20.0, 20.0, 20.0, 20.0, 20.0, 20.0, 20.0, 20.0, 20.0, 20.0, 20.0, 20.0, 20.0, 20.0, 20.0, 20.0, 20.0, 20.0, 20.0, 20.0, 20.0, 20.0, 20.0, 20.0, 20.0, 20.0, 20.0, 20.0, 20.0, 20.0, 20.0, 20.0, 20.0, 20.0, 20.0, 20.0, 10.216775386680094, 10.055508138016974, 10.769972793456274, 20.0, 20.0, 20.0, 20.0, 20.0, 20.0, 20.0, 13.724428035164374, 13.244810891837005, 14.000769667273515, 20.0, 10.757812656108605, 10.57072143272144, 10.468334922910957, 10.446655454455884, 10.504848608651157, 10.645163677352155, 10.873149436114266, 11.198204684509017, 11.634568830947968, 12.202957382165916, 12.933219052591628, 13.868713889044239, 15.073760301399528, 16.646894518110226, 18.745933519246766, 20.0, 20.0, 20.0, 20.0]",24.91498258022541,-0.03574437432524036,0.6137,-1.1802,0.05,0.0202,2.386,-0.2064,0.006,-9.7967,15.3,,50.0,,,,-0.0841,0.4873,0.4945,279.79,14.94,1.22389,1.7879,186.98,4.375,1,70.06,68.863,1,3,10,0.7,9.646,0,1.5406,0,0
1790618488.3444178,47.3980062,8.546483,9.46500015258789,-1.7747328281402588,-0.23639658093452454,-0.00035612715873867273,189.28,-1.7523274225654784,-0.2886548751328384,0.0,-169.79341883733298,9.688690398676526,17.93412115793878,-0.4190557678854234,-0.9265811626669915,1.6927939807108439,1.7753343366229992,7.686969702708527,0.2947777934096575,0.004218902801357966,"[20.0, 20.0, 20.0, 20.0, 20.0, 20.0, 20.0, 20.0, 20.0, 20.0, 20.0, 20.0, 20.0, 20.0, 20.0, 20.0, 20.0, 20.0, 20.0, 20.0, 20.0, 20.0, 20.0, 20.0, 20.0, 20.0, 20.0, 20.0, 20.0, 20.0, 20.0, 20.0, 20.0, 20.0, 20.0, 20.0, 20.0, 20.0, 20.0, 9.975289634897681, 9.688690398676526, 10.105598528250727, 20.0, 20.0, 20.0, 20.0, 20.0, 20.0, 20.0, 20.0, 13.139672506038604, 13.386624415048201, 20.0, 10.821795971482478, 10.626501891527903, 10.516751583674022, 10.488251051327568, 10.539902803378334, 10.673701156960087, 10.894923247102865, 11.212650592113372, 11.64072044307881, 12.19930214067904, 12.9174579306787, 13.837354163983193, 15.021401315227967, 16.564911523661618, 18.61988968172253, 20.0, 20.0, 20.0, 20.0]",24.91498258022541,-0.03574437432524036,0.6194,-1.1695,-0.0291,0.0606,2.0403,-0.1999,0.0028,-9.8084,15.3,,50.0,,,,-0.0876,0.5695,0.5762,278.75,14.94,1.22389,1.7904,187.59,4.033,1,70.26,69.225,1,3,10,0.7,9.644,0,1.5023,0,0
1790618488.545478,47.398002899999994,8.5464824,9.463000297546387,-1.7736982107162476,-0.2558719217777252,6.708979344693944e-05,189.68,-1.7547472442711727,-0.3012199708364081,0.0,-169.5642779282308,9.347687918406661,18.51256723371592,-0.3419090200856756,-0.7557220717691564,1.471199318797337,1.7716729107322164,7.343573362519743,0.30884541629334955,0.012176323722391847,"[20.0, 20.0, 20.0, 20.0, 20.0, 20.0, 20.0, 20.0, 20.0, 20.0, 20.0, 20.0, 20.0, 20.0, 20.0, 20.0, 20.0, 20.0, 20.0, 20.0, 20.0, 20.0, 20.0, 20.0, 20.0, 20.0, 20.0, 20.0, 20.0, 20.0, 20.0, 20.0, 20.0, 20.0, 20.0, 20.0, 20.0, 20.0, 20.0, 9.771530900162434, 9.347687918406661, 9.581153163156442, 20.0, 20.0, 20.0, 20.0, 20.0, 20.0, 20.0, 20.0, 13.165474968998907, 13.05619860186998, 20.0, 20.0, 10.68713804834415, 10.570218829502128, 10.535141269203994, 10.580553815219966, 10.70820831122561, 10.923127559445808, 11.234100008916625, 11.65459524841021, 12.204286820503071, 12.911526338092347, 13.817404993922661, 14.982619266260366, 16.499592850801086, 18.515141837095385, 20.0, 20.0, 20.0, 20.0]",24.91498258022541,-0.03574437432524036,0.5949,-1.1615,-0.2145,0.1763,1.9212,-0.2075,0.0061,-9.7976,15.3,,50.0,,,,-0.0692,0.4649,0.47,278.46,14.94,1.22389,1.7921,188.21,3.697,1,70.46,69.586,1,3,10,0.7,9.573,0,1.557,0,0
1790618488.7455895,47.3979997,8.5464817,9.460000038146973,-1.7730014324188232,-0.273252934217453,0.00030025638989172876,190.04,-1.7599639975586416,-0.3128174320698033,0.0,-169.4781994821078,9.029122246767747,18.929048408275463,-0.26185802951384707,-0.4818005178922249,1.2785755207443903,1.7670449045178185,7.001874799241888,0.3225009441765354,0.01973518989408338,"[20.0, 20.0, 20.0, 20.0, 20.0, 20.0, 20.0, 20.0, 20.0, 20.0, 20.0, 20.0, 20.0, 20.0, 20.0, 20.0, 20.0, 20.0, 20.0, 20.0, 20.0, 20.0, 20.0, 20.0, 20.0, 20.0, 20.0, 20.0, 20.0, 20.0, 20.0, 20.0, 20.0, 20.0, 20.0, 20.0, 20.0, 20.0, 20.0, 9.618991422926909, 9.029122246767747, 9.126368193569222, 20.0, 20.0, 20.0, 20.0, 20.0, 20.0, 20.0, 20.0, 13.36957211824221, 12.87483688108928, 13.512120909475058, 20.0, 10.750059224123687, 10.626522155411127, 10.585438446916623, 10.625224128088487, 10.747412896593142, 10.956802661536445, 11.261926660566044, 11.675938010832656, 12.218086771053308, 12.916120387299182, 13.810218453750993, 14.959626823880502, 16.454328790017282, 18.436766628600957, 20.0, 20.0, 20.0, 20.0]",24.91498258022541,-0.03574437432524036,0.5458,-1.1662,-0.2135,-0.0079,1.7994,-0.1989,-0.0074,-9.8088,15.3,,50.0,,,,-0.0257,0.2913,0.2924,275.05,14.94,1.22389,1.7939,188.76,3.366,1,70.66,69.948,1,3,10,0.7,9.578,0,1.6477,0,0
1790618488.9457953,47.3979965,8.546481,9.457000732421875,-1.7709473371505737,-0.2894284129142761,-0.00016385236813221127,190.35,-1.7692290562229678,-0.32326549398356574,0.0,-169.5924561687691,8.719821868443729,19.228914853958333,-0.17849581569394246,-0.057543831230873366,1.0681287466389684,1.7592193414683621,6.66505632771309,0.3355883439825694,0.030858477713628554,"[20.0, 20.0, 20.0, 20.0, 20.0, 20.0, 20.0, 20.0, 20.0, 20.0, 20.0, 20.0, 20.0, 20.0, 20.0, 20.0, 20.0, 20.0, 20.0, 20.0, 20.0, 20.0, 20.0, 20.0, 20.0, 20.0, 20.0, 20.0, 20.0, 20.0, 20.0, 20.0, 20.0, 20.0, 20.0, 20.0, 20.0, 20.0, 20.0, 9.587858414469906, 8.73376414702453, 8.719821868443729, 9.453576238823176, 20.0, 20.0, 20.0, 20.0, 20.0, 20.0, 20.0, 20.0, 12.81230975449435, 13.018431444458772, 20.0, 20.0, 10.685999473122342, 10.639646677856508, 10.67458342748931, 10.7921557838361, 10.996972611723988, 11.297357011154427, 11.706205535373966, 12.24242822122169, 12.933289733272986, 13.818242344288052, 14.9553743114044, 16.4327200179389, 18.389227195205493, 20.0, 20.0, 20.0, 20.0]",24.91498258022541,-0.03574437432524036,0.4976,-1.1996,-0.288,-0.129,1.4022,-0.2043,-0.0117,-9.8027,15.3,,50.0,,,,-0.0473,0.3817,0.3846,277.06,14.94,1.22389,1.7944,189.28,3.047,1,70.86,70.308,1,3,10,0.7,9.625,0,1.6021,0,0
1790618489.1473505,47.397993299999996,8.546480299999999,9.457000732421875,-1.7684381008148193,-0.30334731936454773,-0.0006022465531714261,190.55,-1.7571116919182745,-0.32598041496213465,0.0,-169.94928069073597,8.352013636519839,19.44481869485,-0.09268373978518052,0.49928069073598635,0.8165515604360077,1.748494135274317,6.33457543801862,0.3481875948918052,0.04047505925393927,"[20.0, 20.0, 20.0, 20.0, 20.0, 20.0, 20.0, 20.0, 20.0, 20.0, 20.0, 20.0, 20.0, 20.0, 20.0, 20.0, 20.0, 20.0, 20.0, 20.0, 20.0, 20.0, 20.0, 20.0, 20.0, 20.0, 20.0, 20.0, 20.0, 20.0, 20.0, 20.0, 20.0, 20.0, 20.0, 20.0, 20.0, 20.0, 20.0, 20.0, 8.457248941453333, 8.352013636519839, 8.793769305428713, 20.0, 20.0, 20.0, 20.0, 20.0, 20.0, 20.0, 20.0, 12.858610459710484, 12.757550583357517, 20.0, 20.0, 10.746644529233667, 10.696759006425186, 10.728608394674506, 10.843419430738347, 11.045688015246027, 11.343618899512563, 11.749970480619142, 12.28347425482497, 12.971143232168593, 13.85204857279283, 14.983664389562863, 16.452974825157508, 18.397013454088572, 20.0, 20.0, 20.0, 20.0]",24.91498258022541,-0.03574437432524036,0.4365,-1.2823,-0.2855,-0.3588,0.6405,-0.2082,-0.003,-9.8135,15.3,,50.0,,,,0.0738,0.3608,0.3683,258.45,14.94,1.22389,1.7943,189.73,2.742,1,71.06,70.664,1,3,10,0.7,9.649,0,1.6101,0,0
1790618489.3482013,47.397990199999995,8.5464795,9.455000877380371,-1.7670996189117432,-0.31579723954200745,-0.00016079933266155422,190.6,-1.7387525180919048,-0.32234789998921104,0.0,-170.61431046966112,8.010447281105105,19.600269460292,-0.004332624455336109,1.2143104696611147,0.46766993227560694,1.7354067953454169,6.008303517818733,0.3605135328853284,0.0509486592356123,"[20.0, 20.0, 20.0, 20.0, 20.0, 20.0, 20.0, 20.0, 20.0, 20.0, 20.0, 20.0, 20.0, 20.0, 20.0, 20.0, 20.0, 20.0, 20.0, 20.0, 20.0, 20.0, 20.0, 20.0, 20.0, 20.0, 20.0, 20.0, 20.0, 20.0, 20.0, 20.0, 20.0, 20.0, 20.0, 20.0, 20.0, 20.0, 20.0, 20.0, 8.190481801005838, 8.010447281105105, 8.298035026129279, 20.0, 20.0, 20.0, 20.0, 20.0, 20.0, 20.0, 20.0, 13.018378980885133, 12.618607418421533, 13.321177052683263, 20.0, 10.807356549071244, 10.75636713744372, 10.787571003626166, 10.902169935029725, 11.104650370419133, 11.403221994701388, 11.810662496664653, 12.34573789088493, 13.03551254639767, 13.919127792427487, 15.054147857041396, 16.527663625332128, 18.476813165614445, 20.0, 20.0, 20.0, 20.0]",24.91498258022541,-0.03574437432524036,0.3627,-1.2563,-0.4095,0.2326,-0.279,-0.2028,-0.0017,-9.8095,15.3,,50.0,,,,-0.0818,0.2476,0.2608,288.27,14.94,1.22389,1.7951,190.13,2.454,1,71.26,71.019,1,3,10,0.7,9.66,0,1.6647,0,0
1790618489.5477834,47.397987099999995,8.5464786,9.454000473022461,-1.7637971639633179,-0.32553714513778687,-0.0005558523116633296,190.42000000000002,-1.7166278774943038,-0.3104430011038512,0.0,-171.69349722108103,7.6864704778088395,19.71219401141024,0.08689174729558213,2.1134972210810474,-0.03717775497013253,1.7151720581935643,5.68609255778096,0.37283719199075727,0.0628125874896824,"[20.0, 20.0, 20.0, 20.0, 20.0, 20.0, 20.0, 20.0, 20.0, 20.0, 20.0, 20.0, 20.0, 20.0, 20.0, 20.0, 20.0, 20.0, 20.0, 20.0, 20.0, 20.0, 20.0, 20.0, 20.0, 20.0, 20.0, 20.0, 20.0, 20.0, 20.0, 20.0, 20.0, 20.0, 20.0, 20.0, 20.0, 20.0, 20.0, 20.0, 7.920895222323599, 7.6864704778088395, 7.8783840209670455, 20.0, 20.0, 20.0, 20.0, 20.0, 20.0, 20.0, 20.0, 13.320655504366943, 12.55925440300052, 12.913555205342497, 20.0, 20.0, 10.818562300748818, 10.852927068731743, 10.971274949871995, 11.178243490589868, 11.482237898477015, 11.896297941021814, 12.439552116150619, 13.139582029149725, 14.036292407557848, 15.188418613393146, 16.68493279132409, 18.666170532404507, 20.0, 20.0, 20.0, 20.0]",24.91498258022541,-0.03574437432524036,0.2707,-1.1295,-0.5791,0.5611,-1.5955,-0.2118,-0.0027,-9.7941,15.3,,50.0,,,,-0.1259,0.1208,0.1745,316.21,14.94,1.22389,1.7936,190.46,2.189,1,71.46,71.373,1,3,10,0.7,9.65,0,1.7063,0,0
1790618489.7484057,47.3979839,8.5464778,9.456000328063965,-1.756921410560608,-0.3295056223869324,-0.0010682083666324615,189.96,-1.6121515162329834,-0.27553156696917164,0.0,-173.3031246674243,7.37092844736293,19.792779688215372,0.1789262091795656,3.2631246674243357,-0.6622656014754018,1.6843330565649832,5.366991716721241,0.38546692795218745,0.06712850076597969,"[20.0, 20.0, 20.0, 20.0, 20.0, 20.0, 20.0, 20.0, 20.0, 20.0, 20.0, 20.0, 20.0, 20.0, 20.0, 20.0, 20.0, 20.0, 20.0, 20.0, 20.0, 20.0, 20.0, 20.0, 20.0, 20.0, 20.0, 20.0, 20.0, 20.0, 20.0, 20.0, 20.0, 20.0, 20.0, 20.0, 20.0, 20.0, 20.0, 20.0, 7.634696300128536, 7.37092844736293, 7.504239224169322, 20.0, 20.0, 20.0, 20.0, 20.0, 20.0, 20.0, 20.0, 20.0, 12.544676746807855, 12.70034180196073, 20.0, 20.0, 10.881617336842643, 10.923850560988951, 11.050844177303151, 11.267586991439112, 11.582918508782866, 12.010446223315597, 12.570075974959384, 13.290498819127771, 14.21326875460292, 15.399681826128724, 16.94288786700698, 18.990455036044274, 20.0, 20.0, 20.0, 20.0]",24.91498258022541,-0.03574437432524036,0.1525,-0.9575,-0.6205,0.7131,-3.2834,-0.202,-0.0075,-9.7872,15.3,,50.0,,,,-0.1336,0.1766,0.2214,307.1,14.94,1.22389,1.7876,190.62,1.953,1,71.67,71.727,1,3,10,0.7,9.622,0,1.6768,0,0
1790618489.9485776,47.3979808,8.5464769,9.457000732421875,-1.7406246662139893,-0.3272435665130615,-0.0012750913156196475,189.13,-1.365104617844258,-0.20997882467706835,0.0,-175.6746703338623,7.058995967381662,19.85080137551507,0.2714394349360778,4.805843805980544,-1.5175225785612898,1.6333679478852443,5.0528024311139745,0.39872878608524986,0.053381059062081244,"[20.0, 20.0, 20.0, 20.0, 20.0, 20.0, 20.0, 20.0, 20.0, 20.0, 20.0, 20.0, 20.0, 20.0, 20.0, 20.0, 20.0, 20.0, 20.0, 20.0, 20.0, 20.0, 20.0, 20.0, 20.0, 20.0, 20.0, 20.0, 20.0, 20.0, 20.0, 20.0, 20.0, 20.0, 20.0, 20.0, 20.0, 20.0, 20.0, 20.0, 7.320165189611192, 7.058995967381662, 7.164953064448737, 7.9211664819285295, 20.0, 20.0, 20.0, 20.0, 20.0, 20.0, 20.0, 20.0, 12.54164221859676, 12.5863832444428, 20.0, 20.0, 10.946870096932512, 11.003303932294301, 11.145586847682345, 11.379335820435514, 11.71416095755616, 12.164674383474646, 12.752159706551518, 13.50728411281835, 14.474561399248945, 15.719927614056166, 17.34419161795618, 19.508367193674125, 20.0, 20.0, 20.0, 20.0]",24.91498258022541,-0.03574437432524036,-0.0156,-0.3568,-0.8183,2.7464,-5.2869,-0.1966,-0.0153,-9.7809,15.3,,50.0,,,,-0.161,0.2018,0.2582,308.59,14.94,1.22389,1.7711,190.65,1.759,1,71.87,72.079,1,3,10,0.7,9.654,0,1.642,0,0
1790618490.3500028,47.3979748,8.546475299999999,9.459000587463379,-1.6087990999221802,-0.2894878089427948,-0.0007311696535907686,186.08,-0.5756914313989502,-0.06132042401894257,0.0,-169.10691825866695,6.455252469410137,19.89257699037085,0.34746616236595906,-85.49039829528397,-4.120661038244448,0.38170387647750376,4.455011496178288,0.42809406506956715,0.2705388277875033,"[20.0, 20.0, 20.0, 20.0, 20.0, 20.0, 20.0, 20.0, 20.0, 20.0, 20.0, 20.0, 20.0, 20.0, 20.0, 20.0, 20.0, 20.0, 20.0, 20.0, 20.0, 20.0, 20.0, 20.0, 20.0, 20.0, 20.0, 20.0, 20.0, 20.0, 20.0, 20.0, 20.0, 20.0, 20.0, 20.0, 20.0, 20.0, 20.0, 20.0, 6.619136821543452, 6.455252469410137, 6.591954648430144, 7.344840479330838, 20.0, 20.0, 20.0, 20.0, 20.0, 20.0, 20.0, 20.0, 12.461245366266793, 12.556589768547841, 20.0, 20.0, 11.095983808133795, 11.20554659554285, 11.404958855004772, 11.702272125864775, 12.110133874538882, 12.64718143307491, 13.34031144586205, 14.228386147247841, 15.3684378619012, 16.846476327848737, 18.797344316995996, 20.0, 20.0, 20.0, 20.0, 20.0]",-0.05745993845411945,-0.019228266250244985,-0.3354,1.5487,0.7826,-0.9647,-8.9272,-0.1823,-0.0184,-9.7978,15.3,,50.0,,,,0.044,0.3094,0.3126,261.9,14.94,1.22389,1.6346,190.2,23.491,1,72.27,72.759,1,3,10,0.7,9.6,0,1.4784,0,0
1790618490.5496008,47.3979721,8.5464746,9.461000442504883,-1.4735194444656372,-0.26176631450653076,-0.027747301384806633,184.76,-0.022229814813464355,-0.0018510618476369296,0.0,-170.43746398925782,6.185968259398807,19.92265543306701,0.0451370537079623,-86.5984795910253,-5.313334587115703,0.32822635686632373,4.185964411418036,0.4408128619102707,0.0,"[20.0, 20.0, 20.0, 20.0, 20.0, 20.0, 20.0, 20.0, 20.0, 20.0, 20.0, 20.0, 20.0, 20.0, 20.0, 20.0, 20.0, 20.0, 20.0, 20.0, 20.0, 20.0, 20.0, 20.0, 20.0, 20.0, 20.0, 20.0, 20.0, 20.0, 20.0, 20.0, 20.0, 20.0, 20.0, 20.0, 20.0, 20.0, 20.0, 7.025394302893642, 6.325802595364147, 6.185968259398807, 6.3225373982785005, 7.005523504284631, 20.0, 20.0, 20.0, 20.0, 20.0, 20.0, 20.0, 20.0, 12.438505153323675, 12.543356125373398, 20.0, 20.0, 11.170308742257117, 11.303674580434063, 11.529066906044205, 11.855695383144543, 12.297692558355616, 12.875709220996246, 13.619506506601404, 14.572209663476585, 15.797494542439004, 17.392265731150335, 19.510337144165373, 20.0, 20.0, 20.0, 20.0, 20.0]",-0.05745993845411945,-0.019228266250244985,-0.2068,5.3513,0.9801,17.4148,-1.1832,-0.1568,-0.0294,-9.8399,15.3,,50.0,,,,-0.0111,0.1845,0.1848,273.45,14.94,1.22389,1.4966,190.07,23.434,1,72.47,73.069,1,3,10,0.7,9.609,0,1.4042,0,0
1790618490.750704,47.3979697,8.546474,9.468000411987305,-1.1958664655685425,-0.22471994161605835,-0.03909813612699509,185.43,-0.02588045551964333,-0.0024600960678855055,0.0,-169.74672157287597,5.975175328073977,19.94431191180825,-0.21120192851991543,-85.6556842355024,-5.212563346640265,0.2661623752854932,3.960609675732039,0.44446409772259843,0.0,"[20.0, 20.0, 20.0, 20.0, 20.0, 20.0, 20.0, 20.0, 20.0, 20.0, 20.0, 20.0, 20.0, 20.0, 20.0, 20.0, 20.0, 20.0, 20.0, 20.0, 20.0, 20.0, 20.0, 20.0, 20.0, 20.0, 20.0, 20.0, 20.0, 20.0, 20.0, 20.0, 20.0, 20.0, 20.0, 20.0, 20.0, 20.0, 20.0, 20.0, 6.209803732742026, 5.975175328073977, 6.013314622946296, 6.372056291831973, 20.0, 20.0, 20.0, 20.0, 20.0, 20.0, 20.0, 20.0, 12.610803452196597, 12.395818423971614, 13.455885908002061, 20.0, 14.478085042227073, 11.32752833453651, 11.541033488607349, 11.854696282432528, 12.28196947588766, 12.842588659848984, 13.565011112154847, 14.490407573362651, 15.679374037223432, 17.223694817055673, 19.268127575081923, 20.0, 20.0, 20.0, 20.0, 20.0]",-0.05745993845411945,-0.019228266250244985,-0.2706,9.1798,-1.4033,11.5271,7.9991,-0.1215,-0.0182,-9.8276,15.3,,50.0,,,,0.0238,0.0115,0.0265,205.77,14.94,1.22389,1.2168,190.64,23.388,1,72.67,73.331,1,3,10,0.7,9.676,0,1.2036,0,0
1790618490.9517207,47.3979681,8.5464735,9.473000526428223,-0.8403263092041016,-0.17135775089263916,-0.009774260222911835,187.35,-0.03606222741020743,-0.004651668127966626,0.0,-167.8247589111328,5.802301559602381,19.95990457650194,-0.3951339241553794,-83.47503879010696,-4.175625702150352,0.194142254462938,3.8009044977378466,0.4402610774578807,0.0,"[20.0, 20.0, 20.0, 20.0, 20.0, 20.0, 20.0, 20.0, 20.0, 20.0, 20.0, 20.0, 20.0, 20.0, 20.0, 20.0, 20.0, 20.0, 20.0, 20.0, 20.0, 20.0, 20.0, 20.0, 20.0, 20.0, 20.0, 20.0, 20.0, 20.0, 20.0, 20.0, 20.0, 20.0, 20.0, 20.0, 20.0, 20.0, 20.0, 20.0, 6.36060654175962, 5.896134834169978, 5.802301559602381, 5.954036740844367, 6.627692786875629, 20.0, 20.0, 20.0, 20.0, 20.0, 20.0, 20.0, 13.47837370975687, 12.394354882340176, 12.603484384274921, 20.0, 20.0, 11.304981972186892, 11.483105395988078, 11.757848599022854, 12.140724139286108, 12.648880319718744, 13.307132424683605, 14.15126906152446, 15.233543887317051, 16.632133291500228, 18.468255682905795, 20.0, 20.0, 20.0, 20.0, 20.0]",-0.05745993845411945,-0.019228266250244985,-0.2008,9.0989,-1.1385,-8.1115,10.9785,-0.1006,-0.0055,-9.8184,15.3,,50.0,,,,-0.1285,0.1027,0.1645,321.36,14.94,1.22389,0.8576,191.53,23.355,1,72.87,73.52,1,3,10,0.7,9.693,0,0.7754,0,0
1790618491.1523235,47.397967099999995,8.5464732,9.475000381469727,-0.5286532044410706,-0.115632064640522,0.007734409999102354,189.56,-0.0468820179913438,-0.007895837635231618,0.0,-165.63550132751465,5.7268786504165945,19.9711312950814,-0.5055010232193106,-81.06721454938724,-2.777967750595661,0.1275649361649976,3.705998454277049,0.43200674938628225,0.0,"[20.0, 20.0, 20.0, 20.0, 20.0, 20.0, 20.0, 20.0, 20.0, 20.0, 20.0, 20.0, 20.0, 20.0, 20.0, 20.0, 20.0, 20.0, 20.0, 20.0, 20.0, 20.0, 20.0, 20.0, 20.0, 20.0, 20.0, 20.0, 20.0, 20.0, 20.0, 20.0, 20.0, 20.0, 20.0, 20.0, 20.0, 20.0, 20.0, 20.0, 20.0, 5.96842806625974, 5.7268786504165945, 5.742628029453129, 6.033022345669793, 20.0, 20.0, 20.0, 20.0, 20.0, 20.0, 20.0, 20.0, 12.66743159645951, 12.378984115313388, 13.216323609558732, 20.0, 15.300900740946407, 11.414714411911202, 11.646054882329501, 11.980027725819056, 12.431122219245475, 13.020487844756868, 13.778601609664912, 14.74964896576969, 15.998936018556424, 17.625992183309023, 19.78910739265011, 20.0, 20.0, 20.0, 20.0]",-0.05745993845411945,-0.019228266250244985,-0.0623,6.8924,-0.4902,-12.3333,10.8852,-0.066,-0.0119,-9.849,15.3,,50.0,,,,-0.1401,0.0286,0.143,348.45,14.94,1.22389,0.5412,192.34,23.336,1,73.07,73.633,1,3,10,0.7,9.667,0,0.4696,0,0
1790618491.3531182,47.3979666,8.546472999999999,9.473000526428223,-0.30220916867256165,-0.07197456806898117,0.011115875095129013,191.68,-0.05690509043812653,-0.011763763702694987,0.0,-163.50190574645995,5.6596956355662815,19.979214532458606,-0.561739341039777,-78.8059557880382,-1.7160868094093618,0.07809390467543202,3.6588361960510944,0.42217639739977236,0.0,"[20.0, 20.0, 20.0, 20.0, 20.0, 20.0, 20.0, 20.0, 20.0, 20.0, 20.0, 20.0, 20.0, 20.0, 20.0, 20.0, 20.0, 20.0, 20.0, 20.0, 20.0, 20.0, 20.0, 20.0, 20.0, 20.0, 20.0, 20.0, 20.0, 20.0, 20.0, 20.0, 20.0, 20.0, 20.0, 20.0, 20.0, 20.0, 20.0, 20.0, 20.0, 6.202235557717392, 5.754485421402625, 5.6596956355662815, 5.798620394488949, 6.386937299671651, 20.0, 20.0, 20.0, 20.0, 20.0, 20.0, 20.0, 13.517582581867416, 12.39946574959819, 12.601922186660634, 20.0, 20.0, 11.359023211894252, 11.550190670368776, 11.839551344585171, 12.239325187792133, 12.767604832041737, 13.450529722165271, 14.325830584389337, 15.448740382964468, 16.9022341043131, 18.81570761176763, 20.0, 20.0, 20.0, 20.0]",-0.05745993845411945,-0.019228266250244985,0.099,4.5764,-0.0378,-10.6596,10.3453,-0.0446,-0.0048,-9.8466,15.3,,50.0,,,,-0.0032,-0.1811,0.1811,88.98,14.94,1.22389,0.3107,193.4,23.323,1,73.27,73.692,1,3,10,0.7,9.676,0,0.2201,0,0
1790618491.554251,47.3979663,8.5464729,9.472000122070312,-0.15849633514881134,-0.046953245997428894,0.009174239821732044,193.66,-0.06615150846889323,-0.01607708093217022,0.0,-161.5160120391846,5.650377113641001,19.985034463370198,-0.5892654251963466,-76.713836625986,-1.5646778567410555,0.04998001328854866,3.63753421057602,0.41178391490826427,0.0,"[20.0, 20.0, 20.0, 20.0, 20.0, 20.0, 20.0, 20.0, 20.0, 20.0, 20.0, 20.0, 20.0, 20.0, 20.0, 20.0, 20.0, 20.0, 20.0, 20.0, 20.0, 20.0, 20.0, 20.0, 20.0, 20.0, 20.0, 20.0, 20.0, 20.0, 20.0, 20.0, 20.0, 20.0, 20.0, 20.0, 20.0, 20.0, 20.0, 20.0, 20.0, 20.0, 5.858416853324904, 5.650377113641001, 5.685712222321035, 6.002859631341147, 20.0, 20.0, 20.0, 20.0, 20.0, 20.0, 20.0, 20.0, 12.59400011818995, 12.411017213668263, 13.66047505055323, 20.0, 13.905157990679385, 11.475108580260914, 11.724656429243229, 12.079273548756676, 12.554538412637823, 13.173095438580141, 13.967573817578874, 14.985401571053039, 16.29700695676742, 18.01045192682706, 20.0, 20.0, 20.0, 20.0]",-0.05745993845411945,-0.019228266250244985,0.182,2.7979,-0.3778,-7.23,10.1626,-0.0218,-0.0104,-9.8272,15.3,,50.0,,,,0.1125,-0.2174,0.2448,117.37,14.94,1.22389,0.1653,196.5,23.312,1,73.47,73.722,1,3,10,0.7,9.72,0,0.0429,0,0
1790618491.7545967,47.3979662,8.546472699999999,9.471000671386719,-0.07552087306976318,-0.03571523725986481,0.007012760732322931,195.82,-0.06742794651896837,-0.01880085179546767,0.0,-159.5946845245361,5.635761624389993,19.989224813626542,-0.6028553536397233,-74.69268681633196,-2.694592109596996,0.0371121348605807,3.629136504171899,0.4008448446218626,0.0,"[20.0, 20.0, 20.0, 20.0, 20.0, 20.0, 20.0, 20.0, 20.0, 20.0, 20.0, 20.0, 20.0, 20.0, 20.0, 20.0, 20.0, 20.0, 20.0, 20.0, 20.0, 20.0, 20.0, 20.0, 20.0, 20.0, 20.0, 20.0, 20.0, 20.0, 20.0, 20.0, 20.0, 20.0, 20.0, 20.0, 20.0, 20.0, 20.0, 20.0, 20.0, 20.0, 6.050334210461822, 5.692736842476124, 5.635761624389993, 5.815513694711946, 6.642589900940246, 20.0, 20.0, 20.0, 20.0, 20.0, 20.0, 20.0, 13.040690018604845, 12.386212210891284, 12.778739249462951, 20.0, 20.0, 11.416701916249732, 11.629108753402578, 11.942179249805873, 12.369315002072678, 12.930195722105443, 13.653202844897553, 14.579384200913498, 15.769113352969516, 17.31374394629799, 19.357153110285964, 20.0, 20.0, 20.0]",-0.05745993845411945,-0.019228266250244985,0.169,1.5915,-0.5049,-4.4517,10.2616,-0.0129,-0.0018,-9.8189,15.3,,50.0,,,,0.3257,-0.0744,0.3341,167.13,14.94,1.22389,0.0835,205.31,23.301,1,73.67,73.741,1,3,10,0.7,9.728,0,0.0,0,0
1790618491.9561083,47.3979661,8.5464726,9.470000267028809,-0.03017205372452736,-0.0306115560233593,0.006122047081589699,197.77,-0.06674915595834709,-0.02108435863023243,0.0,-157.64408370971682,5.629443191896795,19.99224186581111,-0.6099301836315584,-72.64513555043641,-3.8334609568916007,0.031157840108229695,3.626509935995206,0.38913422167017775,0.0,"[20.0, 20.0, 20.0, 20.0, 20.0, 20.0, 20.0, 20.0, 20.0, 20.0, 20.0, 20.0, 20.0, 20.0, 20.0, 20.0, 20.0, 20.0, 20.0, 20.0, 20.0, 20.0, 20.0, 20.0, 20.0, 20.0, 20.0, 20.0, 20.0, 20.0, 20.0, 20.0, 20.0, 20.0, 20.0, 20.0, 20.0, 20.0, 20.0, 20.0, 20.0, 20.0, 6.451751656818098, 5.786604930014376, 5.629443191896795, 5.705361135119237, 6.103223808849132, 20.0, 20.0, 20.0, 20.0, 20.0, 20.0, 20.0, 20.0, 12.497218456075325, 12.502094682692523, 20.0, 20.0, 11.977724052532755, 11.546072249315113, 11.818843993842462, 12.199911133708309, 12.706294317157033, 13.36263662096402, 14.204471729015607, 15.283646668503623, 16.677646298123456, 18.50643722266339, 20.0, 20.0, 20.0]",-0.05745993845411945,-0.019228266250244985,0.1157,0.9273,-0.3627,-2.4354,10.1436,-0.0003,-0.0065,-9.8097,15.3,,50.0,,,,0.2312,-0.0209,0.2321,174.83,14.94,1.22389,0.043,225.41,23.29,1,73.87,73.754,1,3,10,0.7,9.675,0,0.0,0,0
1790618492.15622,47.397966,8.546472399999999,9.468000411987305,-0.006659663747996092,-0.027596857398748398,0.005658880807459354,199.74,-0.06588644849600853,-0.023642671265802738,0.0,-155.45700050354003,5.639819335711309,19.994414143384,-0.6159412515865956,-70.328760543025,-4.521884028535953,0.027712361397742767,3.624522460794708,0.3753693305011148,0.0,"[20.0, 20.0, 20.0, 20.0, 20.0, 20.0, 20.0, 20.0, 20.0, 20.0, 20.0, 20.0, 20.0, 20.0, 20.0, 20.0, 20.0, 20.0, 20.0, 20.0, 20.0, 20.0, 20.0, 20.0, 20.0, 20.0, 20.0, 20.0, 20.0, 20.0, 20.0, 20.0, 20.0, 20.0, 20.0, 20.0, 20.0, 20.0, 20.0, 20.0, 20.0, 20.0, 20.0, 5.970688363524243, 5.6678534114016355, 5.639819335711309, 5.856494250375476, 20.0, 20.0, 20.0, 20.0, 20.0, 20.0, 20.0, 20.0, 12.842854272332984, 12.401766888650846, 12.995285629793573, 20.0, 17.056230034687253, 11.466980233588005, 11.69600362246258, 12.027765819157656, 12.476625340636716, 13.063560882113482, 13.818805824222299, 14.786171947515642, 16.030355163159154, 17.64982658648416, 19.800917091139926, 20.0, 20.0]",-0.05745993845411945,-0.019228266250244985,0.0774,0.5712,-0.2007,-1.2444,10.1394,0.0047,-0.0023,-9.8132,15.3,,50.0,,,,0.2059,-0.093,0.2259,155.7,14.94,1.22389,0.0284,256.43,23.28,1,74.07,73.766,1,3,10,0.7,9.714,0,0.0,0,0
1790618492.3572414,47.397966,8.5464723,9.4660005569458,0.004237467423081398,-0.025123443454504013,0.005044329445809126,201.74,-0.06502119492389782,-0.02592767268129716,0.0,-153.437339553833,5.62182817126131,19.995978183236478,-0.6223497765480608,-68.23113348355866,-4.745823153930778,0.025044304314371563,3.6216328914413136,0.3624307175273965,0.0,"[20.0, 20.0, 20.0, 20.0, 20.0, 20.0, 20.0, 20.0, 20.0, 20.0, 20.0, 20.0, 20.0, 20.0, 20.0, 20.0, 20.0, 20.0, 20.0, 20.0, 20.0, 20.0, 20.0, 20.0, 20.0, 20.0, 20.0, 20.0, 20.0, 20.0, 20.0, 20.0, 20.0, 20.0, 20.0, 20.0, 20.0, 20.0, 20.0, 20.0, 20.0, 20.0, 20.0, 6.280542788827353, 5.747358317439995, 5.62182817126131, 5.726492979661274, 6.195832652167789, 20.0, 20.0, 20.0, 20.0, 20.0, 20.0, 20.0, 20.0, 12.45926464275437, 12.596421960544447, 20.0, 20.0, 11.410361446926943, 11.60129338631145, 11.890759792485078, 12.290976381526459, 12.820038670778741, 13.504093622866431, 14.380879501699347, 15.505626947154804, 16.96127615164449, 18.87710137202044, 20.0, 20.0]",-0.05745993845411945,-0.019228266250244985,0.0768,0.3801,0.0447,-0.6612,10.2143,0.0029,-0.0045,-9.812,15.3,,50.0,,,,0.3039,-0.0981,0.3194,162.11,14.94,1.22389,0.0255,279.57,23.272,1,74.27,73.777,1,3,10,0.7,9.719,0,0.0,0,0
1790618492.5577707,47.397965899999996,8.5464722,9.4660005569458,0.00794194359332323,-0.02343590371310711,0.004025537054985762,203.8,-0.06404717674948772,-0.028248170744667307,0.0,-151.37863845825194,5.639660905128325,19.997104291930263,-0.631553624501298,-66.07122684790937,-4.696841596198129,0.023294537807248637,3.615487077081168,0.34875631225349446,0.0,"[20.0, 20.0, 20.0, 20.0, 20.0, 20.0, 20.0, 20.0, 20.0, 20.0, 20.0, 20.0, 20.0, 20.0, 20.0, 20.0, 20.0, 20.0, 20.0, 20.0, 20.0, 20.0, 20.0, 20.0, 20.0, 20.0, 20.0, 20.0, 20.0, 20.0, 20.0, 20.0, 20.0, 20.0, 20.0, 20.0, 20.0, 20.0, 20.0, 20.0, 20.0, 20.0, 20.0, 20.0, 5.8859797725886835, 5.639660905128325, 5.646259831468392, 5.912745529512792, 20.0, 20.0, 20.0, 20.0, 20.0, 20.0, 20.0, 20.0, 12.687342524845743, 12.434215297939753, 13.381603174677288, 20.0, 14.62885579026419, 11.517758617193476, 11.765572201632143, 12.118541518379429, 12.592141879606446, 13.208880964331387, 14.001190050583451, 15.016189286022422, 16.323797041042504, 18.03117773733403, 20.0, 20.0]",-0.05745993845411945,-0.019228266250244985,0.0967,0.2779,0.1687,-0.3114,10.4394,-0.0001,-0.0048,-9.8195,15.3,,50.0,,,,0.1955,-0.2101,0.2869,132.94,14.94,1.22389,0.0247,288.72,23.266,1,74.47,73.788,1,3,10,0.7,9.7,0,0.0,0,0
1790618492.7586572,47.397965799999994,8.5464722,9.4660005569458,0.00819259975105524,-0.022404875606298447,0.0034467021469026804,205.88,-0.0629797137714922,-0.03055414298030489,0.0,-149.29578887939454,5.609145778048829,19.99791509018979,-0.6416608370262015,-63.890493376987024,-4.523412811457212,0.022262947271608272,3.608087639599315,0.33452505457759785,0.0,"[20.0, 20.0, 20.0, 20.0, 20.0, 20.0, 20.0, 20.0, 20.0, 20.0, 20.0, 20.0, 20.0, 20.0, 20.0, 20.0, 20.0, 20.0, 20.0, 20.0, 20.0, 20.0, 20.0, 20.0, 20.0, 20.0, 20.0, 20.0, 20.0, 20.0, 20.0, 20.0, 20.0, 20.0, 20.0, 20.0, 20.0, 20.0, 20.0, 20.0, 20.0, 20.0, 20.0, 20.0, 6.130629956623043, 5.699858514104093, 5.609145778048829, 5.748354457976541, 6.329116675148978, 20.0, 20.0, 20.0, 20.0, 20.0, 20.0, 20.0, 13.28758356269021, 12.431459769203734, 12.719375358007296, 20.0, 20.0, 11.448323850578888, 11.655756636274354, 11.963575322669612, 12.38490687027879, 12.939067273815624, 13.65392423630439, 14.569758188816582, 15.745734391759457, 17.27119745926035, 19.286472618024902, 20.0]",-0.05745993845411945,-0.019228266250244985,0.1221,0.2263,0.1501,-0.1554,10.4701,0.0057,-0.0041,-9.8074,15.3,,50.0,,,,0.1712,-0.0921,0.1944,151.72,14.94,1.22389,0.0239,290.09,23.261,1,74.68,73.8,1,3,10,0.7,9.681,0,0.0,0,0
1790618492.9604821,47.3979657,8.546472099999999,9.4660005569458,0.0083590904250741,-0.023115932941436768,0.0028404167387634516,207.96,-0.06182925914507591,-0.032819852430671384,0.0,-147.23162750244137,5.614089096972007,19.998498864936646,-0.6503473596581758,-61.70815816554361,-4.637855262375751,0.02297428143414892,3.6022129998907264,0.31975417964416225,0.0,"[20.0, 20.0, 20.0, 20.0, 20.0, 20.0, 20.0, 20.0, 20.0, 20.0, 20.0, 20.0, 20.0, 20.0, 20.0, 20.0, 20.0, 20.0, 20.0, 20.0, 20.0, 20.0, 20.0, 20.0, 20.0, 20.0, 20.0, 20.0, 20.0, 20.0, 20.0, 20.0, 20.0, 20.0, 20.0, 20.0, 20.0, 20.0, 20.0, 20.0, 20.0, 20.0, 20.0, 20.0, 20.0, 5.816205445919126, 5.614089096972007, 5.6515169779595595, 5.968699963441229, 20.0, 20.0, 20.0, 20.0, 20.0, 20.0, 20.0, 20.0, 12.590231539631226, 12.481241176699141, 20.0, 20.0, 13.048028809733697, 11.56375663728855, 11.828652588612542, 12.20100322351086, 12.69733316814148, 13.341599558280317, 14.168334569948925, 15.227847255391984, 16.595135945031526, 18.385910971189663, 20.0]",-0.05745993845411945,-0.019228266250244985,0.1392,0.1914,0.0442,-0.0642,10.4504,0.0002,0.0013,-9.8026,15.3,,50.0,,,,0.3022,-0.1867,0.3552,148.29,14.94,1.22389,0.0246,289.88,23.255,1,74.88,73.81,1,3,10,0.7,9.686,0,0.0,0,0
1790618493.1598256,47.3979656,8.546472,9.4660005569458,0.0067168474197387695,-0.025762256234884262,0.0026311816181987524,210.04,-0.0605973288842085,-0.03504231345244017,0.0,-145.14307876586918,5.601480597400952,19.998919182754385,-0.6606479257970627,-59.52042431940262,-4.889606674049303,0.025650551368795134,3.5955998288730013,0.3043852409858215,0.0,"[20.0, 20.0, 20.0, 20.0, 20.0, 20.0, 20.0, 20.0, 20.0, 20.0, 20.0, 20.0, 20.0, 20.0, 20.0, 20.0, 20.0, 20.0, 20.0, 20.0, 20.0, 20.0, 20.0, 20.0, 20.0, 20.0, 20.0, 20.0, 20.0, 20.0, 20.0, 20.0, 20.0, 20.0, 20.0, 20.0, 20.0, 20.0, 20.0, 20.0, 20.0, 20.0, 20.0, 20.0, 20.0, 6.019259227099637, 5.66076526527082, 5.601480597400952, 5.775554231115574, 6.540651007338173, 20.0, 20.0, 20.0, 20.0, 20.0, 20.0, 20.0, 13.005568609253034, 12.426362967971126, 12.883803613697545, 20.0, 18.61947487290701, 11.490337301847838, 11.714201319160868, 12.040417284014154, 12.483047534394208, 13.062672806322546, 13.808958612577948, 14.764861997263012, 15.993724235778265, 17.591748794980884, 19.711224399430154]",-0.05745993845411945,-0.019228266250244985,0.1471,0.1729,0.0024,0.0552,10.3921,0.0085,-0.0074,-9.819,15.3,,50.0,,,,0.319,-0.1398,0.3483,156.34,14.94,1.22389,0.0266,284.61,23.248,1,75.08,73.823,1,3,10,0.7,9.674,0,0.0,0,0
1790618493.562289,47.3979654,8.546471799999999,9.464000701904297,0.004818038083612919,-0.030760496854782104,0.0017863760003820062,214.05,-0.05799844883538464,-0.03919413135520761,0.0,-141.12641830444335,5.600079515453448,19.999439704339874,0.36911606788635254,-57.39648420195823,-5.367048709758527,0.030683322683240023,3.583610377397881,0.27327973503133673,0.0,"[20.0, 20.0, 20.0, 20.0, 20.0, 20.0, 20.0, 20.0, 20.0, 20.0, 20.0, 20.0, 20.0, 20.0, 20.0, 20.0, 20.0, 20.0, 20.0, 20.0, 20.0, 20.0, 20.0, 20.0, 20.0, 20.0, 20.0, 20.0, 20.0, 20.0, 20.0, 20.0, 20.0, 20.0, 20.0, 20.0, 20.0, 20.0, 20.0, 20.0, 20.0, 20.0, 20.0, 20.0, 20.0, 20.0, 5.915797249107411, 5.624086055075947, 5.600079515453448, 5.818541972439239, 20.0, 20.0, 20.0, 20.0, 20.0, 20.0, 20.0, 20.0, 12.802441483606295, 12.447012766991222, 13.17489327661407, 20.0, 15.73292923232331, 11.545257084114366, 11.788907200369854, 12.137427584832489, 12.60604496815772, 13.216929983471646, 14.002027777230419, 15.007717808848387, 16.302728342769022, 17.992200297947516]",-0.05750172855363189,-0.008540034647083417,0.0896,0.1643,-0.5931,0.0589,8.7648,0.0132,-0.0079,-9.8152,15.3,,50.0,,,,0.3574,-0.1999,0.4095,150.78,14.94,1.22389,0.0311,278.9,23.231,1,75.48,73.851,1,3,10,0.7,9.638,0,0.0,0,0
1790618493.7627182,47.397965299999996,8.5464717,9.463000297546387,0.0010144568514078856,-0.03016831912100315,0.0006947821821086109,215.66,-0.056874350230408224,-0.04080818895600322,0.0,-139.5145071411133,5.575763315406047,19.99959658712471,0.3567831516265869,-55.69716735908651,-4.836254295577078,0.030135532911833414,3.575506747202743,0.2602905237887132,0.0,"[19.45679770927148, 20.0, 20.0, 20.0, 20.0, 20.0, 20.0, 20.0, 20.0, 20.0, 20.0, 20.0, 20.0, 20.0, 20.0, 20.0, 20.0, 20.0, 20.0, 20.0, 20.0, 20.0, 20.0, 20.0, 20.0, 20.0, 20.0, 20.0, 20.0, 20.0, 20.0, 20.0, 20.0, 20.0, 20.0, 20.0, 20.0, 20.0, 20.0, 20.0, 20.0, 20.0, 20.0, 20.0, 20.0, 20.0, 6.13169570668847, 5.677249214181267, 5.575763315406047, 5.700949993620536, 6.225973807863236, 20.0, 20.0, 20.0, 20.0, 20.0, 20.0, 20.0, 13.33499327890488, 12.461852918603928, 12.7470230449668, 20.0, 20.0, 11.495205581353211, 11.707582141459643, 12.021164226531562, 12.449361687684632, 13.011876868899327, 13.737126580363972, 14.666202982519877, 15.859522930743292, 17.408455966375502]",-0.05750172855363189,-0.008540034647083417,0.1112,0.1568,0.8292,0.0029,8.1712,0.0031,-0.0056,-9.7944,15.3,,50.0,,,,0.3976,-0.1624,0.4295,157.78,14.94,1.22389,0.0302,271.93,23.223,1,75.68,73.866,1,3,10,0.7,9.652,0,0.0,0,0
1790618493.9639733,47.397965199999994,8.5464716,9.464000701904297,-0.0009875701507553458,-0.03137737512588501,0.0012098716106265783,217.44,-0.05557932790534846,-0.04255512083862238,0.0,-137.73861557006836,5.5752400390433206,19.999709542729793,0.34042662382125854,-53.81918034737839,-4.633307315657849,0.031388177993447446,3.5636650461683708,0.24569098302199005,0.0,"[18.670472017293875, 20.0, 20.0, 20.0, 20.0, 20.0, 20.0, 20.0, 20.0, 20.0, 20.0, 20.0, 20.0, 20.0, 20.0, 20.0, 20.0, 20.0, 20.0, 20.0, 20.0, 20.0, 20.0, 20.0, 20.0, 20.0, 20.0, 20.0, 20.0, 20.0, 20.0, 20.0, 20.0, 20.0, 20.0, 20.0, 20.0, 20.0, 20.0, 20.0, 20.0, 20.0, 20.0, 20.0, 20.0, 20.0, 20.0, 5.773940599222244, 5.5752400390433206, 5.612670330195467, 5.925793246552387, 20.0, 20.0, 20.0, 20.0, 20.0, 20.0, 20.0, 20.0, 12.593172417961592, 12.529504191054096, 20.0, 20.0, 12.614156201792298, 11.628632547269193, 11.905105310228397, 12.290863625975707, 12.803161223040096, 13.466972193196186, 14.318310759221207, 15.40974244171987, 16.81986788975979]",-0.05750172855363189,-0.008540034647083417,0.2392,0.1463,0.3999,0.1045,9.5617,0.0051,-0.0069,-9.8087,15.3,,50.0,,,,0.4443,-0.1745,0.4773,158.56,14.94,1.22389,0.0314,268.2,23.216,1,75.88,73.884,1,3,10,0.7,9.62,0,0.0,0,0
1790618494.1638327,47.3979651,8.546471499999999,9.46500015258789,-0.0019117756746709347,-0.03392002359032631,0.0010950714349746704,219.43,-0.05406807864278401,-0.044459451997046956,0.0,-135.76794464111327,5.560241709194776,19.99979087076545,0.3264424204826355,-51.725405351497386,-4.760915879898436,0.03394276995439807,3.5533821674113506,0.2292099189228593,0.0,"[17.880216556020308, 20.0, 20.0, 20.0, 20.0, 20.0, 20.0, 20.0, 20.0, 20.0, 20.0, 20.0, 20.0, 20.0, 20.0, 20.0, 20.0, 20.0, 20.0, 20.0, 20.0, 20.0, 20.0, 20.0, 20.0, 20.0, 20.0, 20.0, 20.0, 20.0, 20.0, 20.0, 20.0, 20.0, 20.0, 20.0, 20.0, 20.0, 20.0, 20.0, 20.0, 20.0, 20.0, 20.0, 20.0, 20.0, 20.0, 5.9571898834435135, 5.614152154155734, 5.560241709194776, 5.7372494876599225, 6.514455189557602, 20.0, 20.0, 20.0, 20.0, 20.0, 20.0, 20.0, 12.94532576750596, 12.453611508624721, 12.999960024569903, 20.0, 17.242188083049815, 11.552378019463648, 11.788968801117328, 12.129697306421814, 12.58937204229399, 13.189594076340263, 13.96148977618143, 14.95020172465385, 16.222494397696188]",-0.05750172855363189,-0.008540034647083417,0.2507,0.1405,-0.1089,0.0271,10.3354,0.0069,-0.002,-9.8105,15.3,,50.0,,,,0.454,-0.1934,0.4935,156.93,14.94,1.22389,0.034,266.77,23.211,1,76.08,73.899,1,3,10,0.7,9.619,0,0.0,0,0
1790618494.3653815,47.397965,8.5464714,9.464000701904297,-0.0021834736689925194,-0.036188188940286636,0.0011752352584153414,221.5,-0.05242690045523014,-0.04638340337510163,0.0,-133.67604637145996,5.5484497225406235,19.999849426951126,0.3142417073249817,-48.38258076805778,-4.88814365587131,0.03621354704773005,14.0,0.0,0.0,"[17.148885624438375, 19.103497163200934, 20.0, 20.0, 20.0, 20.0, 20.0, 20.0, 20.0, 20.0, 20.0, 20.0, 20.0, 20.0, 20.0, 20.0, 20.0, 20.0, 20.0, 20.0, 20.0, 20.0, 20.0, 20.0, 20.0, 20.0, 20.0, 20.0, 20.0, 20.0, 20.0, 20.0, 20.0, 20.0, 20.0, 20.0, 20.0, 20.0, 20.0, 20.0, 20.0, 20.0, 20.0, 20.0, 20.0, 20.0, 20.0, 6.3496290977188075, 5.704813701042237, 5.5484497225406235, 5.6191802883660085, 5.995932893620873, 20.0, 20.0, 20.0, 20.0, 20.0, 20.0, 20.0, 20.0, 12.52843427995565, 12.615837170846682, 20.0, 20.0, 11.48939652058272, 11.686082817806872, 11.982402165050665, 12.390895358660538, 12.930102584020055, 13.626800118921116, 14.519648587632114, 15.665283849846734]",-0.05750172855363189,-0.008540034647083417,0.2204,0.1332,-0.1617,0.042,10.376,0.0126,-0.0114,-9.8011,15.3,,50.0,,,,0.3967,-0.1835,0.4371,155.18,14.94,1.22389,0.0363,266.55,23.204,1,76.28,73.913,1,3,10,0.7,9.609,0,0.0,0,0
1790618494.5656147,47.3979649,8.5464713,9.463000297546387,-0.002285061404109001,-0.037494856864213943,0.0010543391108512878,223.57,-0.050717299227125014,-0.04824681916050284,0.0,-131.60646980285645,5.554419191116395,19.99989158740481,0.303608238697052,-46.31634350653411,-4.875774223081879,0.03752063823053817,14.0,0.0,0.0,"[16.496649670630656, 18.236883437345462, 20.0, 20.0, 20.0, 20.0, 20.0, 20.0, 20.0, 20.0, 20.0, 20.0, 20.0, 20.0, 20.0, 20.0, 20.0, 20.0, 20.0, 20.0, 20.0, 20.0, 20.0, 20.0, 20.0, 20.0, 20.0, 20.0, 20.0, 20.0, 20.0, 20.0, 20.0, 20.0, 20.0, 20.0, 20.0, 20.0, 20.0, 20.0, 20.0, 20.0, 20.0, 20.0, 20.0, 20.0, 20.0, 20.0, 5.865251926015392, 5.578312000642515, 5.554419191116395, 5.768937830920931, 20.0, 20.0, 20.0, 20.0, 20.0, 20.0, 20.0, 20.0, 12.79077025284297, 12.475712611406983, 13.28713470156304, 20.0, 15.147808583398445, 11.600216073240588, 11.854210035576232, 12.214617309089657, 12.697291093026719, 13.325266712348208, 14.131737442951202, 15.164964771741278]",-0.05750172855363189,-0.008540034647083417,0.2077,0.1181,0.0062,0.02,10.3361,0.0042,0.0019,-9.7995,15.3,,50.0,,,,0.5221,-0.1997,0.559,159.06,14.94,1.22389,0.0376,266.51,23.198,1,76.48,73.926,1,3,10,0.7,9.607,0,0.0,0,0
1790618494.7657626,47.3979648,8.5464712,9.462000846862793,-0.0016132000600919127,-0.04075318202376366,0.0011824079556390643,225.64000000000001,-0.06991643740231714,-0.07149609626383717,0.0,-129.5575898742676,5.5338392454378305,19.999921942931465,0.29431813955307007,-44.24955400444853,-5.207133207305633,0.040769831198710055,14.0,0.0,0.0,"[15.915980704557613, 17.471568752105682, 19.528901334266866, 20.0, 20.0, 20.0, 20.0, 20.0, 20.0, 20.0, 20.0, 20.0, 20.0, 20.0, 20.0, 20.0, 20.0, 20.0, 20.0, 20.0, 20.0, 20.0, 20.0, 20.0, 20.0, 20.0, 20.0, 20.0, 20.0, 20.0, 20.0, 20.0, 20.0, 20.0, 20.0, 20.0, 20.0, 20.0, 20.0, 20.0, 20.0, 20.0, 20.0, 20.0, 20.0, 20.0, 20.0, 20.0, 6.165342810631957, 5.656078480004389, 5.5338392454378305, 5.635008022803445, 6.083123243826087, 20.0, 20.0, 20.0, 20.0, 20.0, 20.0, 20.0, 13.534781866229151, 12.49737590727461, 12.731823182206648, 20.0, 20.0, 11.532853946753848, 11.746299897260327, 12.061320448881707, 12.491390385848426, 13.05630479607919, 13.784613553832854, 14.717602939582193]",-0.05750172855363189,-0.008540034647083417,0.2075,0.1047,0.028,0.0134,10.3274,0.0056,-0.0059,-9.8108,15.3,,50.0,,,,0.7895,-0.0768,0.7933,174.44,14.94,1.22389,0.0408,267.73,23.189,1,76.68,73.939,1,3,10,0.7,9.647,0,0.0,0,0
1790618494.9670405,47.397964699999996,8.5464711,9.460000038146973,-0.0008772297878749669,-0.04561362415552139,0.001484076608903706,227.70000000000002,-0.06730125135097734,-0.07396310949786099,0.0,-127.46864776611324,5.556658660699085,19.999943798910653,0.28872668743133545,-42.191370898388726,-5.719993540424065,0.04562085805994987,14.0,0.0,0.0,"[15.398423084395676, 16.794205012325673, 18.624119259541708, 20.0, 20.0, 20.0, 20.0, 20.0, 20.0, 20.0, 20.0, 20.0, 20.0, 20.0, 20.0, 20.0, 20.0, 20.0, 20.0, 20.0, 20.0, 20.0, 20.0, 20.0, 20.0, 20.0, 20.0, 20.0, 20.0, 20.0, 20.0, 20.0, 20.0, 20.0, 20.0, 20.0, 20.0, 20.0, 20.0, 20.0, 20.0, 20.0, 20.0, 20.0, 20.0, 20.0, 20.0, 20.0, 20.0, 5.7969192353728545, 5.556658660699085, 5.562068930589902, 5.818664832843684, 20.0, 20.0, 20.0, 20.0, 20.0, 20.0, 20.0, 20.0, 12.682727190706157, 12.526493795095623, 20.0, 20.0, 13.467741579699602, 11.656725975590694, 11.928801991856494, 12.309806415270018, 12.816713550363803, 13.474111901449305, 14.317450928239039]",-0.05750172855363189,-0.008540034647083417,0.1833,-0.0696,-0.1969,-0.7282,10.2342,0.0122,-0.0127,-9.8099,15.3,,50.0,,,,0.7793,-0.0515,0.781,176.22,14.94,1.22389,0.0456,268.9,23.179,1,76.88,73.95,1,3,10,0.7,9.632,0,0.0,0,0
1790618495.167549,47.397964699999996,8.5464709,9.456000328063965,-0.0016405305359512568,-0.05150165408849716,0.002325384644791484,229.74,-0.0646257178996815,-0.07631196882501977,0.0,-125.44885803222655,5.536044528940239,19.99995953521567,0.2871348261833191,-40.15171678088973,-6.0944561726354545,0.051517542552860465,14.0,0.0,0.0,"[14.936161514312865, 16.19296560993756, 17.828864802267766, 20.0, 20.0, 20.0, 20.0, 20.0, 20.0, 20.0, 20.0, 20.0, 20.0, 20.0, 20.0, 20.0, 20.0, 20.0, 20.0, 20.0, 20.0, 20.0, 20.0, 20.0, 20.0, 20.0, 20.0, 20.0, 20.0, 20.0, 20.0, 20.0, 20.0, 20.0, 20.0, 20.0, 20.0, 20.0, 20.0, 20.0, 20.0, 20.0, 20.0, 20.0, 20.0, 20.0, 20.0, 20.0, 20.0, 6.03807833280657, 5.623772120599384, 5.536044528940239, 5.6726170833219784, 6.2312933481801664, 20.0, 20.0, 20.0, 20.0, 20.0, 20.0, 20.0, 13.130285031718792, 12.490777031729008, 12.912106648644771, 20.0, 18.684018146732832, 11.583300225254082, 11.814646806298045, 12.149774368169357, 12.603187079305508, 13.196076440872867, 13.958982518135171]",-0.05750172855363189,-0.008540034647083417,0.1535,-0.1507,-0.0898,-0.1961,10.1446,0.0037,-0.0097,-9.8191,15.3,,50.0,,,,0.7688,-0.1796,0.7895,166.85,14.94,1.22389,0.0515,268.18,23.17,1,77.08,73.959,1,3,10,0.7,9.633,0,0.0,0,0
1790618495.3679233,47.397964699999996,8.5464708,9.451000213623047,-0.003812283044680953,-0.05778788402676582,0.002515584696084261,231.77,-0.06188197842757304,-0.07855329875880061,0.0,-123.42753837585451,5.548776818160257,19.999970865355284,0.2858455181121826,-38.1219197772412,-6.2330650796466545,0.057829045758314,14.0,0.0,0.0,"[14.522765755890727, 15.65736129696248, 17.125643992280153, 19.057852474877734, 20.0, 20.0, 20.0, 20.0, 20.0, 20.0, 20.0, 20.0, 20.0, 20.0, 20.0, 20.0, 20.0, 20.0, 20.0, 20.0, 20.0, 20.0, 20.0, 20.0, 20.0, 20.0, 20.0, 20.0, 20.0, 20.0, 20.0, 20.0, 20.0, 20.0, 20.0, 20.0, 20.0, 20.0, 20.0, 20.0, 20.0, 20.0, 20.0, 20.0, 20.0, 20.0, 20.0, 20.0, 20.0, 20.0, 5.7428580766687, 5.548776818160257, 5.58803469934834, 5.901774178286338, 20.0, 20.0, 20.0, 20.0, 20.0, 20.0, 20.0, 20.0, 12.601805356414726, 12.61343034717511, 20.0, 20.0, 11.974771171452947, 11.719147049495064, 12.010961131610644, 12.41457418963518, 12.948226686879352, 13.638276744877329]",-0.05750172855363189,-0.008540034647083417,0.1361,-0.1611,-0.0324,0.0645,10.1397,0.0109,-0.0035,-9.8136,15.3,,50.0,,,,0.6704,-0.0646,0.6735,174.5,14.94,1.22389,0.0579,266.23,23.16,1,77.28,73.969,1,3,10,0.7,9.672,0,0.0,0,0
1790618495.5678196,47.397964699999996,8.5464706,9.447000503540039,-0.008204915560781956,-0.0652642473578453,0.002104181796312332,233.79,-0.05907464997675702,-0.08068572197188077,0.0,-121.40843101501468,5.5462509650198815,19.999979023055804,0.281360387802124,-36.10324829018515,-6.076145863992523,0.06535566037281532,14.0,0.0,0.0,"[14.155288933703316, 15.181839782951629, 16.50435451418192, 18.23126010185834, 20.0, 20.0, 20.0, 20.0, 20.0, 20.0, 20.0, 20.0, 20.0, 20.0, 20.0, 20.0, 20.0, 20.0, 20.0, 20.0, 20.0, 20.0, 20.0, 20.0, 20.0, 20.0, 20.0, 20.0, 20.0, 20.0, 20.0, 20.0, 20.0, 20.0, 20.0, 20.0, 20.0, 20.0, 20.0, 20.0, 20.0, 20.0, 20.0, 20.0, 20.0, 20.0, 20.0, 20.0, 20.0, 20.0, 5.941328763562164, 5.600044282677629, 5.5462509650198815, 5.722219170757318, 6.486957405216822, 20.0, 20.0, 20.0, 20.0, 20.0, 20.0, 20.0, 12.908866076203902, 12.514634852499636, 13.19860147716263, 20.0, 15.88789937428789, 11.643439458990487, 11.89414923901703, 12.251184052950181, 12.730199670796132, 13.353965261734905]",-0.05750172855363189,-0.008540034647083417,0.1364,-0.1267,0.1018,0.2832,10.0821,0.0018,-0.0054,-9.8201,15.3,,50.0,,,,0.8532,0.0211,0.8535,181.41,14.94,1.22389,0.0658,262.83,23.147,1,77.48,73.983,1,3,10,0.7,9.705,0,0.0,0,0
1790618495.7685647,47.397964599999995,8.5464704,9.443000793457031,-0.009423426352441311,-0.07199820131063461,0.0021423855796456337,235.8,-0.05620833778521305,-0.0827080574274562,0.0,-119.37815208435057,5.545999894572288,19.99998489660018,0.27774906158447266,-34.09418834940129,-6.215974131635488,0.07210216869915549,14.0,0.0,0.0,"[13.828074272133447, 14.758388215950339, 15.95307907019183, 17.50316953623429, 19.55172502071604, 20.0, 20.0, 20.0, 20.0, 20.0, 20.0, 20.0, 20.0, 20.0, 20.0, 20.0, 20.0, 20.0, 20.0, 20.0, 20.0, 20.0, 20.0, 20.0, 20.0, 20.0, 20.0, 20.0, 20.0, 20.0, 20.0, 20.0, 20.0, 20.0, 20.0, 20.0, 20.0, 20.0, 20.0, 20.0, 20.0, 20.0, 20.0, 20.0, 20.0, 20.0, 20.0, 20.0, 20.0, 20.0, 6.339806910972978, 5.701189154919671, 5.545999894572288, 5.6175890921419205, 5.995936888477271, 20.0, 20.0, 20.0, 20.0, 20.0, 20.0, 20.0, 20.0, 12.564466450381463, 12.748790920220527, 20.0, 20.0, 11.58597046301585, 11.797396945938736, 12.110565205301981, 12.538843741439113, 13.10189295003064]",-0.05750172855363189,-0.008540034647083417,0.1385,-0.0804,-0.0133,0.2837,10.0182,0.0098,-0.0016,-9.8233,15.3,,50.0,,,,0.714,-0.0907,0.7197,172.76,14.94,1.22389,0.0726,262.54,23.132,1,77.69,73.999,1,3,10,0.7,9.695,0,0.0,0,0
1790618495.9708045,47.397964599999995,8.5464702,9.442000389099121,-0.008855530992150307,-0.07736793905496597,0.0014076778898015618,237.82,-0.053258086647491376,-0.08463791234812153,0.0,-117.3544613647461,5.564079202467854,19.99998912555213,0.2748335599899292,-32.07482140883394,-6.411157308409922,0.0774640954950241,14.0,0.0,0.0,"[13.533488402075207, 14.376645964095932, 15.457299347992508, 16.852296830237403, 18.680337161175295, 20.0, 20.0, 20.0, 20.0, 20.0, 20.0, 20.0, 20.0, 20.0, 20.0, 20.0, 20.0, 20.0, 20.0, 20.0, 20.0, 20.0, 20.0, 20.0, 20.0, 20.0, 20.0, 20.0, 20.0, 20.0, 20.0, 20.0, 20.0, 20.0, 20.0, 20.0, 20.0, 20.0, 20.0, 20.0, 20.0, 20.0, 20.0, 20.0, 20.0, 20.0, 20.0, 20.0, 20.0, 20.0, 20.0, 5.87398462356153, 5.587277241579997, 5.564079202467854, 5.780389824345407, 20.0, 20.0, 20.0, 20.0, 20.0, 20.0, 20.0, 20.0, 12.777691217842165, 12.577317489939489, 13.859737088565335, 20.0, 13.802776662659848, 11.718244408527365, 11.989411293417135, 12.369797105831871, 12.876318204609229]",-0.05750172855363189,-0.008540034647083417,0.1262,-0.048,-0.0863,0.1896,10.0778,0.0123,-0.0045,-9.817,15.3,,50.0,,,,0.6853,-0.1934,0.7121,164.24,14.94,1.22389,0.0779,263.47,23.114,1,77.89,74.017,1,3,10,0.7,9.702,0,0.0,0,0
1790618496.1700075,47.397964599999995,8.54647,9.442000389099121,-0.007397346664220095,-0.08035269379615784,0.0009828137699514627,239.84,-0.05024164464588979,-0.08646257654775351,0.0,-115.3526288604736,5.553945011498536,19.999992170397533,0.2733786106109619,-30.054901325667515,-6.461138448782687,0.0804316515839132,14.0,0.0,0.0,"[13.268218978823544, 14.032272443376673, 15.010922048678719, 16.269416358631865, 17.90699647666894, 20.0, 20.0, 20.0, 20.0, 20.0, 20.0, 20.0, 20.0, 20.0, 20.0, 20.0, 20.0, 20.0, 20.0, 20.0, 20.0, 20.0, 20.0, 20.0, 20.0, 20.0, 20.0, 20.0, 20.0, 20.0, 20.0, 20.0, 20.0, 20.0, 20.0, 20.0, 20.0, 20.0, 20.0, 20.0, 20.0, 20.0, 20.0, 20.0, 20.0, 20.0, 20.0, 20.0, 20.0, 20.0, 20.0, 6.185415836398212, 5.675476330465997, 5.553945011498536, 5.657320455007275, 6.114000864308573, 20.0, 20.0, 20.0, 20.0, 20.0, 20.0, 20.0, 13.28649017760152, 12.565018277260306, 12.943704026799344, 20.0, 19.198056814853175, 11.654802996649567, 11.88567373485476, 12.220762996404876, 12.674553931016144]",-0.05750172855363189,-0.008540034647083417,0.1155,-0.0308,-0.0545,0.0544,10.0803,0.002,-0.0106,-9.8186,15.3,,50.0,,,,0.6613,-0.1948,0.6894,163.59,14.94,1.22389,0.0807,264.74,23.097,1,78.09,74.034,1,3,10,0.7,9.698,0,0.0,0,0
1790618496.3707373,47.397964599999995,8.5464697,9.442000389099121,-0.006085819564759731,-0.08242778480052948,0.0008853180333971977,241.85,-0.050331015144811,-0.09536266270833875,0.0,-113.3305725097656,5.5841935929226425,19.999994362686223,0.2727270722389221,-28.044671901054613,-6.3757717451039655,0.08249159085439839,14.0,0.0,0.017820520940572238,"[13.031141579449741, 13.723346088099557, 14.610648693747503, 15.748765293621116, 17.22130728660345, 19.158471354525417, 20.0, 20.0, 20.0, 20.0, 20.0, 20.0, 20.0, 20.0, 20.0, 20.0, 20.0, 20.0, 20.0, 20.0, 20.0, 20.0, 20.0, 20.0, 20.0, 20.0, 20.0, 20.0, 20.0, 20.0, 20.0, 20.0, 20.0, 20.0, 20.0, 20.0, 20.0, 20.0, 20.0, 20.0, 20.0, 20.0, 20.0, 20.0, 20.0, 20.0, 20.0, 20.0, 20.0, 20.0, 20.0, 20.0, 5.82437247217783, 5.5841935929226425, 5.591449071057181, 5.853626361589581, 20.0, 20.0, 20.0, 20.0, 20.0, 20.0, 20.0, 20.0, 12.699082259597787, 12.676287815761663, 20.0, 20.0, 12.18404585731889, 11.79915929076404, 12.091374827104618, 12.49594861791493]",-0.05750172855363189,-0.008540034647083417,0.107,-0.036,-0.0433,-0.0655,10.069,-0.0008,-0.0043,-9.8053,15.3,,50.0,,,,0.7365,-0.2501,0.7778,161.24,14.94,1.22389,0.0827,265.78,23.079,1,78.29,74.052,1,3,10,0.7,9.697,0,0.0,0,0
1790618496.5720494,47.397964599999995,8.546469499999999,9.443000793457031,-0.004321039188653231,-0.08551658689975739,0.00020610120554920286,243.87,-0.048058019385477026,-0.09927298396042918,0.0,-111.30664718627929,5.570953841594988,19.99999594113408,0.27384281158447266,-26.023734560715013,-6.424988742876552,0.08556033436538772,14.0,0.0,0.0011132808293455975,"[12.818446072233028, 13.444404942791673, 14.248645030859018, 15.278906104292952, 16.605999491914645, 18.338400363493164, 20.0, 20.0, 20.0, 20.0, 20.0, 20.0, 20.0, 20.0, 20.0, 20.0, 20.0, 20.0, 20.0, 20.0, 20.0, 20.0, 20.0, 20.0, 20.0, 20.0, 20.0, 20.0, 20.0, 20.0, 20.0, 20.0, 20.0, 20.0, 20.0, 20.0, 20.0, 20.0, 20.0, 20.0, 20.0, 20.0, 20.0, 20.0, 20.0, 20.0, 20.0, 20.0, 20.0, 20.0, 20.0, 20.0, 6.08096906528246, 5.659751250915097, 5.570953841594988, 5.709157522308909, 6.279641350758421, 20.0, 20.0, 20.0, 20.0, 20.0, 20.0, 20.0, 13.03765350094217, 12.596943304352529, 13.235962674472113, 20.0, 16.16483762095418, 11.728965326531549, 11.979969343130747, 12.337903755421584]",-0.05750172855363189,-0.008540034647083417,0.1023,-0.079,-0.0461,-0.1613,10.09,0.003,-0.0241,-9.8159,15.3,,50.0,,,,0.5477,-0.2673,0.6095,153.99,14.94,1.22389,0.0856,267.11,23.06,1,78.49,74.071,1,3,10,0.7,9.712,0,0.0,0,0
1790618496.7725325,47.397964599999995,8.546469199999999,9.446000099182129,-0.002349275629967451,-0.09064243733882904,-0.000154755893163383,245.9,-0.04555741261224069,-0.10315592163419296,0.0,-109.2804065704346,5.5927414761688405,19.999997077616538,0.2767297029495239,-23.992071161213204,-6.629470972826589,0.09066351637902574,14.0,0.0,0.0011358686255888675,"[12.628897789803458, 13.193472188057326, 13.921798981678055, 14.854897101955013, 16.05301123106477, 17.607103882624706, 19.660015331367024, 20.0, 20.0, 20.0, 20.0, 20.0, 20.0, 20.0, 20.0, 20.0, 20.0, 20.0, 20.0, 20.0, 20.0, 20.0, 20.0, 20.0, 20.0, 20.0, 20.0, 20.0, 20.0, 20.0, 20.0, 20.0, 20.0, 20.0, 20.0, 20.0, 20.0, 20.0, 20.0, 20.0, 20.0, 20.0, 20.0, 20.0, 20.0, 20.0, 20.0, 20.0, 20.0, 20.0, 20.0, 20.0, 20.0, 5.793139239734518, 5.5927414761688405, 5.630043329216709, 5.9447548479829475, 20.0, 20.0, 20.0, 20.0, 20.0, 20.0, 20.0, 20.0, 12.664076213610194, 12.819187114370266, 20.0, 20.0, 11.67503375433715, 11.88619667506426, 12.199696062927051]",-0.05750172855363189,-0.008540034647083417,0.0865,-0.1074,-0.0824,-0.0272,10.0854,0.0048,-0.0099,-9.802,15.3,,50.0,,,,0.4224,-0.1105,0.4366,165.34,14.94,1.22389,0.0907,268.52,23.041,1,78.69,74.091,1,3,10,0.7,9.712,0,0.0,0,0
1790618496.9736006,47.397964599999995,8.546468899999999,9.449000358581543,-0.0008222382166422904,-0.0958423987030983,0.00013943294470664114,247.92000000000002,-0.049113339119251885,-0.12258449964885053,0.0,-107.25490768432616,5.599522201812268,19.999997895883908,0.2805500626564026,-21.970000713545858,-6.704408334984841,0.0958454549473109,14.0,0.0,0.0009560737461021631,"[12.462883965986926, 12.970823283947682, 13.630065468591757, 14.475978090998598, 15.560094376648582, 16.959255223893, 18.79205197074201, 20.0, 20.0, 20.0, 20.0, 20.0, 20.0, 20.0, 20.0, 20.0, 20.0, 20.0, 20.0, 20.0, 20.0, 20.0, 20.0, 20.0, 20.0, 20.0, 20.0, 20.0, 20.0, 20.0, 20.0, 20.0, 20.0, 20.0, 20.0, 20.0, 20.0, 20.0, 20.0, 20.0, 20.0, 20.0, 20.0, 20.0, 20.0, 20.0, 20.0, 20.0, 20.0, 20.0, 20.0, 20.0, 20.0, 6.014626106136499, 5.658004445758168, 5.599522201812268, 5.774383883258547, 6.545199146967892, 20.0, 20.0, 20.0, 20.0, 20.0, 20.0, 20.0, 12.896748696185211, 12.665240294692111, 13.81459202155606, 20.0, 13.950337276058818, 11.810379769020109, 12.08171151345535]",-0.05750172855363189,-0.008540034647083417,0.067,-0.1147,-0.0584,0.001,10.0582,-0.0039,-0.0181,-9.8051,15.3,,50.0,,,,0.3866,-0.0662,0.3922,170.29,14.94,1.22389,0.0958,269.51,23.02,1,78.89,74.112,1,3,10,0.7,9.737,0,0.0,0,0
1790618497.1758308,47.397964699999996,8.546468599999999,9.451000213623047,-0.00022147501294966787,-0.10217688977718353,0.0003173212753608823,250.11,-0.05568083772787382,-0.15442003623154335,0.0,-105.22616653442378,5.6105605332989725,19.999998485036414,0.28460776805877686,-19.9378095264658,-6.620936097331242,0.10217229789693434,14.0,0.0,0.0019436451132234765,"[12.31643897971286, 12.771269331425279, 13.36660908937051, 14.132986610541188, 15.114617981741361, 16.376729229554957, 18.018449498547447, 20.0, 20.0, 20.0, 20.0, 20.0, 20.0, 20.0, 20.0, 20.0, 20.0, 20.0, 20.0, 20.0, 20.0, 20.0, 20.0, 20.0, 20.0, 20.0, 20.0, 20.0, 20.0, 20.0, 20.0, 20.0, 20.0, 20.0, 20.0, 20.0, 20.0, 20.0, 20.0, 20.0, 20.0, 20.0, 20.0, 20.0, 20.0, 20.0, 20.0, 20.0, 20.0, 20.0, 20.0, 20.0, 20.0, 6.478743119786521, 5.775297074111291, 5.6105605332989725, 5.678469066355169, 6.05625567093583, 20.0, 20.0, 20.0, 20.0, 20.0, 20.0, 20.0, 13.457436033704187, 12.666536930755926, 13.02215733807056, 20.0, 19.487545501590986, 11.750284573206397, 11.980937330583854]",-0.05750172855363189,-0.008540034647083417,0.0486,-0.2013,-0.0815,-0.3523,10.0836,0.0046,-0.007,-9.8099,15.3,,50.0,,,,0.446,-0.1409,0.4677,162.46,14.94,1.22389,0.1022,269.88,22.998,1,79.09,74.133,1,3,10,0.7,9.721,0,0.0,0,0
1790618497.3755686,47.397964699999996,8.546468299999999,9.45300006866455,-0.0013346149353310466,-0.1112271100282669,0.00016002697520889342,252.11,-0.2717046254536778,-0.929609300678647,0.0,-103.06614936828612,5.6324894672244685,19.999998909226218,0.2888016700744629,-17.77552364197271,-6.258018225605698,0.11123511640578969,14.0,0.0,0.7660738059201846,"[12.180866832741458, 12.58274774482664, 13.115272458132209, 13.80456791503571, 14.688324836988954, 15.821624128011903, 17.28699183686092, 19.212649510916652, 20.0, 20.0, 20.0, 20.0, 20.0, 20.0, 20.0, 20.0, 20.0, 20.0, 20.0, 20.0, 20.0, 20.0, 20.0, 20.0, 20.0, 20.0, 20.0, 20.0, 20.0, 20.0, 20.0, 20.0, 20.0, 20.0, 20.0, 20.0, 20.0, 20.0, 20.0, 20.0, 20.0, 20.0, 20.0, 20.0, 20.0, 20.0, 20.0, 20.0, 20.0, 20.0, 20.0, 20.0, 20.0, 20.0, 5.983042893212419, 5.667809409246068, 5.6324894672244685, 5.838951611941219, 20.0, 20.0, 20.0, 20.0, 20.0, 20.0, 20.0, 20.0, 12.832372317267943, 12.759438470319022, 20.0, 20.0, 12.465779442732194, 11.891563658176791]",-0.05750172855363189,-0.008540034647083417,0.0244,-0.3882,0.0456,-0.794,9.96,0.0031,-0.0074,-9.8113,15.3,,50.0,,,,0.3276,-0.089,0.3394,164.8,14.94,1.22389,0.1112,269.31,22.976,1,79.29,74.156,1,3,10,0.7,9.73,0,0.0,0,0
1790618497.5755355,47.397964699999996,8.546467999999999,9.460000038146973,-0.019138861447572708,-0.17047569155693054,-0.024916479364037514,254.11,-0.34142412786812176,-1.2979884000375252,0.0,-101.08789886474608,5.633288686376524,19.999999214642877,0.29064440727233887,-15.774074570462346,-5.382749746274084,0.17069595897121956,14.0,0.0,0.0,"[12.07807195624289, 12.433877600170597, 12.912537826457998, 13.53667407235699, 14.338881129601427, 15.366473450055818, 16.68954285189787, 18.4152679507893, 20.0, 20.0, 20.0, 20.0, 20.0, 20.0, 20.0, 20.0, 20.0, 20.0, 20.0, 20.0, 20.0, 20.0, 20.0, 20.0, 20.0, 20.0, 20.0, 20.0, 20.0, 20.0, 20.0, 20.0, 20.0, 20.0, 20.0, 20.0, 20.0, 20.0, 20.0, 20.0, 20.0, 20.0, 20.0, 20.0, 20.0, 20.0, 20.0, 20.0, 20.0, 20.0, 20.0, 20.0, 20.0, 20.0, 6.355372567644533, 5.772091231874358, 5.633288686376524, 5.7261948078689215, 6.16562272737752, 20.0, 20.0, 20.0, 20.0, 20.0, 20.0, 20.0, 13.218599356222533, 12.704541298231689, 13.28036405442925, 20.0, 16.657313085696128, 11.829588846514937]",-0.05750172855363189,-0.008540034647083417,0.014,-4.6681,0.4759,-22.2124,10.1092,-0.0222,-0.0104,-9.8114,15.3,,50.0,,,,0.3057,0.0013,0.3057,180.25,14.94,1.22389,0.1715,263.59,22.952,1,79.49,74.18,1,3,10,0.7,9.748,0,0.0187,0,0
1790618497.7762017,47.397964699999996,8.5464673,9.471000671386719,-0.0765538141131401,-0.37906116247177124,-0.029302336275577545,256.13,-0.31054743366000875,-1.3703190547299986,0.0,-99.06488334655762,5.669175354728511,19.99999943454287,0.28333860635757446,-13.755458628656612,-2.4523279935344453,0.3799445363535584,14.0,0.0,0.0,"[12.020639347404925, 12.33298127953308, 12.76170313413968, 13.32637951527829, 14.055261967415591, 14.989166689717988, 16.18798064273229, 17.741988971408627, 19.79267360125607, 20.0, 20.0, 20.0, 20.0, 20.0, 20.0, 20.0, 20.0, 20.0, 20.0, 20.0, 20.0, 20.0, 20.0, 20.0, 20.0, 20.0, 20.0, 20.0, 20.0, 20.0, 20.0, 20.0, 20.0, 20.0, 20.0, 20.0, 20.0, 20.0, 20.0, 20.0, 20.0, 20.0, 20.0, 20.0, 20.0, 20.0, 20.0, 20.0, 20.0, 20.0, 20.0, 20.0, 20.0, 20.0, 20.0, 5.97580850180411, 5.687275662996789, 5.669175354728511, 5.902018853771456, 20.0, 20.0, 20.0, 20.0, 20.0, 20.0, 20.0, 20.0, 12.826181109358528, 12.926994290080732, 20.0, 20.0, 11.811398757400562]",-0.05750172855363189,-0.008540034647083417,-0.095,-8.2479,0.7079,-10.2218,10.102,-0.0354,-0.0072,-9.8086,15.3,,50.0,,,,0.477,-0.0529,0.4799,173.67,14.94,1.22389,0.3867,258.58,22.898,1,79.69,74.235,1,3,10,0.7,9.776,0,0.1467,0,0
1790618497.977559,47.3979645,8.546465699999999,9.481000900268555,-0.14567209780216217,-0.6609997153282166,-0.011213754303753376,258.14,-0.2774946958135016,-1.4401255432986921,0.0,-97.03699623107912,5.683499268365466,19.999999592870868,0.2601771950721741,-11.751852734336268,0.5682651882098555,0.6625578541089047,14.0,0.0,0.0754162126033268,"[12.039560972450946, 12.31175363803224, 12.69539308684943, 13.207459864856315, 13.872587363989828, 14.726278415378234, 15.820224596186257, 17.23140639699784, 19.078421309800245, 20.0, 20.0, 20.0, 20.0, 20.0, 20.0, 20.0, 20.0, 20.0, 20.0, 20.0, 20.0, 20.0, 20.0, 20.0, 20.0, 20.0, 20.0, 20.0, 20.0, 20.0, 20.0, 20.0, 20.0, 20.0, 20.0, 20.0, 20.0, 20.0, 20.0, 20.0, 20.0, 20.0, 20.0, 20.0, 20.0, 20.0, 20.0, 20.0, 20.0, 20.0, 20.0, 20.0, 20.0, 20.0, 20.0, 6.532292951955207, 5.842979897186064, 5.683499268365466, 5.761353695527362, 6.170288556200331, 20.0, 20.0, 20.0, 20.0, 20.0, 20.0, 20.0, 13.215714233303682, 12.87637659384174, 13.771754915445195, 20.0, 14.566044974717869]",-0.05750172855363189,-0.008540034647083417,-0.1041,-8.4802,1.7164,4.4806,10.1067,-0.0495,-0.0112,-9.8205,15.3,,50.0,,,,0.4121,-0.1506,0.4388,159.93,14.94,1.22389,0.6769,257.57,22.787,1,79.89,74.349,1,3,10,0.7,9.71,0,0.4575,0,0
1790618498.1774087,47.397964099999996,8.5464634,9.486000061035156,-0.19808898866176605,-0.9251595139503479,-0.00041843490907922387,260.1,-0.2414770760643194,-1.5062336427131067,0.0,-95.08257522583006,5.734462360161357,19.999999706867026,0.22374635934829712,-9.802995558645705,2.1853137287058466,0.9270002021660376,14.0,0.0,0.09663265227904087,"[12.13729260036379, 12.372574601892671, 12.715847187077381, 13.181896298855497, 13.792369332989487, 14.578470752321856, 15.585379636438851, 16.879694601530456, 18.562523687132785, 20.0, 20.0, 20.0, 20.0, 20.0, 20.0, 20.0, 20.0, 20.0, 20.0, 20.0, 20.0, 20.0, 20.0, 20.0, 20.0, 20.0, 20.0, 20.0, 20.0, 20.0, 20.0, 20.0, 20.0, 20.0, 20.0, 20.0, 20.0, 20.0, 20.0, 20.0, 20.0, 20.0, 20.0, 20.0, 20.0, 20.0, 20.0, 20.0, 20.0, 20.0, 20.0, 20.0, 20.0, 20.0, 20.0, 20.0, 6.225098948838779, 5.8115716989574535, 5.734462360161357, 5.899088567274851, 6.631770013059911, 20.0, 20.0, 20.0, 20.0, 20.0, 20.0, 20.0, 13.06356251305601, 13.298796502555438, 20.0, 20.0]",-0.05750172855363189,-0.008540034647083417,0.0637,-7.2068,2.1268,7.7519,10.18,-0.0873,-0.0019,-9.8246,15.3,,50.0,,,,0.444,-0.1332,0.4636,163.3,14.94,1.22388,0.9461,257.91,22.614,1,80.09,74.527,1,3,10,0.7,9.733,0,0.7143,0,0
1790618498.378056,47.3979637,8.546460399999999,9.48900032043457,-0.22605763375759125,-1.1394917964935303,0.00264201732352376,262.06,-0.20134840598006998,-1.5701631797888569,0.0,-93.13413948059082,5.824931834667696,19.99999978894426,0.1788920760154724,-7.858290906500059,3.280909578743774,1.1411922554778655,14.0,0.0,0.10517999223510896,"[13.183440084602287, 12.496021371626505, 12.801079806085568, 13.224570885122967, 13.7855468824299, 14.511557567890804, 15.442348701221647, 16.63601559973067, 18.179627354457242, 20.0, 20.0, 20.0, 20.0, 20.0, 20.0, 20.0, 20.0, 20.0, 20.0, 20.0, 20.0, 20.0, 20.0, 20.0, 20.0, 20.0, 20.0, 20.0, 20.0, 20.0, 20.0, 20.0, 20.0, 20.0, 20.0, 20.0, 20.0, 20.0, 20.0, 20.0, 20.0, 20.0, 20.0, 20.0, 20.0, 20.0, 20.0, 20.0, 20.0, 20.0, 20.0, 20.0, 20.0, 20.0, 20.0, 20.0, 20.0, 6.140572156296364, 5.840432684330427, 5.824931834667696, 6.076274196869203, 20.0, 20.0, 20.0, 20.0, 20.0, 20.0, 20.0, 13.516267355844002, 13.279043621382666, 20.0, 20.0]",-0.05750172855363189,-0.008540034647083417,0.2959,-5.8284,2.0333,6.8539,10.2714,-0.1079,0.0039,-9.831,15.3,,50.0,,,,0.4506,-0.2145,0.499,154.55,14.94,1.22388,1.1617,258.78,22.394,1,80.29,74.754,1,3,10,0.7,9.754,0,0.9122,0,0
1790618498.578947,47.3979633,8.546457,9.493000030517578,-0.2327645719051361,-1.3049592971801758,0.0028577465564012527,264.02,-0.1572442788255972,-1.6315645867797406,0.0,-91.15972564697267,5.910094920720695,19.999999848039867,0.13006848096847534,-5.917043245525122,4.133443587434526,1.306251113019771,14.0,0.0,0.1130636771327962,"[17.94882056802333, 12.666443763029154, 12.93438064384988, 13.31744205158554, 13.832370807238425, 14.503541693358917, 15.366075747187216, 16.47096778437976, 17.89379731539079, 19.750212448360585, 20.0, 20.0, 20.0, 20.0, 20.0, 20.0, 20.0, 20.0, 20.0, 20.0, 20.0, 20.0, 20.0, 20.0, 20.0, 20.0, 20.0, 20.0, 20.0, 20.0, 20.0, 20.0, 20.0, 20.0, 20.0, 20.0, 20.0, 20.0, 20.0, 20.0, 20.0, 20.0, 20.0, 20.0, 20.0, 20.0, 20.0, 20.0, 20.0, 20.0, 20.0, 20.0, 20.0, 20.0, 20.0, 20.0, 20.0, 20.0, 6.138176926219105, 5.910094920720695, 5.948446158044443, 6.300016671626166, 20.0, 20.0, 20.0, 20.0, 20.0, 20.0, 14.62759605415581, 13.504769541826837, 13.868934631518869, 20.0]",-0.05750172855363189,-0.008540034647083417,0.5293,-4.7757,1.8283,4.9643,10.2653,-0.132,0.0001,-9.8215,15.3,,50.0,,,,0.5048,-0.319,0.5971,147.71,14.94,1.22388,1.3256,259.89,22.14,1,80.5,75.014,1,3,10,0.7,9.696,0,1.027,0,0
1790618498.779605,47.397962799999995,8.5464533,9.496000289916992,-0.2227734625339508,-1.4334852695465088,0.0025637438520789146,265.99,-0.1090790591911042,-1.690411185147541,0.0,-90.04219281618737,6.013993908317769,19.999999890588704,0.0819973349571228,-3.967807183812596,4.823496728059825,1.4342776696387618,14.0,0.0,0.12227204582251015,"[20.0, 12.873363643962849, 13.104327534882376, 13.447947154776827, 13.918856114719567, 14.538604353543784, 15.338287545704675, 16.362842468097462, 17.67824192664093, 19.38403776230135, 20.0, 20.0, 20.0, 20.0, 20.0, 20.0, 20.0, 20.0, 20.0, 20.0, 20.0, 20.0, 20.0, 20.0, 20.0, 20.0, 20.0, 20.0, 20.0, 20.0, 20.0, 20.0, 20.0, 20.0, 20.0, 20.0, 20.0, 20.0, 20.0, 20.0, 20.0, 20.0, 20.0, 20.0, 20.0, 20.0, 20.0, 20.0, 20.0, 20.0, 20.0, 20.0, 20.0, 20.0, 20.0, 20.0, 20.0, 20.0, 7.08202237186529, 6.186150287253583, 6.013993908317769, 6.105942680588706, 6.595607315809733, 20.0, 20.0, 20.0, 20.0, 20.0, 20.0, 13.984771175840798, 13.826635136901105, 20.0]",-0.05750172855363189,-0.008540034647083417,0.7349,-4.0726,1.4527,3.4009,10.2808,-0.1466,0.0091,-9.8209,15.3,,50.0,,,,0.4673,-0.3214,0.5672,145.48,14.94,1.22388,1.4507,261.17,21.862,1,80.7,75.298,1,3,10,0.7,9.667,0,1.1671,0,0
1790618498.97953,47.3979624,8.546449299999999,9.498000144958496,-0.20017364621162415,-1.5355421304702759,0.002184289740398526,267.91,-0.05861956435762855,-1.7446687391787505,0.0,-90.02053708205267,6.149621532997204,19.999999921223868,0.037489116191864014,-2.069462917947277,5.337208605479379,1.535873697443123,14.0,0.0,0.12661837558038597,"[20.0, 15.900009946080568, 13.306965170402366, 13.612901019273966, 14.042622962757632, 14.615215853657144, 15.358344004335956, 16.311884600259607, 17.533943726654535, 19.111168015301224, 20.0, 20.0, 20.0, 20.0, 20.0, 20.0, 20.0, 20.0, 20.0, 20.0, 20.0, 20.0, 20.0, 20.0, 20.0, 20.0, 20.0, 20.0, 20.0, 20.0, 20.0, 20.0, 20.0, 20.0, 20.0, 20.0, 20.0, 20.0, 20.0, 20.0, 20.0, 20.0, 20.0, 20.0, 20.0, 20.0, 20.0, 20.0, 20.0, 20.0, 20.0, 20.0, 20.0, 20.0, 20.0, 20.0, 20.0, 20.0, 20.0, 6.863947664802601, 6.267679477287694, 6.149621532997204, 6.30534534866757, 7.093256002603605, 20.0, 20.0, 20.0, 20.0, 20.0, 14.97448542709475, 14.05202790215952, 14.59824734927037]",-0.05750172855363189,-0.008540034647083417,0.9007,-3.6464,1.1288,2.1393,9.6468,-0.1505,0.0101,-9.8135,15.3,,50.0,,,,0.4099,-0.3743,0.5551,137.6,14.94,1.22388,1.5485,262.57,21.567,1,80.9,75.599,1,3,10,0.7,9.666,0,1.271,0,0
1790618499.1803172,47.3979621,8.546445199999999,9.498000144958496,-0.1698213815689087,-1.6208115816116333,0.0016861262265592813,269.54,-0.013203301808906076,-1.7880269638536763,0.0,-89.99851880755767,6.323450064452212,19.999999943281185,-0.0025376081466674805,-0.46148119244230656,5.521371335449162,1.6207921381830186,14.0,0.0,0.11363152654845533,"[20.0, 20.0, 13.549267495059842, 13.824312362461844, 14.221229953735566, 14.757245044311158, 15.4574974164461, 16.35821393643751, 17.511918959623298, 18.99625127977661, 20.0, 20.0, 20.0, 20.0, 20.0, 20.0, 20.0, 20.0, 20.0, 20.0, 20.0, 20.0, 20.0, 20.0, 20.0, 20.0, 20.0, 20.0, 20.0, 20.0, 20.0, 20.0, 20.0, 20.0, 20.0, 20.0, 20.0, 20.0, 20.0, 20.0, 20.0, 20.0, 20.0, 20.0, 20.0, 20.0, 20.0, 20.0, 20.0, 20.0, 20.0, 20.0, 20.0, 20.0, 20.0, 20.0, 20.0, 20.0, 20.0, 20.0, 6.792629249529082, 6.370670132896525, 6.323450064452212, 6.580925349315811, 20.0, 20.0, 20.0, 20.0, 20.0, 20.0, 14.478980212816406, 14.516808422540764]",-0.05750172855363189,-0.008540034647083417,1.0137,-3.3875,0.6608,1.5248,7.3078,-0.169,0.0018,-9.7955,15.3,,50.0,,,,0.3338,-0.4841,0.588,124.59,14.94,1.22388,1.6297,264.02,21.257,1,81.1,75.914,1,3,10,0.7,9.69,0,1.3357,0,0
1790618499.3804877,47.3979618,8.5464408,9.498000144958496,-0.1313430368900299,-1.6947380304336548,0.0017618245910853148,270.57,0.016396509098293446,-1.7857247884531189,0.0,-89.97905138690442,6.504703998789378,19.999999959162455,-0.03366267681121826,0.5490513869044094,5.001592929893717,1.6945336626855112,14.0,0.0,0.07354874381379761,"[20.0, 20.0, 13.837656513885696, 14.095329438987346, 14.475034829607148, 14.993028791846577, 15.673181195089063, 16.549915980181442, 17.67302124990414, 19.115729181455603, 20.0, 20.0, 20.0, 20.0, 20.0, 20.0, 20.0, 20.0, 20.0, 20.0, 20.0, 20.0, 20.0, 20.0, 20.0, 20.0, 20.0, 20.0, 20.0, 20.0, 20.0, 20.0, 20.0, 20.0, 20.0, 20.0, 20.0, 20.0, 20.0, 20.0, 20.0, 20.0, 20.0, 20.0, 20.0, 20.0, 20.0, 20.0, 20.0, 20.0, 20.0, 20.0, 20.0, 20.0, 20.0, 20.0, 20.0, 20.0, 20.0, 20.0, 20.0, 6.75587051334946, 6.504703998789378, 6.570889606959401, 7.065656707433521, 20.0, 20.0, 20.0, 20.0, 20.0, 15.016749938766823, 14.716621855218609]",-0.05750172855363189,-0.008540034647083417,1.0883,-3.1727,0.3848,1.3268,3.8072,-0.179,0.0085,-9.8115,15.3,,50.0,,,,0.3081,-0.5061,0.5925,121.33,14.94,1.22388,1.6998,265.57,20.932,1,81.3,76.242,1,3,10,0.7,9.698,0,1.4036,0,0
1790618499.5805836,47.397961599999995,8.5464363,9.498000144958496,-0.0885583683848381,-1.7552566528320312,0.0026543925050646067,270.91,0.02605610696445872,-1.777109590866627,0.0,-89.96475002328975,6.716100808573667,19.999999970596967,-0.05312693119049072,0.8747500232897778,3.7983080715299695,1.7550325866990817,14.0,0.0,0.023339481314003766,"[20.0, 20.0, 14.166532638576484, 14.42252948990354, 14.802679177400398, 15.323187146918299, 16.007904379231988, 16.891242798123635, 18.0229390823313, 19.476038492030955, 20.0, 20.0, 20.0, 20.0, 20.0, 20.0, 20.0, 20.0, 20.0, 20.0, 20.0, 20.0, 20.0, 20.0, 20.0, 20.0, 20.0, 20.0, 20.0, 20.0, 20.0, 20.0, 20.0, 20.0, 20.0, 20.0, 20.0, 20.0, 20.0, 20.0, 20.0, 20.0, 20.0, 20.0, 20.0, 20.0, 20.0, 20.0, 20.0, 20.0, 20.0, 20.0, 20.0, 20.0, 20.0, 20.0, 20.0, 20.0, 20.0, 20.0, 20.0, 7.325316505478414, 6.78571823785562, 6.716100808573667, 6.985706384004837, 20.0, 20.0, 20.0, 20.0, 20.0, 15.515954609024144, 15.022538691580186]",-0.05750172855363189,-0.008540034647083417,1.1104,-2.7527,-0.0997,2.323,0.4348,-0.1884,0.008,-9.8089,15.3,,50.0,,,,0.2743,-0.4874,0.5593,119.37,14.94,1.22388,1.7575,267.11,20.595,1,81.5,76.58,1,3,10,0.7,9.693,0,1.4778,0,0
1790618499.781677,47.3979615,8.546431799999999,9.498000144958496,-0.04815690964460373,-1.7953556776046753,0.0030002640560269356,270.71,0.02043912973801202,-1.7826921394250541,0.0,-89.95390212110726,6.933391773818962,19.999999978829816,-0.06522214412689209,0.6639021211072418,2.246478968475965,1.7951987721487268,14.0,0.0,0.015058249079922119,"[20.0, 20.0, 14.52306839581747, 14.790208899205556, 15.185094596529646, 15.724601473856547, 16.433532864839748, 17.34766501502614, 18.518726920780228, 20.0, 20.0, 20.0, 20.0, 20.0, 20.0, 20.0, 20.0, 20.0, 20.0, 20.0, 20.0, 20.0, 20.0, 20.0, 20.0, 20.0, 20.0, 20.0, 20.0, 20.0, 20.0, 20.0, 20.0, 20.0, 20.0, 20.0, 20.0, 20.0, 20.0, 20.0, 20.0, 20.0, 20.0, 20.0, 20.0, 20.0, 20.0, 20.0, 20.0, 20.0, 20.0, 20.0, 20.0, 20.0, 20.0, 20.0, 20.0, 20.0, 20.0, 20.0, 20.0, 20.0, 7.122623289942038, 6.933391773818962, 7.090317464101368, 20.0, 20.0, 20.0, 20.0, 20.0, 15.87702695354286, 15.364468028065097]",-0.05750172855363189,-0.008540034647083417,1.0263,-2.2761,-0.6851,2.0411,-1.5821,-0.1899,0.0086,-9.8055,15.3,,50.0,,,,0.2829,-0.3621,0.4595,128.0,14.94,1.22388,1.796,268.46,20.253,1,81.7,76.924,1,3,10,0.7,9.71,0,1.5662,0,0
1790618499.98266,47.3979615,8.546427099999999,9.498000144958496,-0.013617737218737602,-1.8186626434326172,0.0032766214571893215,270.27,0.007910237830062276,-1.7943701241677796,0.0,-89.94776079558244,7.191765410166722,19.99999998475747,-0.06946861743927002,0.21776079558242145,0.6990099049612767,1.8186070819420024,14.0,0.0,0.03217302046580161,"[20.0, 20.0, 14.894515626685246, 15.179125412929654, 15.595829846843998, 16.162538057390783, 16.90549689193625, 17.86254639850702, 19.08845138699164, 20.0, 20.0, 20.0, 20.0, 20.0, 20.0, 20.0, 20.0, 20.0, 20.0, 20.0, 20.0, 20.0, 20.0, 20.0, 20.0, 20.0, 20.0, 20.0, 20.0, 20.0, 20.0, 20.0, 20.0, 20.0, 20.0, 20.0, 20.0, 20.0, 20.0, 20.0, 20.0, 20.0, 20.0, 20.0, 20.0, 20.0, 20.0, 20.0, 20.0, 20.0, 20.0, 20.0, 20.0, 20.0, 20.0, 20.0, 20.0, 20.0, 20.0, 20.0, 20.0, 20.0, 7.511056003904956, 7.191765410166722, 7.266278157456645, 7.917709738531216, 20.0, 20.0, 20.0, 20.0, 16.15539112313199, 15.725677057917915]",-0.05750172855363189,-0.008540034647083417,0.8177,-1.9702,-1.3078,1.0175,-2.1525,-0.2025,0.003,-9.7922,15.3,,50.0,,,,0.2661,-0.308,0.407,130.82,14.94,1.22388,1.8187,269.57,19.906,1,81.9,77.272,1,3,10,0.7,9.704,0,1.6152,0,0
1790618500.1844673,47.3979615,8.5464225,9.498000144958496,0.011323993094265461,-1.8346301317214966,0.003425623057410121,269.87,-0.0036125821354587016,-1.7952607462148211,0.0,-89.9461939918757,7.477715392213612,19.999999989025376,-0.06731605529785156,-0.18380600812429293,-0.483645544659895,1.8346574524906616,14.0,0.0,0.029211377008920965,"[20.0, 20.0, 15.270253976952311, 15.571995511847797, 16.010205894502448, 16.603817791232103, 17.38051288574349, 18.38018751071387, 19.660637331002494, 20.0, 20.0, 20.0, 20.0, 20.0, 20.0, 20.0, 20.0, 20.0, 20.0, 20.0, 20.0, 20.0, 20.0, 20.0, 20.0, 20.0, 20.0, 20.0, 20.0, 20.0, 20.0, 20.0, 20.0, 20.0, 20.0, 20.0, 20.0, 20.0, 20.0, 20.0, 20.0, 20.0, 20.0, 20.0, 20.0, 20.0, 20.0, 20.0, 20.0, 20.0, 20.0, 20.0, 20.0, 20.0, 20.0, 20.0, 20.0, 20.0, 20.0, 20.0, 20.0, 20.0, 8.000511937735835, 7.487037156244032, 7.477715392213612, 7.949280110843988, 20.0, 20.0, 20.0, 20.0, 16.44756433070695, 16.09718312546684]",-0.05750172855363189,-0.008540034647083417,0.5304,-1.8364,-1.4189,0.4933,-1.4898,-0.1874,-0.0068,-9.8061,15.3,,50.0,,,,0.2387,-0.2696,0.3601,131.53,14.94,1.22388,1.8347,270.35,19.554,1,82.1,77.624,1,3,10,0.7,9.69,0,1.6546,0,0
1790618500.3854384,47.397961599999995,8.5464178,9.498000144958496,0.025759972631931305,-1.846599817276001,0.003269805572926998,269.65,-0.009928883978220952,-1.78960429987712,0.0,-89.94849183090162,7.715688164171454,19.99999999209827,-0.060697317123413086,-0.40150816909840614,-1.1492213417694668,1.846669145459354,14.0,0.0,0.015781761745340503,"[20.0, 20.0, 15.640947567953162, 15.955636874337895, 16.410708858578495, 17.02588265509441, 17.82995521563685, 18.864425349332684, 20.0, 20.0, 20.0, 20.0, 20.0, 20.0, 20.0, 20.0, 20.0, 20.0, 20.0, 20.0, 20.0, 20.0, 20.0, 20.0, 20.0, 20.0, 20.0, 20.0, 20.0, 20.0, 20.0, 20.0, 20.0, 20.0, 20.0, 20.0, 20.0, 20.0, 20.0, 20.0, 20.0, 20.0, 20.0, 20.0, 20.0, 20.0, 20.0, 20.0, 20.0, 20.0, 20.0, 20.0, 20.0, 20.0, 20.0, 20.0, 20.0, 20.0, 20.0, 20.0, 20.0, 20.0, 20.0, 7.828460122924505, 7.715688164171454, 8.049680121315905, 20.0, 20.0, 20.0, 20.0, 16.78813336307803, 16.462699720320522]",-0.05750172855363189,-0.008540034647083417,0.2536,-1.7288,-1.2123,0.4523,-0.5093,-0.2006,0.0014,-9.8031,15.3,,50.0,,,,0.269,-0.1814,0.3245,146.0,14.94,1.22388,1.8468,270.8,19.2,1,82.3,77.978,1,3,10,0.7,9.687,0,1.6845,0,0
1790618500.5847023,47.397961699999996,8.546413,9.497000694274902,0.030725983902812004,-1.8533192873001099,0.00367884524166584,269.62,-0.010797044767359164,-1.7889265180018559,0.0,-89.95255535933552,7.9832202698407935,19.999999994310755,-0.05272674560546875,-0.42744464066447563,-1.329813636349153,1.853394682805978,14.0,0.0,0.0018785629230244222,"[20.0, 20.0, 16.003570631227547, 16.326341224228987, 16.792833803739413, 17.42327055658792, 18.24717837482914, 19.307107404380584, 20.0, 20.0, 20.0, 20.0, 20.0, 20.0, 20.0, 20.0, 20.0, 20.0, 20.0, 20.0, 20.0, 20.0, 20.0, 20.0, 20.0, 20.0, 20.0, 20.0, 20.0, 20.0, 20.0, 20.0, 20.0, 20.0, 20.0, 20.0, 20.0, 20.0, 20.0, 20.0, 20.0, 20.0, 20.0, 20.0, 20.0, 20.0, 20.0, 20.0, 20.0, 20.0, 20.0, 20.0, 20.0, 20.0, 20.0, 20.0, 20.0, 20.0, 20.0, 20.0, 20.0, 20.0, 20.0, 8.237219301754902, 7.9832202698407935, 8.190197414469017, 20.0, 20.0, 20.0, 20.0, 17.180793109962366, 16.813623886899197]",-0.05750172855363189,-0.008540034647083417,0.0436,-1.6057,-0.7659,0.4721,0.2962,-0.2063,-0.0,-9.8097,15.3,,50.0,,,,0.2219,-0.2741,0.3527,129.0,14.94,1.22388,1.8536,270.95,18.845,1,82.5,78.334,1,3,10,0.7,9.734,0,1.6772,0,0
1790618500.7854702,47.397961699999996,8.5464083,9.496000289916992,0.028539041057229042,-1.8579072952270508,0.003489875001832843,269.71,-0.008232384089071388,-1.7913705871186387,0.0,-89.95632120755039,8.290546345800028,19.999999995903742,-0.045812368392944336,-0.33367879244963206,-1.1700428403050724,1.8579695094415498,14.0,0.0,0.006782280500319633,"[20.0, 20.0, 16.363467004338467, 16.691087537736436, 17.16540308619189, 17.806950070936093, 18.645728617217973, 19.724972647861463, 20.0, 20.0, 20.0, 20.0, 20.0, 20.0, 20.0, 20.0, 20.0, 20.0, 20.0, 20.0, 20.0, 20.0, 20.0, 20.0, 20.0, 20.0, 20.0, 20.0, 20.0, 20.0, 20.0, 20.0, 20.0, 20.0, 20.0, 20.0, 20.0, 20.0, 20.0, 20.0, 20.0, 20.0, 20.0, 20.0, 20.0, 20.0, 20.0, 20.0, 20.0, 20.0, 20.0, 20.0, 20.0, 20.0, 20.0, 20.0, 20.0, 20.0, 20.0, 20.0, 20.0, 20.0, 20.0, 8.764204752793196, 8.290546345800028, 8.371252715994238, 20.0, 20.0, 20.0, 20.0, 17.622484487837937, 17.15737554713484]",-0.05750172855363189,-0.008540034647083417,-0.0561,-1.5079,-0.2048,0.3558,0.6694,-0.2039,-0.0028,-9.8059,15.3,,50.0,,,,0.1079,-0.3254,0.3428,108.34,14.94,1.22388,1.8581,270.88,18.486,1,82.7,78.692,1,3,10,0.7,9.752,0,1.6867,0,0
1790618500.9857771,47.3979618,8.5464035,9.496000289916992,0.02354344353079796,-1.8610326051712036,0.0030532267410308123,269.85,-0.004220453508683329,-1.7950704523992647,0.0,-89.9588742244049,8.593057606093534,19.999999997050693,-0.04074406623840332,-0.19112577559508281,-0.8747954660531306,1.8610787270319573,14.0,0.0,0.010368021523833603,"[20.0, 20.0, 16.72260434820888, 17.053590449822167, 17.5340828905734, 18.184846637114525, 19.036239003907482, 20.0, 20.0, 20.0, 20.0, 20.0, 20.0, 20.0, 20.0, 20.0, 20.0, 20.0, 20.0, 20.0, 20.0, 20.0, 20.0, 20.0, 20.0, 20.0, 20.0, 20.0, 20.0, 20.0, 20.0, 20.0, 20.0, 20.0, 20.0, 20.0, 20.0, 20.0, 20.0, 20.0, 20.0, 20.0, 20.0, 20.0, 20.0, 20.0, 20.0, 20.0, 20.0, 20.0, 20.0, 20.0, 20.0, 20.0, 20.0, 20.0, 20.0, 20.0, 20.0, 20.0, 20.0, 20.0, 20.0, 20.0, 8.64593107658781, 8.593057606093534, 9.184230357182505, 20.0, 20.0, 20.0, 18.108091622016737, 17.500434120941517]",-0.05750172855363189,-0.008540034647083417,-0.0622,-1.4483,0.1616,0.1819,0.7148,-0.2064,-0.0061,-9.7985,15.3,,50.0,,,,0.0651,-0.3131,0.3198,101.75,14.94,1.22388,1.8612,270.72,18.126,1,82.9,79.053,1,3,10,0.7,9.731,0,1.7013,0,0
1790618501.1867218,47.3979618,8.5463987,9.495000839233398,0.018761644139885902,-1.8619962930679321,0.002663847291842103,269.98,-0.000475320456354147,-1.7984377760723855,0.0,-89.95928830233811,8.853381742439632,19.9999999978765,-0.03813445568084717,-0.06071169766187268,-0.5972979531075574,1.8620307177414825,14.0,0.0,0.009494925015895503,"[20.0, 20.0, 17.082762817684664, 17.417253894742984, 17.904087946613313, 18.564267759051567, 19.428520968579253, 20.0, 20.0, 20.0, 20.0, 20.0, 20.0, 20.0, 20.0, 20.0, 20.0, 20.0, 20.0, 20.0, 20.0, 20.0, 20.0, 20.0, 20.0, 20.0, 20.0, 20.0, 20.0, 20.0, 20.0, 20.0, 20.0, 20.0, 20.0, 20.0, 20.0, 20.0, 20.0, 20.0, 20.0, 20.0, 20.0, 20.0, 20.0, 20.0, 20.0, 20.0, 20.0, 20.0, 20.0, 20.0, 20.0, 20.0, 20.0, 20.0, 20.0, 20.0, 20.0, 20.0, 20.0, 20.0, 20.0, 20.0, 9.058750623284824, 8.853381742439632, 9.231099401561146, 20.0, 20.0, 20.0, 18.63250850245156, 17.84694457158537]",-0.05750172855363189,-0.008540034647083417,-0.0077,-1.4213,0.2989,-0.0401,0.5063,-0.2051,-0.0105,-9.8059,15.3,,50.0,,,,0.0668,-0.2676,0.2759,104.02,14.94,1.22388,1.8621,270.58,17.765,1,83.1,79.414,1,3,10,0.7,9.649,0,1.7242,0,0
1790618501.3868935,47.3979618,8.546393799999999,9.494000434875488,0.01720726117491722,-1.8636512756347656,0.0023095556534826756,270.05,0.0015447583706358174,-1.7997352251943324,0.0,-89.96026989938332,9.152011411335854,19.99999999847108,-0.035207509994506836,0.010269899383331449,-0.4790020941937655,1.8636809111112382,14.0,0.0,0.005200294037737822,"[20.0, 20.0, 17.448060943166976, 17.787713788665656, 18.28275810301792, 18.95453117542729, 19.834262719961753, 20.0, 20.0, 20.0, 20.0, 20.0, 20.0, 20.0, 20.0, 20.0, 20.0, 20.0, 20.0, 20.0, 20.0, 20.0, 20.0, 20.0, 20.0, 20.0, 20.0, 20.0, 20.0, 20.0, 20.0, 20.0, 20.0, 20.0, 20.0, 20.0, 20.0, 20.0, 20.0, 20.0, 20.0, 20.0, 20.0, 20.0, 20.0, 20.0, 20.0, 20.0, 20.0, 20.0, 20.0, 20.0, 20.0, 20.0, 20.0, 20.0, 20.0, 20.0, 20.0, 20.0, 20.0, 20.0, 20.0, 20.0, 9.548560664922443, 9.152011411335854, 9.380611688880025, 20.0, 20.0, 20.0, 19.180532434155598, 18.20114194841858]",-0.05750172855363189,-0.008540034647083417,0.0452,-1.4112,0.2671,0.1278,0.1499,-0.205,-0.0091,-9.8099,15.3,,50.0,,,,0.0819,-0.378,0.3868,102.23,14.94,1.22388,1.8637,270.53,17.402,1,83.3,79.778,1,3,10,0.7,9.666,0,1.6703,0,0
1790618501.588071,47.3979619,8.546389,9.493000030517578,0.018145160749554634,-1.8664517402648926,0.0022997534833848476,270.07,0.0021145628208363776,-1.7991436594204158,0.0,-89.96324210825605,9.48665241661394,19.999999998899177,-0.030829310417175293,0.03324210825604723,-0.486997192064676,1.8664801545994125,14.0,0.0,0.001678241019319883,"[20.0, 20.0, 17.818859345697092, 18.165149640938335, 18.67007288022211, 19.35538642968834, 20.0, 20.0, 20.0, 20.0, 20.0, 20.0, 20.0, 20.0, 20.0, 20.0, 20.0, 20.0, 20.0, 20.0, 20.0, 20.0, 20.0, 20.0, 20.0, 20.0, 20.0, 20.0, 20.0, 20.0, 20.0, 20.0, 20.0, 20.0, 20.0, 20.0, 20.0, 20.0, 20.0, 20.0, 20.0, 20.0, 20.0, 20.0, 20.0, 20.0, 20.0, 20.0, 20.0, 20.0, 20.0, 20.0, 20.0, 20.0, 20.0, 20.0, 20.0, 20.0, 20.0, 20.0, 20.0, 20.0, 20.0, 20.0, 10.185164079524021, 9.48665241661394, 9.587917806673877, 20.0, 20.0, 20.0, 19.781355498318923, 18.56190558950485]",-0.05750172855363189,-0.008540034647083417,0.0719,-1.3865,-0.0003,0.1928,-0.0528,-0.2121,-0.0039,-9.8189,15.3,,50.0,,,,0.0766,-0.4467,0.4532,99.73,14.94,1.22388,1.8665,270.56,17.036,1,83.5,80.144,1,3,10,0.7,9.733,0,1.64,0,0
1790618501.788515,47.3979619,8.5463841,9.494000434875488,0.0214040819555521,-1.868803858757019,0.0015768001321703196,270.04,0.0012320301387016362,-1.7997495417862792,0.0,-89.96972264106557,9.835956502953909,19.999999999207407,-0.024045467376708984,0.009722641065593507,-0.6162004537384802,1.8688313868131776,14.0,0.0,0.0017172253150811445,"[20.0, 20.0, 18.19436074886912, 18.54883795721263, 19.065384233502236, 19.766266569870364, 20.0, 20.0, 20.0, 20.0, 20.0, 20.0, 20.0, 20.0, 20.0, 20.0, 20.0, 20.0, 20.0, 20.0, 20.0, 20.0, 20.0, 20.0, 20.0, 20.0, 20.0, 20.0, 20.0, 20.0, 20.0, 20.0, 20.0, 20.0, 20.0, 20.0, 20.0, 20.0, 20.0, 20.0, 20.0, 20.0, 20.0, 20.0, 20.0, 20.0, 20.0, 20.0, 20.0, 20.0, 20.0, 20.0, 20.0, 20.0, 20.0, 20.0, 20.0, 20.0, 20.0, 20.0, 20.0, 20.0, 20.0, 20.0, 20.0, 9.855230783913434, 9.835956502953909, 20.0, 20.0, 20.0, 20.0, 18.92748190960386]",-0.05750172855363189,-0.008540034647083417,0.0658,-1.3361,-0.1323,0.2085,-0.1856,-0.2064,-0.0035,-9.7979,15.3,,50.0,,,,0.1644,-0.5463,0.5705,106.75,14.94,1.22388,1.8689,270.66,16.668,1,83.71,80.512,1,3,10,0.7,9.733,0,1.5837,0,0
1790618501.9896336,47.397962,8.546379199999999,9.498000144958496,0.022787369787693024,-1.8688716888427734,0.0008938215905800462,270.01,0.0003466098366740105,-1.799667250970967,0.0,-89.97706283070238,10.109945620996786,19.999999999429335,-0.017260432243347168,-0.012937169297629225,-0.6885794827521449,1.8688936010039652,14.0,0.0,0.0016551923043102105,"[20.0, 20.0, 18.569870351706708, 18.932571600846014, 19.460782181095162, 20.0, 20.0, 20.0, 20.0, 20.0, 20.0, 20.0, 20.0, 20.0, 20.0, 20.0, 20.0, 20.0, 20.0, 20.0, 20.0, 20.0, 20.0, 20.0, 20.0, 20.0, 20.0, 20.0, 20.0, 20.0, 20.0, 20.0, 20.0, 20.0, 20.0, 20.0, 20.0, 20.0, 20.0, 20.0, 20.0, 20.0, 20.0, 20.0, 20.0, 20.0, 20.0, 20.0, 20.0, 20.0, 20.0, 20.0, 20.0, 20.0, 20.0, 20.0, 20.0, 20.0, 20.0, 20.0, 20.0, 20.0, 20.0, 20.0, 20.0, 10.260237830260445, 10.109945620996786, 10.871513183787648, 20.0, 20.0, 20.0, 19.293198503769332]",-0.05750172855363189,-0.008540034647083417,0.0366,-1.2982,-0.1112,0.1304,-0.1807,-0.209,-0.0058,-9.7995,15.3,,50.0,,,,0.2659,-0.4338,0.5088,121.5,14.94,1.22388,1.869,270.7,16.3,1,83.91,80.881,1,3,10,0.7,9.736,0,1.6146,0,0
1790618502.190338,47.397962,8.5463743,9.50100040435791,0.02187463827431202,-1.8681107759475708,0.0010101301595568657,269.98,-0.0005350713107555818,-1.7990483950401182,0.0,-89.98301072111428,10.406033145340126,19.99999999958912,-0.012121200561523438,-0.036989278885698695,-0.6908741206694927,1.8681260338460868,14.0,0.0,0.001755975720385223,"[20.0, 20.0, 18.94528387273611, 19.31624426570058, 19.856157475878124, 20.0, 20.0, 20.0, 20.0, 20.0, 20.0, 20.0, 20.0, 20.0, 20.0, 20.0, 20.0, 20.0, 20.0, 20.0, 20.0, 20.0, 20.0, 20.0, 20.0, 20.0, 20.0, 20.0, 20.0, 20.0, 20.0, 20.0, 20.0, 20.0, 20.0, 20.0, 20.0, 20.0, 20.0, 20.0, 20.0, 20.0, 20.0, 20.0, 20.0, 20.0, 20.0, 20.0, 20.0, 20.0, 20.0, 20.0, 20.0, 20.0, 20.0, 20.0, 20.0, 20.0, 20.0, 20.0, 20.0, 20.0, 20.0, 20.0, 20.0, 10.711875239710928, 10.406033145340126, 10.941310674623233, 20.0, 20.0, 20.0, 19.65864968223801]",-0.05750172855363189,-0.008540034647083417,0.0217,-1.2734,-0.021,0.1335,-0.1438,-0.2185,-0.0019,-9.8067,15.3,,50.0,,,,0.2425,-0.4741,0.5326,117.09,14.94,1.22388,1.8682,270.67,15.933,1,84.11,81.249,1,3,10,0.7,9.67,0,1.602,0,0
1790618502.391192,47.3979621,8.5463694,9.503000259399414,0.021462325006723404,-1.8659340143203735,0.0011151913786306977,269.97,-0.000841543650502416,-1.7989715933741521,0.0,-89.99003097712512,10.723789668920299,19.99999999970417,-0.006747603416442871,-0.03996902287485682,-0.6889978028974068,1.8659426472736413,14.0,0.0,0.00021809202869857165,"[20.0, 20.0, 19.318719979645152, 19.697307522969137, 20.0, 20.0, 20.0, 20.0, 20.0, 20.0, 20.0, 20.0, 20.0, 20.0, 20.0, 20.0, 20.0, 20.0, 20.0, 20.0, 20.0, 20.0, 20.0, 20.0, 20.0, 20.0, 20.0, 20.0, 20.0, 20.0, 20.0, 20.0, 20.0, 20.0, 20.0, 20.0, 20.0, 20.0, 20.0, 20.0, 20.0, 20.0, 20.0, 20.0, 20.0, 20.0, 20.0, 20.0, 20.0, 20.0, 20.0, 20.0, 20.0, 20.0, 20.0, 20.0, 20.0, 20.0, 20.0, 20.0, 20.0, 20.0, 20.0, 20.0, 20.0, 11.23910039436796, 10.723789668920299, 11.097657767839223, 20.0, 20.0, 20.0, 20.0]",-0.05750172855363189,-0.008540034647083417,0.0138,-1.2548,-0.0675,0.0498,-0.0534,-0.2173,-0.0095,-9.8025,15.3,,50.0,,,,0.1583,-0.3435,0.3783,114.75,14.94,1.22388,1.8661,270.66,15.566,1,84.31,81.616,1,3,10,0.7,9.715,0,1.6769,0,0
1790618502.5914822,47.3979621,8.5463646,9.504000663757324,0.020877020433545113,-1.8630391359329224,0.0011745754163712263,269.97,-0.0008598920958973001,-1.7991586505551818,0.0,-89.99730016814203,11.06348795238053,19.999999999787,-0.001734614372253418,-0.0326998318579399,-0.6720236011355214,1.8630413729714301,14.0,0.0,0.0005310520283746312,"[20.0, 20.0, 19.69052850280241, 20.0, 20.0, 20.0, 20.0, 20.0, 20.0, 20.0, 20.0, 20.0, 20.0, 20.0, 20.0, 20.0, 20.0, 20.0, 20.0, 20.0, 20.0, 20.0, 20.0, 20.0, 20.0, 20.0, 20.0, 20.0, 20.0, 20.0, 20.0, 20.0, 20.0, 20.0, 20.0, 20.0, 20.0, 20.0, 20.0, 20.0, 20.0, 20.0, 20.0, 20.0, 20.0, 20.0, 20.0, 20.0, 20.0, 20.0, 20.0, 20.0, 20.0, 20.0, 20.0, 20.0, 20.0, 20.0, 20.0, 20.0, 20.0, 20.0, 20.0, 20.0, 20.0, 11.951388534966927, 11.06348795238053, 11.299390327859992, 20.0, 20.0, 20.0, 20.0]",-0.05750172855363189,-0.008540034647083417,0.0018,-1.2491,-0.0623,-0.044,-0.0486,-0.2051,-0.006,-9.8084,15.3,,50.0,,,,0.3176,-0.2896,0.4299,137.64,14.94,1.22388,1.8632,270.64,15.2,1,84.51,81.982,1,3,10,0.7,9.728,0,1.6482,0,0
1790618502.791776,47.397962199999995,8.5463597,9.506000518798828,0.019780894741415977,-1.8607674837112427,0.0011473732301965356,269.97,-0.0008793263838786699,-1.799356704031316,0.0,-90.00499790976835,11.427361518279477,19.99999999984664,0.0030490756034851074,-0.02500209023165212,-0.6390600269295934,1.8607636179935416,14.0,0.0,0.0005636452160553566,"[20.0, 20.0, 20.0, 20.0, 20.0, 20.0, 20.0, 20.0, 20.0, 20.0, 20.0, 20.0, 20.0, 20.0, 20.0, 20.0, 20.0, 20.0, 20.0, 20.0, 20.0, 20.0, 20.0, 20.0, 20.0, 20.0, 20.0, 20.0, 20.0, 20.0, 20.0, 20.0, 20.0, 20.0, 20.0, 20.0, 20.0, 20.0, 20.0, 20.0, 20.0, 20.0, 20.0, 20.0, 20.0, 20.0, 20.0, 20.0, 20.0, 20.0, 20.0, 20.0, 20.0, 20.0, 20.0, 20.0, 20.0, 20.0, 20.0, 20.0, 20.0, 20.0, 20.0, 20.0, 20.0, 20.0, 11.427361518279477, 11.533708087485492, 20.0, 20.0, 20.0, 20.0]",-0.05750172855363189,-0.008540034647083417,-0.0033,-1.2478,-0.0407,-0.0339,-0.0331,-0.2031,-0.0062,-9.7998,15.3,,50.0,,,,0.3028,-0.2471,0.3908,140.79,14.94,1.22388,1.8609,270.61,14.835,1,84.71,82.348,1,3,10,0.7,9.732,0,1.6655,0,0
1790618502.9923692,47.397962199999995,8.5463548,9.508000373840332,0.018139034509658813,-1.8597198724746704,0.001164733082987368,269.97,-0.0008955780553107306,-1.799522265613102,0.0,-90.01143375766276,11.79366821811038,19.99999999988958,0.006623327732086182,-0.018566242337215044,-0.5888245746156243,1.8597118864697562,14.0,0.0,0.00047016332557956765,"[20.0, 20.0, 20.0, 20.0, 20.0, 20.0, 20.0, 20.0, 20.0, 20.0, 20.0, 20.0, 20.0, 20.0, 20.0, 20.0, 20.0, 20.0, 20.0, 20.0, 20.0, 20.0, 20.0, 20.0, 20.0, 20.0, 20.0, 20.0, 20.0, 20.0, 20.0, 20.0, 20.0, 20.0, 20.0, 20.0, 20.0, 20.0, 20.0, 20.0, 20.0, 20.0, 20.0, 20.0, 20.0, 20.0, 20.0, 20.0, 20.0, 20.0, 20.0, 20.0, 20.0, 20.0, 20.0, 20.0, 20.0, 20.0, 20.0, 20.0, 20.0, 20.0, 20.0, 20.0, 20.0, 20.0, 11.820157534801101, 11.79366821811038, 20.0, 20.0, 20.0, 20.0]",-0.05750172855363189,-0.008540034647083417,-0.0011,-1.2385,-0.0126,0.0369,0.0083,-0.2125,-0.0118,-9.801,15.3,,50.0,,,,0.264,-0.218,0.3424,140.45,14.94,1.22388,1.8598,270.56,14.467,1,84.91,82.716,1,3,10,0.7,9.693,0,1.6886,0,0
1790618503.1936026,47.397962199999995,8.5463499,9.509000778198242,0.015465980395674706,-1.858641505241394,0.001016080379486084,269.98,-0.0006131445529916559,-1.7998451742295791,0.0,-90.01398344275009,12.072915561791028,19.999999999920497,0.00769275426864624,-0.00601655724989314,-0.4967540963330377,1.8586333334409855,14.0,0.0,0.0009169588524528784,"[20.0, 20.0, 20.0, 20.0, 20.0, 20.0, 20.0, 20.0, 20.0, 20.0, 20.0, 20.0, 20.0, 20.0, 20.0, 20.0, 20.0, 20.0, 20.0, 20.0, 20.0, 20.0, 20.0, 20.0, 20.0, 20.0, 20.0, 20.0, 20.0, 20.0, 20.0, 20.0, 20.0, 20.0, 20.0, 20.0, 20.0, 20.0, 20.0, 20.0, 20.0, 20.0, 20.0, 20.0, 20.0, 20.0, 20.0, 20.0, 20.0, 20.0, 20.0, 20.0, 20.0, 20.0, 20.0, 20.0, 20.0, 20.0, 20.0, 20.0, 20.0, 20.0, 20.0, 20.0, 20.0, 20.0, 12.247523026692177, 12.072915561791028, 20.0, 20.0, 20.0, 20.0]",-0.05750172855363189,-0.008540034647083417,0.0088,-1.2231,0.0488,-0.0071,-0.0532,-0.2106,-0.0035,-9.8,15.3,,50.0,,,,0.2721,-0.1174,0.2964,156.66,14.94,1.22388,1.8587,270.48,14.1,1,85.11,83.085,1,3,10,0.7,9.672,0,1.7105,0,0
1790618503.393483,47.397962199999995,8.546344999999999,9.510000228881836,0.011651750653982162,-1.8563262224197388,0.000985439750365913,269.99,-0.00031911302480923067,-1.7999491946864896,0.0,-90.01197462080813,12.369947818250955,19.99999999994276,0.006257772445678711,0.001974620808113059,-0.3696282599724219,1.8563210724899453,14.0,0.0,0.0005860059382426675,"[20.0, 20.0, 20.0, 20.0, 20.0, 20.0, 20.0, 20.0, 20.0, 20.0, 20.0, 20.0, 20.0, 20.0, 20.0, 20.0, 20.0, 20.0, 20.0, 20.0, 20.0, 20.0, 20.0, 20.0, 20.0, 20.0, 20.0, 20.0, 20.0, 20.0, 20.0, 20.0, 20.0, 20.0, 20.0, 20.0, 20.0, 20.0, 20.0, 20.0, 20.0, 20.0, 20.0, 20.0, 20.0, 20.0, 20.0, 20.0, 20.0, 20.0, 20.0, 20.0, 20.0, 20.0, 20.0, 20.0, 20.0, 20.0, 20.0, 20.0, 20.0, 20.0, 20.0, 20.0, 20.0, 20.0, 12.720088600191607, 12.369947818250955, 20.0, 20.0, 20.0, 20.0]",-0.05750172855363189,-0.008540034647083417,0.0352,-1.2163,0.2643,0.0357,-0.0214,-0.2113,-0.0069,-9.8004,15.3,,50.0,,,,0.2332,-0.1131,0.2592,154.12,14.94,1.22388,1.8564,270.36,13.733,1,85.31,83.452,1,3,10,0.7,9.721,0,1.7268,0,0
1790618503.59534,47.397962199999995,8.5463396,9.511000633239746,0.008681708946824074,-1.8540936708450317,0.0007330593653023243,269.99,-0.0003093518733132998,-1.7999508724806237,0.0,-90.00809055778882,12.686038041700282,19.999999999958785,0.004016280174255371,-0.0019094422111720633,-0.28569865447972864,1.85436753281599,14.0,0.0,0.0002836171881860564,"[20.0, 20.0, 20.0, 20.0, 20.0, 20.0, 20.0, 20.0, 20.0, 20.0, 20.0, 20.0, 20.0, 20.0, 20.0, 20.0, 20.0, 20.0, 20.0, 20.0, 20.0, 20.0, 20.0, 20.0, 20.0, 20.0, 20.0, 20.0, 20.0, 20.0, 20.0, 20.0, 20.0, 20.0, 20.0, 20.0, 20.0, 20.0, 20.0, 20.0, 20.0, 20.0, 20.0, 20.0, 20.0, 20.0, 20.0, 20.0, 20.0, 20.0, 20.0, 20.0, 20.0, 20.0, 20.0, 20.0, 20.0, 20.0, 20.0, 20.0, 20.0, 20.0, 20.0, 20.0, 20.0, 20.0, 13.265056881652717, 12.686038041700282, 13.504274667703372, 20.0, 20.0, 20.0]",-0.05750172855363189,-0.008540034647083417,0.0642,-1.2141,0.2178,0.0478,-0.0198,-0.2164,-0.0023,-9.8084,15.3,,50.0,,,,0.2264,-0.0828,0.241,159.92,14.94,1.22388,1.8541,270.27,13.366,1,85.51,83.82,1,3,10,0.7,9.708,0,1.7336,0,0
1790618503.7953079,47.397962199999995,8.5463346,9.51200008392334,0.008322212845087051,-1.8533931970596313,0.00037779047852382064,269.99,-0.00030806507109282385,-1.7999377289816796,0.0,-90.00757943658726,13.077208789735625,19.999999999970324,0.003544151782989502,-0.002420563412727006,-0.2672710789932749,1.853391005838016,14.0,0.0,3.7362302808248635e-05,"[20.0, 20.0, 20.0, 20.0, 20.0, 20.0, 20.0, 20.0, 20.0, 20.0, 20.0, 20.0, 20.0, 20.0, 20.0, 20.0, 20.0, 20.0, 20.0, 20.0, 20.0, 20.0, 20.0, 20.0, 20.0, 20.0, 20.0, 20.0, 20.0, 20.0, 20.0, 20.0, 20.0, 20.0, 20.0, 20.0, 20.0, 20.0, 20.0, 20.0, 20.0, 20.0, 20.0, 20.0, 20.0, 20.0, 20.0, 20.0, 20.0, 20.0, 20.0, 20.0, 20.0, 20.0, 20.0, 20.0, 20.0, 20.0, 20.0, 20.0, 20.0, 20.0, 20.0, 20.0, 20.0, 20.0, 14.21392346386704, 13.077208789735625, 13.630161424557484, 20.0, 20.0, 20.0]",-0.05750172855363189,-0.008540034647083417,0.0823,-1.2048,0.0427,0.0699,-0.0575,-0.2033,-0.0025,-9.7963,15.3,,50.0,,,,0.1117,0.0114,0.1122,185.82,14.94,1.22388,1.8534,270.26,12.94,1,85.71,84.248,1,3,10,0.7,9.726,0,1.7973,0,0
1790618503.9959462,47.397962199999995,8.5463297,9.515000343322754,0.010432595387101173,-1.8515032529830933,-7.592917972942814e-05,269.98,-0.0006180551818727242,-1.7998952488311493,0.0,-90.01593064554498,13.433769806582383,19.999999999978634,0.0070746541023254395,-0.00406935445499812,-0.34283894624610556,1.851497520776265,14.0,0.0,0.0001209284267093193,"[20.0, 20.0, 20.0, 20.0, 20.0, 20.0, 20.0, 20.0, 20.0, 20.0, 20.0, 20.0, 20.0, 20.0, 20.0, 20.0, 20.0, 20.0, 20.0, 20.0, 20.0, 20.0, 20.0, 20.0, 20.0, 20.0, 20.0, 20.0, 20.0, 20.0, 20.0, 20.0, 20.0, 20.0, 20.0, 20.0, 20.0, 20.0, 20.0, 20.0, 20.0, 20.0, 20.0, 20.0, 20.0, 20.0, 20.0, 20.0, 20.0, 20.0, 20.0, 20.0, 20.0, 20.0, 20.0, 20.0, 20.0, 20.0, 20.0, 20.0, 20.0, 20.0, 20.0, 20.0, 20.0, 20.0, 20.0, 13.433769806582383, 13.82630817574782, 20.0, 20.0, 20.0]",-0.05750172855363189,-0.008540034647083417,0.0752,-1.1946,-0.0707,0.0521,-0.062,-0.2155,-0.0078,-9.8027,15.3,,50.0,,,,0.0974,-0.0029,0.0974,178.31,14.94,1.22388,1.8515,270.32,12.572,1,85.91,84.617,1,3,10,0.7,9.774,0,1.8028,0,0
1790618504.1961608,47.397962199999995,8.5463249,9.519000053405762,0.01210345420986414,-1.8495714664459229,-7.966354314703494e-05,269.97,-0.000935551876571004,-1.7999292683266521,0.0,-90.02725885871922,13.807760374849803,19.999999999984617,0.011494815349578857,-0.0027411412807509805,-0.4049338469398597,1.8495601404167126,14.0,0.0,9.738324560394899e-05,"[20.0, 20.0, 20.0, 20.0, 20.0, 20.0, 20.0, 20.0, 20.0, 20.0, 20.0, 20.0, 20.0, 20.0, 20.0, 20.0, 20.0, 20.0, 20.0, 20.0, 20.0, 20.0, 20.0, 20.0, 20.0, 20.0, 20.0, 20.0, 20.0, 20.0, 20.0, 20.0, 20.0, 20.0, 20.0, 20.0, 20.0, 20.0, 20.0, 20.0, 20.0, 20.0, 20.0, 20.0, 20.0, 20.0, 20.0, 20.0, 20.0, 20.0, 20.0, 20.0, 20.0, 20.0, 20.0, 20.0, 20.0, 20.0, 20.0, 20.0, 20.0, 20.0, 20.0, 20.0, 20.0, 20.0, 20.0, 13.807760374849803, 14.058551344185767, 20.0, 20.0, 20.0]",-0.05750172855363189,-0.008540034647083417,0.0466,-1.1886,-0.2175,0.0443,-0.0268,-0.2152,-0.0079,-9.7979,15.3,,50.0,,,,0.0708,-0.0196,0.0735,164.54,14.94,1.22388,1.8496,270.37,12.204,1,86.11,84.986,1,3,10,0.7,9.739,0,1.8129,0,0
1790618504.3958452,47.397962199999995,8.54632,9.521000862121582,0.011078343726694584,-1.8474197387695312,0.000789933605119586,269.97,-0.0009510714686129821,-1.7999113418969193,0.0,-90.03343791820686,14.200983629611327,19.999999999988923,0.013386785984039307,0.0034379182068846603,-0.37357905675370473,1.8474070765501134,14.0,0.0,0.00045329674225585374,"[20.0, 20.0, 20.0, 20.0, 20.0, 20.0, 20.0, 20.0, 20.0, 20.0, 20.0, 20.0, 20.0, 20.0, 20.0, 20.0, 20.0, 20.0, 20.0, 20.0, 20.0, 20.0, 20.0, 20.0, 20.0, 20.0, 20.0, 20.0, 20.0, 20.0, 20.0, 20.0, 20.0, 20.0, 20.0, 20.0, 20.0, 20.0, 20.0, 20.0, 20.0, 20.0, 20.0, 20.0, 20.0, 20.0, 20.0, 20.0, 20.0, 20.0, 20.0, 20.0, 20.0, 20.0, 20.0, 20.0, 20.0, 20.0, 20.0, 20.0, 20.0, 20.0, 20.0, 20.0, 20.0, 20.0, 20.0, 14.200983629611327, 14.31035949322497, 20.0, 20.0, 20.0]",-0.05750172855363189,-0.008540034647083417,0.0289,-1.1858,-0.0008,0.0523,0.0059,-0.2107,-0.0077,-9.804,15.3,,50.0,,,,0.1532,-0.0568,0.1634,159.65,14.94,1.22388,1.8475,270.34,11.837,1,86.31,85.354,1,3,10,0.7,9.704,0,1.7658,0,0
1790618504.5970979,47.397962299999996,8.5463151,9.520000457763672,0.01030077412724495,-1.8453806638717651,0.001413020770996809,269.97,-0.0009612984173043486,-1.799806108109894,0.0,-90.0375296560577,14.581073052075881,19.999999999992024,0.014260292053222656,0.007529656057755574,-0.34981734998108155,1.8453675630073416,14.0,0.0,0.0002986897422179038,"[20.0, 20.0, 20.0, 20.0, 20.0, 20.0, 20.0, 20.0, 20.0, 20.0, 20.0, 20.0, 20.0, 20.0, 20.0, 20.0, 20.0, 20.0, 20.0, 20.0, 20.0, 20.0, 20.0, 20.0, 20.0, 20.0, 20.0, 20.0, 20.0, 20.0, 20.0, 20.0, 20.0, 20.0, 20.0, 20.0, 20.0, 20.0, 20.0, 20.0, 20.0, 20.0, 20.0, 20.0, 20.0, 20.0, 20.0, 20.0, 20.0, 20.0, 20.0, 20.0, 20.0, 20.0, 20.0, 20.0, 20.0, 20.0, 20.0, 20.0, 20.0, 20.0, 20.0, 20.0, 20.0, 20.0, 20.0, 14.61688888322247, 14.581073052075881, 20.0, 20.0, 20.0]",-0.05750172855363189,-0.008540034647083417,0.0325,-1.1862,0.0959,0.05,-0.0224,-0.2149,-0.0107,-9.8042,15.3,,50.0,,,,0.1395,-0.0692,0.1557,153.61,14.94,1.22388,1.8454,270.32,11.469,1,86.51,85.722,1,3,10,0.7,9.726,0,1.7675,0,0
1790618504.7975137,47.397962299999996,8.546310199999999,9.518000602722168,0.011548764072358608,-1.8431861400604248,0.0013048779219388962,269.96,-0.0012782976009551097,-1.7997762845918546,0.0,-90.0486815914162,14.87045844983924,19.99999999999426,0.01755213737487793,0.008681591416149104,-0.39899075341648305,1.8431672810881965,14.0,0.0,8.418260360621658e-05,"[20.0, 20.0, 20.0, 20.0, 20.0, 20.0, 20.0, 20.0, 20.0, 20.0, 20.0, 20.0, 20.0, 20.0, 20.0, 20.0, 20.0, 20.0, 20.0, 20.0, 20.0, 20.0, 20.0, 20.0, 20.0, 20.0, 20.0, 20.0, 20.0, 20.0, 20.0, 20.0, 20.0, 20.0, 20.0, 20.0, 20.0, 20.0, 20.0, 20.0, 20.0, 20.0, 20.0, 20.0, 20.0, 20.0, 20.0, 20.0, 20.0, 20.0, 20.0, 20.0, 20.0, 20.0, 20.0, 20.0, 20.0, 20.0, 20.0, 20.0, 20.0, 20.0, 20.0, 20.0, 20.0, 20.0, 20.0, 15.05684724368428, 14.87045844983924, 20.0, 20.0, 20.0]",-0.05750172855363189,-0.008540034647083417,0.0306,-1.1862,-0.1197,0.0592,-0.0822,-0.2135,-0.0086,-9.8154,15.3,,50.0,,,,0.1529,-0.1549,0.2176,134.64,14.94,1.22388,1.8432,270.36,11.103,1,86.71,86.09,1,3,10,0.7,9.742,0,1.7344,0,0
1790618504.9986415,47.397962299999996,8.5463053,9.518000602722168,0.011977257207036018,-1.8432402610778809,0.0006365729495882988,269.95,-0.0016005151257213466,-1.799692390291874,0.0,-90.06193341459834,15.17486341866804,19.999999999995865,0.02117335796356201,0.011933414598331638,-0.42229906721485194,1.8432154092232924,14.0,0.0,0.00023748185686997685,"[20.0, 20.0, 20.0, 20.0, 20.0, 20.0, 20.0, 20.0, 20.0, 20.0, 20.0, 20.0, 20.0, 20.0, 20.0, 20.0, 20.0, 20.0, 20.0, 20.0, 20.0, 20.0, 20.0, 20.0, 20.0, 20.0, 20.0, 20.0, 20.0, 20.0, 20.0, 20.0, 20.0, 20.0, 20.0, 20.0, 20.0, 20.0, 20.0, 20.0, 20.0, 20.0, 20.0, 20.0, 20.0, 20.0, 20.0, 20.0, 20.0, 20.0, 20.0, 20.0, 20.0, 20.0, 20.0, 20.0, 20.0, 20.0, 20.0, 20.0, 20.0, 20.0, 20.0, 20.0, 20.0, 20.0, 20.0, 15.533994794758435, 15.17486341866804, 20.0, 20.0, 20.0]",-0.05750172855363189,-0.008540034647083417,0.0115,-1.1817,-0.1292,0.1458,-0.0554,-0.21,-0.0105,-9.807,15.3,,50.0,,,,0.3353,-0.1904,0.3856,150.41,14.94,1.22388,1.8433,270.37,10.735,1,86.92,86.459,1,3,10,0.7,9.742,0,1.6505,0,0
1790618505.1997814,47.397962299999996,8.5463003,9.518000602722168,0.009690149687230587,-1.8440451622009277,0.00029051952878944576,269.94,-0.001901937881588751,-1.7998233270334685,0.0,-90.06683104076558,15.491316715167851,19.999999999997023,0.02164614200592041,0.006831040765547414,-0.3610769915261369,1.8440231315236493,14.0,0.0,0.00037244234661801083,"[20.0, 20.0, 20.0, 20.0, 20.0, 20.0, 20.0, 20.0, 20.0, 20.0, 20.0, 20.0, 20.0, 20.0, 20.0, 20.0, 20.0, 20.0, 20.0, 20.0, 20.0, 20.0, 20.0, 20.0, 20.0, 20.0, 20.0, 20.0, 20.0, 20.0, 20.0, 20.0, 20.0, 20.0, 20.0, 20.0, 20.0, 20.0, 20.0, 20.0, 20.0, 20.0, 20.0, 20.0, 20.0, 20.0, 20.0, 20.0, 20.0, 20.0, 20.0, 20.0, 20.0, 20.0, 20.0, 20.0, 20.0, 20.0, 20.0, 20.0, 20.0, 20.0, 20.0, 20.0, 20.0, 20.0, 20.0, 16.072162548931843, 15.491316715167851, 20.0, 20.0, 20.0]",-0.05750172855363189,-0.008540034647083417,0.0067,-1.1596,0.0295,0.1855,-0.0891,-0.2183,-0.0022,-9.8068,15.3,,50.0,,,,0.3456,-0.2057,0.4022,149.24,14.94,1.22388,1.8441,270.3,10.365,1,87.12,86.83,1,3,10,0.7,9.745,0,1.643,0,0
1790618505.4003878,47.397962299999996,8.5462954,9.519000053405762,0.00788677018135786,-1.8444467782974243,9.750929893925786e-05,269.94,-0.0019072551512789072,-1.7997683072297204,0.0,-90.06897012178399,15.819603106955284,19.999999999997858,0.02114802598953247,0.008970121784017238,-0.3049926431660856,1.8444279846067417,14.0,0.0,0.00015627925216149345,"[20.0, 20.0, 20.0, 20.0, 20.0, 20.0, 20.0, 20.0, 20.0, 20.0, 20.0, 20.0, 20.0, 20.0, 20.0, 20.0, 20.0, 20.0, 20.0, 20.0, 20.0, 20.0, 20.0, 20.0, 20.0, 20.0, 20.0, 20.0, 20.0, 20.0, 20.0, 20.0, 20.0, 20.0, 20.0, 20.0, 20.0, 20.0, 20.0, 20.0, 20.0, 20.0, 20.0, 20.0, 20.0, 20.0, 20.0, 20.0, 20.0, 20.0, 20.0, 20.0, 20.0, 20.0, 20.0, 20.0, 20.0, 20.0, 20.0, 20.0, 20.0, 20.0, 20.0, 20.0, 20.0, 20.0, 20.0, 16.761230416370203, 15.819603106955284, 20.0, 20.0, 20.0]",-0.05750172855363189,-0.008540034647083417,0.0191,-1.1334,0.0575,0.1551,-0.0052,-0.2201,-0.0033,-9.7993,15.3,,50.0,,,,0.342,-0.1864,0.3895,151.41,14.94,1.22388,1.8445,270.24,9.995,1,87.32,87.203,1,3,10,0.7,9.73,0,1.6497,0,0
1790618505.6019807,47.397962299999996,8.5462905,9.521000862121582,0.006439752411097288,-1.8429780006408691,0.00030952642555348575,269.94,-0.0019003807204987172,-1.799839438445668,0.0,-90.06620463665092,16.158819013752872,19.999999999998458,0.01920539140701294,0.006204636650892326,-0.26020267876135056,1.8429631703037923,14.0,0.0,0.00020190177374372376,"[20.0, 20.0, 20.0, 20.0, 20.0, 20.0, 20.0, 20.0, 20.0, 20.0, 20.0, 20.0, 20.0, 20.0, 20.0, 20.0, 20.0, 20.0, 20.0, 20.0, 20.0, 20.0, 20.0, 20.0, 20.0, 20.0, 20.0, 20.0, 20.0, 20.0, 20.0, 20.0, 20.0, 20.0, 20.0, 20.0, 20.0, 20.0, 20.0, 20.0, 20.0, 20.0, 20.0, 20.0, 20.0, 20.0, 20.0, 20.0, 20.0, 20.0, 20.0, 20.0, 20.0, 20.0, 20.0, 20.0, 20.0, 20.0, 20.0, 20.0, 20.0, 20.0, 20.0, 20.0, 20.0, 20.0, 20.0, 20.0, 16.158819013752872, 20.0, 20.0, 20.0]",-0.05750172855363189,-0.008540034647083417,0.0306,-1.1168,0.0502,0.0425,-0.0307,-0.2189,0.0003,-9.8038,15.3,,50.0,,,,0.3441,-0.2227,0.4099,147.09,14.94,1.22388,1.843,270.2,9.625,1,87.52,87.574,1,3,10,0.7,9.751,0,1.6381,0,0
1790618505.8029454,47.397962299999996,8.5462855,9.522000312805176,0.005313836969435215,-1.841964840888977,0.0005339285708032548,269.93,-0.0021773133088914187,-1.7997783356595312,0.0,-90.0614317151967,16.509628341030748,19.99999999999889,0.016846001148223877,-0.008568284803317283,-0.23529066135843058,1.841953480206007,14.0,0.0,0.0010783385727326867,"[20.0, 20.0, 20.0, 20.0, 20.0, 20.0, 20.0, 20.0, 20.0, 20.0, 20.0, 20.0, 20.0, 20.0, 20.0, 20.0, 20.0, 20.0, 20.0, 20.0, 20.0, 20.0, 20.0, 20.0, 20.0, 20.0, 20.0, 20.0, 20.0, 20.0, 20.0, 20.0, 20.0, 20.0, 20.0, 20.0, 20.0, 20.0, 20.0, 20.0, 20.0, 20.0, 20.0, 20.0, 20.0, 20.0, 20.0, 20.0, 20.0, 20.0, 20.0, 20.0, 20.0, 20.0, 20.0, 20.0, 20.0, 20.0, 20.0, 20.0, 20.0, 20.0, 20.0, 20.0, 20.0, 20.0, 20.0, 20.0, 16.509628341030748, 20.0, 20.0, 20.0]",-0.05750172855363189,-0.008540034647083417,0.0441,-1.1114,0.0454,0.0673,-0.046,-0.2154,-0.0032,-9.8097,15.3,,50.0,,,,0.1438,-0.1042,0.1776,144.07,14.94,1.22388,1.842,270.17,9.256,1,87.72,87.946,1,3,10,0.7,9.747,0,1.7532,0,0
1790618506.003131,47.397962299999996,8.5462806,9.523000717163086,0.005198087077587843,-1.8410601615905762,0.0003413528320379555,269.93,-0.0021747321440875253,-1.7997522442409415,0.0,-90.06041712334604,16.87269951492858,19.9999999999992,0.015646696090698242,-0.009582876653951189,-0.23176965093509938,1.8410494828007502,14.0,0.0,7.434916676311722e-05,"[20.0, 20.0, 20.0, 20.0, 20.0, 20.0, 20.0, 20.0, 20.0, 20.0, 20.0, 20.0, 20.0, 20.0, 20.0, 20.0, 20.0, 20.0, 20.0, 20.0, 20.0, 20.0, 20.0, 20.0, 20.0, 20.0, 20.0, 20.0, 20.0, 20.0, 20.0, 20.0, 20.0, 20.0, 20.0, 20.0, 20.0, 20.0, 20.0, 20.0, 20.0, 20.0, 20.0, 20.0, 20.0, 20.0, 20.0, 20.0, 20.0, 20.0, 20.0, 20.0, 20.0, 20.0, 20.0, 20.0, 20.0, 20.0, 20.0, 20.0, 20.0, 20.0, 20.0, 20.0, 20.0, 20.0, 20.0, 20.0, 16.87269951492858, 18.00222921543395, 20.0, 20.0]",-0.05750172855363189,-0.008540034647083417,0.0453,-1.1002,-0.0201,0.0324,-0.0342,-0.2035,-0.012,-9.8096,15.3,,50.0,,,,0.111,-0.2307,0.256,115.7,14.94,1.22388,1.8411,270.16,8.886,1,87.92,88.317,1,3,10,0.7,9.719,0,1.7131,0,0
1790618506.2036505,47.397962299999996,8.546275699999999,9.523000717163086,0.00424853665754199,-1.8382638692855835,0.00039418923552148044,269.93,-0.002167995682927517,-1.7996841433233612,0.0,-90.05776905196319,17.244993959304498,19.999999999999424,0.014120697975158691,-0.01223094803677327,-0.2024199372231166,1.8382554202698151,14.0,0.0,0.00019366022671028727,"[20.0, 20.0, 20.0, 20.0, 20.0, 20.0, 20.0, 20.0, 20.0, 20.0, 20.0, 20.0, 20.0, 20.0, 20.0, 20.0, 20.0, 20.0, 20.0, 20.0, 20.0, 20.0, 20.0, 20.0, 20.0, 20.0, 20.0, 20.0, 20.0, 20.0, 20.0, 20.0, 20.0, 20.0, 20.0, 20.0, 20.0, 20.0, 20.0, 20.0, 20.0, 20.0, 20.0, 20.0, 20.0, 20.0, 20.0, 20.0, 20.0, 20.0, 20.0, 20.0, 20.0, 20.0, 20.0, 20.0, 20.0, 20.0, 20.0, 20.0, 20.0, 20.0, 20.0, 20.0, 20.0, 20.0, 20.0, 20.0, 17.244993959304498, 18.00830570168945, 20.0, 20.0]",-0.05750172855363189,-0.008540034647083417,0.0445,-1.096,0.0652,-0.0568,0.0036,-0.2138,-0.0074,-9.8041,15.3,,50.0,,,,0.2517,-0.3008,0.3922,129.92,14.94,1.22388,1.8383,270.13,8.52,1,88.12,88.686,1,3,10,0.7,9.7,0,1.6422,0,0
1790618506.4042969,47.397962199999995,8.5462708,9.52400016784668,0.003533455776050687,-1.8341898918151855,0.0003485444758553058,269.94,-0.0018756264485647902,-1.7999045793716124,0.0,-90.05632734548112,17.628156815315,19.999999999999584,0.012985944747924805,-0.003672654518851459,-0.17037671373239455,1.8341829242153613,14.0,0.0,0.0006250915606051072,"[20.0, 20.0, 20.0, 20.0, 20.0, 20.0, 20.0, 20.0, 20.0, 20.0, 20.0, 20.0, 20.0, 20.0, 20.0, 20.0, 20.0, 20.0, 20.0, 20.0, 20.0, 20.0, 20.0, 20.0, 20.0, 20.0, 20.0, 20.0, 20.0, 20.0, 20.0, 20.0, 20.0, 20.0, 20.0, 20.0, 20.0, 20.0, 20.0, 20.0, 20.0, 20.0, 20.0, 20.0, 20.0, 20.0, 20.0, 20.0, 20.0, 20.0, 20.0, 20.0, 20.0, 20.0, 20.0, 20.0, 20.0, 20.0, 20.0, 20.0, 20.0, 20.0, 20.0, 20.0, 20.0, 20.0, 20.0, 20.0, 17.628156815315, 18.171087037187498, 20.0, 20.0]",-0.05750172855363189,-0.008540034647083417,0.0491,-1.1102,0.02,-0.1046,-0.0067,-0.217,-0.0126,-9.8092,15.3,,50.0,,,,0.3384,-0.4813,0.5884,125.11,14.94,1.22388,1.8342,270.11,8.157,1,88.32,89.052,1,3,10,0.7,9.679,0,1.54,0,0
1790618506.6044688,47.397962299999996,8.546266,9.523000717163086,0.004544626921415329,-1.8303111791610718,0.0007503838278353214,269.94,-0.0018990899629244878,-1.7998527930862072,0.0,-90.06568540818148,18.022624669335375,19.9999999999997,0.014267563819885254,0.005685408181477669,-0.20226400948175177,1.8303012309102846,14.0,0.0,0.0006860885283236356,"[20.0, 20.0, 20.0, 20.0, 20.0, 20.0, 20.0, 20.0, 20.0, 20.0, 20.0, 20.0, 20.0, 20.0, 20.0, 20.0, 20.0, 20.0, 20.0, 20.0, 20.0, 20.0, 20.0, 20.0, 20.0, 20.0, 20.0, 20.0, 20.0, 20.0, 20.0, 20.0, 20.0, 20.0, 20.0, 20.0, 20.0, 20.0, 20.0, 20.0, 20.0, 20.0, 20.0, 20.0, 20.0, 20.0, 20.0, 20.0, 20.0, 20.0, 20.0, 20.0, 20.0, 20.0, 20.0, 20.0, 20.0, 20.0, 20.0, 20.0, 20.0, 20.0, 20.0, 20.0, 20.0, 20.0, 20.0, 20.0, 18.022624669335375, 18.391789986348105, 20.0, 20.0]",-0.05750172855363189,-0.008540034647083417,0.0514,-1.136,-0.0818,-0.1054,0.0069,-0.2132,-0.003,-9.8028,15.3,,50.0,,,,0.4369,-0.4056,0.5961,137.13,14.94,1.22388,1.8303,270.14,7.795,1,88.52,89.416,1,3,10,0.7,9.699,0,1.5323,0,0
1790618506.8060963,47.397962299999996,8.546261099999999,9.520000457763672,0.004517761524766684,-1.828449010848999,0.0009566617081873119,269.95,-0.0016456542836367724,-1.7992258606662488,0.0,-90.08006657865519,18.43418734540188,19.999999999999787,0.016360938549041748,0.030066578655208787,-0.19156705488123613,1.8284365747866607,14.0,0.0,0.001778825709365339,"[20.0, 20.0, 20.0, 20.0, 20.0, 20.0, 20.0, 20.0, 20.0, 20.0, 20.0, 20.0, 20.0, 20.0, 20.0, 20.0, 20.0, 20.0, 20.0, 20.0, 20.0, 20.0, 20.0, 20.0, 20.0, 20.0, 20.0, 20.0, 20.0, 20.0, 20.0, 20.0, 20.0, 20.0, 20.0, 20.0, 20.0, 20.0, 20.0, 20.0, 20.0, 20.0, 20.0, 20.0, 20.0, 20.0, 20.0, 20.0, 20.0, 20.0, 20.0, 20.0, 20.0, 20.0, 20.0, 20.0, 20.0, 20.0, 20.0, 20.0, 20.0, 20.0, 20.0, 20.0, 20.0, 20.0, 20.0, 20.0, 18.43418734540188, 18.636904390001657, 20.0, 20.0]",-0.05750172855363189,-0.008540034647083417,0.0388,-1.1518,-0.0973,-0.0782,-0.017,-0.2075,-0.0134,-9.8074,15.3,,50.0,,,,0.4226,-0.3539,0.5512,140.06,14.94,1.22388,1.8285,270.14,7.433,1,88.72,89.781,1,3,10,0.7,9.69,0,1.5528,0,0
1790618507.00667,47.397962299999996,8.5462563,9.517000198364258,0.004211318679153919,-1.8270618915557861,0.0008257046574726701,269.94,-0.0019830160396122655,-1.7989837354037408,0.0,-90.09946241029371,18.859073033036722,19.999999999999847,0.019089221954345703,0.03946241029370867,-0.19206468828486573,1.8270465028083505,14.0,0.0,0.0006862534072885713,"[20.0, 20.0, 20.0, 20.0, 20.0, 20.0, 20.0, 20.0, 20.0, 20.0, 20.0, 20.0, 20.0, 20.0, 20.0, 20.0, 20.0, 20.0, 20.0, 20.0, 20.0, 20.0, 20.0, 20.0, 20.0, 20.0, 20.0, 20.0, 20.0, 20.0, 20.0, 20.0, 20.0, 20.0, 20.0, 20.0, 20.0, 20.0, 20.0, 20.0, 20.0, 20.0, 20.0, 20.0, 20.0, 20.0, 20.0, 20.0, 20.0, 20.0, 20.0, 20.0, 20.0, 20.0, 20.0, 20.0, 20.0, 20.0, 20.0, 20.0, 20.0, 20.0, 20.0, 20.0, 20.0, 20.0, 20.0, 20.0, 18.859073033036722, 18.90769865913504, 20.0, 20.0]",-0.05750172855363189,-0.008540034647083417,0.0389,-1.1536,-0.0541,0.0132,-0.0022,-0.209,-0.0078,-9.8039,15.3,,50.0,,,,0.3899,-0.3256,0.508,140.14,14.94,1.22388,1.8271,270.13,7.071,1,88.92,90.146,1,3,10,0.7,9.694,0,1.5731,0,0
1790618507.2075782,47.397962299999996,8.5462514,9.515000343322754,0.004209121223539114,-1.8261417150497437,0.0006209908169694245,269.93,-0.002328087791441447,-1.7986604590480901,0.0,-90.12200603650695,19.191343374713824,19.99999999999989,0.021954715251922607,0.05200603650695257,-0.20206228876108748,1.826121869872994,14.0,0.0,0.0009157322417129675,"[20.0, 20.0, 20.0, 20.0, 20.0, 20.0, 20.0, 20.0, 20.0, 20.0, 20.0, 20.0, 20.0, 20.0, 20.0, 20.0, 20.0, 20.0, 20.0, 20.0, 20.0, 20.0, 20.0, 20.0, 20.0, 20.0, 20.0, 20.0, 20.0, 20.0, 20.0, 20.0, 20.0, 20.0, 20.0, 20.0, 20.0, 20.0, 20.0, 20.0, 20.0, 20.0, 20.0, 20.0, 20.0, 20.0, 20.0, 20.0, 20.0, 20.0, 20.0, 20.0, 20.0, 20.0, 20.0, 20.0, 20.0, 20.0, 20.0, 20.0, 20.0, 20.0, 20.0, 20.0, 20.0, 20.0, 20.0, 20.0, 19.303638225493764, 19.191343374713824, 20.0, 20.0]",-0.05750172855363189,-0.008540034647083417,0.0383,-1.1498,-0.0628,0.0111,-0.0832,-0.2172,-0.0064,-9.8147,15.3,,50.0,,,,0.4333,-0.4104,0.5968,136.56,14.94,1.22388,1.8261,270.13,6.71,1,89.12,90.511,1,3,10,0.7,9.69,0,1.5278,0,0
1790618507.4073224,47.3979624,8.5462466,9.51200008392334,0.004447680898010731,-1.8255677223205566,0.0004152283363509923,269.92,-0.0026787719518381486,-1.7982772802969498,0.0,-90.14686974065603,19.485738378722225,19.999999999999922,0.02472865581512451,0.06686974065601703,-0.219591008736027,1.825541764903855,14.0,0.0,0.0010888087944323525,"[20.0, 20.0, 20.0, 20.0, 20.0, 20.0, 20.0, 20.0, 20.0, 20.0, 20.0, 20.0, 20.0, 20.0, 20.0, 20.0, 20.0, 20.0, 20.0, 20.0, 20.0, 20.0, 20.0, 20.0, 20.0, 20.0, 20.0, 20.0, 20.0, 20.0, 20.0, 20.0, 20.0, 20.0, 20.0, 20.0, 20.0, 20.0, 20.0, 20.0, 20.0, 20.0, 20.0, 20.0, 20.0, 20.0, 20.0, 20.0, 20.0, 20.0, 20.0, 20.0, 20.0, 20.0, 20.0, 20.0, 20.0, 20.0, 20.0, 20.0, 20.0, 20.0, 20.0, 20.0, 20.0, 20.0, 20.0, 20.0, 19.775559773758065, 19.485738378722225, 20.0, 20.0]",-0.05750172855363189,-0.008540034647083417,0.0307,-1.1437,-0.0053,0.0621,-0.1358,-0.2137,0.0066,-9.8102,15.3,,50.0,,,,0.3879,-0.4453,0.5906,131.06,14.94,1.22388,1.8256,270.14,6.348,1,89.32,90.876,1,3,10,0.7,9.717,0,1.5303,0,0
1790618507.6082504,47.397962299999996,8.5462417,9.510000228881836,0.002517517888918519,-1.8252629041671753,0.0005270577967166901,269.89,-0.0035676127622206203,-1.7988276677710406,0.0,-90.15543126546419,19.791262709988427,19.999999999999943,0.024426817893981934,0.045431265464173975,-0.18902590804138703,1.8252423264003956,14.0,0.0,0.001562488001741395,"[20.0, 20.0, 20.0, 20.0, 20.0, 20.0, 20.0, 20.0, 20.0, 20.0, 20.0, 20.0, 20.0, 20.0, 20.0, 20.0, 20.0, 20.0, 20.0, 20.0, 20.0, 20.0, 20.0, 20.0, 20.0, 20.0, 20.0, 20.0, 20.0, 20.0, 20.0, 20.0, 20.0, 20.0, 20.0, 20.0, 20.0, 20.0, 20.0, 20.0, 20.0, 20.0, 20.0, 20.0, 20.0, 20.0, 20.0, 20.0, 20.0, 20.0, 20.0, 20.0, 20.0, 20.0, 20.0, 20.0, 20.0, 20.0, 20.0, 20.0, 20.0, 20.0, 20.0, 20.0, 20.0, 20.0, 20.0, 20.0, 20.0, 19.791262709988427, 20.0, 20.0]",-0.05750172855363189,-0.008540034647083417,0.0268,-1.1325,0.0903,0.0474,-0.1687,-0.2076,-0.0152,-9.8106,15.3,,50.0,,,,0.4491,-0.3049,0.5428,145.82,14.94,1.22388,1.8253,270.08,5.987,1,89.52,91.242,1,3,10,0.7,9.724,0,1.5538,0,0
1790618507.8094168,47.397962299999996,8.5462369,9.509000778198242,-0.0014252163236960769,-1.8261983394622803,0.00025961254141293466,269.87,-0.004120732536476705,-1.7996110795233213,0.0,-90.14493885154866,20.0,19.999999999999957,0.021200358867645264,0.014938851548635057,-0.08528477827529489,1.8261932376407826,14.0,0.0,0.002224920570742792,"[20.0, 20.0, 20.0, 20.0, 20.0, 20.0, 20.0, 20.0, 20.0, 20.0, 20.0, 20.0, 20.0, 20.0, 20.0, 20.0, 20.0, 20.0, 20.0, 20.0, 20.0, 20.0, 20.0, 20.0, 20.0, 20.0, 20.0, 20.0, 20.0, 20.0, 20.0, 20.0, 20.0, 20.0, 20.0, 20.0, 20.0, 20.0, 20.0, 20.0, 20.0, 20.0, 20.0, 20.0, 20.0, 20.0, 20.0, 20.0, 20.0, 20.0, 20.0, 20.0, 20.0, 20.0, 20.0, 20.0, 20.0, 20.0, 20.0, 20.0, 20.0, 20.0, 20.0, 20.0, 20.0, 20.0, 20.0, 20.0, 20.0, 20.0, 20.0, 20.0]",-0.05750172855363189,-0.008540034647083417,0.0462,-1.12,0.1565,0.0598,-0.1953,-0.2018,-0.0049,-9.8005,15.3,,50.0,,,,0.4375,-0.2944,0.5273,146.06,14.94,1.22388,1.8262,269.96,5.626,1,89.73,91.609,1,3,10,0.7,9.713,0,1.5625,0,0
1790618508.010506,47.397962299999996,8.546232,9.510000228881836,-0.0027496041730046272,-1.824724555015564,0.00020903622498735785,269.85,-0.00468390005395983,-1.799710004212429,0.0,-90.13896070909675,20.0,19.999999999999968,0.018870890140533447,-0.011039290903227084,-0.06366335550579547,1.8247243571437608,14.0,0.0,0.0018963594431415792,"[20.0, 20.0, 20.0, 20.0, 20.0, 20.0, 20.0, 20.0, 20.0, 20.0, 20.0, 20.0, 20.0, 20.0, 20.0, 20.0, 20.0, 20.0, 20.0, 20.0, 20.0, 20.0, 20.0, 20.0, 20.0, 20.0, 20.0, 20.0, 20.0, 20.0, 20.0, 20.0, 20.0, 20.0, 20.0, 20.0, 20.0, 20.0, 20.0, 20.0, 20.0, 20.0, 20.0, 20.0, 20.0, 20.0, 20.0, 20.0, 20.0, 20.0, 20.0, 20.0, 20.0, 20.0, 20.0, 20.0, 20.0, 20.0, 20.0, 20.0, 20.0, 20.0, 20.0, 20.0, 20.0, 20.0, 20.0, 20.0, 20.0, 20.0, 20.0, 20.0]",-0.05750172855363189,-0.008540034647083417,0.0734,-1.1108,0.0703,-0.0519,-0.0648,-0.1994,-0.0083,-9.7989,15.3,,50.0,,,,0.4599,-0.2679,0.5322,149.78,14.94,1.22388,1.8247,269.91,5.267,1,89.93,91.974,1,3,10,0.7,9.722,0,1.5586,0,0
1790618508.2113867,47.397962299999996,8.546227199999999,9.511000633239746,-0.0019980971701443195,-1.8209607601165771,-0.00015995696594472975,269.84000000000003,-0.004987850497866113,-1.7996080782969244,0.0,-90.14502978287152,20.0,19.99999999999998,0.018239200115203857,-0.014970217128450258,-0.09713072161268642,1.8209579526193655,14.0,0.0,0.0002869765557669117,"[20.0, 20.0, 20.0, 20.0, 20.0, 20.0, 20.0, 20.0, 20.0, 20.0, 20.0, 20.0, 20.0, 20.0, 20.0, 20.0, 20.0, 20.0, 20.0, 20.0, 20.0, 20.0, 20.0, 20.0, 20.0, 20.0, 20.0, 20.0, 20.0, 20.0, 20.0, 20.0, 20.0, 20.0, 20.0, 20.0, 20.0, 20.0, 20.0, 20.0, 20.0, 20.0, 20.0, 20.0, 20.0, 20.0, 20.0, 20.0, 20.0, 20.0, 20.0, 20.0, 20.0, 20.0, 20.0, 20.0, 20.0, 20.0, 20.0, 20.0, 20.0, 20.0, 20.0, 20.0, 20.0, 20.0, 20.0, 20.0, 20.0, 20.0, 20.0, 20.0]",-0.05750172855363189,-0.008540034647083417,0.0729,-1.1258,-0.0283,-0.1488,0.0416,-0.1996,-0.0156,-9.8031,15.3,,50.0,,,,0.5123,-0.5559,0.756,132.67,14.94,1.22388,1.821,269.94,4.912,1,90.13,92.335,1,3,10,0.7,9.727,0,1.443,0,0
1790618508.4118178,47.397962299999996,8.5462224,9.51300048828125,-0.0015682402299717069,-1.818198323249817,-0.0005763455992564559,269.84000000000003,-0.005018480515278688,-1.7999128112316705,0.0,-90.156881503112,20.0,19.999999999999986,0.01820892095565796,-0.003118496887935862,-0.11058101032821524,1.8181932667441139,14.0,0.0,0.0008689289058323433,"[20.0, 20.0, 20.0, 20.0, 20.0, 20.0, 20.0, 20.0, 20.0, 20.0, 20.0, 20.0, 20.0, 20.0, 20.0, 20.0, 20.0, 20.0, 20.0, 20.0, 20.0, 20.0, 20.0, 20.0, 20.0, 20.0, 20.0, 20.0, 20.0, 20.0, 20.0, 20.0, 20.0, 20.0, 20.0, 20.0, 20.0, 20.0, 20.0, 20.0, 20.0, 20.0, 20.0, 20.0, 20.0, 20.0, 20.0, 20.0, 20.0, 20.0, 20.0, 20.0, 20.0, 20.0, 20.0, 20.0, 20.0, 20.0, 20.0, 20.0, 20.0, 20.0, 20.0, 20.0, 20.0, 20.0, 20.0, 20.0, 20.0, 20.0, 20.0, 20.0]",-0.05750172855363189,-0.008540034647083417,0.0636,-1.1501,-0.1135,-0.1044,0.0093,-0.2017,-0.0004,-9.8029,15.3,,50.0,,,,0.6263,-0.5679,0.8455,137.8,14.94,1.22388,1.8182,269.95,4.56,1,90.33,92.695,1,3,10,0.7,9.695,0,1.3955,0,0
1790618508.6115718,47.397962299999996,8.5462177,9.516000747680664,-0.0008464269922114909,-1.816118836402893,-0.0008545798482373357,269.85,-0.004797113078036816,-1.7991020518906855,0.0,-90.18465877224082,20.0,19.99999999999999,0.019703388214111328,0.03465877224081737,-0.12329652122084223,1.816108259175169,14.0,0.0,0.0027697981243205946,"[20.0, 20.0, 20.0, 20.0, 20.0, 20.0, 20.0, 20.0, 20.0, 20.0, 20.0, 20.0, 20.0, 20.0, 20.0, 20.0, 20.0, 20.0, 20.0, 20.0, 20.0, 20.0, 20.0, 20.0, 20.0, 20.0, 20.0, 20.0, 20.0, 20.0, 20.0, 20.0, 20.0, 20.0, 20.0, 20.0, 20.0, 20.0, 20.0, 20.0, 20.0, 20.0, 20.0, 20.0, 20.0, 20.0, 20.0, 20.0, 20.0, 20.0, 20.0, 20.0, 20.0, 20.0, 20.0, 20.0, 20.0, 20.0, 20.0, 20.0, 20.0, 20.0, 20.0, 20.0, 20.0, 20.0, 20.0, 20.0, 20.0, 20.0, 20.0, 20.0]",-0.05750172855363189,-0.008540034647083417,0.0497,-1.1676,-0.1043,-0.0281,0.015,-0.208,-0.0102,-9.7997,15.3,,50.0,,,,0.7203,-0.6602,0.9771,137.49,14.94,1.22388,1.8161,269.97,4.21,1,90.53,93.054,1,3,10,0.7,9.743,0,1.3276,0,0
1790618508.812961,47.397962299999996,8.5462129,9.518000602722168,-1.6845428035594523e-05,-1.8154361248016357,-0.0006559538887813687,269.85,-0.004895783706643664,-1.798061541907152,0.0,-90.22506565352364,20.0,19.999999999999993,0.02196449041366577,0.07506565352363737,-0.1494683525807557,1.8154161964191242,14.0,0.0,0.0029456746772383914,"[20.0, 20.0, 20.0, 20.0, 20.0, 20.0, 20.0, 20.0, 20.0, 20.0, 20.0, 20.0, 20.0, 20.0, 20.0, 20.0, 20.0, 20.0, 20.0, 20.0, 20.0, 20.0, 20.0, 20.0, 20.0, 20.0, 20.0, 20.0, 20.0, 20.0, 20.0, 20.0, 20.0, 20.0, 20.0, 20.0, 20.0, 20.0, 20.0, 20.0, 20.0, 20.0, 20.0, 20.0, 20.0, 20.0, 20.0, 20.0, 20.0, 20.0, 20.0, 20.0, 20.0, 20.0, 20.0, 20.0, 20.0, 20.0, 20.0, 20.0, 20.0, 20.0, 20.0, 20.0, 20.0, 20.0, 20.0, 20.0, 20.0, 20.0, 20.0, 20.0]",-0.05750172855363189,-0.008540034647083417,0.0404,-1.1728,-0.0503,0.0547,0.0085,-0.2094,-0.0073,-9.7982,15.3,,50.0,,,,0.718,-0.6278,0.9538,138.83,14.94,1.22388,1.8154,270.0,3.86,1,90.73,93.414,1,3,10,0.7,9.744,0,1.3385,0,0
1790618509.0133185,47.3979624,8.5462081,9.520000457763672,0.0035391191486269236,-1.8133128881454468,-0.0005018437514081597,269.84000000000003,-0.00541279622235522,-1.7959071207772395,0.0,-90.31858450056438,20.0,19.999999999999996,0.02828317880630493,0.15858450056438755,-0.27182644443640763,1.8132508461130317,14.0,0.0,0.006087780023191326,"[20.0, 20.0, 20.0, 20.0, 20.0, 20.0, 20.0, 20.0, 20.0, 20.0, 20.0, 20.0, 20.0, 20.0, 20.0, 20.0, 20.0, 20.0, 20.0, 20.0, 20.0, 20.0, 20.0, 20.0, 20.0, 20.0, 20.0, 20.0, 20.0, 20.0, 20.0, 20.0, 20.0, 20.0, 20.0, 20.0, 20.0, 20.0, 20.0, 20.0, 20.0, 20.0, 20.0, 20.0, 20.0, 20.0, 20.0, 20.0, 20.0, 20.0, 20.0, 20.0, 20.0, 20.0, 20.0, 20.0, 20.0, 20.0, 20.0, 20.0, 20.0, 20.0, 20.0, 20.0, 20.0, 20.0, 20.0, 20.0, 20.0, 20.0, 20.0, 20.0]",-0.05750172855363189,-0.008540034647083417,0.0231,-1.1682,-0.1711,-0.0064,-0.1254,-0.2027,-0.0093,-9.8017,15.3,,50.0,,,,0.7615,-0.6366,0.9926,140.11,14.94,1.22388,1.8133,270.11,3.512,1,90.93,93.773,1,3,10,0.7,9.747,0,1.317,0,0
1790618509.2143602,47.3979625,8.5462033,9.523000717163086,0.008361035957932472,-1.8109216690063477,-0.0005017419462092221,269.81,-0.0066579091120432385,-1.7926379963183128,0.0,-90.47496261160393,20.0,19.999999999999996,0.03810596466064453,0.2849626116039019,-0.4545330701187694,1.8107574472833607,14.0,0.0,0.009174787636697613,"[20.0, 20.0, 20.0, 20.0, 20.0, 20.0, 20.0, 20.0, 20.0, 20.0, 20.0, 20.0, 20.0, 20.0, 20.0, 20.0, 20.0, 20.0, 20.0, 20.0, 20.0, 20.0, 20.0, 20.0, 20.0, 20.0, 20.0, 20.0, 20.0, 20.0, 20.0, 20.0, 20.0, 20.0, 20.0, 20.0, 20.0, 20.0, 20.0, 20.0, 20.0, 20.0, 20.0, 20.0, 20.0, 20.0, 20.0, 20.0, 20.0, 20.0, 20.0, 20.0, 20.0, 20.0, 20.0, 20.0, 20.0, 20.0, 20.0, 20.0, 20.0, 20.0, 20.0, 20.0, 20.0, 20.0, 20.0, 20.0, 20.0, 20.0, 20.0, 20.0]",-0.05750172855363189,-0.008540034647083417,-0.0228,-1.1697,-0.3586,0.0168,-0.2534,-0.2051,-0.0075,-9.7924,15.3,,50.0,,,,0.6871,-0.5473,0.8784,141.46,14.94,1.22388,1.8109,270.26,3.166,1,91.13,94.132,1,3,10,0.7,9.698,0,1.3717,0,0
1790618509.4152582,47.3979626,8.5461981,9.52400016784668,0.01213883887976408,-1.81099271774292,2.3520373360952362e-05,269.75,-0.008635566166632365,-1.7881254135864277,0.0,-90.69876365290008,20.0,19.999999999999996,0.05020260810852051,0.4587636529000463,-0.6240400977342601,1.8106472474434054,14.0,0.0,0.012557632417349399,"[20.0, 20.0, 20.0, 20.0, 20.0, 20.0, 20.0, 20.0, 20.0, 20.0, 20.0, 20.0, 20.0, 20.0, 20.0, 20.0, 20.0, 20.0, 20.0, 20.0, 20.0, 20.0, 20.0, 20.0, 20.0, 20.0, 20.0, 20.0, 20.0, 20.0, 20.0, 20.0, 20.0, 20.0, 20.0, 20.0, 20.0, 20.0, 20.0, 20.0, 20.0, 20.0, 20.0, 20.0, 20.0, 20.0, 20.0, 20.0, 20.0, 20.0, 20.0, 20.0, 20.0, 20.0, 20.0, 20.0, 20.0, 20.0, 20.0, 20.0, 20.0, 20.0, 20.0, 20.0, 20.0, 20.0, 20.0, 20.0, 20.0, 20.0, 20.0, 20.0]",-0.05750172855363189,-0.008540034647083417,-0.0851,-1.1519,-0.3231,0.1636,-0.4347,-0.2098,-0.007,-9.8084,15.3,,50.0,,,,0.863,-0.5375,1.0167,148.08,14.94,1.22388,1.811,270.38,2.818,1,91.33,94.494,1,3,10,0.7,9.723,0,1.3027,0,0
1790618509.6162765,47.3979627,8.546193299999999,9.52500057220459,0.01452965009957552,-1.8108114004135132,9.982727351598442e-05,269.64,-0.01280330942759154,-1.78334077925678,0.0,-91.00174852886067,20.0,19.999999999999996,0.06378090381622314,0.6417485288606599,-0.8197219585056719,1.810173305998191,14.0,0.0,0.013194331934544619,"[20.0, 20.0, 20.0, 20.0, 20.0, 20.0, 20.0, 20.0, 20.0, 20.0, 20.0, 20.0, 20.0, 20.0, 20.0, 20.0, 20.0, 20.0, 20.0, 20.0, 20.0, 20.0, 20.0, 20.0, 20.0, 20.0, 20.0, 20.0, 20.0, 20.0, 20.0, 20.0, 20.0, 20.0, 20.0, 20.0, 20.0, 20.0, 20.0, 20.0, 20.0, 20.0, 20.0, 20.0, 20.0, 20.0, 20.0, 20.0, 20.0, 20.0, 20.0, 20.0, 20.0, 20.0, 20.0, 20.0, 20.0, 20.0, 20.0, 20.0, 20.0, 20.0, 20.0, 20.0, 20.0, 20.0, 20.0, 20.0, 20.0, 20.0, 20.0, 20.0]",-0.05750172855363189,-0.008540034647083417,-0.1418,-1.1082,-0.2778,0.2429,-0.6978,-0.203,-0.0124,-9.8065,15.3,,50.0,,,,0.8905,-0.5778,1.0615,147.02,14.94,1.22388,1.8109,270.46,2.474,1,91.53,94.858,1,3,10,0.7,9.73,0,1.2801,0,0
1790618509.816004,47.397962799999995,8.5461885,9.52500057220459,0.013486460782587528,-1.8082374334335327,3.826796091743745e-05,269.46,-0.018810385613637938,-1.7785165500306073,0.0,-91.36448305099259,20.0,19.999999999999996,0.07607048749923706,0.8244830509925691,-0.9673238357083914,1.8072470397791827,14.0,0.0,0.013124576705838447,"[20.0, 20.0, 20.0, 20.0, 20.0, 20.0, 20.0, 20.0, 20.0, 20.0, 20.0, 20.0, 20.0, 20.0, 20.0, 20.0, 20.0, 20.0, 20.0, 20.0, 20.0, 20.0, 20.0, 20.0, 20.0, 20.0, 20.0, 20.0, 20.0, 20.0, 20.0, 20.0, 20.0, 20.0, 20.0, 20.0, 20.0, 20.0, 20.0, 20.0, 20.0, 20.0, 20.0, 20.0, 20.0, 20.0, 20.0, 20.0, 20.0, 20.0, 20.0, 20.0, 20.0, 20.0, 20.0, 20.0, 20.0, 20.0, 20.0, 20.0, 20.0, 20.0, 20.0, 20.0, 20.0, 20.0, 20.0, 20.0, 20.0, 20.0, 20.0, 20.0]",-0.05750172855363189,-0.008540034647083417,-0.1919,-1.0677,-0.2806,0.1214,-1.0946,-0.211,-0.0049,-9.8089,15.3,,50.0,,,,0.9905,-0.4921,1.106,153.58,14.94,1.22388,1.8083,270.43,2.137,1,91.73,95.22,1,3,10,0.7,9.744,0,1.2553,0,0
1790618510.0172095,47.397962899999996,8.5461837,9.52400016784668,0.007626044563949108,-1.8051284551620483,0.00046076654689386487,269.21,-0.026236985103416304,-1.734192044764121,0.0,-91.74959490868434,20.0,19.999999999999996,0.08408015966415405,0.9595949086843234,-1.0320534490003697,1.8038621863703412,14.0,0.0,0.008032828474562095,"[20.0, 20.0, 20.0, 20.0, 20.0, 20.0, 20.0, 20.0, 20.0, 20.0, 20.0, 20.0, 20.0, 20.0, 20.0, 20.0, 20.0, 20.0, 20.0, 20.0, 20.0, 20.0, 20.0, 20.0, 20.0, 20.0, 20.0, 20.0, 20.0, 20.0, 20.0, 20.0, 20.0, 20.0, 20.0, 20.0, 20.0, 20.0, 20.0, 20.0, 20.0, 20.0, 20.0, 20.0, 20.0, 20.0, 20.0, 20.0, 20.0, 20.0, 20.0, 20.0, 20.0, 20.0, 20.0, 20.0, 20.0, 20.0, 20.0, 20.0, 20.0, 20.0, 20.0, 20.0, 20.0, 20.0, 20.0, 20.0, 20.0, 20.0, 20.0, 20.0]",-0.05750172855363189,-0.008540034647083417,-0.2203,-1.0391,-0.0017,0.0356,-1.4968,-0.2035,-0.0002,-9.7984,15.3,,50.0,,,,1.1371,-0.5519,1.264,154.11,14.94,1.22388,1.8051,270.24,1.812,1,91.93,95.582,1,3,10,0.7,9.736,0,1.1732,0,0
1790618510.2175112,47.397962899999996,8.5461789,9.52400016784668,-0.00020033099281135947,-1.7978838682174683,0.0003337838570587337,268.87,-0.03146619440516991,-1.4836192001393813,0.0,-92.1924847533383,20.0,19.999999999999996,0.08905303478240967,1.0624847533383104,-1.123615760979236,1.796353512348054,14.0,0.0,0.003559730109515914,"[20.0, 20.0, 20.0, 20.0, 20.0, 20.0, 20.0, 20.0, 20.0, 20.0, 20.0, 20.0, 20.0, 20.0, 20.0, 20.0, 20.0, 20.0, 20.0, 20.0, 20.0, 20.0, 20.0, 20.0, 20.0, 20.0, 20.0, 20.0, 20.0, 20.0, 20.0, 20.0, 20.0, 20.0, 20.0, 20.0, 20.0, 20.0, 20.0, 20.0, 20.0, 20.0, 20.0, 20.0, 20.0, 20.0, 20.0, 20.0, 20.0, 20.0, 20.0, 20.0, 20.0, 20.0, 20.0, 20.0, 20.0, 20.0, 20.0, 20.0, 20.0, 20.0, 20.0, 20.0, 20.0, 20.0, 20.0, 20.0, 20.0, 20.0, 20.0, 20.0]",-0.05750172855363189,-0.008540034647083417,-0.2278,-0.8093,-0.0588,1.1589,-1.8157,-0.2012,-0.0064,-9.804,15.3,,50.0,,,,1.2185,-0.6479,1.38,152.0,14.94,1.22388,1.7979,269.99,1.508,1,92.13,95.942,1,3,10,0.7,9.754,0,1.1079,0,0
1790618510.4177551,47.397962899999996,8.5461742,9.526000022888184,-0.007986870594322681,-1.769866943359375,-0.002445028629153967,268.47,-0.021627294878112283,-0.8097112201990628,0.0,-91.52999999999997,20.0,19.999999999999996,0.0,0.0,-1.2714433486206733,1.7679822028989087,14.0,0.0,0.06419160754996106,"[20.0, 20.0, 20.0, 20.0, 20.0, 20.0, 20.0, 20.0, 20.0, 20.0, 20.0, 20.0, 20.0, 20.0, 20.0, 20.0, 20.0, 20.0, 20.0, 20.0, 20.0, 20.0, 20.0, 20.0, 20.0, 20.0, 20.0, 20.0, 20.0, 20.0, 20.0, 20.0, 20.0, 20.0, 20.0, 20.0, 20.0, 20.0, 20.0, 20.0, 20.0, 20.0, 20.0, 20.0, 20.0, 20.0, 20.0, 20.0, 20.0, 20.0, 20.0, 20.0, 20.0, 20.0, 20.0, 20.0, 20.0, 20.0, 20.0, 20.0, 20.0, 20.0, 20.0, 20.0, 20.0, 20.0, 20.0, 20.0, 20.0, 20.0, 20.0, 20.0]",0.794394850730896,-0.9086105227470398,-0.2466,0.5821,-0.1207,6.8044,-2.1354,-0.2018,-0.0058,-9.7854,15.3,,50.0,,,,1.2459,-0.7312,1.4447,149.59,14.94,1.22388,1.7699,269.74,0.0,1,92.33,96.299,1,3,10,0.7,9.716,0,1.0476,0,0
1790618510.6187983,47.397962899999996,8.546169599999999,9.529000282287598,-0.015964534133672714,-1.6621720790863037,-0.019999321550130844,268.08,-0.027138280743868114,-0.8095452511862861,0.0,-91.92000000000002,20.0,19.999999999999996,0.0,0.0,-1.369712629542196,-1.6622340920827587,14.0,0.0,0.0,"[20.0, 20.0, 20.0, 20.0, 20.0, 20.0, 20.0, 20.0, 20.0, 20.0, 20.0, 20.0, 20.0, 20.0, 20.0, 20.0, 20.0, 20.0, 20.0, 20.0, 20.0, 20.0, 20.0, 20.0, 20.0, 20.0, 20.0, 20.0, 20.0, 20.0, 20.0, 20.0, 20.0, 20.0, 20.0, 20.0, 20.0, 20.0, 20.0, 20.0, 20.0, 20.0, 20.0, 20.0, 20.0, 20.0, 20.0, 20.0, 20.0, 20.0, 20.0, 20.0, 20.0, 20.0, 20.0, 20.0, 20.0, 20.0, 20.0, 20.0, 20.0, 20.0, 20.0, 20.0, 20.0, 20.0, 20.0, 20.0, 20.0, 20.0, 20.0, 20.0]",0.4513339698314667,-0.9104650020599365,-0.2305,4.5924,0.3433,18.2534,-1.557,-0.1728,-0.0139,-9.8043,15.3,,50.0,,,,1.2309,-0.7109,1.4214,149.99,14.94,1.22388,1.6622,269.45,0.0,1,92.54,96.642,1,3,10,0.7,9.684,0,0.9515,0,0
1790618510.8193693,47.397962899999996,8.5461657,9.530000686645508,-0.01926044002175331,-1.4397335052490234,-0.005704626906663179,267.95,-0.028975009223533268,-0.8094815926508127,0.0,-92.05000000000001,20.0,19.999999999999996,0.0,0.0,-1.283555310027587,-1.439862322273036,14.0,0.0,0.0,"[20.0, 20.0, 20.0, 20.0, 20.0, 20.0, 20.0, 20.0, 20.0, 20.0, 20.0, 20.0, 20.0, 20.0, 20.0, 20.0, 20.0, 20.0, 20.0, 20.0, 20.0, 20.0, 20.0, 20.0, 20.0, 20.0, 20.0, 20.0, 20.0, 20.0, 20.0, 20.0, 20.0, 20.0, 20.0, 20.0, 20.0, 20.0, 20.0, 20.0, 20.0, 20.0, 20.0, 20.0, 20.0, 20.0, 20.0, 20.0, 20.0, 20.0, 20.0, 20.0, 20.0, 20.0, 20.0, 20.0, 20.0, 20.0, 20.0, 20.0, 20.0, 20.0, 20.0, 20.0, 20.0, 20.0, 20.0, 20.0, 20.0, 20.0, 20.0, 20.0]",0.1482243537902832,-0.9145522713661194,-0.2061,5.6738,0.0891,-2.0039,-0.3909,-0.1607,-0.0002,-9.8023,15.3,,50.0,,,,1.2325,-0.7909,1.4644,147.31,14.94,1.22388,1.4399,269.23,0.0,1,92.74,96.945,1,3,10,0.7,9.691,0,0.7077,0,0
1790618511.0197067,47.397962799999995,8.5461624,9.527000427246094,-0.02288788929581642,-1.217491626739502,0.004039661027491093,268.02,-0.027986019513322694,-0.8095163881675281,0.0,-91.98000000000002,20.0,19.999999999999996,0.0,0.0,-0.9030110684556765,-1.2177055613766141,14.0,0.0,0.0,"[20.0, 20.0, 20.0, 20.0, 20.0, 20.0, 20.0, 20.0, 20.0, 20.0, 20.0, 20.0, 20.0, 20.0, 20.0, 20.0, 20.0, 20.0, 20.0, 20.0, 20.0, 20.0, 20.0, 20.0, 20.0, 20.0, 20.0, 20.0, 20.0, 20.0, 20.0, 20.0, 20.0, 20.0, 20.0, 20.0, 20.0, 20.0, 20.0, 20.0, 20.0, 20.0, 20.0, 20.0, 20.0, 20.0, 20.0, 20.0, 20.0, 20.0, 20.0, 20.0, 20.0, 20.0, 20.0, 20.0, 20.0, 20.0, 20.0, 20.0, 20.0, 20.0, 20.0, 20.0, 20.0, 20.0, 20.0, 20.0, 20.0, 20.0, 20.0, 20.0]",-0.1016760841012001,-0.9195987582206726,-0.1889,4.481,0.1219,-7.6997,0.0554,-0.1335,-0.0073,-9.8295,15.3,,50.0,,,,1.2898,-0.7882,1.5116,148.57,14.94,1.22388,1.2177,268.92,0.0,1,92.94,97.195,1,3,10,0.7,9.715,0,0.4619,0,0
1790618511.2204616,47.397962799999995,8.5461597,9.523000717163086,-0.02928786538541317,-1.0472618341445923,0.006254582665860653,268.14,-0.026290512213961247,-0.8095732264394171,0.0,-91.86000000000001,20.0,19.999999999999996,0.0,0.0,-0.25807605675908324,-1.0475776699958943,14.0,0.0,0.0,"[20.0, 20.0, 20.0, 20.0, 20.0, 20.0, 20.0, 20.0, 20.0, 20.0, 20.0, 20.0, 20.0, 20.0, 20.0, 20.0, 20.0, 20.0, 20.0, 20.0, 20.0, 20.0, 20.0, 20.0, 20.0, 20.0, 20.0, 20.0, 20.0, 20.0, 20.0, 20.0, 20.0, 20.0, 20.0, 20.0, 20.0, 20.0, 20.0, 20.0, 20.0, 20.0, 20.0, 20.0, 20.0, 20.0, 20.0, 20.0, 20.0, 20.0, 20.0, 20.0, 20.0, 20.0, 20.0, 20.0, 20.0, 20.0, 20.0, 20.0, 20.0, 20.0, 20.0, 20.0, 20.0, 20.0, 20.0, 20.0, 20.0, 20.0, 20.0, 20.0]",-0.31069812178611755,-0.928242027759552,-0.1182,2.9569,0.5208,-7.303,-0.0093,-0.1139,-0.0006,-9.84,15.3,,50.0,,,,1.1834,-0.7214,1.3859,148.63,14.94,1.22388,1.0477,268.4,0.0,1,93.14,97.405,1,3,10,0.7,9.683,0,0.3547,0,0
1790618511.421765,47.3979627,8.5461572,9.519000053405762,-0.035130515694618225,-0.9331410527229309,0.005096239037811756,268.23,-0.02501880565194054,-0.8096135246917202,0.0,-91.76999999999998,20.0,19.999999999999996,0.0,0.0,0.38603003165056105,-0.9335277246181183,14.0,0.0,0.0,"[20.0, 20.0, 20.0, 20.0, 20.0, 20.0, 20.0, 20.0, 20.0, 20.0, 20.0, 20.0, 20.0, 20.0, 20.0, 20.0, 20.0, 20.0, 20.0, 20.0, 20.0, 20.0, 20.0, 20.0, 20.0, 20.0, 20.0, 20.0, 20.0, 20.0, 20.0, 20.0, 20.0, 20.0, 20.0, 20.0, 20.0, 20.0, 20.0, 20.0, 20.0, 20.0, 20.0, 20.0, 20.0, 20.0, 20.0, 20.0, 20.0, 20.0, 20.0, 20.0, 20.0, 20.0, 20.0, 20.0, 20.0, 20.0, 20.0, 20.0, 20.0, 20.0, 20.0, 20.0, 20.0, 20.0, 20.0, 20.0, 20.0, 20.0, 20.0, 20.0]",-0.4955645799636841,-0.9396947622299194,-0.0076,1.7352,0.6165,-5.3007,-0.0606,-0.1112,-0.0049,-9.8259,15.3,,50.0,,,,1.2322,-0.635,1.3862,152.74,14.94,1.22388,0.9338,267.84,0.0,1,93.34,97.59,1,3,10,0.7,9.673,0,0.2407,0,0
1790618511.6227226,47.3979625,8.546154999999999,9.515000343322754,-0.037857066839933395,-0.861461341381073,0.003602247452363372,268.29,-0.024170966788331194,-0.8096392803986955,0.0,-91.70999999999998,20.0,19.999999999999996,0.0,0.0,0.8062539421183494,-0.8618846576441673,14.0,0.0,0.0,"[20.0, 20.0, 20.0, 20.0, 20.0, 20.0, 20.0, 20.0, 20.0, 20.0, 20.0, 20.0, 20.0, 20.0, 20.0, 20.0, 20.0, 20.0, 20.0, 20.0, 20.0, 20.0, 20.0, 20.0, 20.0, 20.0, 20.0, 20.0, 20.0, 20.0, 20.0, 20.0, 20.0, 20.0, 20.0, 20.0, 20.0, 20.0, 20.0, 20.0, 20.0, 20.0, 20.0, 20.0, 20.0, 20.0, 20.0, 20.0, 20.0, 20.0, 20.0, 20.0, 20.0, 20.0, 20.0, 20.0, 20.0, 20.0, 20.0, 20.0, 20.0, 20.0, 20.0, 20.0, 20.0, 20.0, 20.0, 20.0, 20.0, 20.0, 20.0, 20.0]",-0.6663201451301575,-0.9524712562561035,0.0923,0.9005,0.4062,-3.4053,-0.1608,-0.0928,-0.0065,-9.8189,15.3,,50.0,,,,1.2324,-0.4908,1.3265,158.29,14.94,1.22388,0.8623,267.48,0.0,1,93.54,97.761,1,3,10,0.7,9.708,0,0.199,0,0
1790618511.8234959,47.3979625,8.5461528,9.51300048828125,-0.035684164613485336,-0.816620409488678,0.0025316618848592043,268.3,-0.024029657708939757,-0.8096434866967012,0.0,-91.69999999999999,20.0,19.999999999999996,0.0,0.0,0.8020831743839623,-0.8173293998212162,14.0,0.0,0.0,"[20.0, 20.0, 20.0, 20.0, 20.0, 20.0, 20.0, 20.0, 20.0, 20.0, 20.0, 20.0, 20.0, 20.0, 20.0, 20.0, 20.0, 20.0, 20.0, 20.0, 20.0, 20.0, 20.0, 20.0, 20.0, 20.0, 20.0, 20.0, 20.0, 20.0, 20.0, 20.0, 20.0, 20.0, 20.0, 20.0, 20.0, 20.0, 20.0, 20.0, 20.0, 20.0, 20.0, 20.0, 20.0, 20.0, 20.0, 20.0, 20.0, 20.0, 20.0, 20.0, 20.0, 20.0, 20.0, 20.0, 20.0, 20.0, 20.0, 20.0, 20.0, 20.0, 20.0, 20.0, 20.0, 20.0, 20.0, 20.0, 20.0, 20.0, 20.0, 20.0]",-0.827642023563385,-0.9616416096687317,0.1337,0.358,-0.021,-2.0524,-0.0962,-0.0955,-0.0097,-9.8059,15.3,,50.0,,,,1.328,-0.4316,1.3964,161.99,14.94,1.22388,0.8174,267.5,0.0,1,93.74,97.923,1,3,10,0.7,9.692,0,0.1192,0,0
1790618512.0236607,47.3979624,8.5461508,9.51200008392334,-0.03172307461500168,-0.7891413569450378,0.0019294263329356909,268.3,-0.024029657708939757,-0.8096434866967012,0.0,-91.69999999999999,20.0,19.999999999999996,0.0,0.0,0.602021231284306,-0.7897775522809551,14.0,0.0,0.0,"[20.0, 20.0, 20.0, 20.0, 20.0, 20.0, 20.0, 20.0, 20.0, 20.0, 20.0, 20.0, 20.0, 20.0, 20.0, 20.0, 20.0, 20.0, 20.0, 20.0, 20.0, 20.0, 20.0, 20.0, 20.0, 20.0, 20.0, 20.0, 20.0, 20.0, 20.0, 20.0, 20.0, 20.0, 20.0, 20.0, 20.0, 20.0, 20.0, 20.0, 20.0, 20.0, 20.0, 20.0, 20.0, 20.0, 20.0, 20.0, 20.0, 20.0, 20.0, 20.0, 20.0, 20.0, 20.0, 20.0, 20.0, 20.0, 20.0, 20.0, 20.0, 20.0, 20.0, 20.0, 20.0, 20.0, 20.0, 20.0, 20.0, 20.0, 20.0, 20.0]",-0.9828954935073853,-0.9681507349014282,0.1223,0.0126,-0.1558,-1.3258,-0.064,-0.0959,-0.0084,-9.8251,15.3,,50.0,,,,1.3247,-0.5051,1.4178,159.13,14.94,1.22388,0.7898,267.7,0.0,1,93.94,98.078,1,3,10,0.7,9.683,0,0.0809,0,0
1790618512.224243,47.3979624,8.5461487,9.509000778198242,-0.028834309428930283,-0.7749466896057129,0.0015992049593478441,268.31,-0.02388834789756273,-0.8096476683315559,0.0,-91.69,20.0,19.999999999999996,0.0,0.0,0.4408852391237593,-0.775482914334683,14.0,0.0,0.0,"[20.0, 20.0, 20.0, 20.0, 20.0, 20.0, 20.0, 20.0, 20.0, 20.0, 20.0, 20.0, 20.0, 20.0, 20.0, 20.0, 20.0, 20.0, 20.0, 20.0, 20.0, 20.0, 20.0, 20.0, 20.0, 20.0, 20.0, 20.0, 20.0, 20.0, 20.0, 20.0, 20.0, 20.0, 20.0, 20.0, 20.0, 20.0, 20.0, 20.0, 20.0, 20.0, 20.0, 20.0, 20.0, 20.0, 20.0, 20.0, 20.0, 20.0, 20.0, 20.0, 20.0, 20.0, 20.0, 20.0, 20.0, 20.0, 20.0, 20.0, 20.0, 20.0, 20.0, 20.0, 20.0, 20.0, 20.0, 20.0, 20.0, 20.0, 20.0, 20.0]",-1.1380988359451294,-0.9739649891853333,0.092,-0.203,-0.081,-0.6605,-0.0054,-0.0908,-0.0056,-9.8059,15.3,,50.0,,,,1.1768,-0.5072,1.2814,156.68,14.94,1.22388,0.7755,267.87,0.0,1,94.14,98.233,1,3,10,0.7,9.673,0,0.1348,0,0
1790618512.4244668,47.397962299999996,8.5461466,9.506000518798828,-0.025504285469651222,-0.7700416445732117,0.0017331034177914262,268.32,-0.023747037358505012,-0.8096518253031323,0.0,-91.68,20.0,19.999999999999996,0.0,0.0,0.21698043616184995,-0.7703609556771362,14.0,0.0,0.0,"[20.0, 20.0, 20.0, 20.0, 20.0, 20.0, 20.0, 20.0, 20.0, 20.0, 20.0, 20.0, 20.0, 20.0, 20.0, 20.0, 20.0, 20.0, 20.0, 20.0, 20.0, 20.0, 20.0, 20.0, 20.0, 20.0, 20.0, 20.0, 20.0, 20.0, 20.0, 20.0, 20.0, 20.0, 20.0, 20.0, 20.0, 20.0, 20.0, 20.0, 20.0, 20.0, 20.0, 20.0, 20.0, 20.0, 20.0, 20.0, 20.0, 20.0, 20.0, 20.0, 20.0, 20.0, 20.0, 20.0, 20.0, 20.0, 20.0, 20.0, 20.0, 20.0, 20.0, 20.0, 20.0, 20.0, 20.0, 20.0, 20.0, 20.0, 20.0, 20.0]",-1.2968543767929077,-0.9766263365745544,0.0678,-0.3106,-0.2117,-0.2731,0.0053,-0.09,-0.0135,-9.806,15.3,,50.0,,,,1.1982,-0.2561,1.2253,167.94,14.94,1.22388,0.7705,268.1,0.0,1,94.34,98.392,1,3,10,0.7,9.703,0,0.1578,0,0
1790618512.6249084,47.397962299999996,8.5461445,9.503000259399414,-0.022058308124542236,-0.7659490704536438,0.022519489750266075,268.32,-0.023747037358505012,-0.8096518253031323,0.0,-91.68,20.0,19.999999999999996,0.0,0.0,-0.030414165863996055,-0.7659609341917861,14.0,0.0,0.0,"[20.0, 20.0, 20.0, 20.0, 20.0, 20.0, 20.0, 20.0, 20.0, 20.0, 20.0, 20.0, 20.0, 20.0, 20.0, 20.0, 20.0, 20.0, 20.0, 20.0, 20.0, 20.0, 20.0, 20.0, 20.0, 20.0, 20.0, 20.0, 20.0, 20.0, 20.0, 20.0, 20.0, 20.0, 20.0, 20.0, 20.0, 20.0, 20.0, 20.0, 20.0, 20.0, 20.0, 20.0, 20.0, 20.0, 20.0, 20.0, 20.0, 20.0, 20.0, 20.0, 20.0, 20.0, 20.0, 20.0, 20.0, 20.0, 20.0, 20.0, 20.0, 20.0, 20.0, 20.0, 20.0, 20.0, 20.0, 20.0, 20.0, 20.0, 20.0, 20.0]",-1.457789659500122,-0.9767137169837952,0.053,0.4435,-0.0706,10.6168,-0.0279,-0.0739,-0.0093,-9.1442,15.3,,50.0,,,,1.2095,-0.2505,1.2352,168.3,14.94,1.22388,0.7663,268.35,0.0,1,94.54,98.553,1,3,10,0.7,9.704,0,0.1487,0,0
1790618512.8260074,47.397962299999996,8.546142399999999,9.475000381469727,-0.01887185499072075,-0.7206383347511292,0.23205208778381348,268.32,-0.023747037358505012,-0.8096518253031323,0.0,-91.68,20.0,19.999999999999996,0.0,0.0,-0.17989861248042727,-0.7207224465155466,14.0,0.0,0.0,"[20.0, 20.0, 20.0, 20.0, 20.0, 20.0, 20.0, 20.0, 20.0, 20.0, 20.0, 20.0, 20.0, 20.0, 20.0, 20.0, 20.0, 20.0, 20.0, 20.0, 20.0, 20.0, 20.0, 20.0, 20.0, 20.0, 20.0, 20.0, 20.0, 20.0, 20.0, 20.0, 20.0, 20.0, 20.0, 20.0, 20.0, 20.0, 20.0, 20.0, 20.0, 20.0, 20.0, 20.0, 20.0, 20.0, 20.0, 20.0, 20.0, 20.0, 20.0, 20.0, 20.0, 20.0, 20.0, 20.0, 20.0, 20.0, 20.0, 20.0, 20.0, 20.0, 20.0, 20.0, 20.0, 20.0, 20.0, 20.0, 20.0, 20.0, 20.0, 20.0]",-1.6170573234558105,-0.9774971604347229,0.0125,2.2861,-0.2215,7.4223,0.003,-0.0629,-0.0016,-8.2036,15.3,,50.0,,,,1.3023,-0.2512,1.3263,169.08,14.94,1.22389,0.7209,268.5,0.0,1,94.74,98.712,1,3,10,0.7,9.676,0,0.0577,0,0
1790618513.0270023,47.397962299999996,8.5461405,9.380000114440918,-0.016679221764206886,-0.6353712677955627,0.6119075417518616,268.34000000000003,-0.02346441411456544,-0.8096600652559445,0.0,-91.65999999999997,20.0,19.999999999999996,0.0,0.0,-0.15626567637263883,-0.6354446781295431,14.0,0.0,0.0,"[20.0, 20.0, 20.0, 20.0, 20.0, 20.0, 20.0, 20.0, 20.0, 20.0, 20.0, 20.0, 20.0, 20.0, 20.0, 20.0, 20.0, 20.0, 20.0, 20.0, 20.0, 20.0, 20.0, 20.0, 20.0, 20.0, 20.0, 20.0, 20.0, 20.0, 20.0, 20.0, 20.0, 20.0, 20.0, 20.0, 20.0, 20.0, 20.0, 20.0, 20.0, 20.0, 20.0, 20.0, 20.0, 20.0, 20.0, 20.0, 20.0, 20.0, 20.0, 20.0, 20.0, 20.0, 20.0, 20.0, 20.0, 20.0, 20.0, 20.0, 20.0, 20.0, 20.0, 20.0, 20.0, 20.0, 20.0, 20.0, 20.0, 20.0, 20.0, 20.0]",-1.7607331275939941,-0.9781938791275024,-0.0306,3.66,-0.1537,5.9534,0.0018,-0.0569,-0.004,-7.5141,15.3,,50.0,,,,1.2381,-0.1829,1.2516,171.6,14.94,1.2239,0.6356,268.5,0.0,1,94.94,98.856,1,3,10,0.7,9.597,0,0.0098,0,0
1790618513.2278795,47.397962299999996,8.546138899999999,9.1850004196167,-0.01520655769854784,-0.5225241780281067,1.0784778594970703,268.37,-0.023040473898666657,-0.8096722402074341,0.0,-91.63,20.0,19.999999999999996,0.0,0.0,0.03695775821668672,-0.5226334398368461,14.0,0.0,0.0,"[20.0, 20.0, 20.0, 20.0, 20.0, 20.0, 20.0, 20.0, 20.0, 20.0, 20.0, 20.0, 20.0, 20.0, 20.0, 20.0, 20.0, 20.0, 20.0, 20.0, 20.0, 20.0, 20.0, 20.0, 20.0, 20.0, 20.0, 20.0, 20.0, 20.0, 20.0, 20.0, 20.0, 20.0, 20.0, 20.0, 20.0, 20.0, 20.0, 20.0, 20.0, 20.0, 20.0, 20.0, 20.0, 20.0, 20.0, 20.0, 20.0, 20.0, 20.0, 20.0, 20.0, 20.0, 20.0, 20.0, 20.0, 20.0, 20.0, 20.0, 20.0, 20.0, 20.0, 20.0, 20.0, 20.0, 20.0, 20.0, 20.0, 20.0, 20.0, 20.0]",-1.8814507722854614,-0.9792075157165527,-0.0594,4.8087,-0.0483,4.7564,-0.0144,-0.0306,-0.016,-8.2614,15.3,,50.0,,,,1.1749,-0.1596,1.1857,172.26,14.94,1.22392,0.5227,268.33,0.0,1,95.14,98.977,1,3,10,0.7,9.427,0,0.0,0,0
1790618513.4278092,47.397962299999996,8.5461377,8.916000366210938,-0.013776821084320545,-0.36537453532218933,1.3096935749053955,268.41,-0.022475210471614705,-0.8096881281791507,0.0,-91.58999999999997,20.0,19.999999999999996,0.0,0.0,0.5693730799151681,-0.36557214209212396,14.0,0.0,0.0,"[20.0, 20.0, 20.0, 20.0, 20.0, 20.0, 20.0, 20.0, 20.0, 20.0, 20.0, 20.0, 20.0, 20.0, 20.0, 20.0, 20.0, 20.0, 20.0, 20.0, 20.0, 20.0, 20.0, 20.0, 20.0, 20.0, 20.0, 20.0, 20.0, 20.0, 20.0, 20.0, 20.0, 20.0, 20.0, 20.0, 20.0, 20.0, 20.0, 20.0, 20.0, 20.0, 20.0, 20.0, 20.0, 20.0, 20.0, 20.0, 20.0, 20.0, 20.0, 20.0, 20.0, 20.0, 20.0, 20.0, 20.0, 20.0, 20.0, 20.0, 20.0, 20.0, 20.0, 20.0, 20.0, 20.0, 20.0, 20.0, 20.0, 20.0, 20.0, 20.0]",-1.9750428199768066,-0.9810109734535217,-0.055,5.3766,0.1131,1.4021,-0.1306,-0.0178,-0.0,-9.4675,15.3,,50.0,,,,1.1947,-0.247,1.22,168.32,14.94,1.22395,0.3656,267.84,0.0,1,95.34,99.07,1,3,10,0.7,9.142,0,0.0,0,0
1790618513.6280231,47.397962299999996,8.546137,8.628000259399414,-0.011485070921480656,-0.17877386510372162,1.3340398073196411,268.45,-0.02190993609041892,-0.8097036215187097,0.0,-91.55000000000001,20.0,19.999999999999996,0.0,0.0,1.2689245605812907,-0.179025562818534,14.0,0.0,0.0,"[20.0, 20.0, 20.0, 20.0, 20.0, 20.0, 20.0, 20.0, 20.0, 20.0, 20.0, 20.0, 20.0, 20.0, 20.0, 20.0, 20.0, 20.0, 20.0, 20.0, 20.0, 20.0, 20.0, 20.0, 20.0, 20.0, 20.0, 20.0, 20.0, 20.0, 20.0, 20.0, 20.0, 20.0, 20.0, 20.0, 20.0, 20.0, 20.0, 20.0, 20.0, 20.0, 20.0, 20.0, 20.0, 20.0, 20.0, 20.0, 20.0, 20.0, 20.0, 20.0, 20.0, 20.0, 20.0, 20.0, 20.0, 20.0, 20.0, 20.0, 20.0, 20.0, 20.0, 20.0, 20.0, 20.0, 20.0, 20.0, 20.0, 20.0, 20.0, 20.0]",-2.030270576477051,-0.9825597405433655,-0.0306,5.4335,-0.0794,-0.5299,-0.1154,-0.0053,-0.0026,-10.2663,15.3,,50.0,,,,1.2696,-0.2074,1.2864,170.72,14.94,1.22399,0.1791,266.32,0.0,1,95.54,99.126,1,3,10,0.7,8.912,0,0.0,0,0
1790618513.8287177,47.397962299999996,8.5461369,8.362000465393066,-0.009449087083339691,0.017390891909599304,1.21288001537323,268.47,-0.021627294878112283,-0.8097112201990628,0.0,-91.52999999999997,20.0,19.999999999999996,0.0,0.0,1.8919943300248883,0.016719401694528777,14.0,0.0,0.0,"[20.0, 20.0, 20.0, 20.0, 20.0, 20.0, 20.0, 20.0, 20.0, 20.0, 20.0, 20.0, 20.0, 20.0, 20.0, 20.0, 20.0, 20.0, 20.0, 20.0, 20.0, 20.0, 20.0, 20.0, 20.0, 20.0, 20.0, 20.0, 20.0, 20.0, 20.0, 20.0, 20.0, 20.0, 20.0, 20.0, 20.0, 20.0, 20.0, 20.0, 20.0, 20.0, 20.0, 20.0, 20.0, 20.0, 20.0, 20.0, 20.0, 20.0, 20.0, 20.0, 20.0, 20.0, 20.0, 20.0, 20.0, 20.0, 20.0, 20.0, 20.0, 20.0, 20.0, 20.0, 20.0, 20.0, 20.0, 20.0, 20.0, 20.0, 20.0, 20.0]",-2.04097843170166,-0.9832780957221985,-0.0633,4.4941,0.0464,-12.1719,-0.2869,0.0107,-0.004,-10.8284,15.3,,50.0,,,,1.2404,-0.1462,1.249,173.28,14.95,1.22402,0.0198,118.52,0.0,1,95.75,99.136,1,3,10,0.7,8.643,0,0.0,0,0
1790618514.0289018,47.397962299999996,8.5461373,8.144000053405762,-0.00876620039343834,0.1487187296152115,1.0168561935424805,268.47,-0.021627294878112283,-0.8097112201990628,0.0,-91.52999999999997,20.0,19.999999999999996,0.0,0.0,2.430540444402717,-0.14861438529328388,14.0,0.0,0.0,"[20.0, 20.0, 20.0, 20.0, 20.0, 20.0, 20.0, 20.0, 20.0, 20.0, 20.0, 20.0, 20.0, 20.0, 20.0, 20.0, 20.0, 20.0, 20.0, 20.0, 20.0, 20.0, 20.0, 20.0, 20.0, 20.0, 20.0, 20.0, 20.0, 20.0, 20.0, 20.0, 20.0, 20.0, 20.0, 20.0, 20.0, 20.0, 20.0, 20.0, 20.0, 20.0, 20.0, 20.0, 20.0, 20.0, 20.0, 20.0, 20.0, 20.0, 20.0, 20.0, 20.0, 20.0, 20.0, 20.0, 20.0, 20.0, 20.0, 20.0, 20.0, 20.0, 20.0, 20.0, 20.0, 20.0, 20.0, 20.0, 20.0, 20.0, 20.0, 20.0]",-2.0141260623931885,-0.9829854965209961,-0.0067,1.3847,0.3671,-13.0379,-0.4323,0.0169,-0.0015,-10.1469,15.3,,50.0,,,,1.2617,-0.0675,1.2635,176.94,14.95,1.22404,0.149,93.37,0.0,1,95.95,99.163,1,3,10,0.7,8.434,0,0.0,0,0
1790618514.230602,47.397962299999996,8.5461378,7.949000358581543,-0.008818124420940876,0.17273357510566711,1.0153311491012573,268.44,-0.022051255697602263,-0.8096997851810009,0.0,-91.56,20.0,19.999999999999996,0.0,0.0,2.579872185213658,-0.17280075369511605,14.0,0.0,0.0,"[20.0, 20.0, 20.0, 20.0, 20.0, 20.0, 20.0, 20.0, 20.0, 20.0, 20.0, 20.0, 20.0, 20.0, 20.0, 20.0, 20.0, 20.0, 20.0, 20.0, 20.0, 20.0, 20.0, 20.0, 20.0, 20.0, 20.0, 20.0, 20.0, 20.0, 20.0, 20.0, 20.0, 20.0, 20.0, 20.0, 20.0, 20.0, 20.0, 20.0, 20.0, 20.0, 20.0, 20.0, 20.0, 20.0, 20.0, 20.0, 20.0, 20.0, 20.0, 20.0, 20.0, 20.0, 20.0, 20.0, 20.0, 20.0, 20.0, 20.0, 20.0, 20.0, 20.0, 20.0, 20.0, 20.0, 20.0, 20.0, 20.0, 20.0, 20.0, 20.0]",-1.9744466543197632,-0.9833145141601562,0.0381,-0.1628,0.0609,-3.7313,-0.4554,0.0282,0.0003,-9.5372,15.3,,50.0,,,,1.2439,-0.0633,1.2455,177.09,14.95,1.22407,0.173,92.92,0.0,1,96.15,99.203,1,3,10,0.7,8.231,0,0.0,0,0
1790618514.4307191,47.397962299999996,8.5461382,7.74500036239624,-0.005817561410367489,0.14905819296836853,1.0562101602554321,268.37,-0.023040473898666657,-0.8096722402074341,0.0,-91.63,20.0,19.999999999999996,0.0,0.0,1.919677764491511,-0.14821555850214288,14.0,0.0,0.0,"[20.0, 20.0, 20.0, 20.0, 20.0, 20.0, 20.0, 20.0, 20.0, 20.0, 20.0, 20.0, 20.0, 20.0, 20.0, 20.0, 20.0, 20.0, 20.0, 20.0, 20.0, 20.0, 20.0, 20.0, 20.0, 20.0, 20.0, 20.0, 20.0, 20.0, 20.0, 20.0, 20.0, 20.0, 20.0, 20.0, 20.0, 20.0, 20.0, 20.0, 20.0, 20.0, 20.0, 20.0, 20.0, 20.0, 20.0, 20.0, 20.0, 20.0, 20.0, 20.0, 20.0, 20.0, 20.0, 20.0, 20.0, 20.0, 20.0, 20.0, 20.0, 20.0, 20.0, 20.0, 20.0, 20.0, 20.0, 20.0, 20.0, 20.0, 20.0, 20.0]",-1.937110424041748,-0.9805363416671753,0.033,-0.6207,-0.2026,-1.1036,-0.4103,0.0212,-0.0087,-9.7389,15.3,,50.0,,,,1.2107,-0.137,1.2184,173.55,14.95,1.22409,0.1492,92.24,0.0,1,96.35,99.24,1,3,10,0.7,8.004,0,0.0,0,0
1790618514.6317697,47.397962299999996,8.5461385,7.535000324249268,-0.0029125134460628033,0.11317136883735657,1.058476448059082,268.29,-0.024170966788331194,-0.8096392803986955,0.0,-91.70999999999998,20.0,19.999999999999996,0.0,0.0,1.2008065751232446,-0.10750185960274154,14.0,0.0,0.0,"[20.0, 20.0, 20.0, 20.0, 20.0, 20.0, 20.0, 20.0, 20.0, 20.0, 20.0, 20.0, 20.0, 20.0, 20.0, 20.0, 20.0, 20.0, 20.0, 20.0, 20.0, 20.0, 20.0, 20.0, 20.0, 20.0, 20.0, 20.0, 20.0, 20.0, 20.0, 20.0, 20.0, 20.0, 20.0, 20.0, 20.0, 20.0, 20.0, 20.0, 20.0, 20.0, 20.0, 20.0, 20.0, 20.0, 20.0, 20.0, 20.0, 20.0, 20.0, 20.0, 20.0, 20.0, 20.0, 20.0, 20.0, 20.0, 20.0, 20.0, 20.0, 20.0, 20.0, 20.0, 20.0, 20.0, 20.0, 20.0, 20.0, 20.0, 20.0, 20.0]",-1.9185744524002075,-0.9749414324760437,-0.0247,-0.7072,-0.4281,0.2649,-0.2101,0.0183,-0.0067,-9.8447,15.3,,50.0,,,,1.1868,-0.2839,1.2203,166.55,14.95,1.22411,0.1132,91.47,0.0,1,96.55,99.26,1,3,10,0.7,7.867,0,0.0,0,0
1790618514.8328624,47.3979624,8.546138599999999,7.327000141143799,-0.0029684288892894983,0.07896585762500763,1.0461431741714478,268.25,-0.024736195699956356,-0.8096222085777375,0.0,-91.75,20.0,19.999999999999996,0.0,0.0,1.0271162498616029,-0.06977066531428815,14.0,0.0,0.0,"[20.0, 20.0, 20.0, 20.0, 20.0, 20.0, 20.0, 20.0, 20.0, 20.0, 20.0, 20.0, 20.0, 20.0, 20.0, 20.0, 20.0, 20.0, 20.0, 20.0, 20.0, 20.0, 20.0, 20.0, 20.0, 20.0, 20.0, 20.0, 20.0, 20.0, 20.0, 20.0, 20.0, 20.0, 20.0, 20.0, 20.0, 20.0, 20.0, 20.0, 20.0, 20.0, 20.0, 20.0, 20.0, 20.0, 20.0, 20.0, 20.0, 20.0, 20.0, 20.0, 20.0, 20.0, 20.0, 20.0, 20.0, 20.0, 20.0, 20.0, 20.0, 20.0, 20.0, 20.0, 20.0, 20.0, 20.0, 20.0, 20.0, 20.0, 20.0, 20.0]",-1.9082061052322388,-0.9699181914329529,-0.1018,-0.6052,-0.2878,0.7154,-0.0706,0.0072,-0.0031,-9.8929,15.3,,50.0,,,,1.1499,-0.1863,1.1649,170.8,14.95,1.22414,0.079,92.15,0.0,1,96.75,99.271,1,3,10,0.7,7.668,0,0.0,0,0
1790618515.0340686,47.3979624,8.5461387,7.123000144958496,-0.006153393071144819,0.04983267933130264,1.026479721069336,268.25,-0.024736195699956356,-0.8096222085777375,0.0,-91.75,20.0,19.999999999999996,0.0,0.0,1.4649894759061521,-0.023534945284255822,14.0,0.0,0.0,"[20.0, 20.0, 20.0, 20.0, 20.0, 20.0, 20.0, 20.0, 20.0, 20.0, 20.0, 20.0, 20.0, 20.0, 20.0, 20.0, 20.0, 20.0, 20.0, 20.0, 20.0, 20.0, 20.0, 20.0, 20.0, 20.0, 20.0, 20.0, 20.0, 20.0, 20.0, 20.0, 20.0, 20.0, 20.0, 20.0, 20.0, 20.0, 20.0, 20.0, 20.0, 20.0, 20.0, 20.0, 20.0, 20.0, 20.0, 20.0, 20.0, 20.0, 20.0, 20.0, 20.0, 20.0, 20.0, 20.0, 20.0, 20.0, 20.0, 20.0, 20.0, 20.0, 20.0, 20.0, 20.0, 20.0, 20.0, 20.0, 20.0, 20.0, 20.0, 20.0]",-1.9053248167037964,-0.9658018350601196,-0.1597,-0.4405,-0.2466,0.9414,0.0526,0.0202,-0.0074,-9.9074,15.3,,50.0,,,,1.2012,-0.4777,1.2927,158.31,14.95,1.22416,0.0502,97.04,0.0,1,96.95,99.276,1,3,10,0.7,7.459,0,0.0,0,0
1790618515.2343876,47.3979624,8.5461387,6.926000118255615,-0.01343727670609951,0.0277327261865139,1.0047895908355713,268.27,-0.024453582733941756,-0.8096307938137447,0.0,-91.73000000000002,20.0,19.999999999999996,0.0,0.0,2.723010156965043,0.025592207068051657,14.0,0.0,0.0,"[20.0, 20.0, 20.0, 20.0, 20.0, 20.0, 20.0, 20.0, 20.0, 20.0, 20.0, 20.0, 20.0, 20.0, 20.0, 20.0, 20.0, 20.0, 20.0, 20.0, 20.0, 20.0, 20.0, 20.0, 20.0, 20.0, 20.0, 20.0, 20.0, 20.0, 20.0, 20.0, 20.0, 20.0, 20.0, 20.0, 20.0, 20.0, 20.0, 20.0, 20.0, 20.0, 20.0, 20.0, 20.0, 20.0, 20.0, 20.0, 20.0, 20.0, 20.0, 20.0, 20.0, 20.0, 20.0, 20.0, 20.0, 20.0, 20.0, 20.0, 20.0, 20.0, 20.0, 20.0, 20.0, 20.0, 20.0, 20.0, 20.0, 20.0, 20.0, 20.0]",-1.9072099924087524,-0.966066837310791,-0.1746,-0.247,0.1346,1.0637,0.1313,0.0133,-0.004,-9.9138,15.3,,50.0,,,,1.2179,-0.4536,1.2996,159.57,14.95,1.22419,0.0308,115.85,0.0,1,97.15,99.278,1,3,10,0.7,7.248,0,0.0,0,0
1790618515.4344304,47.3979624,8.546138599999999,6.7330002784729,-0.021637143567204475,0.013191073201596737,0.9826996922492981,268.3,-0.024029657708939757,-0.8096434866967012,0.0,-91.69999999999999,20.0,19.999999999999996,0.0,0.0,4.197782557163,-0.006903225058581635,14.0,0.0,0.0,"[20.0, 20.0, 20.0, 20.0, 20.0, 20.0, 20.0, 20.0, 20.0, 20.0, 20.0, 20.0, 20.0, 20.0, 20.0, 20.0, 20.0, 20.0, 20.0, 20.0, 20.0, 20.0, 20.0, 20.0, 20.0, 20.0, 20.0, 20.0, 20.0, 20.0, 20.0, 20.0, 20.0, 20.0, 20.0, 20.0, 20.0, 20.0, 20.0, 20.0, 20.0, 20.0, 20.0, 20.0, 20.0, 20.0, 20.0, 20.0, 20.0, 20.0, 20.0, 20.0, 20.0, 20.0, 20.0, 20.0, 20.0, 20.0, 20.0, 20.0, 20.0, 20.0, 20.0, 20.0, 20.0, 20.0, 20.0, 20.0, 20.0, 20.0, 20.0, 20.0]",-1.9118638038635254,-0.9710883498191833,-0.114,-0.0677,0.4311,0.8602,0.2479,0.0185,0.0038,-9.9173,15.3,,50.0,,,,1.2121,-0.5132,1.3163,157.05,14.96,1.22421,0.0253,148.63,0.0,1,97.35,99.285,1,3,10,0.7,7.002,0,0.0,0,0
1790618515.6344457,47.397962299999996,8.5461385,6.543000221252441,-0.024780793115496635,0.006236020941287279,0.9605579376220703,268.33,-0.023605726096071533,-0.8096559576113037,0.0,-91.67000000000002,20.0,19.999999999999996,0.0,0.0,4.754538073204059,-0.013538040580693545,14.0,0.0,0.0,"[20.0, 20.0, 20.0, 20.0, 20.0, 20.0, 20.0, 20.0, 20.0, 20.0, 20.0, 20.0, 20.0, 20.0, 20.0, 20.0, 20.0, 20.0, 20.0, 20.0, 20.0, 20.0, 20.0, 20.0, 20.0, 20.0, 20.0, 20.0, 20.0, 20.0, 20.0, 20.0, 20.0, 20.0, 20.0, 20.0, 20.0, 20.0, 20.0, 20.0, 20.0, 20.0, 20.0, 20.0, 20.0, 20.0, 20.0, 20.0, 20.0, 20.0, 20.0, 20.0, 20.0, 20.0, 20.0, 20.0, 20.0, 20.0, 20.0, 20.0, 20.0, 20.0, 20.0, 20.0, 20.0, 20.0, 20.0, 20.0, 20.0, 20.0, 20.0, 20.0]",-1.9164094924926758,-0.9758147597312927,-0.0206,0.0762,0.4665,0.6422,0.0274,0.0135,-0.0081,-9.9223,15.3,,50.0,,,,1.1714,-0.5308,1.286,155.62,14.96,1.22423,0.0256,165.87,0.0,1,97.55,99.291,1,3,10,0.7,6.815,0,0.0,0,0
1790618515.8347285,47.397962299999996,8.5461385,6.333000183105469,-0.02352212741971016,0.0054986062459647655,0.9355523586273193,268.36,-0.02318178801155854,-0.8096682065541336,0.0,-91.63999999999999,20.0,19.999999999999996,0.0,0.0,4.511264592752301,-0.01723524420224753,14.0,0.0,0.0,"[20.0, 20.0, 20.0, 20.0, 20.0, 20.0, 20.0, 20.0, 20.0, 20.0, 20.0, 20.0, 20.0, 20.0, 20.0, 20.0, 20.0, 20.0, 20.0, 20.0, 20.0, 20.0, 20.0, 20.0, 20.0, 20.0, 20.0, 20.0, 20.0, 20.0, 20.0, 20.0, 20.0, 20.0, 20.0, 20.0, 20.0, 20.0, 20.0, 20.0, 20.0, 20.0, 20.0, 20.0, 20.0, 20.0, 20.0, 20.0, 20.0, 20.0, 20.0, 20.0, 20.0, 20.0, 20.0, 20.0, 20.0, 20.0, 20.0, 20.0, 20.0, 20.0, 20.0, 20.0, 20.0, 20.0, 20.0, 20.0, 20.0, 20.0, 20.0, 20.0]",-1.9186618328094482,-0.9795158505439758,0.0373,0.161,0.1785,0.2323,0.0349,0.0145,-0.0104,-9.943,15.3,,50.0,,,,1.271,-0.5308,1.3774,157.33,14.96,1.22426,0.0242,166.84,0.0,1,97.75,99.296,1,3,10,0.7,6.627,0,0.0,0,0
1790618516.0348496,47.397962299999996,8.5461385,6.151000499725342,-0.020204147323966026,0.008362227119505405,0.9077526926994324,268.38,-0.02289915908392145,-0.8096762491967079,0.0,-91.62,20.0,19.999999999999996,0.0,0.0,3.896298418220912,-0.02128754258946256,14.0,0.0,0.0,"[20.0, 20.0, 20.0, 20.0, 20.0, 20.0, 20.0, 20.0, 20.0, 20.0, 20.0, 20.0, 20.0, 20.0, 20.0, 20.0, 20.0, 20.0, 20.0, 20.0, 20.0, 20.0, 20.0, 20.0, 20.0, 20.0, 20.0, 20.0, 20.0, 20.0, 20.0, 20.0, 20.0, 20.0, 20.0, 20.0, 20.0, 20.0, 20.0, 20.0, 20.0, 20.0, 20.0, 20.0, 20.0, 20.0, 20.0, 20.0, 20.0, 20.0, 20.0, 20.0, 20.0, 20.0, 20.0, 20.0, 20.0, 20.0, 20.0, 20.0, 20.0, 20.0, 20.0, 20.0, 20.0, 20.0, 20.0, 20.0, 20.0, 20.0, 20.0, 20.0]",-1.918424129486084,-0.9809718132019043,0.0535,0.1723,-0.0538,-0.0761,-0.0847,0.0161,-0.0042,-9.9519,15.3,,50.0,,,,1.3366,-0.3582,1.3838,165.0,14.96,1.22428,0.0219,157.52,0.0,1,97.95,99.297,1,3,10,0.7,6.462,0,0.0,0,0
1790618516.2354524,47.397962299999996,8.5461385,5.974000453948975,-0.015664130449295044,0.011312250047922134,0.8801358938217163,268.38,-0.02289915908392145,-0.8096762491967079,0.0,-91.62,20.0,19.999999999999996,0.0,0.0,3.0486305138714074,-0.0024094759212383915,14.0,0.0,0.0,"[20.0, 20.0, 20.0, 20.0, 20.0, 20.0, 20.0, 20.0, 20.0, 20.0, 20.0, 20.0, 20.0, 20.0, 20.0, 20.0, 20.0, 20.0, 20.0, 20.0, 20.0, 20.0, 20.0, 20.0, 20.0, 20.0, 20.0, 20.0, 20.0, 20.0, 20.0, 20.0, 20.0, 20.0, 20.0, 20.0, 20.0, 20.0, 20.0, 20.0, 20.0, 20.0, 20.0, 20.0, 20.0, 20.0, 20.0, 20.0, 20.0, 20.0, 20.0, 20.0, 20.0, 20.0, 20.0, 20.0, 20.0, 20.0, 20.0, 20.0, 20.0, 20.0, 20.0, 20.0, 20.0, 20.0, 20.0, 20.0, 20.0, 20.0, 20.0, 20.0]",-1.915946125984192,-0.9796167016029358,0.0335,0.1463,-0.1886,-0.127,-0.1005,0.0153,-0.0036,-9.9572,15.3,,50.0,,,,1.3814,-0.4497,1.4527,161.97,14.96,1.2243,0.0193,144.16,0.0,1,98.15,99.3,1,3,10,0.7,6.264,0,0.0,0,0
1790618516.435914,47.397962299999996,8.546138599999999,5.802000045776367,-0.011393397115170956,0.015913590788841248,0.8513838648796082,268.37,-0.023040473898666657,-0.8096722402074341,0.0,-91.63,20.0,19.999999999999996,0.0,0.0,2.2603768512577833,-0.008223216964130057,14.0,0.0,0.0,"[20.0, 20.0, 20.0, 20.0, 20.0, 20.0, 20.0, 20.0, 20.0, 20.0, 20.0, 20.0, 20.0, 20.0, 20.0, 20.0, 20.0, 20.0, 20.0, 20.0, 20.0, 20.0, 20.0, 20.0, 20.0, 20.0, 20.0, 20.0, 20.0, 20.0, 20.0, 20.0, 20.0, 20.0, 20.0, 20.0, 20.0, 20.0, 20.0, 20.0, 20.0, 20.0, 20.0, 20.0, 20.0, 20.0, 20.0, 20.0, 20.0, 20.0, 20.0, 20.0, 20.0, 20.0, 20.0, 20.0, 20.0, 20.0, 20.0, 20.0, 20.0, 20.0, 20.0, 20.0, 20.0, 20.0, 20.0, 20.0, 20.0, 20.0, 20.0, 20.0]",-1.909621000289917,-0.976030170917511,-0.0213,0.0848,-0.3691,-0.4667,-0.1488,0.0164,0.0009,-9.9582,15.3,,50.0,,,,1.4575,-0.5391,1.5541,159.7,14.96,1.22432,0.0196,125.6,0.0,1,98.35,99.307,1,3,10,0.7,6.057,0,0.0,0,0
1790618516.6367745,47.3979624,8.5461387,5.634000301361084,-0.010161074809730053,0.01861516945064068,0.8221145272254944,268.36,-0.02318178801155854,-0.8096682065541336,0.0,-91.63999999999999,20.0,19.999999999999996,0.0,0.0,2.0407130746285502,-0.012520228737622287,14.0,0.0,0.0,"[20.0, 20.0, 20.0, 20.0, 20.0, 20.0, 20.0, 20.0, 20.0, 20.0, 20.0, 20.0, 20.0, 20.0, 20.0, 20.0, 20.0, 20.0, 20.0, 20.0, 20.0, 20.0, 20.0, 20.0, 20.0, 20.0, 20.0, 20.0, 20.0, 20.0, 20.0, 20.0, 20.0, 20.0, 20.0, 20.0, 20.0, 20.0, 20.0, 20.0, 20.0, 20.0, 20.0, 20.0, 20.0, 20.0, 20.0, 20.0, 20.0, 20.0, 20.0, 20.0, 20.0, 20.0, 20.0, 20.0, 20.0, 20.0, 20.0, 20.0, 20.0, 20.0, 20.0, 20.0, 20.0, 20.0, 20.0, 20.0, 20.0, 20.0, 20.0, 20.0]",-1.9012842178344727,-0.9721090197563171,-0.078,-0.0176,-0.2615,-0.6087,-0.1403,0.016,-0.0012,-9.9664,15.3,,50.0,,,,1.4383,-0.3662,1.4842,165.72,14.96,1.22434,0.0212,118.63,0.0,1,98.55,99.317,1,3,10,0.7,5.866,0,0.0,0,0
1790618516.8378003,47.3979624,8.5461388,5.4710001945495605,-0.010251765139400959,0.017133226618170738,0.7913016676902771,268.35,-0.023323101418293135,-0.8096641482369292,0.0,-91.64999999999998,20.0,19.999999999999996,0.0,0.0,2.0504749842240875,-0.009389420541557152,14.0,0.0,0.0,"[20.0, 20.0, 20.0, 20.0, 20.0, 20.0, 20.0, 20.0, 20.0, 20.0, 20.0, 20.0, 20.0, 20.0, 20.0, 20.0, 20.0, 20.0, 20.0, 20.0, 20.0, 20.0, 20.0, 20.0, 20.0, 20.0, 20.0, 20.0, 20.0, 20.0, 20.0, 20.0, 20.0, 20.0, 20.0, 20.0, 20.0, 20.0, 20.0, 20.0, 20.0, 20.0, 20.0, 20.0, 20.0, 20.0, 20.0, 20.0, 20.0, 20.0, 20.0, 20.0, 20.0, 20.0, 20.0, 20.0, 20.0, 20.0, 20.0, 20.0, 20.0, 20.0, 20.0, 20.0, 20.0, 20.0, 20.0, 20.0, 20.0, 20.0, 20.0, 20.0]",-1.893324613571167,-0.967316210269928,-0.1194,-0.1116,-0.189,-0.3595,-0.1613,0.0087,0.0015,-9.9796,15.3,,50.0,,,,1.4511,-0.3324,1.4887,167.1,14.96,1.22436,0.02,120.89,0.0,1,98.75,99.326,1,3,10,0.7,5.718,0,0.0,0,0
1790618517.0379708,47.3979625,8.546138899999999,5.315000057220459,-0.012075647711753845,0.011993058025836945,0.7599745988845825,268.35,-0.023323101418293135,-0.8096641482369292,0.0,-91.64999999999998,20.0,19.999999999999996,0.0,0.0,2.369922787047196,-0.0034212993667090815,14.0,0.0,0.0,"[20.0, 20.0, 20.0, 20.0, 20.0, 20.0, 20.0, 20.0, 20.0, 20.0, 20.0, 20.0, 20.0, 20.0, 20.0, 20.0, 20.0, 20.0, 20.0, 20.0, 20.0, 20.0, 20.0, 20.0, 20.0, 20.0, 20.0, 20.0, 20.0, 20.0, 20.0, 20.0, 20.0, 20.0, 20.0, 20.0, 20.0, 20.0, 20.0, 20.0, 20.0, 20.0, 20.0, 20.0, 20.0, 20.0, 20.0, 20.0, 20.0, 20.0, 20.0, 20.0, 20.0, 20.0, 20.0, 20.0, 20.0, 20.0, 20.0, 20.0, 20.0, 20.0, 20.0, 20.0, 20.0, 20.0, 20.0, 20.0, 20.0, 20.0, 20.0, 20.0]",-1.8871725797653198,-0.9632894396781921,-0.161,-0.1719,-0.185,-0.1861,-0.1549,0.0134,-0.0088,-9.973,15.3,,50.0,,,,1.443,-0.3794,1.492,165.27,14.97,1.22438,0.017,135.2,0.0,1,98.95,99.333,1,3,10,0.7,5.567,0,0.0,0,0
1790618517.2392685,47.3979625,8.546139,5.1670002937316895,-0.01563526690006256,0.005114483647048473,0.7318690419197083,268.34000000000003,-0.02346441411456544,-0.8096600652559445,0.0,-91.65999999999997,20.0,19.999999999999996,0.0,0.0,3.010385818355606,0.0019642505297635853,14.0,0.0,0.0,"[20.0, 20.0, 20.0, 20.0, 20.0, 20.0, 20.0, 20.0, 20.0, 20.0, 20.0, 20.0, 20.0, 20.0, 20.0, 20.0, 20.0, 20.0, 20.0, 20.0, 20.0, 20.0, 20.0, 20.0, 20.0, 20.0, 20.0, 20.0, 20.0, 20.0, 20.0, 20.0, 20.0, 20.0, 20.0, 20.0, 20.0, 20.0, 20.0, 20.0, 20.0, 20.0, 20.0, 20.0, 20.0, 20.0, 20.0, 20.0, 20.0, 20.0, 20.0, 20.0, 20.0, 20.0, 20.0, 20.0, 20.0, 20.0, 20.0, 20.0, 20.0, 20.0, 20.0, 20.0, 20.0, 20.0, 20.0, 20.0, 20.0, 20.0, 20.0, 20.0]",-1.8830076456069946,-0.9613498449325562,-0.1759,-0.1827,-0.0093,-0.0144,-0.1377,0.008,0.0017,-9.9529,15.3,,50.0,,,,1.4128,-0.4009,1.4686,164.16,14.97,1.22439,0.0165,161.89,0.0,1,99.16,99.338,1,3,10,0.7,5.456,0,0.0,0,0
1790618517.4401789,47.3979625,8.546139,5.025000095367432,-0.02059340849518776,-0.0021889477502554655,0.7072716951370239,268.34000000000003,-0.02346441411456544,-0.8096600652559445,0.0,-91.65999999999997,20.0,19.999999999999996,0.0,0.0,3.9131943179020277,-0.0015828209226049937,14.0,0.0,0.0,"[20.0, 20.0, 20.0, 20.0, 20.0, 20.0, 20.0, 20.0, 20.0, 20.0, 20.0, 20.0, 20.0, 20.0, 20.0, 20.0, 20.0, 20.0, 20.0, 20.0, 20.0, 20.0, 20.0, 20.0, 20.0, 20.0, 20.0, 20.0, 20.0, 20.0, 20.0, 20.0, 20.0, 20.0, 20.0, 20.0, 20.0, 20.0, 20.0, 20.0, 20.0, 20.0, 20.0, 20.0, 20.0, 20.0, 20.0, 20.0, 20.0, 20.0, 20.0, 20.0, 20.0, 20.0, 20.0, 20.0, 20.0, 20.0, 20.0, 20.0, 20.0, 20.0, 20.0, 20.0, 20.0, 20.0, 20.0, 20.0, 20.0, 20.0, 20.0, 20.0]",-1.8815709352493286,-0.9616148471832275,-0.1658,-0.1675,0.1159,0.1047,-0.1203,0.011,0.0034,-9.9313,15.3,,50.0,,,,1.3019,-0.479,1.3872,159.8,14.97,1.22441,0.0207,186.07,0.0,1,99.36,99.339,1,3,10,0.7,5.286,0,0.0,0,0
1790618517.640863,47.3979624,8.546139,4.88700008392334,-0.02639770321547985,-0.008292850106954575,0.6998129487037659,268.33,-0.023605726096071533,-0.8096559576113037,0.0,-91.67000000000002,20.0,19.999999999999996,0.0,0.0,4.980707486738281,-0.026235103924581293,14.0,0.0,0.0,"[20.0, 20.0, 20.0, 20.0, 20.0, 20.0, 20.0, 20.0, 20.0, 20.0, 20.0, 20.0, 20.0, 20.0, 20.0, 20.0, 20.0, 20.0, 20.0, 20.0, 20.0, 20.0, 20.0, 20.0, 20.0, 20.0, 20.0, 20.0, 20.0, 20.0, 20.0, 20.0, 20.0, 20.0, 20.0, 20.0, 20.0, 20.0, 20.0, 20.0, 20.0, 20.0, 20.0, 20.0, 20.0, 20.0, 20.0, 20.0, 20.0, 20.0, 20.0, 20.0, 20.0, 20.0, 20.0, 20.0, 20.0, 20.0, 20.0, 20.0, 20.0, 20.0, 20.0, 20.0, 20.0, 20.0, 20.0, 20.0, 20.0, 20.0, 20.0, 20.0]",-1.8814955949783325,-0.9655730128288269,-0.1193,-0.1236,0.311,0.1881,-0.0753,0.0113,0.0046,-9.7545,15.3,,50.0,,,,1.2881,-0.5606,1.4048,156.48,14.97,1.22443,0.0277,197.44,0.0,1,99.56,99.343,1,3,10,0.7,5.181,0,0.0,0,0
1790618517.8415158,47.397962299999996,8.546139,4.749000072479248,-0.03268211707472801,-0.01379523053765297,0.7059096693992615,268.3,-0.024029657708939757,-0.8096434866967012,0.0,-91.69999999999999,20.0,19.999999999999996,0.0,0.0,6.137334336313844,-0.03467721180970704,14.0,0.0,0.0,"[20.0, 20.0, 20.0, 20.0, 20.0, 20.0, 20.0, 20.0, 20.0, 20.0, 20.0, 20.0, 20.0, 20.0, 20.0, 20.0, 20.0, 20.0, 20.0, 20.0, 20.0, 20.0, 20.0, 20.0, 20.0, 20.0, 20.0, 20.0, 20.0, 20.0, 20.0, 20.0, 20.0, 20.0, 20.0, 20.0, 20.0, 20.0, 20.0, 20.0, 20.0, 20.0, 20.0, 20.0, 20.0, 20.0, 20.0, 20.0, 20.0, 20.0, 20.0, 20.0, 20.0, 20.0, 20.0, 20.0, 20.0, 20.0, 20.0, 20.0, 20.0, 20.0, 20.0, 20.0, 20.0, 20.0, 20.0, 20.0, 20.0, 20.0, 20.0, 20.0]",-1.8832697868347168,-0.9749487042427063,-0.0256,-0.0787,0.6589,0.2862,-0.0482,0.0108,0.0005,-9.7894,15.3,,50.0,,,,1.3026,-0.6024,1.4352,155.18,14.97,1.22444,0.0355,202.88,0.0,1,99.76,99.353,1,3,10,0.7,5.089,0,0.0,0,0
1790618518.0419338,47.397962199999995,8.546138899999999,4.611000061035156,-0.03597096726298332,-0.01836809143424034,0.7065944671630859,268.29,-0.024170966788331194,-0.8096392803986955,0.0,-91.70999999999998,20.0,19.999999999999996,0.0,0.0,6.731068762281315,-0.04013329934840974,14.0,0.0,0.0,"[20.0, 20.0, 20.0, 20.0, 20.0, 20.0, 20.0, 20.0, 20.0, 20.0, 20.0, 20.0, 20.0, 20.0, 20.0, 20.0, 20.0, 20.0, 20.0, 20.0, 20.0, 20.0, 20.0, 20.0, 20.0, 20.0, 20.0, 20.0, 20.0, 20.0, 20.0, 20.0, 20.0, 20.0, 20.0, 20.0, 20.0, 20.0, 20.0, 20.0, 20.0, 20.0, 20.0, 20.0, 20.0, 20.0, 20.0, 20.0, 20.0, 20.0, 20.0, 20.0, 20.0, 20.0, 20.0, 20.0, 20.0, 20.0, 20.0, 20.0, 20.0, 20.0, 20.0, 20.0, 20.0, 20.0, 20.0, 20.0, 20.0, 20.0, 20.0, 20.0]",-1.8878101110458374,-0.9870306849479675,0.11,-0.0094,0.7672,0.4413,-0.0028,0.0104,-0.0065,-9.8052,15.3,,50.0,,,,1.2388,-0.6529,1.4003,152.21,14.97,1.22446,0.0404,207.05,0.0,1,99.96,99.366,1,3,10,0.7,4.977,0,0.0,0,0
1790618518.2425213,47.3979621,8.546138899999999,4.4730000495910645,-0.03310377895832062,-0.018927674740552902,0.7065436840057373,268.29,-0.024170966788331194,-0.8096392803986955,0.0,-91.70999999999998,20.0,19.999999999999996,0.0,0.0,6.18750246877677,-0.03749965498826415,14.0,0.0,0.0,"[20.0, 20.0, 20.0, 20.0, 20.0, 20.0, 20.0, 20.0, 20.0, 20.0, 20.0, 20.0, 20.0, 20.0, 20.0, 20.0, 20.0, 20.0, 20.0, 20.0, 20.0, 20.0, 20.0, 20.0, 20.0, 20.0, 20.0, 20.0, 20.0, 20.0, 20.0, 20.0, 20.0, 20.0, 20.0, 20.0, 20.0, 20.0, 20.0, 20.0, 20.0, 20.0, 20.0, 20.0, 20.0, 20.0, 20.0, 20.0, 20.0, 20.0, 20.0, 20.0, 20.0, 20.0, 20.0, 20.0, 20.0, 20.0, 20.0, 20.0, 20.0, 20.0, 20.0, 20.0, 20.0, 20.0, 20.0, 20.0, 20.0, 20.0, 20.0, 20.0]",-1.891554832458496,-0.9977219104766846,0.2344,0.0526,0.482,0.2489,0.0752,0.0096,-0.0014,-9.7993,15.3,,50.0,,,,1.4385,-0.5969,1.5575,157.46,14.97,1.22447,0.0381,209.76,0.0,1,100.16,99.377,1,3,10,0.7,4.844,0,0.0,0,0
1790618518.4427896,47.3979621,8.5461388,4.337000370025635,-0.025077754631638527,-0.017075112089514732,0.7076536417007446,268.31,-0.02388834789756273,-0.8096476683315559,0.0,-91.69,20.0,19.999999999999996,0.0,0.0,4.680797869559934,-0.028876194500351574,14.0,0.0,0.0,"[20.0, 20.0, 20.0, 20.0, 20.0, 20.0, 20.0, 20.0, 20.0, 20.0, 20.0, 20.0, 20.0, 20.0, 20.0, 20.0, 20.0, 20.0, 20.0, 20.0, 20.0, 20.0, 20.0, 20.0, 20.0, 20.0, 20.0, 20.0, 20.0, 20.0, 20.0, 20.0, 20.0, 20.0, 20.0, 20.0, 20.0, 20.0, 20.0, 20.0, 20.0, 20.0, 20.0, 20.0, 20.0, 20.0, 20.0, 20.0, 20.0, 20.0, 20.0, 20.0, 20.0, 20.0, 20.0, 20.0, 20.0, 20.0, 20.0, 20.0, 20.0, 20.0, 20.0, 20.0, 20.0, 20.0, 20.0, 20.0, 20.0, 20.0, 20.0, 20.0]",-1.8937950134277344,-1.0053402185440063,0.295,0.0827,0.1771,0.0778,0.0335,0.0096,-0.0072,-9.7919,15.3,,50.0,,,,1.4777,-0.5062,1.562,161.09,14.97,1.22449,0.0303,214.25,0.0,1,100.36,99.385,1,3,10,0.7,4.638,0,0.0,0,0
1790618518.642996,47.3979621,8.5461388,4.201000213623047,-0.014305167831480503,-0.015230822376906872,0.7094857096672058,268.33,-0.023605726096071533,-0.8096559576113037,0.0,-91.67000000000002,20.0,19.999999999999996,0.0,0.0,2.6442734808186357,-0.020887331981277835,14.0,0.0,0.0,"[20.0, 20.0, 20.0, 20.0, 20.0, 20.0, 20.0, 20.0, 20.0, 20.0, 20.0, 20.0, 20.0, 20.0, 20.0, 20.0, 20.0, 20.0, 20.0, 20.0, 20.0, 20.0, 20.0, 20.0, 20.0, 20.0, 20.0, 20.0, 20.0, 20.0, 20.0, 20.0, 20.0, 20.0, 20.0, 20.0, 20.0, 20.0, 20.0, 20.0, 20.0, 20.0, 20.0, 20.0, 20.0, 20.0, 20.0, 20.0, 20.0, 20.0, 20.0, 20.0, 20.0, 20.0, 20.0, 20.0, 20.0, 20.0, 20.0, 20.0, 20.0, 20.0, 20.0, 20.0, 20.0, 20.0, 20.0, 20.0, 20.0, 20.0, 20.0, 20.0]",-1.8962236642837524,-1.0077513456344604,0.2873,0.0884,-0.273,0.0499,0.0881,0.0056,-0.0024,-9.7856,15.3,,50.0,,,,1.3243,-0.5065,1.4179,159.07,14.97,1.22451,0.0209,226.8,0.0,1,100.56,99.388,1,3,10,0.7,4.469,0,0.0,0,0
1790618518.8437793,47.3979621,8.5461388,4.061000347137451,-0.0032120351679623127,-0.01291048526763916,0.7110477089881897,268.36,-0.02318178801155854,-0.8096682065541336,0.0,-91.63999999999999,20.0,19.999999999999996,-0.0,0.0,0.5426183398762248,-0.0050067099222897635,14.0,0.0,0.0,"[20.0, 20.0, 20.0, 20.0, 20.0, 20.0, 20.0, 20.0, 20.0, 20.0, 20.0, 20.0, 20.0, 20.0, 20.0, 20.0, 20.0, 20.0, 20.0, 20.0, 20.0, 20.0, 20.0, 20.0, 20.0, 20.0, 20.0, 20.0, 20.0, 20.0, 20.0, 20.0, 20.0, 20.0, 20.0, 20.0, 20.0, 20.0, 20.0, 20.0, 20.0, 20.0, 20.0, 20.0, 20.0, 20.0, 20.0, 20.0, 20.0, 20.0, 20.0, 20.0, 20.0, 20.0, 20.0, 20.0, 20.0, 20.0, 20.0, 20.0, 20.0, 20.0, 20.0, 20.0, 20.0, 20.0, 20.0, 20.0, 20.0, 20.0, 20.0, 20.0]",-1.8979589939117432,-1.0053696632385254,0.2094,0.0894,-0.5195,0.0391,0.0044,0.0167,-0.0059,-9.8047,15.3,,50.0,,,,1.2174,-0.3713,1.2728,163.04,14.97,1.22452,0.0133,256.03,0.0,1,100.76,99.391,1,3,10,0.7,4.367,0,0.0,0,0
1790618519.0447152,47.3979621,8.5461388,3.9220001697540283,0.0020711834076792,-0.009827389381825924,0.7104311585426331,268.35,-0.023323101418293135,-0.8096641482369292,0.0,-91.64999999999998,20.0,19.999999999999996,-0.0,0.0,-0.4494368309796264,-0.004443720051171921,14.0,0.0,0.0,"[20.0, 20.0, 20.0, 20.0, 20.0, 20.0, 20.0, 20.0, 20.0, 20.0, 20.0, 20.0, 20.0, 20.0, 20.0, 20.0, 20.0, 20.0, 20.0, 20.0, 20.0, 20.0, 20.0, 20.0, 20.0, 20.0, 20.0, 20.0, 20.0, 20.0, 20.0, 20.0, 20.0, 20.0, 20.0, 20.0, 20.0, 20.0, 20.0, 20.0, 20.0, 20.0, 20.0, 20.0, 20.0, 20.0, 20.0, 20.0, 20.0, 20.0, 20.0, 20.0, 20.0, 20.0, 20.0, 20.0, 20.0, 20.0, 20.0, 20.0, 20.0, 20.0, 20.0, 20.0, 20.0, 20.0, 20.0, 20.0, 20.0, 20.0, 20.0, 20.0]",-1.898447036743164,-1.0034632682800293,0.1141,0.0775,-0.2908,-0.0385,-0.0488,0.0204,-0.0044,-9.8041,15.3,,50.0,,,,1.1884,-0.3145,1.2293,165.18,14.97,1.22454,0.01,281.9,0.0,1,100.96,99.393,1,3,10,0.7,4.217,0,0.0,0,0
1790618519.2448246,47.3979621,8.5461388,3.7840001583099365,0.004493338521569967,-0.007828108966350555,0.7097207903862,268.34000000000003,-0.02346441411456544,-0.8096600652559445,0.0,-91.65999999999997,20.0,19.999999999999996,-0.0,0.0,-0.9010394864969242,-0.005506802256589984,14.0,0.0,0.0,"[20.0, 20.0, 20.0, 20.0, 20.0, 20.0, 20.0, 20.0, 20.0, 20.0, 20.0, 20.0, 20.0, 20.0, 20.0, 20.0, 20.0, 20.0, 20.0, 20.0, 20.0, 20.0, 20.0, 20.0, 20.0, 20.0, 20.0, 20.0, 20.0, 20.0, 20.0, 20.0, 20.0, 20.0, 20.0, 20.0, 20.0, 20.0, 20.0, 20.0, 20.0, 20.0, 20.0, 20.0, 20.0, 20.0, 20.0, 20.0, 20.0, 20.0, 20.0, 20.0, 20.0, 20.0, 20.0, 20.0, 20.0, 20.0, 20.0, 20.0, 20.0, 20.0, 20.0, 20.0, 20.0, 20.0, 20.0, 20.0, 20.0, 20.0, 20.0, 20.0]",-1.8988673686981201,-1.0003710985183716,0.0649,0.0588,-0.2727,-0.1145,-0.0131,0.0134,0.0009,-9.8003,15.3,,50.0,,,,1.1211,-0.3638,1.1786,162.02,14.98,1.22456,0.009,299.86,0.0,1,101.16,99.396,1,3,10,0.7,4.056,0,0.0,0,0
1790618519.4461038,47.397962199999995,8.5461387,3.6460001468658447,0.0059984056279063225,-0.008481425233185291,0.7101189494132996,268.33,-0.023605726096071533,-0.8096559576113037,0.0,-91.67000000000002,20.0,19.999999999999996,-0.0,0.0,-1.1921590065584442,-0.009597652263746148,14.0,0.0,0.0,"[20.0, 20.0, 20.0, 20.0, 20.0, 20.0, 20.0, 20.0, 20.0, 20.0, 20.0, 20.0, 20.0, 20.0, 20.0, 20.0, 20.0, 20.0, 20.0, 20.0, 20.0, 20.0, 20.0, 20.0, 20.0, 20.0, 20.0, 20.0, 20.0, 20.0, 20.0, 20.0, 20.0, 20.0, 20.0, 20.0, 20.0, 20.0, 20.0, 20.0, 20.0, 20.0, 20.0, 20.0, 20.0, 20.0, 20.0, 20.0, 20.0, 20.0, 20.0, 20.0, 20.0, 20.0, 20.0, 20.0, 20.0, 20.0, 20.0, 20.0, 20.0, 20.0, 20.0, 20.0, 20.0, 20.0, 20.0, 20.0, 20.0, 20.0, 20.0, 20.0]",-1.9009361267089844,-0.9970901608467102,0.0227,0.0504,-0.0927,0.0949,-0.0948,0.0193,0.0016,-9.7913,15.3,,50.0,,,,1.0702,-0.3487,1.1256,161.95,14.98,1.22457,0.0104,305.27,0.0,1,101.36,99.4,1,3,10,0.7,3.955,0,0.0,0,0
1790618519.646892,47.397962199999995,8.5461387,3.507000207901001,0.006317575462162495,-0.010955862700939178,0.7111590504646301,268.32,-0.023747037358505012,-0.8096518253031323,0.0,-91.68,20.0,19.999999999999996,-0.0,0.0,-1.267186785957653,-0.012579115652471657,14.0,0.0,0.0,"[20.0, 20.0, 20.0, 20.0, 20.0, 20.0, 20.0, 20.0, 20.0, 20.0, 20.0, 20.0, 20.0, 20.0, 20.0, 20.0, 20.0, 20.0, 20.0, 20.0, 20.0, 20.0, 20.0, 20.0, 20.0, 20.0, 20.0, 20.0, 20.0, 20.0, 20.0, 20.0, 20.0, 20.0, 20.0, 20.0, 20.0, 20.0, 20.0, 20.0, 20.0, 20.0, 20.0, 20.0, 20.0, 20.0, 20.0, 20.0, 20.0, 20.0, 20.0, 20.0, 20.0, 20.0, 20.0, 20.0, 20.0, 20.0, 20.0, 20.0, 20.0, 20.0, 20.0, 20.0, 20.0, 20.0, 20.0, 20.0, 20.0, 20.0, 20.0, 20.0]",-1.906309723854065,-0.9946935176849365,-0.0169,0.0863,-0.1633,0.3239,-0.0441,0.0129,-0.0028,-9.7941,15.3,,50.0,,,,1.0813,-0.2587,1.1118,166.55,14.98,1.22459,0.0126,299.97,0.0,1,101.56,99.406,1,3,10,0.7,3.814,0,0.0,0,0
1790618519.8481534,47.397962199999995,8.546138599999999,3.3680002689361572,0.0051013389602303505,-0.01293683610856533,0.7128213047981262,268.32,-0.023747037358505012,-0.8096518253031323,0.0,-91.68,20.0,19.999999999999996,-0.0,0.0,-1.0461848014710706,-0.013777750488014554,14.0,0.0,0.0,"[20.0, 20.0, 20.0, 20.0, 20.0, 20.0, 20.0, 20.0, 20.0, 20.0, 20.0, 20.0, 20.0, 20.0, 20.0, 20.0, 20.0, 20.0, 20.0, 20.0, 20.0, 20.0, 20.0, 20.0, 20.0, 20.0, 20.0, 20.0, 20.0, 20.0, 20.0, 20.0, 20.0, 20.0, 20.0, 20.0, 20.0, 20.0, 20.0, 20.0, 20.0, 20.0, 20.0, 20.0, 20.0, 20.0, 20.0, 20.0, 20.0, 20.0, 20.0, 20.0, 20.0, 20.0, 20.0, 20.0, 20.0, 20.0, 20.0, 20.0, 20.0, 20.0, 20.0, 20.0, 20.0, 20.0, 20.0, 20.0, 20.0, 20.0, 20.0, 20.0]",-1.9142279624938965,-0.9927597641944885,-0.0388,0.1648,-0.0705,0.4547,-0.0467,0.0071,-0.0041,-9.7948,15.3,,50.0,,,,1.0965,-0.3592,1.1538,161.86,14.98,1.2246,0.0139,291.52,0.0,1,101.76,99.414,1,3,10,0.7,3.671,0,0.0,0,0
1790618520.0479732,47.397962199999995,8.5461385,3.2280001640319824,0.005634794477373362,-0.011398345232009888,0.7132272124290466,268.33,-0.023605726096071533,-0.8096559576113037,0.0,-91.67000000000002,20.0,19.999999999999996,-0.0,0.0,-1.1390011197678376,-0.012691014093845099,14.0,0.0,0.0,"[20.0, 20.0, 20.0, 20.0, 20.0, 20.0, 20.0, 20.0, 20.0, 20.0, 20.0, 20.0, 20.0, 20.0, 20.0, 20.0, 20.0, 20.0, 20.0, 20.0, 20.0, 20.0, 20.0, 20.0, 20.0, 20.0, 20.0, 20.0, 20.0, 20.0, 20.0, 20.0, 20.0, 20.0, 20.0, 20.0, 20.0, 20.0, 20.0, 20.0, 20.0, 20.0, 20.0, 20.0, 20.0, 20.0, 20.0, 20.0, 20.0, 20.0, 20.0, 20.0, 20.0, 20.0, 20.0, 20.0, 20.0, 20.0, 20.0, 20.0, 20.0, 20.0, 20.0, 20.0, 20.0, 20.0, 20.0, 20.0, 20.0, 20.0, 20.0, 20.0]",-1.9211766719818115,-0.9887751936912537,-0.0625,0.241,-0.2528,0.3897,0.0331,0.0132,-0.0013,-9.7978,15.3,,50.0,,,,1.1315,-0.1653,1.1435,171.69,14.98,1.22462,0.0127,296.31,0.0,1,101.96,99.422,1,3,10,0.7,3.541,0,0.0,0,0
1790618520.248813,47.397962199999995,8.5461384,3.0880000591278076,0.003731613280251622,-0.007062047254294157,0.713394284248352,268.34000000000003,-0.02346441411456544,-0.8096600652559445,0.0,-91.65999999999997,20.0,19.999999999999996,-0.0,0.0,-0.7514146567406443,-0.007967503774831701,14.0,0.0,0.0,"[20.0, 20.0, 20.0, 20.0, 20.0, 20.0, 20.0, 20.0, 20.0, 20.0, 20.0, 20.0, 20.0, 20.0, 20.0, 20.0, 20.0, 20.0, 20.0, 20.0, 20.0, 20.0, 20.0, 20.0, 20.0, 20.0, 20.0, 20.0, 20.0, 20.0, 20.0, 20.0, 20.0, 20.0, 20.0, 20.0, 20.0, 20.0, 20.0, 20.0, 20.0, 20.0, 20.0, 20.0, 20.0, 20.0, 20.0, 20.0, 20.0, 20.0, 20.0, 20.0, 20.0, 20.0, 20.0, 20.0, 20.0, 20.0, 20.0, 20.0, 20.0, 20.0, 20.0, 20.0, 20.0, 20.0, 20.0, 20.0, 20.0, 20.0, 20.0, 20.0]",-1.9260202646255493,-0.9866374731063843,-0.0967,0.279,-0.1046,0.1549,-0.0083,0.0095,-0.004,-9.798,15.3,,50.0,,,,1.0184,-0.041,1.0193,177.7,14.98,1.22464,0.008,297.85,0.0,1,102.17,99.428,1,3,10,0.7,3.371,0,0.0,0,0
1790618520.4499888,47.397962199999995,8.5461384,2.947000026702881,-0.0007720016874372959,-0.0005663899355567992,0.7133378982543945,268.34000000000003,-0.02346441411456544,-0.8096600652559445,0.0,-91.65999999999997,20.0,19.999999999999996,0.0,0.0,0.14424569380074997,-0.0007654142723839718,14.0,0.0,0.0,"[20.0, 20.0, 20.0, 20.0, 20.0, 20.0, 20.0, 20.0, 20.0, 20.0, 20.0, 20.0, 20.0, 20.0, 20.0, 20.0, 20.0, 20.0, 20.0, 20.0, 20.0, 20.0, 20.0, 20.0, 20.0, 20.0, 20.0, 20.0, 20.0, 20.0, 20.0, 20.0, 20.0, 20.0, 20.0, 20.0, 20.0, 20.0, 20.0, 20.0, 20.0, 20.0, 20.0, 20.0, 20.0, 20.0, 20.0, 20.0, 20.0, 20.0, 20.0, 20.0, 20.0, 20.0, 20.0, 20.0, 20.0, 20.0, 20.0, 20.0, 20.0, 20.0, 20.0, 20.0, 20.0, 20.0, 20.0, 20.0, 20.0, 20.0, 20.0, 20.0]",-1.928058385848999,-0.9872530698776245,-0.0831,0.2843,0.2378,-0.1278,-0.0575,0.0202,-0.0098,-9.8088,15.3,,50.0,,,,1.0414,0.1915,1.0589,190.42,14.98,1.22465,0.001,216.27,0.0,1,102.37,99.43,1,3,10,0.7,3.232,0,0.0,0,0
1790618520.6507611,47.397962199999995,8.5461384,2.806000232696533,-0.004593149293214083,0.00878834817558527,0.7116554379463196,268.34000000000003,-0.02346441411456544,-0.8096600652559445,0.0,-91.65999999999997,20.0,19.999999999999996,0.0,0.0,0.9254003299522152,-0.009672425287896769,14.0,0.0,0.0,"[20.0, 20.0, 20.0, 20.0, 20.0, 20.0, 20.0, 20.0, 20.0, 20.0, 20.0, 20.0, 20.0, 20.0, 20.0, 20.0, 20.0, 20.0, 20.0, 20.0, 20.0, 20.0, 20.0, 20.0, 20.0, 20.0, 20.0, 20.0, 20.0, 20.0, 20.0, 20.0, 20.0, 20.0, 20.0, 20.0, 20.0, 20.0, 20.0, 20.0, 20.0, 20.0, 20.0, 20.0, 20.0, 20.0, 20.0, 20.0, 20.0, 20.0, 20.0, 20.0, 20.0, 20.0, 20.0, 20.0, 20.0, 20.0, 20.0, 20.0, 20.0, 20.0, 20.0, 20.0, 20.0, 20.0, 20.0, 20.0, 20.0, 20.0, 20.0, 20.0]",-1.9236180782318115,-0.9884313344955444,-0.043,0.2294,0.2319,-0.4559,-0.0588,0.0178,-0.004,-9.8172,15.3,,50.0,,,,0.9838,0.1785,0.9998,190.28,14.98,1.22467,0.0099,117.59,0.0,1,102.57,99.434,1,3,10,0.7,3.081,0,0.0,0,0
1790618520.8510544,47.397962199999995,8.546138599999999,2.6630001068115234,-0.007350353989750147,0.017165401950478554,0.7098018527030945,268.34000000000003,-0.02346441411456544,-0.8096600652559445,0.0,-91.65999999999997,20.0,19.999999999999996,0.0,0.0,1.49785234817375,-0.018474375073741073,14.0,0.0,0.0,"[20.0, 20.0, 20.0, 20.0, 20.0, 20.0, 20.0, 20.0, 20.0, 20.0, 20.0, 20.0, 20.0, 20.0, 20.0, 20.0, 20.0, 20.0, 20.0, 20.0, 20.0, 20.0, 20.0, 20.0, 20.0, 20.0, 20.0, 20.0, 20.0, 20.0, 20.0, 20.0, 20.0, 20.0, 20.0, 20.0, 20.0, 20.0, 20.0, 20.0, 20.0, 20.0, 20.0, 20.0, 20.0, 20.0, 20.0, 20.0, 20.0, 20.0, 20.0, 20.0, 20.0, 20.0, 20.0, 20.0, 20.0, 20.0, 20.0, 20.0, 20.0, 20.0, 20.0, 20.0, 20.0, 20.0, 20.0, 20.0, 20.0, 20.0, 20.0, 20.0]",-1.9135428667068481,-0.9910966753959656,0.007,0.1104,0.2609,-0.7233,-0.042,0.0081,0.0011,-9.8131,15.3,,50.0,,,,1.0354,0.2599,1.0675,194.09,14.98,1.22469,0.0187,113.18,0.0,1,102.77,99.445,1,3,10,0.7,2.91,0,0.0,0,0
1790618521.051778,47.397962199999995,8.5461387,2.5200002193450928,-0.007870337925851345,0.02042282186448574,0.7072679400444031,268.34000000000003,-0.02346441411456544,-0.8096600652559445,0.0,-91.65999999999997,20.0,19.999999999999996,0.0,0.0,1.615055582084623,-0.021719033720463854,14.0,0.0,0.0,"[20.0, 20.0, 20.0, 20.0, 20.0, 20.0, 20.0, 20.0, 20.0, 20.0, 20.0, 20.0, 20.0, 20.0, 20.0, 20.0, 20.0, 20.0, 20.0, 20.0, 20.0, 20.0, 20.0, 20.0, 20.0, 20.0, 20.0, 20.0, 20.0, 20.0, 20.0, 20.0, 20.0, 20.0, 20.0, 20.0, 20.0, 20.0, 20.0, 20.0, 20.0, 20.0, 20.0, 20.0, 20.0, 20.0, 20.0, 20.0, 20.0, 20.0, 20.0, 20.0, 20.0, 20.0, 20.0, 20.0, 20.0, 20.0, 20.0, 20.0, 20.0, 20.0, 20.0, 20.0, 20.0, 20.0, 20.0, 20.0, 20.0, 20.0, 20.0, 20.0]",-1.9024364948272705,-0.9938607811927795,0.0544,-0.0424,0.1832,-0.7516,-0.0157,0.0156,-0.0122,-9.8276,15.3,,50.0,,,,1.0294,0.2566,1.0609,194.0,14.98,1.2247,0.0219,111.08,0.0,1,102.97,99.456,1,3,10,0.7,2.708,0,0.0,0,0
1790618521.2530732,47.397962199999995,8.5461388,2.375,-0.005927241872996092,0.01393982209265232,0.7033091187477112,268.33,-0.023605726096071533,-0.8096559576113037,0.0,-91.67000000000002,20.0,19.999999999999996,0.0,0.0,1.2089469040421148,-0.014201130915761258,14.0,0.0,0.0,"[20.0, 20.0, 20.0, 20.0, 20.0, 20.0, 20.0, 20.0, 20.0, 20.0, 20.0, 20.0, 20.0, 20.0, 20.0, 20.0, 20.0, 20.0, 20.0, 20.0, 20.0, 20.0, 20.0, 20.0, 20.0, 20.0, 20.0, 20.0, 20.0, 20.0, 20.0, 20.0, 20.0, 20.0, 20.0, 20.0, 20.0, 20.0, 20.0, 20.0, 20.0, 20.0, 20.0, 20.0, 20.0, 20.0, 20.0, 20.0, 20.0, 20.0, 20.0, 20.0, 20.0, 20.0, 20.0, 20.0, 20.0, 20.0, 20.0, 20.0, 20.0, 20.0, 20.0, 20.0, 20.0, 20.0, 20.0, 20.0, 20.0, 20.0, 20.0, 20.0]",-1.8970500230789185,-0.9941123127937317,0.0731,-0.1262,-0.0477,-0.007,-0.0733,0.009,-0.0036,-9.839,15.3,,50.0,,,,0.9899,0.2658,1.025,195.03,14.98,1.22472,0.0151,113.04,0.0,1,103.17,99.462,1,3,10,0.7,2.602,0,0.0,0,0
1790618521.4537835,47.397962199999995,8.5461388,2.2320001125335693,-0.0028947736136615276,0.004493603948503733,0.6973364949226379,268.33,-0.023605726096071533,-0.8096559576113037,0.0,-91.67000000000002,20.0,19.999999999999996,0.0,0.0,0.5776174959447584,0.0012609745133138456,14.0,0.0,0.0,"[20.0, 20.0, 20.0, 20.0, 20.0, 20.0, 20.0, 20.0, 20.0, 20.0, 20.0, 20.0, 20.0, 20.0, 20.0, 20.0, 20.0, 20.0, 20.0, 20.0, 20.0, 20.0, 20.0, 20.0, 20.0, 20.0, 20.0, 20.0, 20.0, 20.0, 20.0, 20.0, 20.0, 20.0, 20.0, 20.0, 20.0, 20.0, 20.0, 20.0, 20.0, 20.0, 20.0, 20.0, 20.0, 20.0, 20.0, 20.0, 20.0, 20.0, 20.0, 20.0, 20.0, 20.0, 20.0, 20.0, 20.0, 20.0, 20.0, 20.0, 20.0, 20.0, 20.0, 20.0, 20.0, 20.0, 20.0, 20.0, 20.0, 20.0, 20.0, 20.0]",-1.8964067697525024,-0.9922593832015991,0.0494,-0.1095,-0.2007,0.3024,-0.0529,0.0103,-0.0067,-9.8317,15.3,,50.0,,,,1.0864,0.261,1.1173,193.51,14.99,1.22474,0.0053,122.79,0.0,1,103.37,99.464,1,3,10,0.7,2.477,0,0.0,0,0
1790618521.6548924,47.397962199999995,8.5461388,2.0920000076293945,-0.0014441508101299405,-0.0026001478545367718,0.6940730214118958,268.32,-0.023747037358505012,-0.8096518253031323,0.0,-91.68,20.0,19.999999999999996,-0.0,0.0,0.261133381567834,0.0003982684341320347,14.0,0.0,0.0,"[20.0, 20.0, 20.0, 20.0, 20.0, 20.0, 20.0, 20.0, 20.0, 20.0, 20.0, 20.0, 20.0, 20.0, 20.0, 20.0, 20.0, 20.0, 20.0, 20.0, 20.0, 20.0, 20.0, 20.0, 20.0, 20.0, 20.0, 20.0, 20.0, 20.0, 20.0, 20.0, 20.0, 20.0, 20.0, 20.0, 20.0, 20.0, 20.0, 20.0, 20.0, 20.0, 20.0, 20.0, 20.0, 20.0, 20.0, 20.0, 20.0, 20.0, 20.0, 20.0, 20.0, 20.0, 20.0, 20.0, 20.0, 20.0, 20.0, 20.0, 20.0, 20.0, 20.0, 20.0, 20.0, 20.0, 20.0, 20.0, 20.0, 20.0, 20.0, 20.0]",-1.8974707126617432,-0.9895379543304443,0.0134,-0.0418,-0.2592,0.3761,-0.0266,0.0128,-0.0061,-9.8142,15.3,,50.0,,,,1.1319,0.232,1.1554,191.58,14.99,1.22475,0.003,240.95,0.0,1,103.57,99.466,1,3,10,0.7,2.342,0,0.0,0,0
1790618521.8558214,47.397962199999995,8.5461387,1.940000057220459,-0.0025884362403303385,-0.008008106611669064,0.692183792591095,268.32,-0.023747037358505012,-0.8096518253031323,0.0,-91.68,20.0,19.999999999999996,-0.0,0.0,0.4492942300695812,-0.006323944507475898,14.0,0.0,0.0,"[20.0, 20.0, 20.0, 20.0, 20.0, 20.0, 20.0, 20.0, 20.0, 20.0, 20.0, 20.0, 20.0, 20.0, 20.0, 20.0, 20.0, 20.0, 20.0, 20.0, 20.0, 20.0, 20.0, 20.0, 20.0, 20.0, 20.0, 20.0, 20.0, 20.0, 20.0, 20.0, 20.0, 20.0, 20.0, 20.0, 20.0, 20.0, 20.0, 20.0, 20.0, 20.0, 20.0, 20.0, 20.0, 20.0, 20.0, 20.0, 20.0, 20.0, 20.0, 20.0, 20.0, 20.0, 20.0, 20.0, 20.0, 20.0, 20.0, 20.0, 20.0, 20.0, 20.0, 20.0, 20.0, 20.0, 20.0, 20.0, 20.0, 20.0, 20.0, 20.0]",-1.9009360074996948,-0.9880402088165283,-0.0197,0.0236,-0.026,0.3785,-0.0809,0.0065,-0.0132,-9.8224,15.3,,50.0,,,,0.9644,0.1243,0.9723,187.34,14.99,1.22477,0.0084,252.09,0.0,1,103.77,99.47,1,3,10,0.7,2.196,0,0.0,0,0
1790618522.0568178,47.397962199999995,8.5461387,1.7990001440048218,-0.007204258348792791,-0.010264703072607517,0.6910200715065002,268.31,-0.02388834789756273,-0.8096476683315559,0.0,-91.69,20.0,19.999999999999996,0.0,0.0,1.3172652554803685,-0.0124024193848561,14.0,0.0,0.0,"[20.0, 20.0, 20.0, 20.0, 20.0, 20.0, 20.0, 20.0, 20.0, 20.0, 20.0, 20.0, 20.0, 20.0, 20.0, 20.0, 20.0, 20.0, 20.0, 20.0, 20.0, 20.0, 20.0, 20.0, 20.0, 20.0, 20.0, 20.0, 20.0, 20.0, 20.0, 20.0, 20.0, 20.0, 20.0, 20.0, 20.0, 20.0, 20.0, 20.0, 20.0, 20.0, 20.0, 20.0, 20.0, 20.0, 20.0, 20.0, 20.0, 20.0, 20.0, 20.0, 20.0, 20.0, 20.0, 20.0, 20.0, 20.0, 20.0, 20.0, 20.0, 20.0, 20.0, 20.0, 20.0, 20.0, 20.0, 20.0, 20.0, 20.0, 20.0, 20.0]",-1.9050414562225342,-0.9900916814804077,-0.0059,0.0909,0.2781,0.3005,-0.0384,0.02,0.0005,-9.8079,15.3,,50.0,,,,1.0517,0.1303,1.0597,187.06,14.99,1.22479,0.0125,234.94,0.0,1,103.97,99.475,1,3,10,0.7,2.07,0,0.0,0,0
1790618522.257821,47.397962199999995,8.5461387,1.6600000858306885,-0.010957266204059124,-0.00873633660376072,0.6899809241294861,268.31,-0.02388834789756273,-0.8096476683315559,0.0,-91.69,20.0,19.999999999999996,0.0,0.0,2.0417012339017493,-0.013642175549205545,14.0,0.0,0.0,"[20.0, 20.0, 20.0, 20.0, 20.0, 20.0, 20.0, 20.0, 20.0, 20.0, 20.0, 20.0, 20.0, 20.0, 20.0, 20.0, 20.0, 20.0, 20.0, 20.0, 20.0, 20.0, 20.0, 20.0, 20.0, 20.0, 20.0, 20.0, 20.0, 20.0, 20.0, 20.0, 20.0, 20.0, 20.0, 20.0, 20.0, 20.0, 20.0, 20.0, 20.0, 20.0, 20.0, 20.0, 20.0, 20.0, 20.0, 20.0, 20.0, 20.0, 20.0, 20.0, 20.0, 20.0, 20.0, 20.0, 20.0, 20.0, 20.0, 20.0, 20.0, 20.0, 20.0, 20.0, 20.0, 20.0, 20.0, 20.0, 20.0, 20.0, 20.0, 20.0]",-1.9070124626159668,-0.9942534565925598,0.0597,0.1308,0.4504,0.1303,0.006,0.0179,-0.0121,-9.8087,15.3,,50.0,,,,1.0308,0.0745,1.0335,184.13,14.99,1.2248,0.014,218.57,0.0,1,104.17,99.479,1,3,10,0.7,1.939,0,0.0,0,0
1790618522.4591174,47.397962199999995,8.5461387,1.5220000743865967,-0.010193792171776295,-0.005208633374422789,0.6905907392501831,268.32,-0.023747037358505012,-0.8096518253031323,0.0,-91.68,20.0,19.999999999999996,0.0,0.0,1.9161551812555309,-0.010385520216063654,14.0,0.0,0.0,"[20.0, 20.0, 20.0, 20.0, 20.0, 20.0, 20.0, 20.0, 20.0, 20.0, 20.0, 20.0, 20.0, 20.0, 20.0, 20.0, 20.0, 20.0, 20.0, 20.0, 20.0, 20.0, 20.0, 20.0, 20.0, 20.0, 20.0, 20.0, 20.0, 20.0, 20.0, 20.0, 20.0, 20.0, 20.0, 20.0, 20.0, 20.0, 20.0, 20.0, 20.0, 20.0, 20.0, 20.0, 20.0, 20.0, 20.0, 20.0, 20.0, 20.0, 20.0, 20.0, 20.0, 20.0, 20.0, 20.0, 20.0, 20.0, 20.0, 20.0, 20.0, 20.0, 20.0, 20.0, 20.0, 20.0, 20.0, 20.0, 20.0, 20.0, 20.0, 20.0]",-1.9071201086044312,-0.9970663189888,0.1139,0.1281,0.2138,-0.1777,-0.0732,0.0034,0.0078,-9.7959,15.3,,50.0,,,,1.0793,0.1026,1.0841,185.43,14.99,1.22482,0.0114,207.07,0.0,1,104.38,99.482,1,3,10,0.7,1.784,0,0.0,0,0
1790618522.6592147,47.3979621,8.5461387,1.3860000371932983,-0.00769745372235775,-0.0010863206116482615,0.6918999552726746,268.32,-0.023747037358505012,-0.8096518253031323,0.0,-91.68,20.0,19.999999999999996,0.0,0.0,1.4630728432634463,-0.0027125890293253274,14.0,0.0,0.0,"[20.0, 20.0, 20.0, 20.0, 20.0, 20.0, 20.0, 20.0, 20.0, 20.0, 20.0, 20.0, 20.0, 20.0, 20.0, 20.0, 20.0, 20.0, 20.0, 20.0, 20.0, 20.0, 20.0, 20.0, 20.0, 20.0, 20.0, 20.0, 20.0, 20.0, 20.0, 20.0, 20.0, 20.0, 20.0, 20.0, 20.0, 20.0, 20.0, 20.0, 20.0, 20.0, 20.0, 20.0, 20.0, 20.0, 20.0, 20.0, 20.0, 20.0, 20.0, 20.0, 20.0, 20.0, 20.0, 20.0, 20.0, 20.0, 20.0, 20.0, 20.0, 20.0, 20.0, 20.0, 20.0, 20.0, 20.0, 20.0, 20.0, 20.0, 20.0, 20.0]",-1.9038453102111816,-0.9988411068916321,0.1284,0.0879,-0.0492,-0.3229,-0.0266,0.01,-0.0017,-9.7833,15.3,,50.0,,,,1.1579,0.1654,1.1697,188.13,14.99,1.22484,0.0078,188.03,0.0,1,104.58,99.486,1,3,10,0.7,1.645,0,0.0,0,0
1790618522.8593297,47.3979621,8.5461388,1.249000072479248,-0.0042959414422512054,0.0020689135417342186,0.6947491765022278,268.33,-0.023605726096071533,-0.8096559576113037,0.0,-91.67000000000002,20.0,19.999999999999996,0.0,0.0,0.8315728189082753,-0.0019017191900501202,14.0,0.0,0.0,"[20.0, 20.0, 20.0, 20.0, 20.0, 20.0, 20.0, 20.0, 20.0, 20.0, 20.0, 20.0, 20.0, 20.0, 20.0, 20.0, 20.0, 20.0, 20.0, 20.0, 20.0, 20.0, 20.0, 20.0, 20.0, 20.0, 20.0, 20.0, 20.0, 20.0, 20.0, 20.0, 20.0, 20.0, 20.0, 20.0, 20.0, 20.0, 20.0, 20.0, 20.0, 20.0, 20.0, 20.0, 20.0, 20.0, 20.0, 20.0, 20.0, 20.0, 20.0, 20.0, 20.0, 20.0, 20.0, 20.0, 20.0, 20.0, 20.0, 20.0, 20.0, 20.0, 20.0, 20.0, 20.0, 20.0, 20.0, 20.0, 20.0, 20.0, 20.0, 20.0]",-1.8983697891235352,-0.9986298084259033,0.117,0.0222,-0.0928,-0.3498,-0.0342,0.023,-0.0029,-9.7808,15.3,,50.0,,,,1.2549,0.2909,1.2882,193.05,14.99,1.22485,0.0048,154.28,0.0,1,104.78,99.491,1,3,10,0.7,1.534,0,0.0,0,0
1790618523.0605698,47.3979621,8.546138899999999,1.1110000610351562,-0.0027879381086677313,0.003618486924096942,0.6974231004714966,268.33,-0.023605726096071533,-0.8096559576113037,0.0,-91.67000000000002,20.0,19.999999999999996,0.0,0.0,0.5523537460770139,-0.0037200983179950043,14.0,0.0,0.0,"[20.0, 20.0, 20.0, 20.0, 20.0, 20.0, 20.0, 20.0, 20.0, 20.0, 20.0, 20.0, 20.0, 20.0, 20.0, 20.0, 20.0, 20.0, 20.0, 20.0, 20.0, 20.0, 20.0, 20.0, 20.0, 20.0, 20.0, 20.0, 20.0, 20.0, 20.0, 20.0, 20.0, 20.0, 20.0, 20.0, 20.0, 20.0, 20.0, 20.0, 20.0, 20.0, 20.0, 20.0, 20.0, 20.0, 20.0, 20.0, 20.0, 20.0, 20.0, 20.0, 20.0, 20.0, 20.0, 20.0, 20.0, 20.0, 20.0, 20.0, 20.0, 20.0, 20.0, 20.0, 20.0, 20.0, 20.0, 20.0, 20.0, 20.0, 20.0, 20.0]",-1.8905497789382935,-0.9989221096038818,0.0986,-0.0582,0.0341,-0.4576,-0.0189,0.0105,-0.0029,-9.8001,15.3,,50.0,,,,1.4547,0.2086,1.4696,188.16,14.99,1.22487,0.0046,127.61,0.0,1,104.98,99.499,1,3,10,0.7,1.379,0,0.0,0,0
1790618523.2608607,47.3979621,8.546139,0.9720000624656677,-0.0011788561241701245,0.0023868593852967024,0.6988467574119568,268.33,-0.023605726096071533,-0.8096559576113037,0.0,-91.67000000000002,20.0,19.999999999999996,0.0,0.0,0.23833290105426927,-0.002282355543792431,14.0,0.0,0.0,"[20.0, 20.0, 20.0, 20.0, 20.0, 20.0, 20.0, 20.0, 20.0, 20.0, 20.0, 20.0, 20.0, 20.0, 20.0, 20.0, 20.0, 20.0, 20.0, 20.0, 20.0, 20.0, 20.0, 20.0, 20.0, 20.0, 20.0, 20.0, 20.0, 20.0, 20.0, 20.0, 20.0, 20.0, 20.0, 20.0, 20.0, 20.0, 20.0, 20.0, 20.0, 20.0, 20.0, 20.0, 20.0, 20.0, 20.0, 20.0, 20.0, 20.0, 20.0, 20.0, 20.0, 20.0, 20.0, 20.0, 20.0, 20.0, 20.0, 20.0, 20.0, 20.0, 20.0, 20.0, 20.0, 20.0, 20.0, 20.0, 20.0, 20.0, 20.0, 20.0]",-1.8830304145812988,-0.998304545879364,0.0916,-0.1336,-0.0741,-0.3823,-0.0605,0.0086,-0.0076,-9.8093,15.3,,50.0,,,,1.5601,0.4263,1.6173,195.28,14.99,1.22489,0.0027,116.28,0.0,1,105.18,99.507,1,3,10,0.7,1.271,0,0.0,0,0
1790618523.461838,47.397962199999995,8.5461391,0.8330000638961792,0.0012425815220922232,-0.0010690263006836176,0.6983326077461243,268.33,-0.023605726096071533,-0.8096559576113037,0.0,-91.67000000000002,20.0,19.999999999999996,0.0,0.0,-0.2431634020085535,0.0005742634649764321,14.0,0.0,0.0,"[20.0, 20.0, 20.0, 20.0, 20.0, 20.0, 20.0, 20.0, 20.0, 20.0, 20.0, 20.0, 20.0, 20.0, 20.0, 20.0, 20.0, 20.0, 20.0, 20.0, 20.0, 20.0, 20.0, 20.0, 20.0, 20.0, 20.0, 20.0, 20.0, 20.0, 20.0, 20.0, 20.0, 20.0, 20.0, 20.0, 20.0, 20.0, 20.0, 20.0, 20.0, 20.0, 20.0, 20.0, 20.0, 20.0, 20.0, 20.0, 20.0, 20.0, 20.0, 20.0, 20.0, 20.0, 20.0, 20.0, 20.0, 20.0, 20.0, 20.0, 20.0, 20.0, 20.0, 20.0, 20.0, 20.0, 20.0, 20.0, 20.0, 20.0, 20.0, 20.0]",-1.876677393913269,-0.9959673285484314,0.0682,-0.1895,-0.236,-0.2376,-0.0653,0.0051,-0.0057,-9.808,15.3,,50.0,,,,1.5559,0.3489,1.5945,192.64,14.99,1.2249,0.0016,319.29,0.0,1,105.38,99.514,1,3,10,0.7,1.103,0,0.0,0,0
1790618523.6629076,47.397962199999995,8.5461391,0.6940000057220459,0.0036600236780941486,-0.006717256270349026,0.6973918080329895,268.32,-0.023747037358505012,-0.8096518253031323,0.0,-91.68,20.0,19.999999999999996,0.0,0.0,-0.7362832780524233,0.0019168370567497397,14.0,0.0,0.0,"[20.0, 20.0, 20.0, 20.0, 20.0, 20.0, 20.0, 20.0, 20.0, 20.0, 20.0, 20.0, 20.0, 20.0, 20.0, 20.0, 20.0, 20.0, 20.0, 20.0, 20.0, 20.0, 20.0, 20.0, 20.0, 20.0, 20.0, 20.0, 20.0, 20.0, 20.0, 20.0, 20.0, 20.0, 20.0, 20.0, 20.0, 20.0, 20.0, 20.0, 20.0, 20.0, 20.0, 20.0, 20.0, 20.0, 20.0, 20.0, 20.0, 20.0, 20.0, 20.0, 20.0, 20.0, 20.0, 20.0, 20.0, 20.0, 20.0, 20.0, 20.0, 20.0, 20.0, 20.0, 20.0, 20.0, 20.0, 20.0, 20.0, 20.0, 20.0, 20.0]",-1.8729552030563354,-0.9919891953468323,0.0249,-0.2114,-0.2644,0.0412,-0.0117,0.0132,-0.006,-9.8223,15.3,,50.0,,,,1.5933,0.3305,1.6272,191.72,15.0,1.22492,0.0076,298.58,0.0,1,105.58,99.519,1,3,10,0.7,0.929,0,0.0,0,0
1790618523.8637831,47.397962299999996,8.5461391,0.5560000538825989,0.004878879524767399,-0.014442505314946175,0.6957570910453796,268.32,-0.023747037358505012,-0.8096518253031323,0.0,-91.68,20.0,19.999999999999996,0.0,0.0,-1.0121579630860853,-0.003607331868742368,14.0,0.0,0.0,"[20.0, 20.0, 20.0, 20.0, 20.0, 20.0, 20.0, 20.0, 20.0, 20.0, 20.0, 20.0, 20.0, 20.0, 20.0, 20.0, 20.0, 20.0, 20.0, 20.0, 20.0, 20.0, 20.0, 20.0, 20.0, 20.0, 20.0, 20.0, 20.0, 20.0, 20.0, 20.0, 20.0, 20.0, 20.0, 20.0, 20.0, 20.0, 20.0, 20.0, 20.0, 20.0, 20.0, 20.0, 20.0, 20.0, 20.0, 20.0, 20.0, 20.0, 20.0, 20.0, 20.0, 20.0, 20.0, 20.0, 20.0, 20.0, 20.0, 20.0, 20.0, 20.0, 20.0, 20.0, 20.0, 20.0, 20.0, 20.0, 20.0, 20.0, 20.0, 20.0]",-1.8724004030227661,-0.9856192469596863,-0.0331,-0.1971,-0.2484,0.2044,-0.0857,0.0056,-0.0023,-9.8228,15.3,,50.0,,,,1.6184,0.3347,1.6526,191.68,15.0,1.22493,0.0152,288.67,0.0,1,105.78,99.525,1,3,10,0.7,0.808,0,0.0,0,0
1790618524.0639522,47.397962299999996,8.5461391,0.4180000126361847,0.00428464962169528,-0.021312598139047623,0.6947082877159119,268.32,-0.023747037358505012,-0.8096518253031323,0.0,-91.68,20.0,19.999999999999996,-0.0,0.0,-0.9372059067095522,-0.013289069918802132,14.0,0.0,0.0,"[20.0, 20.0, 20.0, 20.0, 20.0, 20.0, 20.0, 20.0, 20.0, 20.0, 20.0, 20.0, 20.0, 20.0, 20.0, 20.0, 20.0, 20.0, 20.0, 20.0, 20.0, 20.0, 20.0, 20.0, 20.0, 20.0, 20.0, 20.0, 20.0, 20.0, 20.0, 20.0, 20.0, 20.0, 20.0, 20.0, 20.0, 20.0, 20.0, 20.0, 20.0, 20.0, 20.0, 20.0, 20.0, 20.0, 20.0, 20.0, 20.0, 20.0, 20.0, 20.0, 20.0, 20.0, 20.0, 20.0, 20.0, 20.0, 20.0, 20.0, 20.0, 20.0, 20.0, 20.0, 20.0, 20.0, 20.0, 20.0, 20.0, 20.0, 20.0, 20.0]",-1.8749197721481323,-0.9805253744125366,-0.0938,-0.1507,-0.3066,0.3517,-0.0098,0.0069,-0.0126,-9.8043,15.3,,50.0,,,,1.6182,0.3135,1.6483,190.96,15.0,1.22495,0.0217,281.37,0.0,1,105.98,99.531,1,3,10,0.7,0.682,0,0.0,0,0
1790618524.2642581,47.397962299999996,8.546139,0.27900001406669617,0.0006822668947279453,-0.026487477123737335,0.6943143606185913,268.32,-0.023747037358505012,-0.8096518253031323,0.0,-91.68,20.0,19.999999999999996,-0.0,0.0,-0.2785537919390403,-0.022479120768527688,14.0,0.0,0.0,"[20.0, 20.0, 20.0, 20.0, 20.0, 20.0, 20.0, 20.0, 20.0, 20.0, 20.0, 20.0, 20.0, 20.0, 20.0, 20.0, 20.0, 20.0, 20.0, 20.0, 20.0, 20.0, 20.0, 20.0, 20.0, 20.0, 20.0, 20.0, 20.0, 20.0, 20.0, 20.0, 20.0, 20.0, 20.0, 20.0, 20.0, 20.0, 20.0, 20.0, 20.0, 20.0, 20.0, 20.0, 20.0, 20.0, 20.0, 20.0, 20.0, 20.0, 20.0, 20.0, 20.0, 20.0, 20.0, 20.0, 20.0, 20.0, 20.0, 20.0, 20.0, 20.0, 20.0, 20.0, 20.0, 20.0, 20.0, 20.0, 20.0, 20.0, 20.0, 20.0]",-1.879428744316101,-0.9775478839874268,-0.1298,-0.0785,-0.0715,0.4219,-0.0734,0.002,-0.0121,-9.8177,15.3,,50.0,,,,1.6457,0.3433,1.6811,191.78,15.0,1.22497,0.0265,271.48,0.0,1,106.18,99.537,1,3,10,0.7,0.549,0,0.0,0,0
1790618524.4650207,47.397962299999996,8.546139,0.14000000059604645,-0.0030867888126522303,-0.028599495068192482,0.6935420036315918,268.32,-0.023747037358505012,-0.8096518253031323,0.0,-91.68,20.0,19.999999999999996,-0.0,0.0,0.42913758038667466,-0.025446859469115856,14.0,0.0,0.0,"[20.0, 20.0, 20.0, 20.0, 20.0, 20.0, 20.0, 20.0, 20.0, 20.0, 20.0, 20.0, 20.0, 20.0, 20.0, 20.0, 20.0, 20.0, 20.0, 20.0, 20.0, 20.0, 20.0, 20.0, 20.0, 20.0, 20.0, 20.0, 20.0, 20.0, 20.0, 20.0, 20.0, 20.0, 20.0, 20.0, 20.0, 20.0, 20.0, 20.0, 20.0, 20.0, 20.0, 20.0, 20.0, 20.0, 20.0, 20.0, 20.0, 20.0, 20.0, 20.0, 20.0, 20.0, 20.0, 20.0, 20.0, 20.0, 20.0, 20.0, 20.0, 20.0, 20.0, 20.0, 20.0, 20.0, 20.0, 20.0, 20.0, 20.0, 20.0, 20.0]",-1.8849149942398071,-0.9753719568252563,-0.1284,-0.0012,0.0217,0.3196,-0.0196,0.0162,-0.0023,-9.8046,15.3,,50.0,,,,1.4919,0.3232,1.5265,192.22,15.0,1.22498,0.0288,263.84,0.0,1,106.38,99.542,1,3,10,0.7,0.438,0,0.0,0,0
1790618524.6659598,47.3979624,8.546138899999999,0.0020000000949949026,-0.006160993594676256,-0.027961034327745438,0.6920236945152283,268.32,-0.023747037358505012,-0.8096518253031323,0.0,-91.68,20.0,19.999999999999996,-0.0,0.0,1.0194903562167101,-0.02415025674324154,14.0,0.0,0.0,"[20.0, 20.0, 20.0, 20.0, 20.0, 20.0, 20.0, 20.0, 20.0, 20.0, 20.0, 20.0, 20.0, 20.0, 20.0, 20.0, 20.0, 20.0, 20.0, 20.0, 20.0, 20.0, 20.0, 20.0, 20.0, 20.0, 20.0, 20.0, 20.0, 20.0, 20.0, 20.0, 20.0, 20.0, 20.0, 20.0, 20.0, 20.0, 20.0, 20.0, 20.0, 20.0, 20.0, 20.0, 20.0, 20.0, 20.0, 20.0, 20.0, 20.0, 20.0, 20.0, 20.0, 20.0, 20.0, 20.0, 20.0, 20.0, 20.0, 20.0, 20.0, 20.0, 20.0, 20.0, 20.0, 20.0, 20.0, 20.0, 20.0, 20.0, 20.0, 20.0]",-1.8901517391204834,-0.9734592437744141,-0.1278,0.0614,-0.0117,0.1561,-0.0258,0.0166,-0.0027,-9.8049,15.3,,50.0,,,,1.525,0.2448,1.5446,189.12,15.0,1.225,0.0286,257.57,0.0,1,106.58,99.548,1,3,10,0.7,0.294,0,0.0,0,0
