timestamp,lat,lon,rel_alt,vx,vy,vz,yaw,cmd_vx,cmd_vy,cmd_vz,cmd_yaw,lidar_min,front_lidar_min,cross_track_m,heading_error_deg,sideslip_deg,progress_mps,geom_clearance_m,geom_threat,tilt_target_deg,lidar_json,goal_x,goal_y,roll_deg,pitch_deg,roll_rate_dps,pitch_rate_dps,yaw_rate_dps,accel_fwd_ms2,accel_right_ms2,accel_down_ms2,battery_voltage_v,battery_current_a,battery_remaining_pct,power_draw_w,energy_consumed_wh,flight_time_remaining_s,wind_north_mps,wind_east_mps,wind_speed_mps,wind_dir_deg,temperature_deg_c,air_density_kg_m3,ground_speed_mps,course_over_ground_deg,distance_to_goal_m,path_wps_remaining,mission_elapsed_s,total_distance_flown_m,flight_phase,gps_fix_type,gps_num_sats,gps_hdop,altitude_msl_m,obstacle_count_near,effective_airspeed_mps,is_replanning,is_recovering
1790741841.689129,47.397971,8.5461638,0.06800000369548798,-0.0049865092150866985,0.003950605634599924,-0.01776682212948799,96.54,-0.0913613388126062,0.7969213222040665,0.0,96.54000000000002,20.0,20.0,0.0,0.0,-0.8601548156795618,0.0,14.0,0.0,0.0,"[20.0, 20.0, 20.0, 20.0, 20.0, 20.0, 20.0, 20.0, 20.0, 20.0, 20.0, 20.0, 20.0, 20.0, 20.0, 20.0, 20.0, 20.0, 20.0, 20.0, 20.0, 20.0, 20.0, 20.0, 20.0, 20.0, 20.0, 20.0, 20.0, 20.0, 20.0, 20.0, 20.0, 20.0, 20.0, 20.0, 20.0, 20.0, 20.0, 20.0, 20.0, 20.0, 20.0, 20.0, 20.0, 20.0, 20.0, 20.0, 20.0, 20.0, 20.0, 20.0, 20.0, 20.0, 20.0, 20.0, 20.0, 20.0, 20.0, 20.0, 20.0, 20.0, 20.0, 20.0, 20.0, 20.0, 20.0, 20.0, 20.0, 20.0, 20.0, 20.0]",0.0046364739537239075,-0.010640415363013744,0.0443,-0.0265,0.0622,0.0498,0.0159,-0.0064,-0.0066,-9.8183,16.2,,100.0,,,,2.3313,1.16,2.604,206.45,15.0,1.22499,0.0064,141.61,0.0,1,0.0,0.012,0,3,10,0.7,0.19,0,0.0,0,0
1790741841.886147,47.397971,8.5461637,0.06700000166893005,-0.0037670577876269817,-0.0013017577584832907,-0.0175605658441782,96.54,-0.09225643240861624,0.8047289920707682,0.0,96.54000000000002,20.0,20.0,-0.0,0.0,-0.7430483236530032,-0.00040636802615990415,14.0,0.0,0.0,"[20.0, 20.0, 20.0, 20.0, 20.0, 20.0, 20.0, 20.0, 20.0, 20.0, 20.0, 20.0, 20.0, 20.0, 20.0, 20.0, 20.0, 20.0, 20.0, 20.0, 20.0, 20.0, 20.0, 20.0, 20.0, 20.0, 20.0, 20.0, 20.0, 20.0, 20.0, 20.0, 20.0, 20.0, 20.0, 20.0, 20.0, 20.0, 20.0, 20.0, 20.0, 20.0, 20.0, 20.0, 20.0, 20.0, 20.0, 20.0, 20.0, 20.0, 20.0, 20.0, 20.0, 20.0, 20.0, 20.0, 20.0, 20.0, 20.0, 20.0, 20.0, 20.0, 20.0, 20.0, 20.0, 20.0, 20.0, 20.0, 20.0, 20.0, 20.0, 20.0]",-0.0013880078913643956,-0.009226127527654171,0.0448,-0.0195,-0.0036,0.0006,-0.0493,-0.0054,0.0017,-9.8111,16.2,,100.0,,,,2.3818,1.3501,2.7378,209.55,15.0,1.22499,0.004,199.06,0.0,1,0.0,0.018,0,3,10,0.7,0.195,0,0.0,0,0
1790741842.0867639,47.3979711,8.5461637,0.06599999964237213,-0.0037900989409536123,-0.005024605430662632,-0.016384869813919067,96.54,-0.09225643240861624,0.8047289920707682,0.0,96.54000000000002,20.0,20.0,-0.0,0.0,-0.828386117179268,-0.004030198879603459,14.0,0.0,0.0,"[20.0, 20.0, 20.0, 20.0, 20.0, 20.0, 20.0, 20.0, 20.0, 20.0, 20.0, 20.0, 20.0, 20.0, 20.0, 20.0, 20.0, 20.0, 20.0, 20.0, 20.0, 20.0, 20.0, 20.0, 20.0, 20.0, 20.0, 20.0, 20.0, 20.0, 20.0, 20.0, 20.0, 20.0, 20.0, 20.0, 20.0, 20.0, 20.0, 20.0, 20.0, 20.0, 20.0, 20.0, 20.0, 20.0, 20.0, 20.0, 20.0, 20.0, 20.0, 20.0, 20.0, 20.0, 20.0, 20.0, 20.0, 20.0, 20.0, 20.0, 20.0, 20.0, 20.0, 20.0, 20.0, 20.0, 20.0, 20.0, 20.0, 20.0, 20.0, 20.0]",-0.006670773960649967,-0.007991469465196133,0.0471,-0.0176,0.0248,-0.0022,-0.0315,-0.0079,-0.0021,-9.8189,16.2,,100.0,,,,2.2681,1.4132,2.6724,211.93,15.0,1.22499,0.0063,232.97,0.0,1,0.0,0.023,0,3,10,0.7,0.21,0,0.0,0,0
1790741842.2882595,47.3979711,8.5461636,0.06400000303983688,-0.0043462179601192474,-0.005396410822868347,-0.015392539091408253,96.54,-0.09225643240861624,0.8047289920707682,0.0,96.54000000000002,20.0,20.0,-0.0,0.0,-0.941966484965437,-0.0016933510668597986,14.0,0.0,0.0,"[20.0, 20.0, 20.0, 20.0, 20.0, 20.0, 20.0, 20.0, 20.0, 20.0, 20.0, 20.0, 20.0, 20.0, 20.0, 20.0, 20.0, 20.0, 20.0, 20.0, 20.0, 20.0, 20.0, 20.0, 20.0, 20.0, 20.0, 20.0, 20.0, 20.0, 20.0, 20.0, 20.0, 20.0, 20.0, 20.0, 20.0, 20.0, 20.0, 20.0, 20.0, 20.0, 20.0, 20.0, 20.0, 20.0, 20.0, 20.0, 20.0, 20.0, 20.0, 20.0, 20.0, 20.0, 20.0, 20.0, 20.0, 20.0, 20.0, 20.0, 20.0, 20.0, 20.0, 20.0, 20.0, 20.0, 20.0, 20.0, 20.0, 20.0, 20.0, 20.0]",-0.00852186232805252,-0.006596230901777744,0.0494,-0.0248,-0.0235,-0.0103,-0.041,0.0024,-0.0068,-9.8152,16.2,,100.0,,,,2.4349,1.5323,2.8769,212.18,15.0,1.22499,0.0069,231.15,0.0,1,0.0,0.026,0,3,10,0.7,0.192,0,0.0,0,0
1790741842.4887698,47.3979711,8.5461637,0.06100000441074371,-0.005853631999343634,-0.002743739867582917,-0.013922777958214283,96.54,-0.09225643240861624,0.8047289920707682,0.0,96.54000000000002,20.0,20.0,0.0,0.0,-1.1702073091510161,0.0025974731661659355,14.0,0.0,0.0,"[20.0, 20.0, 20.0, 20.0, 20.0, 20.0, 20.0, 20.0, 20.0, 20.0, 20.0, 20.0, 20.0, 20.0, 20.0, 20.0, 20.0, 20.0, 20.0, 20.0, 20.0, 20.0, 20.0, 20.0, 20.0, 20.0, 20.0, 20.0, 20.0, 20.0, 20.0, 20.0, 20.0, 20.0, 20.0, 20.0, 20.0, 20.0, 20.0, 20.0, 20.0, 20.0, 20.0, 20.0, 20.0, 20.0, 20.0, 20.0, 20.0, 20.0, 20.0, 20.0, 20.0, 20.0, 20.0, 20.0, 20.0, 20.0, 20.0, 20.0, 20.0, 20.0, 20.0, 20.0, 20.0, 20.0, 20.0, 20.0, 20.0, 20.0, 20.0, 20.0]",-0.007202981971204281,-0.006629005540162325,0.0504,-0.0385,-0.0819,-0.0534,0.0226,-0.0108,-0.0043,-9.8121,16.2,,100.0,,,,2.4051,1.3706,2.7683,209.68,15.0,1.22499,0.0065,205.11,0.0,1,0.0,0.027,0,3,10,0.7,0.196,0,0.0,0,0
1790741842.689032,47.3979711,8.5461637,0.0560000017285347,-0.0070425677113235,0.0011538163525983691,-0.011453756131231785,96.54,-0.09225643240861624,0.8047289920707682,0.0,96.54000000000002,20.0,20.0,0.0,0.0,-1.3109512490330242,-0.0031638312994275867,14.0,0.0,0.0,"[20.0, 20.0, 20.0, 20.0, 20.0, 20.0, 20.0, 20.0, 20.0, 20.0, 20.0, 20.0, 20.0, 20.0, 20.0, 20.0, 20.0, 20.0, 20.0, 20.0, 20.0, 20.0, 20.0, 20.0, 20.0, 20.0, 20.0, 20.0, 20.0, 20.0, 20.0, 20.0, 20.0, 20.0, 20.0, 20.0, 20.0, 20.0, 20.0, 20.0, 20.0, 20.0, 20.0, 20.0, 20.0, 20.0, 20.0, 20.0, 20.0, 20.0, 20.0, 20.0, 20.0, 20.0, 20.0, 20.0, 20.0, 20.0, 20.0, 20.0, 20.0, 20.0, 20.0, 20.0, 20.0, 20.0, 20.0, 20.0, 20.0, 20.0, 20.0, 20.0]",-0.0038961023092269897,-0.007640802301466465,0.0522,-0.0518,0.0232,0.0154,0.0007,-0.0176,0.0019,-9.8094,16.2,,100.0,,,,2.3657,1.4359,2.7674,211.26,15.0,1.22499,0.0071,170.7,0.0,1,0.0,0.03,0,3,10,0.7,0.204,0,0.0,0,0
1790741842.8899126,47.3979711,8.5461637,0.05000000074505806,-0.006860319059342146,0.004176718182861805,-0.00906031671911478,96.54,-0.09225643240861624,0.8047289920707682,0.0,96.54000000000002,20.0,20.0,0.0,0.0,-1.2106631743822194,-0.0037293171407590357,14.0,0.0,0.0,"[20.0, 20.0, 20.0, 20.0, 20.0, 20.0, 20.0, 20.0, 20.0, 20.0, 20.0, 20.0, 20.0, 20.0, 20.0, 20.0, 20.0, 20.0, 20.0, 20.0, 20.0, 20.0, 20.0, 20.0, 20.0, 20.0, 20.0, 20.0, 20.0, 20.0, 20.0, 20.0, 20.0, 20.0, 20.0, 20.0, 20.0, 20.0, 20.0, 20.0, 20.0, 20.0, 20.0, 20.0, 20.0, 20.0, 20.0, 20.0, 20.0, 20.0, 20.0, 20.0, 20.0, 20.0, 20.0, 20.0, 20.0, 20.0, 20.0, 20.0, 20.0, 20.0, 20.0, 20.0, 20.0, 20.0, 20.0, 20.0, 20.0, 20.0, 20.0, 20.0]",-0.00071404391201213,-0.007436831947416067,0.0458,-0.0544,0.0266,-0.0634,0.001,-0.0124,-0.0104,-9.8095,16.2,,100.0,,,,2.3281,1.5637,2.8045,213.89,15.0,1.22499,0.008,148.67,0.0,1,0.0,0.034,0,3,10,0.7,0.205,0,0.0,0,0
1790741843.0919654,47.3979711,8.5461637,0.04500000178813934,-0.0036133909597992897,0.003928313031792641,-0.00707230344414711,96.55,-0.09239688270773613,0.8047128780291098,0.0,96.55000000000001,20.0,20.0,0.0,0.0,-0.5999988890902767,0.003320656572904159,14.0,0.0,0.0,"[20.0, 20.0, 20.0, 20.0, 20.0, 20.0, 20.0, 20.0, 20.0, 20.0, 20.0, 20.0, 20.0, 20.0, 20.0, 20.0, 20.0, 20.0, 20.0, 20.0, 20.0, 20.0, 20.0, 20.0, 20.0, 20.0, 20.0, 20.0, 20.0, 20.0, 20.0, 20.0, 20.0, 20.0, 20.0, 20.0, 20.0, 20.0, 20.0, 20.0, 20.0, 20.0, 20.0, 20.0, 20.0, 20.0, 20.0, 20.0, 20.0, 20.0, 20.0, 20.0, 20.0, 20.0, 20.0, 20.0, 20.0, 20.0, 20.0, 20.0, 20.0, 20.0, 20.0, 20.0, 20.0, 20.0, 20.0, 20.0, 20.0, 20.0, 20.0, 20.0]",-0.0005575557006523013,-0.005272759590297937,0.0363,-0.0456,-0.0264,-0.0804,0.0095,-0.0004,-0.006,-9.8104,16.2,,100.0,,,,2.5048,1.5767,2.9597,212.19,15.0,1.22499,0.0053,132.61,0.0,1,0.0,0.036,0,3,10,0.7,0.221,0,0.0,0,0
1790741843.292094,47.3979711,8.5461637,0.04200000315904617,0.00012874689127784222,0.00404150877147913,-0.006125696934759617,96.56,-0.09253733019228604,0.8046967394744954,0.0,96.56,20.0,20.0,0.0,0.0,0.1126090826944787,-0.0003792045274343352,14.0,0.0,0.0,"[20.0, 20.0, 20.0, 20.0, 20.0, 20.0, 20.0, 20.0, 20.0, 20.0, 20.0, 20.0, 20.0, 20.0, 20.0, 20.0, 20.0, 20.0, 20.0, 20.0, 20.0, 20.0, 20.0, 20.0, 20.0, 20.0, 20.0, 20.0, 20.0, 20.0, 20.0, 20.0, 20.0, 20.0, 20.0, 20.0, 20.0, 20.0, 20.0, 20.0, 20.0, 20.0, 20.0, 20.0, 20.0, 20.0, 20.0, 20.0, 20.0, 20.0, 20.0, 20.0, 20.0, 20.0, 20.0, 20.0, 20.0, 20.0, 20.0, 20.0, 20.0, 20.0, 20.0, 20.0, 20.0, 20.0, 20.0, 20.0, 20.0, 20.0, 20.0, 20.0]",-0.0003505837230477482,-0.001942685805261135,0.0251,-0.0402,-0.0002,0.0221,0.0185,-0.0077,-0.0131,-9.815,16.2,,100.0,,,,2.5833,1.4841,2.9793,209.88,15.0,1.225,0.004,88.18,0.0,1,0.0,0.039,0,3,10,0.7,0.247,0,0.0,0,0
1790741843.4928732,47.3979711,8.5461638,0.04100000113248825,0.0005281030316837132,0.004831916652619839,-0.005945632234215736,96.57000000000001,-0.09267777485798767,0.8046805764074165,0.0,96.57,20.0,20.0,0.0,0.0,0.20578422499904445,-0.004433045737557639,14.0,0.0,0.0,"[20.0, 20.0, 20.0, 20.0, 20.0, 20.0, 20.0, 20.0, 20.0, 20.0, 20.0, 20.0, 20.0, 20.0, 20.0, 20.0, 20.0, 20.0, 20.0, 20.0, 20.0, 20.0, 20.0, 20.0, 20.0, 20.0, 20.0, 20.0, 20.0, 20.0, 20.0, 20.0, 20.0, 20.0, 20.0, 20.0, 20.0, 20.0, 20.0, 20.0, 20.0, 20.0, 20.0, 20.0, 20.0, 20.0, 20.0, 20.0, 20.0, 20.0, 20.0, 20.0, 20.0, 20.0, 20.0, 20.0, 20.0, 20.0, 20.0, 20.0, 20.0, 20.0, 20.0, 20.0, 20.0, 20.0, 20.0, 20.0, 20.0, 20.0, 20.0, 20.0]",0.0002127965708496049,-0.0016114729223772883,0.0237,-0.0432,-0.0056,-0.0303,-0.01,-0.0064,-0.0056,-9.8072,16.2,,100.0,,,,2.6854,1.3433,3.0026,206.57,15.0,1.225,0.0049,83.76,0.0,1,0.0,0.04,0,3,10,0.7,0.232,0,0.0,0,0
1790741843.6936018,47.3979711,8.5461638,0.039000000804662704,-0.0006385083543136716,0.006409787107259035,-0.006111196707934141,96.56,-0.09253733019228604,0.8046967394744954,0.0,96.56,20.0,20.0,0.0,0.0,0.018706952313311407,-0.004798872209360651,14.0,0.0,0.0,"[20.0, 20.0, 20.0, 20.0, 20.0, 20.0, 20.0, 20.0, 20.0, 20.0, 20.0, 20.0, 20.0, 20.0, 20.0, 20.0, 20.0, 20.0, 20.0, 20.0, 20.0, 20.0, 20.0, 20.0, 20.0, 20.0, 20.0, 20.0, 20.0, 20.0, 20.0, 20.0, 20.0, 20.0, 20.0, 20.0, 20.0, 20.0, 20.0, 20.0, 20.0, 20.0, 20.0, 20.0, 20.0, 20.0, 20.0, 20.0, 20.0, 20.0, 20.0, 20.0, 20.0, 20.0, 20.0, 20.0, 20.0, 20.0, 20.0, 20.0, 20.0, 20.0, 20.0, 20.0, 20.0, 20.0, 20.0, 20.0, 20.0, 20.0, 20.0, 20.0]",0.001422521541826427,-0.0029330605175346136,0.0278,-0.0497,0.0106,-0.0281,-0.0215,-0.0001,-0.0057,-9.8037,16.2,,100.0,,,,2.7034,1.2341,2.9718,204.54,15.0,1.225,0.0064,95.69,0.0,1,0.0,0.041,0,3,10,0.7,0.197,0,0.0,0,0
1790741843.8940346,47.3979711,8.5461638,0.03700000047683716,-0.0009208736591972411,0.0069497195072472095,-0.005364084150642157,96.57000000000001,-0.09267777485798767,0.8046805764074165,0.0,96.57,20.0,20.0,0.0,0.0,-0.02285337704171517,-0.002314792540607044,14.0,0.0,0.0,"[20.0, 20.0, 20.0, 20.0, 20.0, 20.0, 20.0, 20.0, 20.0, 20.0, 20.0, 20.0, 20.0, 20.0, 20.0, 20.0, 20.0, 20.0, 20.0, 20.0, 20.0, 20.0, 20.0, 20.0, 20.0, 20.0, 20.0, 20.0, 20.0, 20.0, 20.0, 20.0, 20.0, 20.0, 20.0, 20.0, 20.0, 20.0, 20.0, 20.0, 20.0, 20.0, 20.0, 20.0, 20.0, 20.0, 20.0, 20.0, 20.0, 20.0, 20.0, 20.0, 20.0, 20.0, 20.0, 20.0, 20.0, 20.0, 20.0, 20.0, 20.0, 20.0, 20.0, 20.0, 20.0, 20.0, 20.0, 20.0, 20.0, 20.0, 20.0, 20.0]",0.0018025038298219442,-0.004762721713632345,0.0282,-0.0482,-0.0091,0.06,0.0119,-0.0034,0.0029,-9.8082,16.2,,100.0,,,,2.6926,1.059,2.8934,201.47,15.0,1.225,0.007,97.55,0.0,1,0.0,0.043,0,3,10,0.7,0.157,0,0.0,0,0
1790741844.0937607,47.397971,8.5461637,0.03200000151991844,-0.004502436146140099,0.005101239308714867,-0.004263417795300484,96.56,-0.09253733019228604,0.8046967394744954,0.0,96.56,20.0,20.0,0.0,0.0,-0.7429267914548605,-0.0026243941745786427,14.0,0.0,0.0,"[20.0, 20.0, 20.0, 20.0, 20.0, 20.0, 20.0, 20.0, 20.0, 20.0, 20.0, 20.0, 20.0, 20.0, 20.0, 20.0, 20.0, 20.0, 20.0, 20.0, 20.0, 20.0, 20.0, 20.0, 20.0, 20.0, 20.0, 20.0, 20.0, 20.0, 20.0, 20.0, 20.0, 20.0, 20.0, 20.0, 20.0, 20.0, 20.0, 20.0, 20.0, 20.0, 20.0, 20.0, 20.0, 20.0, 20.0, 20.0, 20.0, 20.0, 20.0, 20.0, 20.0, 20.0, 20.0, 20.0, 20.0, 20.0, 20.0, 20.0, 20.0, 20.0, 20.0, 20.0, 20.0, 20.0, 20.0, 20.0, 20.0, 20.0, 20.0, 20.0]",-6.347968883346766e-05,-0.010261577554047108,0.0385,-0.0416,-0.0162,0.0056,0.0345,-0.006,-0.0016,-9.7983,16.2,,100.0,,,,2.6349,1.1542,2.8766,203.66,15.0,1.225,0.0068,131.43,0.0,1,0.0,0.049,0,3,10,0.7,0.214,0,0.0,0,0
1790741844.2939131,47.397971,8.5461637,0.029000001028180122,-0.008104078471660614,0.0024643472861498594,-0.0030127335339784622,96.55,-0.09239688270773613,0.8047128780291098,0.0,96.55000000000001,20.0,20.0,0.0,0.0,-1.483642742214332,-0.006657896115042996,14.0,0.0,0.0,"[20.0, 20.0, 20.0, 20.0, 20.0, 20.0, 20.0, 20.0, 20.0, 20.0, 20.0, 20.0, 20.0, 20.0, 20.0, 20.0, 20.0, 20.0, 20.0, 20.0, 20.0, 20.0, 20.0, 20.0, 20.0, 20.0, 20.0, 20.0, 20.0, 20.0, 20.0, 20.0, 20.0, 20.0, 20.0, 20.0, 20.0, 20.0, 20.0, 20.0, 20.0, 20.0, 20.0, 20.0, 20.0, 20.0, 20.0, 20.0, 20.0, 20.0, 20.0, 20.0, 20.0, 20.0, 20.0, 20.0, 20.0, 20.0, 20.0, 20.0, 20.0, 20.0, 20.0, 20.0, 20.0, 20.0, 20.0, 20.0, 20.0, 20.0, 20.0, 20.0]",-0.002350136172026396,-0.01613507606089115,0.0483,-0.0364,0.0034,-0.0087,0.0381,-0.0023,0.0017,-9.8014,16.2,,100.0,,,,2.6314,1.2113,2.8968,204.72,15.0,1.225,0.0085,163.09,0.0,1,0.0,0.055,0,3,10,0.7,0.199,0,0.0,0,0
1790741844.49507,47.3979709,8.5461637,0.027000000700354576,-0.008491626009345055,0.0004372915136627853,-0.002129338448867202,96.55,-0.09239688270773613,0.8047128780291098,0.0,96.55000000000001,20.0,20.0,0.0,0.0,-1.6012514749804172,-0.0071831030349567195,14.0,0.0,0.0,"[20.0, 20.0, 20.0, 20.0, 20.0, 20.0, 20.0, 20.0, 20.0, 20.0, 20.0, 20.0, 20.0, 20.0, 20.0, 20.0, 20.0, 20.0, 20.0, 20.0, 20.0, 20.0, 20.0, 20.0, 20.0, 20.0, 20.0, 20.0, 20.0, 20.0, 20.0, 20.0, 20.0, 20.0, 20.0, 20.0, 20.0, 20.0, 20.0, 20.0, 20.0, 20.0, 20.0, 20.0, 20.0, 20.0, 20.0, 20.0, 20.0, 20.0, 20.0, 20.0, 20.0, 20.0, 20.0, 20.0, 20.0, 20.0, 20.0, 20.0, 20.0, 20.0, 20.0, 20.0, 20.0, 20.0, 20.0, 20.0, 20.0, 20.0, 20.0, 20.0]",-0.004092187155038118,-0.0192263200879097,0.048,-0.0288,0.0344,0.0112,0.0349,-0.0141,-0.0048,-9.8016,16.2,,100.0,,,,2.5542,1.2396,2.8391,205.89,15.0,1.225,0.0085,177.05,0.0,1,0.0,0.059,0,3,10,0.7,0.185,0,0.0,0,0
1790741844.695133,47.397971,8.5461637,0.027000000700354576,-0.005224412772804499,-0.002858903957530856,-0.002518376801162958,96.55,-0.09239688270773613,0.8047128780291098,0.0,96.55000000000001,20.0,20.0,-0.0,0.0,-1.0534412734203487,-0.00011736878103060571,14.0,0.0,0.0,"[20.0, 20.0, 20.0, 20.0, 20.0, 20.0, 20.0, 20.0, 20.0, 20.0, 20.0, 20.0, 20.0, 20.0, 20.0, 20.0, 20.0, 20.0, 20.0, 20.0, 20.0, 20.0, 20.0, 20.0, 20.0, 20.0, 20.0, 20.0, 20.0, 20.0, 20.0, 20.0, 20.0, 20.0, 20.0, 20.0, 20.0, 20.0, 20.0, 20.0, 20.0, 20.0, 20.0, 20.0, 20.0, 20.0, 20.0, 20.0, 20.0, 20.0, 20.0, 20.0, 20.0, 20.0, 20.0, 20.0, 20.0, 20.0, 20.0, 20.0, 20.0, 20.0, 20.0, 20.0, 20.0, 20.0, 20.0, 20.0, 20.0, 20.0, 20.0, 20.0]",-0.00688629737123847,-0.0177681315690279,0.0367,-0.0188,0.0186,0.0531,0.0007,-0.0005,-0.0047,-9.799,16.2,,100.0,,,,2.3358,1.1583,2.6072,206.38,15.0,1.225,0.006,208.69,0.0,1,0.0,0.062,0,3,10,0.7,0.196,0,0.0,0,0
1790741844.8959568,47.397971,8.5461636,0.02500000037252903,-0.001920830924063921,-0.0038005001842975616,-0.0023307260125875473,96.56,-0.09253733019228604,0.8046967394744954,0.0,96.56,20.0,20.0,-0.0,0.0,-0.44736355180336085,0.0002582569736634527,14.0,0.0,0.0,"[20.0, 20.0, 20.0, 20.0, 20.0, 20.0, 20.0, 20.0, 20.0, 20.0, 20.0, 20.0, 20.0, 20.0, 20.0, 20.0, 20.0, 20.0, 20.0, 20.0, 20.0, 20.0, 20.0, 20.0, 20.0, 20.0, 20.0, 20.0, 20.0, 20.0, 20.0, 20.0, 20.0, 20.0, 20.0, 20.0, 20.0, 20.0, 20.0, 20.0, 20.0, 20.0, 20.0, 20.0, 20.0, 20.0, 20.0, 20.0, 20.0, 20.0, 20.0, 20.0, 20.0, 20.0, 20.0, 20.0, 20.0, 20.0, 20.0, 20.0, 20.0, 20.0, 20.0, 20.0, 20.0, 20.0, 20.0, 20.0, 20.0, 20.0, 20.0, 20.0]",-0.008003449998795986,-0.015178581699728966,0.0266,-0.0184,0.0021,0.0395,-0.0557,-0.0055,0.0002,-9.8104,16.2,,100.0,,,,2.2597,1.0747,2.5023,205.44,15.0,1.225,0.0043,243.19,0.0,1,0.0,0.065,0,3,10,0.7,0.236,0,0.0,0,0
1790741845.0970528,47.397971,8.5461636,0.024000000208616257,0.0012870035134255886,-0.004217357840389013,-0.002002036664634943,96.57000000000001,-0.09267777485798767,0.8046805764074165,0.0,96.57,20.0,20.0,-0.0,0.0,0.1520271301243474,-0.0018593202752544072,14.0,0.0,0.0,"[20.0, 20.0, 20.0, 20.0, 20.0, 20.0, 20.0, 20.0, 20.0, 20.0, 20.0, 20.0, 20.0, 20.0, 20.0, 20.0, 20.0, 20.0, 20.0, 20.0, 20.0, 20.0, 20.0, 20.0, 20.0, 20.0, 20.0, 20.0, 20.0, 20.0, 20.0, 20.0, 20.0, 20.0, 20.0, 20.0, 20.0, 20.0, 20.0, 20.0, 20.0, 20.0, 20.0, 20.0, 20.0, 20.0, 20.0, 20.0, 20.0, 20.0, 20.0, 20.0, 20.0, 20.0, 20.0, 20.0, 20.0, 20.0, 20.0, 20.0, 20.0, 20.0, 20.0, 20.0, 20.0, 20.0, 20.0, 20.0, 20.0, 20.0, 20.0, 20.0]",-0.008457444608211517,-0.011935877613723278,0.019,-0.0218,-0.019,0.0006,0.0194,-0.0061,-0.0024,-9.8202,16.2,,100.0,,,,2.2165,1.0647,2.459,205.66,15.0,1.225,0.0044,286.97,0.0,1,0.0,0.068,0,3,10,0.7,0.261,0,0.0,0,0
1790741845.29781,47.397971,8.5461636,0.023000001907348633,0.0033727854024618864,-0.005468518007546663,-0.0012441497528925538,96.57000000000001,-0.09267777485798767,0.8046805764074165,0.0,96.57,20.0,20.0,-0.0,0.0,0.5204116997595275,-0.00619971960306505,14.0,0.0,0.0,"[20.0, 20.0, 20.0, 20.0, 20.0, 20.0, 20.0, 20.0, 20.0, 20.0, 20.0, 20.0, 20.0, 20.0, 20.0, 20.0, 20.0, 20.0, 20.0, 20.0, 20.0, 20.0, 20.0, 20.0, 20.0, 20.0, 20.0, 20.0, 20.0, 20.0, 20.0, 20.0, 20.0, 20.0, 20.0, 20.0, 20.0, 20.0, 20.0, 20.0, 20.0, 20.0, 20.0, 20.0, 20.0, 20.0, 20.0, 20.0, 20.0, 20.0, 20.0, 20.0, 20.0, 20.0, 20.0, 20.0, 20.0, 20.0, 20.0, 20.0, 20.0, 20.0, 20.0, 20.0, 20.0, 20.0, 20.0, 20.0, 20.0, 20.0, 20.0, 20.0]",-0.010456416755914688,-0.009801109321415424,0.0169,-0.0186,0.0152,-0.0152,0.0542,-0.0053,-0.0083,-9.8081,16.2,,100.0,,,,2.3181,1.0473,2.5437,204.31,15.0,1.225,0.0064,301.66,0.0,1,0.0,0.071,0,3,10,0.7,0.263,0,0.0,0,0
1790741845.4992037,47.397971,8.5461636,0.02200000174343586,0.004903164692223072,-0.006336888298392296,-0.00010871540143853053,96.57000000000001,-0.09267777485798767,0.8046805764074165,0.0,96.57,20.0,20.0,-0.0,0.0,0.7917613984839953,-0.007915393190116814,14.0,0.0,0.0,"[20.0, 20.0, 20.0, 20.0, 20.0, 20.0, 20.0, 20.0, 20.0, 20.0, 20.0, 20.0, 20.0, 20.0, 20.0, 20.0, 20.0, 20.0, 20.0, 20.0, 20.0, 20.0, 20.0, 20.0, 20.0, 20.0, 20.0, 20.0, 20.0, 20.0, 20.0, 20.0, 20.0, 20.0, 20.0, 20.0, 20.0, 20.0, 20.0, 20.0, 20.0, 20.0, 20.0, 20.0, 20.0, 20.0, 20.0, 20.0, 20.0, 20.0, 20.0, 20.0, 20.0, 20.0, 20.0, 20.0, 20.0, 20.0, 20.0, 20.0, 20.0, 20.0, 20.0, 20.0, 20.0, 20.0, 20.0, 20.0, 20.0, 20.0, 20.0, 20.0]",-0.01286895852535963,-0.008474252186715603,0.0176,-0.0146,-0.0038,0.0316,0.0231,0.0042,-0.0072,-9.8058,16.2,,100.0,,,,2.3244,1.1803,2.6068,206.92,15.0,1.225,0.008,307.73,0.0,1,0.0,0.074,0,3,10,0.7,0.233,0,0.0,0,0
1790741845.699859,47.397971,8.5461635,0.020000001415610313,0.0046988739632070065,-0.008038954809308052,0.0007957235793583095,96.56,-0.09253733019228604,0.8046967394744954,0.0,96.56,20.0,20.0,0.0,0.0,0.7161045780575738,-0.006200727224851469,14.0,0.0,0.0,"[20.0, 20.0, 20.0, 20.0, 20.0, 20.0, 20.0, 20.0, 20.0, 20.0, 20.0, 20.0, 20.0, 20.0, 20.0, 20.0, 20.0, 20.0, 20.0, 20.0, 20.0, 20.0, 20.0, 20.0, 20.0, 20.0, 20.0, 20.0, 20.0, 20.0, 20.0, 20.0, 20.0, 20.0, 20.0, 20.0, 20.0, 20.0, 20.0, 20.0, 20.0, 20.0, 20.0, 20.0, 20.0, 20.0, 20.0, 20.0, 20.0, 20.0, 20.0, 20.0, 20.0, 20.0, 20.0, 20.0, 20.0, 20.0, 20.0, 20.0, 20.0, 20.0, 20.0, 20.0, 20.0, 20.0, 20.0, 20.0, 20.0, 20.0, 20.0, 20.0]",-0.015840480104088783,-0.009436327964067459,0.0213,-0.0122,0.0466,0.0804,-0.0027,-0.0052,-0.0057,-9.8112,16.2,,100.0,,,,2.3181,1.1395,2.583,206.18,15.0,1.225,0.0093,300.31,0.0,1,0.0,0.077,0,3,10,0.7,0.215,0,0.0,0,0
1790741845.9008822,47.397971,8.5461635,0.017000000923871994,0.0032429425045847893,-0.009827753528952599,0.002313116565346718,96.56,-0.09253733019228604,0.8046967394744954,0.0,96.56,20.0,20.0,0.0,0.0,0.40086377816436514,-0.0052718807356652245,14.0,0.0,0.0,"[20.0, 20.0, 20.0, 20.0, 20.0, 20.0, 20.0, 20.0, 20.0, 20.0, 20.0, 20.0, 20.0, 20.0, 20.0, 20.0, 20.0, 20.0, 20.0, 20.0, 20.0, 20.0, 20.0, 20.0, 20.0, 20.0, 20.0, 20.0, 20.0, 20.0, 20.0, 20.0, 20.0, 20.0, 20.0, 20.0, 20.0, 20.0, 20.0, 20.0, 20.0, 20.0, 20.0, 20.0, 20.0, 20.0, 20.0, 20.0, 20.0, 20.0, 20.0, 20.0, 20.0, 20.0, 20.0, 20.0, 20.0, 20.0, 20.0, 20.0, 20.0, 20.0, 20.0, 20.0, 20.0, 20.0, 20.0, 20.0, 20.0, 20.0, 20.0, 20.0]",-0.019135732203722,-0.012312344275414944,0.0277,-0.0129,0.0192,-0.024,-0.0159,-0.0111,-0.0077,-9.8134,16.2,,100.0,,,,2.3636,0.9487,2.5469,201.87,15.0,1.225,0.0103,288.26,0.0,1,0.0,0.081,0,3,10,0.7,0.191,0,0.0,0,0
1790741846.1025288,47.397971,8.5461635,0.013000000268220901,0.0013594417832791805,-0.010857712477445602,0.0038472285959869623,96.55,-0.09239688270773613,0.8047128780291098,0.0,96.55000000000001,20.0,20.0,0.0,0.0,0.021395498320768567,-0.006219398420000322,14.0,0.0,0.0,"[20.0, 20.0, 20.0, 20.0, 20.0, 20.0, 20.0, 20.0, 20.0, 20.0, 20.0, 20.0, 20.0, 20.0, 20.0, 20.0, 20.0, 20.0, 20.0, 20.0, 20.0, 20.0, 20.0, 20.0, 20.0, 20.0, 20.0, 20.0, 20.0, 20.0, 20.0, 20.0, 20.0, 20.0, 20.0, 20.0, 20.0, 20.0, 20.0, 20.0, 20.0, 20.0, 20.0, 20.0, 20.0, 20.0, 20.0, 20.0, 20.0, 20.0, 20.0, 20.0, 20.0, 20.0, 20.0, 20.0, 20.0, 20.0, 20.0, 20.0, 20.0, 20.0, 20.0, 20.0, 20.0, 20.0, 20.0, 20.0, 20.0, 20.0, 20.0, 20.0]",-0.022501010447740555,-0.016079729422926903,0.031,-0.0141,-0.0466,-0.0403,-0.0085,-0.0037,-0.0027,-9.7983,16.2,,100.0,,,,2.2397,1.0169,2.4597,204.42,15.0,1.225,0.0109,277.14,0.0,1,0.0,0.086,0,3,10,0.7,0.274,0,0.0,0,0
1790741846.3035452,47.397971,8.5461634,0.01100000087171793,-0.0006218092748895288,-0.01171957328915596,0.004893686156719923,96.54,-0.09225643240861624,0.8047289920707682,0.0,96.54000000000002,20.0,20.0,0.0,0.0,-0.37291102854134067,-0.008628293183117213,14.0,0.0,0.0,"[20.0, 20.0, 20.0, 20.0, 20.0, 20.0, 20.0, 20.0, 20.0, 20.0, 20.0, 20.0, 20.0, 20.0, 20.0, 20.0, 20.0, 20.0, 20.0, 20.0, 20.0, 20.0, 20.0, 20.0, 20.0, 20.0, 20.0, 20.0, 20.0, 20.0, 20.0, 20.0, 20.0, 20.0, 20.0, 20.0, 20.0, 20.0, 20.0, 20.0, 20.0, 20.0, 20.0, 20.0, 20.0, 20.0, 20.0, 20.0, 20.0, 20.0, 20.0, 20.0, 20.0, 20.0, 20.0, 20.0, 20.0, 20.0, 20.0, 20.0, 20.0, 20.0, 20.0, 20.0, 20.0, 20.0, 20.0, 20.0, 20.0, 20.0, 20.0, 20.0]",-0.025384169071912766,-0.019035594537854195,0.035,-0.0144,-0.066,0.0403,-0.0521,-0.0049,-0.0047,-9.804,16.2,,100.0,,,,2.1401,0.9066,2.3243,202.96,15.0,1.225,0.0117,266.96,0.0,1,0.0,0.091,0,3,10,0.7,0.261,0,0.0,0,0
1790741846.5039127,47.397971,8.5461634,0.010000000707805157,-0.0003496092977002263,-0.012491724453866482,0.005474626086652279,96.54,-0.09225643240861624,0.8047289920707682,0.0,96.54000000000002,20.0,20.0,-0.0,0.0,-0.3380606685532613,-0.012456838197782592,14.0,0.0,0.0,"[20.0, 20.0, 20.0, 20.0, 20.0, 20.0, 20.0, 20.0, 20.0, 20.0, 20.0, 20.0, 20.0, 20.0, 20.0, 20.0, 20.0, 20.0, 20.0, 20.0, 20.0, 20.0, 20.0, 20.0, 20.0, 20.0, 20.0, 20.0, 20.0, 20.0, 20.0, 20.0, 20.0, 20.0, 20.0, 20.0, 20.0, 20.0, 20.0, 20.0, 20.0, 20.0, 20.0, 20.0, 20.0, 20.0, 20.0, 20.0, 20.0, 20.0, 20.0, 20.0, 20.0, 20.0, 20.0, 20.0, 20.0, 20.0, 20.0, 20.0, 20.0, 20.0, 20.0, 20.0, 20.0, 20.0, 20.0, 20.0, 20.0, 20.0, 20.0, 20.0]",-0.027816684916615486,-0.018909405916929245,0.0355,-0.0136,0.0563,0.001,-0.0435,-0.0129,-0.0059,-9.8058,16.2,,100.0,,,,2.1158,0.8583,2.2832,202.08,15.0,1.225,0.0125,268.4,0.0,1,0.0,0.093,0,3,10,0.7,0.25,0,0.0,0,0
1790741846.7048914,47.397971,8.5461634,0.009000000543892384,0.000997091643512249,-0.011149357073009014,0.005831023678183556,96.55,-0.09239688270773613,0.8047128780291098,0.0,96.55000000000001,20.0,20.0,0.0,0.0,-0.05371026266084625,0.0025486504951352557,14.0,0.0,0.0,"[20.0, 20.0, 20.0, 20.0, 20.0, 20.0, 20.0, 20.0, 20.0, 20.0, 20.0, 20.0, 20.0, 20.0, 20.0, 20.0, 20.0, 20.0, 20.0, 20.0, 20.0, 20.0, 20.0, 20.0, 20.0, 20.0, 20.0, 20.0, 20.0, 20.0, 20.0, 20.0, 20.0, 20.0, 20.0, 20.0, 20.0, 20.0, 20.0, 20.0, 20.0, 20.0, 20.0, 20.0, 20.0, 20.0, 20.0, 20.0, 20.0, 20.0, 20.0, 20.0, 20.0, 20.0, 20.0, 20.0, 20.0, 20.0, 20.0, 20.0, 20.0, 20.0, 20.0, 20.0, 20.0, 20.0, 20.0, 20.0, 20.0, 20.0, 20.0, 20.0]",-0.02714727073907852,-0.016881853342056274,0.0311,-0.0183,-0.0336,-0.0374,-0.0224,-0.0068,-0.0043,-9.8046,16.2,,100.0,,,,2.0247,0.7488,2.1587,200.3,15.0,1.225,0.0112,275.11,0.0,1,0.0,0.095,0,3,10,0.7,0.211,0,0.0,0,0
1790741846.905667,47.397971,8.5461635,0.00800000037997961,0.00386584154330194,-0.00729790423065424,0.0059589240700006485,96.57000000000001,-0.09267777485798767,0.8046805764074165,0.0,96.57,20.0,20.0,0.0,0.0,0.5739793668154198,0.003284263100610487,14.0,0.0,0.0,"[20.0, 20.0, 20.0, 20.0, 20.0, 20.0, 20.0, 20.0, 20.0, 20.0, 20.0, 20.0, 20.0, 20.0, 20.0, 20.0, 20.0, 20.0, 20.0, 20.0, 20.0, 20.0, 20.0, 20.0, 20.0, 20.0, 20.0, 20.0, 20.0, 20.0, 20.0, 20.0, 20.0, 20.0, 20.0, 20.0, 20.0, 20.0, 20.0, 20.0, 20.0, 20.0, 20.0, 20.0, 20.0, 20.0, 20.0, 20.0, 20.0, 20.0, 20.0, 20.0, 20.0, 20.0, 20.0, 20.0, 20.0, 20.0, 20.0, 20.0, 20.0, 20.0, 20.0, 20.0, 20.0, 20.0, 20.0, 20.0, 20.0, 20.0, 20.0, 20.0]",-0.022461649030447006,-0.01313389278948307,0.0216,-0.0252,-0.0598,0.008,0.0272,-0.0042,-0.0048,-9.8093,16.2,,100.0,,,,2.0003,0.7008,2.1195,199.31,15.0,1.225,0.0083,297.91,0.0,1,0.0,0.101,0,3,10,0.7,0.174,0,0.0,0,0
1790741847.1063275,47.397971,8.5461635,0.006000000052154064,0.006546599790453911,-0.002489094389602542,0.006002455018460751,96.59,-0.09295865571573385,0.804648176737836,0.0,96.59000000000003,20.0,20.0,0.0,0.0,1.1873208172942784,-0.0007394868327761346,14.0,0.0,0.0,"[20.0, 20.0, 20.0, 20.0, 20.0, 20.0, 20.0, 20.0, 20.0, 20.0, 20.0, 20.0, 20.0, 20.0, 20.0, 20.0, 20.0, 20.0, 20.0, 20.0, 20.0, 20.0, 20.0, 20.0, 20.0, 20.0, 20.0, 20.0, 20.0, 20.0, 20.0, 20.0, 20.0, 20.0, 20.0, 20.0, 20.0, 20.0, 20.0, 20.0, 20.0, 20.0, 20.0, 20.0, 20.0, 20.0, 20.0, 20.0, 20.0, 20.0, 20.0, 20.0, 20.0, 20.0, 20.0, 20.0, 20.0, 20.0, 20.0, 20.0, 20.0, 20.0, 20.0, 20.0, 20.0, 20.0, 20.0, 20.0, 20.0, 20.0, 20.0, 20.0]",-0.015906954184174538,-0.009811646305024624,0.0164,-0.0361,-0.0289,0.0078,0.0025,-0.0075,-0.0036,-9.8071,16.2,,100.0,,,,1.8897,0.6168,1.9878,198.08,15.0,1.225,0.007,339.18,0.0,1,0.0,0.109,0,3,10,0.7,0.152,0,0.0,0,0
1790741847.307054,47.397971,8.5461636,0.004000000189989805,0.005402971059083939,0.0032843067310750484,0.005407609976828098,96.61,-0.09323952524674979,0.8046156790243159,0.0,96.61000000000001,20.0,20.0,0.0,0.0,1.0971018679187126,-0.0024822733726040627,14.0,0.0,0.0,"[20.0, 20.0, 20.0, 20.0, 20.0, 20.0, 20.0, 20.0, 20.0, 20.0, 20.0, 20.0, 20.0, 20.0, 20.0, 20.0, 20.0, 20.0, 20.0, 20.0, 20.0, 20.0, 20.0, 20.0, 20.0, 20.0, 20.0, 20.0, 20.0, 20.0, 20.0, 20.0, 20.0, 20.0, 20.0, 20.0, 20.0, 20.0, 20.0, 20.0, 20.0, 20.0, 20.0, 20.0, 20.0, 20.0, 20.0, 20.0, 20.0, 20.0, 20.0, 20.0, 20.0, 20.0, 20.0, 20.0, 20.0, 20.0, 20.0, 20.0, 20.0, 20.0, 20.0, 20.0, 20.0, 20.0, 20.0, 20.0, 20.0, 20.0, 20.0, 20.0]",-0.007893229834735394,-0.010963397100567818,0.0186,-0.0452,-0.0365,-0.0296,0.0091,-0.0084,-0.0052,-9.8009,16.2,,100.0,,,,1.8498,0.5524,1.9306,196.63,15.0,1.225,0.0063,31.29,0.0,1,0.0,0.117,0,3,10,0.7,0.224,0,0.0,0,0
1790741847.5072186,47.397971,8.5461637,0.004000000189989805,0.0006452365778386593,0.007000252604484558,0.004428834188729525,96.60000000000001,-0.09309909189922227,0.8046319401363211,0.0,96.60000000000002,20.0,20.0,0.0,0.0,0.2760774873534319,-0.00456311572109225,14.0,0.0,0.0,"[20.0, 20.0, 20.0, 20.0, 20.0, 20.0, 20.0, 20.0, 20.0, 20.0, 20.0, 20.0, 20.0, 20.0, 20.0, 20.0, 20.0, 20.0, 20.0, 20.0, 20.0, 20.0, 20.0, 20.0, 20.0, 20.0, 20.0, 20.0, 20.0, 20.0, 20.0, 20.0, 20.0, 20.0, 20.0, 20.0, 20.0, 20.0, 20.0, 20.0, 20.0, 20.0, 20.0, 20.0, 20.0, 20.0, 20.0, 20.0, 20.0, 20.0, 20.0, 20.0, 20.0, 20.0, 20.0, 20.0, 20.0, 20.0, 20.0, 20.0, 20.0, 20.0, 20.0, 20.0, 20.0, 20.0, 20.0, 20.0, 20.0, 20.0, 20.0, 20.0]",-0.001928228186443448,-0.01677628606557846,0.0328,-0.0536,0.0566,-0.0528,0.0183,-0.002,0.0042,-9.8108,16.2,,100.0,,,,1.8978,0.5631,1.9796,196.52,15.0,1.225,0.007,84.73,0.0,1,0.0,0.125,0,3,10,0.7,0.258,0,0.0,0,0
1790741847.7081754,47.3979709,8.5461638,0.005000000353902578,-0.001947556040249765,0.008965609595179558,0.002992315450683236,96.59,-0.09295865571573385,0.804648176737836,0.0,96.59000000000003,20.0,20.0,0.0,0.0,-0.17298708080169314,-0.0070436729176967285,14.0,0.0,0.0,"[20.0, 20.0, 20.0, 20.0, 20.0, 20.0, 20.0, 20.0, 20.0, 20.0, 20.0, 20.0, 20.0, 20.0, 20.0, 20.0, 20.0, 20.0, 20.0, 20.0, 20.0, 20.0, 20.0, 20.0, 20.0, 20.0, 20.0, 20.0, 20.0, 20.0, 20.0, 20.0, 20.0, 20.0, 20.0, 20.0, 20.0, 20.0, 20.0, 20.0, 20.0, 20.0, 20.0, 20.0, 20.0, 20.0, 20.0, 20.0, 20.0, 20.0, 20.0, 20.0, 20.0, 20.0, 20.0, 20.0, 20.0, 20.0, 20.0, 20.0, 20.0, 20.0, 20.0, 20.0, 20.0, 20.0, 20.0, 20.0, 20.0, 20.0, 20.0, 20.0]",0.001581939053721726,-0.021286170929670334,0.0376,-0.0559,-0.0693,-0.014,0.0032,-0.0049,-0.0045,-9.7936,16.2,,100.0,,,,1.8434,0.5061,1.9116,195.35,15.0,1.225,0.0092,102.26,0.0,1,0.0,0.131,0,3,10,0.7,0.238,0,0.0,0,0
1790741847.909679,47.3979709,8.5461638,0.009000000543892384,-0.0009779264219105244,0.0094660809263587,0.0014017947250977159,96.59,-0.09295865571573385,0.804648176737836,0.0,96.59000000000003,20.0,20.0,0.0,0.0,0.021943915937679928,-0.00947775975269257,14.0,0.0,0.0,"[20.0, 20.0, 20.0, 20.0, 20.0, 20.0, 20.0, 20.0, 20.0, 20.0, 20.0, 20.0, 20.0, 20.0, 20.0, 20.0, 20.0, 20.0, 20.0, 20.0, 20.0, 20.0, 20.0, 20.0, 20.0, 20.0, 20.0, 20.0, 20.0, 20.0, 20.0, 20.0, 20.0, 20.0, 20.0, 20.0, 20.0, 20.0, 20.0, 20.0, 20.0, 20.0, 20.0, 20.0, 20.0, 20.0, 20.0, 20.0, 20.0, 20.0, 20.0, 20.0, 20.0, 20.0, 20.0, 20.0, 20.0, 20.0, 20.0, 20.0, 20.0, 20.0, 20.0, 20.0, 20.0, 20.0, 20.0, 20.0, 20.0, 20.0, 20.0, 20.0]",0.0025558958295732737,-0.021298566833138466,0.0299,-0.054,-0.055,-0.0377,-0.0012,-0.0008,-0.0049,-9.8031,16.2,,100.0,,,,1.8013,0.5463,1.8823,196.87,15.0,1.225,0.0095,95.9,0.0,1,0.0,0.132,0,3,10,0.7,0.219,0,0.0,0,0
1790741848.1104698,47.3979709,8.5461638,0.01100000087171793,0.00014041236136108637,0.008219688199460506,6.289205339271575e-05,96.59,-0.09295865571573385,0.804648176737836,0.0,96.59000000000003,20.0,20.0,-0.0,0.0,0.20680001657699854,0.004199647805239867,14.0,0.0,0.0,"[20.0, 20.0, 20.0, 20.0, 20.0, 20.0, 20.0, 20.0, 20.0, 20.0, 20.0, 20.0, 20.0, 20.0, 20.0, 20.0, 20.0, 20.0, 20.0, 20.0, 20.0, 20.0, 20.0, 20.0, 20.0, 20.0, 20.0, 20.0, 20.0, 20.0, 20.0, 20.0, 20.0, 20.0, 20.0, 20.0, 20.0, 20.0, 20.0, 20.0, 20.0, 20.0, 20.0, 20.0, 20.0, 20.0, 20.0, 20.0, 20.0, 20.0, 20.0, 20.0, 20.0, 20.0, 20.0, 20.0, 20.0, 20.0, 20.0, 20.0, 20.0, 20.0, 20.0, 20.0, 20.0, 20.0, 20.0, 20.0, 20.0, 20.0, 20.0, 20.0]",0.0015783172566443682,-0.019715681672096252,0.023,-0.0471,0.0014,-0.0315,0.0258,0.0006,-0.0034,-9.8114,16.2,,100.0,,,,1.8717,0.5717,1.9571,196.98,15.0,1.225,0.0082,89.02,0.0,1,0.0,0.133,0,3,10,0.7,0.251,0,0.0,0,0
1790741848.311805,47.3979709,8.5461637,0.015000000596046448,-9.815246448852122e-05,0.004955204203724861,-0.0012412723153829575,96.59,-0.09295865571573385,0.804648176737836,0.0,96.59000000000003,20.0,20.0,-0.0,0.0,0.08998752667642489,0.004943004508390302,14.0,0.0,0.0,"[20.0, 20.0, 20.0, 20.0, 20.0, 20.0, 20.0, 20.0, 20.0, 20.0, 20.0, 20.0, 20.0, 20.0, 20.0, 20.0, 20.0, 20.0, 20.0, 20.0, 20.0, 20.0, 20.0, 20.0, 20.0, 20.0, 20.0, 20.0, 20.0, 20.0, 20.0, 20.0, 20.0, 20.0, 20.0, 20.0, 20.0, 20.0, 20.0, 20.0, 20.0, 20.0, 20.0, 20.0, 20.0, 20.0, 20.0, 20.0, 20.0, 20.0, 20.0, 20.0, 20.0, 20.0, 20.0, 20.0, 20.0, 20.0, 20.0, 20.0, 20.0, 20.0, 20.0, 20.0, 20.0, 20.0, 20.0, 20.0, 20.0, 20.0, 20.0, 20.0]",-0.002159247873350978,-0.019368110224604607,0.0271,-0.0387,-0.0043,0.0223,-0.0039,-0.0039,-0.0089,-9.8066,16.2,,100.0,,,,1.7639,0.5954,1.8617,198.65,15.0,1.225,0.005,91.13,0.0,1,0.0,0.137,0,3,10,0.7,0.273,0,0.0,0,0
1790741848.5120106,47.397971,8.5461637,0.01900000125169754,4.1675895772641525e-05,0.0004497983318287879,-0.0024160323664546013,96.58,-0.09281821670056284,0.8046643888283658,0.0,96.57999999999998,20.0,20.0,-0.0,0.0,0.017750983663762782,0.0004345775006873457,14.0,0.0,0.0,"[20.0, 20.0, 20.0, 20.0, 20.0, 20.0, 20.0, 20.0, 20.0, 20.0, 20.0, 20.0, 20.0, 20.0, 20.0, 20.0, 20.0, 20.0, 20.0, 20.0, 20.0, 20.0, 20.0, 20.0, 20.0, 20.0, 20.0, 20.0, 20.0, 20.0, 20.0, 20.0, 20.0, 20.0, 20.0, 20.0, 20.0, 20.0, 20.0, 20.0, 20.0, 20.0, 20.0, 20.0, 20.0, 20.0, 20.0, 20.0, 20.0, 20.0, 20.0, 20.0, 20.0, 20.0, 20.0, 20.0, 20.0, 20.0, 20.0, 20.0, 20.0, 20.0, 20.0, 20.0, 20.0, 20.0, 20.0, 20.0, 20.0, 20.0, 20.0, 20.0]",-0.007455762941390276,-0.018382271751761436,0.0319,-0.0285,-0.0079,0.0413,-0.0152,-0.0066,-0.0099,-9.8047,16.2,,100.0,,,,1.6287,0.5564,1.7212,198.86,15.0,1.225,0.0005,84.71,0.0,1,0.0,0.143,0,3,10,0.7,0.24,0,0.0,0,0
1790741848.7130523,47.397971,8.5461636,0.01900000125169754,0.00035145715810358524,-0.001600633841007948,-0.0019382176687940955,96.58,-0.09281821670056284,0.8046643888283658,0.0,96.57999999999998,20.0,20.0,-0.0,0.0,0.03165110037389663,-0.0016368426766826603,14.0,0.0,0.0,"[20.0, 20.0, 20.0, 20.0, 20.0, 20.0, 20.0, 20.0, 20.0, 20.0, 20.0, 20.0, 20.0, 20.0, 20.0, 20.0, 20.0, 20.0, 20.0, 20.0, 20.0, 20.0, 20.0, 20.0, 20.0, 20.0, 20.0, 20.0, 20.0, 20.0, 20.0, 20.0, 20.0, 20.0, 20.0, 20.0, 20.0, 20.0, 20.0, 20.0, 20.0, 20.0, 20.0, 20.0, 20.0, 20.0, 20.0, 20.0, 20.0, 20.0, 20.0, 20.0, 20.0, 20.0, 20.0, 20.0, 20.0, 20.0, 20.0, 20.0, 20.0, 20.0, 20.0, 20.0, 20.0, 20.0, 20.0, 20.0, 20.0, 20.0, 20.0, 20.0]",-0.010587239637970924,-0.017533838748931885,0.0344,-0.0261,0.0201,-0.0159,0.007,-0.0002,-0.0033,-9.8039,16.2,,100.0,,,,1.6663,0.5135,1.7436,197.13,15.0,1.225,0.0016,282.38,0.0,1,0.0,0.146,0,3,10,0.7,0.239,0,0.0,0,0
1790741848.9139364,47.397971,8.5461636,0.018000001087784767,0.0007070652209222317,-0.0015469988575205207,-0.0010971826268360019,96.58,-0.09281821670056284,0.8046643888283658,0.0,96.57999999999998,20.0,20.0,-0.0,0.0,0.10029357272352148,-0.001682538254267451,14.0,0.0,0.0,"[20.0, 20.0, 20.0, 20.0, 20.0, 20.0, 20.0, 20.0, 20.0, 20.0, 20.0, 20.0, 20.0, 20.0, 20.0, 20.0, 20.0, 20.0, 20.0, 20.0, 20.0, 20.0, 20.0, 20.0, 20.0, 20.0, 20.0, 20.0, 20.0, 20.0, 20.0, 20.0, 20.0, 20.0, 20.0, 20.0, 20.0, 20.0, 20.0, 20.0, 20.0, 20.0, 20.0, 20.0, 20.0, 20.0, 20.0, 20.0, 20.0, 20.0, 20.0, 20.0, 20.0, 20.0, 20.0, 20.0, 20.0, 20.0, 20.0, 20.0, 20.0, 20.0, 20.0, 20.0, 20.0, 20.0, 20.0, 20.0, 20.0, 20.0, 20.0, 20.0]",-0.011116539128124714,-0.017190169543027878,0.033,-0.0313,0.051,0.0218,0.0283,-0.0051,-0.0169,-9.8119,16.2,,100.0,,,,1.6822,0.4448,1.74,194.81,15.0,1.225,0.0017,294.56,0.0,1,0.0,0.146,0,3,10,0.7,0.178,0,0.0,0,0
1790741849.1140525,47.397971,8.5461637,0.01600000075995922,0.0029303499031811953,0.001528691966086626,-0.00036908278707414865,96.60000000000001,-0.09309909189922227,0.8046319401363211,0.0,96.60000000000002,20.0,20.0,0.0,0.0,0.5894827339004753,-0.002813162751965705,14.0,0.0,0.0,"[20.0, 20.0, 20.0, 20.0, 20.0, 20.0, 20.0, 20.0, 20.0, 20.0, 20.0, 20.0, 20.0, 20.0, 20.0, 20.0, 20.0, 20.0, 20.0, 20.0, 20.0, 20.0, 20.0, 20.0, 20.0, 20.0, 20.0, 20.0, 20.0, 20.0, 20.0, 20.0, 20.0, 20.0, 20.0, 20.0, 20.0, 20.0, 20.0, 20.0, 20.0, 20.0, 20.0, 20.0, 20.0, 20.0, 20.0, 20.0, 20.0, 20.0, 20.0, 20.0, 20.0, 20.0, 20.0, 20.0, 20.0, 20.0, 20.0, 20.0, 20.0, 20.0, 20.0, 20.0, 20.0, 20.0, 20.0, 20.0, 20.0, 20.0, 20.0, 20.0]",-0.007372220978140831,-0.014959240332245827,0.0236,-0.0393,-0.0808,-0.0344,-0.0023,0.0004,-0.0144,-9.8075,16.2,,100.0,,,,1.7803,0.4975,1.8486,195.61,15.0,1.225,0.0033,27.55,0.0,1,0.0,0.151,0,3,10,0.7,0.171,0,0.0,0,0
1790741849.3147907,47.3979711,8.5461637,0.013000000268220901,0.008518832735717297,0.005429652985185385,0.00018785578140523285,96.60000000000001,-0.09309909189922227,0.8046319401363211,0.0,96.60000000000002,20.0,20.0,0.0,0.0,1.7348528449530047,-0.010065317128100493,14.0,0.0,0.0,"[20.0, 20.0, 20.0, 20.0, 20.0, 20.0, 20.0, 20.0, 20.0, 20.0, 20.0, 20.0, 20.0, 20.0, 20.0, 20.0, 20.0, 20.0, 20.0, 20.0, 20.0, 20.0, 20.0, 20.0, 20.0, 20.0, 20.0, 20.0, 20.0, 20.0, 20.0, 20.0, 20.0, 20.0, 20.0, 20.0, 20.0, 20.0, 20.0, 20.0, 20.0, 20.0, 20.0, 20.0, 20.0, 20.0, 20.0, 20.0, 20.0, 20.0, 20.0, 20.0, 20.0, 20.0, 20.0, 20.0, 20.0, 20.0, 20.0, 20.0, 20.0, 20.0, 20.0, 20.0, 20.0, 20.0, 20.0, 20.0, 20.0, 20.0, 20.0, 20.0]",-0.0020426639821380377,-0.007988606579601765,0.0081,-0.0435,-0.0319,-0.0117,-0.0278,0.0002,-0.0034,-9.8067,16.2,,100.0,,,,1.6661,0.468,1.7306,195.69,15.0,1.225,0.0101,32.51,0.0,1,0.0,0.16,0,3,10,0.7,0.172,0,0.0,0,0
1790741849.51589,47.3979711,8.5461638,0.010000000707805157,0.014153688214719296,0.008847473189234734,0.0009640655480325222,96.61,-0.09323952524674979,0.8046156790243159,0.0,96.61000000000001,20.0,20.0,0.0,0.0,2.8772727013485655,-0.016645071111990383,14.0,0.0,0.0,"[20.0, 20.0, 20.0, 20.0, 20.0, 20.0, 20.0, 20.0, 20.0, 20.0, 20.0, 20.0, 20.0, 20.0, 20.0, 20.0, 20.0, 20.0, 20.0, 20.0, 20.0, 20.0, 20.0, 20.0, 20.0, 20.0, 20.0, 20.0, 20.0, 20.0, 20.0, 20.0, 20.0, 20.0, 20.0, 20.0, 20.0, 20.0, 20.0, 20.0, 20.0, 20.0, 20.0, 20.0, 20.0, 20.0, 20.0, 20.0, 20.0, 20.0, 20.0, 20.0, 20.0, 20.0, 20.0, 20.0, 20.0, 20.0, 20.0, 20.0, 20.0, 20.0, 20.0, 20.0, 20.0, 20.0, 20.0, 20.0, 20.0, 20.0, 20.0, 20.0]",0.0041900454089045525,0.0005018064985051751,-0.0007,-0.0472,0.0231,-0.0316,0.0026,-0.0054,-0.0154,-9.7962,16.2,,100.0,,,,1.5557,0.475,1.6266,196.98,15.0,1.225,0.0167,32.01,0.0,1,0.0,0.17,0,3,10,0.7,0.194,0,0.0,0,0
1790741849.7158751,47.3979712,8.5461639,0.00800000037997961,0.01778392121195793,0.009807728230953217,0.001268039341084659,96.61,-0.09323952524674979,0.8046156790243159,0.0,96.61000000000001,20.0,20.0,0.0,0.0,3.584834101313831,-0.020168165338217005,14.0,0.0,0.0,"[20.0, 20.0, 20.0, 20.0, 20.0, 20.0, 20.0, 20.0, 20.0, 20.0, 20.0, 20.0, 20.0, 20.0, 20.0, 20.0, 20.0, 20.0, 20.0, 20.0, 20.0, 20.0, 20.0, 20.0, 20.0, 20.0, 20.0, 20.0, 20.0, 20.0, 20.0, 20.0, 20.0, 20.0, 20.0, 20.0, 20.0, 20.0, 20.0, 20.0, 20.0, 20.0, 20.0, 20.0, 20.0, 20.0, 20.0, 20.0, 20.0, 20.0, 20.0, 20.0, 20.0, 20.0, 20.0, 20.0, 20.0, 20.0, 20.0, 20.0, 20.0, 20.0, 20.0, 20.0, 20.0, 20.0, 20.0, 20.0, 20.0, 20.0, 20.0, 20.0]",0.00873747281730175,0.0068465047515928745,-0.0064,-0.0465,-0.0182,-0.0338,-0.0216,-0.0057,-0.0178,-9.8084,16.2,,100.0,,,,1.5329,0.3881,1.5813,194.21,15.0,1.225,0.0203,28.88,0.0,1,0.0,0.178,0,3,10,0.7,0.202,0,0.0,0,0
1790741849.9160485,47.3979712,8.5461639,0.006000000052154064,0.018014730885624886,0.009442223235964775,0.0011784036178141832,96.61,-0.09323952524674979,0.8046156790243159,0.0,96.61000000000001,20.0,20.0,0.0,0.0,3.620445868937585,-0.018729046999571685,14.0,0.0,0.0,"[20.0, 20.0, 20.0, 20.0, 20.0, 20.0, 20.0, 20.0, 20.0, 20.0, 20.0, 20.0, 20.0, 20.0, 20.0, 20.0, 20.0, 20.0, 20.0, 20.0, 20.0, 20.0, 20.0, 20.0, 20.0, 20.0, 20.0, 20.0, 20.0, 20.0, 20.0, 20.0, 20.0, 20.0, 20.0, 20.0, 20.0, 20.0, 20.0, 20.0, 20.0, 20.0, 20.0, 20.0, 20.0, 20.0, 20.0, 20.0, 20.0, 20.0, 20.0, 20.0, 20.0, 20.0, 20.0, 20.0, 20.0, 20.0, 20.0, 20.0, 20.0, 20.0, 20.0, 20.0, 20.0, 20.0, 20.0, 20.0, 20.0, 20.0, 20.0, 20.0]",0.01100181508809328,0.008705607615411282,-0.0029,-0.0449,-0.0782,-0.0919,0.0085,-0.0092,-0.002,-9.8057,16.2,,100.0,,,,1.7013,0.5212,1.7794,197.03,15.0,1.225,0.0203,27.66,0.0,1,0.0,0.181,0,3,10,0.7,0.216,0,0.0,0,0
1790741850.116964,47.3979712,8.5461639,0.004000000189989805,0.016343245282769203,0.008941594511270523,0.0016814442351460457,96.60000000000001,-0.09309909189922227,0.8046319401363211,0.0,96.60000000000002,20.0,20.0,0.0,0.0,3.2932928632779737,0.001907564522260377,14.0,0.0,0.0,"[20.0, 20.0, 20.0, 20.0, 20.0, 20.0, 20.0, 20.0, 20.0, 20.0, 20.0, 20.0, 20.0, 20.0, 20.0, 20.0, 20.0, 20.0, 20.0, 20.0, 20.0, 20.0, 20.0, 20.0, 20.0, 20.0, 20.0, 20.0, 20.0, 20.0, 20.0, 20.0, 20.0, 20.0, 20.0, 20.0, 20.0, 20.0, 20.0, 20.0, 20.0, 20.0, 20.0, 20.0, 20.0, 20.0, 20.0, 20.0, 20.0, 20.0, 20.0, 20.0, 20.0, 20.0, 20.0, 20.0, 20.0, 20.0, 20.0, 20.0, 20.0, 20.0, 20.0, 20.0, 20.0, 20.0, 20.0, 20.0, 20.0, 20.0, 20.0, 20.0]",0.013027939014136791,0.007309925742447376,0.002,-0.0413,-0.0588,0.0394,-0.0239,-0.0136,-0.0068,-9.8114,16.2,,100.0,,,,1.684,0.3416,1.7183,191.47,15.0,1.225,0.0186,28.68,0.0,1,0.0,0.183,0,3,10,0.7,0.208,0,0.0,0,0
1790741850.3182845,47.3979712,8.546164,0.0010000000474974513,0.015998009592294693,0.008049310185015202,0.0029524746350944042,96.60000000000001,-0.09309909189922227,0.8046319401363211,0.0,96.60000000000002,20.0,20.0,0.0,0.0,3.208481434140038,-0.006186451660257652,14.0,0.0,0.0,"[20.0, 20.0, 20.0, 20.0, 20.0, 20.0, 20.0, 20.0, 20.0, 20.0, 20.0, 20.0, 20.0, 20.0, 20.0, 20.0, 20.0, 20.0, 20.0, 20.0, 20.0, 20.0, 20.0, 20.0, 20.0, 20.0, 20.0, 20.0, 20.0, 20.0, 20.0, 20.0, 20.0, 20.0, 20.0, 20.0, 20.0, 20.0, 20.0, 20.0, 20.0, 20.0, 20.0, 20.0, 20.0, 20.0, 20.0, 20.0, 20.0, 20.0, 20.0, 20.0, 20.0, 20.0, 20.0, 20.0, 20.0, 20.0, 20.0, 20.0, 20.0, 20.0, 20.0, 20.0, 20.0, 20.0, 20.0, 20.0, 20.0, 20.0, 20.0, 20.0]",0.014662066474556923,0.007123731542378664,0.0035,-0.0387,-0.0406,0.0028,0.0047,-0.0018,-0.0014,-9.8128,16.2,,100.0,,,,1.7845,0.3616,1.8208,191.46,15.0,1.225,0.0179,26.71,0.0,1,0.0,0.185,0,3,10,0.7,0.212,0,0.0,0,0
1790741850.51834,47.3979712,8.546164,-0.003000000026077032,0.01595686934888363,0.008611456491053104,0.004517989698797464,96.60000000000001,-0.09309909189922227,0.8046319401363211,0.0,96.60000000000002,20.0,20.0,0.0,0.0,3.2130019590763212,-0.01429454415727677,14.0,0.0,0.0,"[20.0, 20.0, 20.0, 20.0, 20.0, 20.0, 20.0, 20.0, 20.0, 20.0, 20.0, 20.0, 20.0, 20.0, 20.0, 20.0, 20.0, 20.0, 20.0, 20.0, 20.0, 20.0, 20.0, 20.0, 20.0, 20.0, 20.0, 20.0, 20.0, 20.0, 20.0, 20.0, 20.0, 20.0, 20.0, 20.0, 20.0, 20.0, 20.0, 20.0, 20.0, 20.0, 20.0, 20.0, 20.0, 20.0, 20.0, 20.0, 20.0, 20.0, 20.0, 20.0, 20.0, 20.0, 20.0, 20.0, 20.0, 20.0, 20.0, 20.0, 20.0, 20.0, 20.0, 20.0, 20.0, 20.0, 20.0, 20.0, 20.0, 20.0, 20.0, 20.0]",0.017232151702046394,0.008250690996646881,0.0053,-0.0377,0.0101,-0.0114,0.0329,-0.0032,-0.0058,-9.8041,16.2,,100.0,,,,1.6982,0.3661,1.7372,192.17,15.0,1.225,0.0181,28.35,0.0,1,0.0,0.188,0,3,10,0.7,0.236,0,0.0,0,0
1790741850.71907,47.3979712,8.546164,-0.006000000052154064,0.015563678927719593,0.008005615323781967,0.006348259747028351,96.60000000000001,-0.09309909189922227,0.8046319401363211,0.0,96.60000000000002,20.0,20.0,0.0,0.0,3.1253753945084077,-0.015907265306093987,14.0,0.0,0.0,"[20.0, 20.0, 20.0, 20.0, 20.0, 20.0, 20.0, 20.0, 20.0, 20.0, 20.0, 20.0, 20.0, 20.0, 20.0, 20.0, 20.0, 20.0, 20.0, 20.0, 20.0, 20.0, 20.0, 20.0, 20.0, 20.0, 20.0, 20.0, 20.0, 20.0, 20.0, 20.0, 20.0, 20.0, 20.0, 20.0, 20.0, 20.0, 20.0, 20.0, 20.0, 20.0, 20.0, 20.0, 20.0, 20.0, 20.0, 20.0, 20.0, 20.0, 20.0, 20.0, 20.0, 20.0, 20.0, 20.0, 20.0, 20.0, 20.0, 20.0, 20.0, 20.0, 20.0, 20.0, 20.0, 20.0, 20.0, 20.0, 20.0, 20.0, 20.0, 20.0]",0.018193461000919342,0.009005308151245117,0.007,-0.0377,0.0599,0.0045,-0.0657,-0.0152,-0.0001,-9.8034,16.2,,100.0,,,,1.6272,0.5037,1.7034,197.2,15.0,1.225,0.0175,27.22,0.0,1,0.0,0.189,0,3,10,0.7,0.242,0,0.0,0,0
1790741850.9198594,47.3979712,8.546164,-0.007000000216066837,0.013270708732306957,0.007630564272403717,0.006278229411691427,96.60000000000001,-0.09309909189922227,0.8046319401363211,0.0,96.60000000000002,20.0,20.0,0.0,0.0,2.683259855812925,0.00845203130310775,14.0,0.0,0.0,"[20.0, 20.0, 20.0, 20.0, 20.0, 20.0, 20.0, 20.0, 20.0, 20.0, 20.0, 20.0, 20.0, 20.0, 20.0, 20.0, 20.0, 20.0, 20.0, 20.0, 20.0, 20.0, 20.0, 20.0, 20.0, 20.0, 20.0, 20.0, 20.0, 20.0, 20.0, 20.0, 20.0, 20.0, 20.0, 20.0, 20.0, 20.0, 20.0, 20.0, 20.0, 20.0, 20.0, 20.0, 20.0, 20.0, 20.0, 20.0, 20.0, 20.0, 20.0, 20.0, 20.0, 20.0, 20.0, 20.0, 20.0, 20.0, 20.0, 20.0, 20.0, 20.0, 20.0, 20.0, 20.0, 20.0, 20.0, 20.0, 20.0, 20.0, 20.0, 20.0]",0.01886550523340702,0.007662577088922262,0.0142,-0.0383,-0.008,-0.0091,0.0392,-0.0047,-0.0092,-9.8014,16.2,,100.0,,,,1.4857,0.577,1.5938,201.22,15.0,1.225,0.0153,29.9,0.0,1,0.0,0.191,0,3,10,0.7,0.277,0,0.0,0,0
1790741851.1204116,47.3979712,8.546164,-0.006000000052154064,0.010379066690802574,0.007429423276335001,0.005851063411682844,96.60000000000001,-0.09309909189922227,0.8046319401363211,0.0,96.60000000000002,20.0,20.0,0.0,0.0,2.1312214666523697,0.00875626608023095,14.0,0.0,0.0,"[20.0, 20.0, 20.0, 20.0, 20.0, 20.0, 20.0, 20.0, 20.0, 20.0, 20.0, 20.0, 20.0, 20.0, 20.0, 20.0, 20.0, 20.0, 20.0, 20.0, 20.0, 20.0, 20.0, 20.0, 20.0, 20.0, 20.0, 20.0, 20.0, 20.0, 20.0, 20.0, 20.0, 20.0, 20.0, 20.0, 20.0, 20.0, 20.0, 20.0, 20.0, 20.0, 20.0, 20.0, 20.0, 20.0, 20.0, 20.0, 20.0, 20.0, 20.0, 20.0, 20.0, 20.0, 20.0, 20.0, 20.0, 20.0, 20.0, 20.0, 20.0, 20.0, 20.0, 20.0, 20.0, 20.0, 20.0, 20.0, 20.0, 20.0, 20.0, 20.0]",0.01945912279188633,0.004633964039385319,0.02,-0.0382,0.0311,0.0424,0.0091,-0.0053,-0.005,-9.7981,16.2,,100.0,,,,1.3733,0.491,1.4584,199.67,15.0,1.225,0.0128,35.6,0.0,1,0.0,0.194,0,3,10,0.7,0.229,0,0.0,0,0
1790741851.320808,47.3979711,8.546164,-0.005000000353902578,0.007169290911406279,0.008338356390595436,0.005818729754537344,96.60000000000001,-0.09309909189922227,0.8046319401363211,0.0,96.60000000000002,20.0,20.0,0.0,0.0,1.5428248907390298,0.0034956035924653367,14.0,0.0,0.0,"[20.0, 20.0, 20.0, 20.0, 20.0, 20.0, 20.0, 20.0, 20.0, 20.0, 20.0, 20.0, 20.0, 20.0, 20.0, 20.0, 20.0, 20.0, 20.0, 20.0, 20.0, 20.0, 20.0, 20.0, 20.0, 20.0, 20.0, 20.0, 20.0, 20.0, 20.0, 20.0, 20.0, 20.0, 20.0, 20.0, 20.0, 20.0, 20.0, 20.0, 20.0, 20.0, 20.0, 20.0, 20.0, 20.0, 20.0, 20.0, 20.0, 20.0, 20.0, 20.0, 20.0, 20.0, 20.0, 20.0, 20.0, 20.0, 20.0, 20.0, 20.0, 20.0, 20.0, 20.0, 20.0, 20.0, 20.0, 20.0, 20.0, 20.0, 20.0, 20.0]",0.020822884514927864,0.0012845136225223541,0.0278,-0.0424,-0.0168,0.0609,-0.0084,-0.0062,-0.0122,-9.8089,16.2,,100.0,,,,1.2605,0.4365,1.3339,199.1,15.0,1.225,0.011,49.31,0.0,1,0.0,0.197,0,3,10,0.7,0.222,0,0.0,0,0
1790741851.521924,47.3979711,8.5461641,-0.004000000189989805,0.004105850588530302,0.009612081572413445,0.005295882932841778,96.60000000000001,-0.09309909189922227,0.8046319401363211,0.0,96.60000000000002,20.0,20.0,0.0,0.0,0.989862839245897,-0.0009503630035963624,14.0,0.0,0.0,"[20.0, 20.0, 20.0, 20.0, 20.0, 20.0, 20.0, 20.0, 20.0, 20.0, 20.0, 20.0, 20.0, 20.0, 20.0, 20.0, 20.0, 20.0, 20.0, 20.0, 20.0, 20.0, 20.0, 20.0, 20.0, 20.0, 20.0, 20.0, 20.0, 20.0, 20.0, 20.0, 20.0, 20.0, 20.0, 20.0, 20.0, 20.0, 20.0, 20.0, 20.0, 20.0, 20.0, 20.0, 20.0, 20.0, 20.0, 20.0, 20.0, 20.0, 20.0, 20.0, 20.0, 20.0, 20.0, 20.0, 20.0, 20.0, 20.0, 20.0, 20.0, 20.0, 20.0, 20.0, 20.0, 20.0, 20.0, 20.0, 20.0, 20.0, 20.0, 20.0]",0.022736096754670143,-0.0022617692593485117,0.0318,-0.0442,0.0118,-0.0113,0.0517,-0.0066,-0.0092,-9.8025,16.2,,100.0,,,,1.2511,0.2566,1.2771,191.59,15.0,1.225,0.0105,66.87,0.0,1,0.0,0.201,0,3,10,0.7,0.224,0,0.0,0,0
1790741851.7218852,47.3979711,8.5461641,-0.003000000026077032,0.002616028767079115,0.01043892651796341,0.004479189869016409,96.60000000000001,-0.09309909189922227,0.8046319401363211,0.0,96.60000000000002,20.0,20.0,0.0,0.0,0.7254236268204614,-0.0019696992457789698,14.0,0.0,0.0,"[20.0, 20.0, 20.0, 20.0, 20.0, 20.0, 20.0, 20.0, 20.0, 20.0, 20.0, 20.0, 20.0, 20.0, 20.0, 20.0, 20.0, 20.0, 20.0, 20.0, 20.0, 20.0, 20.0, 20.0, 20.0, 20.0, 20.0, 20.0, 20.0, 20.0, 20.0, 20.0, 20.0, 20.0, 20.0, 20.0, 20.0, 20.0, 20.0, 20.0, 20.0, 20.0, 20.0, 20.0, 20.0, 20.0, 20.0, 20.0, 20.0, 20.0, 20.0, 20.0, 20.0, 20.0, 20.0, 20.0, 20.0, 20.0, 20.0, 20.0, 20.0, 20.0, 20.0, 20.0, 20.0, 20.0, 20.0, 20.0, 20.0, 20.0, 20.0, 20.0]",0.023935124278068542,-0.0048788669519126415,0.0322,-0.0481,-0.0345,0.0411,-0.065,-0.0028,-0.0082,-9.817,16.2,,100.0,,,,1.2608,0.3037,1.2968,193.54,15.0,1.225,0.0108,75.93,0.0,1,0.0,0.204,0,3,10,0.7,0.231,0,0.0,0,0
1790741851.9225178,47.3979711,8.5461641,-0.0020000000949949026,0.0018551864195615053,0.012252717278897762,0.0036464605946093798,96.60000000000001,-0.09309909189922227,0.8046319401363211,0.0,96.60000000000002,20.0,20.0,0.0,0.0,0.6209061125420496,-0.009386008638178319,14.0,0.0,0.0,"[20.0, 20.0, 20.0, 20.0, 20.0, 20.0, 20.0, 20.0, 20.0, 20.0, 20.0, 20.0, 20.0, 20.0, 20.0, 20.0, 20.0, 20.0, 20.0, 20.0, 20.0, 20.0, 20.0, 20.0, 20.0, 20.0, 20.0, 20.0, 20.0, 20.0, 20.0, 20.0, 20.0, 20.0, 20.0, 20.0, 20.0, 20.0, 20.0, 20.0, 20.0, 20.0, 20.0, 20.0, 20.0, 20.0, 20.0, 20.0, 20.0, 20.0, 20.0, 20.0, 20.0, 20.0, 20.0, 20.0, 20.0, 20.0, 20.0, 20.0, 20.0, 20.0, 20.0, 20.0, 20.0, 20.0, 20.0, 20.0, 20.0, 20.0, 20.0, 20.0]",0.026281053200364113,-0.006353577133268118,0.03,-0.0498,0.0507,0.0075,0.0642,-0.0019,-0.0063,-9.8093,16.2,,100.0,,,,1.3291,0.3385,1.3715,194.29,15.0,1.225,0.0124,81.39,0.0,1,0.0,0.207,0,3,10,0.7,0.226,0,0.0,0,0
1790741852.1227605,47.3979711,8.5461641,-0.0020000000949949026,0.003328414401039481,0.012450660578906536,0.0028882662300020456,96.61,-0.09323952524674979,0.8046156790243159,0.0,96.61000000000001,20.0,20.0,0.0,0.0,0.9051008998941111,-0.008645152452518812,14.0,0.0,0.0,"[20.0, 20.0, 20.0, 20.0, 20.0, 20.0, 20.0, 20.0, 20.0, 20.0, 20.0, 20.0, 20.0, 20.0, 20.0, 20.0, 20.0, 20.0, 20.0, 20.0, 20.0, 20.0, 20.0, 20.0, 20.0, 20.0, 20.0, 20.0, 20.0, 20.0, 20.0, 20.0, 20.0, 20.0, 20.0, 20.0, 20.0, 20.0, 20.0, 20.0, 20.0, 20.0, 20.0, 20.0, 20.0, 20.0, 20.0, 20.0, 20.0, 20.0, 20.0, 20.0, 20.0, 20.0, 20.0, 20.0, 20.0, 20.0, 20.0, 20.0, 20.0, 20.0, 20.0, 20.0, 20.0, 20.0, 20.0, 20.0, 20.0, 20.0, 20.0, 20.0]",0.02692590095102787,-0.005096780601888895,0.0252,-0.0496,-0.0045,0.0077,-0.0317,-0.0128,0.0029,-9.8091,16.2,,100.0,,,,1.3546,0.5011,1.4443,200.3,15.0,1.225,0.0129,75.03,0.0,1,0.0,0.208,0,3,10,0.7,0.222,0,0.0,0,0
1790741852.3239715,47.3979711,8.5461641,0.0,0.006491113919764757,0.011936585418879986,0.0020449734292924404,96.60000000000001,-0.09309909189922227,0.8046319401363211,0.0,96.60000000000002,20.0,20.0,0.0,0.0,1.493181954662332,-0.006669208124305705,14.0,0.0,0.0,"[20.0, 20.0, 20.0, 20.0, 20.0, 20.0, 20.0, 20.0, 20.0, 20.0, 20.0, 20.0, 20.0, 20.0, 20.0, 20.0, 20.0, 20.0, 20.0, 20.0, 20.0, 20.0, 20.0, 20.0, 20.0, 20.0, 20.0, 20.0, 20.0, 20.0, 20.0, 20.0, 20.0, 20.0, 20.0, 20.0, 20.0, 20.0, 20.0, 20.0, 20.0, 20.0, 20.0, 20.0, 20.0, 20.0, 20.0, 20.0, 20.0, 20.0, 20.0, 20.0, 20.0, 20.0, 20.0, 20.0, 20.0, 20.0, 20.0, 20.0, 20.0, 20.0, 20.0, 20.0, 20.0, 20.0, 20.0, 20.0, 20.0, 20.0, 20.0, 20.0]",0.0269940122961998,-0.0005507924943231046,0.0195,-0.0469,0.0349,-0.0058,-0.0294,-0.0052,-0.0109,-9.8111,16.2,,100.0,,,,1.3578,0.5208,1.4542,200.98,15.0,1.225,0.0136,61.46,0.0,1,0.0,0.213,0,3,10,0.7,0.186,0,0.0,0,0
1790741852.5241654,47.3979712,8.5461641,0.0,0.010344737209379673,0.011614535003900528,0.0014444902772083879,96.60000000000001,-0.09309909189922227,0.8046319401363211,0.0,96.60000000000002,20.0,20.0,-0.0,0.0,2.2164546164803594,-0.010134737899531026,14.0,0.0,0.0,"[20.0, 20.0, 20.0, 20.0, 20.0, 20.0, 20.0, 20.0, 20.0, 20.0, 20.0, 20.0, 20.0, 20.0, 20.0, 20.0, 20.0, 20.0, 20.0, 20.0, 20.0, 20.0, 20.0, 20.0, 20.0, 20.0, 20.0, 20.0, 20.0, 20.0, 20.0, 20.0, 20.0, 20.0, 20.0, 20.0, 20.0, 20.0, 20.0, 20.0, 20.0, 20.0, 20.0, 20.0, 20.0, 20.0, 20.0, 20.0, 20.0, 20.0, 20.0, 20.0, 20.0, 20.0, 20.0, 20.0, 20.0, 20.0, 20.0, 20.0, 20.0, 20.0, 20.0, 20.0, 20.0, 20.0, 20.0, 20.0, 20.0, 20.0, 20.0, 20.0]",0.026878029108047485,0.005914152599871159,0.0147,-0.0474,0.044,-0.0155,-0.0164,-0.0053,-0.0127,-9.8047,16.2,,100.0,,,,1.4426,0.3697,1.4892,194.37,15.0,1.225,0.0156,48.31,0.0,1,0.0,0.219,0,3,10,0.7,0.214,0,0.0,0,0
1790741852.7250142,47.3979712,8.5461641,0.0,0.012282952666282654,0.008849132806062698,0.000954656396061182,96.60000000000001,-0.09309909189922227,0.8046319401363211,0.0,96.60000000000002,20.0,20.0,-0.0,0.0,2.522943289503343,-0.00300038102792014,14.0,0.0,0.0,"[20.0, 20.0, 20.0, 20.0, 20.0, 20.0, 20.0, 20.0, 20.0, 20.0, 20.0, 20.0, 20.0, 20.0, 20.0, 20.0, 20.0, 20.0, 20.0, 20.0, 20.0, 20.0, 20.0, 20.0, 20.0, 20.0, 20.0, 20.0, 20.0, 20.0, 20.0, 20.0, 20.0, 20.0, 20.0, 20.0, 20.0, 20.0, 20.0, 20.0, 20.0, 20.0, 20.0, 20.0, 20.0, 20.0, 20.0, 20.0, 20.0, 20.0, 20.0, 20.0, 20.0, 20.0, 20.0, 20.0, 20.0, 20.0, 20.0, 20.0, 20.0, 20.0, 20.0, 20.0, 20.0, 20.0, 20.0, 20.0, 20.0, 20.0, 20.0, 20.0]",0.023374976590275764,0.00969734974205494,0.0154,-0.0417,0.0329,0.0545,-0.0017,0.0005,-0.0003,-9.8076,16.2,,100.0,,,,1.4458,0.3328,1.4837,192.96,15.0,1.225,0.0151,35.77,0.0,1,0.0,0.224,0,3,10,0.7,0.233,0,0.0,0,0
1790741852.9250717,47.3979712,8.546164,0.0,0.012139474973082542,0.006815859116613865,0.0004766772617585957,96.60000000000001,-0.09309909189922227,0.8046319401363211,0.0,96.60000000000002,20.0,20.0,-0.0,0.0,2.45122482261611,0.0018644177001803826,14.0,0.0,0.0,"[20.0, 20.0, 20.0, 20.0, 20.0, 20.0, 20.0, 20.0, 20.0, 20.0, 20.0, 20.0, 20.0, 20.0, 20.0, 20.0, 20.0, 20.0, 20.0, 20.0, 20.0, 20.0, 20.0, 20.0, 20.0, 20.0, 20.0, 20.0, 20.0, 20.0, 20.0, 20.0, 20.0, 20.0, 20.0, 20.0, 20.0, 20.0, 20.0, 20.0, 20.0, 20.0, 20.0, 20.0, 20.0, 20.0, 20.0, 20.0, 20.0, 20.0, 20.0, 20.0, 20.0, 20.0, 20.0, 20.0, 20.0, 20.0, 20.0, 20.0, 20.0, 20.0, 20.0, 20.0, 20.0, 20.0, 20.0, 20.0, 20.0, 20.0, 20.0, 20.0]",0.020296793431043625,0.010917113162577152,0.0193,-0.0382,0.0308,0.0665,0.039,-0.0046,-0.006,-9.7974,16.2,,100.0,,,,1.3791,0.4359,1.4464,197.54,15.0,1.225,0.0139,29.31,0.0,1,0.0,0.228,0,3,10,0.7,0.244,0,0.0,0,0
1790741853.1259694,47.3979712,8.546164,0.0,0.011041347868740559,0.0065436335280537605,0.000858897517900914,96.60000000000001,-0.09309909189922227,0.8046319401363211,0.0,96.60000000000002,20.0,20.0,0.0,0.0,2.2372709906403565,0.00772431518120302,14.0,0.0,0.0,"[20.0, 20.0, 20.0, 20.0, 20.0, 20.0, 20.0, 20.0, 20.0, 20.0, 20.0, 20.0, 20.0, 20.0, 20.0, 20.0, 20.0, 20.0, 20.0, 20.0, 20.0, 20.0, 20.0, 20.0, 20.0, 20.0, 20.0, 20.0, 20.0, 20.0, 20.0, 20.0, 20.0, 20.0, 20.0, 20.0, 20.0, 20.0, 20.0, 20.0, 20.0, 20.0, 20.0, 20.0, 20.0, 20.0, 20.0, 20.0, 20.0, 20.0, 20.0, 20.0, 20.0, 20.0, 20.0, 20.0, 20.0, 20.0, 20.0, 20.0, 20.0, 20.0, 20.0, 20.0, 20.0, 20.0, 20.0, 20.0, 20.0, 20.0, 20.0, 20.0]",0.018757516518235207,0.010745870880782604,0.0206,-0.0414,-0.0077,-0.0074,0.0307,-0.0067,-0.0128,-9.8108,16.2,,100.0,,,,1.251,0.4558,1.3315,200.02,15.0,1.225,0.0128,30.65,0.0,1,0.0,0.229,0,3,10,0.7,0.236,0,0.0,0,0
1790741853.3268552,47.3979712,8.546164,0.0010000000474974513,0.009871645830571651,0.007593689486384392,0.0006206659600138664,96.60000000000001,-0.09309909189922227,0.8046319401363211,0.0,96.60000000000002,20.0,20.0,0.0,0.0,2.038682004909503,0.007631316755834384,14.0,0.0,0.0,"[20.0, 20.0, 20.0, 20.0, 20.0, 20.0, 20.0, 20.0, 20.0, 20.0, 20.0, 20.0, 20.0, 20.0, 20.0, 20.0, 20.0, 20.0, 20.0, 20.0, 20.0, 20.0, 20.0, 20.0, 20.0, 20.0, 20.0, 20.0, 20.0, 20.0, 20.0, 20.0, 20.0, 20.0, 20.0, 20.0, 20.0, 20.0, 20.0, 20.0, 20.0, 20.0, 20.0, 20.0, 20.0, 20.0, 20.0, 20.0, 20.0, 20.0, 20.0, 20.0, 20.0, 20.0, 20.0, 20.0, 20.0, 20.0, 20.0, 20.0, 20.0, 20.0, 20.0, 20.0, 20.0, 20.0, 20.0, 20.0, 20.0, 20.0, 20.0, 20.0]",0.019100947305560112,0.009431488811969757,0.0222,-0.0435,0.0588,0.0605,0.0548,-0.0044,-0.0038,-9.8035,16.2,,100.0,,,,1.3026,0.5875,1.429,204.28,15.0,1.225,0.0125,37.57,0.0,1,0.0,0.231,0,3,10,0.7,0.281,0,0.0,0,0
1790741853.5277624,47.3979712,8.546164,0.0020000000949949026,0.00737496605142951,0.007792608346790075,0.00033202776103280485,96.60000000000001,-0.09309909189922227,0.8046319401363211,0.0,96.60000000000002,20.0,20.0,0.0,0.0,1.5698457548436624,0.009147448807327489,14.0,0.0,0.0,"[20.0, 20.0, 20.0, 20.0, 20.0, 20.0, 20.0, 20.0, 20.0, 20.0, 20.0, 20.0, 20.0, 20.0, 20.0, 20.0, 20.0, 20.0, 20.0, 20.0, 20.0, 20.0, 20.0, 20.0, 20.0, 20.0, 20.0, 20.0, 20.0, 20.0, 20.0, 20.0, 20.0, 20.0, 20.0, 20.0, 20.0, 20.0, 20.0, 20.0, 20.0, 20.0, 20.0, 20.0, 20.0, 20.0, 20.0, 20.0, 20.0, 20.0, 20.0, 20.0, 20.0, 20.0, 20.0, 20.0, 20.0, 20.0, 20.0, 20.0, 20.0, 20.0, 20.0, 20.0, 20.0, 20.0, 20.0, 20.0, 20.0, 20.0, 20.0, 20.0]",0.01840205490589142,0.006835960317403078,0.0269,-0.044,-0.0316,0.0021,0.0633,-0.0061,-0.0096,-9.8152,16.2,,100.0,,,,1.3221,0.5526,1.4329,202.68,15.0,1.225,0.0107,46.58,0.0,1,0.0,0.233,0,3,10,0.7,0.267,0,0.0,0,0
1790741853.7288673,47.3979712,8.546164,0.003000000026077032,0.005832958966493607,0.0072899372316896915,0.00021078228019177914,96.60000000000001,-0.09309909189922227,0.8046319401363211,0.0,96.60000000000002,20.0,20.0,0.0,0.0,1.2664481591475274,0.009126470987701583,14.0,0.0,0.0,"[20.0, 20.0, 20.0, 20.0, 20.0, 20.0, 20.0, 20.0, 20.0, 20.0, 20.0, 20.0, 20.0, 20.0, 20.0, 20.0, 20.0, 20.0, 20.0, 20.0, 20.0, 20.0, 20.0, 20.0, 20.0, 20.0, 20.0, 20.0, 20.0, 20.0, 20.0, 20.0, 20.0, 20.0, 20.0, 20.0, 20.0, 20.0, 20.0, 20.0, 20.0, 20.0, 20.0, 20.0, 20.0, 20.0, 20.0, 20.0, 20.0, 20.0, 20.0, 20.0, 20.0, 20.0, 20.0, 20.0, 20.0, 20.0, 20.0, 20.0, 20.0, 20.0, 20.0, 20.0, 20.0, 20.0, 20.0, 20.0, 20.0, 20.0, 20.0, 20.0]",0.01721441186964512,0.005377945955842733,0.0292,-0.0437,0.0919,-0.0062,0.0008,-0.0057,-0.0054,-9.8101,16.2,,100.0,,,,1.2511,0.5133,1.3523,202.31,15.0,1.225,0.0093,51.34,0.0,1,0.0,0.235,0,3,10,0.7,0.264,0,0.0,0,0
1790741853.9289575,47.3979712,8.546164,0.004000000189989805,0.0055298651568591595,0.00801831390708685,-4.327317583374679e-06,96.60000000000001,-0.09309909189922227,0.8046319401363211,0.0,96.60000000000002,20.0,20.0,0.0,0.0,1.2249536285482843,0.007667652757439176,14.0,0.0,0.0,"[20.0, 20.0, 20.0, 20.0, 20.0, 20.0, 20.0, 20.0, 20.0, 20.0, 20.0, 20.0, 20.0, 20.0, 20.0, 20.0, 20.0, 20.0, 20.0, 20.0, 20.0, 20.0, 20.0, 20.0, 20.0, 20.0, 20.0, 20.0, 20.0, 20.0, 20.0, 20.0, 20.0, 20.0, 20.0, 20.0, 20.0, 20.0, 20.0, 20.0, 20.0, 20.0, 20.0, 20.0, 20.0, 20.0, 20.0, 20.0, 20.0, 20.0, 20.0, 20.0, 20.0, 20.0, 20.0, 20.0, 20.0, 20.0, 20.0, 20.0, 20.0, 20.0, 20.0, 20.0, 20.0, 20.0, 20.0, 20.0, 20.0, 20.0, 20.0, 20.0]",0.017052579671144485,0.004859429318457842,0.0296,-0.0453,0.0019,0.0281,0.0075,-0.0002,-0.0109,-9.8055,16.2,,100.0,,,,1.3215,0.5501,1.4314,202.6,15.0,1.225,0.0097,55.41,0.0,1,0.0,0.236,0,3,10,0.7,0.259,0,0.0,0,0
1790741854.1302311,47.3979712,8.546164,0.006000000052154064,0.005605603102594614,0.00885478500276804,-0.00017329354886896908,96.60000000000001,-0.09309909189922227,0.8046319401363211,0.0,96.60000000000002,20.0,20.0,0.0,0.0,1.2576689810405035,-0.005778862563270054,14.0,0.0,0.0,"[20.0, 20.0, 20.0, 20.0, 20.0, 20.0, 20.0, 20.0, 20.0, 20.0, 20.0, 20.0, 20.0, 20.0, 20.0, 20.0, 20.0, 20.0, 20.0, 20.0, 20.0, 20.0, 20.0, 20.0, 20.0, 20.0, 20.0, 20.0, 20.0, 20.0, 20.0, 20.0, 20.0, 20.0, 20.0, 20.0, 20.0, 20.0, 20.0, 20.0, 20.0, 20.0, 20.0, 20.0, 20.0, 20.0, 20.0, 20.0, 20.0, 20.0, 20.0, 20.0, 20.0, 20.0, 20.0, 20.0, 20.0, 20.0, 20.0, 20.0, 20.0, 20.0, 20.0, 20.0, 20.0, 20.0, 20.0, 20.0, 20.0, 20.0, 20.0, 20.0]",0.017873983830213547,0.00449028704315424,0.0287,-0.0485,-0.0229,-0.038,-0.024,-0.0085,-0.0066,-9.8036,16.2,,100.0,,,,1.3846,0.6086,1.5124,203.73,15.0,1.225,0.0105,57.66,0.0,1,0.0,0.237,0,3,10,0.7,0.283,0,0.0,0,0
1790741854.3308582,47.3979712,8.546164,0.00800000037997961,0.006019534543156624,0.007989850826561451,-0.0002554426610004157,96.60000000000001,-0.09309909189922227,0.8046319401363211,0.0,96.60000000000002,20.0,20.0,-0.0,0.0,1.317183584610636,0.00014432424128905334,14.0,0.0,0.0,"[20.0, 20.0, 20.0, 20.0, 20.0, 20.0, 20.0, 20.0, 20.0, 20.0, 20.0, 20.0, 20.0, 20.0, 20.0, 20.0, 20.0, 20.0, 20.0, 20.0, 20.0, 20.0, 20.0, 20.0, 20.0, 20.0, 20.0, 20.0, 20.0, 20.0, 20.0, 20.0, 20.0, 20.0, 20.0, 20.0, 20.0, 20.0, 20.0, 20.0, 20.0, 20.0, 20.0, 20.0, 20.0, 20.0, 20.0, 20.0, 20.0, 20.0, 20.0, 20.0, 20.0, 20.0, 20.0, 20.0, 20.0, 20.0, 20.0, 20.0, 20.0, 20.0, 20.0, 20.0, 20.0, 20.0, 20.0, 20.0, 20.0, 20.0, 20.0, 20.0]",0.017214655876159668,0.005339646711945534,0.029,-0.0457,0.1067,0.0429,0.0026,-0.0097,-0.0113,-9.8043,16.2,,100.0,,,,1.3075,0.597,1.4373,204.54,15.0,1.225,0.01,53.01,0.0,1,0.0,0.238,0,3,10,0.7,0.254,0,0.0,0,0
1790741854.5308013,47.3979712,8.546164,0.009000000543892384,0.00532025471329689,0.007093511987477541,2.620804116304498e-05,96.60000000000001,-0.09309909189922227,0.8046319401363211,0.0,96.60000000000002,20.0,20.0,-0.0,0.0,1.1649117396222743,0.0021221833938901854,14.0,0.0,0.0,"[20.0, 20.0, 20.0, 20.0, 20.0, 20.0, 20.0, 20.0, 20.0, 20.0, 20.0, 20.0, 20.0, 20.0, 20.0, 20.0, 20.0, 20.0, 20.0, 20.0, 20.0, 20.0, 20.0, 20.0, 20.0, 20.0, 20.0, 20.0, 20.0, 20.0, 20.0, 20.0, 20.0, 20.0, 20.0, 20.0, 20.0, 20.0, 20.0, 20.0, 20.0, 20.0, 20.0, 20.0, 20.0, 20.0, 20.0, 20.0, 20.0, 20.0, 20.0, 20.0, 20.0, 20.0, 20.0, 20.0, 20.0, 20.0, 20.0, 20.0, 20.0, 20.0, 20.0, 20.0, 20.0, 20.0, 20.0, 20.0, 20.0, 20.0, 20.0, 20.0]",0.016191750764846802,0.00617635203525424,0.0304,-0.0433,0.0104,0.0376,-0.0223,-0.0012,-0.0115,-9.8061,16.2,,100.0,,,,1.2973,0.5964,1.4278,204.69,15.0,1.225,0.0089,53.13,0.0,1,0.0,0.239,0,3,10,0.7,0.262,0,0.0,0,0
1790741854.7323503,47.3979712,8.5461639,0.010000000707805157,0.005568834953010082,0.005710312630981207,0.0002366139378864318,96.60000000000001,-0.09309909189922227,0.8046319401363211,0.0,96.60000000000002,20.0,20.0,-0.0,0.0,1.1817022619637298,-0.0005844909299745804,14.0,0.0,0.0,"[20.0, 20.0, 20.0, 20.0, 20.0, 20.0, 20.0, 20.0, 20.0, 20.0, 20.0, 20.0, 20.0, 20.0, 20.0, 20.0, 20.0, 20.0, 20.0, 20.0, 20.0, 20.0, 20.0, 20.0, 20.0, 20.0, 20.0, 20.0, 20.0, 20.0, 20.0, 20.0, 20.0, 20.0, 20.0, 20.0, 20.0, 20.0, 20.0, 20.0, 20.0, 20.0, 20.0, 20.0, 20.0, 20.0, 20.0, 20.0, 20.0, 20.0, 20.0, 20.0, 20.0, 20.0, 20.0, 20.0, 20.0, 20.0, 20.0, 20.0, 20.0, 20.0, 20.0, 20.0, 20.0, 20.0, 20.0, 20.0, 20.0, 20.0, 20.0, 20.0]",0.014580391347408295,0.008091327734291553,0.0303,-0.0381,0.0117,0.0578,-0.0178,-0.0043,-0.0111,-9.8094,16.2,,100.0,,,,1.4843,0.6239,1.6101,202.8,15.0,1.225,0.008,45.72,0.0,1,0.0,0.242,0,3,10,0.7,0.279,0,0.0,0,0
1790741854.9323924,47.3979712,8.5461639,0.01100000087171793,0.006909876596182585,0.0048593864776194096,0.00034964564838446677,96.60000000000001,-0.09309909189922227,0.8046319401363211,0.0,96.60000000000002,20.0,20.0,-0.0,0.0,1.417324396878603,-0.005479704207499989,14.0,0.0,0.0,"[20.0, 20.0, 20.0, 20.0, 20.0, 20.0, 20.0, 20.0, 20.0, 20.0, 20.0, 20.0, 20.0, 20.0, 20.0, 20.0, 20.0, 20.0, 20.0, 20.0, 20.0, 20.0, 20.0, 20.0, 20.0, 20.0, 20.0, 20.0, 20.0, 20.0, 20.0, 20.0, 20.0, 20.0, 20.0, 20.0, 20.0, 20.0, 20.0, 20.0, 20.0, 20.0, 20.0, 20.0, 20.0, 20.0, 20.0, 20.0, 20.0, 20.0, 20.0, 20.0, 20.0, 20.0, 20.0, 20.0, 20.0, 20.0, 20.0, 20.0, 20.0, 20.0, 20.0, 20.0, 20.0, 20.0, 20.0, 20.0, 20.0, 20.0, 20.0, 20.0]",0.013693234883248806,0.011536323465406895,0.028,-0.0356,0.0167,0.0862,-0.097,-0.0013,-0.0078,-9.7994,16.2,,100.0,,,,1.379,0.7464,1.5681,208.43,15.0,1.225,0.0084,35.12,0.0,1,0.0,0.245,0,3,10,0.7,0.269,0,0.0,0,0
1790741855.132943,47.397971299999995,8.5461639,0.015000000596046448,0.008383695967495441,0.0034189908765256405,-0.0010297492844983935,96.60000000000001,-0.09309909189922227,0.8046319401363211,0.0,96.60000000000002,20.0,20.0,-0.0,0.0,1.6651392779187015,-0.006439587561430871,14.0,0.0,0.0,"[20.0, 20.0, 20.0, 20.0, 20.0, 20.0, 20.0, 20.0, 20.0, 20.0, 20.0, 20.0, 20.0, 20.0, 20.0, 20.0, 20.0, 20.0, 20.0, 20.0, 20.0, 20.0, 20.0, 20.0, 20.0, 20.0, 20.0, 20.0, 20.0, 20.0, 20.0, 20.0, 20.0, 20.0, 20.0, 20.0, 20.0, 20.0, 20.0, 20.0, 20.0, 20.0, 20.0, 20.0, 20.0, 20.0, 20.0, 20.0, 20.0, 20.0, 20.0, 20.0, 20.0, 20.0, 20.0, 20.0, 20.0, 20.0, 20.0, 20.0, 20.0, 20.0, 20.0, 20.0, 20.0, 20.0, 20.0, 20.0, 20.0, 20.0, 20.0, 20.0]",0.012363884598016739,0.014749160967767239,0.0259,-0.0294,0.0316,0.0191,0.0417,-0.0049,-0.0067,-9.8065,16.2,,100.0,,,,1.4025,0.8263,1.6278,210.5,15.0,1.225,0.0091,22.19,0.0,1,0.0,0.249,0,3,10,0.7,0.214,0,0.0,0,0
1790741855.333927,47.397971299999995,8.5461639,0.01900000125169754,0.010761751793324947,0.004167516250163317,-0.0025637014769017696,96.60000000000001,-0.09309909189922227,0.8046319401363211,0.0,96.60000000000002,20.0,20.0,0.0,0.0,2.13221982978482,-0.011529681032071795,14.0,0.0,0.0,"[20.0, 20.0, 20.0, 20.0, 20.0, 20.0, 20.0, 20.0, 20.0, 20.0, 20.0, 20.0, 20.0, 20.0, 20.0, 20.0, 20.0, 20.0, 20.0, 20.0, 20.0, 20.0, 20.0, 20.0, 20.0, 20.0, 20.0, 20.0, 20.0, 20.0, 20.0, 20.0, 20.0, 20.0, 20.0, 20.0, 20.0, 20.0, 20.0, 20.0, 20.0, 20.0, 20.0, 20.0, 20.0, 20.0, 20.0, 20.0, 20.0, 20.0, 20.0, 20.0, 20.0, 20.0, 20.0, 20.0, 20.0, 20.0, 20.0, 20.0, 20.0, 20.0, 20.0, 20.0, 20.0, 20.0, 20.0, 20.0, 20.0, 20.0, 20.0, 20.0]",0.013596732169389725,0.018394358456134796,0.0201,-0.0337,0.0319,-0.0494,-0.0226,0.0022,-0.0014,-9.8118,16.2,,100.0,,,,1.3431,0.8288,1.5783,211.68,15.0,1.225,0.0115,21.17,0.0,1,0.0,0.253,0,3,10,0.7,0.197,0,0.0,0,0
1790741855.5352504,47.397971299999995,8.546164,0.021000001579523087,0.012186691164970398,0.00542738102376461,-0.0037467444781214,96.60000000000001,-0.09309909189922227,0.8046319401363211,0.0,96.60000000000002,20.0,20.0,0.0,0.0,2.429742702768438,-0.01199545131906183,14.0,0.0,0.0,"[20.0, 20.0, 20.0, 20.0, 20.0, 20.0, 20.0, 20.0, 20.0, 20.0, 20.0, 20.0, 20.0, 20.0, 20.0, 20.0, 20.0, 20.0, 20.0, 20.0, 20.0, 20.0, 20.0, 20.0, 20.0, 20.0, 20.0, 20.0, 20.0, 20.0, 20.0, 20.0, 20.0, 20.0, 20.0, 20.0, 20.0, 20.0, 20.0, 20.0, 20.0, 20.0, 20.0, 20.0, 20.0, 20.0, 20.0, 20.0, 20.0, 20.0, 20.0, 20.0, 20.0, 20.0, 20.0, 20.0, 20.0, 20.0, 20.0, 20.0, 20.0, 20.0, 20.0, 20.0, 20.0, 20.0, 20.0, 20.0, 20.0, 20.0, 20.0, 20.0]",0.01593497209250927,0.02035936526954174,0.0185,-0.0347,0.0019,0.0329,-0.0485,-0.004,-0.0026,-9.8042,16.2,,100.0,,,,1.3478,0.8285,1.5821,211.58,15.0,1.225,0.0133,24.01,0.0,1,0.0,0.256,0,3,10,0.7,0.222,0,0.0,0,0
1790741855.7355113,47.397971299999995,8.546164,0.024000000208616257,0.011488748714327812,0.0048406063579022884,-0.005289266351610422,96.60000000000001,-0.09309909189922227,0.8046319401363211,0.0,96.60000000000002,20.0,20.0,0.0,0.0,2.284694256655721,0.0022663923514233937,14.0,0.0,0.0,"[20.0, 20.0, 20.0, 20.0, 20.0, 20.0, 20.0, 20.0, 20.0, 20.0, 20.0, 20.0, 20.0, 20.0, 20.0, 20.0, 20.0, 20.0, 20.0, 20.0, 20.0, 20.0, 20.0, 20.0, 20.0, 20.0, 20.0, 20.0, 20.0, 20.0, 20.0, 20.0, 20.0, 20.0, 20.0, 20.0, 20.0, 20.0, 20.0, 20.0, 20.0, 20.0, 20.0, 20.0, 20.0, 20.0, 20.0, 20.0, 20.0, 20.0, 20.0, 20.0, 20.0, 20.0, 20.0, 20.0, 20.0, 20.0, 20.0, 20.0, 20.0, 20.0, 20.0, 20.0, 20.0, 20.0, 20.0, 20.0, 20.0, 20.0, 20.0, 20.0]",0.016564534977078438,0.019945479929447174,0.0197,-0.0332,0.0318,0.0669,-0.0437,-0.0064,-0.0094,-9.8127,16.2,,100.0,,,,1.3518,0.8452,1.5943,212.02,15.0,1.225,0.0125,22.85,0.0,1,0.0,0.256,0,3,10,0.7,0.21,0,0.0,0,0
1790741855.9359658,47.397971299999995,8.546164,0.02500000037252903,0.010817822068929672,0.003355373628437519,-0.006140329409390688,96.60000000000001,-0.09309909189922227,0.8046319401363211,0.0,96.60000000000002,20.0,20.0,0.0,0.0,2.125039764035805,0.009118419504516794,14.0,0.0,0.0,"[20.0, 20.0, 20.0, 20.0, 20.0, 20.0, 20.0, 20.0, 20.0, 20.0, 20.0, 20.0, 20.0, 20.0, 20.0, 20.0, 20.0, 20.0, 20.0, 20.0, 20.0, 20.0, 20.0, 20.0, 20.0, 20.0, 20.0, 20.0, 20.0, 20.0, 20.0, 20.0, 20.0, 20.0, 20.0, 20.0, 20.0, 20.0, 20.0, 20.0, 20.0, 20.0, 20.0, 20.0, 20.0, 20.0, 20.0, 20.0, 20.0, 20.0, 20.0, 20.0, 20.0, 20.0, 20.0, 20.0, 20.0, 20.0, 20.0, 20.0, 20.0, 20.0, 20.0, 20.0, 20.0, 20.0, 20.0, 20.0, 20.0, 20.0, 20.0, 20.0]",0.015470719896256924,0.019139502197504044,0.0237,-0.0289,0.0375,0.0229,0.0367,0.0016,-0.0044,-9.8055,16.2,,100.0,,,,1.3332,0.7498,1.5295,209.35,15.0,1.225,0.0113,17.23,0.0,1,0.0,0.258,0,3,10,0.7,0.18,0,0.0,0,0
1790741856.1360626,47.397971299999995,8.5461639,0.023000001907348633,0.009554452262818813,0.000108551379526034,-0.005695019382983446,96.59,-0.09295865571573385,0.804648176737836,0.0,96.59000000000003,20.0,20.0,0.0,0.0,1.8144818234028999,0.000963932040147184,14.0,0.0,0.0,"[20.0, 20.0, 20.0, 20.0, 20.0, 20.0, 20.0, 20.0, 20.0, 20.0, 20.0, 20.0, 20.0, 20.0, 20.0, 20.0, 20.0, 20.0, 20.0, 20.0, 20.0, 20.0, 20.0, 20.0, 20.0, 20.0, 20.0, 20.0, 20.0, 20.0, 20.0, 20.0, 20.0, 20.0, 20.0, 20.0, 20.0, 20.0, 20.0, 20.0, 20.0, 20.0, 20.0, 20.0, 20.0, 20.0, 20.0, 20.0, 20.0, 20.0, 20.0, 20.0, 20.0, 20.0, 20.0, 20.0, 20.0, 20.0, 20.0, 20.0, 20.0, 20.0, 20.0, 20.0, 20.0, 20.0, 20.0, 20.0, 20.0, 20.0, 20.0, 20.0]",0.010820946656167507,0.018721329048275948,0.0274,-0.0211,-0.0394,-0.0441,-0.0503,-0.0057,-0.0113,-9.8041,16.2,,100.0,,,,1.3224,0.6801,1.4871,207.22,15.0,1.225,0.0096,0.65,0.0,1,0.0,0.262,0,3,10,0.7,0.172,0,0.0,0,0
1790741856.3370366,47.397971299999995,8.5461638,0.018000001087784767,0.007969020865857601,-0.004742775112390518,-0.003971662372350693,96.59,-0.09295865571573385,0.804648176737836,0.0,96.59000000000003,20.0,20.0,0.0,0.0,1.4076782175025049,-0.004186527821280261,14.0,0.0,0.0,"[20.0, 20.0, 20.0, 20.0, 20.0, 20.0, 20.0, 20.0, 20.0, 20.0, 20.0, 20.0, 20.0, 20.0, 20.0, 20.0, 20.0, 20.0, 20.0, 20.0, 20.0, 20.0, 20.0, 20.0, 20.0, 20.0, 20.0, 20.0, 20.0, 20.0, 20.0, 20.0, 20.0, 20.0, 20.0, 20.0, 20.0, 20.0, 20.0, 20.0, 20.0, 20.0, 20.0, 20.0, 20.0, 20.0, 20.0, 20.0, 20.0, 20.0, 20.0, 20.0, 20.0, 20.0, 20.0, 20.0, 20.0, 20.0, 20.0, 20.0, 20.0, 20.0, 20.0, 20.0, 20.0, 20.0, 20.0, 20.0, 20.0, 20.0, 20.0, 20.0]",0.004191775806248188,0.01826678216457367,0.031,-0.0137,0.0035,-0.0281,0.0129,-0.0083,-0.0079,-9.8002,16.2,,100.0,,,,1.3232,0.5591,1.4365,202.91,15.0,1.225,0.0093,329.24,0.0,1,0.0,0.269,0,3,10,0.7,0.193,0,0.0,0,0
1790741856.5377867,47.397971299999995,8.5461637,0.012000000104308128,0.006392948795109987,-0.009266029112040997,-0.001322045805864036,96.59,-0.09295865571573385,0.804648176737836,0.0,96.59000000000003,20.0,20.0,0.0,0.0,1.009696321075028,-0.00855903683572603,14.0,0.0,0.0,"[20.0, 20.0, 20.0, 20.0, 20.0, 20.0, 20.0, 20.0, 20.0, 20.0, 20.0, 20.0, 20.0, 20.0, 20.0, 20.0, 20.0, 20.0, 20.0, 20.0, 20.0, 20.0, 20.0, 20.0, 20.0, 20.0, 20.0, 20.0, 20.0, 20.0, 20.0, 20.0, 20.0, 20.0, 20.0, 20.0, 20.0, 20.0, 20.0, 20.0, 20.0, 20.0, 20.0, 20.0, 20.0, 20.0, 20.0, 20.0, 20.0, 20.0, 20.0, 20.0, 20.0, 20.0, 20.0, 20.0, 20.0, 20.0, 20.0, 20.0, 20.0, 20.0, 20.0, 20.0, 20.0, 20.0, 20.0, 20.0, 20.0, 20.0, 20.0, 20.0]",-0.0037388200871646404,0.017446400597691536,0.0348,-0.0098,0.0072,-0.0134,0.0039,-0.0128,-0.0016,-9.8075,16.2,,100.0,,,,1.3458,0.472,1.4262,199.33,15.0,1.225,0.0113,304.6,0.0,1,0.0,0.277,0,3,10,0.7,0.226,0,0.0,0,0
1790741856.7390435,47.397971299999995,8.5461636,0.007000000216066837,0.005160259548574686,-0.011865080334246159,0.0007945767138153315,96.59,-0.09295865571573385,0.804648176737836,0.0,96.59000000000003,20.0,20.0,0.0,0.0,0.7189256291519762,-0.010840508253874994,14.0,0.0,0.0,"[20.0, 20.0, 20.0, 20.0, 20.0, 20.0, 20.0, 20.0, 20.0, 20.0, 20.0, 20.0, 20.0, 20.0, 20.0, 20.0, 20.0, 20.0, 20.0, 20.0, 20.0, 20.0, 20.0, 20.0, 20.0, 20.0, 20.0, 20.0, 20.0, 20.0, 20.0, 20.0, 20.0, 20.0, 20.0, 20.0, 20.0, 20.0, 20.0, 20.0, 20.0, 20.0, 20.0, 20.0, 20.0, 20.0, 20.0, 20.0, 20.0, 20.0, 20.0, 20.0, 20.0, 20.0, 20.0, 20.0, 20.0, 20.0, 20.0, 20.0, 20.0, 20.0, 20.0, 20.0, 20.0, 20.0, 20.0, 20.0, 20.0, 20.0, 20.0, 20.0]",-0.009528359398245811,0.016468990594148636,0.0373,-0.0071,0.0183,0.0378,-0.0622,0.0016,-0.009,-9.803,16.2,,100.0,,,,1.3498,0.4946,1.4376,200.12,15.0,1.225,0.0129,293.5,0.0,1,0.0,0.283,0,3,10,0.7,0.291,0,0.0,0,0
1790741856.940211,47.397971299999995,8.5461636,0.004000000189989805,0.004150031600147486,-0.012384393252432346,0.0018304968252778053,96.58,-0.09281821670056284,0.8046643888283658,0.0,96.57999999999998,20.0,20.0,0.0,0.0,0.5163283594995103,-0.009933378754527853,14.0,0.0,0.0,"[20.0, 20.0, 20.0, 20.0, 20.0, 20.0, 20.0, 20.0, 20.0, 20.0, 20.0, 20.0, 20.0, 20.0, 20.0, 20.0, 20.0, 20.0, 20.0, 20.0, 20.0, 20.0, 20.0, 20.0, 20.0, 20.0, 20.0, 20.0, 20.0, 20.0, 20.0, 20.0, 20.0, 20.0, 20.0, 20.0, 20.0, 20.0, 20.0, 20.0, 20.0, 20.0, 20.0, 20.0, 20.0, 20.0, 20.0, 20.0, 20.0, 20.0, 20.0, 20.0, 20.0, 20.0, 20.0, 20.0, 20.0, 20.0, 20.0, 20.0, 20.0, 20.0, 20.0, 20.0, 20.0, 20.0, 20.0, 20.0, 20.0, 20.0, 20.0, 20.0]",-0.012894717045128345,0.01511138491332531,0.0373,-0.0102,-0.0535,-0.0543,-0.0235,-0.0042,-0.0037,-9.8123,16.2,,100.0,,,,1.364,0.613,1.4954,204.2,15.0,1.225,0.0131,288.53,0.0,1,0.0,0.286,0,3,10,0.7,0.279,0,0.0,0,0
1790741857.140779,47.3979712,8.5461636,0.003000000026077032,0.0007354425615631044,-0.01169890258461237,0.002657057251781225,96.58,-0.09281821670056284,0.8046643888283658,0.0,96.57999999999998,20.0,20.0,0.0,0.0,-0.11649815391078205,-0.00350571689591362,14.0,0.0,0.0,"[20.0, 20.0, 20.0, 20.0, 20.0, 20.0, 20.0, 20.0, 20.0, 20.0, 20.0, 20.0, 20.0, 20.0, 20.0, 20.0, 20.0, 20.0, 20.0, 20.0, 20.0, 20.0, 20.0, 20.0, 20.0, 20.0, 20.0, 20.0, 20.0, 20.0, 20.0, 20.0, 20.0, 20.0, 20.0, 20.0, 20.0, 20.0, 20.0, 20.0, 20.0, 20.0, 20.0, 20.0, 20.0, 20.0, 20.0, 20.0, 20.0, 20.0, 20.0, 20.0, 20.0, 20.0, 20.0, 20.0, 20.0, 20.0, 20.0, 20.0, 20.0, 20.0, 20.0, 20.0, 20.0, 20.0, 20.0, 20.0, 20.0, 20.0, 20.0, 20.0]",-0.014763299375772476,0.010243301279842854,0.0417,-0.0147,-0.0445,0.0518,-0.0115,-0.0036,-0.0028,-9.8053,16.2,,100.0,,,,1.2669,0.597,1.4005,205.23,15.0,1.225,0.0117,273.6,0.0,1,0.0,0.292,0,3,10,0.7,0.271,0,0.0,0,0
1790741857.3417578,47.3979711,8.5461636,0.005000000353902578,-0.004659052472561598,-0.010746248066425323,0.002001782413572073,96.57000000000001,-0.09267777485798767,0.8046805764074165,0.0,96.57,20.0,20.0,0.0,0.0,-1.1186551663422415,-0.005373435350431694,14.0,0.0,0.0,"[20.0, 20.0, 20.0, 20.0, 20.0, 20.0, 20.0, 20.0, 20.0, 20.0, 20.0, 20.0, 20.0, 20.0, 20.0, 20.0, 20.0, 20.0, 20.0, 20.0, 20.0, 20.0, 20.0, 20.0, 20.0, 20.0, 20.0, 20.0, 20.0, 20.0, 20.0, 20.0, 20.0, 20.0, 20.0, 20.0, 20.0, 20.0, 20.0, 20.0, 20.0, 20.0, 20.0, 20.0, 20.0, 20.0, 20.0, 20.0, 20.0, 20.0, 20.0, 20.0, 20.0, 20.0, 20.0, 20.0, 20.0, 20.0, 20.0, 20.0, 20.0, 20.0, 20.0, 20.0, 20.0, 20.0, 20.0, 20.0, 20.0, 20.0, 20.0, 20.0]",-0.015286632813513279,0.0025038893800228834,0.0525,-0.019,0.0533,-0.0204,0.0281,-0.0033,-0.0102,-9.8067,16.2,,100.0,,,,1.1797,0.5503,1.3017,205.01,15.0,1.225,0.0117,246.56,0.0,1,0.0,0.299,0,3,10,0.7,0.258,0,0.0,0,0
1790741857.5432918,47.3979711,8.5461636,0.00800000037997961,-0.008826244622468948,-0.008245213888585567,0.001249826280400157,96.56,-0.09253733019228604,0.8046967394744954,0.0,96.56,20.0,20.0,0.0,0.0,-1.8539063862347585,-0.0066358075807015126,14.0,0.0,0.0,"[20.0, 20.0, 20.0, 20.0, 20.0, 20.0, 20.0, 20.0, 20.0, 20.0, 20.0, 20.0, 20.0, 20.0, 20.0, 20.0, 20.0, 20.0, 20.0, 20.0, 20.0, 20.0, 20.0, 20.0, 20.0, 20.0, 20.0, 20.0, 20.0, 20.0, 20.0, 20.0, 20.0, 20.0, 20.0, 20.0, 20.0, 20.0, 20.0, 20.0, 20.0, 20.0, 20.0, 20.0, 20.0, 20.0, 20.0, 20.0, 20.0, 20.0, 20.0, 20.0, 20.0, 20.0, 20.0, 20.0, 20.0, 20.0, 20.0, 20.0, 20.0, 20.0, 20.0, 20.0, 20.0, 20.0, 20.0, 20.0, 20.0, 20.0, 20.0, 20.0]",-0.013386710546910763,-0.005335303023457527,0.0592,-0.026,0.006,0.031,-0.0047,-0.0038,0.0029,-9.8185,16.2,,100.0,,,,1.093,0.7378,1.3187,214.02,15.0,1.225,0.0121,223.05,0.0,1,0.0,0.307,0,3,10,0.7,0.26,0,0.0,0,0
1790741860.1031654,47.397971,8.5461638,-0.007000000216066837,-0.0020214400719851255,0.0026208083145320415,0.008174491114914417,96.57000000000001,0.0,0.0,0.0,35.126608200073235,20.0,20.0,0.0,151.36673038376802,-0.3262577123817719,-0.003306811572471412,14.0,0.0,0.0,"[20.0, 20.0, 20.0, 20.0, 20.0, 20.0, 20.0, 20.0, 20.0, 20.0, 20.0, 20.0, 20.0, 20.0, 20.0, 20.0, 20.0, 20.0, 20.0, 20.0, 20.0, 20.0, 20.0, 20.0, 20.0, 20.0, 20.0, 20.0, 20.0, 20.0, 20.0, 20.0, 20.0, 20.0, 20.0, 20.0, 20.0, 20.0, 20.0, 20.0, 20.0, 20.0, 20.0, 20.0, 20.0, 20.0, 20.0, 20.0, 20.0, 20.0, 20.0, 20.0, 20.0, 20.0, 20.0, 20.0, 20.0, 20.0, 20.0, 20.0, 20.0, 20.0, 20.0, 20.0, 20.0, 20.0, 20.0, 20.0, 20.0, 20.0, 20.0, 20.0]",-0.013386710546910763,-0.005335303023457527,0.0307,-0.0429,0.0572,0.0106,-0.0818,-0.0014,-0.0029,-9.8025,16.151,,99.0,,,,1.3488,0.2584,1.3733,190.85,15.0,1.225,0.0033,127.64,0.018,1,0.0,0.325,0,3,10,0.7,0.191,0,0.0,0,0
1790741860.3041275,47.397971,8.5461638,-0.010000000707805157,9.285703708883375e-05,0.003332549473270774,0.008410174399614334,96.57000000000001,0.0,0.0,0.0,91.74419242858886,20.0,20.0,0.0,163.24775435867514,0.09044084691481367,-0.0030234936864398463,14.0,0.0,0.0,"[20.0, 20.0, 20.0, 20.0, 20.0, 20.0, 20.0, 20.0, 20.0, 20.0, 20.0, 20.0, 20.0, 20.0, 20.0, 20.0, 20.0, 20.0, 20.0, 20.0, 20.0, 20.0, 20.0, 20.0, 20.0, 20.0, 20.0, 20.0, 20.0, 20.0, 20.0, 20.0, 20.0, 20.0, 20.0, 20.0, 20.0, 20.0, 20.0, 20.0, 20.0, 20.0, 20.0, 20.0, 20.0, 20.0, 20.0, 20.0, 20.0, 20.0, 20.0, 20.0, 20.0, 20.0, 20.0, 20.0, 20.0, 20.0, 20.0, 20.0, 20.0, 20.0, 20.0, 20.0, 20.0, 20.0, 20.0, 20.0, 20.0, 20.0, 20.0, 20.0]",-0.013386710546910763,-0.005335303023457527,0.0266,-0.0415,-0.0198,-0.0203,-0.0316,-0.0032,-0.0005,-9.8032,16.151,,99.0,,,,1.3017,0.2185,1.3199,189.53,15.0,1.225,0.0033,88.4,0.017,1,0.0,0.329,0,3,10,0.7,0.232,0,0.0,0,0
1790741860.5054884,47.397971,8.5461638,-0.01100000087171793,0.0025757760740816593,0.0034453647676855326,0.007992642000317574,96.56,0.0,0.0,0.0,91.73632102966309,20.0,20.0,0.0,175.05510728017123,0.5638721122192534,-0.002862396689333614,14.0,0.0,0.0,"[20.0, 20.0, 20.0, 20.0, 20.0, 20.0, 20.0, 20.0, 20.0, 20.0, 20.0, 20.0, 20.0, 20.0, 20.0, 20.0, 20.0, 20.0, 20.0, 20.0, 20.0, 20.0, 20.0, 20.0, 20.0, 20.0, 20.0, 20.0, 20.0, 20.0, 20.0, 20.0, 20.0, 20.0, 20.0, 20.0, 20.0, 20.0, 20.0, 20.0, 20.0, 20.0, 20.0, 20.0, 20.0, 20.0, 20.0, 20.0, 20.0, 20.0, 20.0, 20.0, 20.0, 20.0, 20.0, 20.0, 20.0, 20.0, 20.0, 20.0, 20.0, 20.0, 20.0, 20.0, 20.0, 20.0, 20.0, 20.0, 20.0, 20.0, 20.0, 20.0]",-0.013386710546910763,-0.005335303023457527,0.0219,-0.0389,0.0129,-0.0466,0.0105,-0.002,-0.0098,-9.8119,16.151,,99.0,,,,1.117,0.1503,1.1271,187.66,15.0,1.225,0.0043,53.22,0.016,1,0.0,0.333,1,3,10,0.7,0.278,0,0.0,0,0
1790741860.70621,47.3979711,8.5461638,-0.009000000543892384,0.004130357410758734,0.0024125620257109404,0.0062734405510127544,96.56,0.0,0.0,0.0,101.38462882995606,20.0,20.0,0.0,-178.6588490757444,0.8362555566943243,-0.002026862683511005,14.0,0.0,0.0,"[20.0, 20.0, 20.0, 20.0, 20.0, 20.0, 20.0, 20.0, 20.0, 20.0, 20.0, 20.0, 20.0, 20.0, 20.0, 20.0, 20.0, 20.0, 20.0, 20.0, 20.0, 20.0, 20.0, 20.0, 20.0, 20.0, 20.0, 20.0, 20.0, 20.0, 20.0, 20.0, 20.0, 20.0, 20.0, 20.0, 20.0, 20.0, 20.0, 20.0, 20.0, 20.0, 20.0, 20.0, 20.0, 20.0, 20.0, 20.0, 20.0, 20.0, 20.0, 20.0, 20.0, 20.0, 20.0, 20.0, 20.0, 20.0, 20.0, 20.0, 20.0, 20.0, 20.0, 20.0, 20.0, 20.0, 20.0, 20.0, 20.0, 20.0, 20.0, 20.0]",-0.013386710546910763,-0.005335303023457527,0.019,-0.0365,-0.0389,0.0167,-0.06,-0.0021,-0.0045,-9.8034,16.151,,99.0,,,,0.9953,0.1003,1.0003,185.76,15.0,1.225,0.0048,30.29,0.014,1,0.2,0.335,1,3,10,0.7,0.236,0,0.0,0,0
1790741860.9072087,47.3979711,8.5461637,-0.005000000353902578,0.004730038344860077,-0.0010649424511939287,0.004525540396571159,96.56,0.0,0.0,0.0,91.74269538879395,20.0,20.0,0.0,179.1165387030499,0.8741524690731362,0.0016687343606985455,14.0,0.0,0.0,"[20.0, 20.0, 20.0, 20.0, 20.0, 20.0, 20.0, 20.0, 20.0, 20.0, 20.0, 20.0, 20.0, 20.0, 20.0, 20.0, 20.0, 20.0, 20.0, 20.0, 20.0, 20.0, 20.0, 20.0, 20.0, 20.0, 20.0, 20.0, 20.0, 20.0, 20.0, 20.0, 20.0, 20.0, 20.0, 20.0, 20.0, 20.0, 20.0, 20.0, 20.0, 20.0, 20.0, 20.0, 20.0, 20.0, 20.0, 20.0, 20.0, 20.0, 20.0, 20.0, 20.0, 20.0, 20.0, 20.0, 20.0, 20.0, 20.0, 20.0, 20.0, 20.0, 20.0, 20.0, 20.0, 20.0, 20.0, 20.0, 20.0, 20.0, 20.0, 20.0]",-0.013386710546910763,-0.005335303023457527,0.0208,-0.0282,-0.0283,0.0346,-0.033,0.0093,-0.0079,-9.8111,16.151,,99.0,,,,1.1001,0.27,1.1327,193.79,15.0,1.225,0.0048,347.31,0.01,1,0.4,0.34,1,3,10,0.7,0.25,0,0.0,0,0
1790741861.107168,47.3979711,8.5461636,-0.0010000000474974513,0.004783572629094124,-0.005618997849524021,0.0032962581608444452,96.55,0.0,0.0,0.0,91.74292640686036,20.0,20.0,0.0,160.52638167194618,0.7851681927013574,0.00714805835566916,14.0,0.0,0.0,"[20.0, 20.0, 20.0, 20.0, 20.0, 20.0, 20.0, 20.0, 20.0, 20.0, 20.0, 20.0, 20.0, 20.0, 20.0, 20.0, 20.0, 20.0, 20.0, 20.0, 20.0, 20.0, 20.0, 20.0, 20.0, 20.0, 20.0, 20.0, 20.0, 20.0, 20.0, 20.0, 20.0, 20.0, 20.0, 20.0, 20.0, 20.0, 20.0, 20.0, 20.0, 20.0, 20.0, 20.0, 20.0, 20.0, 20.0, 20.0, 20.0, 20.0, 20.0, 20.0, 20.0, 20.0, 20.0, 20.0, 20.0, 20.0, 20.0, 20.0, 20.0, 20.0, 20.0, 20.0, 20.0, 20.0, 20.0, 20.0, 20.0, 20.0, 20.0, 20.0]",-0.013386710546910763,-0.005335303023457527,0.0207,-0.0177,-0.0089,-0.0373,0.0202,-0.0111,-0.0093,-9.8086,16.151,,99.0,,,,1.062,0.2442,1.0897,192.95,15.0,1.225,0.0074,310.41,0.004,1,0.6,0.346,1,3,10,0.7,0.234,0,0.0,0,0
1790741861.3079736,47.3979711,8.5461636,0.0,0.005387020763009787,-0.008776535280048847,0.003113100305199623,96.55,-0.007984915789557442,0.06954308822473787,0.0,91.73228912353517,20.0,20.0,0.0,53.674106272036084,0.8308674259140525,-0.002023898905195361,14.0,0.0,0.0,"[20.0, 20.0, 20.0, 20.0, 20.0, 20.0, 20.0, 20.0, 20.0, 20.0, 20.0, 20.0, 20.0, 20.0, 20.0, 20.0, 20.0, 20.0, 20.0, 20.0, 20.0, 20.0, 20.0, 20.0, 20.0, 20.0, 20.0, 20.0, 20.0, 20.0, 20.0, 20.0, 20.0, 20.0, 20.0, 20.0, 20.0, 20.0, 20.0, 20.0, 20.0, 20.0, 20.0, 20.0, 20.0, 20.0, 20.0, 20.0, 20.0, 20.0, 20.0, 20.0, 20.0, 20.0, 20.0, 20.0, 20.0, 20.0, 20.0, 20.0, 20.0, 20.0, 20.0, 20.0, 20.0, 20.0, 20.0, 20.0, 20.0, 20.0, 20.0, 20.0]",-0.013386710546910763,-0.005335303023457527,0.0196,-0.0109,0.0027,0.0511,0.0289,-0.0126,-0.0117,-9.8086,16.091,,96.0,,,,1.0836,0.1634,1.0958,188.58,15.0,1.225,0.0103,301.54,0.002,1,0.8,0.351,1,3,10,0.7,0.219,0,0.0,0,0
1790741861.5096529,47.3979711,8.5461635,0.0010000000474974513,0.0058422875590622425,-0.009850389324128628,0.0027673463337123394,96.55,-0.09652706307429194,0.8648266083222659,0.0,94.28457652398674,20.0,20.0,-0.0,2.2654234760132965,0.8938403802305231,-0.010259339259485058,14.0,0.0,0.07985732071834929,"[20.0, 20.0, 20.0, 20.0, 20.0, 20.0, 20.0, 20.0, 20.0, 20.0, 20.0, 20.0, 20.0, 20.0, 20.0, 20.0, 20.0, 20.0, 20.0, 20.0, 20.0, 20.0, 20.0, 20.0, 20.0, 20.0, 20.0, 20.0, 20.0, 20.0, 20.0, 20.0, 20.0, 20.0, 20.0, 20.0, 20.0, 20.0, 20.0, 20.0, 20.0, 20.0, 20.0, 20.0, 20.0, 20.0, 20.0, 20.0, 20.0, 20.0, 20.0, 20.0, 20.0, 20.0, 20.0, 20.0, 20.0, 20.0, 20.0, 20.0, 20.0, 20.0, 20.0, 20.0, 20.0, 20.0, 20.0, 20.0, 20.0, 20.0, 20.0, 20.0]",-0.013386710546910763,-0.005335303023457527,0.02,-0.0117,-0.0083,-0.0269,-0.0036,-0.002,-0.0036,-9.811,16.091,,96.0,,,,1.1872,0.2483,1.2129,191.81,15.0,1.225,0.0115,300.67,0.004,1,1.0,0.354,1,3,10,0.7,0.21,0,0.0,0,0
1790741861.710149,47.3979711,8.5461635,0.0020000000949949026,0.006803544238209724,-0.01060500368475914,0.0020413147285580635,96.55,-0.1069789826901491,0.7687851825280669,0.0,101.36967353820802,20.0,20.0,-0.0,-16.666988718200088,1.0597403299120989,-0.012428249763372926,14.0,0.0,0.6205941211465674,"[20.0, 20.0, 20.0, 20.0, 20.0, 20.0, 20.0, 20.0, 20.0, 20.0, 20.0, 20.0, 20.0, 20.0, 20.0, 20.0, 20.0, 20.0, 20.0, 20.0, 20.0, 20.0, 20.0, 20.0, 20.0, 20.0, 20.0, 20.0, 20.0, 20.0, 20.0, 20.0, 20.0, 20.0, 20.0, 20.0, 20.0, 20.0, 20.0, 20.0, 20.0, 20.0, 20.0, 20.0, 20.0, 20.0, 20.0, 20.0, 20.0, 20.0, 20.0, 20.0, 20.0, 20.0, 20.0, 20.0, 20.0, 20.0, 20.0, 20.0, 20.0, 20.0, 20.0, 20.0, 20.0, 20.0, 20.0, 20.0, 20.0, 20.0, 20.0, 20.0]",-0.013386710546910763,-0.005335303023457527,0.0167,-0.0124,-0.0274,-0.0157,0.0325,-0.0098,-0.0097,-9.814,16.091,,96.0,,,,1.3296,0.215,1.3469,189.18,15.0,1.225,0.0126,302.68,0.007,1,1.21,0.357,1,3,10,0.7,0.206,0,0.0,0,0
1790741861.911997,47.3979711,8.5461635,0.004000000189989805,0.009071721695363522,-0.010016420856118202,0.0008644360932521522,96.56,-0.011424361752134078,0.09934527647833276,0.0,101.40455299377442,20.0,20.0,-0.0,-35.0220084518173,1.502335753443643,-0.013513171582813704,14.0,0.0,0.5377316588528052,"[20.0, 20.0, 20.0, 20.0, 20.0, 20.0, 20.0, 20.0, 20.0, 20.0, 20.0, 20.0, 20.0, 20.0, 20.0, 20.0, 20.0, 20.0, 20.0, 20.0, 20.0, 20.0, 20.0, 20.0, 20.0, 20.0, 20.0, 20.0, 20.0, 20.0, 20.0, 20.0, 20.0, 20.0, 20.0, 20.0, 20.0, 20.0, 20.0, 20.0, 20.0, 20.0, 20.0, 20.0, 20.0, 20.0, 20.0, 20.0, 20.0, 20.0, 20.0, 20.0, 20.0, 20.0, 20.0, 20.0, 20.0, 20.0, 20.0, 20.0, 20.0, 20.0, 20.0, 20.0, 20.0, 20.0, 20.0, 20.0, 20.0, 20.0, 20.0, 20.0]",-0.013386710546910763,-0.005335303023457527,0.0133,-0.0139,-0.0005,0.0536,-0.0125,-0.0081,-0.0044,-9.8056,16.091,,96.0,,,,1.3694,0.1855,1.3819,187.71,15.0,1.225,0.0135,312.17,0.009,1,1.41,0.361,1,3,10,0.7,0.222,0,0.0,0,0
1790741862.113738,47.3979712,8.5461635,0.005000000353902578,0.011495240032672882,-0.008255500346422195,0.0003701943496707827,96.56,-0.007997053226493854,0.06954169353483292,0.0,101.38576179504395,20.0,20.0,-0.0,-56.12539793395557,2.0001161536454433,-0.014001775428492201,14.0,0.0,0.0,"[20.0, 20.0, 20.0, 20.0, 20.0, 20.0, 20.0, 20.0, 20.0, 20.0, 20.0, 20.0, 20.0, 20.0, 20.0, 20.0, 20.0, 20.0, 20.0, 20.0, 20.0, 20.0, 20.0, 20.0, 20.0, 20.0, 20.0, 20.0, 20.0, 20.0, 20.0, 20.0, 20.0, 20.0, 20.0, 20.0, 20.0, 20.0, 20.0, 20.0, 20.0, 20.0, 20.0, 20.0, 20.0, 20.0, 20.0, 20.0, 20.0, 20.0, 20.0, 20.0, 20.0, 20.0, 20.0, 20.0, 20.0, 20.0, 20.0, 20.0, 20.0, 20.0, 20.0, 20.0, 20.0, 20.0, 20.0, 20.0, 20.0, 20.0, 20.0, 20.0]",-0.013386710546910763,-0.005335303023457527,0.0107,-0.0182,-0.011,0.0363,0.0041,-0.0071,-0.0054,-9.804,16.091,,96.0,,,,1.3881,0.2768,1.4154,191.28,15.0,1.225,0.0142,324.32,0.012,1,1.61,0.365,1,3,10,0.7,0.2,0,0.0,0,0
1790741862.3139427,47.3979712,8.5461636,0.005000000353902578,0.013541788794100285,-0.004563121125102043,-0.0003615185560192913,96.58,-0.008021327369184442,0.06953889779998222,0.0,101.40052040100096,20.0,20.0,-0.0,-78.85977055213166,2.4678629160807595,-0.013861719776740488,14.0,0.0,0.0,"[20.0, 20.0, 20.0, 20.0, 20.0, 20.0, 20.0, 20.0, 20.0, 20.0, 20.0, 20.0, 20.0, 20.0, 20.0, 20.0, 20.0, 20.0, 20.0, 20.0, 20.0, 20.0, 20.0, 20.0, 20.0, 20.0, 20.0, 20.0, 20.0, 20.0, 20.0, 20.0, 20.0, 20.0, 20.0, 20.0, 20.0, 20.0, 20.0, 20.0, 20.0, 20.0, 20.0, 20.0, 20.0, 20.0, 20.0, 20.0, 20.0, 20.0, 20.0, 20.0, 20.0, 20.0, 20.0, 20.0, 20.0, 20.0, 20.0, 20.0, 20.0, 20.0, 20.0, 20.0, 20.0, 20.0, 20.0, 20.0, 20.0, 20.0, 20.0, 20.0]",-0.013386710546910763,-0.005335303023457527,0.0109,-0.0226,0.1901,0.0145,0.0207,0.0143,0.0332,-9.8325,16.091,,96.0,,,,1.3069,0.2366,1.3281,190.26,15.0,1.225,0.0143,341.38,0.016,1,1.81,0.372,1,3,10,0.7,0.172,0,0.0,0,0
1790741862.5142443,47.3979712,8.5461636,0.010000000707805157,0.003610157873481512,0.0028324308805167675,-0.07182854413986206,96.62,0.0,0.0,0.0,101.42650711059571,20.0,20.0,0.0,-96.29323585415919,0.7472132256329389,-0.004151833829271777,14.0,0.0,0.0,"[20.0, 20.0, 20.0, 20.0, 20.0, 20.0, 20.0, 20.0, 20.0, 20.0, 20.0, 20.0, 20.0, 20.0, 20.0, 20.0, 20.0, 20.0, 20.0, 20.0, 20.0, 20.0, 20.0, 20.0, 20.0, 20.0, 20.0, 20.0, 20.0, 20.0, 20.0, 20.0, 20.0, 20.0, 20.0, 20.0, 20.0, 20.0, 20.0, 20.0, 20.0, 20.0, 20.0, 20.0, 20.0, 20.0, 20.0, 20.0, 20.0, 20.0, 20.0, 20.0, 20.0, 20.0, 20.0, 20.0, 20.0, 20.0, 20.0, 20.0, 20.0, 20.0, 20.0, 20.0, 20.0, 20.0, 20.0, 20.0, 20.0, 20.0, 20.0, 20.0]",-0.013386710546910763,-0.005335303023457527,0.6321,-0.2326,3.3913,-0.8877,0.1444,-0.0014,-0.0091,-10.4606,16.091,,96.0,,,,1.2519,0.3606,1.3028,196.07,15.0,1.225,0.0046,38.12,0.019,1,2.01,0.378,1,3,10,0.7,0.239,0,0.0,0,0
1790741862.7155647,47.3979712,8.5461637,0.04400000348687172,-0.027042264118790627,0.010151826776564121,-0.22913038730621338,96.65,0.0,0.0,0.0,101.47007980346677,20.0,20.0,0.0,-121.9030168838539,-4.893483932132543,0.014820900786968422,14.0,0.0,0.0,"[20.0, 20.0, 20.0, 20.0, 20.0, 20.0, 20.0, 20.0, 20.0, 20.0, 20.0, 20.0, 20.0, 20.0, 20.0, 20.0, 20.0, 20.0, 20.0, 20.0, 20.0, 20.0, 20.0, 20.0, 20.0, 20.0, 20.0, 20.0, 20.0, 20.0, 20.0, 20.0, 20.0, 20.0, 20.0, 20.0, 20.0, 20.0, 20.0, 20.0, 20.0, 20.0, 20.0, 20.0, 20.0, 20.0, 20.0, 20.0, 20.0, 20.0, 20.0, 20.0, 20.0, 20.0, 20.0, 20.0, 20.0, 20.0, 20.0, 20.0, 20.0, 20.0, 20.0, 20.0, 20.0, 20.0, 20.0, 20.0, 20.0, 20.0, 20.0, 20.0]",-0.013386710546910763,-0.005335303023457527,0.8236,-0.2222,-0.8405,0.584,0.044,-0.009,-0.0018,-10.6657,16.091,,96.0,,,,1.1659,0.2545,1.1934,192.31,15.0,1.22499,0.0289,159.42,0.017,1,2.21,0.386,1,3,10,0.7,0.303,0,0.0,0,0
1790741862.9158547,47.397971,8.5461638,0.11800000816583633,-0.055046096444129944,0.01273385901004076,-0.4078061878681183,96.68,0.0,0.0,0.0,101.49981086730958,20.0,20.0,0.0,-178.29093292342742,-10.054273094788492,-0.017455727528640344,14.0,0.0,0.0,"[20.0, 20.0, 20.0, 20.0, 20.0, 20.0, 20.0, 20.0, 20.0, 20.0, 20.0, 20.0, 20.0, 20.0, 20.0, 20.0, 20.0, 20.0, 20.0, 20.0, 20.0, 20.0, 20.0, 20.0, 20.0, 20.0, 20.0, 20.0, 20.0, 20.0, 20.0, 20.0, 20.0, 20.0, 20.0, 20.0, 20.0, 20.0, 20.0, 20.0, 20.0, 20.0, 20.0, 20.0, 20.0, 20.0, 20.0, 20.0, 20.0, 20.0, 20.0, 20.0, 20.0, 20.0, 20.0, 20.0, 20.0, 20.0, 20.0, 20.0, 20.0, 20.0, 20.0, 20.0, 20.0, 20.0, 20.0, 20.0, 20.0, 20.0, 20.0, 20.0]",-0.013386710546910763,-0.005335303023457527,0.4542,-0.076,-2.2935,0.6883,-0.024,-0.0046,-0.0114,-10.6876,16.091,,96.0,,,,1.207,0.1602,1.2176,187.56,15.0,1.22499,0.0565,166.97,0.015,1,2.41,0.401,1,3,10,0.7,0.365,0,0.0,0,0
1790741863.1160214,47.3979709,8.5461638,0.23200000822544098,-0.06618425995111465,0.01099673006683588,-0.5860214829444885,96.72,0.0,0.0,0.0,91.91670295715335,20.0,20.0,0.0,139.33881241210565,-12.12343002851355,-0.056149408967316405,14.0,0.0,0.0,"[20.0, 20.0, 20.0, 20.0, 20.0, 20.0, 20.0, 20.0, 20.0, 20.0, 20.0, 20.0, 20.0, 20.0, 20.0, 20.0, 20.0, 20.0, 20.0, 20.0, 20.0, 20.0, 20.0, 20.0, 20.0, 20.0, 20.0, 20.0, 20.0, 20.0, 20.0, 20.0, 20.0, 20.0, 20.0, 20.0, 20.0, 20.0, 20.0, 20.0, 20.0, 20.0, 20.0, 20.0, 20.0, 20.0, 20.0, 20.0, 20.0, 20.0, 20.0, 20.0, 20.0, 20.0, 20.0, 20.0, 20.0, 20.0, 20.0, 20.0, 20.0, 20.0, 20.0, 20.0, 20.0, 20.0, 20.0, 20.0, 20.0, 20.0, 20.0, 20.0]",-0.013386710546910763,-0.005335303023457527,0.0195,0.0449,-2.0577,0.5204,0.0776,-0.007,-0.0128,-10.6638,16.091,,96.0,,,,1.1882,0.1511,1.1978,187.25,15.0,1.22497,0.0671,170.57,0.028,1,2.61,0.421,1,3,10,0.7,0.436,0,0.0,0,0
1790741863.317759,47.397970699999995,8.5461639,0.3830000162124634,-0.06026375666260719,0.006682519800961018,-0.7576094269752502,96.76,0.0,0.0,0.0,91.9340493774414,20.0,20.0,0.0,125.58888787779165,-11.136875051545976,-0.05601716862265756,14.0,0.0,0.0,"[20.0, 20.0, 20.0, 20.0, 20.0, 20.0, 20.0, 20.0, 20.0, 20.0, 20.0, 20.0, 20.0, 20.0, 20.0, 20.0, 20.0, 20.0, 20.0, 20.0, 20.0, 20.0, 20.0, 20.0, 20.0, 20.0, 20.0, 20.0, 20.0, 20.0, 20.0, 20.0, 20.0, 20.0, 20.0, 20.0, 20.0, 20.0, 20.0, 20.0, 20.0, 20.0, 20.0, 20.0, 20.0, 20.0, 20.0, 20.0, 20.0, 20.0, 20.0, 20.0, 20.0, 20.0, 20.0, 20.0, 20.0, 20.0, 20.0, 20.0, 20.0, 20.0, 20.0, 20.0, 20.0, 20.0, 20.0, 20.0, 20.0, 20.0, 20.0, 20.0]",-0.013386710546910763,-0.005335303023457527,-0.285,0.1125,-1.1644,0.1874,0.0094,-0.009,-0.0178,-10.6059,16.031,,92.0,,,,1.3059,0.1979,1.3208,188.62,15.0,1.22495,0.0606,173.67,0.043,1,2.81,0.438,1,3,10,0.7,0.602,0,0.0,0,0
1790741863.5181026,47.3979706,8.5461639,0.5670000314712524,-0.04367396607995033,0.0020404867827892303,-0.921440839767456,96.76,0.0,0.0,0.0,91.93544555664062,20.0,20.0,0.0,120.1274866516884,-8.181194357246454,-0.040901132849934616,14.0,0.0,0.0,"[20.0, 20.0, 20.0, 20.0, 20.0, 20.0, 20.0, 20.0, 20.0, 20.0, 20.0, 20.0, 20.0, 20.0, 20.0, 20.0, 20.0, 20.0, 20.0, 20.0, 20.0, 20.0, 20.0, 20.0, 20.0, 20.0, 20.0, 20.0, 20.0, 20.0, 20.0, 20.0, 20.0, 20.0, 20.0, 20.0, 20.0, 20.0, 20.0, 20.0, 20.0, 20.0, 20.0, 20.0, 20.0, 20.0, 20.0, 20.0, 20.0, 20.0, 20.0, 20.0, 20.0, 20.0, 20.0, 20.0, 20.0, 20.0, 20.0, 20.0, 20.0, 20.0, 20.0, 20.0, 20.0, 20.0, 20.0, 20.0, 20.0, 20.0, 20.0, 20.0]",-0.013386710546910763,-0.005335303023457527,-0.4174,0.1263,-0.3363,-0.0472,-0.0494,-0.0102,-0.0143,-10.5832,16.031,,92.0,,,,1.2655,0.1322,1.2724,185.96,15.0,1.22493,0.0437,177.33,0.054,1,3.01,0.45,1,3,10,0.7,0.734,0,0.0,0,0
1790741863.7189288,47.3979706,8.5461639,0.7800000309944153,-0.02451629936695099,-0.0007402912015095353,-1.0431123971939087,96.73,0.0,0.0,0.0,91.91009757995607,20.0,20.0,0.0,118.27971706973631,-4.6562958999417265,-0.022530675099068236,14.0,0.0,0.0,"[20.0, 20.0, 20.0, 20.0, 20.0, 20.0, 20.0, 20.0, 20.0, 20.0, 20.0, 20.0, 20.0, 20.0, 20.0, 20.0, 20.0, 20.0, 20.0, 20.0, 20.0, 20.0, 20.0, 20.0, 20.0, 20.0, 20.0, 20.0, 20.0, 20.0, 20.0, 20.0, 20.0, 20.0, 20.0, 20.0, 20.0, 20.0, 20.0, 20.0, 20.0, 20.0, 20.0, 20.0, 20.0, 20.0, 20.0, 20.0, 20.0, 20.0, 20.0, 20.0, 20.0, 20.0, 20.0, 20.0, 20.0, 20.0, 20.0, 20.0, 20.0, 20.0, 20.0, 20.0, 20.0, 20.0, 20.0, 20.0, 20.0, 20.0, 20.0, 20.0]",-0.013386710546910763,-0.005335303023457527,-0.4304,0.1224,0.1323,-0.0105,-0.0696,-0.0027,-0.011,-9.9289,16.031,,92.0,,,,1.3935,0.018,1.3937,180.74,14.99,1.22491,0.0245,181.73,0.061,1,3.21,0.458,1,3,10,0.7,0.967,0,0.0,0,0
1790741863.919216,47.3979705,8.5461639,1.0010000467300415,-0.007250194437801838,-0.003965062089264393,-1.0653656721115112,96.7,0.0,0.0,0.0,91.8937961578369,20.0,20.0,0.0,117.36444943607745,-1.4632618051412365,-0.005384491896055357,14.0,0.0,0.0,"[20.0, 20.0, 20.0, 20.0, 20.0, 20.0, 20.0, 20.0, 20.0, 20.0, 20.0, 20.0, 20.0, 20.0, 20.0, 20.0, 20.0, 20.0, 20.0, 20.0, 20.0, 20.0, 20.0, 20.0, 20.0, 20.0, 20.0, 20.0, 20.0, 20.0, 20.0, 20.0, 20.0, 20.0, 20.0, 20.0, 20.0, 20.0, 20.0, 20.0, 20.0, 20.0, 20.0, 20.0, 20.0, 20.0, 20.0, 20.0, 20.0, 20.0, 20.0, 20.0, 20.0, 20.0, 20.0, 20.0, 20.0, 20.0, 20.0, 20.0, 20.0, 20.0, 20.0, 20.0, 20.0, 20.0, 20.0, 20.0, 20.0, 20.0, 20.0, 20.0]",-0.013386710546910763,-0.005335303023457527,-0.3767,0.1183,0.3459,-0.0418,0.0246,-0.0055,-0.0105,-9.95,16.031,,92.0,,,,1.3785,0.0176,1.3786,180.73,14.99,1.22488,0.0083,208.67,0.065,1,3.41,0.461,1,3,10,0.7,1.149,0,0.0,0,0
1790741864.1200955,47.3979705,8.5461639,1.225000023841858,0.007819972932338715,-0.006503407843410969,-1.1025758981704712,96.68,0.0,0.0,0.0,91.85871284484864,20.0,20.0,0.0,117.4577906935512,1.338640880065117,0.009618435985729923,14.0,0.0,0.0,"[20.0, 20.0, 20.0, 20.0, 20.0, 20.0, 20.0, 20.0, 20.0, 20.0, 20.0, 20.0, 20.0, 20.0, 20.0, 20.0, 20.0, 20.0, 20.0, 20.0, 20.0, 20.0, 20.0, 20.0, 20.0, 20.0, 20.0, 20.0, 20.0, 20.0, 20.0, 20.0, 20.0, 20.0, 20.0, 20.0, 20.0, 20.0, 20.0, 20.0, 20.0, 20.0, 20.0, 20.0, 20.0, 20.0, 20.0, 20.0, 20.0, 20.0, 20.0, 20.0, 20.0, 20.0, 20.0, 20.0, 20.0, 20.0, 20.0, 20.0, 20.0, 20.0, 20.0, 20.0, 20.0, 20.0, 20.0, 20.0, 20.0, 20.0, 20.0, 20.0]",-0.013386710546910763,-0.005335303023457527,-0.2992,0.0951,0.4781,-0.0754,-0.0162,-0.0047,-0.0028,-9.998,16.031,,92.0,,,,1.3116,0.0048,1.3116,180.21,14.99,1.22486,0.0102,320.25,0.065,1,3.62,0.461,1,3,10,0.7,1.302,0,0.0,0,0
1790741864.3211458,47.3979706,8.5461639,1.4540001153945923,0.019374266266822815,-0.008236045017838478,-1.1431713104248047,96.67,0.0,0.0,0.0,91.84871856689455,20.0,20.0,0.0,118.02758462714723,3.488150546838052,0.021043215710654095,14.0,0.0,0.0,"[20.0, 20.0, 20.0, 20.0, 20.0, 20.0, 20.0, 20.0, 20.0, 20.0, 20.0, 20.0, 20.0, 20.0, 20.0, 20.0, 20.0, 20.0, 20.0, 20.0, 20.0, 20.0, 20.0, 20.0, 20.0, 20.0, 20.0, 20.0, 20.0, 20.0, 20.0, 20.0, 20.0, 20.0, 20.0, 20.0, 20.0, 20.0, 20.0, 20.0, 20.0, 20.0, 20.0, 20.0, 20.0, 20.0, 20.0, 20.0, 20.0, 20.0, 20.0, 20.0, 20.0, 20.0, 20.0, 20.0, 20.0, 20.0, 20.0, 20.0, 20.0, 20.0, 20.0, 20.0, 20.0, 20.0, 20.0, 20.0, 20.0, 20.0, 20.0, 20.0]",-0.013386710546910763,-0.005335303023457527,-0.2072,0.0734,0.5105,-0.0925,-0.0409,-0.0024,-0.0086,-10.0012,16.031,,92.0,,,,1.2624,-0.0833,1.2651,176.22,14.99,1.22483,0.0211,336.97,0.063,1,3.82,0.464,1,3,10,0.7,1.542,0,0.0,0,0
1790741864.5218456,47.3979706,8.5461639,1.689000129699707,0.02514803037047386,-0.00924003217369318,-1.1813459396362305,96.67,0.0,0.0,0.0,91.84870712280275,20.0,20.0,0.0,118.86079269190975,4.555813253601203,0.026775234428133305,14.0,0.0,0.0,"[20.0, 20.0, 20.0, 20.0, 20.0, 20.0, 20.0, 20.0, 20.0, 20.0, 20.0, 20.0, 20.0, 20.0, 20.0, 20.0, 20.0, 20.0, 20.0, 20.0, 20.0, 20.0, 20.0, 20.0, 20.0, 20.0, 20.0, 20.0, 20.0, 20.0, 20.0, 20.0, 20.0, 20.0, 20.0, 20.0, 20.0, 20.0, 20.0, 20.0, 20.0, 20.0, 20.0, 20.0, 20.0, 20.0, 20.0, 20.0, 20.0, 20.0, 20.0, 20.0, 20.0, 20.0, 20.0, 20.0, 20.0, 20.0, 20.0, 20.0, 20.0, 20.0, 20.0, 20.0, 20.0, 20.0, 20.0, 20.0, 20.0, 20.0, 20.0, 20.0]",-0.013386710546910763,-0.005335303023457527,-0.1252,0.057,0.3112,-0.0178,-0.1096,-0.0051,-0.0021,-10.001,16.031,,92.0,,,,1.1756,-0.0904,1.1791,175.6,14.99,1.2248,0.0268,339.83,0.061,1,4.02,0.465,1,3,10,0.7,1.795,0,0.0,0,0
1790741864.7232635,47.3979706,8.5461639,1.9310001134872437,0.028130123391747475,-0.011732016690075397,-1.2162234783172607,96.65,0.0,0.0,0.0,91.82378044128416,20.0,20.0,0.0,118.25348997251456,5.063611837929161,0.030473604284073634,14.0,0.0,0.0,"[20.0, 20.0, 20.0, 20.0, 20.0, 20.0, 20.0, 20.0, 20.0, 20.0, 20.0, 20.0, 20.0, 20.0, 20.0, 20.0, 20.0, 20.0, 20.0, 20.0, 20.0, 20.0, 20.0, 20.0, 20.0, 20.0, 20.0, 20.0, 20.0, 20.0, 20.0, 20.0, 20.0, 20.0, 20.0, 20.0, 20.0, 20.0, 20.0, 20.0, 20.0, 20.0, 20.0, 20.0, 20.0, 20.0, 20.0, 20.0, 20.0, 20.0, 20.0, 20.0, 20.0, 20.0, 20.0, 20.0, 20.0, 20.0, 20.0, 20.0, 20.0, 20.0, 20.0, 20.0, 20.0, 20.0, 20.0, 20.0, 20.0, 20.0, 20.0, 20.0]",-0.013386710546910763,-0.005335303023457527,-0.0901,0.0408,0.0664,-0.2292,-0.0222,-0.0052,-0.0082,-9.9894,16.031,,92.0,,,,1.2425,-0.1934,1.2574,171.15,14.99,1.22477,0.0305,337.36,0.059,1,4.22,0.468,1,3,10,0.7,2.001,0,0.0,0,0
1790741864.923224,47.3979706,8.5461638,2.1780002117156982,0.02954196371138096,-0.01503665093332529,-1.247918963432312,96.62,0.0,0.0,0.0,91.8168173980713,20.0,20.0,0.0,114.52451630530646,5.258595008724797,0.032733993582479616,14.0,0.0,0.0,"[20.0, 20.0, 20.0, 20.0, 20.0, 20.0, 20.0, 20.0, 20.0, 20.0, 20.0, 20.0, 20.0, 20.0, 20.0, 20.0, 20.0, 20.0, 20.0, 20.0, 20.0, 20.0, 20.0, 20.0, 20.0, 20.0, 20.0, 20.0, 20.0, 20.0, 20.0, 20.0, 20.0, 20.0, 20.0, 20.0, 20.0, 20.0, 20.0, 20.0, 20.0, 20.0, 20.0, 20.0, 20.0, 20.0, 20.0, 20.0, 20.0, 20.0, 20.0, 20.0, 20.0, 20.0, 20.0, 20.0, 20.0, 20.0, 20.0, 20.0, 20.0, 20.0, 20.0, 20.0, 20.0, 20.0, 20.0, 20.0, 20.0, 20.0, 20.0, 20.0]",-0.013386710546910763,-0.005335303023457527,-0.0667,-0.0015,0.0175,-0.3434,-0.0808,-0.0083,-0.0035,-9.9723,16.031,,92.0,,,,1.2957,-0.0982,1.2994,175.66,14.99,1.22474,0.0331,333.02,0.055,1,4.42,0.473,1,3,10,0.7,2.286,0,0.0,0,0
1790741865.1240299,47.3979706,8.5461637,2.432000160217285,0.02994091808795929,-0.016664573922753334,-1.2766823768615723,96.59,0.0,0.0,0.0,91.76782020568851,20.0,20.0,0.0,108.49106360099665,5.300084234278511,0.032733950349247774,14.0,0.0,0.0,"[20.0, 20.0, 20.0, 20.0, 20.0, 20.0, 20.0, 20.0, 20.0, 20.0, 20.0, 20.0, 20.0, 20.0, 20.0, 20.0, 20.0, 20.0, 20.0, 20.0, 20.0, 20.0, 20.0, 20.0, 20.0, 20.0, 20.0, 20.0, 20.0, 20.0, 20.0, 20.0, 20.0, 20.0, 20.0, 20.0, 20.0, 20.0, 20.0, 20.0, 20.0, 20.0, 20.0, 20.0, 20.0, 20.0, 20.0, 20.0, 20.0, 20.0, 20.0, 20.0, 20.0, 20.0, 20.0, 20.0, 20.0, 20.0, 20.0, 20.0, 20.0, 20.0, 20.0, 20.0, 20.0, 20.0, 20.0, 20.0, 20.0, 20.0, 20.0, 20.0]",-0.013386710546910763,-0.005335303023457527,-0.058,-0.0746,0.0626,-0.3737,-0.0113,-0.0038,-0.0114,-9.9569,16.031,,92.0,,,,1.372,-0.195,1.3858,171.91,14.98,1.22471,0.0343,330.9,0.051,1,4.62,0.48,1,3,10,0.7,2.539,0,0.0,0,0
1790741865.3249593,47.397970699999995,8.5461636,2.689000129699707,0.030605517327785492,-0.01439470611512661,-1.3018360137939453,96.60000000000001,0.0,0.0,0.0,91.77836380004885,20.0,20.0,0.0,103.32094591457701,5.47378772219552,0.03207986137774449,14.0,0.0,0.0,"[20.0, 20.0, 20.0, 20.0, 20.0, 20.0, 20.0, 20.0, 20.0, 20.0, 20.0, 20.0, 20.0, 20.0, 20.0, 20.0, 20.0, 20.0, 20.0, 20.0, 20.0, 20.0, 20.0, 20.0, 20.0, 20.0, 20.0, 20.0, 20.0, 20.0, 20.0, 20.0, 20.0, 20.0, 20.0, 20.0, 20.0, 20.0, 20.0, 20.0, 20.0, 20.0, 20.0, 20.0, 20.0, 20.0, 20.0, 20.0, 20.0, 20.0, 20.0, 20.0, 20.0, 20.0, 20.0, 20.0, 20.0, 20.0, 20.0, 20.0, 20.0, 20.0, 20.0, 20.0, 20.0, 20.0, 20.0, 20.0, 20.0, 20.0, 20.0, 20.0]",-0.013386710546910763,-0.005335303023457527,-0.0418,-0.1343,0.1616,-0.2173,0.0244,0.0015,-0.0077,-9.9347,15.971,,89.0,,,,1.3307,-0.2438,1.3529,169.62,14.98,1.22468,0.0338,334.81,0.046,1,4.82,0.486,1,3,10,0.7,2.822,0,0.0,0,0
1790741865.5252745,47.397970699999995,8.5461636,2.952000141143799,0.02878292091190815,-0.009360797703266144,-1.324592113494873,96.63,0.0,0.0,0.0,91.82203948974609,20.0,20.0,0.0,99.6508285475146,5.239305907455602,0.029236229913083712,14.0,0.0,0.0,"[20.0, 20.0, 20.0, 20.0, 20.0, 20.0, 20.0, 20.0, 20.0, 20.0, 20.0, 20.0, 20.0, 20.0, 20.0, 20.0, 20.0, 20.0, 20.0, 20.0, 20.0, 20.0, 20.0, 20.0, 20.0, 20.0, 20.0, 20.0, 20.0, 20.0, 20.0, 20.0, 20.0, 20.0, 20.0, 20.0, 20.0, 20.0, 20.0, 20.0, 20.0, 20.0, 20.0, 20.0, 20.0, 20.0, 20.0, 20.0, 20.0, 20.0, 20.0, 20.0, 20.0, 20.0, 20.0, 20.0, 20.0, 20.0, 20.0, 20.0, 20.0, 20.0, 20.0, 20.0, 20.0, 20.0, 20.0, 20.0, 20.0, 20.0, 20.0, 20.0]",-0.013386710546910763,-0.005335303023457527,-0.0161,-0.1488,0.0646,-0.1187,0.016,-0.0029,0.0047,-9.9351,15.971,,89.0,,,,1.348,-0.3124,1.3837,166.95,14.98,1.22465,0.0303,341.98,0.043,1,5.02,0.491,1,3,10,0.7,3.033,0,0.0,0,0
1790741865.726231,47.397970699999995,8.5461636,3.2190001010894775,0.02506081946194172,-0.003347504185512662,-1.344928503036499,96.68,0.0,0.0,0.0,91.86330764770508,20.0,20.0,0.0,99.35027907309035,4.669039839504155,0.02518956232608472,14.0,0.0,0.0,"[20.0, 20.0, 20.0, 20.0, 20.0, 20.0, 20.0, 20.0, 20.0, 20.0, 20.0, 20.0, 20.0, 20.0, 20.0, 20.0, 20.0, 20.0, 20.0, 20.0, 20.0, 20.0, 20.0, 20.0, 20.0, 20.0, 20.0, 20.0, 20.0, 20.0, 20.0, 20.0, 20.0, 20.0, 20.0, 20.0, 20.0, 20.0, 20.0, 20.0, 20.0, 20.0, 20.0, 20.0, 20.0, 20.0, 20.0, 20.0, 20.0, 20.0, 20.0, 20.0, 20.0, 20.0, 20.0, 20.0, 20.0, 20.0, 20.0, 20.0, 20.0, 20.0, 20.0, 20.0, 20.0, 20.0, 20.0, 20.0, 20.0, 20.0, 20.0, 20.0]",-0.013386710546910763,-0.005335303023457527,-0.0197,-0.1295,-0.1781,0.2167,0.0192,-0.0135,-0.0028,-9.9151,15.971,,89.0,,,,1.2218,-0.2634,1.2499,167.83,14.98,1.22462,0.0253,352.39,0.043,1,5.22,0.491,1,3,10,0.7,3.299,0,0.0,0,0
1790741865.926936,47.397970699999995,8.5461636,3.4870002269744873,0.021962597966194153,0.0009617963223718107,-1.3628945350646973,96.71000000000001,0.0,0.0,0.0,91.88583465576176,20.0,20.0,0.0,100.21928875733238,4.179847880072905,0.021862543743499763,14.0,0.0,0.0,"[20.0, 20.0, 20.0, 20.0, 20.0, 20.0, 20.0, 20.0, 20.0, 20.0, 20.0, 20.0, 20.0, 20.0, 20.0, 20.0, 20.0, 20.0, 20.0, 20.0, 20.0, 20.0, 20.0, 20.0, 20.0, 20.0, 20.0, 20.0, 20.0, 20.0, 20.0, 20.0, 20.0, 20.0, 20.0, 20.0, 20.0, 20.0, 20.0, 20.0, 20.0, 20.0, 20.0, 20.0, 20.0, 20.0, 20.0, 20.0, 20.0, 20.0, 20.0, 20.0, 20.0, 20.0, 20.0, 20.0, 20.0, 20.0, 20.0, 20.0, 20.0, 20.0, 20.0, 20.0, 20.0, 20.0, 20.0, 20.0, 20.0, 20.0, 20.0, 20.0]",-0.013386710546910763,-0.005335303023457527,-0.0463,-0.0825,-0.1839,0.2059,-0.04,-0.0018,0.002,-9.917,15.971,,89.0,,,,1.0592,-0.2302,1.084,167.74,14.98,1.22459,0.022,2.51,0.044,1,5.42,0.492,1,3,10,0.7,3.547,0,0.0,0,0
1790741866.1279955,47.397970699999995,8.5461636,3.757000207901001,0.021831117570400238,0.0023034128826111555,-1.379416823387146,96.7,0.0,0.0,0.0,91.8758861541748,20.0,20.0,0.0,99.95088557118004,4.184829990233913,0.0216653643672931,14.0,0.0,0.0,"[20.0, 20.0, 20.0, 20.0, 20.0, 20.0, 20.0, 20.0, 20.0, 20.0, 20.0, 20.0, 20.0, 20.0, 20.0, 20.0, 20.0, 20.0, 20.0, 20.0, 20.0, 20.0, 20.0, 20.0, 20.0, 20.0, 20.0, 20.0, 20.0, 20.0, 20.0, 20.0, 20.0, 20.0, 20.0, 20.0, 20.0, 20.0, 20.0, 20.0, 20.0, 20.0, 20.0, 20.0, 20.0, 20.0, 20.0, 20.0, 20.0, 20.0, 20.0, 20.0, 20.0, 20.0, 20.0, 20.0, 20.0, 20.0, 20.0, 20.0, 20.0, 20.0, 20.0, 20.0, 20.0, 20.0, 20.0, 20.0, 20.0, 20.0, 20.0, 20.0]",-0.013386710546910763,-0.005335303023457527,-0.0722,-0.0494,-0.0208,0.0005,-0.1855,-0.0065,-0.0012,-9.9107,15.971,,89.0,,,,1.098,-0.2022,1.1164,169.57,14.98,1.22456,0.022,6.02,0.043,1,5.62,0.493,1,3,10,0.7,3.828,0,0.0,0,0
1790741866.3280468,47.397970699999995,8.5461636,4.031000137329102,0.024222996085882187,0.0016832284163683653,-1.392649531364441,96.64,0.0,0.0,0.0,91.83753837585448,20.0,20.0,0.0,97.2240772815257,4.622337733386631,0.024204578826955682,14.0,0.0,0.0,"[20.0, 20.0, 20.0, 20.0, 20.0, 20.0, 20.0, 20.0, 20.0, 20.0, 20.0, 20.0, 20.0, 20.0, 20.0, 20.0, 20.0, 20.0, 20.0, 20.0, 20.0, 20.0, 20.0, 20.0, 20.0, 20.0, 20.0, 20.0, 20.0, 20.0, 20.0, 20.0, 20.0, 20.0, 20.0, 20.0, 20.0, 20.0, 20.0, 20.0, 20.0, 20.0, 20.0, 20.0, 20.0, 20.0, 20.0, 20.0, 20.0, 20.0, 20.0, 20.0, 20.0, 20.0, 20.0, 20.0, 20.0, 20.0, 20.0, 20.0, 20.0, 20.0, 20.0, 20.0, 20.0, 20.0, 20.0, 20.0, 20.0, 20.0, 20.0, 20.0]",-0.013386710546910763,-0.005335303023457527,-0.0547,-0.0538,0.2217,-0.1457,-0.2027,-0.0029,-0.0025,-9.9002,15.971,,89.0,,,,1.0053,-0.2324,1.0318,166.98,14.97,1.22453,0.0243,3.98,0.039,1,5.82,0.497,1,3,10,0.7,4.11,0,0.0,0,0
1790741866.5293024,47.397970799999996,8.5461636,4.307000160217285,0.02798273228108883,0.0023621367290616035,-1.4053128957748413,96.59,0.0,0.0,0.0,91.77146514892581,20.0,20.0,0.0,95.08015888908551,5.345210105222755,0.02803525618172846,14.0,0.0,0.0,"[20.0, 20.0, 20.0, 20.0, 20.0, 20.0, 20.0, 20.0, 20.0, 20.0, 20.0, 20.0, 20.0, 20.0, 20.0, 20.0, 20.0, 20.0, 20.0, 20.0, 20.0, 20.0, 20.0, 20.0, 20.0, 20.0, 20.0, 20.0, 20.0, 20.0, 20.0, 20.0, 20.0, 20.0, 20.0, 20.0, 20.0, 20.0, 20.0, 20.0, 20.0, 20.0, 20.0, 20.0, 20.0, 20.0, 20.0, 20.0, 20.0, 20.0, 20.0, 20.0, 20.0, 20.0, 20.0, 20.0, 20.0, 20.0, 20.0, 20.0, 20.0, 20.0, 20.0, 20.0, 20.0, 20.0, 20.0, 20.0, 20.0, 20.0, 20.0, 20.0]",-0.013386710546910763,-0.005335303023457527,0.0168,-0.0817,0.5006,-0.0341,-0.0632,-0.009,-0.0056,-9.8925,15.971,,89.0,,,,1.0102,-0.2671,1.0449,165.19,14.97,1.22449,0.0281,4.83,0.032,1,6.02,0.505,1,3,10,0.7,4.378,0,0.0,0,0
1790741866.7298713,47.3979709,8.5461636,4.587000370025635,0.028871143236756325,0.00536883482709527,-1.4169816970825195,96.59,0.0,0.0,0.0,91.764919128418,20.0,20.0,0.0,98.45315433325152,5.577540570933806,0.02868132599087479,14.0,0.0,0.0,"[20.0, 20.0, 20.0, 20.0, 20.0, 20.0, 20.0, 20.0, 20.0, 20.0, 20.0, 20.0, 20.0, 20.0, 20.0, 20.0, 20.0, 20.0, 20.0, 20.0, 20.0, 20.0, 20.0, 20.0, 20.0, 20.0, 20.0, 20.0, 20.0, 20.0, 20.0, 20.0, 20.0, 20.0, 20.0, 20.0, 20.0, 20.0, 20.0, 20.0, 20.0, 20.0, 20.0, 20.0, 20.0, 20.0, 20.0, 20.0, 20.0, 20.0, 20.0, 20.0, 20.0, 20.0, 20.0, 20.0, 20.0, 20.0, 20.0, 20.0, 20.0, 20.0, 20.0, 20.0, 20.0, 20.0, 20.0, 20.0, 20.0, 20.0, 20.0, 20.0]",-0.013386710546910763,-0.005335303023457527,0.1197,-0.0852,0.5732,0.0495,0.0902,-0.005,0.0059,-9.8882,15.971,,89.0,,,,0.8556,-0.1704,0.8724,168.73,14.97,1.22446,0.0294,10.53,0.023,1,6.23,0.514,1,3,10,0.7,4.69,0,0.0,0,0
1790741866.9303966,47.3979709,8.5461636,4.87000036239624,0.024557938799262047,0.007674384396523237,-1.4283045530319214,96.62,0.0,0.0,0.0,91.81613647460938,20.0,20.0,0.0,108.22229323150464,4.816542630988037,0.022512701218099944,14.0,0.0,0.0,"[20.0, 20.0, 20.0, 20.0, 20.0, 20.0, 20.0, 20.0, 20.0, 20.0, 20.0, 20.0, 20.0, 20.0, 20.0, 20.0, 20.0, 20.0, 20.0, 20.0, 20.0, 20.0, 20.0, 20.0, 20.0, 20.0, 20.0, 20.0, 20.0, 20.0, 20.0, 20.0, 20.0, 20.0, 20.0, 20.0, 20.0, 20.0, 20.0, 20.0, 20.0, 20.0, 20.0, 20.0, 20.0, 20.0, 20.0, 20.0, 20.0, 20.0, 20.0, 20.0, 20.0, 20.0, 20.0, 20.0, 20.0, 20.0, 20.0, 20.0, 20.0, 20.0, 20.0, 20.0, 20.0, 20.0, 20.0, 20.0, 20.0, 20.0, 20.0, 20.0]",-0.013386710546910763,-0.005335303023457527,0.1924,-0.0514,0.2611,0.2154,0.1203,-0.0051,0.0075,-9.8765,15.971,,89.0,,,,0.9082,-0.2903,0.9535,162.28,14.97,1.22443,0.0257,17.35,0.017,1,6.43,0.521,1,3,10,0.7,4.933,0,0.0,0,0
1790741867.1324728,47.397971,8.5461636,5.158000469207764,0.017463479191064835,0.006500356364995241,-1.4380853176116943,96.65,0.0,0.0,0.0,91.80228843688963,20.0,20.0,0.0,112.97581235570169,3.4524228840892888,0.014932085690032574,14.0,0.0,0.0,"[20.0, 20.0, 20.0, 20.0, 20.0, 20.0, 20.0, 20.0, 20.0, 20.0, 20.0, 20.0, 20.0, 20.0, 20.0, 20.0, 20.0, 20.0, 20.0, 20.0, 20.0, 20.0, 20.0, 20.0, 20.0, 20.0, 20.0, 20.0, 20.0, 20.0, 20.0, 20.0, 20.0, 20.0, 20.0, 20.0, 20.0, 20.0, 20.0, 20.0, 20.0, 20.0, 20.0, 20.0, 20.0, 20.0, 20.0, 20.0, 20.0, 20.0, 20.0, 20.0, 20.0, 20.0, 20.0, 20.0, 20.0, 20.0, 20.0, 20.0, 20.0, 20.0, 20.0, 20.0, 20.0, 20.0, 20.0, 20.0, 20.0, 20.0, 20.0, 20.0]",-0.013386710546910763,-0.005335303023457527,0.1977,-0.0252,-0.0012,0.0515,0.0468,-0.0079,-0.0026,-9.8674,15.971,,89.0,,,,1.0249,-0.2776,1.0618,164.85,14.97,1.22439,0.0186,20.42,0.014,1,6.63,0.524,1,3,10,0.7,5.217,0,0.0,0,0
1790741867.333249,47.397971,8.5461636,5.446000099182129,0.012566456571221352,0.0030043793376535177,-1.4462711811065674,96.66,0.0,0.0,0.0,91.83604637145993,20.0,20.0,0.0,104.7574100697467,2.4488756109846976,0.012017983025970347,14.0,0.0,0.0,"[20.0, 20.0, 20.0, 20.0, 20.0, 20.0, 20.0, 20.0, 20.0, 20.0, 20.0, 20.0, 20.0, 20.0, 20.0, 20.0, 20.0, 20.0, 20.0, 20.0, 20.0, 20.0, 20.0, 20.0, 20.0, 20.0, 20.0, 20.0, 20.0, 20.0, 20.0, 20.0, 20.0, 20.0, 20.0, 20.0, 20.0, 20.0, 20.0, 20.0, 20.0, 20.0, 20.0, 20.0, 20.0, 20.0, 20.0, 20.0, 20.0, 20.0, 20.0, 20.0, 20.0, 20.0, 20.0, 20.0, 20.0, 20.0, 20.0, 20.0, 20.0, 20.0, 20.0, 20.0, 20.0, 20.0, 20.0, 20.0, 20.0, 20.0, 20.0, 20.0]",-0.013386710546910763,-0.005335303023457527,0.1787,-0.0469,-0.116,-0.2452,0.0504,-0.0001,-0.0049,-9.8682,15.911,,86.0,,,,0.9898,-0.2649,1.0247,165.02,14.96,1.22436,0.0129,13.45,0.01,1,6.83,0.529,1,3,10,0.7,5.503,0,0.0,0,0
1790741867.534071,47.397971,8.5461636,5.758000373840332,0.008902350440621376,0.0015835689846426249,-1.453485369682312,96.65,-0.008106279152369103,0.06952904600455743,0.0,91.82997169494627,20.0,20.0,0.0,81.27495253604081,1.723288588510144,0.009003605398656087,14.0,0.0,0.0,"[20.0, 20.0, 20.0, 20.0, 20.0, 20.0, 20.0, 20.0, 20.0, 20.0, 20.0, 20.0, 20.0, 20.0, 20.0, 20.0, 20.0, 20.0, 20.0, 20.0, 20.0, 20.0, 20.0, 20.0, 20.0, 20.0, 20.0, 20.0, 20.0, 20.0, 20.0, 20.0, 20.0, 20.0, 20.0, 20.0, 20.0, 20.0, 20.0, 20.0, 20.0, 20.0, 20.0, 20.0, 20.0, 20.0, 20.0, 20.0, 20.0, 20.0, 20.0, 20.0, 20.0, 20.0, 20.0, 20.0, 20.0, 20.0, 20.0, 20.0, 20.0, 20.0, 20.0, 20.0, 20.0, 20.0, 20.0, 20.0, 20.0, 20.0, 20.0, 20.0]",-0.013386710546910763,-0.005335303023457527,0.179,-0.0951,0.0182,-0.2315,-0.0496,-0.0058,0.0046,-9.8598,15.911,,86.0,,,,1.0907,-0.1836,1.1061,170.44,14.96,1.22432,0.009,10.09,0.006,1,7.03,0.534,1,3,10,0.7,5.832,0,0.0,0,0
1790741867.7347255,47.397971,8.5461635,6.049000263214111,0.0034458281006664038,0.002362350234761834,-1.4602196216583252,96.65,-0.008106279152369103,0.06952904600455743,0.0,91.84808769226072,20.0,20.0,0.0,53.25448587843471,0.7058892425997071,0.004126843729889338,14.0,0.0,0.0,"[20.0, 20.0, 20.0, 20.0, 20.0, 20.0, 20.0, 20.0, 20.0, 20.0, 20.0, 20.0, 20.0, 20.0, 20.0, 20.0, 20.0, 20.0, 20.0, 20.0, 20.0, 20.0, 20.0, 20.0, 20.0, 20.0, 20.0, 20.0, 20.0, 20.0, 20.0, 20.0, 20.0, 20.0, 20.0, 20.0, 20.0, 20.0, 20.0, 20.0, 20.0, 20.0, 20.0, 20.0, 20.0, 20.0, 20.0, 20.0, 20.0, 20.0, 20.0, 20.0, 20.0, 20.0, 20.0, 20.0, 20.0, 20.0, 20.0, 20.0, 20.0, 20.0, 20.0, 20.0, 20.0, 20.0, 20.0, 20.0, 20.0, 20.0, 20.0, 20.0]",-0.013386710546910763,-0.005335303023457527,0.1766,-0.1262,-0.0588,-0.1398,-0.0519,-0.0021,-0.0021,-9.8607,15.911,,86.0,,,,1.2017,-0.2247,1.2225,169.41,14.96,1.22429,0.0042,34.43,0.004,1,7.23,0.536,1,3,10,0.7,6.074,0,0.0,0,0
1790741867.9343598,47.397971,8.5461636,6.338000297546387,-0.0026814036536961794,0.005770446732640266,-1.465739130973816,96.63,-0.008082008443428199,0.06953187139377419,0.0,91.82763565063476,20.0,20.0,0.0,74.08455809469694,-0.3814375103475239,-0.0002639974434035684,14.0,0.0,0.0,"[20.0, 20.0, 20.0, 20.0, 20.0, 20.0, 20.0, 20.0, 20.0, 20.0, 20.0, 20.0, 20.0, 20.0, 20.0, 20.0, 20.0, 20.0, 20.0, 20.0, 20.0, 20.0, 20.0, 20.0, 20.0, 20.0, 20.0, 20.0, 20.0, 20.0, 20.0, 20.0, 20.0, 20.0, 20.0, 20.0, 20.0, 20.0, 20.0, 20.0, 20.0, 20.0, 20.0, 20.0, 20.0, 20.0, 20.0, 20.0, 20.0, 20.0, 20.0, 20.0, 20.0, 20.0, 20.0, 20.0, 20.0, 20.0, 20.0, 20.0, 20.0, 20.0, 20.0, 20.0, 20.0, 20.0, 20.0, 20.0, 20.0, 20.0, 20.0, 20.0]",-0.013386710546910763,-0.005335303023457527,0.1467,-0.108,-0.1703,0.2251,0.0133,-0.0091,-0.0156,-9.8587,15.911,,86.0,,,,1.0887,-0.2098,1.1087,169.09,14.96,1.22425,0.0064,114.92,0.005,1,7.43,0.538,1,3,10,0.7,6.366,0,0.0,0,0
1790741868.136149,47.397971,8.5461636,6.628000259399414,-0.008054280653595924,0.007985999807715416,-1.4715485572814941,96.63,0.0,0.0,0.0,91.8044270324707,20.0,20.0,0.0,91.26456991363057,-1.3516193696760814,-0.00727223954563437,14.0,0.0,0.0,"[20.0, 20.0, 20.0, 20.0, 20.0, 20.0, 20.0, 20.0, 20.0, 20.0, 20.0, 20.0, 20.0, 20.0, 20.0, 20.0, 20.0, 20.0, 20.0, 20.0, 20.0, 20.0, 20.0, 20.0, 20.0, 20.0, 20.0, 20.0, 20.0, 20.0, 20.0, 20.0, 20.0, 20.0, 20.0, 20.0, 20.0, 20.0, 20.0, 20.0, 20.0, 20.0, 20.0, 20.0, 20.0, 20.0, 20.0, 20.0, 20.0, 20.0, 20.0, 20.0, 20.0, 20.0, 20.0, 20.0, 20.0, 20.0, 20.0, 20.0, 20.0, 20.0, 20.0, 20.0, 20.0, 20.0, 20.0, 20.0, 20.0, 20.0, 20.0, 20.0]",-0.013386710546910763,-0.005335303023457527,0.0822,-0.0719,-0.31,0.1909,-0.0816,-0.0002,-0.0011,-9.8515,15.911,,86.0,,,,1.2074,-0.2303,1.2291,169.2,14.96,1.22422,0.0113,135.24,0.009,1,7.63,0.542,1,3,10,0.7,6.656,0,0.0,0,0
1790741868.3364947,47.397971,8.5461636,6.919000148773193,-0.010244709439575672,0.007493805140256882,-1.4763902425765991,96.65,0.0,0.0,0.0,91.82852973937986,20.0,20.0,0.0,92.55349614413171,-1.7771214876810728,-0.009683203861161971,14.0,0.0,0.0,"[20.0, 20.0, 20.0, 20.0, 20.0, 20.0, 20.0, 20.0, 20.0, 20.0, 20.0, 20.0, 20.0, 20.0, 20.0, 20.0, 20.0, 20.0, 20.0, 20.0, 20.0, 20.0, 20.0, 20.0, 20.0, 20.0, 20.0, 20.0, 20.0, 20.0, 20.0, 20.0, 20.0, 20.0, 20.0, 20.0, 20.0, 20.0, 20.0, 20.0, 20.0, 20.0, 20.0, 20.0, 20.0, 20.0, 20.0, 20.0, 20.0, 20.0, 20.0, 20.0, 20.0, 20.0, 20.0, 20.0, 20.0, 20.0, 20.0, 20.0, 20.0, 20.0, 20.0, 20.0, 20.0, 20.0, 20.0, 20.0, 20.0, 20.0, 20.0, 20.0]",-0.013386710546910763,-0.005335303023457527,0.0157,-0.0483,-0.2919,0.0799,-0.0138,-0.0101,-0.0022,-9.859,15.911,,86.0,,,,1.2033,-0.2467,1.2283,168.41,14.96,1.22419,0.0127,143.82,0.012,1,7.83,0.546,1,3,10,0.7,6.89,0,0.0,0,0
1790741868.5369246,47.3979709,8.5461635,7.211000442504883,-0.01008506678044796,0.0055082980543375015,-1.4811517000198364,96.68,-0.005502108590443011,0.046978733970478685,0.0,91.85727088928223,20.0,20.0,0.0,85.21475442080663,-1.7900737245989966,-0.008788920218205872,14.0,0.0,0.0,"[20.0, 20.0, 20.0, 20.0, 20.0, 20.0, 20.0, 20.0, 20.0, 20.0, 20.0, 20.0, 20.0, 20.0, 20.0, 20.0, 20.0, 20.0, 20.0, 20.0, 20.0, 20.0, 20.0, 20.0, 20.0, 20.0, 20.0, 20.0, 20.0, 20.0, 20.0, 20.0, 20.0, 20.0, 20.0, 20.0, 20.0, 20.0, 20.0, 20.0, 20.0, 20.0, 20.0, 20.0, 20.0, 20.0, 20.0, 20.0, 20.0, 20.0, 20.0, 20.0, 20.0, 20.0, 20.0, 20.0, 20.0, 20.0, 20.0, 20.0, 20.0, 20.0, 20.0, 20.0, 20.0, 20.0, 20.0, 20.0, 20.0, 20.0, 20.0, 20.0]",-0.013386710546910763,-0.005335303023457527,-0.0285,-0.0584,-0.1706,-0.1526,-0.0426,-0.0079,-0.0035,-9.8412,15.911,,86.0,,,,1.2578,-0.1714,1.2694,172.24,14.95,1.22415,0.0115,151.36,0.015,1,8.03,0.549,1,3,10,0.7,7.199,0,0.0,0,0
1790741868.7383409,47.397971,8.5461635,7.504000186920166,-0.005903080105781555,0.0032144139986485243,-1.4800410270690918,96.69,-0.008154817604117104,0.06952336981075918,0.0,91.86862701416015,20.0,20.0,0.0,69.17132509892556,-1.048093162699444,-0.0037500268517061206,14.0,0.0,0.0,"[20.0, 20.0, 20.0, 20.0, 20.0, 20.0, 20.0, 20.0, 20.0, 20.0, 20.0, 20.0, 20.0, 20.0, 20.0, 20.0, 20.0, 20.0, 20.0, 20.0, 20.0, 20.0, 20.0, 20.0, 20.0, 20.0, 20.0, 20.0, 20.0, 20.0, 20.0, 20.0, 20.0, 20.0, 20.0, 20.0, 20.0, 20.0, 20.0, 20.0, 20.0, 20.0, 20.0, 20.0, 20.0, 20.0, 20.0, 20.0, 20.0, 20.0, 20.0, 20.0, 20.0, 20.0, 20.0, 20.0, 20.0, 20.0, 20.0, 20.0, 20.0, 20.0, 20.0, 20.0, 20.0, 20.0, 20.0, 20.0, 20.0, 20.0, 20.0, 20.0]",-0.013386710546910763,-0.005335303023457527,-0.039,-0.1037,0.0192,-0.2645,-0.0662,-0.0085,-0.0063,-9.6886,15.911,,86.0,,,,1.3186,-0.1,1.3224,175.67,14.95,1.22412,0.0067,151.43,0.015,1,8.23,0.554,1,3,10,0.7,7.455,0,0.0,0,0
1790741868.9383123,47.397971,8.5461635,7.784000396728516,-0.0027293337043374777,0.003951116930693388,-1.3694558143615723,96.68,-0.00814268336287095,0.0695247920360214,0.0,91.87530105590821,20.0,20.0,0.0,56.20856670813552,-0.42993854319877256,0.0004882617494069287,14.0,0.0,0.0,"[20.0, 20.0, 20.0, 20.0, 20.0, 20.0, 20.0, 20.0, 20.0, 20.0, 20.0, 20.0, 20.0, 20.0, 20.0, 20.0, 20.0, 20.0, 20.0, 20.0, 20.0, 20.0, 20.0, 20.0, 20.0, 20.0, 20.0, 20.0, 20.0, 20.0, 20.0, 20.0, 20.0, 20.0, 20.0, 20.0, 20.0, 20.0, 20.0, 20.0, 20.0, 20.0, 20.0, 20.0, 20.0, 20.0, 20.0, 20.0, 20.0, 20.0, 20.0, 20.0, 20.0, 20.0, 20.0, 20.0, 20.0, 20.0, 20.0, 20.0, 20.0, 20.0, 20.0, 20.0, 20.0, 20.0, 20.0, 20.0, 20.0, 20.0, 20.0, 20.0]",-0.013386710546910763,-0.005335303023457527,0.0033,-0.1466,0.2639,-0.1541,-0.0929,-0.0102,-0.0093,-9.2751,15.911,,86.0,,,,1.3996,0.0631,1.401,182.58,14.95,1.22408,0.0048,124.64,0.014,1,8.43,0.557,1,3,10,0.7,7.797,0,0.0,0,0
1790741869.1391778,47.397971,8.5461634,8.038000106811523,-0.0008349376148544252,0.005733470432460308,-1.2721449136734009,96.66,-0.011597734480896132,0.09932518590423395,0.0,91.83679595947262,20.0,20.0,0.0,39.55663875101902,-0.03138866094777608,0.004360642704950931,14.0,0.0,0.0,"[20.0, 20.0, 20.0, 20.0, 20.0, 20.0, 20.0, 20.0, 20.0, 20.0, 20.0, 20.0, 20.0, 20.0, 20.0, 20.0, 20.0, 20.0, 20.0, 20.0, 20.0, 20.0, 20.0, 20.0, 20.0, 20.0, 20.0, 20.0, 20.0, 20.0, 20.0, 20.0, 20.0, 20.0, 20.0, 20.0, 20.0, 20.0, 20.0, 20.0, 20.0, 20.0, 20.0, 20.0, 20.0, 20.0, 20.0, 20.0, 20.0, 20.0, 20.0, 20.0, 20.0, 20.0, 20.0, 20.0, 20.0, 20.0, 20.0, 20.0, 20.0, 20.0, 20.0, 20.0, 20.0, 20.0, 20.0, 20.0, 20.0, 20.0, 20.0, 20.0]",-0.013386710546910763,-0.005335303023457527,0.059,-0.1648,0.312,-0.1273,-0.1076,-0.0021,-0.0142,-9.4011,15.911,,86.0,,,,1.221,-0.074,1.2232,176.53,14.95,1.22405,0.0058,98.29,0.012,1,8.63,0.561,1,3,10,0.7,8.032,0,0.0,0,0
1790741869.3402877,47.397971,8.5461635,8.27400016784668,-0.0018460394348949194,0.009504918940365314,-1.1878703832626343,96.63,-0.011545726347754573,0.09933124484824886,0.0,91.80608070373535,20.0,20.0,0.0,35.139615917297675,-0.14061922537595503,0.007471197984965189,14.0,0.0,0.0,"[20.0, 20.0, 20.0, 20.0, 20.0, 20.0, 20.0, 20.0, 20.0, 20.0, 20.0, 20.0, 20.0, 20.0, 20.0, 20.0, 20.0, 20.0, 20.0, 20.0, 20.0, 20.0, 20.0, 20.0, 20.0, 20.0, 20.0, 20.0, 20.0, 20.0, 20.0, 20.0, 20.0, 20.0, 20.0, 20.0, 20.0, 20.0, 20.0, 20.0, 20.0, 20.0, 20.0, 20.0, 20.0, 20.0, 20.0, 20.0, 20.0, 20.0, 20.0, 20.0, 20.0, 20.0, 20.0, 20.0, 20.0, 20.0, 20.0, 20.0, 20.0, 20.0, 20.0, 20.0, 20.0, 20.0, 20.0, 20.0, 20.0, 20.0, 20.0, 20.0]",-0.013386710546910763,-0.005335303023457527,0.1123,-0.1629,0.1855,0.1109,-0.1378,-0.0127,-0.005,-9.4357,15.851,,82.0,,,,1.2801,-0.0678,1.2819,176.97,14.95,1.22403,0.0097,100.99,0.01,1,8.84,0.564,1,3,10,0.7,8.291,0,0.0,0,0
1790741869.5411603,47.397971,8.5461635,8.494000434875488,-0.004171376116573811,0.013280848041176796,-1.106687068939209,96.61,-0.008057736749719116,0.06953468831074333,0.0,91.78798614501954,20.0,20.0,0.0,52.55765593139057,-0.49939308512068376,0.006236387848643344,14.0,0.0,0.0,"[20.0, 20.0, 20.0, 20.0, 20.0, 20.0, 20.0, 20.0, 20.0, 20.0, 20.0, 20.0, 20.0, 20.0, 20.0, 20.0, 20.0, 20.0, 20.0, 20.0, 20.0, 20.0, 20.0, 20.0, 20.0, 20.0, 20.0, 20.0, 20.0, 20.0, 20.0, 20.0, 20.0, 20.0, 20.0, 20.0, 20.0, 20.0, 20.0, 20.0, 20.0, 20.0, 20.0, 20.0, 20.0, 20.0, 20.0, 20.0, 20.0, 20.0, 20.0, 20.0, 20.0, 20.0, 20.0, 20.0, 20.0, 20.0, 20.0, 20.0, 20.0, 20.0, 20.0, 20.0, 20.0, 20.0, 20.0, 20.0, 20.0, 20.0, 20.0, 20.0]",-0.013386710546910763,-0.005335303023457527,0.1225,-0.1171,-0.0561,0.2724,-0.0309,-0.0143,-0.0011,-9.4382,15.851,,82.0,,,,1.2547,-0.0519,1.2557,177.63,14.94,1.224,0.0139,107.44,0.007,1,9.04,0.568,1,3,10,0.7,8.533,0,0.0,0,0
1790741870.7687683,47.397971,8.546164,9.468000411987305,-0.009770892560482025,0.006369045935571194,-0.36324456334114075,96.61,0.0,0.0,0.0,91.7888845062256,20.0,20.0,0.9861134830862284,96.9894869450572,-1.7131674957473868,-0.010024008238073,14.0,0.0,0.0,"[20.0, 20.0, 20.0, 20.0, 20.0, 20.0, 20.0, 20.0, 20.0, 20.0, 20.0, 20.0, 20.0, 20.0, 20.0, 20.0, 20.0, 20.0, 20.0, 20.0, 20.0, 20.0, 20.0, 20.0, 20.0, 20.0, 20.0, 20.0, 20.0, 20.0, 20.0, 20.0, 20.0, 20.0, 20.0, 20.0, 20.0, 20.0, 20.0, 20.0, 20.0, 20.0, 20.0, 20.0, 20.0, 20.0, 20.0, 20.0, 20.0, 20.0, 20.0, 20.0, 20.0, 20.0, 20.0, 20.0, 20.0, 20.0, 20.0, 20.0, 20.0, 20.0, 20.0, 20.0, 20.0, 20.0, 20.0, 20.0, 20.0, 20.0, 20.0, 20.0]",-0.014055654722853778,24.997496710981544,0.0892,0.2012,-0.0541,0.0091,0.0059,-0.0074,-0.0117,-8.6553,15.851,,82.0,,,,1.3566,-0.0622,1.3581,177.38,14.94,1.22389,0.0117,146.9,25.009,1,10.26,0.572,1,3,10,0.7,9.553,0,0.0,0,0
1790741870.780607,47.397971,8.546164,9.472000122070312,-0.010010886937379837,0.005553222727030516,-0.3240469694137573,96.61,0.0,0.0,0.0,71.69202362060548,20.0,20.0,1.0166882537305355,97.0009384847902,-1.7765749712827998,-0.010236826286014123,14.0,0.0,0.0,"[20.0, 20.0, 20.0, 20.0, 20.0, 20.0, 20.0, 20.0, 20.0, 20.0, 20.0, 20.0, 20.0, 20.0, 20.0, 20.0, 20.0, 20.0, 20.0, 20.0, 20.0, 20.0, 20.0, 20.0, 20.0, 20.0, 20.0, 20.0, 20.0, 20.0, 20.0, 20.0, 20.0, 20.0, 20.0, 20.0, 20.0, 20.0, 20.0, 20.0, 20.0, 20.0, 20.0, 20.0, 20.0, 20.0, 20.0, 20.0, 20.0, 20.0, 20.0, 20.0, 20.0, 20.0, 20.0, 20.0, 20.0, 20.0, 20.0, 20.0, 20.0, 20.0, 20.0, 20.0, 20.0, 20.0, 20.0, 20.0, 20.0, 20.0, 20.0, 20.0]",-0.014055654722853778,24.997496710981544,0.0881,0.2017,-0.0541,0.0091,0.0059,-0.0074,-0.0117,-8.6553,15.851,,82.0,,,,1.1143,0.0163,1.1144,180.84,14.94,1.22389,0.0114,150.98,25.011,1,10.28,0.603,1,3,10,0.7,9.553,0,0.0,0,0
1790741870.9817367,47.397971,8.546164,9.5,-0.00791331846266985,0.0006470945663750172,-0.1259157955646515,95.32000000000001,0.0,0.0,0.0,90.49678451538085,20.0,20.0,1.0188183393329382,95.71145850413518,-1.49302558420736,-0.007933633659078176,14.0,0.0,0.0,"[20.0, 20.0, 20.0, 20.0, 20.0, 20.0, 20.0, 20.0, 20.0, 20.0, 20.0, 20.0, 20.0, 20.0, 20.0, 20.0, 20.0, 20.0, 20.0, 20.0, 20.0, 20.0, 20.0, 20.0, 20.0, 20.0, 20.0, 20.0, 20.0, 20.0, 20.0, 20.0, 20.0, 20.0, 20.0, 20.0, 20.0, 20.0, 20.0, 20.0, 20.0, 20.0, 20.0, 20.0, 20.0, 20.0, 20.0, 20.0, 20.0, 20.0, 20.0, 20.0, 20.0, 20.0, 20.0, 20.0, 20.0, 20.0, 20.0, 20.0, 20.0, 20.0, 20.0, 20.0, 20.0, 20.0, 20.0, 20.0, 20.0, 20.0, 20.0, 20.0]",-0.014055654722853778,24.997496710981544,-0.5587,0.0661,-5.7594,-0.3853,-20.6785,-0.0029,-0.0063,-9.3392,15.851,,82.0,,,,1.1019,0.0444,1.1028,182.31,14.94,1.22388,0.0079,175.33,25.014,1,10.48,0.606,1,3,10,0.7,9.634,0,0.0,0,0
1790741871.18309,47.397971,8.546164,9.503000259399414,0.018041357398033142,-0.0002571390359662473,-0.043493546545505524,89.71000000000001,0.0,0.0,0.0,84.88350578308109,20.0,20.0,1.0178991109132767,90.10116736861346,3.441704339698213,0.01803606327912776,14.0,0.0,0.0,"[20.0, 20.0, 20.0, 20.0, 20.0, 20.0, 20.0, 20.0, 20.0, 20.0, 20.0, 20.0, 20.0, 20.0, 20.0, 20.0, 20.0, 20.0, 20.0, 20.0, 20.0, 20.0, 20.0, 20.0, 20.0, 20.0, 20.0, 20.0, 20.0, 20.0, 20.0, 20.0, 20.0, 20.0, 20.0, 20.0, 20.0, 20.0, 20.0, 20.0, 20.0, 20.0, 20.0, 20.0, 20.0, 20.0, 20.0, 20.0, 20.0, 20.0, 20.0, 20.0, 20.0, 20.0, 20.0, 20.0, 20.0, 20.0, 20.0, 20.0, 20.0, 20.0, 20.0, 20.0, 20.0, 20.0, 20.0, 20.0, 20.0, 20.0, 20.0, 20.0]",-0.014055654722853778,24.997496710981544,-0.5482,-0.0402,6.3331,-0.0427,-28.7125,-0.0105,-0.0132,-9.53,15.851,,82.0,,,,1.1885,0.1577,1.1989,187.56,14.94,1.22388,0.018,359.18,25.014,1,10.68,0.607,1,3,10,0.7,9.675,0,0.0,0,0
1790741871.3834834,47.397971,8.546164,9.497000694274902,0.018844667822122574,-0.0014303962234407663,-0.002697446383535862,84.97,0.004020793691490786,0.0456823787479534,0.0,80.14842102050784,20.0,20.0,1.015225762501359,85.36084751622627,3.604396030816971,0.018888273234413847,14.0,0.0,0.0,"[20.0, 20.0, 20.0, 20.0, 20.0, 20.0, 20.0, 20.0, 20.0, 20.0, 20.0, 20.0, 20.0, 20.0, 20.0, 20.0, 20.0, 20.0, 20.0, 20.0, 20.0, 20.0, 20.0, 20.0, 20.0, 20.0, 20.0, 20.0, 20.0, 20.0, 20.0, 20.0, 20.0, 20.0, 20.0, 20.0, 20.0, 20.0, 20.0, 20.0, 20.0, 20.0, 20.0, 20.0, 20.0, 20.0, 20.0, 20.0, 20.0, 20.0, 20.0, 20.0, 20.0, 20.0, 20.0, 20.0, 20.0, 20.0, 20.0, 20.0, 20.0, 20.0, 20.0, 20.0, 20.0, 20.0, 20.0, 20.0, 20.0, 20.0, 20.0, 20.0]",-0.014055654722853778,24.997496710981544,0.6337,-0.0222,3.1688,0.0155,-17.3769,-0.0072,0.0001,-9.7295,15.791,,79.0,,,,1.2177,0.1168,1.2233,185.48,14.94,1.22388,0.0189,355.66,25.007,1,10.88,0.615,1,3,10,0.7,9.672,0,0.0,0,0
1790741871.5844908,47.3979711,8.5461639,9.492000579833984,-0.0028272056952118874,0.0032012832816690207,0.006079602520912886,82.2,0.00950009007040132,0.06935234883300105,0.0,77.37830657958983,20.0,20.0,1.0144697614014149,82.5910979525795,-0.617913303333619,-0.0029598585714781266,14.0,0.0,0.0,"[20.0, 20.0, 20.0, 20.0, 20.0, 20.0, 20.0, 20.0, 20.0, 20.0, 20.0, 20.0, 20.0, 20.0, 20.0, 20.0, 20.0, 20.0, 20.0, 20.0, 20.0, 20.0, 20.0, 20.0, 20.0, 20.0, 20.0, 20.0, 20.0, 20.0, 20.0, 20.0, 20.0, 20.0, 20.0, 20.0, 20.0, 20.0, 20.0, 20.0, 20.0, 20.0, 20.0, 20.0, 20.0, 20.0, 20.0, 20.0, 20.0, 20.0, 20.0, 20.0, 20.0, 20.0, 20.0, 20.0, 20.0, 20.0, 20.0, 20.0, 20.0, 20.0, 20.0, 20.0, 20.0, 20.0, 20.0, 20.0, 20.0, 20.0, 20.0, 20.0]",-0.014055654722853778,24.997496710981544,0.6505,-0.2333,-2.1758,-1.3001,-10.8655,-0.0107,-0.0086,-9.7792,15.791,,79.0,,,,1.3316,0.16,1.3412,186.85,14.94,1.22388,0.0043,131.45,25.001,1,11.08,0.62,1,3,10,0.7,9.634,0,0.0,0,0
1790741871.784847,47.3979711,8.546164,9.48900032043457,-0.013680776581168175,0.01677251048386097,0.009129953570663929,80.3,0.011794256569550165,0.06899924283621975,0.0,75.49575881958009,20.0,20.0,1.0171668250113726,80.69218085392743,-3.1121414337236923,-0.014378624332556541,14.0,0.0,0.0,"[20.0, 20.0, 20.0, 20.0, 20.0, 20.0, 20.0, 20.0, 20.0, 20.0, 20.0, 20.0, 20.0, 20.0, 20.0, 20.0, 20.0, 20.0, 20.0, 20.0, 20.0, 20.0, 20.0, 20.0, 20.0, 20.0, 20.0, 20.0, 20.0, 20.0, 20.0, 20.0, 20.0, 20.0, 20.0, 20.0, 20.0, 20.0, 20.0, 20.0, 20.0, 20.0, 20.0, 20.0, 20.0, 20.0, 20.0, 20.0, 20.0, 20.0, 20.0, 20.0, 20.0, 20.0, 20.0, 20.0, 20.0, 20.0, 20.0, 20.0, 20.0, 20.0, 20.0, 20.0, 20.0, 20.0, 20.0, 20.0, 20.0, 20.0, 20.0, 20.0]",-0.014055654722853778,24.997496710981544,0.1742,-0.4748,-2.1025,-0.7829,-9.5062,-0.006,-0.0028,-9.7857,15.791,,79.0,,,,1.4881,0.1573,1.4964,186.04,14.94,1.22388,0.0216,129.2,25.001,1,11.28,0.623,1,3,10,0.7,9.618,0,0.0,0,0
1790741871.9847932,47.3979711,8.5461641,9.485000610351562,-0.010794703848659992,0.034517452120780945,0.009926357306540012,78.44,0.014027579976549047,0.06858007728197395,0.0,73.63619369506836,20.0,20.0,1.025353228673339,78.83506346066116,-3.337105393466547,-0.012257860513176283,14.0,0.0,0.0,"[20.0, 20.0, 20.0, 20.0, 20.0, 20.0, 20.0, 20.0, 20.0, 20.0, 20.0, 20.0, 20.0, 20.0, 20.0, 20.0, 20.0, 20.0, 20.0, 20.0, 20.0, 20.0, 20.0, 20.0, 20.0, 20.0, 20.0, 20.0, 20.0, 20.0, 20.0, 20.0, 20.0, 20.0, 20.0, 20.0, 20.0, 20.0, 20.0, 20.0, 20.0, 20.0, 20.0, 20.0, 20.0, 20.0, 20.0, 20.0, 20.0, 20.0, 20.0, 20.0, 20.0, 20.0, 20.0, 20.0, 20.0, 20.0, 20.0, 20.0, 20.0, 20.0, 20.0, 20.0, 20.0, 20.0, 20.0, 20.0, 20.0, 20.0, 20.0, 20.0]",-0.014055654722853778,24.997496710981544,-0.088,-0.489,-0.7394,0.3803,-9.8538,-0.0076,-0.0081,-9.8039,15.791,,79.0,,,,1.5845,0.1497,1.5916,185.4,14.94,1.22388,0.0362,107.37,25.003,1,11.48,0.632,1,3,10,0.7,9.617,0,0.0,0,0
1790741872.1856937,47.397971,8.5461643,9.482000350952148,-0.003245764411985874,0.04876663163304329,0.009430469013750553,76.34,0.01653118734156016,0.06801999592089256,0.0,71.52528175354004,20.0,20.0,1.037794966250658,76.73955044223976,-2.799662102160013,-0.005348767842485853,14.0,0.0,0.0,"[20.0, 20.0, 20.0, 20.0, 20.0, 20.0, 20.0, 20.0, 20.0, 20.0, 20.0, 20.0, 20.0, 20.0, 20.0, 20.0, 20.0, 20.0, 20.0, 20.0, 20.0, 20.0, 20.0, 20.0, 20.0, 20.0, 20.0, 20.0, 20.0, 20.0, 20.0, 20.0, 20.0, 20.0, 20.0, 20.0, 20.0, 20.0, 20.0, 20.0, 20.0, 20.0, 20.0, 20.0, 20.0, 20.0, 20.0, 20.0, 20.0, 20.0, 20.0, 20.0, 20.0, 20.0, 20.0, 20.0, 20.0, 20.0, 20.0, 20.0, 20.0, 20.0, 20.0, 20.0, 20.0, 20.0, 20.0, 20.0, 20.0, 20.0, 20.0, 20.0]",-0.014055654722853778,24.997496710981544,-0.1196,-0.3832,0.0738,0.6425,-10.2532,-0.0096,-0.0071,-9.8175,15.791,,79.0,,,,1.4278,0.148,1.4355,185.92,14.94,1.22389,0.0489,93.81,25.006,1,11.68,0.644,1,3,10,0.7,9.673,0,0.0,0,0
1790741872.3857129,47.397971,8.5461644,9.480000495910645,0.0019738273695111275,0.05899793654680252,0.007978463545441628,74.14,0.01913014109220288,0.06733526343449181,0.0,69.33551277160643,20.0,20.0,1.0523614101111889,74.5448174228577,-2.7146889063570123,-0.0006113337693070295,14.0,0.0,0.0,"[20.0, 20.0, 20.0, 20.0, 20.0, 20.0, 20.0, 20.0, 20.0, 20.0, 20.0, 20.0, 20.0, 20.0, 20.0, 20.0, 20.0, 20.0, 20.0, 20.0, 20.0, 20.0, 20.0, 20.0, 20.0, 20.0, 20.0, 20.0, 20.0, 20.0, 20.0, 20.0, 20.0, 20.0, 20.0, 20.0, 20.0, 20.0, 20.0, 20.0, 20.0, 20.0, 20.0, 20.0, 20.0, 20.0, 20.0, 20.0, 20.0, 20.0, 20.0, 20.0, 20.0, 20.0, 20.0, 20.0, 20.0, 20.0, 20.0, 20.0, 20.0, 20.0, 20.0, 20.0, 20.0, 20.0, 20.0, 20.0, 20.0, 20.0, 20.0, 20.0]",-0.014055654722853778,24.997496710981544,-0.0784,-0.2736,0.0391,0.4893,-10.1162,-0.016,-0.0085,-9.8084,15.791,,79.0,,,,1.5117,0.2015,1.5251,187.59,14.94,1.22389,0.059,88.08,25.009,1,11.88,0.659,1,3,10,0.7,9.685,0,0.0,0,0
1790741872.5865824,47.397971,8.5461646,9.482000350952148,0.00488129910081625,0.06282345205545425,0.006647133734077215,72.02,0.021607949594256187,0.06658150279418514,0.0,67.19743682861326,20.0,20.0,1.0652423426508904,72.42943298812855,-2.81472618572322,0.002092456724020958,14.0,0.0,0.0,"[20.0, 20.0, 20.0, 20.0, 20.0, 20.0, 20.0, 20.0, 20.0, 20.0, 20.0, 20.0, 20.0, 20.0, 20.0, 20.0, 20.0, 20.0, 20.0, 20.0, 20.0, 20.0, 20.0, 20.0, 20.0, 20.0, 20.0, 20.0, 20.0, 20.0, 20.0, 20.0, 20.0, 20.0, 20.0, 20.0, 20.0, 20.0, 20.0, 20.0, 20.0, 20.0, 20.0, 20.0, 20.0, 20.0, 20.0, 20.0, 20.0, 20.0, 20.0, 20.0, 20.0, 20.0, 20.0, 20.0, 20.0, 20.0, 20.0, 20.0, 20.0, 20.0, 20.0, 20.0, 20.0, 20.0, 20.0, 20.0, 20.0, 20.0, 20.0, 20.0]",-0.014055654722853778,24.997496710981544,-0.0701,-0.2042,-0.123,0.2274,-9.8925,-0.0158,-0.005,-9.7975,15.791,,79.0,,,,1.5108,0.0699,1.5125,182.65,14.94,1.22389,0.063,85.56,25.012,1,12.08,0.672,1,3,10,0.7,9.711,0,0.0,0,0
1790741872.7880218,47.397971,8.5461648,9.486000061035156,0.007278569042682648,0.06303425133228302,0.005374296568334103,69.98,0.023964369596001577,0.06577012231907611,0.0,65.15844390869142,20.0,20.0,1.0764117240905762,70.39346436374797,-2.8130440190923283,0.004448898235647099,14.0,0.0,0.0,"[20.0, 20.0, 20.0, 20.0, 20.0, 20.0, 20.0, 20.0, 20.0, 20.0, 20.0, 20.0, 20.0, 20.0, 20.0, 20.0, 20.0, 20.0, 20.0, 20.0, 20.0, 20.0, 20.0, 20.0, 20.0, 20.0, 20.0, 20.0, 20.0, 20.0, 20.0, 20.0, 20.0, 20.0, 20.0, 20.0, 20.0, 20.0, 20.0, 20.0, 20.0, 20.0, 20.0, 20.0, 20.0, 20.0, 20.0, 20.0, 20.0, 20.0, 20.0, 20.0, 20.0, 20.0, 20.0, 20.0, 20.0, 20.0, 20.0, 20.0, 20.0, 20.0, 20.0, 20.0, 20.0, 20.0, 20.0, 20.0, 20.0, 20.0, 20.0, 20.0]",-0.014055654722853778,24.997496710981544,-0.0797,-0.181,-0.1305,-0.0603,-9.8449,-0.0111,-0.0054,-9.8041,15.791,,79.0,,,,1.4802,0.0617,1.4815,182.39,14.94,1.22388,0.0635,83.41,25.014,1,12.28,0.684,1,3,10,0.7,9.687,0,0.0,0,0
1790741872.9880428,47.397971,8.546164899999999,9.488000869750977,0.010686902329325676,0.06206061318516731,0.005388851277530193,67.97,0.026256441006213188,0.0648891308748025,0.0,63.16695472717285,20.0,20.0,1.0866038426756859,68.38724897986171,-2.5521392381337193,0.007871053025523428,14.0,0.0,0.0,"[20.0, 20.0, 20.0, 20.0, 20.0, 20.0, 20.0, 20.0, 20.0, 20.0, 20.0, 20.0, 20.0, 20.0, 20.0, 20.0, 20.0, 20.0, 20.0, 20.0, 20.0, 20.0, 20.0, 20.0, 20.0, 20.0, 20.0, 20.0, 20.0, 20.0, 20.0, 20.0, 20.0, 20.0, 20.0, 20.0, 20.0, 20.0, 20.0, 20.0, 20.0, 20.0, 20.0, 20.0, 20.0, 20.0, 20.0, 20.0, 20.0, 20.0, 20.0, 20.0, 20.0, 20.0, 20.0, 20.0, 20.0, 20.0, 20.0, 20.0, 20.0, 20.0, 20.0, 20.0, 20.0, 20.0, 20.0, 20.0, 20.0, 20.0, 20.0, 20.0]",-0.014055654722853778,24.997496710981544,-0.0826,-0.18,-0.0807,-0.0059,-9.9578,-0.0161,-0.0091,-9.8057,15.791,,79.0,,,,1.5606,0.0501,1.5614,181.84,14.94,1.22388,0.063,80.23,25.015,1,12.48,0.694,1,3,10,0.7,9.703,0,0.0,0,0
1790741873.1883783,47.397971,8.546165,9.48900032043457,0.015644215047359467,0.0614386610686779,0.00546643789857626,65.94,0.028538515771416063,0.06391833162375749,0.0,61.12828582763672,20.0,20.0,1.0965266898274422,66.3612273092412,-2.0547168730420964,0.012825594369412283,14.0,0.0,0.0,"[20.0, 20.0, 20.0, 20.0, 20.0, 20.0, 20.0, 20.0, 20.0, 20.0, 20.0, 20.0, 20.0, 20.0, 20.0, 20.0, 20.0, 20.0, 20.0, 20.0, 20.0, 20.0, 20.0, 20.0, 20.0, 20.0, 20.0, 20.0, 20.0, 20.0, 20.0, 20.0, 20.0, 20.0, 20.0, 20.0, 20.0, 20.0, 20.0, 20.0, 20.0, 20.0, 20.0, 20.0, 20.0, 20.0, 20.0, 20.0, 20.0, 20.0, 20.0, 20.0, 20.0, 20.0, 20.0, 20.0, 20.0, 20.0, 20.0, 20.0, 20.0, 20.0, 20.0, 20.0, 20.0, 20.0, 20.0, 20.0, 20.0, 20.0, 20.0, 20.0]",-0.014055654722853778,24.997496710981544,-0.0678,-0.1805,0.0687,0.0324,-9.8615,-0.0092,0.0011,-9.8067,15.791,,79.0,,,,1.4926,0.1426,1.4994,185.46,14.94,1.22388,0.0634,75.71,25.013,1,12.68,0.704,1,3,10,0.7,9.68,0,0.0,0,0
1790741873.3891087,47.397971,8.546165199999999,9.488000869750977,0.020138246938586235,0.06163039803504944,0.004894745070487261,63.910000000000004,0.03078476994434428,0.06286730421668958,0.0,59.09854904174804,20.0,20.0,1.107792153954506,64.33594781813989,-1.721739028118506,0.017276482081951247,14.0,0.0,0.0,"[20.0, 20.0, 20.0, 20.0, 20.0, 20.0, 20.0, 20.0, 20.0, 20.0, 20.0, 20.0, 20.0, 20.0, 20.0, 20.0, 20.0, 20.0, 20.0, 20.0, 20.0, 20.0, 20.0, 20.0, 20.0, 20.0, 20.0, 20.0, 20.0, 20.0, 20.0, 20.0, 20.0, 20.0, 20.0, 20.0, 20.0, 20.0, 20.0, 20.0, 20.0, 20.0, 20.0, 20.0, 20.0, 20.0, 20.0, 20.0, 20.0, 20.0, 20.0, 20.0, 20.0, 20.0, 20.0, 20.0, 20.0, 20.0, 20.0, 20.0, 20.0, 20.0, 20.0, 20.0, 20.0, 20.0, 20.0, 20.0, 20.0, 20.0, 20.0, 20.0]",-0.014055654722853778,24.997496710981544,-0.0451,-0.1703,0.0188,0.081,-9.9303,-0.0119,-0.0092,-9.8134,15.731,,76.0,,,,1.4781,0.1562,1.4863,186.03,14.94,1.22388,0.0648,71.9,25.009,1,12.88,0.716,1,3,10,0.7,9.715,0,0.0,0,0
1790741873.5893736,47.3979711,8.5461653,9.488000869750977,0.024578528478741646,0.06071929633617401,0.004187671467661858,61.89,0.03298160839589213,0.06174312518507641,0.0,57.069788589477525,20.0,20.0,1.1179310530424118,62.32042539817746,-1.3232014318370762,0.02172733740026798,14.0,0.0,0.0,"[20.0, 20.0, 20.0, 20.0, 20.0, 20.0, 20.0, 20.0, 20.0, 20.0, 20.0, 20.0, 20.0, 20.0, 20.0, 20.0, 20.0, 20.0, 20.0, 20.0, 20.0, 20.0, 20.0, 20.0, 20.0, 20.0, 20.0, 20.0, 20.0, 20.0, 20.0, 20.0, 20.0, 20.0, 20.0, 20.0, 20.0, 20.0, 20.0, 20.0, 20.0, 20.0, 20.0, 20.0, 20.0, 20.0, 20.0, 20.0, 20.0, 20.0, 20.0, 20.0, 20.0, 20.0, 20.0, 20.0, 20.0, 20.0, 20.0, 20.0, 20.0, 20.0, 20.0, 20.0, 20.0, 20.0, 20.0, 20.0, 20.0, 20.0, 20.0, 20.0]",-0.014055654722853778,24.997496710981544,-0.0246,-0.1581,0.0164,0.0579,-9.8873,-0.0217,-0.005,-9.7999,15.731,,76.0,,,,1.3831,0.2104,1.399,188.65,14.94,1.22388,0.0655,67.96,25.004,1,13.08,0.728,1,3,10,0.7,9.717,0,0.0,0,0
1790741873.790569,47.3979711,8.546165499999999,9.48900032043457,0.03019324690103531,0.0603325255215168,0.004080004524439573,59.88,0.035126889099112185,0.060548341531528944,0.0,55.075650100708,20.0,20.0,1.1286266446113586,60.31549592897488,-0.7942948195072761,0.027325483861069,14.0,0.0,0.0,"[20.0, 20.0, 20.0, 20.0, 20.0, 20.0, 20.0, 20.0, 20.0, 20.0, 20.0, 20.0, 20.0, 20.0, 20.0, 20.0, 20.0, 20.0, 20.0, 20.0, 20.0, 20.0, 20.0, 20.0, 20.0, 20.0, 20.0, 20.0, 20.0, 20.0, 20.0, 20.0, 20.0, 20.0, 20.0, 20.0, 20.0, 20.0, 20.0, 20.0, 20.0, 20.0, 20.0, 20.0, 20.0, 20.0, 20.0, 20.0, 20.0, 20.0, 20.0, 20.0, 20.0, 20.0, 20.0, 20.0, 20.0, 20.0, 20.0, 20.0, 20.0, 20.0, 20.0, 20.0, 20.0, 20.0, 20.0, 20.0, 20.0, 20.0, 20.0, 20.0]",-0.014055654722853778,24.997496710981544,-0.002,-0.1442,0.1225,0.0762,-9.9214,-0.0097,-0.0052,-9.8107,15.731,,76.0,,,,1.4234,0.2865,1.452,191.38,14.94,1.22388,0.0675,63.41,24.995,1,13.29,0.741,1,3,10,0.7,9.709,0,0.0,0,0
1790741873.9912689,47.397971299999995,8.5461656,9.49000072479248,0.036573104560375214,0.062084756791591644,0.003781014820560813,57.88,0.03721859739299129,0.05928554636754579,0.0,53.053894882202144,20.0,20.0,1.1418897062540054,58.32198229767204,-0.38865335939985085,0.03357924930659061,14.0,0.0,0.0,"[20.0, 20.0, 20.0, 20.0, 20.0, 20.0, 20.0, 20.0, 20.0, 20.0, 20.0, 20.0, 20.0, 20.0, 20.0, 20.0, 20.0, 20.0, 20.0, 20.0, 20.0, 20.0, 20.0, 20.0, 20.0, 20.0, 20.0, 20.0, 20.0, 20.0, 20.0, 20.0, 20.0, 20.0, 20.0, 20.0, 20.0, 20.0, 20.0, 20.0, 20.0, 20.0, 20.0, 20.0, 20.0, 20.0, 20.0, 20.0, 20.0, 20.0, 20.0, 20.0, 20.0, 20.0, 20.0, 20.0, 20.0, 20.0, 20.0, 20.0, 20.0, 20.0, 20.0, 20.0, 20.0, 20.0, 20.0, 20.0, 20.0, 20.0, 20.0, 20.0]",-0.014055654722853778,24.997496710981544,0.0205,-0.1117,0.1432,0.1955,-9.9287,-0.0049,-0.0075,-9.81,15.731,,76.0,,,,1.3527,0.1362,1.3596,185.75,14.94,1.22388,0.0721,59.5,24.983,1,13.49,0.76,1,3,10,0.7,9.706,0,0.0,0,0
1790741874.1936731,47.397971399999996,8.5461659,9.493000030517578,0.03982650488615036,0.06569794565439224,0.0027878182008862495,55.68,0.039234612356275844,0.05797107203815336,0.0,51.05990234375,20.0,20.0,1.157794326543808,56.35951864830932,-0.7334775420025408,0.036610767797024865,14.0,0.0,0.0,"[20.0, 20.0, 20.0, 20.0, 20.0, 20.0, 20.0, 20.0, 20.0, 20.0, 20.0, 20.0, 20.0, 20.0, 20.0, 20.0, 20.0, 20.0, 20.0, 20.0, 20.0, 20.0, 20.0, 20.0, 20.0, 20.0, 20.0, 20.0, 20.0, 20.0, 20.0, 20.0, 20.0, 20.0, 20.0, 20.0, 20.0, 20.0, 20.0, 20.0, 20.0, 20.0, 20.0, 20.0, 20.0, 20.0, 20.0, 20.0, 20.0, 20.0, 20.0, 20.0, 20.0, 20.0, 20.0, 20.0, 20.0, 20.0, 20.0, 20.0, 20.0, 20.0, 20.0, 20.0, 20.0, 20.0, 20.0, 20.0, 20.0, 20.0, 20.0, 20.0]",-0.014055654722853778,24.997496710981544,0.0285,-0.065,-0.0709,0.1987,-9.9595,-0.0087,-0.0034,-9.7971,15.731,,76.0,,,,1.3705,0.157,1.3795,186.54,14.94,1.22388,0.0768,58.78,24.97,1,13.69,0.78,1,3,10,0.7,9.693,0,0.0,0,0
1790741874.3937013,47.3979715,8.546166099999999,9.497000694274902,0.039185941219329834,0.06741693615913391,0.0020550433546304703,53.730000000000004,0.04118449365920085,0.05660245120165066,0.0,49.140452346801766,20.0,20.0,1.1741508096456528,54.416927087699236,-1.5234686517833878,0.03583953693785565,14.0,0.0,0.0,"[20.0, 20.0, 20.0, 20.0, 20.0, 20.0, 20.0, 20.0, 20.0, 20.0, 20.0, 20.0, 20.0, 20.0, 20.0, 20.0, 20.0, 20.0, 20.0, 20.0, 20.0, 20.0, 20.0, 20.0, 20.0, 20.0, 20.0, 20.0, 20.0, 20.0, 20.0, 20.0, 20.0, 20.0, 20.0, 20.0, 20.0, 20.0, 20.0, 20.0, 20.0, 20.0, 20.0, 20.0, 20.0, 20.0, 20.0, 20.0, 20.0, 20.0, 20.0, 20.0, 20.0, 20.0, 20.0, 20.0, 20.0, 20.0, 20.0, 20.0, 20.0, 20.0, 20.0, 20.0, 20.0, 20.0, 20.0, 20.0, 20.0, 20.0, 20.0, 20.0]",-0.014055654722853778,24.997496710981544,0.002,-0.0417,-0.2622,0.051,-10.0245,-0.0209,-0.0046,-9.7966,15.731,,76.0,,,,1.4002,0.2486,1.4221,190.07,14.94,1.22388,0.078,59.83,24.961,1,13.89,0.799,1,3,10,0.7,9.677,0,0.0,0,0
1790741874.594169,47.3979715,8.5461663,9.50100040435791,0.03926892951130867,0.06874168664216995,0.001791209913790226,51.77,0.043086675248916635,0.05516827363616151,0.0,47.20421386718749,20.0,20.0,1.191436156630516,52.47460010481251,-2.169249782186087,0.035805542615102035,14.0,0.0,0.0,"[20.0, 20.0, 20.0, 20.0, 20.0, 20.0, 20.0, 20.0, 20.0, 20.0, 20.0, 20.0, 20.0, 20.0, 20.0, 20.0, 20.0, 20.0, 20.0, 20.0, 20.0, 20.0, 20.0, 20.0, 20.0, 20.0, 20.0, 20.0, 20.0, 20.0, 20.0, 20.0, 20.0, 20.0, 20.0, 20.0, 20.0, 20.0, 20.0, 20.0, 20.0, 20.0, 20.0, 20.0, 20.0, 20.0, 20.0, 20.0, 20.0, 20.0, 20.0, 20.0, 20.0, 20.0, 20.0, 20.0, 20.0, 20.0, 20.0, 20.0, 20.0, 20.0, 20.0, 20.0, 20.0, 20.0, 20.0, 20.0, 20.0, 20.0, 20.0, 20.0]",-0.014055654722853778,24.997496710981544,-0.0369,-0.0277,-0.1755,0.1504,-10.027,-0.0166,-0.0145,-9.7904,15.731,,76.0,,,,1.3512,0.4087,1.4117,196.83,14.94,1.22388,0.0792,60.26,24.952,1,14.09,0.818,1,3,10,0.7,9.672,0,0.0,0,0
1790741874.7944193,47.3979716,8.5461665,9.504000663757324,0.040564846247434616,0.06605898588895798,0.0015405836747959256,49.82,0.04494832055900009,0.053662356255809056,0.0,45.2343662261963,20.0,20.0,1.2057399302721024,50.52104447984664,-2.161031571402986,0.03719152579337964,14.0,0.0,0.0,"[20.0, 20.0, 20.0, 20.0, 20.0, 20.0, 20.0, 20.0, 20.0, 20.0, 20.0, 20.0, 20.0, 20.0, 20.0, 20.0, 20.0, 20.0, 20.0, 20.0, 20.0, 20.0, 20.0, 20.0, 20.0, 20.0, 20.0, 20.0, 20.0, 20.0, 20.0, 20.0, 20.0, 20.0, 20.0, 20.0, 20.0, 20.0, 20.0, 20.0, 20.0, 20.0, 20.0, 20.0, 20.0, 20.0, 20.0, 20.0, 20.0, 20.0, 20.0, 20.0, 20.0, 20.0, 20.0, 20.0, 20.0, 20.0, 20.0, 20.0, 20.0, 20.0, 20.0, 20.0, 20.0, 20.0, 20.0, 20.0, 20.0, 20.0, 20.0, 20.0]",-0.014055654722853778,24.997496710981544,-0.0526,-0.017,-0.0528,-0.046,-9.9292,-0.0159,-0.0099,-9.7972,15.731,,76.0,,,,1.2616,0.2028,1.2778,189.13,14.94,1.22388,0.0775,58.45,24.945,1,14.29,0.834,1,3,10,0.7,9.691,0,0.0,0,0
1790741874.9955244,47.3979717,8.5461666,9.506000518798828,0.03963270038366318,0.060789044946432114,0.0015604238724336028,47.870000000000005,0.04695705172775931,0.051913729330847876,0.0,43.043992156982426,20.0,20.0,1.2163307070732117,48.34578509781426,-2.1734491679682235,0.036497202539088384,14.0,0.0,0.0,"[20.0, 20.0, 20.0, 20.0, 20.0, 20.0, 20.0, 20.0, 20.0, 20.0, 20.0, 20.0, 20.0, 20.0, 20.0, 20.0, 20.0, 20.0, 20.0, 20.0, 20.0, 20.0, 20.0, 20.0, 20.0, 20.0, 20.0, 20.0, 20.0, 20.0, 20.0, 20.0, 20.0, 20.0, 20.0, 20.0, 20.0, 20.0, 20.0, 20.0, 20.0, 20.0, 20.0, 20.0, 20.0, 20.0, 20.0, 20.0, 20.0, 20.0, 20.0, 20.0, 20.0, 20.0, 20.0, 20.0, 20.0, 20.0, 20.0, 20.0, 20.0, 20.0, 20.0, 20.0, 20.0, 20.0, 20.0, 20.0, 20.0, 20.0, 20.0, 20.0]",-0.014055654722853778,24.997496710981544,-0.047,-0.0447,-0.0314,-0.2805,-9.8651,-0.016,-0.0152,-9.7899,15.731,,76.0,,,,1.1416,0.2898,1.1778,194.25,14.94,1.22388,0.0726,56.9,24.939,1,14.49,0.846,1,3,10,0.7,9.701,0,0.0,0,0
1790741875.1966753,47.3979717,8.5461668,9.507000923156738,0.04209413751959801,0.055516116321086884,0.0018567206570878625,45.910000000000004,0.0487051214517127,0.05027734225646693,0.0,41.084953460693356,20.0,20.0,1.224639430642128,46.389948437375125,-1.6026027841867998,0.03920213174297064,14.0,0.0,0.0,"[20.0, 20.0, 20.0, 20.0, 20.0, 20.0, 20.0, 20.0, 20.0, 20.0, 20.0, 20.0, 20.0, 20.0, 20.0, 20.0, 20.0, 20.0, 20.0, 20.0, 20.0, 20.0, 20.0, 20.0, 20.0, 20.0, 20.0, 20.0, 20.0, 20.0, 20.0, 20.0, 20.0, 20.0, 20.0, 20.0, 20.0, 20.0, 20.0, 20.0, 20.0, 20.0, 20.0, 20.0, 20.0, 20.0, 20.0, 20.0, 20.0, 20.0, 20.0, 20.0, 20.0, 20.0, 20.0, 20.0, 20.0, 20.0, 20.0, 20.0, 20.0, 20.0, 20.0, 20.0, 20.0, 20.0, 20.0, 20.0, 20.0, 20.0, 20.0, 20.0]",-0.014055654722853778,24.997496710981544,-0.0448,-0.08,-0.0139,-0.2016,-10.0031,-0.0091,-0.0121,-9.8017,15.731,,76.0,,,,1.2801,0.2877,1.3121,192.67,14.94,1.22388,0.0697,52.83,24.932,1,14.69,0.858,1,3,10,0.7,9.731,0,0.0,0,0
1790741875.3978317,47.3979718,8.5461668,9.509000778198242,0.04799288883805275,0.05019553005695343,0.0017120756674557924,43.9,0.07205511116803304,0.06934018282758131,0.0,39.07887878417969,20.0,20.0,1.2310089319944382,44.383937840114385,-0.5519490977556141,0.045349716333371815,14.0,0.0,0.0,"[20.0, 20.0, 20.0, 20.0, 20.0, 20.0, 20.0, 20.0, 20.0, 20.0, 20.0, 20.0, 20.0, 20.0, 20.0, 20.0, 20.0, 20.0, 20.0, 20.0, 20.0, 20.0, 20.0, 20.0, 20.0, 20.0, 20.0, 20.0, 20.0, 20.0, 20.0, 20.0, 20.0, 20.0, 20.0, 20.0, 20.0, 20.0, 20.0, 20.0, 20.0, 20.0, 20.0, 20.0, 20.0, 20.0, 20.0, 20.0, 20.0, 20.0, 20.0, 20.0, 20.0, 20.0, 20.0, 20.0, 20.0, 20.0, 20.0, 20.0, 20.0, 20.0, 20.0, 20.0, 20.0, 20.0, 20.0, 20.0, 20.0, 20.0, 20.0, 20.0]",-0.014055654722853778,24.997496710981544,-0.0135,-0.0842,0.2823,-0.042,-10.2867,-0.014,-0.0078,-9.8061,15.671,,72.0,,,,1.2253,0.1806,1.2385,188.38,14.94,1.22388,0.0694,46.29,24.919,1,14.89,0.871,1,3,10,0.7,9.709,0,0.0,0,0
1790741875.5978348,47.397971899999995,8.5461669,9.51300048828125,0.051181185990571976,0.04621044918894768,0.0010336852865293622,41.84,0.07450104906055961,0.06670527482048245,0.0,37.036811676025394,20.0,20.0,1.2361179441213608,42.32727628850202,-0.05475921183047967,0.04872706624924911,14.0,0.0,0.0,"[20.0, 20.0, 20.0, 20.0, 20.0, 20.0, 20.0, 20.0, 20.0, 20.0, 20.0, 20.0, 20.0, 20.0, 20.0, 20.0, 20.0, 20.0, 20.0, 20.0, 20.0, 20.0, 20.0, 20.0, 20.0, 20.0, 20.0, 20.0, 20.0, 20.0, 20.0, 20.0, 20.0, 20.0, 20.0, 20.0, 20.0, 20.0, 20.0, 20.0, 20.0, 20.0, 20.0, 20.0, 20.0, 20.0, 20.0, 20.0, 20.0, 20.0, 20.0, 20.0, 20.0, 20.0, 20.0, 20.0, 20.0, 20.0, 20.0, 20.0, 20.0, 20.0, 20.0, 20.0, 20.0, 20.0, 20.0, 20.0, 20.0, 20.0, 20.0, 20.0]",-0.014055654722853778,24.997496710981544,0.0558,-0.2442,0.303,-1.0951,-10.3651,-0.0117,-0.0101,-9.7998,15.671,,72.0,,,,1.268,0.1525,1.2772,186.86,14.94,1.22388,0.069,42.08,24.909,1,15.09,0.884,1,3,10,0.7,9.699,0,0.0,0,0
1790741875.7983255,47.397971999999996,8.546166999999999,9.51400089263916,0.054597776383161545,0.050893474370241165,0.0015748655423521996,39.77,0.07686185789184652,0.06397073394462183,0.0,34.966210861206065,20.0,20.0,1.2447709143161774,40.2617527612251,-0.8003836621456861,0.05187691595605574,14.0,0.0,0.0,"[20.0, 20.0, 20.0, 20.0, 20.0, 20.0, 20.0, 20.0, 20.0, 20.0, 20.0, 20.0, 20.0, 20.0, 20.0, 20.0, 20.0, 20.0, 20.0, 20.0, 20.0, 20.0, 20.0, 20.0, 20.0, 20.0, 20.0, 20.0, 20.0, 20.0, 20.0, 20.0, 20.0, 20.0, 20.0, 20.0, 20.0, 20.0, 20.0, 20.0, 20.0, 20.0, 20.0, 20.0, 20.0, 20.0, 20.0, 20.0, 20.0, 20.0, 20.0, 20.0, 20.0, 20.0, 20.0, 20.0, 20.0, 20.0, 20.0, 20.0, 20.0, 20.0, 20.0, 20.0, 20.0, 20.0, 20.0, 20.0, 20.0, 20.0, 20.0, 20.0]",-0.014055654722853778,24.997496710981544,0.0746,-0.339,-0.2255,-0.068,-10.3202,-0.0125,-0.008,-9.8054,15.671,,72.0,,,,1.355,0.1363,1.3618,185.74,14.94,1.22388,0.0746,42.99,24.9,1,15.29,0.896,1,3,10,0.7,9.763,0,0.0,0,0
1790741875.9991636,47.3979721,8.5461672,9.516000747680664,0.059323862195014954,0.05998720973730087,0.001503373496234417,37.71,0.07911167893138461,0.06116651254287362,0.0,32.87733741760255,20.0,20.0,1.2596157789230347,38.2087716292767,-2.1324329749746904,0.05608327154232462,14.0,0.0,0.0,"[20.0, 20.0, 20.0, 20.0, 20.0, 20.0, 20.0, 20.0, 20.0, 20.0, 20.0, 20.0, 20.0, 20.0, 20.0, 20.0, 20.0, 20.0, 20.0, 20.0, 20.0, 20.0, 20.0, 20.0, 20.0, 20.0, 20.0, 20.0, 20.0, 20.0, 20.0, 20.0, 20.0, 20.0, 20.0, 20.0, 20.0, 20.0, 20.0, 20.0, 20.0, 20.0, 20.0, 20.0, 20.0, 20.0, 20.0, 20.0, 20.0, 20.0, 20.0, 20.0, 20.0, 20.0, 20.0, 20.0, 20.0, 20.0, 20.0, 20.0, 20.0, 20.0, 20.0, 20.0, 20.0, 20.0, 20.0, 20.0, 20.0, 20.0, 20.0, 20.0]",-0.014055654722853778,24.997496710981544,0.0192,-0.3097,-0.4968,0.3408,-10.3825,-0.0143,-0.0083,-9.8015,15.671,,72.0,,,,1.4688,0.3212,1.5035,192.34,14.94,1.22388,0.0844,45.32,24.89,1,15.49,0.914,1,3,10,0.7,9.679,0,0.0,0,0
1790741876.2002196,47.3979722,8.5461675,9.518000602722168,0.06675401329994202,0.06658922135829926,0.0013397994916886091,35.65,0.0812592453381668,0.05828323126827836,0.0,30.829794311523443,20.0,20.0,1.2777813076972961,36.15768877390698,-2.901173157290948,0.06310021331318143,14.0,0.0,0.0,"[20.0, 20.0, 20.0, 20.0, 20.0, 20.0, 20.0, 20.0, 20.0, 20.0, 20.0, 20.0, 20.0, 20.0, 20.0, 20.0, 20.0, 20.0, 20.0, 20.0, 20.0, 20.0, 20.0, 20.0, 20.0, 20.0, 20.0, 20.0, 20.0, 20.0, 20.0, 20.0, 20.0, 20.0, 20.0, 20.0, 20.0, 20.0, 20.0, 20.0, 20.0, 20.0, 20.0, 20.0, 20.0, 20.0, 20.0, 20.0, 20.0, 20.0, 20.0, 20.0, 20.0, 20.0, 20.0, 20.0, 20.0, 20.0, 20.0, 20.0, 20.0, 20.0, 20.0, 20.0, 20.0, 20.0, 20.0, 20.0, 20.0, 20.0, 20.0, 20.0]",-0.014055654722853778,24.997496710981544,-0.0491,-0.2348,-0.3699,0.4915,-10.2514,-0.0152,-0.0008,-9.7993,15.671,,72.0,,,,1.4862,0.1879,1.498,187.21,14.94,1.22388,0.0943,44.93,24.876,1,15.7,0.937,1,3,10,0.7,9.681,0,0.0,0,0
1790741876.400492,47.3979724,8.5461677,9.517000198364258,0.07388797402381897,0.06897707283496857,0.0017246712232008576,33.58,0.08331143600534537,0.055310077117350365,0.0,28.766815261840804,20.0,20.0,1.2964716851711273,34.09722236150833,-3.1668120088876335,0.07003672289974641,14.0,0.0,0.0,"[20.0, 20.0, 20.0, 20.0, 20.0, 20.0, 20.0, 20.0, 20.0, 20.0, 20.0, 20.0, 20.0, 20.0, 20.0, 20.0, 20.0, 20.0, 20.0, 20.0, 20.0, 20.0, 20.0, 20.0, 20.0, 20.0, 20.0, 20.0, 20.0, 20.0, 20.0, 20.0, 20.0, 20.0, 20.0, 20.0, 20.0, 20.0, 20.0, 20.0, 20.0, 20.0, 20.0, 20.0, 20.0, 20.0, 20.0, 20.0, 20.0, 20.0, 20.0, 20.0, 20.0, 20.0, 20.0, 20.0, 20.0, 20.0, 20.0, 20.0, 20.0, 20.0, 20.0, 20.0, 20.0, 20.0, 20.0, 20.0, 20.0, 20.0, 20.0, 20.0]",-0.014055654722853778,24.997496710981544,-0.083,-0.1548,-0.1739,0.3614,-10.3462,-0.0164,-0.0073,-9.8124,15.671,,72.0,,,,1.5019,0.2585,1.524,189.77,14.94,1.22388,0.1011,43.03,24.86,1,15.9,0.962,1,3,10,0.7,9.722,0,0.0,0,0
1790741876.6011214,47.397972599999996,8.5461679,9.516000747680664,0.07911445200443268,0.0655377209186554,0.002124428516253829,31.52,0.08524577260061626,0.05227961604415265,0.0,26.71649124145506,20.0,20.0,1.3112884759902954,32.04543665543804,-2.768553480965639,0.07539602759537108,14.0,0.0,0.0,"[20.0, 20.0, 20.0, 20.0, 20.0, 20.0, 20.0, 20.0, 20.0, 20.0, 20.0, 20.0, 20.0, 20.0, 20.0, 20.0, 20.0, 20.0, 20.0, 20.0, 20.0, 20.0, 20.0, 20.0, 20.0, 20.0, 20.0, 20.0, 20.0, 20.0, 20.0, 20.0, 20.0, 20.0, 20.0, 20.0, 20.0, 20.0, 20.0, 20.0, 20.0, 20.0, 20.0, 20.0, 20.0, 20.0, 20.0, 20.0, 20.0, 20.0, 20.0, 20.0, 20.0, 20.0, 20.0, 20.0, 20.0, 20.0, 20.0, 20.0, 20.0, 20.0, 20.0, 20.0, 20.0, 20.0, 20.0, 20.0, 20.0, 20.0, 20.0, 20.0]",-0.014055654722853778,24.997496710981544,-0.0806,-0.1056,0.0834,0.1244,-10.2874,-0.0126,-0.0052,-9.8101,15.671,,72.0,,,,1.3533,0.3433,1.3961,194.23,14.94,1.22388,0.1027,39.64,24.842,1,16.1,0.985,1,3,10,0.7,9.686,0,0.0,0,0
1790741876.801822,47.3979727,8.546168,9.51400089263916,0.0814327821135521,0.05898820608854294,0.002063034800812602,29.46,0.18388575516921368,0.10238005693876406,0.0,24.637774429321297,20.0,20.0,1.3220924735069275,29.991911930715872,-2.3168541257717172,0.07788462348198386,14.0,0.0,0.03766310151225803,"[20.0, 20.0, 20.0, 20.0, 20.0, 20.0, 20.0, 20.0, 20.0, 20.0, 20.0, 20.0, 20.0, 20.0, 20.0, 20.0, 20.0, 20.0, 20.0, 20.0, 20.0, 20.0, 20.0, 20.0, 20.0, 20.0, 20.0, 20.0, 20.0, 20.0, 20.0, 20.0, 20.0, 20.0, 20.0, 20.0, 20.0, 20.0, 20.0, 20.0, 20.0, 20.0, 20.0, 20.0, 20.0, 20.0, 20.0, 20.0, 20.0, 20.0, 20.0, 20.0, 20.0, 20.0, 20.0, 20.0, 20.0, 20.0, 20.0, 20.0, 20.0, 20.0, 20.0, 20.0, 20.0, 20.0, 20.0, 20.0, 20.0, 20.0, 20.0, 20.0]",-0.014055654722853778,24.997496710981544,-0.0483,-0.0999,0.1326,-0.116,-10.2269,-0.0179,-0.0098,-9.8131,15.671,,72.0,,,,1.223,0.2084,1.2406,189.67,14.94,1.22388,0.1006,35.92,24.825,1,16.3,1.005,1,3,10,0.7,9.7,0,0.0,0,0
1790741877.0037034,47.3979729,8.5461682,9.51300048828125,0.09071079641580582,0.05905362591147423,0.0005338225746527314,27.41,0.191117849789817,0.09773992803980404,0.0,22.583191070556637,20.0,20.0,1.3341857492923737,27.949338879139674,-2.0359750022283016,0.08726427786858729,14.0,0.0,0.0023475471723326574,"[20.0, 20.0, 20.0, 20.0, 20.0, 20.0, 20.0, 20.0, 20.0, 20.0, 20.0, 20.0, 20.0, 20.0, 20.0, 20.0, 20.0, 20.0, 20.0, 20.0, 20.0, 20.0, 20.0, 20.0, 20.0, 20.0, 20.0, 20.0, 20.0, 20.0, 20.0, 20.0, 20.0, 20.0, 20.0, 20.0, 20.0, 20.0, 20.0, 20.0, 20.0, 20.0, 20.0, 20.0, 20.0, 20.0, 20.0, 20.0, 20.0, 20.0, 20.0, 20.0, 20.0, 20.0, 20.0, 20.0, 20.0, 20.0, 20.0, 20.0, 20.0, 20.0, 20.0, 20.0, 20.0, 20.0, 20.0, 20.0, 20.0, 20.0, 20.0, 20.0]",-0.014055654722853778,24.997496710981544,-0.0109,-0.7086,0.0713,-2.9673,-10.2494,-0.0129,-0.0024,-9.81,15.671,,72.0,,,,1.309,0.2379,1.3304,190.3,14.94,1.22388,0.1082,33.06,24.806,1,16.5,1.028,1,3,10,0.7,9.733,0,0.0,0,0
1790741877.2037876,47.397973099999994,8.5461683,9.51300048828125,0.1178353875875473,0.06925841420888901,0.0008506330195814371,25.38,0.19793497572872115,0.09264741012909161,0.0,20.55560005187988,20.0,20.0,1.346436470746994,25.927382872973624,-2.30345372151251,0.11373231108623652,14.0,0.0,0.002369199975478103,"[20.0, 20.0, 20.0, 20.0, 20.0, 20.0, 20.0, 20.0, 20.0, 20.0, 20.0, 20.0, 20.0, 20.0, 20.0, 20.0, 20.0, 20.0, 20.0, 20.0, 20.0, 20.0, 20.0, 20.0, 20.0, 20.0, 20.0, 20.0, 20.0, 20.0, 20.0, 20.0, 20.0, 20.0, 20.0, 20.0, 20.0, 20.0, 20.0, 20.0, 20.0, 20.0, 20.0, 20.0, 20.0, 20.0, 20.0, 20.0, 20.0, 20.0, 20.0, 20.0, 20.0, 20.0, 20.0, 20.0, 20.0, 20.0, 20.0, 20.0, 20.0, 20.0, 20.0, 20.0, 20.0, 20.0, 20.0, 20.0, 20.0, 20.0, 20.0, 20.0]",-0.014055654722853778,24.997496710981544,0.0068,-0.9558,-0.1399,-0.0024,-10.1175,-0.0202,-0.0053,-9.8004,15.611,,69.0,,,,1.3463,0.0821,1.3488,183.49,14.94,1.22388,0.1367,30.45,24.783,1,16.7,1.054,1,3,10,0.7,9.766,0,0.0,0,0
1790741877.40473,47.3979733,8.5461686,9.51300048828125,0.14332623779773712,0.07939895987510681,0.001068409183062613,23.34,0.2044043583647909,0.0870560492526172,0.0,18.51598915100098,20.0,20.0,1.3617501854896545,23.89727501728609,-3.07531807547379,0.13854741001574436,14.0,0.0,0.0024201947792335116,"[20.0, 20.0, 20.0, 20.0, 20.0, 20.0, 20.0, 20.0, 20.0, 20.0, 20.0, 20.0, 20.0, 20.0, 20.0, 20.0, 20.0, 20.0, 20.0, 20.0, 20.0, 20.0, 20.0, 20.0, 20.0, 20.0, 20.0, 20.0, 20.0, 20.0, 20.0, 20.0, 20.0, 20.0, 20.0, 20.0, 20.0, 20.0, 20.0, 20.0, 20.0, 20.0, 20.0, 20.0, 20.0, 20.0, 20.0, 20.0, 20.0, 20.0, 20.0, 20.0, 20.0, 20.0, 20.0, 20.0, 20.0, 20.0, 20.0, 20.0, 20.0, 20.0, 20.0, 20.0, 20.0, 20.0, 20.0, 20.0, 20.0, 20.0, 20.0, 20.0]",-0.014055654722853778,24.997496710981544,-0.0099,-0.8544,-0.3012,0.7995,-10.1536,-0.0255,-0.0111,-9.8069,15.611,,69.0,,,,1.2391,0.0785,1.2415,183.63,14.94,1.22388,0.1638,28.99,24.756,1,16.9,1.085,1,3,10,0.7,9.757,0,0.0,0,0
1790741877.605466,47.3979736,8.5461688,9.51300048828125,0.16409949958324432,0.08804284036159515,0.001044863136485219,21.3,0.24380311858409878,0.09385439000482468,0.0,16.480057525634777,20.0,20.0,1.3809045255184174,21.86941851100562,-4.273845066379149,0.15870621421463887,14.0,0.0,0.0019908518094834413,"[20.0, 20.0, 20.0, 20.0, 20.0, 20.0, 20.0, 20.0, 20.0, 20.0, 20.0, 20.0, 20.0, 20.0, 20.0, 20.0, 20.0, 20.0, 20.0, 20.0, 20.0, 20.0, 20.0, 20.0, 20.0, 20.0, 20.0, 20.0, 20.0, 20.0, 20.0, 20.0, 20.0, 20.0, 20.0, 20.0, 20.0, 20.0, 20.0, 20.0, 20.0, 20.0, 20.0, 20.0, 20.0, 20.0, 20.0, 20.0, 20.0, 20.0, 20.0, 20.0, 20.0, 20.0, 20.0, 20.0, 20.0, 20.0, 20.0, 20.0, 20.0, 20.0, 20.0, 20.0, 20.0, 20.0, 20.0, 20.0, 20.0, 20.0, 20.0, 20.0]",-0.014055654722853778,24.997496710981544,-0.0525,-0.7018,-0.4463,0.8183,-10.1087,-0.0238,-0.0112,-9.802,15.611,,69.0,,,,1.3302,0.002,1.3302,180.09,14.94,1.22388,0.1862,28.21,24.725,1,17.1,1.122,1,3,10,0.7,9.721,0,0.0,0,0
1790741877.807042,47.3979739,8.5461691,9.51400089263916,0.18353405594825745,0.0941215232014656,0.0003099410387221724,19.3,0.30315439482424644,0.10485200772745577,0.0,14.474449920654308,20.0,20.0,1.402400940656662,19.883323926766764,-5.364597361983497,0.17765072195367987,14.0,0.0,0.0034565826853317216,"[20.0, 20.0, 20.0, 20.0, 20.0, 20.0, 20.0, 20.0, 20.0, 20.0, 20.0, 20.0, 20.0, 20.0, 20.0, 20.0, 20.0, 20.0, 20.0, 20.0, 20.0, 20.0, 20.0, 20.0, 20.0, 20.0, 20.0, 20.0, 20.0, 20.0, 20.0, 20.0, 20.0, 20.0, 20.0, 20.0, 20.0, 20.0, 20.0, 20.0, 20.0, 20.0, 20.0, 20.0, 20.0, 20.0, 20.0, 20.0, 20.0, 20.0, 20.0, 20.0, 20.0, 20.0, 20.0, 20.0, 20.0, 20.0, 20.0, 20.0, 20.0, 20.0, 20.0, 20.0, 20.0, 20.0, 20.0, 20.0, 20.0, 20.0, 20.0, 20.0]",-0.014055654722853778,24.997496710981544,-0.109,-0.75,-0.4149,-0.3438,-10.1016,-0.0268,-0.0047,-9.7941,15.611,,69.0,,,,1.2931,0.205,1.3093,189.01,14.94,1.22388,0.2063,27.15,24.689,1,17.3,1.164,1,3,10,0.7,9.724,0,0.0,0,0
1790741878.0075126,47.3979743,8.5461694,9.51400089263916,0.20985877513885498,0.09671182930469513,9.125859651248902e-05,17.25,1.0822459026418925,0.30777462417012597,0.0,12.425628662109375,20.0,20.0,1.4220736920833588,17.84757239965643,-5.735150633209846,0.20367434666568246,14.0,0.0,0.7484934582234395,"[20.0, 20.0, 20.0, 20.0, 20.0, 20.0, 20.0, 20.0, 20.0, 20.0, 20.0, 20.0, 20.0, 20.0, 20.0, 20.0, 20.0, 20.0, 20.0, 20.0, 20.0, 20.0, 20.0, 20.0, 20.0, 20.0, 20.0, 20.0, 20.0, 20.0, 20.0, 20.0, 20.0, 20.0, 20.0, 20.0, 20.0, 20.0, 20.0, 20.0, 20.0, 20.0, 20.0, 20.0, 20.0, 20.0, 20.0, 20.0, 20.0, 20.0, 20.0, 20.0, 20.0, 20.0, 20.0, 20.0, 20.0, 20.0, 20.0, 20.0, 20.0, 20.0, 20.0, 20.0, 20.0, 20.0, 20.0, 20.0, 20.0, 20.0, 20.0, 20.0]",-0.014055654722853778,24.997496710981544,-0.14,-1.0172,-0.151,-1.0944,-10.1218,-0.026,-0.0038,-9.8071,15.611,,69.0,,,,1.3184,0.2452,1.341,190.54,14.94,1.22388,0.2311,24.74,24.647,1,17.5,1.211,1,3,10,0.7,9.724,0,0.0,0,0
1790741878.2077222,47.3979748,8.546169599999999,9.516000747680664,0.2925282418727875,0.1118190810084343,-0.026213984936475754,15.19,1.3011863033220397,0.3253031718377319,0.0,10.3845686340332,20.0,20.0,1.440985918045044,15.803029192480665,-5.72938319604354,0.28516752103334175,14.0,0.0,0.0,"[20.0, 20.0, 20.0, 20.0, 20.0, 20.0, 20.0, 20.0, 20.0, 20.0, 20.0, 20.0, 20.0, 20.0, 20.0, 20.0, 20.0, 20.0, 20.0, 20.0, 20.0, 20.0, 20.0, 20.0, 20.0, 20.0, 20.0, 20.0, 20.0, 20.0, 20.0, 20.0, 20.0, 20.0, 20.0, 20.0, 20.0, 20.0, 20.0, 20.0, 20.0, 20.0, 20.0, 20.0, 20.0, 20.0, 20.0, 20.0, 20.0, 20.0, 20.0, 20.0, 20.0, 20.0, 20.0, 20.0, 20.0, 20.0, 20.0, 20.0, 20.0, 20.0, 20.0, 20.0, 20.0, 20.0, 20.0, 20.0, 20.0, 20.0, 20.0, 20.0]",-0.014055654722853778,24.997496710981544,-0.1201,-5.1464,-0.3213,-21.4366,-10.0378,-0.0461,-0.0057,-9.8158,15.611,,69.0,,,,1.306,0.2603,1.3317,191.27,14.94,1.22388,0.3132,20.92,24.595,1,17.7,1.266,1,3,10,0.7,9.738,0,0.0,0,0
1790741878.408506,47.3979755,8.54617,9.522000312805176,0.5140361785888672,0.1611640900373459,-0.0208232831209898,13.07,1.3759711561195929,0.29172108950954284,0.0,8.250669784545892,20.0,20.0,1.4678455293178558,13.707407904306535,-4.337603307913878,0.5029928865806375,14.0,0.0,0.0,"[20.0, 20.0, 20.0, 20.0, 20.0, 20.0, 20.0, 20.0, 20.0, 20.0, 20.0, 20.0, 20.0, 20.0, 20.0, 20.0, 20.0, 20.0, 20.0, 20.0, 20.0, 20.0, 20.0, 20.0, 20.0, 20.0, 20.0, 20.0, 20.0, 20.0, 20.0, 20.0, 20.0, 20.0, 20.0, 20.0, 20.0, 20.0, 20.0, 20.0, 20.0, 20.0, 20.0, 20.0, 20.0, 20.0, 20.0, 20.0, 20.0, 20.0, 20.0, 20.0, 20.0, 20.0, 20.0, 20.0, 20.0, 20.0, 20.0, 20.0, 20.0, 20.0, 20.0, 20.0, 20.0, 20.0, 20.0, 20.0, 20.0, 20.0, 20.0, 20.0]",-0.014055654722853778,24.997496710981544,-0.008,-7.9398,-0.6713,-4.8222,-9.9815,-0.0668,-0.0098,-9.7984,15.611,,69.0,,,,1.2905,0.2162,1.3085,189.51,14.94,1.22388,0.5387,17.41,24.509,1,17.9,1.357,1,3,10,0.7,9.706,0,0.0,0,0
1790741878.6106935,47.397976799999995,8.5461704,9.52400016784668,0.778778612613678,0.21032275259494781,-0.005610563792288303,10.67,1.4575920886292228,0.25046880372891916,0.0,5.845720214843766,20.0,20.0,1.5055510997772217,11.346169244351472,-4.4431769768074085,0.7636405007791921,14.0,0.0,0.09477803782524015,"[20.0, 20.0, 20.0, 20.0, 20.0, 20.0, 20.0, 20.0, 20.0, 20.0, 20.0, 20.0, 20.0, 20.0, 20.0, 20.0, 20.0, 20.0, 20.0, 20.0, 20.0, 20.0, 20.0, 20.0, 20.0, 20.0, 20.0, 20.0, 20.0, 20.0, 20.0, 20.0, 20.0, 20.0, 20.0, 20.0, 20.0, 20.0, 20.0, 20.0, 20.0, 20.0, 20.0, 20.0, 20.0, 20.0, 20.0, 20.0, 20.0, 20.0, 20.0, 20.0, 20.0, 20.0, 20.0, 20.0, 20.0, 20.0, 20.0, 20.0, 20.0, 20.0, 20.0, 20.0, 20.0, 20.0, 20.0, 20.0, 20.0, 20.0, 20.0, 20.0]",-0.014055654722853778,24.997496710981544,-0.0308,-7.7552,-1.5355,5.5425,-9.8665,-0.0848,-0.0074,-9.8236,15.611,,69.0,,,,1.2002,0.1075,1.205,185.12,14.94,1.22388,0.8067,15.11,24.365,1,18.11,1.507,1,3,10,0.7,9.714,0,0.2042,0,0
1790741878.80998,47.397978599999995,8.546171,9.523000717163086,1.0184292793273926,0.2321220338344574,0.0011665723286569118,7.83,1.5503621176150983,0.1942156657157423,0.0,3.024002151489242,20.0,20.0,1.5472403764724731,8.55729973271417,-5.0096129183800056,1.0006928225191605,14.0,0.0,0.14380340386013343,"[20.0, 20.0, 20.0, 20.0, 20.0, 20.0, 20.0, 20.0, 20.0, 20.0, 20.0, 20.0, 20.0, 20.0, 20.0, 20.0, 20.0, 20.0, 20.0, 20.0, 20.0, 20.0, 20.0, 20.0, 20.0, 20.0, 20.0, 20.0, 20.0, 20.0, 20.0, 20.0, 20.0, 20.0, 20.0, 20.0, 20.0, 20.0, 20.0, 20.0, 20.0, 20.0, 20.0, 20.0, 20.0, 20.0, 20.0, 20.0, 20.0, 20.0, 20.0, 20.0, 20.0, 20.0, 20.0, 20.0, 20.0, 20.0, 20.0, 20.0, 20.0, 20.0, 20.0, 20.0, 20.0, 20.0, 20.0, 20.0, 20.0, 20.0, 20.0, 20.0]",-0.014055654722853778,24.997496710981544,-0.1686,-6.567,-1.3246,6.9028,-9.5292,-0.1078,0.0012,-9.8375,15.611,,69.0,,,,1.3276,0.0939,1.3309,184.05,14.94,1.22388,1.0445,12.84,24.166,1,18.31,1.712,1,3,10,0.7,9.729,0,0.3791,0,0
1790741879.0109224,47.3979808,8.5461715,9.523000717163086,1.2160909175872803,0.2235477864742279,0.0020935675129294395,4.71,1.6465144953365358,0.12290525022950635,0.0,-0.10908988952638765,20.0,20.0,1.5844961404800415,5.496098316106611,-5.706104048952111,1.197775593120351,14.0,0.0,0.1773854085906606,"[20.0, 20.0, 20.0, 20.0, 20.0, 20.0, 20.0, 20.0, 20.0, 20.0, 20.0, 20.0, 20.0, 20.0, 20.0, 20.0, 20.0, 20.0, 20.0, 20.0, 20.0, 20.0, 20.0, 20.0, 20.0, 20.0, 20.0, 20.0, 20.0, 20.0, 20.0, 20.0, 20.0, 20.0, 20.0, 20.0, 20.0, 20.0, 20.0, 20.0, 20.0, 20.0, 20.0, 20.0, 20.0, 20.0, 20.0, 20.0, 20.0, 20.0, 20.0, 20.0, 20.0, 20.0, 20.0, 20.0, 20.0, 20.0, 20.0, 20.0, 20.0, 20.0, 20.0, 20.0, 20.0, 20.0, 20.0, 20.0, 20.0, 20.0, 20.0, 20.0]",-0.014055654722853778,24.997496710981544,-0.2822,-5.4957,-1.0141,5.3377,-8.8896,-0.1294,-0.0127,-9.8339,15.611,,69.0,,,,1.354,0.0452,1.3547,181.91,14.94,1.22388,1.2365,10.42,23.922,1,18.51,1.959,1,3,10,0.7,9.753,0,0.5591,0,0
1790741879.2111266,47.3979832,8.5461719,9.523000717163086,1.3750741481781006,0.19656044244766235,0.0013628719607368112,1.85,1.7279704802919684,0.04928895951978275,0.0,-0.8496043785850134,20.0,20.0,1.614517629146576,2.699604378585036,-6.285054583686741,1.3576111156320039,14.0,0.0,0.1805803851881963,"[20.0, 20.0, 20.0, 20.0, 20.0, 20.0, 20.0, 20.0, 20.0, 20.0, 20.0, 20.0, 20.0, 20.0, 20.0, 20.0, 20.0, 20.0, 20.0, 20.0, 20.0, 20.0, 20.0, 20.0, 20.0, 20.0, 20.0, 20.0, 20.0, 20.0, 20.0, 20.0, 20.0, 20.0, 20.0, 20.0, 20.0, 20.0, 20.0, 20.0, 20.0, 20.0, 20.0, 20.0, 20.0, 20.0, 20.0, 20.0, 20.0, 20.0, 20.0, 20.0, 20.0, 20.0, 20.0, 20.0, 20.0, 20.0, 20.0, 20.0, 20.0, 20.0, 20.0, 20.0, 20.0, 20.0, 20.0, 20.0, 20.0, 20.0, 20.0, 20.0]",-0.014055654722853778,24.997496710981544,-0.4149,-4.803,-1.4252,3.3611,-8.506,-0.1456,-0.0165,-9.8261,15.551,,66.0,,,,1.4515,0.0062,1.4515,180.24,14.94,1.22388,1.3891,8.14,23.648,1,18.71,2.236,1,3,10,0.7,9.745,0,0.6633,0,0
1790741879.4117186,47.397985899999995,8.546172199999999,9.52500057220459,1.5067262649536133,0.16168446838855743,0.00041174606303684413,359.58,1.7870883698524742,-0.01434121722783986,0.0,-0.9172802008234839,20.0,20.0,1.6385913491249084,0.497280200823468,-6.54488380673173,1.4908646789378894,14.0,0.0,0.15365996722510047,"[20.0, 20.0, 20.0, 20.0, 20.0, 20.0, 20.0, 20.0, 20.0, 20.0, 20.0, 20.0, 20.0, 20.0, 20.0, 20.0, 20.0, 20.0, 20.0, 20.0, 20.0, 20.0, 20.0, 20.0, 20.0, 20.0, 20.0, 20.0, 20.0, 20.0, 20.0, 20.0, 20.0, 20.0, 20.0, 20.0, 20.0, 20.0, 20.0, 20.0, 20.0, 20.0, 20.0, 20.0, 20.0, 20.0, 20.0, 20.0, 20.0, 20.0, 20.0, 20.0, 20.0, 20.0, 20.0, 20.0, 20.0, 20.0, 20.0, 20.0, 20.0, 20.0, 20.0, 20.0, 20.0, 20.0, 20.0, 20.0, 20.0, 20.0, 20.0, 20.0]",-0.014055654722853778,24.997496710981544,-0.6041,-4.3718,-1.1261,2.4199,-7.0233,-0.1637,-0.0148,-9.8168,15.551,,66.0,,,,1.3973,-0.0538,1.3984,177.8,14.94,1.22388,1.5154,6.12,23.35,1,18.91,2.536,1,3,10,0.7,9.766,0,0.8162,0,0
1790741879.6128936,47.3979888,8.5461724,9.527000427246094,1.6184343099594116,0.11599338054656982,0.0006012979429215193,357.93,1.7707479721780583,-0.0613180813032103,0.0,-0.9859517705527878,20.0,20.0,1.6525296568870544,-1.0840482294472054,-6.1693859814275145,1.6052187621099256,14.0,0.0,0.11397859193068512,"[20.0, 20.0, 20.0, 20.0, 20.0, 20.0, 20.0, 20.0, 20.0, 20.0, 20.0, 20.0, 20.0, 20.0, 20.0, 20.0, 20.0, 20.0, 20.0, 20.0, 20.0, 20.0, 20.0, 20.0, 20.0, 20.0, 20.0, 20.0, 20.0, 20.0, 20.0, 20.0, 20.0, 20.0, 20.0, 20.0, 20.0, 20.0, 20.0, 20.0, 20.0, 20.0, 20.0, 20.0, 20.0, 20.0, 20.0, 20.0, 20.0, 20.0, 20.0, 20.0, 20.0, 20.0, 20.0, 20.0, 20.0, 20.0, 20.0, 20.0, 20.0, 20.0, 20.0, 20.0, 20.0, 20.0, 20.0, 20.0, 20.0, 20.0, 20.0, 20.0]",-0.014055654722853778,24.997496710981544,-0.7457,-4.0003,-0.5381,2.2853,-3.4497,-0.1655,-0.0196,-9.8081,15.551,,66.0,,,,1.4897,-0.103,1.4932,176.05,14.94,1.22388,1.6226,4.1,23.031,1,19.11,2.855,1,3,10,0.7,9.758,0,0.876,0,0
1790741879.8136516,47.397991999999995,8.546172499999999,9.528000831604004,1.7064104080200195,0.0655338242650032,0.0026717057917267084,357.01,1.7479204761439873,-0.08571535585832657,0.0,-1.053807968672345,20.0,20.0,1.6556453704833984,-1.9061920313276346,-5.159334441018999,1.6964727348535806,14.0,0.0,0.057486852872482105,"[20.0, 20.0, 20.0, 20.0, 20.0, 20.0, 20.0, 20.0, 20.0, 20.0, 20.0, 20.0, 20.0, 20.0, 20.0, 20.0, 20.0, 20.0, 20.0, 20.0, 20.0, 20.0, 20.0, 20.0, 20.0, 20.0, 20.0, 20.0, 20.0, 20.0, 20.0, 20.0, 20.0, 20.0, 20.0, 20.0, 20.0, 20.0, 20.0, 20.0, 20.0, 20.0, 20.0, 20.0, 20.0, 20.0, 20.0, 20.0, 20.0, 20.0, 20.0, 20.0, 20.0, 20.0, 20.0, 20.0, 20.0, 20.0, 20.0, 20.0, 20.0, 20.0, 20.0, 20.0, 20.0, 20.0, 20.0, 20.0, 20.0, 20.0, 20.0, 20.0]",-0.014055654722853778,24.997496710981544,-0.8151,-3.2641,-0.0799,3.7837,0.7192,-0.1815,-0.0107,-9.8108,15.551,,66.0,,,,1.5527,-0.195,1.5649,172.84,14.94,1.22388,1.7077,2.2,22.697,1,19.31,3.189,1,3,10,0.7,9.762,0,0.9252,0,0
1790741880.0134761,47.397995099999996,8.5461724,9.526000022888184,1.762960433959961,0.020613256841897964,0.004047686699777842,357.13,1.7522470691643135,-0.08355682920234192,0.0,-1.1219327590592343,20.0,20.0,1.6526471376419067,-1.7480672409407703,-3.5398952393873464,1.7561088866226011,14.0,0.0,0.010984588886864205,"[20.0, 20.0, 20.0, 20.0, 20.0, 20.0, 20.0, 20.0, 20.0, 20.0, 20.0, 20.0, 20.0, 20.0, 20.0, 20.0, 20.0, 20.0, 20.0, 20.0, 20.0, 20.0, 20.0, 20.0, 20.0, 20.0, 20.0, 20.0, 20.0, 20.0, 20.0, 20.0, 20.0, 20.0, 20.0, 20.0, 20.0, 20.0, 20.0, 20.0, 20.0, 20.0, 20.0, 20.0, 20.0, 20.0, 20.0, 20.0, 20.0, 20.0, 20.0, 20.0, 20.0, 20.0, 20.0, 20.0, 20.0, 20.0, 20.0, 20.0, 20.0, 20.0, 20.0, 20.0, 20.0, 20.0, 20.0, 20.0, 20.0, 20.0, 20.0, 20.0]",-0.014055654722853778,24.997496710981544,-0.8217,-2.4854,0.2142,3.393,3.7691,-0.1939,-0.0088,-9.8183,15.551,,66.0,,,,1.5597,-0.0843,1.562,176.9,14.94,1.22388,1.7631,0.67,22.353,1,19.51,3.534,1,3,10,0.7,9.777,0,0.9821,0,0
1790741880.2141342,47.3979983,8.5461723,9.526000022888184,1.7944068908691406,-0.015411053784191608,0.0035831285640597343,357.95,1.77474569103539,-0.06339180632365235,0.0,-1.1909240630918703,20.0,20.0,1.6459887027740479,-0.9290759369081343,-1.6279339946242488,1.7901218206504075,14.0,0.0,0.05772265690541667,"[20.0, 20.0, 20.0, 20.0, 20.0, 20.0, 20.0, 20.0, 20.0, 20.0, 20.0, 20.0, 20.0, 20.0, 20.0, 20.0, 20.0, 20.0, 20.0, 20.0, 20.0, 20.0, 20.0, 20.0, 20.0, 20.0, 20.0, 20.0, 20.0, 20.0, 20.0, 20.0, 20.0, 20.0, 20.0, 20.0, 20.0, 20.0, 20.0, 20.0, 20.0, 20.0, 20.0, 20.0, 20.0, 20.0, 20.0, 20.0, 20.0, 20.0, 20.0, 20.0, 20.0, 20.0, 20.0, 20.0, 20.0, 20.0, 20.0, 20.0, 20.0, 20.0, 20.0, 20.0, 20.0, 20.0, 20.0, 20.0, 20.0, 20.0, 20.0, 20.0]",-0.014055654722853778,24.997496710981544,-0.7165,-1.9855,0.8121,1.7859,4.8515,-0.1972,-0.0097,-9.7964,15.551,,66.0,,,,1.5036,-0.1755,1.5138,173.34,14.94,1.22388,1.7945,359.51,22.002,1,19.71,3.885,1,3,10,0.7,9.769,0,1.0376,0,0
1790741880.414147,47.3980015,8.546172199999999,9.527000427246094,1.8121201992034912,-0.041170306503772736,0.003033350920304656,358.8,1.7995583875655785,-0.03958011137678809,0.0,-1.259751278484373,20.0,20.0,1.6360790133476257,-0.00024872151561794453,0.04150255342506549,1.809707618006117,14.0,0.0,0.06719940384609477,"[20.0, 20.0, 20.0, 20.0, 20.0, 20.0, 20.0, 20.0, 20.0, 20.0, 20.0, 20.0, 20.0, 20.0, 20.0, 20.0, 20.0, 20.0, 20.0, 20.0, 20.0, 20.0, 20.0, 20.0, 20.0, 20.0, 20.0, 20.0, 20.0, 20.0, 20.0, 20.0, 20.0, 20.0, 20.0, 20.0, 20.0, 20.0, 20.0, 20.0, 20.0, 20.0, 20.0, 20.0, 20.0, 20.0, 20.0, 20.0, 20.0, 20.0, 20.0, 20.0, 20.0, 20.0, 20.0, 20.0, 20.0, 20.0, 20.0, 20.0, 20.0, 20.0, 20.0, 20.0, 20.0, 20.0, 20.0, 20.0, 20.0, 20.0, 20.0, 20.0]",-0.014055654722853778,24.997496710981544,-0.4656,-1.8261,1.5182,0.3013,3.8607,-0.2055,-0.0019,-9.8024,15.551,,66.0,,,,1.5282,-0.1891,1.5399,172.95,14.94,1.22388,1.8126,358.7,21.649,1,19.91,4.238,1,3,10,0.7,9.741,0,1.0427,0,0
1790741880.6147919,47.3980046,8.546172,9.527000427246094,1.826723337173462,-0.054698050022125244,0.003265457460656762,359.32,1.7830619817209072,-0.02277795185180832,0.0,-1.328627525586171,20.0,20.0,1.6237062215805054,0.6486275255861642,1.0351099000914206,1.82526426852876,14.0,0.0,0.04705541525394579,"[20.0, 20.0, 20.0, 20.0, 20.0, 20.0, 20.0, 20.0, 20.0, 20.0, 20.0, 20.0, 20.0, 20.0, 20.0, 20.0, 20.0, 20.0, 20.0, 20.0, 20.0, 20.0, 20.0, 20.0, 20.0, 20.0, 20.0, 20.0, 20.0, 20.0, 20.0, 20.0, 20.0, 20.0, 20.0, 20.0, 20.0, 20.0, 20.0, 20.0, 20.0, 20.0, 20.0, 20.0, 20.0, 20.0, 20.0, 20.0, 20.0, 20.0, 20.0, 20.0, 20.0, 20.0, 20.0, 20.0, 20.0, 20.0, 20.0, 20.0, 20.0, 20.0, 20.0, 20.0, 20.0, 20.0, 20.0, 20.0, 20.0, 20.0, 20.0, 20.0]",-0.014055654722853778,24.997496710981544,-0.1338,-1.8535,1.6963,-0.1574,1.9264,-0.2063,0.0035,-9.8003,15.551,,66.0,,,,1.6474,-0.2293,1.6633,172.08,14.94,1.22388,1.8275,358.28,21.294,1,20.11,4.592,1,3,10,0.7,9.705,0,0.9959,0,0
1790741880.8156343,47.398007899999996,8.5461719,9.527000427246094,1.8397088050842285,-0.05575627461075783,0.0031828908249735832,359.43,1.7783790271292543,-0.01975228662313806,0.0,-1.3993499947026748,20.0,20.0,1.611021637916565,0.8293499947026817,1.165938667986052,1.8382200059889253,14.0,0.0,0.012923506994934266,"[20.0, 20.0, 20.0, 20.0, 20.0, 20.0, 20.0, 20.0, 20.0, 20.0, 20.0, 20.0, 20.0, 20.0, 20.0, 20.0, 20.0, 20.0, 20.0, 20.0, 20.0, 20.0, 20.0, 20.0, 20.0, 20.0, 20.0, 20.0, 20.0, 20.0, 20.0, 20.0, 20.0, 20.0, 20.0, 20.0, 20.0, 20.0, 20.0, 20.0, 20.0, 20.0, 20.0, 20.0, 20.0, 20.0, 20.0, 20.0, 20.0, 20.0, 20.0, 20.0, 20.0, 20.0, 20.0, 20.0, 20.0, 20.0, 20.0, 20.0, 20.0, 20.0, 20.0, 20.0, 20.0, 20.0, 20.0, 20.0, 20.0, 20.0, 20.0, 20.0]",-0.014055654722853778,24.997496710981544,0.146,-1.7153,1.1272,0.9436,0.0258,-0.2097,0.0049,-9.7976,15.551,,66.0,,,,1.6626,-0.0943,1.6653,176.75,14.94,1.22388,1.8406,358.26,20.937,1,20.31,4.95,1,3,10,0.7,9.716,0,1.0079,0,0
1790741881.0163176,47.3980111,8.5461717,9.527000427246094,1.8450889587402344,-0.04916863143444061,0.0029956630896776915,359.23,1.7816179972176953,-0.025692581378972998,0.0,-1.4724766385535872,20.0,20.0,1.5990126132965088,0.7024766385536054,0.7564784289813541,1.8429658049599127,14.0,0.0,0.009064376284296925,"[20.0, 20.0, 20.0, 20.0, 20.0, 20.0, 20.0, 20.0, 20.0, 20.0, 20.0, 20.0, 20.0, 20.0, 20.0, 20.0, 20.0, 20.0, 20.0, 20.0, 20.0, 20.0, 20.0, 20.0, 20.0, 20.0, 20.0, 20.0, 20.0, 20.0, 20.0, 20.0, 20.0, 20.0, 20.0, 20.0, 20.0, 20.0, 20.0, 20.0, 20.0, 20.0, 20.0, 20.0, 20.0, 20.0, 20.0, 20.0, 20.0, 20.0, 20.0, 20.0, 20.0, 20.0, 20.0, 20.0, 20.0, 20.0, 20.0, 20.0, 20.0, 20.0, 20.0, 20.0, 20.0, 20.0, 20.0, 20.0, 20.0, 20.0, 20.0, 20.0]",-0.014055654722853778,24.997496710981544,0.2795,-1.5534,0.3482,0.5594,-1.2576,-0.2162,-0.0017,-9.7965,15.551,,66.0,,,,1.6376,-0.0341,1.6379,178.81,14.94,1.22388,1.8457,358.47,20.579,1,20.51,5.307,1,3,10,0.7,9.759,0,1.0268,0,0
1790741881.2170014,47.3980143,8.5461716,9.526000022888184,1.8458774089813232,-0.040553413331508636,0.0027673346921801567,358.90000000000003,1.7880314406334936,-0.03545498024547301,0.0,-1.5496470921946752,20.0,20.0,1.5893374681472778,0.44964709219470933,0.1585698770840253,1.8429383129610701,14.0,0.0,0.01822798668562315,"[20.0, 20.0, 20.0, 20.0, 20.0, 20.0, 20.0, 20.0, 20.0, 20.0, 20.0, 20.0, 20.0, 20.0, 20.0, 20.0, 20.0, 20.0, 20.0, 20.0, 20.0, 20.0, 20.0, 20.0, 20.0, 20.0, 20.0, 20.0, 20.0, 20.0, 20.0, 20.0, 20.0, 20.0, 20.0, 20.0, 20.0, 20.0, 20.0, 20.0, 20.0, 20.0, 20.0, 20.0, 20.0, 20.0, 20.0, 20.0, 20.0, 20.0, 20.0, 20.0, 20.0, 20.0, 20.0, 20.0, 20.0, 20.0, 20.0, 20.0, 20.0, 20.0, 20.0, 20.0, 20.0, 20.0, 20.0, 20.0, 20.0, 20.0, 20.0, 20.0]",-0.014055654722853778,24.997496710981544,0.2678,-1.4931,-0.2511,0.089,-1.5779,-0.2105,0.0041,-9.8054,15.491,,62.0,,,,1.7686,-0.0375,1.769,178.79,14.94,1.22388,1.8463,358.74,20.222,1,20.71,5.665,1,3,10,0.7,9.767,0,0.9618,0,0
1790741881.4175498,47.398017499999995,8.5461715,9.527000427246094,1.846738576889038,-0.03438254073262215,0.0025069734547287226,358.6,1.7935055249484821,-0.044410208866188676,0.0,-1.630622128482571,20.0,20.0,1.5810256600379944,0.23062212848259378,-0.33339158664316426,1.8431542256680364,14.0,0.0,0.015842224437925805,"[20.0, 20.0, 20.0, 20.0, 20.0, 20.0, 20.0, 20.0, 20.0, 20.0, 20.0, 20.0, 20.0, 20.0, 20.0, 20.0, 20.0, 20.0, 20.0, 20.0, 20.0, 20.0, 20.0, 20.0, 20.0, 20.0, 20.0, 20.0, 20.0, 20.0, 20.0, 20.0, 20.0, 20.0, 20.0, 20.0, 20.0, 20.0, 20.0, 20.0, 20.0, 20.0, 20.0, 20.0, 20.0, 20.0, 20.0, 20.0, 20.0, 20.0, 20.0, 20.0, 20.0, 20.0, 20.0, 20.0, 20.0, 20.0, 20.0, 20.0, 20.0, 20.0, 20.0, 20.0, 20.0, 20.0, 20.0, 20.0, 20.0, 20.0, 20.0, 20.0]",-0.014055654722853778,24.997496710981544,0.1701,-1.5009,-0.605,-0.1223,-1.3183,-0.2198,-0.0033,-9.8058,15.491,,62.0,,,,1.7163,-0.0543,1.7172,178.19,14.94,1.22388,1.8471,358.93,19.863,1,20.91,6.023,1,3,10,0.7,9.766,0,0.9885,0,0
1790741881.618219,47.3980207,8.5461714,9.527000427246094,1.8477957248687744,-0.031896959990262985,0.00226596649736166,358.39,1.7965529354879028,-0.05076230445966022,0.0,-1.7160497782506354,20.0,20.0,1.5745542645454407,0.10604977825062178,-0.6210488580815681,1.8438434309620555,14.0,0.0,0.009069844714890671,"[20.0, 20.0, 20.0, 20.0, 20.0, 20.0, 20.0, 20.0, 20.0, 20.0, 20.0, 20.0, 20.0, 20.0, 20.0, 20.0, 20.0, 20.0, 20.0, 20.0, 20.0, 20.0, 20.0, 20.0, 20.0, 20.0, 20.0, 20.0, 20.0, 20.0, 20.0, 20.0, 20.0, 20.0, 20.0, 20.0, 20.0, 20.0, 20.0, 20.0, 20.0, 20.0, 20.0, 20.0, 20.0, 20.0, 20.0, 20.0, 20.0, 20.0, 20.0, 20.0, 20.0, 20.0, 20.0, 20.0, 20.0, 20.0, 20.0, 20.0, 20.0, 20.0, 20.0, 20.0, 20.0, 20.0, 20.0, 20.0, 20.0, 20.0, 20.0, 20.0]",-0.014055654722853778,24.997496710981544,0.0575,-1.5212,-0.5877,-0.0867,-0.8393,-0.2068,-0.0072,-9.8086,15.491,,62.0,,,,1.7553,-0.0237,1.7554,179.23,14.94,1.22388,1.8481,359.01,19.505,1,21.11,6.382,1,3,10,0.7,9.762,0,0.9703,0,0
1790741881.8185723,47.398024,8.5461713,9.527000427246094,1.8493707180023193,-0.03179687261581421,0.0022381239105015993,358.27,1.7971891923200813,-0.054474945583460485,0.0,-1.8071469038780492,20.0,20.0,1.5703727006912231,0.07714690387803103,-0.7449908294410015,1.845221601685925,14.0,0.0,0.002114264894444626,"[20.0, 20.0, 20.0, 20.0, 20.0, 20.0, 20.0, 20.0, 20.0, 20.0, 20.0, 20.0, 20.0, 20.0, 20.0, 20.0, 20.0, 20.0, 20.0, 20.0, 20.0, 20.0, 20.0, 20.0, 20.0, 20.0, 20.0, 20.0, 20.0, 20.0, 20.0, 20.0, 20.0, 20.0, 20.0, 20.0, 20.0, 20.0, 20.0, 20.0, 20.0, 20.0, 20.0, 20.0, 20.0, 20.0, 20.0, 20.0, 20.0, 20.0, 20.0, 20.0, 20.0, 20.0, 20.0, 20.0, 20.0, 20.0, 20.0, 20.0, 20.0, 20.0, 20.0, 20.0, 20.0, 20.0, 20.0, 20.0, 20.0, 20.0, 20.0, 20.0]",-0.014055654722853778,24.997496710981544,-0.0352,-1.5331,-0.3755,0.0505,-0.3675,-0.2209,-0.0086,-9.8044,15.491,,62.0,,,,1.6544,-0.0259,1.6546,179.1,14.94,1.22388,1.8496,359.01,19.146,1,21.31,6.741,1,3,10,0.7,9.72,0,1.0223,0,0
1790741882.019372,47.3980272,8.5461713,9.526000022888184,1.8538745641708374,-0.03187966346740723,0.0025395227130502462,358.18,1.7968534368883213,-0.05731410312839451,0.0,-1.9067485206331867,20.0,20.0,1.569412112236023,0.0867485206331935,-0.8348253873903216,1.8494946663470442,14.0,0.0,0.0007023299046598692,"[20.0, 20.0, 20.0, 20.0, 20.0, 20.0, 20.0, 20.0, 20.0, 20.0, 20.0, 20.0, 20.0, 20.0, 20.0, 20.0, 20.0, 20.0, 20.0, 20.0, 20.0, 20.0, 20.0, 20.0, 20.0, 20.0, 20.0, 20.0, 20.0, 20.0, 20.0, 20.0, 20.0, 20.0, 20.0, 20.0, 20.0, 20.0, 20.0, 20.0, 20.0, 20.0, 20.0, 20.0, 20.0, 20.0, 20.0, 20.0, 20.0, 20.0, 20.0, 20.0, 20.0, 20.0, 20.0, 20.0, 20.0, 20.0, 20.0, 20.0, 20.0, 20.0, 20.0, 20.0, 20.0, 20.0, 20.0, 20.0, 20.0, 20.0, 20.0, 20.0]",-0.014055654722853778,24.997496710981544,-0.1023,-1.5093,-0.3286,0.2427,-0.1465,-0.2249,-0.0056,-9.8044,15.491,,62.0,,,,1.56,0.095,1.5629,183.49,14.94,1.22388,1.8541,359.01,18.782,1,21.51,7.105,1,3,10,0.7,9.769,0,1.0727,0,0
1790741882.2195625,47.3980305,8.5461713,9.526000022888184,1.8574694395065308,-0.03293732926249504,0.0022102370858192444,358.09000000000003,1.7963433103392878,-0.06016315037779893,0.0,-2.0129232641930344,20.0,20.0,1.569821536540985,0.10292326419306619,-0.8941166945902616,1.852921610418666,14.0,0.0,0.0011776530905329883,"[20.0, 20.0, 20.0, 20.0, 20.0, 20.0, 20.0, 20.0, 20.0, 20.0, 20.0, 20.0, 20.0, 20.0, 20.0, 20.0, 20.0, 20.0, 20.0, 20.0, 20.0, 20.0, 20.0, 20.0, 20.0, 20.0, 20.0, 20.0, 20.0, 20.0, 20.0, 20.0, 20.0, 20.0, 20.0, 20.0, 20.0, 20.0, 20.0, 20.0, 20.0, 20.0, 20.0, 20.0, 20.0, 20.0, 20.0, 20.0, 20.0, 20.0, 20.0, 20.0, 20.0, 20.0, 20.0, 20.0, 20.0, 20.0, 20.0, 20.0, 20.0, 20.0, 20.0, 20.0, 20.0, 20.0, 20.0, 20.0, 20.0, 20.0, 20.0, 20.0]",-0.014055654722853778,24.997496710981544,-0.1523,-1.45,-0.1944,0.3144,0.0187,-0.2149,0.0036,-9.7932,15.491,,62.0,,,,1.4274,-0.0265,1.4276,178.94,14.94,1.22388,1.8578,358.98,18.416,1,21.71,7.471,1,3,10,0.7,9.771,0,1.144,0,0
1790741882.4209988,47.3980338,8.5461713,9.526000022888184,1.8588683605194092,-0.0364430695772171,0.00214227382093668,358.04,1.7947860676664849,-0.06182498720866524,0.0,-2.121091499538295,20.0,20.0,1.5684094429016113,0.16109149953831547,-0.8368614982159871,1.854386382668093,14.0,0.0,0.004230856499354021,"[20.0, 20.0, 20.0, 20.0, 20.0, 20.0, 20.0, 20.0, 20.0, 20.0, 20.0, 20.0, 20.0, 20.0, 20.0, 20.0, 20.0, 20.0, 20.0, 20.0, 20.0, 20.0, 20.0, 20.0, 20.0, 20.0, 20.0, 20.0, 20.0, 20.0, 20.0, 20.0, 20.0, 20.0, 20.0, 20.0, 20.0, 20.0, 20.0, 20.0, 20.0, 20.0, 20.0, 20.0, 20.0, 20.0, 20.0, 20.0, 20.0, 20.0, 20.0, 20.0, 20.0, 20.0, 20.0, 20.0, 20.0, 20.0, 20.0, 20.0, 20.0, 20.0, 20.0, 20.0, 20.0, 20.0, 20.0, 20.0, 20.0, 20.0, 20.0, 20.0]",-0.014055654722853778,24.997496710981544,-0.1824,-1.3994,-0.0803,0.1992,-0.0735,-0.2264,-0.0104,-9.8049,15.491,,62.0,,,,1.3142,-0.0463,1.315,177.98,14.94,1.22388,1.8592,358.88,18.05,1,21.92,7.837,1,3,10,0.7,9.783,0,1.2017,0,0
1790741882.6212509,47.398037099999996,8.5461712,9.523000717163086,1.8592054843902588,-0.042315684258937836,0.002400474390015006,358.02,1.7924681667156612,-0.06259376380484516,0.0,-2.2297574416677435,20.0,20.0,1.5640969276428223,0.2497574416677253,-0.6761680050673855,1.8550335116249255,14.0,0.0,0.006462573881729265,"[20.0, 20.0, 20.0, 20.0, 20.0, 20.0, 20.0, 20.0, 20.0, 20.0, 20.0, 20.0, 20.0, 20.0, 20.0, 20.0, 20.0, 20.0, 20.0, 20.0, 20.0, 20.0, 20.0, 20.0, 20.0, 20.0, 20.0, 20.0, 20.0, 20.0, 20.0, 20.0, 20.0, 20.0, 20.0, 20.0, 20.0, 20.0, 20.0, 20.0, 20.0, 20.0, 20.0, 20.0, 20.0, 20.0, 20.0, 20.0, 20.0, 20.0, 20.0, 20.0, 20.0, 20.0, 20.0, 20.0, 20.0, 20.0, 20.0, 20.0, 20.0, 20.0, 20.0, 20.0, 20.0, 20.0, 20.0, 20.0, 20.0, 20.0, 20.0, 20.0]",-0.014055654722853778,24.997496710981544,-0.1745,-1.35,0.0818,0.1841,-0.1271,-0.2212,-0.005,-9.803,15.491,,62.0,,,,1.358,0.0955,1.3614,184.02,14.94,1.22388,1.8597,358.7,17.684,1,22.12,8.203,1,3,10,0.7,9.81,0,1.179,0,0
1790741882.8213806,47.3980404,8.5461711,9.521000862121582,1.857723355293274,-0.050002571195364,0.0024791962932795286,358.02,1.7896982908410735,-0.06276410129018789,0.0,-2.336496262049593,20.0,20.0,1.5556153655052185,0.35649626204957485,-0.43819630260223197,1.8540795647199704,14.0,0.0,0.007744431806277335,"[20.0, 20.0, 20.0, 20.0, 20.0, 20.0, 20.0, 20.0, 20.0, 20.0, 20.0, 20.0, 20.0, 20.0, 20.0, 20.0, 20.0, 20.0, 20.0, 20.0, 20.0, 20.0, 20.0, 20.0, 20.0, 20.0, 20.0, 20.0, 20.0, 20.0, 20.0, 20.0, 20.0, 20.0, 20.0, 20.0, 20.0, 20.0, 20.0, 20.0, 20.0, 20.0, 20.0, 20.0, 20.0, 20.0, 20.0, 20.0, 20.0, 20.0, 20.0, 20.0, 20.0, 20.0, 20.0, 20.0, 20.0, 20.0, 20.0, 20.0, 20.0, 20.0, 20.0, 20.0, 20.0, 20.0, 20.0, 20.0, 20.0, 20.0, 20.0, 20.0]",-0.014055654722853778,24.997496710981544,-0.1324,-1.304,0.2073,0.2034,-0.2865,-0.2192,-0.0102,-9.8075,15.491,,62.0,,,,1.3563,0.1393,1.3635,185.86,14.94,1.22388,1.8584,358.46,17.319,1,22.32,8.569,1,3,10,0.7,9.771,0,1.1767,0,0
1790741883.0225594,47.398043699999995,8.546171,9.521000862121582,1.8551859855651855,-0.058097247034311295,0.0017556631937623024,358.02,1.7869798663109755,-0.06292990862478207,0.0,-2.44102382945357,20.0,20.0,1.5430229902267456,0.461023829453552,-0.1863040788342176,1.8521565586030397,14.0,0.0,0.007552289224816144,"[20.0, 20.0, 20.0, 20.0, 20.0, 20.0, 20.0, 20.0, 20.0, 20.0, 20.0, 20.0, 20.0, 20.0, 20.0, 20.0, 20.0, 20.0, 20.0, 20.0, 20.0, 20.0, 20.0, 20.0, 20.0, 20.0, 20.0, 20.0, 20.0, 20.0, 20.0, 20.0, 20.0, 20.0, 20.0, 20.0, 20.0, 20.0, 20.0, 20.0, 20.0, 20.0, 20.0, 20.0, 20.0, 20.0, 20.0, 20.0, 20.0, 20.0, 20.0, 20.0, 20.0, 20.0, 20.0, 20.0, 20.0, 20.0, 20.0, 20.0, 20.0, 20.0, 20.0, 20.0, 20.0, 20.0, 20.0, 20.0, 20.0, 20.0, 20.0, 20.0]",-0.014055654722853778,24.997496710981544,-0.0719,-1.2693,0.3448,0.1503,-0.6601,-0.2278,-0.0079,-9.8104,15.491,,62.0,,,,1.3596,0.2679,1.3857,191.15,14.94,1.22388,1.8561,358.21,16.953,1,22.52,8.935,1,3,10,0.7,9.78,0,1.1632,0,0
1790741883.2223606,47.398047,8.546170799999999,9.522000312805176,1.851595401763916,-0.06179297715425491,0.0016527798725292087,357.90000000000003,1.787151449882297,-0.06665437956632887,0.0,-2.5492203135480622,20.0,20.0,1.53032648563385,0.44922031354809633,-0.18858713313508269,1.848767849674698,14.0,0.0,0.0008547354042874677,"[20.0, 20.0, 20.0, 20.0, 20.0, 20.0, 20.0, 20.0, 20.0, 20.0, 20.0, 20.0, 20.0, 20.0, 20.0, 20.0, 20.0, 20.0, 20.0, 20.0, 20.0, 20.0, 20.0, 20.0, 20.0, 20.0, 20.0, 20.0, 20.0, 20.0, 20.0, 20.0, 20.0, 20.0, 20.0, 20.0, 20.0, 20.0, 20.0, 20.0, 20.0, 20.0, 20.0, 20.0, 20.0, 20.0, 20.0, 20.0, 20.0, 20.0, 20.0, 20.0, 20.0, 20.0, 20.0, 20.0, 20.0, 20.0, 20.0, 20.0, 20.0, 20.0, 20.0, 20.0, 20.0, 20.0, 20.0, 20.0, 20.0, 20.0, 20.0, 20.0]",-0.014055654722853778,24.997496710981544,-0.0066,-1.2425,0.1952,0.0548,-0.908,-0.224,-0.0071,-9.8017,15.431,,59.0,,,,1.3488,0.1295,1.355,185.49,14.94,1.22388,1.8526,358.09,16.586,1,22.72,9.301,1,3,10,0.7,9.789,0,1.1751,0,0
1790741883.4223764,47.3980503,8.5461707,9.523000717163086,1.8474421501159668,-0.060557540506124496,0.0013284859014675021,357.64,1.7905452403323217,-0.07456110258761484,0.0,-2.666349506379902,20.0,20.0,1.5205107927322388,0.3063495063798882,-0.4825666013238154,1.844306292722704,14.0,0.0,0.010366991434907625,"[20.0, 20.0, 20.0, 20.0, 20.0, 20.0, 20.0, 20.0, 20.0, 20.0, 20.0, 20.0, 20.0, 20.0, 20.0, 20.0, 20.0, 20.0, 20.0, 20.0, 20.0, 20.0, 20.0, 20.0, 20.0, 20.0, 20.0, 20.0, 20.0, 20.0, 20.0, 20.0, 20.0, 20.0, 20.0, 20.0, 20.0, 20.0, 20.0, 20.0, 20.0, 20.0, 20.0, 20.0, 20.0, 20.0, 20.0, 20.0, 20.0, 20.0, 20.0, 20.0, 20.0, 20.0, 20.0, 20.0, 20.0, 20.0, 20.0, 20.0, 20.0, 20.0, 20.0, 20.0, 20.0, 20.0, 20.0, 20.0, 20.0, 20.0, 20.0, 20.0]",-0.014055654722853778,24.997496710981544,0.0021,-1.2452,-0.1649,-0.0446,-0.9577,-0.2221,0.0033,-9.8107,15.431,,59.0,,,,1.4022,0.0564,1.4033,182.3,14.94,1.22388,1.8484,358.12,16.22,1,22.92,9.667,1,3,10,0.7,9.789,0,1.1468,0,0
1790741883.6226866,47.3980536,8.5461706,9.522000312805176,1.8452539443969727,-0.058543674647808075,0.0013438911410048604,357.36,1.794119098691663,-0.08311130109697332,0.0,-2.793629841515269,20.0,20.0,1.513379693031311,0.1536298415152828,-0.8228080050443561,1.8416780105231685,14.0,0.0,0.011131635253256002,"[20.0, 20.0, 20.0, 20.0, 20.0, 20.0, 20.0, 20.0, 20.0, 20.0, 20.0, 20.0, 20.0, 20.0, 20.0, 20.0, 20.0, 20.0, 20.0, 20.0, 20.0, 20.0, 20.0, 20.0, 20.0, 20.0, 20.0, 20.0, 20.0, 20.0, 20.0, 20.0, 20.0, 20.0, 20.0, 20.0, 20.0, 20.0, 20.0, 20.0, 20.0, 20.0, 20.0, 20.0, 20.0, 20.0, 20.0, 20.0, 20.0, 20.0, 20.0, 20.0, 20.0, 20.0, 20.0, 20.0, 20.0, 20.0, 20.0, 20.0, 20.0, 20.0, 20.0, 20.0, 20.0, 20.0, 20.0, 20.0, 20.0, 20.0, 20.0, 20.0]",-0.014055654722853778,24.997496710981544,-0.0532,-1.2685,-0.4249,-0.0579,-0.7245,-0.2253,-0.0048,-9.8122,15.431,,59.0,,,,1.4702,0.1951,1.483,187.56,14.94,1.22388,1.8462,358.18,15.853,1,23.12,10.034,1,3,10,0.7,9.746,0,1.1047,0,0
1790741883.8236449,47.3980569,8.546170499999999,9.520000457763672,1.8450061082839966,-0.05964858457446098,0.001631026854738593,357.18,1.7950530039262482,-0.08868994631673824,0.0,-2.927108387978137,20.0,20.0,1.5063140988349915,0.10710838797814404,-0.9682867886660369,1.8412733784487745,14.0,0.0,0.003386378872823653,"[20.0, 20.0, 20.0, 20.0, 20.0, 20.0, 20.0, 20.0, 20.0, 20.0, 20.0, 20.0, 20.0, 20.0, 20.0, 20.0, 20.0, 20.0, 20.0, 20.0, 20.0, 20.0, 20.0, 20.0, 20.0, 20.0, 20.0, 20.0, 20.0, 20.0, 20.0, 20.0, 20.0, 20.0, 20.0, 20.0, 20.0, 20.0, 20.0, 20.0, 20.0, 20.0, 20.0, 20.0, 20.0, 20.0, 20.0, 20.0, 20.0, 20.0, 20.0, 20.0, 20.0, 20.0, 20.0, 20.0, 20.0, 20.0, 20.0, 20.0, 20.0, 20.0, 20.0, 20.0, 20.0, 20.0, 20.0, 20.0, 20.0, 20.0, 20.0, 20.0]",-0.014055654722853778,24.997496710981544,-0.1381,-1.2945,-0.394,-0.0421,-0.4576,-0.2183,-0.0,-9.8024,15.431,,59.0,,,,1.46,-0.0074,1.46,179.71,14.94,1.22388,1.846,358.15,15.484,1,23.32,10.403,1,3,10,0.7,9.703,0,1.1159,0,0
1790741884.0247138,47.398060199999996,8.5461703,9.516000747680664,1.8460590839385986,-0.06651923805475235,0.00165579654276371,357.14,1.7925898377941472,-0.09005548623531592,0.0,-3.059836500996198,20.0,20.0,1.4955007433891296,0.19983650099618444,-0.7963480750909182,1.8427860893636758,14.0,0.0,0.006743915233707134,"[20.0, 20.0, 20.0, 20.0, 20.0, 20.0, 20.0, 20.0, 20.0, 20.0, 20.0, 20.0, 20.0, 20.0, 20.0, 20.0, 20.0, 20.0, 20.0, 20.0, 20.0, 20.0, 20.0, 20.0, 20.0, 20.0, 20.0, 20.0, 20.0, 20.0, 20.0, 20.0, 20.0, 20.0, 20.0, 20.0, 20.0, 20.0, 20.0, 20.0, 20.0, 20.0, 20.0, 20.0, 20.0, 20.0, 20.0, 20.0, 20.0, 20.0, 20.0, 20.0, 20.0, 20.0, 20.0, 20.0, 20.0, 20.0, 20.0, 20.0, 20.0, 20.0, 20.0, 20.0, 20.0, 20.0, 20.0, 20.0, 20.0, 20.0, 20.0, 20.0]",-0.014055654722853778,24.997496710981544,-0.1845,-1.2866,0.0193,0.1425,-0.1736,-0.2281,-0.0024,-9.8072,15.431,,59.0,,,,1.4101,-0.0043,1.4101,179.82,14.94,1.22388,1.8473,357.94,15.114,1,23.52,10.773,1,3,10,0.7,9.736,0,1.1422,0,0
1790741884.2245107,47.3980636,8.546170199999999,9.51400089263916,1.8475505113601685,-0.07384522259235382,0.0010708599584177136,357.12,1.7895886505022784,-0.09081770530896921,0.0,-3.1942862191810377,20.0,20.0,1.4823015332221985,0.31428621918104227,-0.5911485470304229,1.8448093774287198,14.0,0.0,0.00833082830018057,"[20.0, 20.0, 20.0, 20.0, 20.0, 20.0, 20.0, 20.0, 20.0, 20.0, 20.0, 20.0, 20.0, 20.0, 20.0, 20.0, 20.0, 20.0, 20.0, 20.0, 20.0, 20.0, 20.0, 20.0, 20.0, 20.0, 20.0, 20.0, 20.0, 20.0, 20.0, 20.0, 20.0, 20.0, 20.0, 20.0, 20.0, 20.0, 20.0, 20.0, 20.0, 20.0, 20.0, 20.0, 20.0, 20.0, 20.0, 20.0, 20.0, 20.0, 20.0, 20.0, 20.0, 20.0, 20.0, 20.0, 20.0, 20.0, 20.0, 20.0, 20.0, 20.0, 20.0, 20.0, 20.0, 20.0, 20.0, 20.0, 20.0, 20.0, 20.0, 20.0]",-0.014055654722853778,24.997496710981544,-0.1736,-1.2472,0.2054,0.2922,-0.2928,-0.2276,-0.0109,-9.8072,15.431,,59.0,,,,1.3586,0.1548,1.3674,186.5,14.94,1.22388,1.849,357.71,14.742,1,23.72,11.145,1,3,10,0.7,9.7,0,1.1653,0,0
1790741884.4254937,47.398066899999996,8.54617,9.51200008392334,1.8487287759780884,-0.08022648096084595,0.000786826538387686,357.04,1.7879441664119682,-0.09338328476022398,0.0,-3.332602239095934,20.0,20.0,1.4675835967063904,0.37260223909595425,-0.475180882492058,1.8464367885990027,14.0,0.0,0.004217195294418984,"[20.0, 20.0, 20.0, 20.0, 20.0, 20.0, 20.0, 20.0, 20.0, 20.0, 20.0, 20.0, 20.0, 20.0, 20.0, 20.0, 20.0, 20.0, 20.0, 20.0, 20.0, 20.0, 20.0, 20.0, 20.0, 20.0, 20.0, 20.0, 20.0, 20.0, 20.0, 20.0, 20.0, 20.0, 20.0, 20.0, 20.0, 20.0, 20.0, 20.0, 20.0, 20.0, 20.0, 20.0, 20.0, 20.0, 20.0, 20.0, 20.0, 20.0, 20.0, 20.0, 20.0, 20.0, 20.0, 20.0, 20.0, 20.0, 20.0, 20.0, 20.0, 20.0, 20.0, 20.0, 20.0, 20.0, 20.0, 20.0, 20.0, 20.0, 20.0, 20.0]",-0.014055654722853778,24.997496710981544,-0.1378,-1.1851,0.3054,0.3707,-0.4218,-0.2196,-0.0001,-9.809,15.431,,59.0,,,,1.395,0.3237,1.4321,193.07,14.94,1.22388,1.8505,357.52,14.368,1,23.92,11.52,1,3,10,0.7,9.698,0,1.1344,0,0
1790741884.6267598,47.3980703,8.5461698,9.51200008392334,1.8487792015075684,-0.08396255970001221,0.0003555793664418161,356.89,1.7878071976135432,-0.09805908164929046,0.0,-3.478233765927939,20.0,20.0,1.4529928267002106,0.36823376592792556,-0.509691115628382,1.8466503853826752,14.0,0.0,0.0003156969647931291,"[20.0, 20.0, 20.0, 20.0, 20.0, 20.0, 20.0, 20.0, 20.0, 20.0, 20.0, 20.0, 20.0, 20.0, 20.0, 20.0, 20.0, 20.0, 20.0, 20.0, 20.0, 20.0, 20.0, 20.0, 20.0, 20.0, 20.0, 20.0, 20.0, 20.0, 20.0, 20.0, 20.0, 20.0, 20.0, 20.0, 20.0, 20.0, 20.0, 20.0, 20.0, 20.0, 20.0, 20.0, 20.0, 20.0, 20.0, 20.0, 20.0, 20.0, 20.0, 20.0, 20.0, 20.0, 20.0, 20.0, 20.0, 20.0, 20.0, 20.0, 20.0, 20.0, 20.0, 20.0, 20.0, 20.0, 20.0, 20.0, 20.0, 20.0, 20.0, 20.0]",-0.014055654722853778,24.997496710981544,-0.1057,-1.1324,0.0803,0.3409,-0.654,-0.2134,-0.0129,-9.8002,15.431,,59.0,,,,1.4493,0.3212,1.4844,192.49,14.94,1.22388,1.8507,357.4,13.991,1,24.12,11.896,1,3,10,0.7,9.72,0,1.1085,0,0
1790741884.8277094,47.3980737,8.546169599999999,9.51400089263916,1.8464179039001465,-0.08684765547513962,-0.00019475343287922442,356.7,1.7884269961590225,-0.1039506729200764,0.0,-3.631517528459085,20.0,20.0,1.438834935426712,0.3315175284590737,-0.6070346653149407,1.8443605931593345,14.0,0.0,0.0026532599895447016,"[20.0, 20.0, 20.0, 20.0, 20.0, 20.0, 20.0, 20.0, 20.0, 20.0, 20.0, 20.0, 20.0, 20.0, 20.0, 20.0, 20.0, 20.0, 20.0, 20.0, 20.0, 20.0, 20.0, 20.0, 20.0, 20.0, 20.0, 20.0, 20.0, 20.0, 20.0, 20.0, 20.0, 20.0, 20.0, 20.0, 20.0, 20.0, 20.0, 20.0, 20.0, 20.0, 20.0, 20.0, 20.0, 20.0, 20.0, 20.0, 20.0, 20.0, 20.0, 20.0, 20.0, 20.0, 20.0, 20.0, 20.0, 20.0, 20.0, 20.0, 20.0, 20.0, 20.0, 20.0, 20.0, 20.0, 20.0, 20.0, 20.0, 20.0, 20.0, 20.0]",-0.014055654722853778,24.997496710981544,-0.1054,-1.106,-0.0243,0.0583,-0.7997,-0.2212,-0.0078,-9.801,15.431,,59.0,,,,1.4386,0.2732,1.4644,190.75,14.94,1.22388,1.8485,357.31,13.616,1,24.32,12.272,1,3,10,0.7,9.754,0,1.1163,0,0
1790741885.0288846,47.398077,8.5461694,9.517000198364258,1.8424700498580933,-0.09129439294338226,-0.0005819856887683272,356.55,1.7880289067221993,-0.10863667164734356,0.0,-3.7861261379555344,20.0,20.0,1.422713965177536,0.3361261379555458,-0.6133140919732151,1.8406857263449294,14.0,0.0,0.0003333476528115011,"[20.0, 20.0, 20.0, 20.0, 20.0, 20.0, 20.0, 20.0, 20.0, 20.0, 20.0, 20.0, 20.0, 20.0, 20.0, 20.0, 20.0, 20.0, 20.0, 20.0, 20.0, 20.0, 20.0, 20.0, 20.0, 20.0, 20.0, 20.0, 20.0, 20.0, 20.0, 20.0, 20.0, 20.0, 20.0, 20.0, 20.0, 20.0, 20.0, 20.0, 20.0, 20.0, 20.0, 20.0, 20.0, 20.0, 20.0, 20.0, 20.0, 20.0, 20.0, 20.0, 20.0, 20.0, 20.0, 20.0, 20.0, 20.0, 20.0, 20.0, 20.0, 20.0, 20.0, 20.0, 20.0, 20.0, 20.0, 20.0, 20.0, 20.0, 20.0, 20.0]",-0.014055654722853778,24.997496710981544,-0.12,-1.1114,-0.0477,-0.0047,-0.7283,-0.2203,-0.0075,-9.7973,15.431,,59.0,,,,1.5472,0.3767,1.5924,193.68,14.94,1.22388,1.8447,357.16,13.242,1,24.52,12.645,1,3,10,0.7,9.742,0,1.0485,0,0
1790741885.2293944,47.3980804,8.5461691,9.520000457763672,1.837255597114563,-0.09796403348445892,-0.0007896708557382226,356.46,1.7862514944092052,-0.11149956356398262,0.0,-3.9377972686140765,20.0,20.0,1.4033514559268951,0.39779726861405607,-0.48783059422000535,1.8360464002284127,14.0,0.0,0.004462143184103625,"[20.0, 20.0, 20.0, 20.0, 20.0, 20.0, 20.0, 20.0, 20.0, 20.0, 20.0, 20.0, 20.0, 20.0, 20.0, 20.0, 20.0, 20.0, 20.0, 20.0, 20.0, 20.0, 20.0, 20.0, 20.0, 20.0, 20.0, 20.0, 20.0, 20.0, 20.0, 20.0, 20.0, 20.0, 20.0, 20.0, 20.0, 20.0, 20.0, 20.0, 20.0, 20.0, 20.0, 20.0, 20.0, 20.0, 20.0, 20.0, 20.0, 20.0, 20.0, 20.0, 20.0, 20.0, 20.0, 20.0, 20.0, 20.0, 20.0, 20.0, 20.0, 20.0, 20.0, 20.0, 20.0, 20.0, 20.0, 20.0, 20.0, 20.0, 20.0, 20.0]",-0.014055654722853778,24.997496710981544,-0.1195,-1.1308,0.037,-0.1313,-0.6602,-0.2153,-0.0035,-9.7943,15.371,,56.0,,,,1.5309,0.4156,1.5863,195.19,14.94,1.22388,1.8399,356.95,12.871,1,24.72,13.016,1,3,10,0.7,9.749,0,1.0467,0,0
1790741885.4296587,47.3980837,8.5461689,9.523000717163086,1.833187460899353,-0.1022508442401886,-0.0005410673911683261,356.32,1.7854425953783353,-0.1158804658767171,0.0,-4.0981921064815765,20.0,20.0,1.384848028421402,0.4181921064815697,-0.48748549762250487,1.8322606555839542,14.0,0.0,0.0014780779472089434,"[20.0, 20.0, 20.0, 20.0, 20.0, 20.0, 20.0, 20.0, 20.0, 20.0, 20.0, 20.0, 20.0, 20.0, 20.0, 20.0, 20.0, 20.0, 20.0, 20.0, 20.0, 20.0, 20.0, 20.0, 20.0, 20.0, 20.0, 20.0, 20.0, 20.0, 20.0, 20.0, 20.0, 20.0, 20.0, 20.0, 20.0, 20.0, 20.0, 20.0, 20.0, 20.0, 20.0, 20.0, 20.0, 20.0, 20.0, 20.0, 20.0, 20.0, 20.0, 20.0, 20.0, 20.0, 20.0, 20.0, 20.0, 20.0, 20.0, 20.0, 20.0, 20.0, 20.0, 20.0, 20.0, 20.0, 20.0, 20.0, 20.0, 20.0, 20.0, 20.0]",-0.014055654722853778,24.997496710981544,-0.1036,-1.144,0.0722,-0.0564,-0.7524,-0.2218,0.0015,-9.7988,15.371,,56.0,,,,1.6993,0.503,1.7721,196.49,14.94,1.22388,1.836,356.81,12.502,1,24.92,13.386,1,3,10,0.7,9.761,0,0.95,0,0
1790741885.6309364,47.398087,8.5461686,9.526000022888184,1.8281548023223877,-0.10519274324178696,3.140293847536668e-05,356.12,1.7858733577780745,-0.12208859791329782,0.0,-4.2657001225822455,20.0,20.0,1.3666645288467407,0.38570012258225006,-0.5868096770650415,1.827349789892957,14.0,0.0,0.0023461224426277825,"[20.0, 20.0, 20.0, 20.0, 20.0, 20.0, 20.0, 20.0, 20.0, 20.0, 20.0, 20.0, 20.0, 20.0, 20.0, 20.0, 20.0, 20.0, 20.0, 20.0, 20.0, 20.0, 20.0, 20.0, 20.0, 20.0, 20.0, 20.0, 20.0, 20.0, 20.0, 20.0, 20.0, 20.0, 20.0, 20.0, 20.0, 20.0, 20.0, 20.0, 20.0, 20.0, 20.0, 20.0, 20.0, 20.0, 20.0, 20.0, 20.0, 20.0, 20.0, 20.0, 20.0, 20.0, 20.0, 20.0, 20.0, 20.0, 20.0, 20.0, 20.0, 20.0, 20.0, 20.0, 20.0, 20.0, 20.0, 20.0, 20.0, 20.0, 20.0, 20.0]",-0.014055654722853778,24.997496710981544,-0.1074,-1.1554,-0.0676,-0.1078,-0.8156,-0.2242,-0.0113,-9.8016,15.371,,56.0,,,,1.6751,0.5693,1.7692,198.77,14.94,1.22388,1.8312,356.71,12.136,1,25.13,13.752,1,3,10,0.7,9.757,0,0.9466,0,0
1790741885.8324094,47.3980902,8.546168399999999,9.527000427246094,1.8216631412506104,-0.10832180082798004,0.0002852392790373415,355.92,1.7861829866328454,-0.12830346045219124,0.0,-4.437012111194122,20.0,20.0,1.3477265536785126,0.35701211119413756,-0.677020392502022,1.8210162831062253,14.0,0.0,0.0020622805366550456,"[20.0, 20.0, 20.0, 20.0, 20.0, 20.0, 20.0, 20.0, 20.0, 20.0, 20.0, 20.0, 20.0, 20.0, 20.0, 20.0, 20.0, 20.0, 20.0, 20.0, 20.0, 20.0, 20.0, 20.0, 20.0, 20.0, 20.0, 20.0, 20.0, 20.0, 20.0, 20.0, 20.0, 20.0, 20.0, 20.0, 20.0, 20.0, 20.0, 20.0, 20.0, 20.0, 20.0, 20.0, 20.0, 20.0, 20.0, 20.0, 20.0, 20.0, 20.0, 20.0, 20.0, 20.0, 20.0, 20.0, 20.0, 20.0, 20.0, 20.0, 20.0, 20.0, 20.0, 20.0, 20.0, 20.0, 20.0, 20.0, 20.0, 20.0, 20.0, 20.0]",-0.014055654722853778,24.997496710981544,-0.1301,-1.1923,-0.0816,-0.2161,-0.7777,-0.2247,-0.0046,-9.8042,15.371,,56.0,,,,1.7555,0.4655,1.8162,194.85,14.94,1.22388,1.8249,356.6,11.773,1,25.33,14.114,1,3,10,0.7,9.734,0,0.9168,0,0
1790741886.0334287,47.398093499999995,8.546168,9.527000427246094,1.8167314529418945,-0.11577877402305603,0.0003522088227327913,355.79,1.7850379245442132,-0.13237467652623822,0.0,-4.5996419671548665,20.0,20.0,1.3237349689006805,0.38964196715488697,-0.5635192335264799,1.8168235205454923,14.0,0.0,0.002358669835210212,"[20.0, 20.0, 20.0, 20.0, 20.0, 20.0, 20.0, 20.0, 20.0, 20.0, 20.0, 20.0, 20.0, 20.0, 20.0, 20.0, 20.0, 20.0, 20.0, 20.0, 20.0, 20.0, 20.0, 20.0, 20.0, 20.0, 20.0, 20.0, 20.0, 20.0, 20.0, 20.0, 20.0, 20.0, 20.0, 20.0, 20.0, 20.0, 20.0, 20.0, 20.0, 20.0, 20.0, 20.0, 20.0, 20.0, 20.0, 20.0, 20.0, 20.0, 20.0, 20.0, 20.0, 20.0, 20.0, 20.0, 20.0, 20.0, 20.0, 20.0, 20.0, 20.0, 20.0, 20.0, 20.0, 20.0, 20.0, 20.0, 20.0, 20.0, 20.0, 20.0]",-0.014055654722853778,24.997496710981544,-0.1388,-1.237,0.065,-0.1752,-0.796,-0.2219,-0.003,-9.8083,15.371,,56.0,,,,1.7214,0.3801,1.7629,192.45,14.94,1.22388,1.8204,356.35,11.412,1,25.53,14.476,1,3,10,0.7,9.683,0,0.939,0,0
1790741886.2335854,47.3980971,8.5461676,9.523000717163086,1.813622236251831,-0.12386702746152878,0.0010146985296159983,355.66,1.7836832651489933,-0.1361343194860866,0.0,-4.760849996762943,20.0,20.0,1.2972577214241028,0.43084999676295865,-0.42287233535920754,1.8145561256645204,14.0,0.0,0.002984417463859441,"[20.0, 20.0, 20.0, 20.0, 20.0, 20.0, 20.0, 20.0, 20.0, 20.0, 20.0, 20.0, 20.0, 20.0, 20.0, 20.0, 20.0, 20.0, 20.0, 20.0, 20.0, 20.0, 20.0, 20.0, 20.0, 20.0, 20.0, 20.0, 20.0, 20.0, 20.0, 20.0, 20.0, 20.0, 20.0, 20.0, 20.0, 20.0, 20.0, 20.0, 20.0, 20.0, 20.0, 20.0, 20.0, 20.0, 20.0, 20.0, 20.0, 20.0, 20.0, 20.0, 20.0, 20.0, 20.0, 20.0, 20.0, 20.0, 20.0, 20.0, 20.0, 20.0, 20.0, 20.0, 20.0, 20.0, 20.0, 20.0, 20.0, 20.0, 20.0, 20.0]",-0.014055654722853778,24.997496710981544,-0.1131,-1.2556,0.1506,-0.0691,-0.7493,-0.2226,-0.0116,-9.813,15.371,,56.0,,,,1.6174,0.3495,1.6547,192.19,14.94,1.22388,1.8178,356.09,11.052,1,25.73,14.837,1,3,10,0.7,9.675,0,0.9905,0,0
1790741886.4345005,47.398100299999996,8.5461673,9.520000457763672,1.8114075660705566,-0.1299629956483841,0.0011191547382622957,355.5,1.7833923839214934,-0.14142397100285817,0.0,-4.926211493287724,20.0,20.0,1.269819974899292,0.4262114932877239,-0.3962336127676956,1.8129380973600546,14.0,0.0,0.0003349690547433415,"[20.0, 20.0, 20.0, 20.0, 20.0, 20.0, 20.0, 20.0, 20.0, 20.0, 20.0, 20.0, 20.0, 20.0, 20.0, 20.0, 20.0, 20.0, 20.0, 20.0, 20.0, 20.0, 20.0, 20.0, 20.0, 20.0, 20.0, 20.0, 20.0, 20.0, 20.0, 20.0, 20.0, 20.0, 20.0, 20.0, 20.0, 20.0, 20.0, 20.0, 20.0, 20.0, 20.0, 20.0, 20.0, 20.0, 20.0, 20.0, 20.0, 20.0, 20.0, 20.0, 20.0, 20.0, 20.0, 20.0, 20.0, 20.0, 20.0, 20.0, 20.0, 20.0, 20.0, 20.0, 20.0, 20.0, 20.0, 20.0, 20.0, 20.0, 20.0, 20.0]",-0.014055654722853778,24.997496710981544,-0.0855,-1.2549,0.1408,-0.0643,-0.8873,-0.2208,-0.0021,-9.82,15.371,,56.0,,,,1.6704,0.3762,1.7123,192.69,14.94,1.22388,1.8161,355.9,10.691,1,25.93,15.197,1,3,10,0.7,9.701,0,0.9599,0,0
1790741886.6348078,47.3981036,8.5461669,9.517000198364258,1.8074642419815063,-0.13366681337356567,0.00040854766848497093,355.3,1.7834962154839062,-0.14764014701025993,0.0,-5.102863224904979,20.0,20.0,1.243390753865242,0.4028632249049906,-0.47052303229824405,1.8092841640386657,14.0,0.0,0.0016929320626112882,"[20.0, 20.0, 20.0, 20.0, 20.0, 20.0, 20.0, 20.0, 20.0, 20.0, 20.0, 20.0, 20.0, 20.0, 20.0, 20.0, 20.0, 20.0, 20.0, 20.0, 20.0, 20.0, 20.0, 20.0, 20.0, 20.0, 20.0, 20.0, 20.0, 20.0, 20.0, 20.0, 20.0, 20.0, 20.0, 20.0, 20.0, 20.0, 20.0, 20.0, 20.0, 20.0, 20.0, 20.0, 20.0, 20.0, 20.0, 20.0, 20.0, 20.0, 20.0, 20.0, 20.0, 20.0, 20.0, 20.0, 20.0, 20.0, 20.0, 20.0, 20.0, 20.0, 20.0, 20.0, 20.0, 20.0, 20.0, 20.0, 20.0, 20.0, 20.0, 20.0]",-0.014055654722853778,24.997496710981544,-0.0821,-1.2651,-0.075,-0.1369,-0.9053,-0.22,-0.0059,-9.8001,15.371,,56.0,,,,1.7108,0.4765,1.7759,195.56,14.94,1.22388,1.8124,355.77,10.332,1,26.13,15.557,1,3,10,0.7,9.714,0,0.9244,0,0
1790741886.8350866,47.3981068,8.5461666,9.516000747680664,1.8036689758300781,-0.13763010501861572,-1.2583325769810472e-05,355.1,1.783380115434209,-0.15386070156588535,0.0,-5.287117320795176,20.0,20.0,1.2167001962661743,0.38711732079519834,-0.5364650663135071,1.805808369793519,14.0,0.0,0.0011417600148531859,"[20.0, 20.0, 20.0, 20.0, 20.0, 20.0, 20.0, 20.0, 20.0, 20.0, 20.0, 20.0, 20.0, 20.0, 20.0, 20.0, 20.0, 20.0, 20.0, 20.0, 20.0, 20.0, 20.0, 20.0, 20.0, 20.0, 20.0, 20.0, 20.0, 20.0, 20.0, 20.0, 20.0, 20.0, 20.0, 20.0, 20.0, 20.0, 20.0, 20.0, 20.0, 20.0, 20.0, 20.0, 20.0, 20.0, 20.0, 20.0, 20.0, 20.0, 20.0, 20.0, 20.0, 20.0, 20.0, 20.0, 20.0, 20.0, 20.0, 20.0, 20.0, 20.0, 20.0, 20.0, 20.0, 20.0, 20.0, 20.0, 20.0, 20.0, 20.0, 20.0]",-0.014055654722853778,24.997496710981544,-0.0969,-1.2945,-0.085,-0.1698,-0.8938,-0.209,0.0005,-9.7988,15.371,,56.0,,,,1.7792,0.5019,1.8486,195.75,14.94,1.22388,1.8089,355.64,9.975,1,26.33,15.915,1,3,10,0.7,9.719,0,0.8846,0,0
1790741887.0356307,47.398109999999996,8.5461662,9.515000343322754,1.8027554750442505,-0.14174288511276245,0.00016449431132059544,354.91,1.7827896264953278,-0.15977423171365096,0.0,-5.4798228744980975,20.0,20.0,1.1891394406557083,0.3898228744981225,-0.594328910719659,1.8052061856390762,14.0,0.0,0.00019540980164366918,"[20.0, 20.0, 20.0, 20.0, 20.0, 20.0, 20.0, 20.0, 20.0, 20.0, 20.0, 20.0, 20.0, 20.0, 20.0, 20.0, 20.0, 20.0, 20.0, 20.0, 20.0, 20.0, 20.0, 20.0, 20.0, 20.0, 20.0, 20.0, 20.0, 20.0, 20.0, 20.0, 20.0, 20.0, 20.0, 20.0, 20.0, 20.0, 20.0, 20.0, 20.0, 20.0, 20.0, 20.0, 20.0, 20.0, 20.0, 20.0, 20.0, 20.0, 20.0, 20.0, 20.0, 20.0, 20.0, 20.0, 20.0, 20.0, 20.0, 20.0, 20.0, 20.0, 20.0, 20.0, 20.0, 20.0, 20.0, 20.0, 20.0, 20.0, 20.0, 20.0]",-0.014055654722853778,24.997496710981544,-0.1154,-1.31,-0.0872,-0.0263,-0.8882,-0.2188,-0.01,-9.8054,15.371,,56.0,,,,1.7195,0.5172,1.7956,196.74,14.94,1.22388,1.8083,355.5,9.616,1,26.53,16.274,1,3,10,0.7,9.755,0,0.9105,0,0
1790741887.2370665,47.3981132,8.5461659,9.515000343322754,1.8034987449645996,-0.1446191519498825,0.0003804433799814433,354.71,1.7818353227246175,-0.16599759075511722,0.0,-5.694630665539023,20.0,20.0,1.1631458848714828,0.4046306655390026,-0.7053696510697884,1.806034834571216,14.0,0.0,0.0010697020851485972,"[20.0, 20.0, 20.0, 20.0, 20.0, 20.0, 20.0, 20.0, 20.0, 20.0, 20.0, 20.0, 20.0, 20.0, 20.0, 20.0, 20.0, 20.0, 20.0, 20.0, 20.0, 20.0, 20.0, 20.0, 20.0, 20.0, 20.0, 20.0, 20.0, 20.0, 20.0, 20.0, 20.0, 20.0, 20.0, 20.0, 20.0, 20.0, 20.0, 20.0, 20.0, 20.0, 20.0, 20.0, 20.0, 20.0, 20.0, 20.0, 20.0, 20.0, 20.0, 20.0, 20.0, 20.0, 20.0, 20.0, 20.0, 20.0, 20.0, 20.0, 20.0, 20.0, 20.0, 20.0, 20.0, 20.0, 20.0, 20.0, 20.0, 20.0, 20.0, 20.0]",-0.014055654722853778,24.997496710981544,-0.14,-1.3003,-0.2049,0.0229,-0.831,-0.214,-0.0119,-9.8079,15.311,,52.0,,,,1.6599,0.5842,1.7597,199.39,14.94,1.22388,1.8093,355.42,9.254,1,26.73,16.637,1,3,10,0.7,9.786,0,0.9294,0,0
1790741887.4374514,47.3981165,8.546165499999999,9.518000602722168,1.8036816120147705,-0.14950871467590332,-0.0005004639970138669,354.52,1.7801855595677414,-0.17190518743265568,0.0,-5.926431570709951,20.0,20.0,1.137313187122345,0.4464315707099331,-0.7699184940802627,1.8063060543178695,14.0,0.0,0.0030158669748782405,"[20.0, 20.0, 20.0, 20.0, 20.0, 20.0, 20.0, 20.0, 20.0, 20.0, 20.0, 20.0, 20.0, 20.0, 20.0, 20.0, 20.0, 20.0, 20.0, 20.0, 20.0, 20.0, 20.0, 20.0, 20.0, 20.0, 20.0, 20.0, 20.0, 20.0, 20.0, 20.0, 20.0, 20.0, 20.0, 20.0, 20.0, 20.0, 20.0, 20.0, 20.0, 20.0, 20.0, 20.0, 20.0, 20.0, 20.0, 20.0, 20.0, 20.0, 20.0, 20.0, 20.0, 20.0, 20.0, 20.0, 20.0, 20.0, 20.0, 20.0, 20.0, 20.0, 20.0, 20.0, 20.0, 20.0, 20.0, 20.0, 20.0, 20.0, 20.0, 20.0]",-0.014055654722853778,24.997496710981544,-0.178,-1.2829,-0.1535,0.06,-0.8161,-0.2094,-0.0103,-9.7996,15.311,,52.0,,,,1.7252,0.572,1.8175,198.34,14.94,1.22388,1.8099,355.26,8.89,1,26.93,17.001,1,3,10,0.7,9.778,0,0.9011,0,0
1790741887.6383688,47.398119799999996,8.5461651,9.521000862121582,1.8033541440963745,-0.15610842406749725,-0.0007602500845678151,354.33,1.7773383172187793,-0.17779878278118783,0.0,-6.203312400419861,20.0,20.0,1.1048291847109795,0.5333124004198453,-0.7224903926095728,1.8067884293660954,14.0,0.0,0.006259996606353101,"[20.0, 20.0, 20.0, 20.0, 20.0, 20.0, 20.0, 20.0, 20.0, 20.0, 20.0, 20.0, 20.0, 20.0, 20.0, 20.0, 20.0, 20.0, 20.0, 20.0, 20.0, 20.0, 20.0, 20.0, 20.0, 20.0, 20.0, 20.0, 20.0, 20.0, 20.0, 20.0, 20.0, 20.0, 20.0, 20.0, 20.0, 20.0, 20.0, 20.0, 20.0, 20.0, 20.0, 20.0, 20.0, 20.0, 20.0, 20.0, 20.0, 20.0, 20.0, 20.0, 20.0, 20.0, 20.0, 20.0, 20.0, 20.0, 20.0, 20.0, 20.0, 20.0, 20.0, 20.0, 20.0, 20.0, 20.0, 20.0, 20.0, 20.0, 20.0, 20.0]",-0.014055654722853778,24.997496710981544,-0.1958,-1.2647,-0.0566,0.1285,-0.8997,-0.2216,-0.0107,-9.7971,15.311,,52.0,,,,1.6957,0.5294,1.7764,197.34,14.94,1.22388,1.8101,355.05,8.469,1,27.13,17.423,1,3,10,0.7,9.753,0,0.9219,0,0
1790741887.8396537,47.398123,8.5461648,9.523000717163086,1.8033642768859863,-0.16304796934127808,-7.412808190565556e-05,354.14,1.7750836740991225,-0.1836791976825783,0.0,-6.456643404569661,20.0,20.0,1.07578045129776,0.5966434045696474,-0.6937508362003676,1.8074538222122116,14.0,0.0,0.004548625615949791,"[20.0, 20.0, 20.0, 20.0, 20.0, 20.0, 20.0, 20.0, 20.0, 20.0, 20.0, 20.0, 20.0, 20.0, 20.0, 20.0, 20.0, 20.0, 20.0, 20.0, 20.0, 20.0, 20.0, 20.0, 20.0, 20.0, 20.0, 20.0, 20.0, 20.0, 20.0, 20.0, 20.0, 20.0, 20.0, 20.0, 20.0, 20.0, 20.0, 20.0, 20.0, 20.0, 20.0, 20.0, 20.0, 20.0, 20.0, 20.0, 20.0, 20.0, 20.0, 20.0, 20.0, 20.0, 20.0, 20.0, 20.0, 20.0, 20.0, 20.0, 20.0, 20.0, 20.0, 20.0, 20.0, 20.0, 20.0, 20.0, 20.0, 20.0, 20.0, 20.0]",-0.014055654722853778,24.997496710981544,-0.1928,-1.2354,-0.0295,0.1428,-0.9308,-0.2216,-0.0103,-9.7961,15.311,,52.0,,,,1.7295,0.4221,1.7802,193.71,14.94,1.22388,1.8107,354.83,8.104,1,27.33,17.788,1,3,10,0.7,9.723,0,0.9206,0,0
1790741888.040416,47.3981263,8.5461644,9.521000862121582,1.8043824434280396,-0.16974884271621704,0.0007965934928506613,353.91,1.7732857804540352,-0.19079100340373417,0.0,-6.726633635996166,20.0,20.0,1.0457192994654179,0.6366336359961906,-0.7156673851764792,1.8090768620483895,14.0,0.0,0.0028698649569889765,"[20.0, 20.0, 20.0, 20.0, 20.0, 20.0, 20.0, 20.0, 20.0, 20.0, 20.0, 20.0, 20.0, 20.0, 20.0, 20.0, 20.0, 20.0, 20.0, 20.0, 20.0, 20.0, 20.0, 20.0, 20.0, 20.0, 20.0, 20.0, 20.0, 20.0, 20.0, 20.0, 20.0, 20.0, 20.0, 20.0, 20.0, 20.0, 20.0, 20.0, 20.0, 20.0, 20.0, 20.0, 20.0, 20.0, 20.0, 20.0, 20.0, 20.0, 20.0, 20.0, 20.0, 20.0, 20.0, 20.0, 20.0, 20.0, 20.0, 20.0, 20.0, 20.0, 20.0, 20.0, 20.0, 20.0, 20.0, 20.0, 20.0, 20.0, 20.0, 20.0]",-0.014055654722853778,24.997496710981544,-0.1908,-1.2006,0.0529,0.2583,-1.0992,-0.2263,-0.0053,-9.8073,15.311,,52.0,,,,1.7627,0.4012,1.8077,192.82,14.94,1.22388,1.8123,354.63,7.739,1,27.54,18.155,1,3,10,0.7,9.71,0,0.9085,0,0
1790741888.240579,47.3981296,8.546164,9.517000198364258,1.804739236831665,-0.17376582324504852,0.0013286444591358304,353.64,1.7713608123358362,-0.19912847415779386,0.0,-7.035065285650035,20.0,20.0,1.0176101494580507,0.675065285650021,-0.8603397259518637,1.8095657104406568,14.0,0.0,0.0027636992921374432,"[20.0, 20.0, 20.0, 20.0, 20.0, 20.0, 20.0, 20.0, 20.0, 20.0, 20.0, 20.0, 20.0, 20.0, 20.0, 20.0, 20.0, 20.0, 20.0, 20.0, 20.0, 20.0, 20.0, 20.0, 20.0, 20.0, 20.0, 20.0, 20.0, 20.0, 20.0, 20.0, 20.0, 20.0, 20.0, 20.0, 20.0, 20.0, 20.0, 20.0, 20.0, 20.0, 20.0, 20.0, 20.0, 20.0, 20.0, 20.0, 20.0, 20.0, 20.0, 20.0, 20.0, 20.0, 20.0, 20.0, 20.0, 20.0, 20.0, 20.0, 20.0, 20.0, 20.0, 20.0, 20.0, 20.0, 20.0, 20.0, 20.0, 20.0, 20.0, 20.0]",-0.014055654722853778,24.997496710981544,-0.1983,-1.162,-0.1253,0.1712,-1.263,-0.2337,0.0025,-9.8104,15.311,,52.0,,,,1.8326,0.3744,1.8704,191.55,14.94,1.22388,1.8131,354.5,7.372,1,27.74,18.523,1,3,10,0.7,9.716,0,0.8779,0,0
1790741888.441524,47.3981329,8.5461636,9.51200008392334,1.8018289804458618,-0.17746230959892273,0.0012034839019179344,353.35,1.7691322761126924,-0.20806525450656488,0.0,-7.370787778992508,20.0,20.0,0.989769708365202,0.7207877789925305,-1.0250741757245532,1.8067211817968092,14.0,0.0,0.0032760485922304753,"[20.0, 20.0, 20.0, 20.0, 20.0, 20.0, 20.0, 20.0, 20.0, 20.0, 20.0, 20.0, 20.0, 20.0, 20.0, 20.0, 20.0, 20.0, 20.0, 20.0, 20.0, 20.0, 20.0, 20.0, 20.0, 20.0, 20.0, 20.0, 20.0, 20.0, 20.0, 20.0, 20.0, 20.0, 20.0, 20.0, 20.0, 20.0, 20.0, 20.0, 20.0, 20.0, 20.0, 20.0, 20.0, 20.0, 20.0, 20.0, 20.0, 20.0, 20.0, 20.0, 20.0, 20.0, 20.0, 20.0, 20.0, 20.0, 20.0, 20.0, 20.0, 20.0, 20.0, 20.0, 20.0, 20.0, 20.0, 20.0, 20.0, 20.0, 20.0, 20.0]",-0.014055654722853778,24.997496710981544,-0.2417,-1.143,-0.2759,-0.0769,-1.3959,-0.2138,-0.0093,-9.8083,15.311,,52.0,,,,1.737,0.3792,1.7779,192.32,14.94,1.22388,1.8105,354.38,7.009,1,27.94,18.887,1,3,10,0.7,9.698,0,0.9216,0,0
1790741888.641578,47.398136099999995,8.546163199999999,9.509000778198242,1.7970564365386963,-0.18334835767745972,0.0006081347819417715,353.05,1.7665964742629967,-0.21728652025074954,0.0,-7.725018941581652,20.0,20.0,0.960403848439455,0.7750189415816635,-1.1244388869489892,1.8023716151601843,14.0,0.0,0.0038914615016156476,"[20.0, 20.0, 20.0, 20.0, 20.0, 20.0, 20.0, 20.0, 20.0, 20.0, 20.0, 20.0, 20.0, 20.0, 20.0, 20.0, 20.0, 20.0, 20.0, 20.0, 20.0, 20.0, 20.0, 20.0, 20.0, 20.0, 20.0, 20.0, 20.0, 20.0, 20.0, 20.0, 20.0, 20.0, 20.0, 20.0, 20.0, 20.0, 20.0, 20.0, 20.0, 20.0, 20.0, 20.0, 20.0, 20.0, 20.0, 20.0, 20.0, 20.0, 20.0, 20.0, 20.0, 20.0, 20.0, 20.0, 20.0, 20.0, 20.0, 20.0, 20.0, 20.0, 20.0, 20.0, 20.0, 20.0, 20.0, 20.0, 20.0, 20.0, 20.0, 20.0]",-0.014055654722853778,24.997496710981544,-0.2817,-1.1494,-0.1633,-0.1774,-1.3722,-0.2145,-0.0071,-9.8095,15.311,,52.0,,,,1.6976,0.2258,1.7126,187.58,14.94,1.22388,1.8064,354.17,6.648,1,28.14,19.248,1,3,10,0.7,9.681,0,0.9501,0,0
1790741888.842417,47.3981394,8.5461628,9.506000518798828,1.7921479940414429,-0.1904996633529663,0.00045381183736026287,352.73,1.7637944147551798,-0.22709767680396117,0.0,-8.104487561035455,20.0,20.0,0.9297720193862915,0.8344875610354734,-1.2024239571507978,1.7980783947221504,14.0,0.0,0.004245012091746279,"[20.0, 20.0, 20.0, 20.0, 20.0, 20.0, 20.0, 20.0, 20.0, 20.0, 20.0, 20.0, 20.0, 20.0, 20.0, 20.0, 20.0, 20.0, 20.0, 20.0, 20.0, 20.0, 20.0, 20.0, 20.0, 20.0, 20.0, 20.0, 20.0, 20.0, 20.0, 20.0, 20.0, 20.0, 20.0, 20.0, 20.0, 20.0, 20.0, 20.0, 20.0, 20.0, 20.0, 20.0, 20.0, 20.0, 20.0, 20.0, 20.0, 20.0, 20.0, 20.0, 20.0, 20.0, 20.0, 20.0, 20.0, 20.0, 20.0, 20.0, 20.0, 20.0, 20.0, 20.0, 20.0, 20.0, 20.0, 20.0, 20.0, 20.0, 20.0, 20.0]",-0.014055654722853778,24.997496710981544,-0.3156,-1.1666,-0.1916,-0.1386,-1.5319,-0.2146,0.003,-9.8025,15.311,,52.0,,,,1.5758,0.2979,1.6037,190.71,14.94,1.22388,1.8022,353.93,6.29,1,28.34,19.608,1,3,10,0.7,9.712,0,1.0004,0,0
1790741889.043531,47.3981426,8.546162299999999,9.504000663757324,1.788474202156067,-0.20198413729667664,2.6440180590725504e-05,352.40000000000003,1.7613331317639063,-0.2372084302917425,0.0,-8.477277005218241,20.0,20.0,0.8936439603567123,0.877277005218275,-1.1565136191692942,1.7958427428487094,14.0,0.0,0.003048734867917798,"[20.0, 20.0, 20.0, 20.0, 20.0, 20.0, 20.0, 20.0, 20.0, 20.0, 20.0, 20.0, 20.0, 20.0, 20.0, 20.0, 20.0, 20.0, 20.0, 20.0, 20.0, 20.0, 20.0, 20.0, 20.0, 20.0, 20.0, 20.0, 20.0, 20.0, 20.0, 20.0, 20.0, 20.0, 20.0, 20.0, 20.0, 20.0, 20.0, 20.0, 20.0, 20.0, 20.0, 20.0, 20.0, 20.0, 20.0, 20.0, 20.0, 20.0, 20.0, 20.0, 20.0, 20.0, 20.0, 20.0, 20.0, 20.0, 20.0, 20.0, 20.0, 20.0, 20.0, 20.0, 20.0, 20.0, 20.0, 20.0, 20.0, 20.0, 20.0, 20.0]",-0.014055654722853778,24.997496710981544,-0.3323,-1.1791,0.0828,0.0302,-1.7042,-0.2164,-0.0068,-9.8025,15.311,,52.0,,,,1.4948,0.2102,1.5095,188.0,14.94,1.22388,1.7998,353.56,5.933,1,28.54,19.967,1,3,10,0.7,9.707,0,1.0451,0,0
1790741889.2442732,47.398145799999995,8.5461618,9.504000663757324,1.7866324186325073,-0.21483616530895233,-0.00035435447352938354,352.05,1.7592545379287738,-0.24793612965116038,0.0,-8.849983763440036,20.0,20.0,0.8525671660900116,0.8999837634400478,-1.0933081778364615,1.7957550411286827,14.0,0.0,0.001622423932256734,"[20.0, 20.0, 20.0, 20.0, 20.0, 20.0, 20.0, 20.0, 20.0, 20.0, 20.0, 20.0, 20.0, 20.0, 20.0, 20.0, 20.0, 20.0, 20.0, 20.0, 20.0, 20.0, 20.0, 20.0, 20.0, 20.0, 20.0, 20.0, 20.0, 20.0, 20.0, 20.0, 20.0, 20.0, 20.0, 20.0, 20.0, 20.0, 20.0, 20.0, 20.0, 20.0, 20.0, 20.0, 20.0, 20.0, 20.0, 20.0, 20.0, 20.0, 20.0, 20.0, 20.0, 20.0, 20.0, 20.0, 20.0, 20.0, 20.0, 20.0, 20.0, 20.0, 20.0, 20.0, 20.0, 20.0, 20.0, 20.0, 20.0, 20.0, 20.0, 20.0]",-0.014055654722853778,24.997496710981544,-0.3196,-1.1735,0.1679,0.1678,-1.7915,-0.218,-0.0075,-9.7975,15.3,,50.0,,,,1.4383,0.0156,1.4384,180.62,14.94,1.22388,1.7995,353.14,5.575,1,28.74,20.329,1,3,10,0.7,9.718,0,1.0803,0,0
1790741889.4444284,47.398149,8.5461612,9.503000259399414,1.7822010517120361,-0.22508655488491058,6.8570270741474815e-06,351.67,1.7569130537806712,-0.25956396843591434,0.0,-9.255035371959536,20.0,20.0,0.8104590028524399,0.9250353719595523,-1.131828904687791,1.792659210562483,14.0,0.0,0.0017826465657018954,"[20.0, 20.0, 20.0, 20.0, 20.0, 20.0, 20.0, 20.0, 20.0, 20.0, 20.0, 20.0, 20.0, 20.0, 20.0, 20.0, 20.0, 20.0, 20.0, 20.0, 20.0, 20.0, 20.0, 20.0, 20.0, 20.0, 20.0, 20.0, 20.0, 20.0, 20.0, 20.0, 20.0, 20.0, 20.0, 20.0, 20.0, 20.0, 20.0, 20.0, 20.0, 20.0, 20.0, 20.0, 20.0, 20.0, 20.0, 20.0, 20.0, 20.0, 20.0, 20.0, 20.0, 20.0, 20.0, 20.0, 20.0, 20.0, 20.0, 20.0, 20.0, 20.0, 20.0, 20.0, 20.0, 20.0, 20.0, 20.0, 20.0, 20.0, 20.0, 20.0]",-0.014055654722853778,24.997496710981544,-0.3041,-1.1675,0.0502,0.021,-1.9655,-0.2134,-0.0052,-9.8041,15.3,,50.0,,,,1.412,0.1394,1.4189,185.64,14.94,1.22388,1.7964,352.8,5.219,1,28.94,20.689,1,3,10,0.7,9.781,0,1.0869,0,0
1790741889.6464095,47.3981522,8.5461607,9.503000259399414,1.7766833305358887,-0.2336691915988922,-3.3714561141096056e-05,351.27,1.7536182842522696,-0.2717374458724619,0.0,-9.709797874246703,20.0,20.0,0.7681272774934769,0.9797978742466853,-1.2374686836541473,1.788139543126809,14.0,0.0,0.0038883917491397404,"[20.0, 20.0, 20.0, 20.0, 20.0, 20.0, 20.0, 20.0, 20.0, 20.0, 20.0, 20.0, 20.0, 20.0, 20.0, 20.0, 20.0, 20.0, 20.0, 20.0, 20.0, 20.0, 20.0, 20.0, 20.0, 20.0, 20.0, 20.0, 20.0, 20.0, 20.0, 20.0, 20.0, 20.0, 20.0, 20.0, 20.0, 20.0, 20.0, 20.0, 20.0, 20.0, 20.0, 20.0, 20.0, 20.0, 20.0, 20.0, 20.0, 20.0, 20.0, 20.0, 20.0, 20.0, 20.0, 20.0, 20.0, 20.0, 20.0, 20.0, 20.0, 20.0, 20.0, 20.0, 20.0, 20.0, 20.0, 20.0, 20.0, 20.0, 20.0, 20.0]",-0.014055654722853778,24.997496710981544,-0.317,-1.1857,-0.1075,-0.2152,-1.9107,-0.2166,-0.016,-9.7989,15.3,,50.0,,,,1.226,0.1428,1.2343,186.64,14.94,1.22388,1.792,352.51,4.865,1,29.14,21.047,1,3,10,0.7,9.758,0,1.1748,0,0
1790741889.8466952,47.3981554,8.5461601,9.504000663757324,1.7708851099014282,-0.24452491104602814,0.00035756322904489934,350.87,1.7496939548424868,-0.28384071634578345,0.0,-10.185213685339932,20.0,20.0,0.7226081788539886,1.055213685339936,-1.2682763524808984,1.783821629674205,14.0,0.0,0.005344491412559003,"[20.0, 20.0, 20.0, 20.0, 20.0, 20.0, 20.0, 20.0, 20.0, 20.0, 20.0, 20.0, 20.0, 20.0, 20.0, 20.0, 20.0, 20.0, 20.0, 20.0, 20.0, 20.0, 20.0, 20.0, 20.0, 20.0, 20.0, 20.0, 20.0, 20.0, 20.0, 20.0, 20.0, 20.0, 20.0, 20.0, 20.0, 20.0, 20.0, 20.0, 20.0, 20.0, 20.0, 20.0, 20.0, 20.0, 20.0, 20.0, 20.0, 20.0, 20.0, 20.0, 20.0, 20.0, 20.0, 20.0, 20.0, 20.0, 20.0, 20.0, 20.0, 20.0, 20.0, 20.0, 20.0, 20.0, 20.0, 20.0, 20.0, 20.0, 20.0, 20.0]",-0.014055654722853778,24.997496710981544,-0.3427,-1.2091,-0.2074,-0.0822,-1.9957,-0.2178,-0.0002,-9.8102,15.3,,50.0,,,,0.9906,0.3226,1.0418,198.04,14.94,1.22388,1.7877,352.14,4.516,1,29.34,21.402,1,3,10,0.7,9.792,0,1.2668,0,0
1790741890.0480003,47.3981585,8.546159399999999,9.504000663757324,1.7652682065963745,-0.2559220492839813,0.0005756283644586802,350.45,1.7450446044347563,-0.29647087559460267,0.0,-10.700935711489706,20.0,20.0,0.6747443079948425,1.1509357114896943,-1.3009428446992242,1.7797986618957637,14.0,0.0,0.006767801021411345,"[20.0, 20.0, 20.0, 20.0, 20.0, 20.0, 20.0, 20.0, 20.0, 20.0, 20.0, 20.0, 20.0, 20.0, 20.0, 20.0, 20.0, 20.0, 20.0, 20.0, 20.0, 20.0, 20.0, 20.0, 20.0, 20.0, 20.0, 20.0, 20.0, 20.0, 20.0, 20.0, 20.0, 20.0, 20.0, 20.0, 20.0, 20.0, 20.0, 20.0, 20.0, 20.0, 20.0, 20.0, 20.0, 20.0, 20.0, 20.0, 20.0, 20.0, 20.0, 20.0, 20.0, 20.0, 20.0, 20.0, 20.0, 20.0, 20.0, 20.0, 20.0, 20.0, 20.0, 20.0, 20.0, 20.0, 20.0, 20.0, 20.0, 20.0, 20.0, 20.0]",-0.014055654722853778,24.997496710981544,-0.3624,-1.2304,-0.0589,-0.115,-2.0695,-0.2164,-0.0066,-9.8051,15.3,,50.0,,,,1.0311,0.3524,1.0897,198.87,14.94,1.22388,1.7837,351.75,4.17,1,29.54,21.755,1,3,10,0.7,9.764,0,1.2389,0,0
1790741890.248235,47.398161699999996,8.546158799999999,9.504000663757324,1.7606948614120483,-0.267849326133728,0.0004940491053275764,350.01,1.7387590367798182,-0.3095351030949861,0.0,-11.290896567525238,20.0,20.0,0.6251692175865173,1.3008965675252284,-1.340082164272799,1.7768460446047711,14.0,0.0,0.010581870616198094,"[20.0, 20.0, 20.0, 20.0, 20.0, 20.0, 20.0, 20.0, 20.0, 20.0, 20.0, 20.0, 20.0, 20.0, 20.0, 20.0, 20.0, 20.0, 20.0, 20.0, 20.0, 20.0, 20.0, 20.0, 20.0, 20.0, 20.0, 20.0, 20.0, 20.0, 20.0, 20.0, 20.0, 20.0, 20.0, 20.0, 20.0, 20.0, 20.0, 20.0, 20.0, 20.0, 20.0, 20.0, 20.0, 20.0, 20.0, 20.0, 20.0, 20.0, 20.0, 20.0, 20.0, 20.0, 20.0, 20.0, 20.0, 20.0, 20.0, 20.0, 20.0, 20.0, 20.0, 20.0, 20.0, 20.0, 20.0, 20.0, 20.0, 20.0, 20.0, 20.0]",-0.014055654722853778,24.997496710981544,-0.3715,-1.2419,-0.0673,-0.0067,-2.3284,-0.223,-0.0144,-9.8146,15.3,,50.0,,,,1.0191,0.5573,1.1615,208.67,14.94,1.22388,1.781,351.35,3.825,1,29.74,22.109,1,3,10,0.7,9.762,0,1.2002,0,0
1790741890.4493334,47.398164799999996,8.5461581,9.505000114440918,1.7574526071548462,-0.2796386182308197,-0.0002477416710462421,349.52,1.6999272325519117,-0.3181453698369781,0.0,-11.984799423078584,20.0,20.0,0.5738669633865356,1.5047994230785662,-1.4391217893564694,1.7750252490822749,14.0,0.0,0.01237804153882679,"[20.0, 20.0, 20.0, 20.0, 20.0, 20.0, 20.0, 20.0, 20.0, 20.0, 20.0, 20.0, 20.0, 20.0, 20.0, 20.0, 20.0, 20.0, 20.0, 20.0, 20.0, 20.0, 20.0, 20.0, 20.0, 20.0, 20.0, 20.0, 20.0, 20.0, 20.0, 20.0, 20.0, 20.0, 20.0, 20.0, 20.0, 20.0, 20.0, 20.0, 20.0, 20.0, 20.0, 20.0, 20.0, 20.0, 20.0, 20.0, 20.0, 20.0, 20.0, 20.0, 20.0, 20.0, 20.0, 20.0, 20.0, 20.0, 20.0, 20.0, 20.0, 20.0, 20.0, 20.0, 20.0, 20.0, 20.0, 20.0, 20.0, 20.0, 20.0, 20.0]",-0.014055654722853778,24.997496710981544,-0.3934,-1.2258,-0.0888,0.1213,-2.5372,-0.2203,-0.0115,-9.8026,15.3,,50.0,,,,0.9896,0.6633,1.1913,213.83,14.94,1.22388,1.7796,350.96,3.482,1,29.94,22.463,1,3,10,0.7,9.776,0,1.1839,0,0
1790741890.6503935,47.398168,8.5461574,9.507000923156738,1.7500284910202026,-0.29375267028808594,-0.00017624671454541385,348.97,1.4560254339780223,-0.2874534938446905,0.0,-12.753385689273841,20.0,20.0,0.5183694660663605,1.7233856892738686,-1.5013921193731596,1.769605252313126,14.0,0.0,0.001810339915774148,"[20.0, 20.0, 20.0, 20.0, 20.0, 20.0, 20.0, 20.0, 20.0, 20.0, 20.0, 20.0, 20.0, 20.0, 20.0, 20.0, 20.0, 20.0, 20.0, 20.0, 20.0, 20.0, 20.0, 20.0, 20.0, 20.0, 20.0, 20.0, 20.0, 20.0, 20.0, 20.0, 20.0, 20.0, 20.0, 20.0, 20.0, 20.0, 20.0, 20.0, 20.0, 20.0, 20.0, 20.0, 20.0, 20.0, 20.0, 20.0, 20.0, 20.0, 20.0, 20.0, 20.0, 20.0, 20.0, 20.0, 20.0, 20.0, 20.0, 20.0, 20.0, 20.0, 20.0, 20.0, 20.0, 20.0, 20.0, 20.0, 20.0, 20.0, 20.0, 20.0]",-0.014055654722853778,24.997496710981544,-0.4277,-1.0352,-0.0573,0.9386,-2.824,-0.2113,-0.0097,-9.8075,15.3,,50.0,,,,0.9594,0.6561,1.1622,214.37,14.94,1.22388,1.7745,350.47,3.144,1,30.15,22.815,1,3,10,0.7,9.794,0,1.1934,0,0
1790741891.0557415,47.3981743,8.5461557,9.51400089263916,1.6576052904129028,-0.3098350763320923,-0.0003549262182787061,347.61,0.6603144814609069,-0.1444548150080187,0.0,-7.49083503723142,20.0,20.0,-0.619586428220508,-97.7777834301119,-1.7526014720961194,-0.21323012226254756,14.0,0.0,0.10326395078451922,"[20.0, 20.0, 20.0, 20.0, 20.0, 20.0, 20.0, 20.0, 20.0, 20.0, 20.0, 20.0, 20.0, 20.0, 20.0, 20.0, 20.0, 20.0, 20.0, 20.0, 20.0, 20.0, 20.0, 20.0, 20.0, 20.0, 20.0, 20.0, 20.0, 20.0, 20.0, 20.0, 20.0, 20.0, 20.0, 20.0, 20.0, 20.0, 20.0, 20.0, 20.0, 20.0, 20.0, 20.0, 20.0, 20.0, 20.0, 20.0, 20.0, 20.0, 20.0, 20.0, 20.0, 20.0, 20.0, 20.0, 20.0, 20.0, 20.0, 20.0, 20.0, 20.0, 20.0, 20.0, 20.0, 20.0, 20.0, 20.0, 20.0, 20.0, 20.0, 20.0]",24.992648354819806,24.96996083391604,-0.3623,0.8395,0.6932,-0.1597,-3.0694,-0.2055,-0.0133,-9.8051,15.3,,50.0,,,,0.8705,0.5205,1.0142,210.88,14.94,1.22388,1.6863,349.41,25.708,1,30.55,23.51,1,3,10,0.7,9.781,0,1.1792,0,0
1790741891.2531016,47.398177,8.546154999999999,9.521000862121582,1.5485048294067383,-0.2962721884250641,-0.025855502113699913,347.32,0.0,-0.0,0.0,-7.8756615447998115,20.0,20.0,-0.9435918613879045,-98.21972938046235,-1.848618261998432,-0.22645529715018026,14.0,0.0,0.0,"[20.0, 20.0, 20.0, 20.0, 20.0, 20.0, 20.0, 20.0, 20.0, 20.0, 20.0, 20.0, 20.0, 20.0, 20.0, 20.0, 20.0, 20.0, 20.0, 20.0, 20.0, 20.0, 20.0, 20.0, 20.0, 20.0, 20.0, 20.0, 20.0, 20.0, 20.0, 20.0, 20.0, 20.0, 20.0, 20.0, 20.0, 20.0, 20.0, 20.0, 20.0, 20.0, 20.0, 20.0, 20.0, 20.0, 20.0, 20.0, 20.0, 20.0, 20.0, 20.0, 20.0, 20.0, 20.0, 20.0, 20.0, 20.0, 20.0, 20.0, 20.0, 20.0, 20.0, 20.0, 20.0, 20.0, 20.0, 20.0, 20.0, 20.0, 20.0, 20.0]",24.992648354819806,24.96996083391604,-0.1422,4.492,1.6094,21.0173,1.9005,-0.1781,-0.0092,-9.8261,15.3,,50.0,,,,0.8788,0.4315,0.979,206.15,14.94,1.22388,1.5766,349.17,25.738,1,30.75,23.835,1,3,10,0.7,9.81,0,1.0871,0,0
1790741891.4535275,47.3981796,8.5461543,9.535000801086426,1.2773383855819702,-0.24012266099452972,-0.04603087529540062,348.51,0.0,-0.0,0.0,-6.800618286132817,20.0,20.0,-1.2223149598712726,-97.24529243489155,-0.9734068770897225,-0.19696588165696385,14.0,0.0,0.0,"[20.0, 20.0, 20.0, 20.0, 20.0, 20.0, 20.0, 20.0, 20.0, 20.0, 20.0, 20.0, 20.0, 20.0, 20.0, 20.0, 20.0, 20.0, 20.0, 20.0, 20.0, 20.0, 20.0, 20.0, 20.0, 20.0, 20.0, 20.0, 20.0, 20.0, 20.0, 20.0, 20.0, 20.0, 20.0, 20.0, 20.0, 20.0, 20.0, 20.0, 20.0, 20.0, 20.0, 20.0, 20.0, 20.0, 20.0, 20.0, 20.0, 20.0, 20.0, 20.0, 20.0, 20.0, 20.0, 20.0, 20.0, 20.0, 20.0, 20.0, 20.0, 20.0, 20.0, 20.0, 20.0, 20.0, 20.0, 20.0, 20.0, 20.0, 20.0, 20.0]",24.992648354819806,24.96996083391604,0.0395,9.6643,-0.5175,16.2951,8.5635,-0.1487,-0.0032,-9.8314,15.3,,50.0,,,,0.8474,0.4378,0.9538,207.32,14.94,1.22388,1.2997,349.35,25.768,1,30.95,24.115,1,3,10,0.7,9.788,0,0.8228,0,0
1790741891.655745,47.3981813,8.546153799999999,9.542000770568848,0.8978568911552429,-0.16513361036777496,-0.010904449969530106,350.51,0.0,-0.0,0.0,-4.660907974243173,20.0,20.0,-1.4205824632570532,-95.17489886143031,0.9313607644594263,-0.1419841156682586,14.0,0.0,0.0,"[20.0, 20.0, 20.0, 20.0, 20.0, 20.0, 20.0, 20.0, 20.0, 20.0, 20.0, 20.0, 20.0, 20.0, 20.0, 20.0, 20.0, 20.0, 20.0, 20.0, 20.0, 20.0, 20.0, 20.0, 20.0, 20.0, 20.0, 20.0, 20.0, 20.0, 20.0, 20.0, 20.0, 20.0, 20.0, 20.0, 20.0, 20.0, 20.0, 20.0, 20.0, 20.0, 20.0, 20.0, 20.0, 20.0, 20.0, 20.0, 20.0, 20.0, 20.0, 20.0, 20.0, 20.0, 20.0, 20.0, 20.0, 20.0, 20.0, 20.0, 20.0, 20.0, 20.0, 20.0, 20.0, 20.0, 20.0, 20.0, 20.0, 20.0, 20.0, 20.0]",24.992648354819806,24.96996083391604,0.2312,9.7912,-1.0009,-7.9092,10.7029,-0.1258,0.0006,-9.822,15.3,,50.0,,,,0.7236,0.4925,0.8753,214.24,14.94,1.22388,0.9129,349.58,25.79,1,31.15,24.314,1,3,10,0.7,9.749,0,0.4753,0,0
1790741891.8556118,47.398182299999995,8.5461536,9.540000915527344,0.5547998547554016,-0.10244618356227875,0.009613594971597195,352.68,0.0,-0.0,0.0,-2.499954528808587,20.0,20.0,-1.5348008656094403,-93.0388531033334,3.142065749498617,-0.09069266146359325,14.0,0.0,0.0,"[20.0, 20.0, 20.0, 20.0, 20.0, 20.0, 20.0, 20.0, 20.0, 20.0, 20.0, 20.0, 20.0, 20.0, 20.0, 20.0, 20.0, 20.0, 20.0, 20.0, 20.0, 20.0, 20.0, 20.0, 20.0, 20.0, 20.0, 20.0, 20.0, 20.0, 20.0, 20.0, 20.0, 20.0, 20.0, 20.0, 20.0, 20.0, 20.0, 20.0, 20.0, 20.0, 20.0, 20.0, 20.0, 20.0, 20.0, 20.0, 20.0, 20.0, 20.0, 20.0, 20.0, 20.0, 20.0, 20.0, 20.0, 20.0, 20.0, 20.0, 20.0, 20.0, 20.0, 20.0, 20.0, 20.0, 20.0, 20.0, 20.0, 20.0, 20.0, 20.0]",24.992648354819806,24.96996083391604,0.3264,7.4296,-0.9467,-13.3099,10.8307,-0.0865,0.015,-9.8697,15.3,,50.0,,,,0.7673,0.438,0.8835,209.72,14.94,1.22388,0.5642,349.54,25.803,1,31.35,24.429,1,3,10,0.7,9.753,0,0.1224,0,0
1790741892.0558276,47.3981827,8.546153499999999,9.53600025177002,0.29968181252479553,-0.058041080832481384,0.012430015951395035,354.79,0.0,-0.0,0.0,-0.403395614624003,20.0,20.0,-1.585031695799692,-90.94378663805566,5.751092842072942,-0.052297468601011046,14.0,0.0,0.0,"[20.0, 20.0, 20.0, 20.0, 20.0, 20.0, 20.0, 20.0, 20.0, 20.0, 20.0, 20.0, 20.0, 20.0, 20.0, 20.0, 20.0, 20.0, 20.0, 20.0, 20.0, 20.0, 20.0, 20.0, 20.0, 20.0, 20.0, 20.0, 20.0, 20.0, 20.0, 20.0, 20.0, 20.0, 20.0, 20.0, 20.0, 20.0, 20.0, 20.0, 20.0, 20.0, 20.0, 20.0, 20.0, 20.0, 20.0, 20.0, 20.0, 20.0, 20.0, 20.0, 20.0, 20.0, 20.0, 20.0, 20.0, 20.0, 20.0, 20.0, 20.0, 20.0, 20.0, 20.0, 20.0, 20.0, 20.0, 20.0, 20.0, 20.0, 20.0, 20.0]",24.992648354819806,24.96996083391604,0.3546,4.946,-0.9237,-11.5003,10.7216,-0.0549,0.0102,-9.8608,15.3,,50.0,,,,0.727,0.4835,0.8731,213.63,14.94,1.22388,0.3053,349.04,25.808,1,31.55,24.479,1,3,10,0.7,9.771,0,0.0,0,0
1790741892.25652,47.3981828,8.5461534,9.534000396728516,0.13147985935211182,-0.032372161746025085,0.009528055787086487,356.92,0.011683399723924938,-0.0006286601503255496,0.0,1.7399539184570472,20.0,20.0,-1.5990985042273875,-88.81759179819275,4.813132830537784,-0.029924612740954266,14.0,0.0,0.0,"[20.0, 20.0, 20.0, 20.0, 20.0, 20.0, 20.0, 20.0, 20.0, 20.0, 20.0, 20.0, 20.0, 20.0, 20.0, 20.0, 20.0, 20.0, 20.0, 20.0, 20.0, 20.0, 20.0, 20.0, 20.0, 20.0, 20.0, 20.0, 20.0, 20.0, 20.0, 20.0, 20.0, 20.0, 20.0, 20.0, 20.0, 20.0, 20.0, 20.0, 20.0, 20.0, 20.0, 20.0, 20.0, 20.0, 20.0, 20.0, 20.0, 20.0, 20.0, 20.0, 20.0, 20.0, 20.0, 20.0, 20.0, 20.0, 20.0, 20.0, 20.0, 20.0, 20.0, 20.0, 20.0, 20.0, 20.0, 20.0, 20.0, 20.0, 20.0, 20.0]",24.992648354819806,24.96996083391604,0.3294,3.0363,-0.7396,-8.0355,10.5673,-0.045,0.0045,-9.8428,15.3,,50.0,,,,0.8122,0.5276,0.9686,213.01,14.94,1.22388,0.1354,346.17,25.812,1,31.75,24.494,1,3,10,0.7,9.762,0,0.0,0,0
1790741892.4576993,47.3981828,8.5461533,9.53600025177002,0.033540137112140656,-0.01945216953754425,0.0059530832804739475,359.07,0.032956650512779004,-0.0005349849013880775,0.0,3.8923972320556572,20.0,20.0,-1.6009334901945194,-86.66738793028864,3.605863328953051,-0.018827926354809732,14.0,0.0,0.0,"[20.0, 20.0, 20.0, 20.0, 20.0, 20.0, 20.0, 20.0, 20.0, 20.0, 20.0, 20.0, 20.0, 20.0, 20.0, 20.0, 20.0, 20.0, 20.0, 20.0, 20.0, 20.0, 20.0, 20.0, 20.0, 20.0, 20.0, 20.0, 20.0, 20.0, 20.0, 20.0, 20.0, 20.0, 20.0, 20.0, 20.0, 20.0, 20.0, 20.0, 20.0, 20.0, 20.0, 20.0, 20.0, 20.0, 20.0, 20.0, 20.0, 20.0, 20.0, 20.0, 20.0, 20.0, 20.0, 20.0, 20.0, 20.0, 20.0, 20.0, 20.0, 20.0, 20.0, 20.0, 20.0, 20.0, 20.0, 20.0, 20.0, 20.0, 20.0, 20.0]",24.992648354819806,24.96996083391604,0.2929,1.7235,-0.4451,-5.2114,10.6078,-0.0206,0.008,-9.8133,15.3,,50.0,,,,0.7707,0.5537,0.949,215.69,14.94,1.22388,0.0388,329.89,25.817,1,31.95,24.499,1,3,10,0.7,9.785,0,0.0,0,0
1790741892.6589308,47.3981828,8.5461532,9.539000511169434,-0.015201788395643234,-0.01380053348839283,0.003848169231787324,1.2,0.05397144099559715,0.0011305405252591597,0.0,6.025727462768543,20.0,20.0,-1.6019155496257733,-84.53667343857629,2.5725967731774886,-0.01407926471251351,14.0,0.0,0.0,"[20.0, 20.0, 20.0, 20.0, 20.0, 20.0, 20.0, 20.0, 20.0, 20.0, 20.0, 20.0, 20.0, 20.0, 20.0, 20.0, 20.0, 20.0, 20.0, 20.0, 20.0, 20.0, 20.0, 20.0, 20.0, 20.0, 20.0, 20.0, 20.0, 20.0, 20.0, 20.0, 20.0, 20.0, 20.0, 20.0, 20.0, 20.0, 20.0, 20.0, 20.0, 20.0, 20.0, 20.0, 20.0, 20.0, 20.0, 20.0, 20.0, 20.0, 20.0, 20.0, 20.0, 20.0, 20.0, 20.0, 20.0, 20.0, 20.0, 20.0, 20.0, 20.0, 20.0, 20.0, 20.0, 20.0, 20.0, 20.0, 20.0, 20.0, 20.0, 20.0]",24.992648354819806,24.96996083391604,0.2554,0.8583,-0.2825,-3.263,10.5521,-0.0177,0.0116,-9.8044,15.3,,50.0,,,,0.6498,0.6516,0.9203,225.08,14.94,1.22388,0.0205,222.23,25.824,1,32.15,24.506,1,3,10,0.7,9.76,0,0.0,0,0
1790741892.8590744,47.398182899999995,8.5461531,9.542000770568848,-0.0322151817381382,-0.012413873337209225,0.003237525699660182,3.33,0.06988180775175848,0.0040660724718416304,0.0,8.13550575256346,20.0,20.0,-1.6068242875646992,-82.40679039931979,2.0086614819415716,-0.013001884814553421,14.0,0.0,0.0,"[20.0, 20.0, 20.0, 20.0, 20.0, 20.0, 20.0, 20.0, 20.0, 20.0, 20.0, 20.0, 20.0, 20.0, 20.0, 20.0, 20.0, 20.0, 20.0, 20.0, 20.0, 20.0, 20.0, 20.0, 20.0, 20.0, 20.0, 20.0, 20.0, 20.0, 20.0, 20.0, 20.0, 20.0, 20.0, 20.0, 20.0, 20.0, 20.0, 20.0, 20.0, 20.0, 20.0, 20.0, 20.0, 20.0, 20.0, 20.0, 20.0, 20.0, 20.0, 20.0, 20.0, 20.0, 20.0, 20.0, 20.0, 20.0, 20.0, 20.0, 20.0, 20.0, 20.0, 20.0, 20.0, 20.0, 20.0, 20.0, 20.0, 20.0, 20.0, 20.0]",24.992648354819806,24.96996083391604,0.2393,0.32,-0.0303,-1.8251,10.5337,-0.0114,-0.0038,-9.794,15.3,,50.0,,,,0.5618,0.7153,0.9096,231.85,14.94,1.22388,0.0345,201.07,25.833,1,32.35,24.517,1,3,10,0.7,9.82,0,0.0,0,0
1790741893.0600762,47.398182899999995,8.546153,9.546000480651855,-0.031033601611852646,-0.01009272038936615,0.002717637224122882,5.42,0.06968703377665583,0.006611907698329505,0.0,10.239599151611344,20.0,20.0,-1.6150251768011543,-80.31806952869513,1.3588568194646715,-0.01064995946310973,14.0,0.0,0.0,"[20.0, 20.0, 20.0, 20.0, 20.0, 20.0, 20.0, 20.0, 20.0, 20.0, 20.0, 20.0, 20.0, 20.0, 20.0, 20.0, 20.0, 20.0, 20.0, 20.0, 20.0, 20.0, 20.0, 20.0, 20.0, 20.0, 20.0, 20.0, 20.0, 20.0, 20.0, 20.0, 20.0, 20.0, 20.0, 20.0, 20.0, 20.0, 20.0, 20.0, 20.0, 20.0, 20.0, 20.0, 20.0, 20.0, 20.0, 20.0, 20.0, 20.0, 20.0, 20.0, 20.0, 20.0, 20.0, 20.0, 20.0, 20.0, 20.0, 20.0, 20.0, 20.0, 20.0, 20.0, 20.0, 20.0, 20.0, 20.0, 20.0, 20.0, 20.0, 20.0]",24.992648354819806,24.96996083391604,0.239,0.0272,-0.0107,-0.8444,10.3801,-0.0177,-0.0033,-9.7919,15.3,,50.0,,,,0.4821,0.6951,0.846,235.26,14.94,1.22388,0.0326,198.02,25.841,1,32.56,24.528,1,3,10,0.7,9.762,0,0.0,0,0
1790741893.2600014,47.3981831,8.5461529,9.551000595092773,-0.0213455893099308,-0.006023806519806385,0.002237501088529825,7.45,0.06940908726051119,0.009076266063902202,0.0,12.252799224853504,20.0,20.0,-1.6270294129284006,-78.29087837511145,0.6121375431624965,-0.0063972975132947476,14.0,0.0,0.0,"[20.0, 20.0, 20.0, 20.0, 20.0, 20.0, 20.0, 20.0, 20.0, 20.0, 20.0, 20.0, 20.0, 20.0, 20.0, 20.0, 20.0, 20.0, 20.0, 20.0, 20.0, 20.0, 20.0, 20.0, 20.0, 20.0, 20.0, 20.0, 20.0, 20.0, 20.0, 20.0, 20.0, 20.0, 20.0, 20.0, 20.0, 20.0, 20.0, 20.0, 20.0, 20.0, 20.0, 20.0, 20.0, 20.0, 20.0, 20.0, 20.0, 20.0, 20.0, 20.0, 20.0, 20.0, 20.0, 20.0, 20.0, 20.0, 20.0, 20.0, 20.0, 20.0, 20.0, 20.0, 20.0, 20.0, 20.0, 20.0, 20.0, 20.0, 20.0, 20.0]",24.992648354819806,24.96996083391604,0.2323,-0.0362,-0.0084,0.1219,10.4223,-0.0115,-0.0042,-9.7951,15.3,,50.0,,,,0.4464,0.6888,0.8208,237.05,14.94,1.22388,0.0222,195.76,25.847,1,32.76,24.541,1,3,10,0.7,9.775,0,0.0,0,0
1790741893.4610686,47.3981832,8.5461528,9.556000709533691,-0.010209189727902412,-0.0019210450118407607,0.00150308758020401,9.49,0.06904200749295811,0.011541282482563022,0.0,14.314068069458017,20.0,20.0,-1.643691471799867,-76.25533087592117,0.04039532277349668,-0.002093117966129218,14.0,0.0,0.0,"[20.0, 20.0, 20.0, 20.0, 20.0, 20.0, 20.0, 20.0, 20.0, 20.0, 20.0, 20.0, 20.0, 20.0, 20.0, 20.0, 20.0, 20.0, 20.0, 20.0, 20.0, 20.0, 20.0, 20.0, 20.0, 20.0, 20.0, 20.0, 20.0, 20.0, 20.0, 20.0, 20.0, 20.0, 20.0, 20.0, 20.0, 20.0, 20.0, 20.0, 20.0, 20.0, 20.0, 20.0, 20.0, 20.0, 20.0, 20.0, 20.0, 20.0, 20.0, 20.0, 20.0, 20.0, 20.0, 20.0, 20.0, 20.0, 20.0, 20.0, 20.0, 20.0, 20.0, 20.0, 20.0, 20.0, 20.0, 20.0, 20.0, 20.0, 20.0, 20.0]",24.992648354819806,24.96996083391604,0.2291,0.004,0.0743,0.3622,10.4852,-0.01,-0.0032,-9.7921,15.3,,50.0,,,,0.4787,0.6939,0.843,235.4,14.94,1.22388,0.0104,190.66,25.852,1,32.96,24.559,1,3,10,0.7,9.804,0,0.0,0,0
1790741893.6616602,47.3981834,8.5461528,9.562000274658203,1.819722820073366e-05,0.0034044370986521244,0.0017686036881059408,11.52,0.06858985366689728,0.013979698636008472,0.0,16.332486648559552,20.0,20.0,-1.6635419222420582,-74.23145688677104,-0.6363811093689359,0.003404289479124399,14.0,0.0,0.0,"[20.0, 20.0, 20.0, 20.0, 20.0, 20.0, 20.0, 20.0, 20.0, 20.0, 20.0, 20.0, 20.0, 20.0, 20.0, 20.0, 20.0, 20.0, 20.0, 20.0, 20.0, 20.0, 20.0, 20.0, 20.0, 20.0, 20.0, 20.0, 20.0, 20.0, 20.0, 20.0, 20.0, 20.0, 20.0, 20.0, 20.0, 20.0, 20.0, 20.0, 20.0, 20.0, 20.0, 20.0, 20.0, 20.0, 20.0, 20.0, 20.0, 20.0, 20.0, 20.0, 20.0, 20.0, 20.0, 20.0, 20.0, 20.0, 20.0, 20.0, 20.0, 20.0, 20.0, 20.0, 20.0, 20.0, 20.0, 20.0, 20.0, 20.0, 20.0, 20.0]",24.992648354819806,24.96996083391604,0.2286,0.0713,-0.032,0.5462,10.4498,-0.0155,-0.0101,-9.7824,15.3,,50.0,,,,0.4789,0.6099,0.7755,231.86,14.94,1.22388,0.0034,89.69,25.852,1,33.16,24.578,1,3,10,0.7,9.789,0,0.0,0,0
1790741893.8615465,47.398183599999996,8.5461529,9.565999984741211,0.007997375912964344,0.010779343545436859,0.0022555463947355747,13.540000000000001,0.06805446954889517,0.016388690442451403,0.0,18.34600929260256,20.0,20.0,-1.6849479766028992,-72.21901655024286,-1.64343596870259,0.010899679971849836,14.0,0.0,0.0,"[20.0, 20.0, 20.0, 20.0, 20.0, 20.0, 20.0, 20.0, 20.0, 20.0, 20.0, 20.0, 20.0, 20.0, 20.0, 20.0, 20.0, 20.0, 20.0, 20.0, 20.0, 20.0, 20.0, 20.0, 20.0, 20.0, 20.0, 20.0, 20.0, 20.0, 20.0, 20.0, 20.0, 20.0, 20.0, 20.0, 20.0, 20.0, 20.0, 20.0, 20.0, 20.0, 20.0, 20.0, 20.0, 20.0, 20.0, 20.0, 20.0, 20.0, 20.0, 20.0, 20.0, 20.0, 20.0, 20.0, 20.0, 20.0, 20.0, 20.0, 20.0, 20.0, 20.0, 20.0, 20.0, 20.0, 20.0, 20.0, 20.0, 20.0, 20.0, 20.0]",24.992648354819806,24.96996083391604,0.2097,0.1386,-0.1978,0.4498,10.3375,-0.0111,-0.0161,-9.8009,15.3,,50.0,,,,0.3765,0.6304,0.7343,239.15,14.94,1.22388,0.0134,53.43,25.845,1,33.36,24.601,1,3,10,0.7,9.812,0,0.0,0,0
1790741894.0631046,47.3981838,8.546153,9.567000389099121,0.013045844621956348,0.01789112016558647,0.0028220799285918474,15.55,0.0674377813786219,0.018765544029662358,0.0,20.375178146362316,20.0,20.0,-1.7062908554369203,-70.21719914025064,-2.622110183940863,0.01807603867785626,14.0,0.0,0.0,"[20.0, 20.0, 20.0, 20.0, 20.0, 20.0, 20.0, 20.0, 20.0, 20.0, 20.0, 20.0, 20.0, 20.0, 20.0, 20.0, 20.0, 20.0, 20.0, 20.0, 20.0, 20.0, 20.0, 20.0, 20.0, 20.0, 20.0, 20.0, 20.0, 20.0, 20.0, 20.0, 20.0, 20.0, 20.0, 20.0, 20.0, 20.0, 20.0, 20.0, 20.0, 20.0, 20.0, 20.0, 20.0, 20.0, 20.0, 20.0, 20.0, 20.0, 20.0, 20.0, 20.0, 20.0, 20.0, 20.0, 20.0, 20.0, 20.0, 20.0, 20.0, 20.0, 20.0, 20.0, 20.0, 20.0, 20.0, 20.0, 20.0, 20.0, 20.0, 20.0]",24.992648354819806,24.96996083391604,0.183,0.1912,-0.1535,0.2702,10.1978,-0.0094,-0.0108,-9.8142,15.3,,50.0,,,,0.5119,0.6758,0.8478,232.86,14.94,1.22388,0.0221,53.9,25.835,1,33.56,24.625,1,3,10,0.7,9.785,0,0.0,0,0
1790741894.2638288,47.3981839,8.5461532,9.567000389099121,0.013343230821192265,0.022893410176038742,0.0027863015420734882,17.57,0.06673442003402817,0.02113095319009295,0.0,22.39253456115722,20.0,20.0,-1.723458471969733,-68.20423120057217,-3.3950881736074665,0.023072671052842154,14.0,0.0,0.0,"[20.0, 20.0, 20.0, 20.0, 20.0, 20.0, 20.0, 20.0, 20.0, 20.0, 20.0, 20.0, 20.0, 20.0, 20.0, 20.0, 20.0, 20.0, 20.0, 20.0, 20.0, 20.0, 20.0, 20.0, 20.0, 20.0, 20.0, 20.0, 20.0, 20.0, 20.0, 20.0, 20.0, 20.0, 20.0, 20.0, 20.0, 20.0, 20.0, 20.0, 20.0, 20.0, 20.0, 20.0, 20.0, 20.0, 20.0, 20.0, 20.0, 20.0, 20.0, 20.0, 20.0, 20.0, 20.0, 20.0, 20.0, 20.0, 20.0, 20.0, 20.0, 20.0, 20.0, 20.0, 20.0, 20.0, 20.0, 20.0, 20.0, 20.0, 20.0, 20.0]",24.992648354819806,24.96996083391604,0.1616,0.2054,-0.1807,0.0298,10.2164,-0.0068,-0.0165,-9.8052,15.3,,50.0,,,,0.6113,0.7326,0.9541,230.16,14.94,1.22388,0.0265,59.76,25.824,1,33.76,24.645,1,3,10,0.7,9.816,0,0.0,0,0
1790741894.464442,47.398184099999995,8.5461533,9.567000389099121,0.010507889091968536,0.025642050430178642,0.0028997838962823153,19.6,0.06594402169511077,0.023481609882517837,0.0,24.422156906127924,20.0,20.0,-1.7355359071638614,-66.17964721519377,-3.9341122261438293,0.025777269985397925,14.0,0.0,0.0,"[20.0, 20.0, 20.0, 20.0, 20.0, 20.0, 20.0, 20.0, 20.0, 20.0, 20.0, 20.0, 20.0, 20.0, 20.0, 20.0, 20.0, 20.0, 20.0, 20.0, 20.0, 20.0, 20.0, 20.0, 20.0, 20.0, 20.0, 20.0, 20.0, 20.0, 20.0, 20.0, 20.0, 20.0, 20.0, 20.0, 20.0, 20.0, 20.0, 20.0, 20.0, 20.0, 20.0, 20.0, 20.0, 20.0, 20.0, 20.0, 20.0, 20.0, 20.0, 20.0, 20.0, 20.0, 20.0, 20.0, 20.0, 20.0, 20.0, 20.0, 20.0, 20.0, 20.0, 20.0, 20.0, 20.0, 20.0, 20.0, 20.0, 20.0, 20.0, 20.0]",24.992648354819806,24.96996083391604,0.1385,0.1824,-0.1085,-0.153,10.1943,-0.0115,-0.0113,-9.814,15.3,,50.0,,,,0.6646,0.735,0.9909,227.88,14.94,1.22388,0.0277,67.72,25.814,1,33.96,24.662,1,3,10,0.7,9.823,0,0.0,0,0
1790741894.6653905,47.398184099999995,8.5461534,9.565000534057617,0.006098493933677673,0.027920503169298172,0.003349516075104475,21.64,0.06506634819357222,0.02581414985531812,0.0,26.445723190307604,20.0,20.0,-1.7425804115202224,-64.14355466150556,-4.517684194938302,0.027996063973579968,14.0,0.0,0.0,"[20.0, 20.0, 20.0, 20.0, 20.0, 20.0, 20.0, 20.0, 20.0, 20.0, 20.0, 20.0, 20.0, 20.0, 20.0, 20.0, 20.0, 20.0, 20.0, 20.0, 20.0, 20.0, 20.0, 20.0, 20.0, 20.0, 20.0, 20.0, 20.0, 20.0, 20.0, 20.0, 20.0, 20.0, 20.0, 20.0, 20.0, 20.0, 20.0, 20.0, 20.0, 20.0, 20.0, 20.0, 20.0, 20.0, 20.0, 20.0, 20.0, 20.0, 20.0, 20.0, 20.0, 20.0, 20.0, 20.0, 20.0, 20.0, 20.0, 20.0, 20.0, 20.0, 20.0, 20.0, 20.0, 20.0, 20.0, 20.0, 20.0, 20.0, 20.0, 20.0]",24.992648354819806,24.96996083391604,0.1264,0.1314,-0.149,-0.2978,10.1918,-0.0096,-0.0115,-9.8196,15.3,,50.0,,,,0.4526,0.772,0.8949,239.61,14.94,1.22388,0.0286,77.68,25.803,1,34.16,24.674,1,3,10,0.7,9.813,0,0.0,0,0
1790741894.8667514,47.398184199999996,8.5461536,9.564000129699707,0.00278955465182662,0.031849801540374756,0.002924953820183873,23.7,0.06409638153376927,0.0281363443659172,0.0,28.524468612670887,20.0,20.0,-1.7464357818214093,-62.086756399827095,-5.340189788635423,0.031882355981383885,14.0,0.0,0.0,"[20.0, 20.0, 20.0, 20.0, 20.0, 20.0, 20.0, 20.0, 20.0, 20.0, 20.0, 20.0, 20.0, 20.0, 20.0, 20.0, 20.0, 20.0, 20.0, 20.0, 20.0, 20.0, 20.0, 20.0, 20.0, 20.0, 20.0, 20.0, 20.0, 20.0, 20.0, 20.0, 20.0, 20.0, 20.0, 20.0, 20.0, 20.0, 20.0, 20.0, 20.0, 20.0, 20.0, 20.0, 20.0, 20.0, 20.0, 20.0, 20.0, 20.0, 20.0, 20.0, 20.0, 20.0, 20.0, 20.0, 20.0, 20.0, 20.0, 20.0, 20.0, 20.0, 20.0, 20.0, 20.0, 20.0, 20.0, 20.0, 20.0, 20.0, 20.0, 20.0]",24.992648354819806,24.96996083391604,0.1032,0.0808,-0.2136,-0.1315,10.1184,-0.0094,-0.0124,-9.812,15.3,,50.0,,,,0.3787,0.9195,0.9944,247.62,14.94,1.22388,0.032,84.99,25.791,1,34.36,24.687,1,3,10,0.7,9.827,0,0.0,0,0
1790741895.066632,47.398184199999996,8.5461537,9.563000679016113,-0.000537434418220073,0.03521404787898064,0.002423014724627137,25.75,0.06304887675258114,0.030411168018309197,0.0,30.569805145263672,20.0,20.0,-1.7470830104655275,-60.03900947242107,-6.079221474672568,0.035204568357824984,14.0,0.0,0.0,"[20.0, 20.0, 20.0, 20.0, 20.0, 20.0, 20.0, 20.0, 20.0, 20.0, 20.0, 20.0, 20.0, 20.0, 20.0, 20.0, 20.0, 20.0, 20.0, 20.0, 20.0, 20.0, 20.0, 20.0, 20.0, 20.0, 20.0, 20.0, 20.0, 20.0, 20.0, 20.0, 20.0, 20.0, 20.0, 20.0, 20.0, 20.0, 20.0, 20.0, 20.0, 20.0, 20.0, 20.0, 20.0, 20.0, 20.0, 20.0, 20.0, 20.0, 20.0, 20.0, 20.0, 20.0, 20.0, 20.0, 20.0, 20.0, 20.0, 20.0, 20.0, 20.0, 20.0, 20.0, 20.0, 20.0, 20.0, 20.0, 20.0, 20.0, 20.0, 20.0]",24.992648354819806,24.96996083391604,0.0679,0.0435,-0.2279,-0.2408,10.089,-0.0012,-0.0156,-9.8104,15.3,,50.0,,,,0.397,0.9342,1.0151,246.98,14.94,1.22388,0.0352,90.87,25.779,1,34.56,24.7,1,3,10,0.7,9.789,0,0.0,0,0
1790741895.2678566,47.398184199999996,8.5461539,9.564000129699707,-0.0023157030809670687,0.03659840300679207,0.0014248903607949615,27.78,0.06193206046784739,0.03262544844453321,0.0,32.60541847229004,20.0,20.0,-1.7459845344225615,-58.01055303039385,-6.363993818793521,0.03656653626895639,14.0,0.0,0.0,"[20.0, 20.0, 20.0, 20.0, 20.0, 20.0, 20.0, 20.0, 20.0, 20.0, 20.0, 20.0, 20.0, 20.0, 20.0, 20.0, 20.0, 20.0, 20.0, 20.0, 20.0, 20.0, 20.0, 20.0, 20.0, 20.0, 20.0, 20.0, 20.0, 20.0, 20.0, 20.0, 20.0, 20.0, 20.0, 20.0, 20.0, 20.0, 20.0, 20.0, 20.0, 20.0, 20.0, 20.0, 20.0, 20.0, 20.0, 20.0, 20.0, 20.0, 20.0, 20.0, 20.0, 20.0, 20.0, 20.0, 20.0, 20.0, 20.0, 20.0, 20.0, 20.0, 20.0, 20.0, 20.0, 20.0, 20.0, 20.0, 20.0, 20.0, 20.0, 20.0]",24.992648354819806,24.96996083391604,0.0407,0.0046,-0.0467,-0.1116,10.0882,-0.0061,-0.0245,-9.8044,15.3,,50.0,,,,0.3131,0.9381,0.989,251.54,14.94,1.22388,0.0367,93.62,25.767,1,34.76,24.712,1,3,10,0.7,9.799,0,0.0,0,0
1790741895.4683683,47.398184199999996,8.546154,9.564000129699707,-0.0027045835740864277,0.034499481320381165,0.0014071090845391154,29.77,0.06076178845541885,0.03475636723967173,0.0,34.59066345214842,20.0,20.0,-1.7443983846936786,-56.02142211065737,-5.9542899832932825,0.034462783468358106,14.0,0.0,0.0,"[20.0, 20.0, 20.0, 20.0, 20.0, 20.0, 20.0, 20.0, 20.0, 20.0, 20.0, 20.0, 20.0, 20.0, 20.0, 20.0, 20.0, 20.0, 20.0, 20.0, 20.0, 20.0, 20.0, 20.0, 20.0, 20.0, 20.0, 20.0, 20.0, 20.0, 20.0, 20.0, 20.0, 20.0, 20.0, 20.0, 20.0, 20.0, 20.0, 20.0, 20.0, 20.0, 20.0, 20.0, 20.0, 20.0, 20.0, 20.0, 20.0, 20.0, 20.0, 20.0, 20.0, 20.0, 20.0, 20.0, 20.0, 20.0, 20.0, 20.0, 20.0, 20.0, 20.0, 20.0, 20.0, 20.0, 20.0, 20.0, 20.0, 20.0, 20.0, 20.0]",24.992648354819806,24.96996083391604,0.0424,-0.0332,0.1669,-0.2634,10.0883,-0.0059,-0.014,-9.7978,15.3,,50.0,,,,0.3052,0.9198,0.9691,251.64,14.94,1.22388,0.0346,94.48,25.759,1,34.96,24.72,1,3,10,0.7,9.777,0,0.0,0,0
1790741895.6688528,47.398184099999995,8.546154099999999,9.564000129699707,-0.0026064265985041857,0.03363177180290222,0.0014201431768015027,31.77,0.059511794291748556,0.03685575043567289,0.0,36.57897903442381,20.0,20.0,-1.7417437057946075,-54.02166192999354,-5.703971747442941,0.03359610737720645,14.0,0.0,0.0,"[20.0, 20.0, 20.0, 20.0, 20.0, 20.0, 20.0, 20.0, 20.0, 20.0, 20.0, 20.0, 20.0, 20.0, 20.0, 20.0, 20.0, 20.0, 20.0, 20.0, 20.0, 20.0, 20.0, 20.0, 20.0, 20.0, 20.0, 20.0, 20.0, 20.0, 20.0, 20.0, 20.0, 20.0, 20.0, 20.0, 20.0, 20.0, 20.0, 20.0, 20.0, 20.0, 20.0, 20.0, 20.0, 20.0, 20.0, 20.0, 20.0, 20.0, 20.0, 20.0, 20.0, 20.0, 20.0, 20.0, 20.0, 20.0, 20.0, 20.0, 20.0, 20.0, 20.0, 20.0, 20.0, 20.0, 20.0, 20.0, 20.0, 20.0, 20.0, 20.0]",24.992648354819806,24.96996083391604,0.0691,-0.0707,0.0793,-0.1313,10.1703,-0.0055,-0.0159,-9.8071,15.3,,50.0,,,,0.3757,1.0142,1.0816,249.67,14.94,1.22388,0.0337,94.43,25.752,1,35.16,24.727,1,3,10,0.7,9.773,0,0.0,0,0
1790741895.8696773,47.398184099999995,8.5461542,9.563000679016113,-0.0007650094339624047,0.035801924765110016,0.0017235793638974428,33.81,0.05816211553020085,0.03895084488238436,0.0,38.63164764404297,20.0,20.0,-1.7393361207702782,-51.98207303288001,-5.710841365805053,0.03538589413106547,14.0,0.0,0.0,"[20.0, 20.0, 20.0, 20.0, 20.0, 20.0, 20.0, 20.0, 20.0, 20.0, 20.0, 20.0, 20.0, 20.0, 20.0, 20.0, 20.0, 20.0, 20.0, 20.0, 20.0, 20.0, 20.0, 20.0, 20.0, 20.0, 20.0, 20.0, 20.0, 20.0, 20.0, 20.0, 20.0, 20.0, 20.0, 20.0, 20.0, 20.0, 20.0, 20.0, 20.0, 20.0, 20.0, 20.0, 20.0, 20.0, 20.0, 20.0, 20.0, 20.0, 20.0, 20.0, 20.0, 20.0, 20.0, 20.0, 20.0, 20.0, 20.0, 20.0, 20.0, 20.0, 20.0, 20.0, 20.0, 20.0, 20.0, 20.0, 20.0, 20.0, 20.0, 20.0]",24.992648354819806,24.96996083391604,0.0761,-0.0859,-0.0152,-0.089,10.1211,-0.0081,-0.0128,-9.8113,15.3,,50.0,,,,0.3586,0.9638,1.0284,249.59,14.94,1.22388,0.0358,91.22,25.745,1,35.37,24.735,1,3,10,0.7,9.776,0,0.0,0,0
1790741896.071619,47.398184099999995,8.5461543,9.5600004196167,0.0022867601364851,0.03924807533621788,0.0019051022827625275,35.86,0.05673155656987166,0.04100646886967288,0.0,40.675673828125014,20.0,20.0,-1.7391899255822636,-49.93369218162732,-5.799271498546764,0.03927395976565071,14.0,0.0,0.0,"[20.0, 20.0, 20.0, 20.0, 20.0, 20.0, 20.0, 20.0, 20.0, 20.0, 20.0, 20.0, 20.0, 20.0, 20.0, 20.0, 20.0, 20.0, 20.0, 20.0, 20.0, 20.0, 20.0, 20.0, 20.0, 20.0, 20.0, 20.0, 20.0, 20.0, 20.0, 20.0, 20.0, 20.0, 20.0, 20.0, 20.0, 20.0, 20.0, 20.0, 20.0, 20.0, 20.0, 20.0, 20.0, 20.0, 20.0, 20.0, 20.0, 20.0, 20.0, 20.0, 20.0, 20.0, 20.0, 20.0, 20.0, 20.0, 20.0, 20.0, 20.0, 20.0, 20.0, 20.0, 20.0, 20.0, 20.0, 20.0, 20.0, 20.0, 20.0, 20.0]",24.992648354819806,24.96996083391604,0.0723,-0.0841,-0.0336,0.0605,9.972,0.0009,-0.0089,-9.8121,15.3,,50.0,,,,0.3326,0.9463,1.003,250.63,14.94,1.22388,0.0393,86.67,25.735,1,35.57,24.745,1,3,10,0.7,9.767,0,0.0,0,0
1790741896.27198,47.398184099999995,8.546154399999999,9.557000160217285,0.004075916949659586,0.042374756187200546,0.00136925361584872,37.89,0.0552433900066012,0.04299032287129923,0.0,42.71475471496581,20.0,20.0,-1.7386940944671996,-47.905070280842665,-5.888017290191273,0.04242309458254678,14.0,0.0,0.0,"[20.0, 20.0, 20.0, 20.0, 20.0, 20.0, 20.0, 20.0, 20.0, 20.0, 20.0, 20.0, 20.0, 20.0, 20.0, 20.0, 20.0, 20.0, 20.0, 20.0, 20.0, 20.0, 20.0, 20.0, 20.0, 20.0, 20.0, 20.0, 20.0, 20.0, 20.0, 20.0, 20.0, 20.0, 20.0, 20.0, 20.0, 20.0, 20.0, 20.0, 20.0, 20.0, 20.0, 20.0, 20.0, 20.0, 20.0, 20.0, 20.0, 20.0, 20.0, 20.0, 20.0, 20.0, 20.0, 20.0, 20.0, 20.0, 20.0, 20.0, 20.0, 20.0, 20.0, 20.0, 20.0, 20.0, 20.0, 20.0, 20.0, 20.0, 20.0, 20.0]",24.992648354819806,24.96996083391604,0.0681,-0.0624,0.0042,0.1118,9.8842,-0.0023,-0.0132,-9.8063,15.3,,50.0,,,,0.2716,1.0676,1.1016,255.73,14.94,1.22388,0.0426,84.51,25.725,1,35.77,24.754,1,3,10,0.7,9.772,0,0.0,0,0
1790741896.4727936,47.398184099999995,8.5461545,9.556000709533691,0.003024442121386528,0.04379413649439812,0.000989614287391305,39.86,0.053732894680338886,0.04486397250881388,0.0,44.664206848144545,20.0,20.0,-1.736243321597418,-45.93565166900467,-6.027816128463713,0.04382919517174668,14.0,0.0,0.0,"[20.0, 20.0, 20.0, 20.0, 20.0, 20.0, 20.0, 20.0, 20.0, 20.0, 20.0, 20.0, 20.0, 20.0, 20.0, 20.0, 20.0, 20.0, 20.0, 20.0, 20.0, 20.0, 20.0, 20.0, 20.0, 20.0, 20.0, 20.0, 20.0, 20.0, 20.0, 20.0, 20.0, 20.0, 20.0, 20.0, 20.0, 20.0, 20.0, 20.0, 20.0, 20.0, 20.0, 20.0, 20.0, 20.0, 20.0, 20.0, 20.0, 20.0, 20.0, 20.0, 20.0, 20.0, 20.0, 20.0, 20.0, 20.0, 20.0, 20.0, 20.0, 20.0, 20.0, 20.0, 20.0, 20.0, 20.0, 20.0, 20.0, 20.0, 20.0, 20.0]",24.992648354819806,24.96996083391604,0.064,-0.0608,-0.0721,-0.0559,9.8871,-0.0036,-0.0121,-9.8063,15.3,,50.0,,,,0.3863,1.024,1.0945,249.33,14.94,1.22388,0.0439,86.05,25.717,1,35.97,24.763,1,3,10,0.7,9.814,0,0.0,0,0
1790741896.672649,47.398184099999995,8.546154699999999,9.556000709533691,0.0005865642451681197,0.04528224095702171,0.0003871034423355013,41.84,0.07450104906055961,0.06670527482048245,0.0,46.66514381408692,20.0,20.0,-1.7313051169256581,-43.955459400923445,-6.342293737842925,0.04528603983211549,14.0,0.0,0.0,"[20.0, 20.0, 20.0, 20.0, 20.0, 20.0, 20.0, 20.0, 20.0, 20.0, 20.0, 20.0, 20.0, 20.0, 20.0, 20.0, 20.0, 20.0, 20.0, 20.0, 20.0, 20.0, 20.0, 20.0, 20.0, 20.0, 20.0, 20.0, 20.0, 20.0, 20.0, 20.0, 20.0, 20.0, 20.0, 20.0, 20.0, 20.0, 20.0, 20.0, 20.0, 20.0, 20.0, 20.0, 20.0, 20.0, 20.0, 20.0, 20.0, 20.0, 20.0, 20.0, 20.0, 20.0, 20.0, 20.0, 20.0, 20.0, 20.0, 20.0, 20.0, 20.0, 20.0, 20.0, 20.0, 20.0, 20.0, 20.0, 20.0, 20.0, 20.0, 20.0]",24.992648354819806,24.96996083391604,0.0494,-0.0802,-0.0977,-0.1626,9.8864,-0.0009,-0.0176,-9.8022,15.3,,50.0,,,,0.3641,1.1709,1.2262,252.73,14.94,1.22388,0.0453,89.26,25.708,1,36.17,24.773,1,3,10,0.7,9.795,0,0.0,0,0
1790741896.8737812,47.398184,8.5461548,9.559000015258789,0.0011669434607028961,0.04755663871765137,-0.00019095106108579785,44.050000000000004,0.07216394153331461,0.06922691342517266,0.0,48.63235145568848,20.0,20.0,-1.7268529673237165,-41.98537657108511,-6.3736898669416675,0.047567847953675406,14.0,0.0,0.0,"[20.0, 20.0, 20.0, 20.0, 20.0, 20.0, 20.0, 20.0, 20.0, 20.0, 20.0, 20.0, 20.0, 20.0, 20.0, 20.0, 20.0, 20.0, 20.0, 20.0, 20.0, 20.0, 20.0, 20.0, 20.0, 20.0, 20.0, 20.0, 20.0, 20.0, 20.0, 20.0, 20.0, 20.0, 20.0, 20.0, 20.0, 20.0, 20.0, 20.0, 20.0, 20.0, 20.0, 20.0, 20.0, 20.0, 20.0, 20.0, 20.0, 20.0, 20.0, 20.0, 20.0, 20.0, 20.0, 20.0, 20.0, 20.0, 20.0, 20.0, 20.0, 20.0, 20.0, 20.0, 20.0, 20.0, 20.0, 20.0, 20.0, 20.0, 20.0, 20.0]",24.992648354819806,24.96996083391604,0.0193,-0.2648,-0.0853,-0.9225,9.9413,-0.0061,-0.0242,-9.7965,15.3,,50.0,,,,0.391,1.1937,1.2561,251.86,14.94,1.22388,0.0476,88.59,25.7,1,36.37,24.782,1,3,10,0.7,9.803,0,0.0,0,0
1790741897.0744457,47.398184,8.5461549,9.56100082397461,0.00727044977247715,0.05196216702461243,-4.12269655498676e-05,45.99,0.06947839083576733,0.07192185486256847,0.0,50.81328414916993,20.0,20.0,-1.7250633372566277,-39.80608627601626,-5.875707289637225,0.05205331798669655,14.0,0.0,0.0,"[20.0, 20.0, 20.0, 20.0, 20.0, 20.0, 20.0, 20.0, 20.0, 20.0, 20.0, 20.0, 20.0, 20.0, 20.0, 20.0, 20.0, 20.0, 20.0, 20.0, 20.0, 20.0, 20.0, 20.0, 20.0, 20.0, 20.0, 20.0, 20.0, 20.0, 20.0, 20.0, 20.0, 20.0, 20.0, 20.0, 20.0, 20.0, 20.0, 20.0, 20.0, 20.0, 20.0, 20.0, 20.0, 20.0, 20.0, 20.0, 20.0, 20.0, 20.0, 20.0, 20.0, 20.0, 20.0, 20.0, 20.0, 20.0, 20.0, 20.0, 20.0, 20.0, 20.0, 20.0, 20.0, 20.0, 20.0, 20.0, 20.0, 20.0, 20.0, 20.0]",24.992648354819806,24.96996083391604,0.0086,-0.3477,0.1275,-0.1292,9.8688,-0.0054,-0.0084,-9.8073,15.3,,50.0,,,,0.5876,1.258,1.3885,244.96,14.94,1.22388,0.0525,82.03,25.692,1,36.57,24.79,1,3,10,0.7,9.788,0,0.0,0,0
1790741897.2752347,47.398184099999995,8.546154999999999,9.5600004196167,0.015308680944144726,0.05639779195189476,0.0007955073961056769,47.94,0.06699084587661708,0.07424437061983445,0.0,52.74333709716797,20.0,20.0,-1.7263144037536624,-37.85782456281433,-5.0320156633307125,0.05659322937395336,14.0,0.0,0.0,"[20.0, 20.0, 20.0, 20.0, 20.0, 20.0, 20.0, 20.0, 20.0, 20.0, 20.0, 20.0, 20.0, 20.0, 20.0, 20.0, 20.0, 20.0, 20.0, 20.0, 20.0, 20.0, 20.0, 20.0, 20.0, 20.0, 20.0, 20.0, 20.0, 20.0, 20.0, 20.0, 20.0, 20.0, 20.0, 20.0, 20.0, 20.0, 20.0, 20.0, 20.0, 20.0, 20.0, 20.0, 20.0, 20.0, 20.0, 20.0, 20.0, 20.0, 20.0, 20.0, 20.0, 20.0, 20.0, 20.0, 20.0, 20.0, 20.0, 20.0, 20.0, 20.0, 20.0, 20.0, 20.0, 20.0, 20.0, 20.0, 20.0, 20.0, 20.0, 20.0]",24.992648354819806,24.96996083391604,0.0372,-0.3273,0.2837,0.167,9.9914,-0.0052,-0.0181,-9.8015,15.3,,50.0,,,,0.7134,1.2618,1.4495,240.52,14.94,1.22388,0.0584,74.81,25.684,1,36.77,24.798,1,3,10,0.7,9.777,0,0.0,0,0
1790741897.4760358,47.398184099999995,8.5461551,9.558000564575195,0.022441038861870766,0.060264747589826584,0.0011664822231978178,49.94,0.06435894569571494,0.07653708976003737,0.0,54.761905136108396,20.0,20.0,-1.7303748680592577,-35.86049813503078,-4.120096951579013,0.0605490773016585,14.0,0.0,0.0,"[20.0, 20.0, 20.0, 20.0, 20.0, 20.0, 20.0, 20.0, 20.0, 20.0, 20.0, 20.0, 20.0, 20.0, 20.0, 20.0, 20.0, 20.0, 20.0, 20.0, 20.0, 20.0, 20.0, 20.0, 20.0, 20.0, 20.0, 20.0, 20.0, 20.0, 20.0, 20.0, 20.0, 20.0, 20.0, 20.0, 20.0, 20.0, 20.0, 20.0, 20.0, 20.0, 20.0, 20.0, 20.0, 20.0, 20.0, 20.0, 20.0, 20.0, 20.0, 20.0, 20.0, 20.0, 20.0, 20.0, 20.0, 20.0, 20.0, 20.0, 20.0, 20.0, 20.0, 20.0, 20.0, 20.0, 20.0, 20.0, 20.0, 20.0, 20.0, 20.0]",24.992648354819806,24.96996083391604,0.0863,-0.2813,0.3113,0.2312,10.1857,-0.0106,-0.0163,-9.804,15.3,,50.0,,,,0.7167,1.2665,1.4552,240.5,14.94,1.22388,0.0643,69.58,25.676,1,36.97,24.808,1,3,10,0.7,9.777,0,0.0,0,0
1790741897.6776974,47.398184099999995,8.5461552,9.555000305175781,0.024892831221222878,0.06376676261425018,0.001455190242268145,51.96,0.061621146053567034,0.07875807488153175,0.0,56.78346725463868,20.0,20.0,-1.7324465432190521,-33.84254830937411,-3.754879029066716,0.0640798107980406,14.0,0.0,0.0,"[20.0, 20.0, 20.0, 20.0, 20.0, 20.0, 20.0, 20.0, 20.0, 20.0, 20.0, 20.0, 20.0, 20.0, 20.0, 20.0, 20.0, 20.0, 20.0, 20.0, 20.0, 20.0, 20.0, 20.0, 20.0, 20.0, 20.0, 20.0, 20.0, 20.0, 20.0, 20.0, 20.0, 20.0, 20.0, 20.0, 20.0, 20.0, 20.0, 20.0, 20.0, 20.0, 20.0, 20.0, 20.0, 20.0, 20.0, 20.0, 20.0, 20.0, 20.0, 20.0, 20.0, 20.0, 20.0, 20.0, 20.0, 20.0, 20.0, 20.0, 20.0, 20.0, 20.0, 20.0, 20.0, 20.0, 20.0, 20.0, 20.0, 20.0, 20.0, 20.0]",24.992648354819806,24.96996083391604,0.1159,-0.2443,0.2069,0.1279,10.2968,0.0009,-0.017,-9.8069,15.3,,50.0,,,,0.7313,1.1937,1.3999,238.51,14.94,1.22388,0.0685,68.68,25.667,1,37.17,24.816,1,3,10,0.7,9.723,0,0.0,0,0
1790741897.8782997,47.398184099999995,8.5461554,9.551000595092773,0.024483056738972664,0.06712354719638824,0.001688120188191533,53.980000000000004,0.05880676166819415,0.08088117693320376,0.0,58.80382202148439,20.0,20.0,-1.7334095603991366,-31.82444813336889,-3.7515139589810347,0.06742950442339565,14.0,0.0,0.0,"[20.0, 20.0, 20.0, 20.0, 20.0, 20.0, 20.0, 20.0, 20.0, 20.0, 20.0, 20.0, 20.0, 20.0, 20.0, 20.0, 20.0, 20.0, 20.0, 20.0, 20.0, 20.0, 20.0, 20.0, 20.0, 20.0, 20.0, 20.0, 20.0, 20.0, 20.0, 20.0, 20.0, 20.0, 20.0, 20.0, 20.0, 20.0, 20.0, 20.0, 20.0, 20.0, 20.0, 20.0, 20.0, 20.0, 20.0, 20.0, 20.0, 20.0, 20.0, 20.0, 20.0, 20.0, 20.0, 20.0, 20.0, 20.0, 20.0, 20.0, 20.0, 20.0, 20.0, 20.0, 20.0, 20.0, 20.0, 20.0, 20.0, 20.0, 20.0, 20.0]",24.992648354819806,24.96996083391604,0.1126,-0.2292,0.0463,-0.0161,10.3901,-0.0026,-0.011,-9.8123,15.3,,50.0,,,,0.7012,1.2293,1.4152,240.3,14.94,1.22388,0.0714,69.96,25.658,1,37.37,24.826,1,3,10,0.7,9.704,0,0.0,0,0
1790741898.0786698,47.398184199999996,8.5461555,9.544000625610352,0.02336125075817108,0.07180193811655045,0.0019081133650615811,56.04,0.11676517938846641,0.17567610099675954,0.0,60.86380485534667,20.0,20.0,-1.7335284321594266,-29.766633285487927,-3.953443692658453,0.07209230006128045,14.0,0.0,0.037393988746736065,"[20.0, 20.0, 20.0, 20.0, 20.0, 20.0, 20.0, 20.0, 20.0, 20.0, 20.0, 20.0, 20.0, 20.0, 20.0, 20.0, 20.0, 20.0, 20.0, 20.0, 20.0, 20.0, 20.0, 20.0, 20.0, 20.0, 20.0, 20.0, 20.0, 20.0, 20.0, 20.0, 20.0, 20.0, 20.0, 20.0, 20.0, 20.0, 20.0, 20.0, 20.0, 20.0, 20.0, 20.0, 20.0, 20.0, 20.0, 20.0, 20.0, 20.0, 20.0, 20.0, 20.0, 20.0, 20.0, 20.0, 20.0, 20.0, 20.0, 20.0, 20.0, 20.0, 20.0, 20.0, 20.0, 20.0, 20.0, 20.0, 20.0, 20.0, 20.0, 20.0]",24.992648354819806,24.96996083391604,0.1035,-0.2222,-0.0779,0.0031,10.3386,-0.0144,-0.0149,-9.8174,15.3,,50.0,,,,0.7135,1.246,1.4358,240.2,14.94,1.22388,0.0755,71.98,25.644,1,37.57,24.839,1,3,10,0.7,9.71,0,0.0,0,0
1790741898.2794468,47.398184199999996,8.5461557,9.539000511169434,0.02609896846115589,0.0828152447938919,0.0007103058742359281,58.1,0.11266112242771718,0.18327841361149222,0.0,62.92327842712402,20.0,20.0,-1.7328936475546746,-27.70913447201542,-4.119228010162179,0.08313888718482661,14.0,0.0,0.002371732960421387,"[20.0, 20.0, 20.0, 20.0, 20.0, 20.0, 20.0, 20.0, 20.0, 20.0, 20.0, 20.0, 20.0, 20.0, 20.0, 20.0, 20.0, 20.0, 20.0, 20.0, 20.0, 20.0, 20.0, 20.0, 20.0, 20.0, 20.0, 20.0, 20.0, 20.0, 20.0, 20.0, 20.0, 20.0, 20.0, 20.0, 20.0, 20.0, 20.0, 20.0, 20.0, 20.0, 20.0, 20.0, 20.0, 20.0, 20.0, 20.0, 20.0, 20.0, 20.0, 20.0, 20.0, 20.0, 20.0, 20.0, 20.0, 20.0, 20.0, 20.0, 20.0, 20.0, 20.0, 20.0, 20.0, 20.0, 20.0, 20.0, 20.0, 20.0, 20.0, 20.0]",24.992648354819806,24.96996083391604,0.0608,-0.7735,-0.0889,-3.2238,10.3591,-0.0163,-0.0098,-9.8042,15.3,,50.0,,,,0.772,1.2073,1.433,237.4,14.94,1.22388,0.0868,72.51,25.628,1,37.77,24.856,1,3,10,0.7,9.712,0,0.0,0,0
1790741898.4804206,47.398184199999996,8.546156,9.534000396728516,0.04073129966855049,0.11014629900455475,0.0005923769203945994,60.17,0.10799605434237157,0.1905980994164644,0.0,64.99407379150392,20.0,20.0,-1.7356254755378964,-25.643723115410467,-3.7104870684749325,0.11064601743303629,14.0,0.0,0.002425873709308328,"[20.0, 20.0, 20.0, 20.0, 20.0, 20.0, 20.0, 20.0, 20.0, 20.0, 20.0, 20.0, 20.0, 20.0, 20.0, 20.0, 20.0, 20.0, 20.0, 20.0, 20.0, 20.0, 20.0, 20.0, 20.0, 20.0, 20.0, 20.0, 20.0, 20.0, 20.0, 20.0, 20.0, 20.0, 20.0, 20.0, 20.0, 20.0, 20.0, 20.0, 20.0, 20.0, 20.0, 20.0, 20.0, 20.0, 20.0, 20.0, 20.0, 20.0, 20.0, 20.0, 20.0, 20.0, 20.0, 20.0, 20.0, 20.0, 20.0, 20.0, 20.0, 20.0, 20.0, 20.0, 20.0, 20.0, 20.0, 20.0, 20.0, 20.0, 20.0, 20.0]",24.992648354819806,24.96996083391604,0.0371,-1.032,0.1476,-0.0814,10.2922,-0.0137,-0.0084,-9.8086,15.3,,50.0,,,,0.7518,1.1456,1.3703,236.73,14.94,1.22388,0.1174,69.71,25.606,1,37.98,24.879,1,3,10,0.7,9.693,0,0.0,0,0
1790741898.6810741,47.398184199999996,8.5461565,9.529000282287598,0.053918518126010895,0.14045630395412445,0.0006149913533590734,62.26,0.1027617829739114,0.19762659891622078,0.0,67.07256675720214,20.0,20.0,-1.7380254426717787,-23.559614945706727,-3.368009360025033,0.14110849241530565,14.0,0.0,0.002496707467532521,"[20.0, 20.0, 20.0, 20.0, 20.0, 20.0, 20.0, 20.0, 20.0, 20.0, 20.0, 20.0, 20.0, 20.0, 20.0, 20.0, 20.0, 20.0, 20.0, 20.0, 20.0, 20.0, 20.0, 20.0, 20.0, 20.0, 20.0, 20.0, 20.0, 20.0, 20.0, 20.0, 20.0, 20.0, 20.0, 20.0, 20.0, 20.0, 20.0, 20.0, 20.0, 20.0, 20.0, 20.0, 20.0, 20.0, 20.0, 20.0, 20.0, 20.0, 20.0, 20.0, 20.0, 20.0, 20.0, 20.0, 20.0, 20.0, 20.0, 20.0, 20.0, 20.0, 20.0, 20.0, 20.0, 20.0, 20.0, 20.0, 20.0, 20.0, 20.0, 20.0]",24.992648354819806,24.96996083391604,0.0421,-0.9056,0.151,0.9206,10.2305,-0.0133,-0.0081,-9.8188,15.3,,50.0,,,,0.7348,1.1447,1.3603,237.3,14.94,1.22388,0.1504,69.0,25.575,1,38.18,24.91,1,3,10,0.7,9.743,0,0.0,0,0
1790741898.8815846,47.3981843,8.546157,9.529000282287598,0.06078461557626724,0.16694793105125427,-0.0002574593818280846,64.35,0.11699534437769157,0.24628560772311145,0.0,69.16221199035644,20.0,20.0,-1.7388330578566804,-21.47609174607345,-3.3332512775959517,0.1676742243938983,14.0,0.0,0.003151854426008936,"[20.0, 20.0, 20.0, 20.0, 20.0, 20.0, 20.0, 20.0, 20.0, 20.0, 20.0, 20.0, 20.0, 20.0, 20.0, 20.0, 20.0, 20.0, 20.0, 20.0, 20.0, 20.0, 20.0, 20.0, 20.0, 20.0, 20.0, 20.0, 20.0, 20.0, 20.0, 20.0, 20.0, 20.0, 20.0, 20.0, 20.0, 20.0, 20.0, 20.0, 20.0, 20.0, 20.0, 20.0, 20.0, 20.0, 20.0, 20.0, 20.0, 20.0, 20.0, 20.0, 20.0, 20.0, 20.0, 20.0, 20.0, 20.0, 20.0, 20.0, 20.0, 20.0, 20.0, 20.0, 20.0, 20.0, 20.0, 20.0, 20.0, 20.0, 20.0, 20.0]",24.992648354819806,24.96996083391604,0.0422,-0.7002,0.0148,0.8986,10.1826,-0.0235,-0.0169,-9.814,15.3,,50.0,,,,0.7467,1.0516,1.2898,234.62,14.94,1.22388,0.1777,69.99,25.537,1,38.38,24.947,1,3,10,0.7,9.743,0,0.0,0,0
1790741899.0821035,47.3981843,8.5461575,9.530000686645508,0.06391432881355286,0.18908850848674774,-0.001104209222830832,66.43,0.1331489498908352,0.3083570592094831,0.0,71.23682754516602,20.0,20.0,-1.738604595391713,-19.40286247372279,-3.2487305982888315,0.18984440704026653,14.0,0.0,0.003429871101346952,"[20.0, 20.0, 20.0, 20.0, 20.0, 20.0, 20.0, 20.0, 20.0, 20.0, 20.0, 20.0, 20.0, 20.0, 20.0, 20.0, 20.0, 20.0, 20.0, 20.0, 20.0, 20.0, 20.0, 20.0, 20.0, 20.0, 20.0, 20.0, 20.0, 20.0, 20.0, 20.0, 20.0, 20.0, 20.0, 20.0, 20.0, 20.0, 20.0, 20.0, 20.0, 20.0, 20.0, 20.0, 20.0, 20.0, 20.0, 20.0, 20.0, 20.0, 20.0, 20.0, 20.0, 20.0, 20.0, 20.0, 20.0, 20.0, 20.0, 20.0, 20.0, 20.0, 20.0, 20.0, 20.0, 20.0, 20.0, 20.0, 20.0, 20.0, 20.0, 20.0]",24.992648354819806,24.96996083391604,0.0122,-0.7911,-0.0542,-0.6219,10.192,-0.026,-0.01,-9.8079,15.3,,50.0,,,,0.7446,1.1907,1.4044,237.98,14.94,1.22388,0.1996,71.32,25.496,1,38.58,24.988,1,3,10,0.7,9.724,0,0.0,0,0
1790741899.2829456,47.3981844,8.5461581,9.531000137329102,0.07194212824106216,0.21601179242134094,-0.0010426846565678716,68.48,0.39245279535533917,1.0688848810136082,0.0,73.29476402282717,20.0,20.0,-1.7409769916030546,-17.361239295433137,-2.3500476562726273,0.2168465189983729,14.0,0.0,0.749276980645154,"[20.0, 20.0, 20.0, 20.0, 20.0, 20.0, 20.0, 20.0, 20.0, 20.0, 20.0, 20.0, 20.0, 20.0, 20.0, 20.0, 20.0, 20.0, 20.0, 20.0, 20.0, 20.0, 20.0, 20.0, 20.0, 20.0, 20.0, 20.0, 20.0, 20.0, 20.0, 20.0, 20.0, 20.0, 20.0, 20.0, 20.0, 20.0, 20.0, 20.0, 20.0, 20.0, 20.0, 20.0, 20.0, 20.0, 20.0, 20.0, 20.0, 20.0, 20.0, 20.0, 20.0, 20.0, 20.0, 20.0, 20.0, 20.0, 20.0, 20.0, 20.0, 20.0, 20.0, 20.0, 20.0, 20.0, 20.0, 20.0, 20.0, 20.0, 20.0, 20.0]",24.992648354819806,24.96996083391604,-0.015,-1.0914,0.1107,-1.0518,10.1192,-0.02,-0.0114,-9.7971,15.3,,50.0,,,,0.613,1.0568,1.2217,239.88,14.94,1.22388,0.2277,71.58,25.451,1,38.78,25.034,1,3,10,0.7,9.767,0,0.0,0,0
1790741899.4832888,47.3981845,8.546158799999999,9.535000801086426,0.09704131633043289,0.2880221903324127,-0.027939870953559875,70.5,0.4268894304520859,1.2863836598160674,0.0,75.32460594177246,20.0,20.0,-1.7467853929989774,-15.351834931312197,-0.880142629790873,0.2891120492394196,14.0,0.0,0.0,"[20.0, 20.0, 20.0, 20.0, 20.0, 20.0, 20.0, 20.0, 20.0, 20.0, 20.0, 20.0, 20.0, 20.0, 20.0, 20.0, 20.0, 20.0, 20.0, 20.0, 20.0, 20.0, 20.0, 20.0, 20.0, 20.0, 20.0, 20.0, 20.0, 20.0, 20.0, 20.0, 20.0, 20.0, 20.0, 20.0, 20.0, 20.0, 20.0, 20.0, 20.0, 20.0, 20.0, 20.0, 20.0, 20.0, 20.0, 20.0, 20.0, 20.0, 20.0, 20.0, 20.0, 20.0, 20.0, 20.0, 20.0, 20.0, 20.0, 20.0, 20.0, 20.0, 20.0, 20.0, 20.0, 20.0, 20.0, 20.0, 20.0, 20.0, 20.0, 20.0]",24.992648354819806,24.96996083391604,-0.0051,-5.205,0.5948,-21.3232,9.9961,-0.0377,-0.0092,-9.815,15.3,,50.0,,,,0.5686,1.1708,1.3016,244.1,14.94,1.22388,0.3039,71.38,25.399,1,38.98,25.086,1,3,10,0.7,9.757,0,0.0,0,0
1790741899.6840034,47.3981846,8.5461599,9.541000366210938,0.16431835293769836,0.49571114778518677,-0.022820115089416504,72.56,0.39955286286674924,1.361440348054796,0.0,77.3680177307129,20.0,20.0,-1.757873972554195,-13.30936874063184,0.8993286420527222,0.497445990202143,14.0,0.0,0.0044569216408046316,"[20.0, 20.0, 20.0, 20.0, 20.0, 20.0, 20.0, 20.0, 20.0, 20.0, 20.0, 20.0, 20.0, 20.0, 20.0, 20.0, 20.0, 20.0, 20.0, 20.0, 20.0, 20.0, 20.0, 20.0, 20.0, 20.0, 20.0, 20.0, 20.0, 20.0, 20.0, 20.0, 20.0, 20.0, 20.0, 20.0, 20.0, 20.0, 20.0, 20.0, 20.0, 20.0, 20.0, 20.0, 20.0, 20.0, 20.0, 20.0, 20.0, 20.0, 20.0, 20.0, 20.0, 20.0, 20.0, 20.0, 20.0, 20.0, 20.0, 20.0, 20.0, 20.0, 20.0, 20.0, 20.0, 20.0, 20.0, 20.0, 20.0, 20.0, 20.0, 20.0]",24.992648354819806,24.96996083391604,-0.0801,-7.9881,0.8461,-4.9289,9.9709,-0.0581,-0.0059,-9.8045,15.3,,50.0,,,,0.5066,1.1769,1.2813,246.71,14.94,1.22388,0.5222,71.66,25.319,1,39.18,25.167,1,3,10,0.7,9.762,0,0.0,0,0
1790741899.8842516,47.3981849,8.546161699999999,9.544000625610352,0.2382553517818451,0.7553315162658691,-0.007418599911034107,74.76,0.36777474513179026,1.438915832371702,0.0,79.57456947326659,20.0,20.0,-1.7804886851752901,-11.1412069933576,2.2669158632167923,0.7575346282767168,14.0,0.0,0.10047176496038877,"[20.0, 20.0, 20.0, 20.0, 20.0, 20.0, 20.0, 20.0, 20.0, 20.0, 20.0, 20.0, 20.0, 20.0, 20.0, 20.0, 20.0, 20.0, 20.0, 20.0, 20.0, 20.0, 20.0, 20.0, 20.0, 20.0, 20.0, 20.0, 20.0, 20.0, 20.0, 20.0, 20.0, 20.0, 20.0, 20.0, 20.0, 20.0, 20.0, 20.0, 20.0, 20.0, 20.0, 20.0, 20.0, 20.0, 20.0, 20.0, 20.0, 20.0, 20.0, 20.0, 20.0, 20.0, 20.0, 20.0, 20.0, 20.0, 20.0, 20.0, 20.0, 20.0, 20.0, 20.0, 20.0, 20.0, 20.0, 20.0, 20.0, 20.0, 20.0, 20.0]",24.992648354819806,24.96996083391604,-0.0556,-7.8019,1.5505,5.6278,9.8673,-0.085,-0.0129,-9.8321,15.3,,50.0,,,,0.4879,1.2525,1.3442,248.72,14.94,1.22388,0.792,72.49,25.183,1,39.38,25.306,1,3,10,0.7,9.764,0,0.1199,0,0
1790741900.0844877,47.398185399999996,8.5461643,9.544000625610352,0.2915823757648468,0.9941900968551636,0.00020408831187523901,77.04,0.3290946624414462,1.516798324737723,0.0,81.84578041076662,20.0,20.0,-1.8147129760598566,-8.908737284796132,3.3856923702150157,0.9963098901521359,14.0,0.0,0.11475299603052426,"[20.0, 20.0, 20.0, 20.0, 20.0, 20.0, 20.0, 20.0, 20.0, 20.0, 20.0, 20.0, 20.0, 20.0, 20.0, 20.0, 20.0, 20.0, 20.0, 20.0, 20.0, 20.0, 20.0, 20.0, 20.0, 20.0, 20.0, 20.0, 20.0, 20.0, 20.0, 20.0, 20.0, 20.0, 20.0, 20.0, 20.0, 20.0, 20.0, 20.0, 20.0, 20.0, 20.0, 20.0, 20.0, 20.0, 20.0, 20.0, 20.0, 20.0, 20.0, 20.0, 20.0, 20.0, 20.0, 20.0, 20.0, 20.0, 20.0, 20.0, 20.0, 20.0, 20.0, 20.0, 20.0, 20.0, 20.0, 20.0, 20.0, 20.0, 20.0, 20.0]",24.992648354819806,24.96996083391604,0.0943,-6.5691,1.6726,7.1157,9.7501,-0.1063,-0.013,-9.8359,15.3,,50.0,,,,0.6519,1.2844,1.4404,243.09,14.94,1.22388,1.0361,73.65,24.989,1,39.58,25.505,1,3,10,0.7,9.746,0,0.3159,0,0
1790741900.2852943,47.398185899999994,8.5461674,9.545000076293945,0.32055121660232544,1.18877375125885,0.0018862937577068806,79.26,0.2859674890801874,1.5897297070292962,0.0,84.08009124755858,20.0,20.0,-1.8564516726933087,-6.7493705074076615,4.350809493114298,1.1903135669664386,14.0,0.0,0.12126461592271781,"[20.0, 20.0, 20.0, 20.0, 20.0, 20.0, 20.0, 20.0, 20.0, 20.0, 20.0, 20.0, 20.0, 20.0, 20.0, 20.0, 20.0, 20.0, 20.0, 20.0, 20.0, 20.0, 20.0, 20.0, 20.0, 20.0, 20.0, 20.0, 20.0, 20.0, 20.0, 20.0, 20.0, 20.0, 20.0, 20.0, 20.0, 20.0, 20.0, 20.0, 20.0, 20.0, 20.0, 20.0, 20.0, 20.0, 20.0, 20.0, 20.0, 20.0, 20.0, 20.0, 20.0, 20.0, 20.0, 20.0, 20.0, 20.0, 20.0, 20.0, 20.0, 20.0, 20.0, 20.0, 20.0, 20.0, 20.0, 20.0, 20.0, 20.0, 20.0, 20.0]",24.992648354819806,24.96996083391604,0.3044,-5.3901,1.8365,5.8343,9.7171,-0.1391,-0.0008,-9.8316,15.3,,50.0,,,,0.6277,1.3312,1.4717,244.76,14.94,1.22388,1.2312,74.91,24.752,1,39.78,25.747,1,3,10,0.7,9.726,0,0.4954,0,0
1790741900.4865992,47.3981865,8.5461709,9.545000076293945,0.32770684361457825,1.34083092212677,0.0018932167440652847,81.38,0.2399479404128956,1.656268845543841,0.0,86.07904389044495,20.0,20.0,-1.8991009793247993,-4.699043890444955,5.114178540447969,1.3415299444306716,14.0,0.0,0.1246232295539032,"[20.0, 20.0, 20.0, 20.0, 20.0, 20.0, 20.0, 20.0, 20.0, 20.0, 20.0, 20.0, 20.0, 20.0, 20.0, 20.0, 20.0, 20.0, 20.0, 20.0, 20.0, 20.0, 20.0, 20.0, 20.0, 20.0, 20.0, 20.0, 20.0, 20.0, 20.0, 20.0, 20.0, 20.0, 20.0, 20.0, 20.0, 20.0, 20.0, 20.0, 20.0, 20.0, 20.0, 20.0, 20.0, 20.0, 20.0, 20.0, 20.0, 20.0, 20.0, 20.0, 20.0, 20.0, 20.0, 20.0, 20.0, 20.0, 20.0, 20.0, 20.0, 20.0, 20.0, 20.0, 20.0, 20.0, 20.0, 20.0, 20.0, 20.0, 20.0, 20.0]",24.992648354819806,24.96996083391604,0.5407,-4.5383,1.7638,4.0764,9.6867,-0.1462,0.0056,-9.8137,15.3,,50.0,,,,0.6348,1.2346,1.3883,242.79,14.94,1.22388,1.3803,76.27,24.486,1,39.98,26.019,1,3,10,0.7,9.744,0,0.6862,0,0
1790741900.687112,47.3981871,8.5461747,9.544000625610352,0.3154236078262329,1.4612152576446533,0.0023038696963340044,83.46000000000001,0.19043985002707806,1.7182989532977864,0.0,86.1541903694681,20.0,20.0,-1.9366036362003087,-2.6941903694681173,5.641182025242355,1.4610642616295357,14.0,0.0,0.13078107446991277,"[20.0, 20.0, 20.0, 20.0, 20.0, 20.0, 20.0, 20.0, 20.0, 20.0, 20.0, 20.0, 20.0, 20.0, 20.0, 20.0, 20.0, 20.0, 20.0, 20.0, 20.0, 20.0, 20.0, 20.0, 20.0, 20.0, 20.0, 20.0, 20.0, 20.0, 20.0, 20.0, 20.0, 20.0, 20.0, 20.0, 20.0, 20.0, 20.0, 20.0, 20.0, 20.0, 20.0, 20.0, 20.0, 20.0, 20.0, 20.0, 20.0, 20.0, 20.0, 20.0, 20.0, 20.0, 20.0, 20.0, 20.0, 20.0, 20.0, 20.0, 20.0, 20.0, 20.0, 20.0, 20.0, 20.0, 20.0, 20.0, 20.0, 20.0, 20.0, 20.0]",24.992648354819806,24.96996083391604,0.7444,-3.9839,1.2566,2.6342,9.6347,-0.1658,0.0066,-9.8195,15.3,,50.0,,,,0.6658,1.1998,1.3721,240.97,14.94,1.22388,1.4949,77.82,24.198,1,40.18,26.31,1,3,10,0.7,9.766,0,0.8088,0,0
1790741900.887504,47.3981876,8.5461787,9.541000366210938,0.2895719110965729,1.5598407983779907,0.0015724033582955599,85.42,0.14003504164475328,1.7733958537032322,0.0,86.23300695083611,20.0,20.0,-1.9670009495437035,-0.8130069508360975,5.936778746863081,1.558990113147788,14.0,0.0,0.13090449467514637,"[20.0, 20.0, 20.0, 20.0, 20.0, 20.0, 20.0, 20.0, 20.0, 20.0, 20.0, 20.0, 20.0, 20.0, 20.0, 20.0, 20.0, 20.0, 20.0, 20.0, 20.0, 20.0, 20.0, 20.0, 20.0, 20.0, 20.0, 20.0, 20.0, 20.0, 20.0, 20.0, 20.0, 20.0, 20.0, 20.0, 20.0, 20.0, 20.0, 20.0, 20.0, 20.0, 20.0, 20.0, 20.0, 20.0, 20.0, 20.0, 20.0, 20.0, 20.0, 20.0, 20.0, 20.0, 20.0, 20.0, 20.0, 20.0, 20.0, 20.0, 20.0, 20.0, 20.0, 20.0, 20.0, 20.0, 20.0, 20.0, 20.0, 20.0, 20.0, 20.0]",24.992648354819806,24.96996083391604,0.8646,-3.6513,0.5293,1.8889,8.0499,-0.1712,0.0053,-9.8222,15.3,,50.0,,,,0.6247,1.0292,1.204,238.74,14.94,1.22388,1.5865,79.48,23.895,1,40.38,26.616,1,3,10,0.7,9.782,0,0.9845,0,0
1790741901.0873785,47.398188,8.546183,9.540000915527344,0.258012980222702,1.6448931694030762,0.0014119019033387303,86.81,0.10068559075247326,1.784386228462802,0.0,86.31574871928558,20.0,20.0,-1.9912427203118754,0.49425128071439417,5.724604752008579,1.6435278914191955,14.0,0.0,0.09494688742680078,"[20.0, 20.0, 20.0, 20.0, 20.0, 20.0, 20.0, 20.0, 20.0, 20.0, 20.0, 20.0, 20.0, 20.0, 20.0, 20.0, 20.0, 20.0, 20.0, 20.0, 20.0, 20.0, 20.0, 20.0, 20.0, 20.0, 20.0, 20.0, 20.0, 20.0, 20.0, 20.0, 20.0, 20.0, 20.0, 20.0, 20.0, 20.0, 20.0, 20.0, 20.0, 20.0, 20.0, 20.0, 20.0, 20.0, 20.0, 20.0, 20.0, 20.0, 20.0, 20.0, 20.0, 20.0, 20.0, 20.0, 20.0, 20.0, 20.0, 20.0, 20.0, 20.0, 20.0, 20.0, 20.0, 20.0, 20.0, 20.0, 20.0, 20.0, 20.0, 20.0]",24.992648354819806,24.96996083391604,0.926,-3.4192,0.4969,1.3856,4.5438,-0.1839,0.0148,-9.8014,15.3,,50.0,,,,0.6693,1.0498,1.245,237.48,14.94,1.22388,1.665,81.09,23.576,1,40.58,26.938,1,3,10,0.7,9.758,0,1.0425,0,0
1790741901.2883966,47.398188399999995,8.546187399999999,9.540000915527344,0.22387534379959106,1.7169761657714844,0.0013861963525414467,87.41,0.08265026152908635,1.771876532410087,0.0,86.40184401360023,20.0,20.0,-2.0093123762519216,1.008155986399771,4.838846357585079,1.7152870236343603,14.0,0.0,0.03674555185914571,"[20.0, 20.0, 20.0, 20.0, 20.0, 20.0, 20.0, 20.0, 20.0, 20.0, 20.0, 20.0, 20.0, 20.0, 20.0, 20.0, 20.0, 20.0, 20.0, 20.0, 20.0, 20.0, 20.0, 20.0, 20.0, 20.0, 20.0, 20.0, 20.0, 20.0, 20.0, 20.0, 20.0, 20.0, 20.0, 20.0, 20.0, 20.0, 20.0, 20.0, 20.0, 20.0, 20.0, 20.0, 20.0, 20.0, 20.0, 20.0, 20.0, 20.0, 20.0, 20.0, 20.0, 20.0, 20.0, 20.0, 20.0, 20.0, 20.0, 20.0, 20.0, 20.0, 20.0, 20.0, 20.0, 20.0, 20.0, 20.0, 20.0, 20.0, 20.0, 20.0]",24.992648354819806,24.96996083391604,1.0144,-3.0382,0.4222,2.2684,0.6999,-0.197,0.0039,-9.8105,15.3,,50.0,,,,0.6861,1.1921,1.3754,240.08,14.94,1.22388,1.7315,82.57,23.244,1,40.78,27.272,1,3,10,0.7,9.801,0,1.0438,0,0
1790741901.4898157,47.3981888,8.5461919,9.542000770568848,0.18823355436325073,1.7709567546844482,0.0018145613139495254,87.33,0.08491805184991921,1.776191723557131,0.0,86.49039700985907,20.0,20.0,-2.0211458261062014,0.8396029901409463,3.3971426444564843,1.7691302024572415,14.0,0.0,0.011984593984705045,"[20.0, 20.0, 20.0, 20.0, 20.0, 20.0, 20.0, 20.0, 20.0, 20.0, 20.0, 20.0, 20.0, 20.0, 20.0, 20.0, 20.0, 20.0, 20.0, 20.0, 20.0, 20.0, 20.0, 20.0, 20.0, 20.0, 20.0, 20.0, 20.0, 20.0, 20.0, 20.0, 20.0, 20.0, 20.0, 20.0, 20.0, 20.0, 20.0, 20.0, 20.0, 20.0, 20.0, 20.0, 20.0, 20.0, 20.0, 20.0, 20.0, 20.0, 20.0, 20.0, 20.0, 20.0, 20.0, 20.0, 20.0, 20.0, 20.0, 20.0, 20.0, 20.0, 20.0, 20.0, 20.0, 20.0, 20.0, 20.0, 20.0, 20.0, 20.0, 20.0]",24.992648354819806,24.96996083391604,1.0505,-2.5022,-0.209,2.5774,-1.8359,-0.2063,0.0095,-9.8025,15.3,,50.0,,,,0.841,1.1447,1.4204,233.7,14.94,1.22388,1.7809,83.93,22.9,1,40.99,27.616,1,3,10,0.7,9.81,0,1.0707,0,0
1790741901.689772,47.398189099999996,8.5461966,9.546000480651855,0.15510119497776031,1.8062028884887695,0.0016379973385483027,86.9,0.09769424492126844,1.789090506434604,0.0,86.58047057998061,20.0,20.0,-2.026945619632411,0.3195294200193928,1.8080294289560026,1.8043749859137845,14.0,0.0,0.037512384085935616,"[20.0, 20.0, 20.0, 20.0, 20.0, 20.0, 20.0, 20.0, 20.0, 20.0, 20.0, 20.0, 20.0, 20.0, 20.0, 20.0, 20.0, 20.0, 20.0, 20.0, 20.0, 20.0, 20.0, 20.0, 20.0, 20.0, 20.0, 20.0, 20.0, 20.0, 20.0, 20.0, 20.0, 20.0, 20.0, 20.0, 20.0, 20.0, 20.0, 20.0, 20.0, 20.0, 20.0, 20.0, 20.0, 20.0, 20.0, 20.0, 20.0, 20.0, 20.0, 20.0, 20.0, 20.0, 20.0, 20.0, 20.0, 20.0, 20.0, 20.0, 20.0, 20.0, 20.0, 20.0, 20.0, 20.0, 20.0, 20.0, 20.0, 20.0, 20.0, 20.0]",24.992648354819806,24.96996083391604,0.9358,-2.0858,-0.9679,1.5493,-2.5477,-0.2031,0.0058,-9.7964,15.3,,50.0,,,,0.8203,1.1503,1.4128,234.51,14.94,1.22388,1.8129,85.09,22.55,1,41.19,27.968,1,3,10,0.7,9.809,0,1.1064,0,0
1790741901.8903606,47.3981894,8.5462013,9.54900074005127,0.12850137054920197,1.8298320770263672,0.0023575411178171635,86.46000000000001,0.11028004704923705,1.7911823173953065,0.0,86.67054356900951,20.0,20.0,-2.0258336947211255,-0.21054356900953053,0.47704545416631194,1.8280670008910251,14.0,0.0,0.03857764116983567,"[20.0, 20.0, 20.0, 20.0, 20.0, 20.0, 20.0, 20.0, 20.0, 20.0, 20.0, 20.0, 20.0, 20.0, 20.0, 20.0, 20.0, 20.0, 20.0, 20.0, 20.0, 20.0, 20.0, 20.0, 20.0, 20.0, 20.0, 20.0, 20.0, 20.0, 20.0, 20.0, 20.0, 20.0, 20.0, 20.0, 20.0, 20.0, 20.0, 20.0, 20.0, 20.0, 20.0, 20.0, 20.0, 20.0, 20.0, 20.0, 20.0, 20.0, 20.0, 20.0, 20.0, 20.0, 20.0, 20.0, 20.0, 20.0, 20.0, 20.0, 20.0, 20.0, 20.0, 20.0, 20.0, 20.0, 20.0, 20.0, 20.0, 20.0, 20.0, 20.0]",24.992648354819806,24.96996083391604,0.6849,-1.8875,-1.4065,0.6098,-1.9846,-0.2095,-0.0018,-9.8066,15.3,,50.0,,,,0.8058,1.0517,1.3249,232.54,14.94,1.22388,1.8343,85.98,22.193,1,41.39,28.325,1,3,10,0.7,9.799,0,1.1719,0,0
1790741902.0905464,47.398189599999995,8.5462061,9.552000045776367,0.11140832304954529,1.8462315797805786,0.00279881595633924,86.19,0.11720656943832974,1.7813887249876261,0.0,86.76056523300406,20.0,20.0,-2.0195295265587916,-0.5705652330040323,-0.3567518789011476,1.8444970129075648,14.0,0.0,0.026112624531715697,"[20.0, 20.0, 20.0, 20.0, 20.0, 20.0, 20.0, 20.0, 20.0, 20.0, 20.0, 20.0, 20.0, 20.0, 20.0, 20.0, 20.0, 20.0, 20.0, 20.0, 20.0, 20.0, 20.0, 20.0, 20.0, 20.0, 20.0, 20.0, 20.0, 20.0, 20.0, 20.0, 20.0, 20.0, 20.0, 20.0, 20.0, 20.0, 20.0, 20.0, 20.0, 20.0, 20.0, 20.0, 20.0, 20.0, 20.0, 20.0, 20.0, 20.0, 20.0, 20.0, 20.0, 20.0, 20.0, 20.0, 20.0, 20.0, 20.0, 20.0, 20.0, 20.0, 20.0, 20.0, 20.0, 20.0, 20.0, 20.0, 20.0, 20.0, 20.0, 20.0]",24.992648354819806,24.96996083391604,0.4013,-1.7468,-1.3773,0.5774,-0.8067,-0.2109,-0.0123,-9.7914,15.3,,50.0,,,,0.8297,0.9381,1.2524,228.51,14.94,1.22388,1.8496,86.55,21.833,1,41.59,28.685,1,3,10,0.7,9.786,0,1.2234,0,0
1790741902.2940383,47.3981898,8.5462112,9.552000045776367,0.10363791137933731,1.8539390563964844,0.0032625922467559576,86.17,0.11763433689582695,1.7782268288426044,0.0,86.85058434199135,20.0,20.0,-2.010197190019937,-0.6905843419913538,-0.6404120252987235,1.852149467239653,14.0,0.0,0.008558987237629746,"[20.0, 20.0, 20.0, 20.0, 20.0, 20.0, 20.0, 20.0, 20.0, 20.0, 20.0, 20.0, 20.0, 20.0, 20.0, 20.0, 20.0, 20.0, 20.0, 20.0, 20.0, 20.0, 20.0, 20.0, 20.0, 20.0, 20.0, 20.0, 20.0, 20.0, 20.0, 20.0, 20.0, 20.0, 20.0, 20.0, 20.0, 20.0, 20.0, 20.0, 20.0, 20.0, 20.0, 20.0, 20.0, 20.0, 20.0, 20.0, 20.0, 20.0, 20.0, 20.0, 20.0, 20.0, 20.0, 20.0, 20.0, 20.0, 20.0, 20.0, 20.0, 20.0, 20.0, 20.0, 20.0, 20.0, 20.0, 20.0, 20.0, 20.0, 20.0, 20.0]",24.992648354819806,24.96996083391604,0.1599,-1.5767,-0.9305,0.7093,0.3601,-0.2163,-0.0085,-9.8037,15.3,,50.0,,,,0.852,0.8605,1.2109,225.28,14.94,1.22388,1.8568,86.8,21.474,1,41.79,29.044,1,3,10,0.7,9.736,0,1.2514,0,0
1790741902.493669,47.39819,8.5462159,9.551000595092773,0.10230977088212967,1.8524311780929565,0.0030796052888035774,86.34,0.11268601257810001,1.7806233069381754,0.0,86.94109135047961,20.0,20.0,-1.9998058726609096,-0.6110913504795974,-0.5087658754870336,1.8505018266489692,14.0,0.0,0.005699629562615268,"[20.0, 20.0, 20.0, 20.0, 20.0, 20.0, 20.0, 20.0, 20.0, 20.0, 20.0, 20.0, 20.0, 20.0, 20.0, 20.0, 20.0, 20.0, 20.0, 20.0, 20.0, 20.0, 20.0, 20.0, 20.0, 20.0, 20.0, 20.0, 20.0, 20.0, 20.0, 20.0, 20.0, 20.0, 20.0, 20.0, 20.0, 20.0, 20.0, 20.0, 20.0, 20.0, 20.0, 20.0, 20.0, 20.0, 20.0, 20.0, 20.0, 20.0, 20.0, 20.0, 20.0, 20.0, 20.0, 20.0, 20.0, 20.0, 20.0, 20.0, 20.0, 20.0, 20.0, 20.0, 20.0, 20.0, 20.0, 20.0, 20.0, 20.0, 20.0, 20.0]",24.992648354819806,24.96996083391604,0.0335,-1.4823,-0.384,0.0821,1.101,-0.2114,-0.0059,-9.8083,15.3,,50.0,,,,0.8764,0.8335,1.2095,223.56,14.94,1.22388,1.8553,86.84,21.119,1,41.99,29.399,1,3,10,0.7,9.718,0,1.2505,0,0
1790741902.6951897,47.3981901,8.5462206,9.54800033569336,0.10462403297424316,1.847878336906433,0.0029656263068318367,86.60000000000001,0.10499829525383354,1.7856646684345534,0.0,87.03554224936164,20.0,20.0,-1.9915117075780708,-0.43554224936161745,-0.1594606977056849,1.845726511664595,14.0,0.0,0.012629095154874382,"[20.0, 20.0, 20.0, 20.0, 20.0, 20.0, 20.0, 20.0, 20.0, 20.0, 20.0, 20.0, 20.0, 20.0, 20.0, 20.0, 20.0, 20.0, 20.0, 20.0, 20.0, 20.0, 20.0, 20.0, 20.0, 20.0, 20.0, 20.0, 20.0, 20.0, 20.0, 20.0, 20.0, 20.0, 20.0, 20.0, 20.0, 20.0, 20.0, 20.0, 20.0, 20.0, 20.0, 20.0, 20.0, 20.0, 20.0, 20.0, 20.0, 20.0, 20.0, 20.0, 20.0, 20.0, 20.0, 20.0, 20.0, 20.0, 20.0, 20.0, 20.0, 20.0, 20.0, 20.0, 20.0, 20.0, 20.0, 20.0, 20.0, 20.0, 20.0, 20.0]",24.992648354819806,24.96996083391604,0.0176,-1.4805,0.1237,-0.1596,1.2267,-0.2108,-0.0025,-9.8062,15.3,,50.0,,,,0.6798,0.8588,1.0953,231.64,14.94,1.22388,1.8508,86.76,20.766,1,42.19,29.752,1,3,10,0.7,9.781,0,1.3032,0,0
1790741902.8949547,47.3981904,8.5462253,9.546000480651855,0.10784450173377991,1.8439170122146606,0.002561748493462801,86.84,0.09806556657253805,1.789694018845307,0.0,87.13546158422088,20.0,20.0,-1.9859834653643536,-0.2954615842208739,0.18722423165991361,1.841488277402919,14.0,0.0,0.010171607488657239,"[20.0, 20.0, 20.0, 20.0, 20.0, 20.0, 20.0, 20.0, 20.0, 20.0, 20.0, 20.0, 20.0, 20.0, 20.0, 20.0, 20.0, 20.0, 20.0, 20.0, 20.0, 20.0, 20.0, 20.0, 20.0, 20.0, 20.0, 20.0, 20.0, 20.0, 20.0, 20.0, 20.0, 20.0, 20.0, 20.0, 20.0, 20.0, 20.0, 20.0, 20.0, 20.0, 20.0, 20.0, 20.0, 20.0, 20.0, 20.0, 20.0, 20.0, 20.0, 20.0, 20.0, 20.0, 20.0, 20.0, 20.0, 20.0, 20.0, 20.0, 20.0, 20.0, 20.0, 20.0, 20.0, 20.0, 20.0, 20.0, 20.0, 20.0, 20.0, 20.0]",24.992648354819806,24.96996083391604,0.0794,-1.5204,0.4555,-0.2829,1.0718,-0.2273,0.0029,-9.8117,15.3,,50.0,,,,0.6017,0.8158,1.0137,233.59,14.94,1.22388,1.8471,86.65,20.413,1,42.39,30.106,1,3,10,0.7,9.807,0,1.3402,0,0
1790741903.094847,47.3981906,8.54623,9.546000480651855,0.10817433148622513,1.842979907989502,0.002206615637987852,87.03,0.0924596443135766,1.792218336366539,0.0,87.23946950123178,20.0,20.0,-1.9809929006892477,-0.20946950123178,0.3891411971858914,1.840306551826545,14.0,0.0,0.006262598877783097,"[20.0, 20.0, 20.0, 20.0, 20.0, 20.0, 20.0, 20.0, 20.0, 20.0, 20.0, 20.0, 20.0, 20.0, 20.0, 20.0, 20.0, 20.0, 20.0, 20.0, 20.0, 20.0, 20.0, 20.0, 20.0, 20.0, 20.0, 20.0, 20.0, 20.0, 20.0, 20.0, 20.0, 20.0, 20.0, 20.0, 20.0, 20.0, 20.0, 20.0, 20.0, 20.0, 20.0, 20.0, 20.0, 20.0, 20.0, 20.0, 20.0, 20.0, 20.0, 20.0, 20.0, 20.0, 20.0, 20.0, 20.0, 20.0, 20.0, 20.0, 20.0, 20.0, 20.0, 20.0, 20.0, 20.0, 20.0, 20.0, 20.0, 20.0, 20.0, 20.0]",24.992648354819806,24.96996083391604,0.1626,-1.5559,0.4541,-0.1349,0.7596,-0.2236,0.0017,-9.8008,15.3,,50.0,,,,0.5876,0.7415,0.9461,231.61,14.94,1.22388,1.8462,86.64,20.059,1,42.59,30.46,1,3,10,0.7,9.797,0,1.3731,0,0
1790741903.2957366,47.398190799999995,8.5462347,9.547000885009766,0.10510481894016266,1.843882441520691,0.001918305759318173,87.16,0.08847797803871942,1.7930012620568465,0.0,87.34695984201642,20.0,20.0,-1.9753101821109613,-0.18695984201644933,0.42243840268144345,1.8410294981679562,14.0,0.0,0.0016349653723399975,"[20.0, 20.0, 20.0, 20.0, 20.0, 20.0, 20.0, 20.0, 20.0, 20.0, 20.0, 20.0, 20.0, 20.0, 20.0, 20.0, 20.0, 20.0, 20.0, 20.0, 20.0, 20.0, 20.0, 20.0, 20.0, 20.0, 20.0, 20.0, 20.0, 20.0, 20.0, 20.0, 20.0, 20.0, 20.0, 20.0, 20.0, 20.0, 20.0, 20.0, 20.0, 20.0, 20.0, 20.0, 20.0, 20.0, 20.0, 20.0, 20.0, 20.0, 20.0, 20.0, 20.0, 20.0, 20.0, 20.0, 20.0, 20.0, 20.0, 20.0, 20.0, 20.0, 20.0, 20.0, 20.0, 20.0, 20.0, 20.0, 20.0, 20.0, 20.0, 20.0]",24.992648354819806,24.96996083391604,0.2157,-1.5625,0.1978,-0.0103,0.5341,-0.215,-0.0174,-9.8084,15.3,,50.0,,,,0.6208,0.7041,0.9387,228.6,14.94,1.22388,1.8469,86.74,19.703,1,42.79,30.817,1,3,10,0.7,9.796,0,1.3775,0,0
1790741903.4964082,47.398191,8.5462395,9.54800033569336,0.10095351934432983,1.8473337888717651,0.0017323977081105113,87.24,0.08585377810835738,1.792294905103134,0.0,87.45921501474646,20.0,20.0,-1.9693796915221362,-0.2192150147464531,0.3680014858818431,1.8443209889787964,14.0,0.0,0.0023438098532451265,"[20.0, 20.0, 20.0, 20.0, 20.0, 20.0, 20.0, 20.0, 20.0, 20.0, 20.0, 20.0, 20.0, 20.0, 20.0, 20.0, 20.0, 20.0, 20.0, 20.0, 20.0, 20.0, 20.0, 20.0, 20.0, 20.0, 20.0, 20.0, 20.0, 20.0, 20.0, 20.0, 20.0, 20.0, 20.0, 20.0, 20.0, 20.0, 20.0, 20.0, 20.0, 20.0, 20.0, 20.0, 20.0, 20.0, 20.0, 20.0, 20.0, 20.0, 20.0, 20.0, 20.0, 20.0, 20.0, 20.0, 20.0, 20.0, 20.0, 20.0, 20.0, 20.0, 20.0, 20.0, 20.0, 20.0, 20.0, 20.0, 20.0, 20.0, 20.0, 20.0]",24.992648354819806,24.96996083391604,0.2413,-1.5353,0.0588,0.2363,0.3133,-0.2182,-0.008,-9.8063,15.3,,50.0,,,,0.627,0.7911,1.0095,231.6,14.94,1.22388,1.8501,86.87,19.343,1,42.99,31.177,1,3,10,0.7,9.791,0,1.3454,0,0
1790741903.6964743,47.3981912,8.5462443,9.547000885009766,0.09536204487085342,1.8510019779205322,0.001748749753460288,87.29,0.08404821982315126,1.7906983397641234,0.0,87.57421504982074,20.0,20.0,-1.9613951919535075,-0.2842150498206877,0.23922229197329575,1.8478789107513116,14.0,0.0,0.004733737106289863,"[20.0, 20.0, 20.0, 20.0, 20.0, 20.0, 20.0, 20.0, 20.0, 20.0, 20.0, 20.0, 20.0, 20.0, 20.0, 20.0, 20.0, 20.0, 20.0, 20.0, 20.0, 20.0, 20.0, 20.0, 20.0, 20.0, 20.0, 20.0, 20.0, 20.0, 20.0, 20.0, 20.0, 20.0, 20.0, 20.0, 20.0, 20.0, 20.0, 20.0, 20.0, 20.0, 20.0, 20.0, 20.0, 20.0, 20.0, 20.0, 20.0, 20.0, 20.0, 20.0, 20.0, 20.0, 20.0, 20.0, 20.0, 20.0, 20.0, 20.0, 20.0, 20.0, 20.0, 20.0, 20.0, 20.0, 20.0, 20.0, 20.0, 20.0, 20.0, 20.0]",24.992648354819806,24.96996083391604,0.2357,-1.483,-0.127,0.2731,0.2981,-0.2123,-0.0043,-9.7922,15.3,,50.0,,,,0.7307,0.7893,1.0756,227.21,14.94,1.22388,1.8535,87.05,18.979,1,43.19,31.541,1,3,10,0.7,9.788,0,1.3157,0,0
1790741903.8967264,47.398191399999995,8.5462492,9.54800033569336,0.09028256684541702,1.8541237115859985,0.0016556702321395278,87.36,0.08168397956645093,1.789565861294038,0.0,87.69214936984656,20.0,20.0,-1.9515385227965392,-0.33214936984657584,0.14769295946581038,1.8508918051575267,14.0,0.0,0.0034845022779331106,"[20.0, 20.0, 20.0, 20.0, 20.0, 20.0, 20.0, 20.0, 20.0, 20.0, 20.0, 20.0, 20.0, 20.0, 20.0, 20.0, 20.0, 20.0, 20.0, 20.0, 20.0, 20.0, 20.0, 20.0, 20.0, 20.0, 20.0, 20.0, 20.0, 20.0, 20.0, 20.0, 20.0, 20.0, 20.0, 20.0, 20.0, 20.0, 20.0, 20.0, 20.0, 20.0, 20.0, 20.0, 20.0, 20.0, 20.0, 20.0, 20.0, 20.0, 20.0, 20.0, 20.0, 20.0, 20.0, 20.0, 20.0, 20.0, 20.0, 20.0, 20.0, 20.0, 20.0, 20.0, 20.0, 20.0, 20.0, 20.0, 20.0, 20.0, 20.0, 20.0]",24.992648354819806,24.96996083391604,0.2127,-1.4172,-0.1162,0.3521,0.3931,-0.2245,-0.0037,-9.7967,15.3,,50.0,,,,0.8715,0.7915,1.1773,222.24,14.94,1.22388,1.8563,87.21,18.612,1,43.39,31.908,1,3,10,0.7,9.78,0,1.2677,0,0
1790741904.0974653,47.3981916,8.546254099999999,9.547000885009766,0.08587230741977692,1.8553880453109741,0.0020657565910369158,87.46000000000001,0.07848912519341887,1.7891998451337026,0.0,87.81178306648997,20.0,20.0,-1.939439629801834,-0.3517830664899293,0.10991046311987547,1.8520468407646908,14.0,0.0,0.001420394687255099,"[20.0, 20.0, 20.0, 20.0, 20.0, 20.0, 20.0, 20.0, 20.0, 20.0, 20.0, 20.0, 20.0, 20.0, 20.0, 20.0, 20.0, 20.0, 20.0, 20.0, 20.0, 20.0, 20.0, 20.0, 20.0, 20.0, 20.0, 20.0, 20.0, 20.0, 20.0, 20.0, 20.0, 20.0, 20.0, 20.0, 20.0, 20.0, 20.0, 20.0, 20.0, 20.0, 20.0, 20.0, 20.0, 20.0, 20.0, 20.0, 20.0, 20.0, 20.0, 20.0, 20.0, 20.0, 20.0, 20.0, 20.0, 20.0, 20.0, 20.0, 20.0, 20.0, 20.0, 20.0, 20.0, 20.0, 20.0, 20.0, 20.0, 20.0, 20.0, 20.0]",24.992648354819806,24.96996083391604,0.1834,-1.3606,-0.0296,0.2549,0.5206,-0.2229,-0.013,-9.8022,15.3,,50.0,,,,0.8632,0.7427,1.1388,220.71,14.94,1.22388,1.8574,87.35,18.244,1,43.59,32.276,1,3,10,0.7,9.766,0,1.288,0,0
1790741904.298576,47.3981917,8.546259,9.546000480651855,0.08246680349111557,1.8575462102890015,0.0017918384401127696,87.59,0.07445271234378227,1.789541681086776,0.0,87.93525169371719,20.0,20.0,-1.925973139850766,-0.34525169371715947,0.13200900028680237,1.8540706861687677,14.0,0.0,0.00047228520089017735,"[20.0, 20.0, 20.0, 20.0, 20.0, 20.0, 20.0, 20.0, 20.0, 20.0, 20.0, 20.0, 20.0, 20.0, 20.0, 20.0, 20.0, 20.0, 20.0, 20.0, 20.0, 20.0, 20.0, 20.0, 20.0, 20.0, 20.0, 20.0, 20.0, 20.0, 20.0, 20.0, 20.0, 20.0, 20.0, 20.0, 20.0, 20.0, 20.0, 20.0, 20.0, 20.0, 20.0, 20.0, 20.0, 20.0, 20.0, 20.0, 20.0, 20.0, 20.0, 20.0, 20.0, 20.0, 20.0, 20.0, 20.0, 20.0, 20.0, 20.0, 20.0, 20.0, 20.0, 20.0, 20.0, 20.0, 20.0, 20.0, 20.0, 20.0, 20.0, 20.0]",24.992648354819806,24.96996083391604,0.1726,-1.3106,-0.1081,0.312,0.6195,-0.2295,-0.0015,-9.795,15.3,,50.0,,,,0.7536,0.6874,1.02,222.37,14.94,1.22388,1.8594,87.46,17.872,1,43.79,32.648,1,3,10,0.7,9.725,0,1.3494,0,0
1790741904.4998922,47.3981918,8.546263999999999,9.545000076293945,0.0770968347787857,1.8600330352783203,0.001640326576307416,87.71000000000001,0.07068995478273588,1.78958686376738,0.0,88.05939492321153,20.0,20.0,-1.9091570352557108,-0.3493949232115199,0.08350416007800612,1.8565080898006285,14.0,0.0,0.0002995685216222268,"[20.0, 20.0, 20.0, 20.0, 20.0, 20.0, 20.0, 20.0, 20.0, 20.0, 20.0, 20.0, 20.0, 20.0, 20.0, 20.0, 20.0, 20.0, 20.0, 20.0, 20.0, 20.0, 20.0, 20.0, 20.0, 20.0, 20.0, 20.0, 20.0, 20.0, 20.0, 20.0, 20.0, 20.0, 20.0, 20.0, 20.0, 20.0, 20.0, 20.0, 20.0, 20.0, 20.0, 20.0, 20.0, 20.0, 20.0, 20.0, 20.0, 20.0, 20.0, 20.0, 20.0, 20.0, 20.0, 20.0, 20.0, 20.0, 20.0, 20.0, 20.0, 20.0, 20.0, 20.0, 20.0, 20.0, 20.0, 20.0, 20.0, 20.0, 20.0, 20.0]",24.992648354819806,24.96996083391604,0.1606,-1.259,-0.067,0.3705,0.6637,-0.2235,-0.0053,-9.8042,15.3,,50.0,,,,0.7118,0.6877,0.9897,224.01,14.94,1.22388,1.8616,87.63,17.497,1,44.0,33.024,1,3,10,0.7,9.726,0,1.3668,0,0
1790741904.7005615,47.398191999999995,8.546268999999999,9.544000625610352,0.07159283012151718,1.8618519306182861,0.0016304012387990952,87.81,0.06747211960139532,1.7890074733943444,0.0,88.18653065979902,20.0,20.0,-1.8909694133864026,-0.37653065979904454,0.012080100864834298,1.8582940379107646,14.0,0.0,0.0019607241722435576,"[20.0, 20.0, 20.0, 20.0, 20.0, 20.0, 20.0, 20.0, 20.0, 20.0, 20.0, 20.0, 20.0, 20.0, 20.0, 20.0, 20.0, 20.0, 20.0, 20.0, 20.0, 20.0, 20.0, 20.0, 20.0, 20.0, 20.0, 20.0, 20.0, 20.0, 20.0, 20.0, 20.0, 20.0, 20.0, 20.0, 20.0, 20.0, 20.0, 20.0, 20.0, 20.0, 20.0, 20.0, 20.0, 20.0, 20.0, 20.0, 20.0, 20.0, 20.0, 20.0, 20.0, 20.0, 20.0, 20.0, 20.0, 20.0, 20.0, 20.0, 20.0, 20.0, 20.0, 20.0, 20.0, 20.0, 20.0, 20.0, 20.0, 20.0, 20.0, 20.0]",24.992648354819806,24.96996083391604,0.1432,-1.209,-0.078,0.243,0.6822,-0.2187,-0.0066,-9.8017,15.3,,50.0,,,,0.7116,0.7845,1.0592,227.79,14.94,1.22388,1.8632,87.8,17.119,1,44.2,33.401,1,3,10,0.7,9.757,0,1.3336,0,0
1790741904.9013793,47.398192099999996,8.546274,9.544000625610352,0.06777572631835938,1.8610899448394775,0.0014439173974096775,87.94,0.06339882886841805,1.7890502326041007,0.0,88.32062629950411,20.0,20.0,-1.8745948791428755,-0.3806262995041152,0.02563146964789224,1.8574278213691695,14.0,0.0,0.0002960969319781893,"[20.0, 20.0, 20.0, 20.0, 20.0, 20.0, 20.0, 20.0, 20.0, 20.0, 20.0, 20.0, 20.0, 20.0, 20.0, 20.0, 20.0, 20.0, 20.0, 20.0, 20.0, 20.0, 20.0, 20.0, 20.0, 20.0, 20.0, 20.0, 20.0, 20.0, 20.0, 20.0, 20.0, 20.0, 20.0, 20.0, 20.0, 20.0, 20.0, 20.0, 20.0, 20.0, 20.0, 20.0, 20.0, 20.0, 20.0, 20.0, 20.0, 20.0, 20.0, 20.0, 20.0, 20.0, 20.0, 20.0, 20.0, 20.0, 20.0, 20.0, 20.0, 20.0, 20.0, 20.0, 20.0, 20.0, 20.0, 20.0, 20.0, 20.0, 20.0, 20.0]",24.992648354819806,24.96996083391604,0.1249,-1.1676,-0.0698,0.1066,0.669,-0.2269,-0.0086,-9.8033,15.3,,50.0,,,,0.8186,0.822,1.1601,225.12,14.94,1.22388,1.8623,87.91,16.742,1,44.4,33.778,1,3,10,0.7,9.753,0,1.2823,0,0
1790741905.1023717,47.3981922,8.546279,9.544000625610352,0.06500986218452454,1.8556290864944458,0.0005593473324552178,88.09,0.058673092016488265,1.788887614978958,0.0,88.48311164862162,20.0,20.0,-1.8570712957656115,-0.39311164862161263,0.09647207849459669,1.8517722712767666,14.0,0.0,0.0009019868099618857,"[20.0, 20.0, 20.0, 20.0, 20.0, 20.0, 20.0, 20.0, 20.0, 20.0, 20.0, 20.0, 20.0, 20.0, 20.0, 20.0, 20.0, 20.0, 20.0, 20.0, 20.0, 20.0, 20.0, 20.0, 20.0, 20.0, 20.0, 20.0, 20.0, 20.0, 20.0, 20.0, 20.0, 20.0, 20.0, 20.0, 20.0, 20.0, 20.0, 20.0, 20.0, 20.0, 20.0, 20.0, 20.0, 20.0, 20.0, 20.0, 20.0, 20.0, 20.0, 20.0, 20.0, 20.0, 20.0, 20.0, 20.0, 20.0, 20.0, 20.0, 20.0, 20.0, 20.0, 20.0, 20.0, 20.0, 20.0, 20.0, 20.0, 20.0, 20.0, 20.0]",24.992648354819806,24.96996083391604,0.1284,-1.1576,0.0565,-0.0593,0.7776,-0.2255,-0.0043,-9.7949,15.3,,50.0,,,,0.9986,0.7225,1.2325,215.89,14.94,1.22388,1.8568,87.99,16.309,1,44.6,34.211,1,3,10,0.7,9.747,0,1.2405,0,0
1790741905.303259,47.3981924,8.546283899999999,9.543000221252441,0.06221187487244606,1.847863793373108,0.000689161941409111,88.24,0.05401100830476593,1.7892037184230847,0.0,88.62658520627633,20.0,20.0,-1.8422447327005986,-0.386585206276294,0.16824387880974698,1.8438520875814666,14.0,0.0,0.00047126518181744614,"[20.0, 20.0, 20.0, 20.0, 20.0, 20.0, 20.0, 20.0, 20.0, 20.0, 20.0, 20.0, 20.0, 20.0, 20.0, 20.0, 20.0, 20.0, 20.0, 20.0, 20.0, 20.0, 20.0, 20.0, 20.0, 20.0, 20.0, 20.0, 20.0, 20.0, 20.0, 20.0, 20.0, 20.0, 20.0, 20.0, 20.0, 20.0, 20.0, 20.0, 20.0, 20.0, 20.0, 20.0, 20.0, 20.0, 20.0, 20.0, 20.0, 20.0, 20.0, 20.0, 20.0, 20.0, 20.0, 20.0, 20.0, 20.0, 20.0, 20.0, 20.0, 20.0, 20.0, 20.0, 20.0, 20.0, 20.0, 20.0, 20.0, 20.0, 20.0, 20.0]",24.992648354819806,24.96996083391604,0.1456,-1.1858,0.118,-0.3244,0.7432,-0.2281,-0.0001,-9.7961,15.3,,50.0,,,,1.0462,0.6886,1.2525,213.35,14.94,1.22388,1.8489,88.07,15.942,1,44.8,34.578,1,3,10,0.7,9.748,0,1.2227,0,0
1790741905.5048575,47.3981925,8.5462887,9.542000770568848,0.05873577296733856,1.8415645360946655,0.0007974281325004995,88.38,0.04961650920272734,1.7891496503836237,0.0,88.77357670005188,20.0,20.0,-1.8267601106183045,-0.39357670005188083,0.206800742726187,1.8374251423152097,14.0,0.0,0.0005046718886582416,"[20.0, 20.0, 20.0, 20.0, 20.0, 20.0, 20.0, 20.0, 20.0, 20.0, 20.0, 20.0, 20.0, 20.0, 20.0, 20.0, 20.0, 20.0, 20.0, 20.0, 20.0, 20.0, 20.0, 20.0, 20.0, 20.0, 20.0, 20.0, 20.0, 20.0, 20.0, 20.0, 20.0, 20.0, 20.0, 20.0, 20.0, 20.0, 20.0, 20.0, 20.0, 20.0, 20.0, 20.0, 20.0, 20.0, 20.0, 20.0, 20.0, 20.0, 20.0, 20.0, 20.0, 20.0, 20.0, 20.0, 20.0, 20.0, 20.0, 20.0, 20.0, 20.0, 20.0, 20.0, 20.0, 20.0, 20.0, 20.0, 20.0, 20.0, 20.0, 20.0]",24.992648354819806,24.96996083391604,0.1616,-1.2308,0.0729,-0.2501,0.7443,-0.2191,-0.0061,-9.8085,15.3,,50.0,,,,1.0647,0.7758,1.3174,216.08,14.94,1.22388,1.8425,88.17,15.577,1,45.0,34.943,1,3,10,0.7,9.772,0,1.1838,0,0
1790741905.705433,47.398192599999994,8.5462936,9.544000625610352,0.05399778485298157,1.8385008573532104,0.00012665538815781474,88.52,0.04521514600652306,1.7890236368283874,0.0,88.92293197545166,20.0,20.0,-1.809313191235351,-0.4029319754516507,0.20232503622135012,1.8342978828108771,14.0,0.0,0.0006751950883303073,"[20.0, 20.0, 20.0, 20.0, 20.0, 20.0, 20.0, 20.0, 20.0, 20.0, 20.0, 20.0, 20.0, 20.0, 20.0, 20.0, 20.0, 20.0, 20.0, 20.0, 20.0, 20.0, 20.0, 20.0, 20.0, 20.0, 20.0, 20.0, 20.0, 20.0, 20.0, 20.0, 20.0, 20.0, 20.0, 20.0, 20.0, 20.0, 20.0, 20.0, 20.0, 20.0, 20.0, 20.0, 20.0, 20.0, 20.0, 20.0, 20.0, 20.0, 20.0, 20.0, 20.0, 20.0, 20.0, 20.0, 20.0, 20.0, 20.0, 20.0, 20.0, 20.0, 20.0, 20.0, 20.0, 20.0, 20.0, 20.0, 20.0, 20.0, 20.0, 20.0]",24.992648354819806,24.96996083391604,0.1727,-1.2602,0.0028,-0.0282,0.7376,-0.2255,-0.0018,-9.795,15.3,,50.0,,,,1.0618,0.7262,1.2864,214.37,14.94,1.22388,1.8393,88.32,15.212,1,45.2,35.309,1,3,10,0.7,9.75,0,1.1961,0,0
1790741905.9066932,47.398192699999996,8.5462984,9.546000480651855,0.04722623527050018,1.838470220565796,-0.0002276630257256329,88.65,0.041100794264928436,1.7886611015119414,0.0,89.07073165220527,20.0,20.0,-1.7877160411769142,-0.4207316522052622,0.12147829891095945,1.8343295188377202,14.0,0.0,0.0012843432251391444,"[20.0, 20.0, 20.0, 20.0, 20.0, 20.0, 20.0, 20.0, 20.0, 20.0, 20.0, 20.0, 20.0, 20.0, 20.0, 20.0, 20.0, 20.0, 20.0, 20.0, 20.0, 20.0, 20.0, 20.0, 20.0, 20.0, 20.0, 20.0, 20.0, 20.0, 20.0, 20.0, 20.0, 20.0, 20.0, 20.0, 20.0, 20.0, 20.0, 20.0, 20.0, 20.0, 20.0, 20.0, 20.0, 20.0, 20.0, 20.0, 20.0, 20.0, 20.0, 20.0, 20.0, 20.0, 20.0, 20.0, 20.0, 20.0, 20.0, 20.0, 20.0, 20.0, 20.0, 20.0, 20.0, 20.0, 20.0, 20.0, 20.0, 20.0, 20.0, 20.0]",24.992648354819806,24.96996083391604,0.1649,-1.2567,-0.1046,0.0699,0.8187,-0.2166,-0.0135,-9.7937,15.3,,50.0,,,,1.0622,0.6656,1.2535,212.07,14.94,1.22388,1.8391,88.53,14.844,1,45.4,35.677,1,3,10,0.7,9.717,0,1.2123,0,0
1790741906.1081212,47.3981928,8.5463034,9.545000076293945,0.0402238592505455,1.8384920358657837,0.0008513897191733122,88.78,0.03698783414687576,1.7882846201923528,0.0,89.21869804740288,20.0,20.0,-1.7633995368739992,-0.4386980474028803,0.033358568541047726,1.834455022216764,14.0,0.0,0.0012960300779445981,"[20.0, 20.0, 20.0, 20.0, 20.0, 20.0, 20.0, 20.0, 20.0, 20.0, 20.0, 20.0, 20.0, 20.0, 20.0, 20.0, 20.0, 20.0, 20.0, 20.0, 20.0, 20.0, 20.0, 20.0, 20.0, 20.0, 20.0, 20.0, 20.0, 20.0, 20.0, 20.0, 20.0, 20.0, 20.0, 20.0, 20.0, 20.0, 20.0, 20.0, 20.0, 20.0, 20.0, 20.0, 20.0, 20.0, 20.0, 20.0, 20.0, 20.0, 20.0, 20.0, 20.0, 20.0, 20.0, 20.0, 20.0, 20.0, 20.0, 20.0, 20.0, 20.0, 20.0, 20.0, 20.0, 20.0, 20.0, 20.0, 20.0, 20.0, 20.0, 20.0]",24.992648354819806,24.96996083391604,0.1381,-1.2346,-0.2038,0.177,0.8147,-0.2218,-0.0008,-9.7965,15.3,,50.0,,,,1.1036,0.762,1.3412,214.63,14.94,1.22388,1.8389,88.75,14.474,1,45.6,36.046,1,3,10,0.7,9.727,0,1.1684,0,0
1790741906.3085928,47.3981928,8.5463083,9.540000915527344,0.03435518965125084,1.8384095430374146,0.0017449682345613837,88.94,0.03202285177970409,1.7886344341128675,0.0,89.36891034853272,20.0,20.0,-1.7373774962926931,-0.428910348532753,0.010587503497878058,1.8344413662960402,14.0,0.0,0.0007067026510039085,"[20.0, 20.0, 20.0, 20.0, 20.0, 20.0, 20.0, 20.0, 20.0, 20.0, 20.0, 20.0, 20.0, 20.0, 20.0, 20.0, 20.0, 20.0, 20.0, 20.0, 20.0, 20.0, 20.0, 20.0, 20.0, 20.0, 20.0, 20.0, 20.0, 20.0, 20.0, 20.0, 20.0, 20.0, 20.0, 20.0, 20.0, 20.0, 20.0, 20.0, 20.0, 20.0, 20.0, 20.0, 20.0, 20.0, 20.0, 20.0, 20.0, 20.0, 20.0, 20.0, 20.0, 20.0, 20.0, 20.0, 20.0, 20.0, 20.0, 20.0, 20.0, 20.0, 20.0, 20.0, 20.0, 20.0, 20.0, 20.0, 20.0, 20.0, 20.0, 20.0]",24.992648354819806,24.96996083391604,0.1109,-1.2089,-0.0756,0.1793,0.9027,-0.227,-0.0014,-9.8136,15.3,,50.0,,,,1.0808,0.8027,1.3463,216.6,14.94,1.22388,1.8387,88.93,14.104,1,45.8,36.417,1,3,10,0.7,9.701,0,1.1656,0,0
1790741906.5088463,47.3981929,8.5463132,9.532999992370605,0.02989109791815281,1.836884617805481,0.0022340798750519753,89.10000000000001,0.027043092537039386,1.7888528532040486,0.0,89.52366134344095,20.0,20.0,-1.710994152878695,-0.42366134344095485,0.0322755463068015,1.8329215361314246,14.0,0.0,0.0003800147693875338,"[20.0, 20.0, 20.0, 20.0, 20.0, 20.0, 20.0, 20.0, 20.0, 20.0, 20.0, 20.0, 20.0, 20.0, 20.0, 20.0, 20.0, 20.0, 20.0, 20.0, 20.0, 20.0, 20.0, 20.0, 20.0, 20.0, 20.0, 20.0, 20.0, 20.0, 20.0, 20.0, 20.0, 20.0, 20.0, 20.0, 20.0, 20.0, 20.0, 20.0, 20.0, 20.0, 20.0, 20.0, 20.0, 20.0, 20.0, 20.0, 20.0, 20.0, 20.0, 20.0, 20.0, 20.0, 20.0, 20.0, 20.0, 20.0, 20.0, 20.0, 20.0, 20.0, 20.0, 20.0, 20.0, 20.0, 20.0, 20.0, 20.0, 20.0, 20.0, 20.0]",24.992648354819806,24.96996083391604,0.0936,-1.1928,-0.1402,0.0479,0.9381,-0.2199,-0.0017,-9.8166,15.3,,50.0,,,,1.0818,0.795,1.3425,216.31,14.94,1.22388,1.8371,89.07,13.734,1,46.0,36.787,1,3,10,0.7,9.699,0,1.1659,0,0
1790741906.709781,47.3981929,8.546318099999999,9.526000022888184,0.027306390926241875,1.8343833684921265,0.0021563388872891665,89.27,0.021755190803439014,1.789107953925415,0.0,89.6866082896911,20.0,20.0,-1.6857267932909714,-0.4166082896911405,0.12283449157844219,1.8303144424703612,14.0,0.0,0.0005086274985938588,"[20.0, 20.0, 20.0, 20.0, 20.0, 20.0, 20.0, 20.0, 20.0, 20.0, 20.0, 20.0, 20.0, 20.0, 20.0, 20.0, 20.0, 20.0, 20.0, 20.0, 20.0, 20.0, 20.0, 20.0, 20.0, 20.0, 20.0, 20.0, 20.0, 20.0, 20.0, 20.0, 20.0, 20.0, 20.0, 20.0, 20.0, 20.0, 20.0, 20.0, 20.0, 20.0, 20.0, 20.0, 20.0, 20.0, 20.0, 20.0, 20.0, 20.0, 20.0, 20.0, 20.0, 20.0, 20.0, 20.0, 20.0, 20.0, 20.0, 20.0, 20.0, 20.0, 20.0, 20.0, 20.0, 20.0, 20.0, 20.0, 20.0, 20.0, 20.0, 20.0]",24.992648354819806,24.96996083391604,0.1012,-1.1917,0.0336,0.0367,0.9218,-0.219,0.0002,-9.8171,15.3,,50.0,,,,1.1068,0.7757,1.3516,215.02,14.94,1.22388,1.8346,89.15,13.365,1,46.21,37.155,1,3,10,0.7,9.692,0,1.1588,0,0
1790741906.9107935,47.398193,8.546323,9.519000053405762,0.025492902845144272,1.8320751190185547,0.0018256715266034007,89.44,0.016443176914936172,1.7891311449422542,0.0,89.85790028372998,20.0,20.0,-1.6611897216077303,-0.4179002837299777,0.2372061115442375,1.8278392813529427,14.0,0.0,9.322661501459121e-05,"[20.0, 20.0, 20.0, 20.0, 20.0, 20.0, 20.0, 20.0, 20.0, 20.0, 20.0, 20.0, 20.0, 20.0, 20.0, 20.0, 20.0, 20.0, 20.0, 20.0, 20.0, 20.0, 20.0, 20.0, 20.0, 20.0, 20.0, 20.0, 20.0, 20.0, 20.0, 20.0, 20.0, 20.0, 20.0, 20.0, 20.0, 20.0, 20.0, 20.0, 20.0, 20.0, 20.0, 20.0, 20.0, 20.0, 20.0, 20.0, 20.0, 20.0, 20.0, 20.0, 20.0, 20.0, 20.0, 20.0, 20.0, 20.0, 20.0, 20.0, 20.0, 20.0, 20.0, 20.0, 20.0, 20.0, 20.0, 20.0, 20.0, 20.0, 20.0, 20.0]",24.992648354819806,24.96996083391604,0.1242,-1.1977,0.1561,-0.0217,0.8576,-0.2215,-0.0073,-9.8158,15.3,,50.0,,,,1.1825,0.8858,1.4775,216.84,14.94,1.22388,1.8323,89.2,12.998,1,46.41,37.523,1,3,10,0.7,9.727,0,1.0935,0,0
1790741907.1130254,47.398193,8.5463278,9.51400089263916,0.023662565276026726,1.8293626308441162,0.0011650548549368978,89.62,0.010815347957853012,1.7891052744289708,0.0,90.04055019964409,20.0,20.0,-1.63821586678369,-0.420550199644083,0.3610720521490345,1.8249288061254938,14.0,0.0,0.00019043256977007336,"[20.0, 20.0, 20.0, 20.0, 20.0, 20.0, 20.0, 20.0, 20.0, 20.0, 20.0, 20.0, 20.0, 20.0, 20.0, 20.0, 20.0, 20.0, 20.0, 20.0, 20.0, 20.0, 20.0, 20.0, 20.0, 20.0, 20.0, 20.0, 20.0, 20.0, 20.0, 20.0, 20.0, 20.0, 20.0, 20.0, 20.0, 20.0, 20.0, 20.0, 20.0, 20.0, 20.0, 20.0, 20.0, 20.0, 20.0, 20.0, 20.0, 20.0, 20.0, 20.0, 20.0, 20.0, 20.0, 20.0, 20.0, 20.0, 20.0, 20.0, 20.0, 20.0, 20.0, 20.0, 20.0, 20.0, 20.0, 20.0, 20.0, 20.0, 20.0, 20.0]",24.992648354819806,24.96996083391604,0.1558,-1.2033,0.2073,-0.0086,0.8366,-0.2255,0.003,-9.8092,15.3,,50.0,,,,1.1922,1.0601,1.5953,221.64,14.94,1.22388,1.8295,89.26,12.631,1,46.61,37.89,1,3,10,0.7,9.67,0,1.0318,0,0
1790741907.3142629,47.3981931,8.546333299999999,9.51200008392334,0.020674007013440132,1.8267607688903809,-0.00016265410522464663,89.81,0.005460848806323311,1.7886657887780717,0.0,90.22842722285475,20.0,20.0,-1.6142639124454572,-0.43842722285469904,0.4384060744754055,1.8221901457117167,14.0,0.0,0.0012887461673455065,"[20.0, 20.0, 20.0, 20.0, 20.0, 20.0, 20.0, 20.0, 20.0, 20.0, 20.0, 20.0, 20.0, 20.0, 20.0, 20.0, 20.0, 20.0, 20.0, 20.0, 20.0, 20.0, 20.0, 20.0, 20.0, 20.0, 20.0, 20.0, 20.0, 20.0, 20.0, 20.0, 20.0, 20.0, 20.0, 20.0, 20.0, 20.0, 20.0, 20.0, 20.0, 20.0, 20.0, 20.0, 20.0, 20.0, 20.0, 20.0, 20.0, 20.0, 20.0, 20.0, 20.0, 20.0, 20.0, 20.0, 20.0, 20.0, 20.0, 20.0, 20.0, 20.0, 20.0, 20.0, 20.0, 20.0, 20.0, 20.0, 20.0, 20.0, 20.0, 20.0]",24.992648354819806,24.96996083391604,0.1936,-1.2154,0.1547,-0.049,0.8378,-0.2181,0.0008,-9.8132,15.3,,50.0,,,,1.0619,1.195,1.5986,228.37,14.94,1.22388,1.8269,89.35,12.265,1,46.81,38.255,1,3,10,0.7,9.735,0,1.0276,0,0
1790741907.514836,47.3981931,8.5463382,9.51400089263916,0.017180293798446655,1.8271414041519165,-0.0013291031355038285,89.98,-0.0004809488444655226,1.78856633834597,0.0,90.4225780318157,20.0,20.0,-1.5888761713790636,-0.44257803181568534,0.5187264032630908,1.8224564379587536,14.0,0.0,0.00029962105963998856,"[20.0, 20.0, 20.0, 20.0, 20.0, 20.0, 20.0, 20.0, 20.0, 20.0, 20.0, 20.0, 20.0, 20.0, 20.0, 20.0, 20.0, 20.0, 20.0, 20.0, 20.0, 20.0, 20.0, 20.0, 20.0, 20.0, 20.0, 20.0, 20.0, 20.0, 20.0, 20.0, 20.0, 20.0, 20.0, 20.0, 20.0, 20.0, 20.0, 20.0, 20.0, 20.0, 20.0, 20.0, 20.0, 20.0, 20.0, 20.0, 20.0, 20.0, 20.0, 20.0, 20.0, 20.0, 20.0, 20.0, 20.0, 20.0, 20.0, 20.0, 20.0, 20.0, 20.0, 20.0, 20.0, 20.0, 20.0, 20.0, 20.0, 20.0, 20.0, 20.0]",24.992648354819806,24.96996083391604,0.2176,-1.2085,0.2066,0.1707,0.8618,-0.2231,-0.008,-9.7932,15.3,,50.0,,,,1.0797,1.1913,1.6077,227.81,14.94,1.22388,1.8272,89.46,11.898,1,47.01,38.623,1,3,10,0.7,9.778,0,1.0233,0,0
1790741907.7148175,47.398193199999994,8.546343,9.518000602722168,0.011510491371154785,1.8267734050750732,-0.0014379575150087476,90.16,-0.006143286153234676,1.7880880331811788,0.0,90.62060014376948,20.0,20.0,-1.561755887399919,-0.4606001437695113,0.5210156826716142,1.8221227697630036,14.0,0.0,0.001303901789173127,"[20.0, 20.0, 20.0, 20.0, 20.0, 20.0, 20.0, 20.0, 20.0, 20.0, 20.0, 20.0, 20.0, 20.0, 20.0, 20.0, 20.0, 20.0, 20.0, 20.0, 20.0, 20.0, 20.0, 20.0, 20.0, 20.0, 20.0, 20.0, 20.0, 20.0, 20.0, 20.0, 20.0, 20.0, 20.0, 20.0, 20.0, 20.0, 20.0, 20.0, 20.0, 20.0, 20.0, 20.0, 20.0, 20.0, 20.0, 20.0, 20.0, 20.0, 20.0, 20.0, 20.0, 20.0, 20.0, 20.0, 20.0, 20.0, 20.0, 20.0, 20.0, 20.0, 20.0, 20.0, 20.0, 20.0, 20.0, 20.0, 20.0, 20.0, 20.0, 20.0]",24.992648354819806,24.96996083391604,0.2323,-1.1871,0.0837,0.0619,0.9891,-0.2286,-0.0084,-9.7947,15.3,,50.0,,,,1.2246,1.0233,1.5959,219.88,14.94,1.22388,1.8268,89.64,11.53,1,47.21,38.991,1,3,10,0.7,9.757,0,1.0289,0,0
1790741907.9153447,47.398193199999994,8.546347899999999,9.521000862121582,0.004423405509442091,1.8213660717010498,-0.0008944625151343644,90.32000000000001,-0.011221342972823952,1.7871195550753793,0.0,90.8169387441136,20.0,20.0,-1.5326706133765131,-0.4969387441136064,0.45914938486075585,1.8168870274600175,14.0,0.0,0.002620814026199479,"[20.0, 20.0, 20.0, 20.0, 20.0, 20.0, 20.0, 20.0, 20.0, 20.0, 20.0, 20.0, 20.0, 20.0, 20.0, 20.0, 20.0, 20.0, 20.0, 20.0, 20.0, 20.0, 20.0, 20.0, 20.0, 20.0, 20.0, 20.0, 20.0, 20.0, 20.0, 20.0, 20.0, 20.0, 20.0, 20.0, 20.0, 20.0, 20.0, 20.0, 20.0, 20.0, 20.0, 20.0, 20.0, 20.0, 20.0, 20.0, 20.0, 20.0, 20.0, 20.0, 20.0, 20.0, 20.0, 20.0, 20.0, 20.0, 20.0, 20.0, 20.0, 20.0, 20.0, 20.0, 20.0, 20.0, 20.0, 20.0, 20.0, 20.0, 20.0, 20.0]",24.992648354819806,24.96996083391604,0.231,-1.1912,-0.0073,-0.1451,0.9516,-0.2214,0.0001,-9.7983,15.3,,50.0,,,,1.1846,1.0257,1.5669,220.89,14.94,1.22388,1.8214,89.86,11.168,1,47.41,39.353,1,3,10,0.7,9.772,0,1.0379,0,0
1790741908.1156533,47.3981931,8.546352599999999,9.52400016784668,-0.00466803228482604,1.8150546550750732,-0.0005768699920736253,90.5,-0.016861247669833105,1.786779977672874,0.0,91.0083010482025,20.0,20.0,-1.5005787327249878,-0.5083010482025259,0.3526446803592506,1.8109387413296536,14.0,0.0,0.0008212953034077048,"[20.0, 20.0, 20.0, 20.0, 20.0, 20.0, 20.0, 20.0, 20.0, 20.0, 20.0, 20.0, 20.0, 20.0, 20.0, 20.0, 20.0, 20.0, 20.0, 20.0, 20.0, 20.0, 20.0, 20.0, 20.0, 20.0, 20.0, 20.0, 20.0, 20.0, 20.0, 20.0, 20.0, 20.0, 20.0, 20.0, 20.0, 20.0, 20.0, 20.0, 20.0, 20.0, 20.0, 20.0, 20.0, 20.0, 20.0, 20.0, 20.0, 20.0, 20.0, 20.0, 20.0, 20.0, 20.0, 20.0, 20.0, 20.0, 20.0, 20.0, 20.0, 20.0, 20.0, 20.0, 20.0, 20.0, 20.0, 20.0, 20.0, 20.0, 20.0, 20.0]",24.992648354819806,24.96996083391604,0.2108,-1.2272,-0.1752,-0.2481,1.0198,-0.2186,0.0004,-9.8003,15.3,,50.0,,,,1.2815,0.9825,1.6148,217.48,14.94,1.22388,1.8151,90.15,10.811,1,47.61,39.71,1,3,10,0.7,9.785,0,1.0077,0,0
1790741908.3169525,47.3981931,8.5463574,9.527000427246094,-0.012908392585814,1.8110694885253906,-0.0008308985270559788,90.69,-0.022789100061459892,1.786680936814785,0.0,91.19958102052266,19.941405271893665,19.941405271893665,-1.4660279019749485,-0.5095810205226599,0.28163141094229277,1.8072928211561463,14.0,0.0,9.21735586232506e-05,"[20.0, 20.0, 20.0, 20.0, 20.0, 20.0, 20.0, 20.0, 20.0, 20.0, 20.0, 20.0, 20.0, 20.0, 20.0, 20.0, 20.0, 20.0, 20.0, 20.0, 20.0, 20.0, 20.0, 20.0, 20.0, 20.0, 20.0, 20.0, 20.0, 20.0, 20.0, 20.0, 20.0, 20.0, 20.0, 20.0, 19.95774698390167, 19.941405271893665, 20.0, 20.0, 20.0, 20.0, 20.0, 20.0, 20.0, 20.0, 20.0, 20.0, 20.0, 20.0, 20.0, 20.0, 20.0, 20.0, 20.0, 20.0, 20.0, 20.0, 20.0, 20.0, 20.0, 20.0, 20.0, 20.0, 20.0, 20.0, 20.0, 20.0, 20.0, 20.0, 20.0, 20.0]",24.992648354819806,24.96996083391604,0.1723,-1.2617,-0.2065,-0.113,1.0923,-0.2297,0.0076,-9.7953,15.3,,50.0,,,,1.2175,0.8938,1.5104,216.28,14.94,1.22388,1.8111,90.41,10.453,1,47.81,40.068,1,3,10,0.7,9.81,0,1.0559,0,0
1790741908.5175722,47.3981931,8.546362199999999,9.531000137329102,-0.01801731251180172,1.81100594997406,-0.0005691488040611148,90.9,-0.029331207878142765,1.7866640858377798,0.0,91.40655798680598,19.579863782289678,19.579863782289678,-1.4321439212580669,-0.5065579868060013,0.32999529728204574,1.8073188424815785,14.0,0.0,0.00021758343763296693,"[20.0, 20.0, 20.0, 20.0, 20.0, 20.0, 20.0, 20.0, 20.0, 20.0, 20.0, 20.0, 20.0, 20.0, 20.0, 20.0, 20.0, 20.0, 20.0, 20.0, 20.0, 20.0, 20.0, 20.0, 20.0, 20.0, 20.0, 20.0, 20.0, 20.0, 20.0, 20.0, 20.0, 20.0, 19.95494157554517, 19.699279427241063, 19.597346417448637, 19.579863782289678, 19.675406250188832, 19.92426495488743, 20.0, 20.0, 20.0, 20.0, 20.0, 20.0, 20.0, 20.0, 20.0, 20.0, 20.0, 20.0, 20.0, 20.0, 20.0, 20.0, 20.0, 20.0, 20.0, 20.0, 20.0, 20.0, 20.0, 20.0, 20.0, 20.0, 20.0, 20.0, 20.0, 20.0, 20.0, 20.0]",24.992648354819806,24.96996083391604,0.1574,-1.2738,0.0318,0.0681,1.1162,-0.2207,0.007,-9.8018,15.3,,50.0,,,,1.1408,0.7101,1.3438,211.9,14.94,1.22388,1.8111,90.57,10.092,1,48.01,40.43,1,3,10,0.7,9.783,0,1.1392,0,0
1790741908.719093,47.398193,8.546367,9.532999992370605,-0.021808147430419922,1.8119796514511108,-0.00012596910528372973,91.12,-0.03620338378428103,1.7863780801721043,0.0,91.63271188907169,19.216590507865885,19.216590507865885,-1.3995148382579774,-0.5127118890716815,0.4304478416522253,1.8082471541772789,14.0,0.0,0.00044270065156657687,"[20.0, 20.0, 20.0, 20.0, 20.0, 20.0, 20.0, 20.0, 20.0, 20.0, 20.0, 20.0, 20.0, 20.0, 20.0, 20.0, 20.0, 20.0, 20.0, 20.0, 20.0, 20.0, 20.0, 20.0, 20.0, 20.0, 20.0, 20.0, 20.0, 20.0, 20.0, 20.0, 20.0, 20.0, 19.599614762612024, 19.34187325183745, 19.235314768216693, 19.216590507865885, 19.303868022125982, 19.54134189676257, 19.93836425931641, 20.0, 20.0, 20.0, 20.0, 20.0, 20.0, 20.0, 20.0, 20.0, 20.0, 20.0, 20.0, 20.0, 20.0, 20.0, 20.0, 20.0, 20.0, 20.0, 20.0, 20.0, 20.0, 20.0, 20.0, 20.0, 20.0, 20.0, 20.0, 20.0, 20.0, 20.0]",24.992648354819806,24.96996083391604,0.1691,-1.2593,0.1615,0.0777,1.0729,-0.2156,-0.0025,-9.7938,15.3,,50.0,,,,1.0885,0.6217,1.2535,209.73,14.94,1.22388,1.8121,90.69,9.729,1,48.21,40.793,1,3,10,0.7,9.758,0,1.1854,0,0
1790741908.9207704,47.398193,8.5463719,9.534000396728516,-0.026612820103764534,1.8137401342391968,3.710243618115783e-05,91.34,-0.043102157164360486,1.7856697785296072,0.0,91.87406111650296,18.850846429747687,18.850846429747687,-1.3665114638972342,-0.5340611165029827,0.49936531845168364,1.8100174576760417,14.0,0.0,0.0015350509350194207,"[20.0, 20.0, 20.0, 20.0, 20.0, 20.0, 20.0, 20.0, 20.0, 20.0, 20.0, 20.0, 20.0, 20.0, 20.0, 20.0, 20.0, 20.0, 20.0, 20.0, 20.0, 20.0, 20.0, 20.0, 20.0, 20.0, 20.0, 20.0, 20.0, 20.0, 20.0, 20.0, 20.0, 19.659630386656154, 19.241194374958535, 18.981650326404804, 18.8707211653643, 18.850846429747687, 18.930098749013382, 19.156427769000135, 19.538735244359987, 20.0, 20.0, 20.0, 20.0, 20.0, 20.0, 20.0, 20.0, 20.0, 20.0, 20.0, 20.0, 20.0, 20.0, 20.0, 20.0, 20.0, 20.0, 20.0, 20.0, 20.0, 20.0, 20.0, 20.0, 20.0, 20.0, 20.0, 20.0, 20.0, 20.0, 20.0]",24.992648354819806,24.96996083391604,0.1961,-1.2372,0.1438,0.1543,1.081,-0.2147,-0.0048,-9.8006,15.3,,50.0,,,,0.9951,0.5647,1.1442,209.57,14.94,1.22388,1.8139,90.84,9.363,1,48.42,41.159,1,3,10,0.7,9.746,0,1.2418,0,0
1790741909.1201541,47.398193,8.546376799999999,9.535000801086426,-0.03162514790892601,1.8166998624801636,0.0005609649233520031,91.55,-0.04973576248663562,1.7841861861379447,0.0,92.13444041540617,17.852592563748846,17.852592563748846,-1.3333596718450256,-0.5844404154061351,0.5526946454087993,1.8129723249804932,14.0,0.0,0.0036315612879533337,"[20.0, 20.0, 20.0, 20.0, 20.0, 20.0, 20.0, 20.0, 20.0, 20.0, 20.0, 20.0, 20.0, 20.0, 20.0, 20.0, 20.0, 20.0, 20.0, 20.0, 20.0, 20.0, 20.0, 20.0, 20.0, 20.0, 20.0, 20.0, 20.0, 20.0, 20.0, 20.0, 19.88636075747409, 19.295641149892724, 18.87853579914702, 18.617776075911916, 17.852592563748846, 18.48216399713743, 18.553914438355417, 18.769629071328943, 19.13778204082153, 19.67338796183316, 20.0, 20.0, 20.0, 20.0, 20.0, 20.0, 20.0, 20.0, 20.0, 20.0, 20.0, 20.0, 20.0, 20.0, 20.0, 20.0, 20.0, 20.0, 20.0, 20.0, 20.0, 20.0, 20.0, 20.0, 20.0, 20.0, 20.0, 20.0, 20.0, 20.0]",24.992648354819806,24.96996083391604,0.2168,-1.1979,0.1186,0.2312,1.0816,-0.2171,-0.001,-9.8117,15.3,,50.0,,,,0.9795,0.6527,1.1771,213.68,14.94,1.22388,1.817,91.0,8.994,1,48.62,41.529,1,3,10,0.7,9.775,0,1.2284,0,0
1790741909.3207161,47.398193,8.5463817,9.535000801086426,-0.03537054359912872,1.8184036016464233,0.00028881296748295426,91.78,-0.05699537165892969,1.7824319897391097,0.0,92.42342678299042,17.431605574024697,17.431605574024697,-1.3019649741913486,-0.6434267829904456,0.6656558949747567,1.8145077193295316,14.0,0.0,0.004241948101956659,"[20.0, 20.0, 20.0, 20.0, 20.0, 20.0, 20.0, 20.0, 20.0, 20.0, 20.0, 20.0, 20.0, 20.0, 20.0, 20.0, 20.0, 20.0, 20.0, 20.0, 20.0, 20.0, 20.0, 20.0, 20.0, 20.0, 20.0, 20.0, 20.0, 20.0, 20.0, 20.0, 19.520138599023355, 18.93285611410027, 18.516686630229707, 18.254358126659813, 17.431605574024697, 18.113403695353124, 18.177338222399932, 18.382120267746224, 18.73578427952513, 19.252723161298718, 19.95517725352235, 20.0, 20.0, 20.0, 20.0, 20.0, 20.0, 20.0, 20.0, 20.0, 20.0, 20.0, 20.0, 20.0, 20.0, 20.0, 20.0, 20.0, 20.0, 20.0, 20.0, 20.0, 20.0, 20.0, 20.0, 20.0, 20.0, 20.0, 20.0, 20.0]",24.992648354819806,24.96996083391604,0.2427,-1.1514,0.1896,0.2371,1.1399,-0.2175,-0.0103,-9.807,15.3,,50.0,,,,1.0007,0.5964,1.1649,210.79,14.94,1.22388,1.8187,91.11,8.625,1,48.82,41.898,1,3,10,0.7,9.821,0,1.2363,0,0
1790741909.5215163,47.398193,8.546386499999999,9.53600025177002,-0.04087303578853607,1.815248966217041,4.002128844149411e-05,92.02,-0.0645569141037734,1.7805545110769379,0.0,92.72549702716788,17.03973432101573,17.03973432101573,-1.2696721673481222,-0.7054970271679224,0.7301180921118934,1.8113412719268922,14.0,0.0,0.004448047727807039,"[20.0, 20.0, 20.0, 20.0, 20.0, 20.0, 20.0, 20.0, 20.0, 20.0, 20.0, 20.0, 20.0, 20.0, 20.0, 20.0, 20.0, 20.0, 20.0, 20.0, 20.0, 20.0, 20.0, 20.0, 20.0, 20.0, 20.0, 20.0, 20.0, 20.0, 20.0, 19.936549397462418, 19.157949351526604, 18.573923923580033, 18.15856219290226, 17.894580922159946, 17.03973432101573, 17.74829704491582, 17.804419733275825, 17.99831101657407, 18.33756828936506, 18.835967978858616, 19.514886248456328, 20.0, 20.0, 20.0, 20.0, 20.0, 20.0, 20.0, 20.0, 20.0, 20.0, 20.0, 20.0, 20.0, 20.0, 20.0, 20.0, 20.0, 20.0, 20.0, 20.0, 20.0, 20.0, 20.0, 20.0, 20.0, 20.0, 20.0, 20.0, 20.0]",24.992648354819806,24.96996083391604,0.2768,-1.1243,0.1423,-0.045,1.3376,-0.2192,0.0029,-9.7999,15.3,,50.0,,,,1.025,0.5863,1.1808,209.77,14.94,1.22388,1.8157,91.29,8.259,1,49.02,42.264,1,3,10,0.7,9.804,0,1.2253,0,0
1790741909.7227685,47.3981929,8.5463914,9.53700065612793,-0.047584645450115204,1.810787320137024,0.00021910099894739687,92.28,-0.07272025360206873,1.7786911555528853,0.0,93.0447631612139,16.668386213909994,16.668386213909994,-1.2366494685921188,-0.7647631612138923,0.7747033776254466,1.8069717301341104,14.0,0.0,0.0042378938993958976,"[20.0, 20.0, 20.0, 20.0, 20.0, 20.0, 20.0, 20.0, 20.0, 20.0, 20.0, 20.0, 20.0, 20.0, 20.0, 20.0, 20.0, 20.0, 20.0, 20.0, 20.0, 20.0, 20.0, 20.0, 20.0, 20.0, 20.0, 20.0, 20.0, 20.0, 20.0, 19.57336957360556, 18.799929016487575, 18.218674276989304, 17.803717370846783, 17.53774249024519, 16.668386213909994, 17.38579883187387, 17.43385767943425, 17.61662777248623, 17.94126112532733, 18.42090976518455, 19.076077494586112, 19.93689537458651, 20.0, 20.0, 20.0, 20.0, 20.0, 20.0, 20.0, 20.0, 20.0, 20.0, 20.0, 20.0, 20.0, 20.0, 20.0, 20.0, 20.0, 20.0, 20.0, 20.0, 20.0, 20.0, 20.0, 20.0, 20.0, 20.0, 20.0, 20.0]",24.992648354819806,24.96996083391604,0.2918,-1.1321,0.04,-0.0672,1.3974,-0.2164,0.0053,-9.8069,15.3,,50.0,,,,0.9165,0.7207,1.1659,218.18,14.94,1.22388,1.8114,91.51,7.895,1,49.22,42.628,1,3,10,0.7,9.781,0,1.2285,0,0
1790741909.9243226,47.3981929,8.5463962,9.53700065612793,-0.05511930584907532,1.8056946992874146,0.0005232533439993858,92.57000000000001,-0.08177156675511527,1.7772877340928621,0.0,93.37338013458276,16.32065524321896,16.32065524321896,-1.2014546761295377,-0.8033801345827669,0.8215741748086322,1.8020736416934982,14.0,0.0,0.0027561824384344856,"[20.0, 20.0, 20.0, 20.0, 20.0, 20.0, 20.0, 20.0, 20.0, 20.0, 20.0, 20.0, 20.0, 20.0, 20.0, 20.0, 20.0, 20.0, 20.0, 20.0, 20.0, 20.0, 20.0, 20.0, 20.0, 20.0, 20.0, 20.0, 20.0, 20.0, 20.0, 19.21698536357675, 18.447706266352334, 17.868401918482466, 17.45315795800791, 17.184590212072145, 16.32065524321896, 17.02643057620335, 17.06594522599979, 17.237133869217104, 17.546685697369423, 18.007110068293006, 18.63801751208463, 19.468284920162894, 20.0, 20.0, 20.0, 20.0, 20.0, 20.0, 20.0, 20.0, 20.0, 20.0, 20.0, 20.0, 20.0, 20.0, 20.0, 20.0, 20.0, 20.0, 20.0, 20.0, 20.0, 20.0, 20.0, 20.0, 20.0, 20.0, 20.0, 20.0]",24.992648354819806,24.96996083391604,0.2991,-1.1475,-0.0152,-0.1319,1.5295,-0.2157,0.0035,-9.8061,15.3,,50.0,,,,0.9627,0.7673,1.2311,218.55,14.94,1.22388,1.8065,91.75,7.534,1,49.42,42.99,1,3,10,0.7,9.755,0,1.191,0,0
1790741910.1238713,47.3981928,8.546401,9.53700065612793,-0.06384613364934921,1.8021867275238037,0.0004038419865537435,92.88,-0.09147735165740278,1.7747136471868177,0.0,93.76356916526322,16.005821831954897,16.005821831954897,-1.163279491689783,-0.8835691652631965,0.8510289230228986,1.7989073226007197,13.94538800433226,0.0019503324289566176,0.005736582233968874,"[20.0, 20.0, 20.0, 20.0, 20.0, 20.0, 20.0, 20.0, 20.0, 20.0, 20.0, 20.0, 20.0, 20.0, 20.0, 20.0, 20.0, 20.0, 20.0, 20.0, 20.0, 20.0, 20.0, 20.0, 20.0, 20.0, 20.0, 20.0, 20.0, 20.0, 19.853804904901022, 18.862842982416787, 18.09728539534622, 17.519579387389346, 17.103758909786226, 16.83235384253394, 16.005821831954897, 16.667881993345052, 16.6986687512033, 16.85810724389368, 17.15241838819026, 17.593464385336066, 18.199958823865412, 18.99952170442128, 20.0, 20.0, 20.0, 20.0, 20.0, 20.0, 20.0, 20.0, 20.0, 20.0, 20.0, 20.0, 20.0, 20.0, 20.0, 20.0, 20.0, 20.0, 20.0, 20.0, 20.0, 20.0, 20.0, 20.0, 20.0, 20.0, 20.0, 20.0]",24.992648354819806,24.96996083391604,0.3047,-1.1681,0.0029,-0.0703,1.6176,-0.2167,-0.0017,-9.8036,15.3,,50.0,,,,1.0094,0.6948,1.2254,214.54,14.94,1.22388,1.8033,92.03,7.173,1,49.62,43.352,1,3,10,0.7,9.737,0,1.1906,0,0
1790741910.3246539,47.398192699999996,8.5464058,9.535000801086426,-0.07166846841573715,1.8001164197921753,0.0005456440849229693,93.21000000000001,-0.1020742331214383,1.7637903244768594,0.0,94.48644248373296,16.309621592426346,16.309621592426346,-1.1244092626073934,-1.2764424837329784,0.9300734597275039,1.7970586307450005,13.583604929494692,0.01486950778710075,0.02781466111072038,"[20.0, 20.0, 20.0, 20.0, 20.0, 20.0, 20.0, 20.0, 20.0, 20.0, 20.0, 20.0, 20.0, 20.0, 20.0, 20.0, 20.0, 20.0, 20.0, 20.0, 20.0, 20.0, 20.0, 20.0, 20.0, 20.0, 20.0, 20.0, 20.0, 20.0, 19.49599721214602, 18.510330518136694, 17.748106423269213, 17.17169213790524, 16.755045998407628, 16.480595595293828, 16.33732444356213, 16.309621592426346, 16.331528041079814, 16.479077829373185, 16.758019469255387, 17.17956513402281, 17.761529933386868, 18.5302772575072, 19.523890975584234, 20.0, 20.0, 20.0, 20.0, 20.0, 20.0, 20.0, 20.0, 20.0, 20.0, 20.0, 20.0, 20.0, 20.0, 20.0, 20.0, 20.0, 20.0, 20.0, 20.0, 20.0, 20.0, 20.0, 20.0, 20.0, 20.0, 20.0]",24.992648354819806,24.96996083391604,0.3156,-1.1668,0.0564,0.0865,1.775,-0.2209,0.0008,-9.8011,15.3,,50.0,,,,0.9738,0.5868,1.137,211.07,14.94,1.22388,1.8015,92.28,6.812,1,49.82,43.713,1,3,10,0.7,9.719,0,1.2331,0,0
1790741910.5258434,47.398192699999996,8.5464106,9.534000396728516,-0.07919918745756149,1.7983447313308716,0.0002864555863197893,93.58,-0.11369800573913134,1.7547535907831808,0.0,95.17030475699943,15.951154590407187,15.951154590407187,-1.084115680936415,-1.5903047569994442,1.0583205915887406,1.795451751923761,13.220675271248728,0.027826605263535295,0.02198651164046418,"[20.0, 20.0, 20.0, 20.0, 20.0, 20.0, 20.0, 20.0, 20.0, 20.0, 20.0, 20.0, 20.0, 20.0, 20.0, 20.0, 20.0, 20.0, 20.0, 20.0, 20.0, 20.0, 20.0, 20.0, 20.0, 20.0, 20.0, 20.0, 20.0, 20.0, 19.1436808581991, 18.16190300066329, 17.401891196383815, 16.825843611116174, 16.407581840940495, 16.129387165487785, 15.980059143962952, 15.951154590407187, 15.963573798411774, 16.098628106466407, 16.36157096668147, 16.762940299067637, 17.31962466102339, 18.056696015441393, 19.010402450239525, 20.0, 20.0, 20.0, 20.0, 20.0, 20.0, 20.0, 20.0, 20.0, 20.0, 20.0, 20.0, 20.0, 20.0, 20.0, 20.0, 20.0, 20.0, 20.0, 20.0, 20.0, 20.0, 20.0, 20.0, 20.0, 20.0, 20.0]",24.992648354819806,24.96996083391604,0.355,-1.1102,0.2906,0.3136,2.1701,-0.2175,0.0121,-9.8041,15.3,,50.0,,,,0.9708,0.646,1.1661,213.64,14.94,1.22388,1.8001,92.52,6.45,1,50.02,44.076,1,3,10,0.7,9.747,0,1.217,0,0
1790741910.7258325,47.3981925,8.546415399999999,9.532999992370605,-0.09000088274478912,1.7933937311172485,-6.0240163293201476e-05,94.07000000000001,-0.1287757088376773,1.7496943839479655,0.0,95.8109809878083,15.589806924187275,15.589806924187275,-1.039729762577393,-1.7409809878082854,1.1970401216263336,1.791127157791464,12.859264495351699,0.05945859781065046,0.01051428999588733,"[20.0, 20.0, 20.0, 20.0, 20.0, 20.0, 20.0, 20.0, 20.0, 20.0, 20.0, 20.0, 20.0, 20.0, 20.0, 20.0, 20.0, 20.0, 20.0, 20.0, 20.0, 20.0, 20.0, 20.0, 20.0, 20.0, 20.0, 20.0, 20.0, 20.0, 18.81774893985359, 17.83441220086968, 17.072219421424215, 16.492880717582192, 16.069858055106685, 15.785122851529998, 15.627163718610833, 15.589806924187275, 15.59700793528034, 15.717119283671021, 15.961514430958971, 16.339951271109886, 16.868264218795098, 17.57006888859507, 18.47955177576797, 19.646010004706635, 20.0, 20.0, 20.0, 20.0, 20.0, 20.0, 20.0, 20.0, 20.0, 20.0, 20.0, 20.0, 20.0, 20.0, 20.0, 20.0, 20.0, 20.0, 20.0, 20.0, 20.0, 20.0, 20.0, 20.0, 20.0, 20.0]",24.992648354819806,24.96996083391604,0.3999,-1.0439,0.0889,0.1836,2.8762,-0.2223,-0.0039,-9.7981,15.3,,50.0,,,,0.9651,0.7176,1.2026,216.63,14.94,1.22388,1.7957,92.87,6.091,1,50.22,44.438,1,3,10,0.7,9.788,0,1.1943,0,0
1790741910.92729,47.3981924,8.546420099999999,9.534000396728516,-0.10228163003921509,1.78499436378479,-5.883566700504161e-06,94.69,-0.14776479886932622,1.738817476121316,0.0,96.7806795316892,15.230390313569888,15.230390313569888,-0.9922066395255622,-2.0906795316892044,1.4104913521943472,1.7836384966281118,12.501246114619276,0.1099329328012414,0.02416924297326708,"[20.0, 20.0, 20.0, 20.0, 20.0, 20.0, 20.0, 20.0, 20.0, 20.0, 20.0, 20.0, 20.0, 20.0, 20.0, 20.0, 20.0, 20.0, 20.0, 20.0, 20.0, 20.0, 20.0, 20.0, 20.0, 20.0, 20.0, 20.0, 20.0, 19.792006622583553, 18.52269977288969, 17.531774207723974, 16.762584505125112, 16.17598766435538, 15.744834098296431, 15.450603293430357, 15.281334299168225, 15.230390313569888, 15.234409025344775, 15.337130081623526, 15.560474303514463, 15.913319143274576, 16.41032751111951, 17.073510979541837, 17.93479679894328, 19.04020117981883, 20.0, 20.0, 20.0, 20.0, 20.0, 20.0, 20.0, 20.0, 20.0, 20.0, 20.0, 20.0, 20.0, 20.0, 20.0, 20.0, 20.0, 20.0, 20.0, 20.0, 20.0, 20.0, 20.0, 20.0, 20.0, 20.0]",24.992648354819806,24.96996083391604,0.4157,-1.0289,0.0746,-0.0791,3.4476,-0.2061,0.0016,-9.8032,15.3,,50.0,,,,0.9882,0.8194,1.2837,219.66,14.94,1.22388,1.7879,93.28,5.735,1,50.42,44.796,1,3,10,0.7,9.746,0,1.1461,0,0
1790741911.1269326,47.3981922,8.5464248,9.534000396728516,-0.11618874967098236,1.7748031616210938,-6.667364505119622e-05,95.42,-0.16985564179853868,1.72984618866129,0.0,97.76823450480538,14.877041930683426,14.877041930683426,-0.9408105591908951,-2.3482345048053332,1.674435855668751,1.7747021724536998,12.147115137703148,0.1595997183490218,0.017665395018329037,"[20.0, 20.0, 20.0, 20.0, 20.0, 20.0, 20.0, 20.0, 20.0, 20.0, 20.0, 20.0, 20.0, 20.0, 20.0, 20.0, 20.0, 20.0, 20.0, 20.0, 20.0, 20.0, 20.0, 20.0, 20.0, 20.0, 20.0, 20.0, 20.0, 19.540795030227166, 18.255216604366545, 17.2515415833299, 16.471303007282668, 15.874171043269763, 15.432159075202435, 15.126095781287296, 14.943453601994781, 14.877041930683426, 14.877548532813188, 14.961125642625241, 15.161688561258325, 15.487170140034165, 15.950992688413281, 16.573483253014196, 17.38420972147026, 18.425776244335133, 19.76007788394519, 20.0, 20.0, 20.0, 20.0, 20.0, 20.0, 20.0, 20.0, 20.0, 20.0, 20.0, 20.0, 20.0, 20.0, 20.0, 20.0, 20.0, 20.0, 20.0, 20.0, 20.0, 20.0, 20.0, 20.0, 20.0]",24.992648354819806,24.96996083391604,0.4519,-1.0257,0.1742,-0.0585,3.9986,-0.2211,0.0005,-9.8095,15.3,,50.0,,,,0.8136,0.8657,1.188,226.78,14.94,1.22388,1.7786,93.75,5.383,1,50.62,45.15,1,3,10,0.7,9.745,0,1.1846,0,0
1790741911.328124,47.3981919,8.5464295,9.532999992370605,-0.1327248066663742,1.7634514570236206,8.163532766047865e-05,96.26,-0.19507772143251595,1.7219516578038867,0.0,98.8009570178699,14.52673324092322,14.52673324092322,-0.8852659113459105,-2.540957017869914,1.9557926897283073,1.7651160602069242,11.796184185464186,0.20847066799759398,0.013080513663713742,"[20.0, 20.0, 20.0, 20.0, 20.0, 20.0, 20.0, 20.0, 20.0, 20.0, 20.0, 20.0, 20.0, 20.0, 20.0, 20.0, 20.0, 20.0, 20.0, 20.0, 20.0, 20.0, 20.0, 20.0, 20.0, 20.0, 20.0, 20.0, 20.0, 19.324216442741275, 18.015311335427363, 16.993599617144845, 16.198219789784943, 15.587290489960443, 15.13174586203451, 14.811596387978021, 14.613627517126565, 14.53000445576914, 14.52673324092322, 14.589589169589216, 14.765856852122216, 15.062472296723, 15.491565901825199, 16.071726266159093, 16.830102158553963, 17.805817569780864, 19.055578114293983, 20.0, 20.0, 20.0, 20.0, 20.0, 20.0, 20.0, 20.0, 20.0, 20.0, 20.0, 20.0, 20.0, 20.0, 20.0, 20.0, 20.0, 20.0, 20.0, 20.0, 20.0, 20.0, 20.0, 20.0, 20.0]",24.992648354819806,24.96996083391604,0.503,-1.0365,0.2381,-0.1096,4.6446,-0.2093,0.0048,-9.8034,15.3,,50.0,,,,0.844,0.7367,1.1203,221.12,14.94,1.22388,1.7684,94.3,5.036,1,50.82,45.501,1,3,10,0.7,9.754,0,1.2083,0,0
1790741911.5288205,47.3981916,8.546434099999999,9.531000137329102,-0.15167203545570374,1.7522411346435547,0.00030560052255168557,97.22,-0.22375297067789732,1.714787512304731,0.0,99.895586577389,13.4481433173735,13.4481433173735,-0.8261397561138162,-2.675586577388998,2.272872085676297,1.756162651865272,11.448016839111455,0.25650476461441285,0.009093946270090685,"[20.0, 20.0, 20.0, 20.0, 20.0, 20.0, 20.0, 20.0, 20.0, 20.0, 20.0, 20.0, 20.0, 20.0, 20.0, 20.0, 20.0, 20.0, 20.0, 20.0, 20.0, 20.0, 20.0, 20.0, 20.0, 20.0, 20.0, 20.0, 20.0, 19.146386859936225, 17.805985168813592, 16.76019159345802, 15.94504735754323, 15.316678609195591, 14.84465145974082, 14.507961580548555, 14.292568509440107, 13.4481433173735, 14.182519021235473, 14.223025060502003, 14.373467222631643, 14.639734289038708, 15.032619395142726, 15.56893019991633, 16.273356180878977, 17.181505785961036, 18.34487391008257, 19.839182799395935, 20.0, 20.0, 20.0, 20.0, 20.0, 20.0, 20.0, 20.0, 20.0, 20.0, 20.0, 20.0, 20.0, 20.0, 20.0, 20.0, 20.0, 20.0, 20.0, 20.0, 20.0, 20.0, 20.0, 20.0]",24.992648354819806,24.96996083391604,0.5586,-1.0661,0.2318,-0.2174,5.1008,-0.2142,0.0058,-9.8002,15.3,,50.0,,,,0.8689,0.6666,1.0951,217.49,14.94,1.22388,1.7588,94.95,4.693,1,51.02,45.85,1,3,10,0.7,9.757,0,1.2113,0,0
1790741911.7302852,47.3981913,8.5464387,9.530000686645508,-0.17413142323493958,1.7438223361968994,0.00016136658086907119,98.27,-0.25497586823947466,1.7076506691570819,0.0,101.04674335263155,13.837905739148885,13.837905739148885,-0.7607065617795181,-2.7767433526315983,2.5675661214877725,1.7507015273878699,11.099247550845504,0.30482785118708694,0.006803045232470275,"[20.0, 20.0, 20.0, 20.0, 20.0, 20.0, 20.0, 20.0, 20.0, 20.0, 20.0, 20.0, 20.0, 20.0, 20.0, 20.0, 20.0, 20.0, 20.0, 20.0, 20.0, 20.0, 20.0, 20.0, 20.0, 20.0, 20.0, 20.0, 20.0, 18.9960103412773, 17.617608669999107, 16.543099774046237, 15.70477842927978, 15.056384535596601, 14.565867239071562, 14.21104464020449, 13.976941164370393, 13.85415533750319, 13.837905739148885, 13.860088712040744, 13.984017631809648, 14.2193771475448, 14.575623034047387, 15.067799981080173, 15.718182751412757, 16.55895290585511, 17.63656264841777, 19.019012250874894, 20.0, 20.0, 20.0, 20.0, 20.0, 20.0, 20.0, 20.0, 20.0, 20.0, 20.0, 20.0, 20.0, 20.0, 20.0, 20.0, 20.0, 20.0, 20.0, 20.0, 20.0, 20.0, 20.0, 20.0]",24.992648354819806,24.96996083391604,0.613,-1.0949,0.1402,-0.0118,5.493,-0.2119,0.0037,-9.8038,15.3,,50.0,,,,0.731,0.7245,1.0293,224.74,14.94,1.22388,1.7525,95.7,4.351,1,51.23,46.199,1,3,10,0.7,9.774,0,1.2379,0,0
1790741911.929808,47.398190899999996,8.5464433,9.529000282287598,-0.20035581290721893,1.7351431846618652,0.00015134672867134213,99.39,-0.28810974739828377,1.6998704793033073,0.0,102.2576215644512,13.4862703723637,13.4862703723637,-0.6886373384335465,-2.8676215644512126,2.803265636825817,1.745772717774667,10.751838429691263,0.35451271746307284,0.006121181236449802,"[20.0, 20.0, 20.0, 20.0, 20.0, 20.0, 20.0, 20.0, 20.0, 20.0, 20.0, 20.0, 20.0, 20.0, 20.0, 20.0, 20.0, 20.0, 20.0, 20.0, 20.0, 20.0, 20.0, 20.0, 20.0, 20.0, 20.0, 20.0, 20.0, 18.87154283491547, 17.449187767405917, 16.341866780586393, 15.477463740169174, 14.806940388037525, 14.296388391657933, 13.922296518219284, 13.668657146917713, 13.525187238895342, 13.4862703723637, 13.5038830020255, 13.601192371459264, 13.80574705314274, 14.12569504399098, 14.574375795006716, 15.171748994957396, 15.946736694781707, 16.941032610533135, 18.21541320156448, 19.860565031099686, 20.0, 20.0, 20.0, 20.0, 20.0, 20.0, 20.0, 20.0, 20.0, 20.0, 20.0, 20.0, 20.0, 20.0, 20.0, 20.0, 20.0, 20.0, 20.0, 20.0, 20.0, 20.0, 20.0]",24.992648354819806,24.96996083391604,0.6666,-1.1147,0.19,-0.0794,5.7847,-0.2097,0.0068,-9.8131,15.3,,50.0,,,,0.6839,0.8508,1.0916,231.2,14.94,1.22388,1.7467,96.59,4.013,1,51.43,46.548,1,3,10,0.7,9.75,0,1.2009,0,0
1790741912.1314068,47.3981905,8.5464479,9.527000427246094,-0.22553035616874695,1.7260656356811523,0.0005582140292972326,100.56,-0.3222536787447386,1.6886018037719774,0.0,103.61264290904768,13.142561177607092,13.142561177607092,-0.6154981454975554,-3.0526429090476768,3.1158187393307526,1.7404097396230946,10.406984524632628,0.40406167984948377,0.012360535634154134,"[20.0, 20.0, 20.0, 20.0, 20.0, 20.0, 20.0, 20.0, 20.0, 20.0, 20.0, 20.0, 20.0, 20.0, 20.0, 20.0, 20.0, 20.0, 20.0, 20.0, 20.0, 20.0, 20.0, 20.0, 20.0, 20.0, 20.0, 20.0, 20.0, 18.769847662982645, 17.298266721481202, 16.154666235556803, 15.26184676355383, 14.567607509605207, 14.03595440751108, 13.641908380387237, 13.368346007223959, 13.204054780026102, 13.142561177607092, 13.155749440469746, 13.226820380368357, 13.40120864740252, 13.685805623998917, 14.092330878966674, 14.638565376267318, 15.350389358323122, 16.26509306656962, 17.436828975687902, 18.945877970486645, 20.0, 20.0, 20.0, 20.0, 20.0, 20.0, 20.0, 20.0, 20.0, 20.0, 20.0, 20.0, 20.0, 20.0, 20.0, 20.0, 20.0, 20.0, 20.0, 20.0, 20.0, 20.0, 20.0]",24.992648354819806,24.96996083391604,0.7239,-1.1448,0.3651,-0.1135,5.9838,-0.2046,0.004,-9.812,15.3,,50.0,,,,0.6948,0.8205,1.0751,229.74,14.94,1.22388,1.7407,97.44,3.679,1,51.63,46.895,1,3,10,0.7,9.745,0,1.2032,0,0
1790741912.3327105,47.3981901,8.5464524,9.52400016784668,-0.2512287497520447,1.7187843322753906,0.00043858139542862773,101.77,-0.32250425912570563,1.5116621284809881,0.0,105.18058500238783,12.064011559376013,12.064011559376013,-0.5414163339042433,-3.410585002387819,3.454162448765296,1.7370087700246095,10.062379192626889,0.45374569205160814,0.0010177392074378325,"[20.0, 20.0, 20.0, 20.0, 20.0, 20.0, 20.0, 20.0, 20.0, 20.0, 20.0, 20.0, 20.0, 20.0, 20.0, 20.0, 20.0, 20.0, 20.0, 20.0, 20.0, 20.0, 20.0, 20.0, 20.0, 20.0, 20.0, 20.0, 20.0, 18.68595352067652, 17.16025565307072, 15.977313744207194, 15.054128669455732, 14.334939173246584, 13.781435808706084, 13.367036502941259, 13.07342334253022, 12.888411989166732, 12.064011559376013, 12.81362310288, 12.85904739639896, 13.004116163921115, 13.25452136418636, 13.620454562466854, 14.11766141356015, 14.769205319976288, 15.608334077248225, 16.683176258003535, 18.06465159973216, 19.860368488373425, 20.0, 20.0, 20.0, 20.0, 20.0, 20.0, 20.0, 20.0, 20.0, 20.0, 20.0, 20.0, 20.0, 20.0, 20.0, 20.0, 20.0, 20.0, 20.0, 20.0, 20.0, 20.0]",24.992648354819806,24.96996083391604,0.8128,-1.1553,0.4237,0.0533,6.2946,-0.2187,0.01,-9.8108,15.3,,50.0,,,,0.5786,0.8662,1.0417,236.26,14.94,1.22388,1.737,98.32,3.349,1,51.83,47.241,1,3,10,0.7,9.745,0,1.2162,0,0
1790741912.7365012,47.3981892,8.5464618,9.520000457763672,-0.29557979106903076,1.6600738763809204,0.0002605936024338007,104.48,-0.18546865712219493,0.7181881915345747,0.0,109.30348442077639,12.11783724145964,12.15447422711274,-0.48557817700665995,-84.07193678559463,4.384161700525315,0.40106906074980664,9.378944978635051,0.552731570790328,0.21415422795957287,"[20.0, 20.0, 20.0, 20.0, 20.0, 20.0, 20.0, 20.0, 20.0, 20.0, 20.0, 20.0, 20.0, 20.0, 20.0, 20.0, 20.0, 20.0, 20.0, 20.0, 20.0, 20.0, 20.0, 20.0, 20.0, 20.0, 20.0, 20.0, 20.0, 18.650280916108066, 16.983072068601363, 15.699154026791195, 14.699730159118586, 13.919534703738007, 13.314205785752423, 12.853074456806667, 12.514873377384037, 12.285114092645316, 12.15447422711274, 12.11783724145964, 12.147541593924048, 12.233387870372827, 12.41561899834449, 12.701489061596131, 13.102904925684758, 13.637699776017293, 14.33172182481598, 15.222230978427989, 16.363523503797257, 17.8365745278248, 19.766386827749137, 20.0, 20.0, 20.0, 20.0, 20.0, 20.0, 20.0, 20.0, 20.0, 20.0, 20.0, 20.0, 20.0, 20.0, 20.0, 20.0, 20.0, 20.0, 20.0, 20.0, 20.0]",24.9370167052294,-0.029865244717299788,0.867,0.1149,-1.1096,0.0314,6.1152,-0.199,0.014,-9.8042,15.3,,50.0,,,,0.7776,0.9649,1.2392,231.13,14.94,1.22388,1.6862,100.1,24.419,1,52.23,47.929,1,3,10,0.7,9.689,0,1.0666,0,0
1790741912.9356349,47.3981887,8.5464661,9.522000312805176,-0.30290040373802185,1.5799387693405151,-0.022168012335896492,105.72,-0.01757558330032608,0.06244344906474271,0.0,110.54253456115725,11.061502441263872,11.852179100548755,-0.8043009719162866,-83.43047652533879,4.867138787805221,0.3834624204615025,9.053794709534117,0.5997368964497588,0.0,"[20.0, 20.0, 20.0, 20.0, 20.0, 20.0, 20.0, 20.0, 20.0, 20.0, 20.0, 20.0, 20.0, 20.0, 20.0, 20.0, 20.0, 20.0, 20.0, 20.0, 20.0, 20.0, 20.0, 20.0, 20.0, 20.0, 20.0, 20.0, 20.0, 18.62733478910755, 16.891649007639316, 15.560181425647059, 14.525753014452372, 13.718182849531704, 13.090054635661984, 12.60868771645649, 12.251401556569006, 12.002636090484296, 11.852179100548755, 11.061502441263872, 11.820166760093759, 11.881114412681939, 12.03476035508996, 12.287170173306329, 12.648721243740539, 13.135192180574881, 13.769565598857254, 14.584956752442169, 15.629432927761616, 16.97419401792605, 18.728097242101814, 20.0, 20.0, 20.0, 20.0, 20.0, 20.0, 20.0, 20.0, 20.0, 20.0, 20.0, 20.0, 20.0, 20.0, 20.0, 20.0, 20.0, 20.0, 20.0, 20.0, 20.0]",24.9370167052294,-0.029865244717299788,1.1737,4.0963,2.5157,21.7558,6.7169,-0.1761,0.0158,-9.8159,15.3,,50.0,,,,0.8003,0.9755,1.2618,230.63,14.94,1.22388,1.6087,100.85,24.335,1,52.43,48.257,1,3,10,0.7,9.696,0,0.9778,0,0
1790741913.1368716,47.3981883,8.546469799999999,9.529000282287598,-0.27973538637161255,1.341460943222046,-0.04355594143271446,107.42,-0.020956170671973195,0.06678951198180093,0.0,112.22600357055666,11.513407707001079,11.600278560119445,-1.08904245134766,-81.61141159846262,5.640890113588875,0.33297336788957166,8.762986443793283,0.6419802787523404,0.0,"[20.0, 20.0, 20.0, 20.0, 20.0, 20.0, 20.0, 20.0, 20.0, 20.0, 20.0, 20.0, 20.0, 20.0, 20.0, 20.0, 20.0, 20.0, 20.0, 20.0, 20.0, 20.0, 20.0, 20.0, 20.0, 20.0, 20.0, 20.0, 20.0, 18.861669787588134, 17.00091159169143, 15.582266461254111, 14.483886233188958, 13.62703830422772, 12.959025184230478, 12.443723758323735, 12.056080974642876, 11.778795561581079, 11.600278560119445, 11.513407707001079, 11.51481155828444, 11.562976658808084, 11.681670963332554, 11.89428891885015, 12.209433844152798, 12.640553659855657, 13.207429604742638, 13.938598585238097, 14.875312382484536, 16.078176589491093, 17.638741803941453, 19.70086450095539, 20.0, 20.0, 20.0, 20.0, 20.0, 20.0, 20.0, 20.0, 20.0, 20.0, 20.0, 20.0, 20.0, 20.0, 20.0, 20.0, 20.0, 20.0, 20.0, 20.0]",24.9370167052294,-0.029865244717299788,1.5994,9.0353,0.1311,18.1691,9.0255,-0.1484,0.0054,-9.8542,15.3,,50.0,,,,0.7737,0.9049,1.1906,229.47,14.94,1.22388,1.3703,101.78,24.259,1,52.63,48.552,1,3,10,0.7,9.722,0,0.775,0,0
1790741913.3368764,47.398187899999996,8.5464726,9.53600025177002,-0.221709206700325,0.9795565605163574,-0.013643687590956688,109.28,-0.02311294467314376,0.06607413857581644,0.0,114.10334136962888,11.285442671594822,11.43420169001889,-1.3033823077060036,-79.66719256754101,6.526762393279522,0.25219268052565086,8.543910965300354,0.6736255250480528,0.0,"[20.0, 20.0, 20.0, 20.0, 20.0, 20.0, 20.0, 20.0, 20.0, 20.0, 20.0, 20.0, 20.0, 20.0, 20.0, 20.0, 20.0, 20.0, 20.0, 20.0, 20.0, 20.0, 20.0, 20.0, 20.0, 20.0, 20.0, 20.0, 20.0, 19.328666046501887, 17.29796381808199, 15.761945211750437, 14.578370328071376, 13.656808134973954, 12.937438119497305, 12.379562732890918, 11.955034609001366, 11.644339694214569, 11.43420169001889, 11.316109474127655, 11.285442671594822, 11.325865513121068, 11.409405868593707, 11.582996436152381, 11.853557359613834, 12.232382764617974, 12.736352574068475, 13.389917772522892, 14.228329882283495, 15.302994676155038, 16.690665560293745, 18.510021053910094, 20.0, 20.0, 20.0, 20.0, 20.0, 20.0, 20.0, 20.0, 20.0, 20.0, 20.0, 20.0, 20.0, 20.0, 20.0, 20.0, 20.0, 20.0, 20.0, 20.0]",24.9370167052294,-0.029865244717299788,1.6675,9.4014,-1.9422,-6.7265,10.1107,-0.1377,0.0141,-9.8224,15.3,,50.0,,,,0.6585,0.9124,1.1252,234.18,14.94,1.22388,1.0043,102.75,24.201,1,52.83,48.775,1,3,10,0.7,9.758,0,0.4417,0,0
1790741913.5378199,47.3981877,8.5464742,9.535000801086426,-0.15009626746177673,0.5824065804481506,0.008711217902600765,111.13,-0.025233967645507036,0.06529354391412295,0.0,115.95093811035156,10.442788709953199,11.361216389110059,-1.4376323663053163,-77.7730759152829,7.065550172826231,0.1770259312784438,8.40664970938552,0.6929750568311226,0.0,"[20.0, 20.0, 20.0, 20.0, 20.0, 20.0, 20.0, 20.0, 20.0, 20.0, 20.0, 20.0, 20.0, 20.0, 20.0, 20.0, 20.0, 20.0, 20.0, 20.0, 20.0, 20.0, 20.0, 20.0, 20.0, 20.0, 20.0, 20.0, 20.0, 20.0, 17.763419786781117, 16.085336458308465, 14.799852638928316, 13.801894279712926, 13.02287026395756, 12.416537652246898, 11.951062216568927, 11.604350448059702, 11.361216389110059, 11.211637769529505, 10.442788709953199, 11.17300870891669, 11.23249918807916, 11.3705033553435, 11.601332203416607, 11.93443757059941, 12.384275141366592, 12.971943103283968, 13.72784430656972, 14.69605909850426, 15.94174498716796, 17.564219852172, 19.72146934742318, 20.0, 20.0, 20.0, 20.0, 20.0, 20.0, 20.0, 20.0, 20.0, 20.0, 20.0, 20.0, 20.0, 20.0, 20.0, 20.0, 20.0, 20.0, 20.0]",24.9370167052294,-0.029865244717299788,1.4521,7.1735,-2.68,-12.5249,10.6578,-0.0918,0.0083,-9.8577,15.3,,50.0,,,,0.7259,1.0293,1.2595,234.81,14.94,1.22388,0.6014,104.45,24.164,1,53.03,48.914,1,3,10,0.7,9.803,0,0.0,0,0
1790741913.740402,47.3981875,8.5464751,9.532999992370605,-0.10804061591625214,0.3441031575202942,0.010717126540839672,112.98,-0.02732868515171418,0.06444488317840662,0.0,117.79997108459474,11.071831157014607,11.355090210838911,-1.518088535590878,-75.90220666685657,5.548889899488708,0.11576875677757817,8.32392341764151,0.7038204994267866,0.0,"[20.0, 20.0, 20.0, 20.0, 20.0, 20.0, 20.0, 20.0, 20.0, 20.0, 20.0, 20.0, 20.0, 20.0, 20.0, 20.0, 20.0, 20.0, 20.0, 20.0, 20.0, 20.0, 20.0, 20.0, 20.0, 20.0, 20.0, 20.0, 20.0, 20.0, 18.377454850783067, 16.52990245552142, 15.124489041701771, 14.037796761071712, 13.19045205412852, 12.529507317098947, 12.018744201386756, 11.633059235742664, 11.355090210838911, 11.173145099299322, 11.079933865451348, 11.071831157014607, 11.122484057727188, 11.226950115284447, 11.421143072373154, 11.712883348669413, 12.114534451342662, 12.644358331830906, 13.328723895015345, 14.205710396714428, 15.331127665539132, 16.78897262297942, 18.710569171966927, 20.0, 20.0, 20.0, 20.0, 20.0, 20.0, 20.0, 20.0, 20.0, 20.0, 20.0, 20.0, 20.0, 20.0, 20.0, 20.0, 20.0, 20.0, 20.0]",24.9370167052294,-0.029865244717299788,1.1164,4.7925,-2.6226,-10.9289,10.871,-0.0578,-0.0002,-9.8547,15.3,,50.0,,,,0.7691,0.9589,1.2293,231.27,14.94,1.22388,0.3607,107.43,24.136,1,53.24,49.0,1,3,10,0.7,9.813,0,0.0,0,0
1790741913.9402018,47.3981874,8.5464755,9.534000396728516,-0.08050628006458282,0.18911132216453552,0.007987376302480698,114.91,-0.029483588119933075,0.06348793611052528,0.0,119.73589912414548,10.301092698898378,11.41859790632082,-1.5476472572981574,-73.97710653784335,1.2671289987683974,0.08452018681713439,8.293051559796888,0.7064193946143934,0.0,"[20.0, 20.0, 20.0, 20.0, 20.0, 20.0, 20.0, 20.0, 20.0, 20.0, 20.0, 20.0, 20.0, 20.0, 20.0, 20.0, 20.0, 20.0, 20.0, 20.0, 20.0, 20.0, 20.0, 20.0, 20.0, 20.0, 20.0, 20.0, 20.0, 20.0, 19.194412989563503, 17.134032011889165, 15.580186639354277, 14.385113657351775, 13.455423795184844, 12.729607017359173, 12.165938219120608, 11.735599222777077, 11.41859790632082, 11.201278129906186, 11.074787602729693, 10.301092698898378, 11.075236876351589, 11.146154949264124, 11.304576201641055, 11.556787950420963, 11.913246490817562, 12.389688080324143, 13.008955938911564, 13.803969704590536, 14.82263143984946, 16.13620649016274, 17.854331725732774, 20.0, 20.0, 20.0, 20.0, 20.0, 20.0, 20.0, 20.0, 20.0, 20.0, 20.0, 20.0, 20.0, 20.0, 20.0, 20.0, 20.0, 20.0, 20.0]",24.9370167052294,-0.029865244717299788,0.7744,2.9734,-2.163,-7.6316,10.8624,-0.0422,-0.0074,-9.8369,15.3,,50.0,,,,0.7454,1.008,1.2537,233.51,14.94,1.22388,0.2055,113.06,24.121,1,53.44,49.033,1,3,10,0.7,9.769,0,0.0,0,0
1790741914.1408844,47.3981873,8.5464757,9.535000801086426,-0.06251520663499832,0.09704749286174774,0.005848686210811138,116.91,-0.03168132453160817,0.06242029858886387,0.0,121.7354699707031,11.02350999006906,11.515273283950005,-1.5633706623792603,-71.98996391153966,-2.256898918254436,0.06450713416083946,8.276245031708317,0.7060737596158718,0.0,"[20.0, 20.0, 20.0, 20.0, 20.0, 20.0, 20.0, 20.0, 20.0, 20.0, 20.0, 20.0, 20.0, 20.0, 20.0, 20.0, 20.0, 20.0, 20.0, 20.0, 20.0, 20.0, 20.0, 20.0, 20.0, 20.0, 20.0, 20.0, 20.0, 20.0, 20.0, 17.859315805529352, 16.127416725847095, 14.804434101589447, 13.778968340141542, 12.978739855392725, 12.355227405668888, 11.875111214930579, 11.515273283950005, 11.259774872904023, 11.097997351645876, 11.02350999006906, 11.033427052430818, 11.09143243423846, 11.214128130170247, 11.42751187108499, 11.7402573065323, 12.165797015979823, 12.723823229815716, 13.442727536879248, 14.363595693288286, 15.54692968729092, 17.08444141858446, 19.12092474134805, 20.0, 20.0, 20.0, 20.0, 20.0, 20.0, 20.0, 20.0, 20.0, 20.0, 20.0, 20.0, 20.0, 20.0, 20.0, 20.0, 20.0, 20.0]",24.9370167052294,-0.029865244717299788,0.5093,1.7787,-1.3146,-4.72,10.8162,-0.0359,-0.0007,-9.8201,15.3,,50.0,,,,0.8774,0.9154,1.268,226.21,14.94,1.22388,0.1154,122.79,24.108,1,53.64,49.054,1,3,10,0.7,9.746,0,0.0,0,0
1790741914.342032,47.398187199999995,8.546475899999999,9.53600025177002,-0.051557429134845734,0.04769997298717499,0.0046732802875339985,118.96000000000001,-0.033893923168495654,0.06124705684559963,0.0,123.78572174072269,10.390629241600656,11.62641232380445,-1.5762823679500109,-69.9566449285133,-4.196900825340877,0.05250667529506711,8.262386112358461,0.7043223625184215,0.0,"[20.0, 20.0, 20.0, 20.0, 20.0, 20.0, 20.0, 20.0, 20.0, 20.0, 20.0, 20.0, 20.0, 20.0, 20.0, 20.0, 20.0, 20.0, 20.0, 20.0, 20.0, 20.0, 20.0, 20.0, 20.0, 20.0, 20.0, 20.0, 20.0, 20.0, 20.0, 18.70239991836178, 16.75874811696601, 15.286439892201269, 14.150933456727838, 13.266442019545634, 12.576096069258694, 12.041151026221453, 11.634793643380515, 11.338443212225918, 11.139486984772075, 11.02988908788528, 10.390629241600656, 11.052908358995738, 11.139908112663996, 11.315086160566784, 11.58544257096962, 11.962303590015376, 12.462543152894728, 13.110580803939284, 13.94163368101933, 15.007117351860812, 16.38394541923779, 18.191358979002924, 20.0, 20.0, 20.0, 20.0, 20.0, 20.0, 20.0, 20.0, 20.0, 20.0, 20.0, 20.0, 20.0, 20.0, 20.0, 20.0, 20.0, 20.0]",24.9370167052294,-0.029865244717299788,0.3548,1.045,-0.665,-2.4144,10.6006,-0.0132,-0.0024,-9.8124,15.3,,50.0,,,,1.0489,0.8732,1.3648,219.78,14.94,1.22388,0.0702,137.23,24.097,1,53.84,49.071,1,3,10,0.7,9.733,0,0.0,0,0
1790741914.542961,47.3981871,8.5464761,9.53600025177002,-0.04666546732187271,0.021023789420723915,0.0038507021963596344,120.97,-0.036021243480678845,0.06002057995475927,0.0,125.79065773010257,10.314297833176322,11.666654998009736,-1.5882175579733937,-67.96281523614871,-5.55815691603268,0.047068773808753926,8.24938644712425,0.7016043779790127,0.0,"[20.0, 20.0, 20.0, 20.0, 20.0, 20.0, 20.0, 20.0, 20.0, 20.0, 20.0, 20.0, 20.0, 20.0, 20.0, 20.0, 20.0, 20.0, 20.0, 20.0, 20.0, 20.0, 20.0, 20.0, 20.0, 20.0, 20.0, 20.0, 20.0, 20.0, 20.0, 19.63911241015157, 17.45291530370542, 15.812983583611722, 14.556032435364731, 13.579934615575452, 12.817941877740303, 12.225015649393194, 11.7701361602519, 11.431775000315518, 11.195145167957556, 11.050508332695308, 10.314297833176322, 11.017818568545218, 11.082301405652334, 11.221250873311137, 11.451992083081342, 11.783988053129361, 12.231677749152485, 12.81611785219452, 13.567649861823039, 14.530284130207619, 15.769127350400433, 17.383536332351085, 19.531809385437956, 20.0, 20.0, 20.0, 20.0, 20.0, 20.0, 20.0, 20.0, 20.0, 20.0, 20.0, 20.0, 20.0, 20.0, 20.0, 20.0, 20.0]",24.9370167052294,-0.029865244717299788,0.2717,0.6613,-0.3245,-1.3038,10.2955,-0.0139,-0.0053,-9.8089,15.3,,50.0,,,,0.9996,0.8159,1.2903,219.22,14.94,1.22388,0.0512,155.75,24.084,1,54.04,49.089,1,3,10,0.7,9.699,0,0.0,0,0
1790741914.743709,47.3981869,8.5464763,9.535000801086426,-0.045416004955768585,0.00795507151633501,0.003769595641642809,122.95,-0.0380734864711075,0.05874018750339833,0.0,127.75322837829589,10.983307721647895,11.737530840160897,-1.6013730360384506,-65.99846785229423,-6.425164903358153,0.0455592995597665,8.23508268738991,0.6982484943499166,0.0,"[20.0, 20.0, 20.0, 20.0, 20.0, 20.0, 20.0, 20.0, 20.0, 20.0, 20.0, 20.0, 20.0, 20.0, 20.0, 20.0, 20.0, 20.0, 20.0, 20.0, 20.0, 20.0, 20.0, 20.0, 20.0, 20.0, 20.0, 20.0, 20.0, 20.0, 20.0, 20.0, 18.217534480811988, 16.387913734695633, 14.995969145018446, 13.919612008171265, 13.080303519788876, 12.425643260069073, 11.919783005692452, 11.537874876795367, 11.262734692748145, 11.082793446900329, 10.990843081944188, 10.983307721647895, 11.03780488041788, 11.141990900106029, 11.335252651226433, 11.625374992741774, 12.024657340493677, 12.551262693420938, 13.231415631282939, 14.102988873323428, 15.22149651486786, 16.670506528323923, 18.5807068962095, 20.0, 20.0, 20.0, 20.0, 20.0, 20.0, 20.0, 20.0, 20.0, 20.0, 20.0, 20.0, 20.0, 20.0, 20.0, 20.0, 20.0]",24.9370167052294,-0.029865244717299788,0.2253,0.457,-0.1395,-0.5792,10.1985,-0.0119,-0.003,-9.8076,15.3,,50.0,,,,1.0127,1.0118,1.4315,224.97,14.94,1.22388,0.0461,170.06,24.07,1,54.24,49.108,1,3,10,0.7,9.725,0,0.0,0,0
1790741914.9441347,47.3981868,8.546476499999999,9.532000541687012,-0.046076852828264236,0.0022251037880778313,0.0038923437241464853,124.92,-0.040070248791621375,0.05739664765278164,0.0,129.7445716094971,10.219841490531756,11.835183249623665,-1.6153643733968501,-64.04389356222532,-6.938226827800772,0.04611006243689234,8.219836328099829,0.694167577661786,0.0,"[20.0, 20.0, 20.0, 20.0, 20.0, 20.0, 20.0, 20.0, 20.0, 20.0, 20.0, 20.0, 20.0, 20.0, 20.0, 20.0, 20.0, 20.0, 20.0, 20.0, 20.0, 20.0, 20.0, 20.0, 20.0, 20.0, 20.0, 20.0, 20.0, 20.0, 20.0, 20.0, 19.071942152287576, 17.024007849667132, 15.47962392078218, 14.291864304597631, 13.367877698379829, 12.64651269526424, 12.086289445385068, 11.658559838504196, 11.343449578468753, 11.1273822081577, 11.001555634895935, 10.219841490531756, 11.004243803902744, 11.076150264452169, 11.233400854071132, 11.483838428570765, 11.837844625301017, 12.311045173007983, 12.926123693146776, 13.715769672387628, 14.727548723826642, 16.032221709588505, 17.73864081993616, 20.0, 20.0, 20.0, 20.0, 20.0, 20.0, 20.0, 20.0, 20.0, 20.0, 20.0, 20.0, 20.0, 20.0, 20.0, 20.0, 20.0]",24.9370167052294,-0.029865244717299788,0.2045,0.355,-0.0803,-0.1944,10.009,-0.0076,-0.0018,-9.8088,15.3,,50.0,,,,0.7719,1.11,1.352,235.18,14.94,1.22388,0.0461,177.24,24.054,1,54.44,49.13,1,3,10,0.7,9.74,0,0.0,0,0
1790741915.1452825,47.3981867,8.5464767,9.527000427246094,-0.05017690360546112,-0.0010632366174831986,0.003768682247027755,126.89,-0.04201964514152906,0.055985260758345784,0.0,131.71395935058592,10.952586915956516,11.957969260955007,-1.6281503120017273,-62.0878357557751,-7.73893454396749,0.050149857386821206,8.20549123528684,0.689052549285299,0.0,"[20.0, 20.0, 20.0, 20.0, 20.0, 20.0, 20.0, 20.0, 20.0, 20.0, 20.0, 20.0, 20.0, 20.0, 20.0, 20.0, 20.0, 20.0, 20.0, 20.0, 20.0, 20.0, 20.0, 20.0, 20.0, 20.0, 20.0, 20.0, 20.0, 20.0, 20.0, 20.0, 20.0, 17.736720196252822, 16.017865582390634, 14.70474940928922, 13.686888112327617, 12.89258501206511, 12.273704718664177, 11.797190194000803, 11.44010545192668, 11.186638348056178, 11.026256949439526, 10.952586915956516, 10.962774362828771, 11.024999234547272, 11.147305228344855, 11.359779900733928, 11.671061524023282, 12.094523270533047, 12.649767841884273, 13.36505720671618, 14.281291384001063, 15.45870447871252, 16.98861497314671, 19.01522278700292, 20.0, 20.0, 20.0, 20.0, 20.0, 20.0, 20.0, 20.0, 20.0, 20.0, 20.0, 20.0, 20.0, 20.0, 20.0, 20.0]",24.9370167052294,-0.029865244717299788,0.1906,0.3133,-0.1862,0.0865,10.129,-0.008,-0.0007,-9.8149,15.3,,50.0,,,,0.7023,1.1289,1.3295,238.12,14.94,1.22388,0.0502,181.21,24.035,1,54.64,49.153,1,3,10,0.7,9.74,0,0.0,0,0
1790741915.3465695,47.3981865,8.546476799999999,9.52400016784668,-0.054765623062849045,-0.005094707943499088,0.0031278401147574186,128.87,-0.04392888390999179,0.05450002897634518,0.0,133.6915160369873,10.24507065277242,12.105997709347712,-1.6382463581450635,-60.1229992882169,-8.686886593524564,0.054668520920356733,8.193723265435574,0.6826435099064133,0.0,"[20.0, 20.0, 20.0, 20.0, 20.0, 20.0, 20.0, 20.0, 20.0, 20.0, 20.0, 20.0, 20.0, 20.0, 20.0, 20.0, 20.0, 20.0, 20.0, 20.0, 20.0, 20.0, 20.0, 20.0, 20.0, 20.0, 20.0, 20.0, 20.0, 20.0, 20.0, 20.0, 20.0, 18.54547478230332, 16.624010261871934, 15.167924901623909, 14.044651998619576, 13.169595559784858, 12.486642290928955, 11.957547950389543, 11.5558412126639, 11.263180931267101, 11.067125251092902, 10.959761527761732, 10.24507065277242, 10.98969883375811, 11.077732913000848, 11.253526542486908, 11.52410919025783, 11.900828212240874, 12.400574429586765, 13.047785861250198, 13.877709769032709, 14.94182303563249, 16.31717266479328, 18.123296539630413, 20.0, 20.0, 20.0, 20.0, 20.0, 20.0, 20.0, 20.0, 20.0, 20.0, 20.0, 20.0, 20.0, 20.0, 20.0, 20.0]",24.9370167052294,-0.029865244717299788,0.1511,0.2959,-0.315,-0.0093,10.2047,-0.011,-0.007,-9.8155,15.3,,50.0,,,,0.6499,1.1732,1.3412,241.01,14.94,1.22388,0.055,185.31,24.013,1,54.84,49.177,1,3,10,0.7,9.69,0,0.0,0,0
1790741915.5466757,47.3981863,8.546477,9.520000457763672,-0.05670036002993584,-0.008533332496881485,0.0028207506984472275,130.86,-0.04579490782551028,0.05294172661760302,0.0,135.68062911987306,10.35415271215356,12.279801682521644,-1.6464747490055107,-58.15238780376461,-9.176975621389772,0.05654666998736683,8.183989916504386,0.6750445423223839,0.0,"[20.0, 20.0, 20.0, 20.0, 20.0, 20.0, 20.0, 20.0, 20.0, 20.0, 20.0, 20.0, 20.0, 20.0, 20.0, 20.0, 20.0, 20.0, 20.0, 20.0, 20.0, 20.0, 20.0, 20.0, 20.0, 20.0, 20.0, 20.0, 20.0, 20.0, 20.0, 20.0, 20.0, 19.466477556438893, 17.307692393956525, 15.687389446102568, 14.445018217833823, 13.480049759131498, 12.726726184968895, 12.140651668130273, 11.69123942213098, 11.357261655608538, 11.124145245949219, 10.982307051887439, 10.35415271215356, 10.953499004990727, 11.02370814314836, 11.16383308526596, 11.395408742222536, 11.727942665023772, 12.175919063858034, 12.760449205828449, 13.5119525100784, 14.474565757165728, 15.713619431812491, 17.32889293418981, 19.47953256274877, 20.0, 20.0, 20.0, 20.0, 20.0, 20.0, 20.0, 20.0, 20.0, 20.0, 20.0, 20.0, 20.0, 20.0, 20.0]",24.9370167052294,-0.029865244717299788,0.1034,0.2735,-0.1466,-0.0901,10.1471,-0.0047,-0.0032,-9.8088,15.3,,50.0,,,,0.6452,1.1064,1.2808,239.75,14.94,1.22388,0.0573,188.56,23.994,1,55.04,49.199,1,3,10,0.7,9.717,0,0.0,0,0
1790741915.7476943,47.3981861,8.546477099999999,9.517000198364258,-0.05626271292567253,-0.008753017522394657,0.0024923058226704597,132.86,-0.047614650418515723,0.05131125671353743,0.0,137.66385780334474,10.92217970171082,12.479649526242717,-1.6553398945294482,-56.175582542018915,-8.940394604175383,0.05610925692813768,8.173775679371637,0.666601690526616,0.0,"[20.0, 20.0, 20.0, 20.0, 20.0, 20.0, 20.0, 20.0, 20.0, 20.0, 20.0, 20.0, 20.0, 20.0, 20.0, 20.0, 20.0, 20.0, 20.0, 20.0, 20.0, 20.0, 20.0, 20.0, 20.0, 20.0, 20.0, 20.0, 20.0, 20.0, 20.0, 20.0, 20.0, 20.0, 18.077510925388708, 16.267460273951727, 14.889897552876635, 13.824428170036194, 12.993543981525479, 12.345503746007795, 11.844897928818058, 11.467179993444805, 11.195377966287571, 11.018075099026811, 10.928173983639368, 10.92217970171082, 10.982592166931408, 11.087795682044108, 11.28172537072715, 11.572198873095106, 11.971543992410451, 12.497952935653347, 13.17768823620292, 14.048683198915928, 15.166561817574138, 16.615106258280342, 18.52544430931798, 20.0, 20.0, 20.0, 20.0, 20.0, 20.0, 20.0, 20.0, 20.0, 20.0, 20.0, 20.0, 20.0, 20.0, 20.0]",24.9370167052294,-0.029865244717299788,0.0835,0.2461,0.0106,-0.0379,10.0732,-0.0109,-0.0019,-9.811,15.3,,50.0,,,,0.5203,1.132,1.2459,245.32,14.94,1.22388,0.0569,188.84,23.976,1,55.24,49.219,1,3,10,0.7,9.708,0,0.0,0,0
1790741915.947961,47.398185999999995,8.5464772,9.51200008392334,-0.054222702980041504,-0.00768611254170537,0.00225823069922626,134.85,-0.04936772112031323,0.04962688899565414,0.0,139.6763568878174,10.176556770699294,12.705567083120831,-1.6649848269211376,-54.21251634749116,-8.318115337379268,0.054090978541526676,8.162940898619707,0.6574403399800819,0.0,"[20.0, 20.0, 20.0, 20.0, 20.0, 20.0, 20.0, 20.0, 20.0, 20.0, 20.0, 20.0, 20.0, 20.0, 20.0, 20.0, 20.0, 20.0, 20.0, 20.0, 20.0, 20.0, 20.0, 20.0, 20.0, 20.0, 20.0, 20.0, 20.0, 20.0, 20.0, 20.0, 20.0, 20.0, 18.939058523797314, 16.910250788534846, 15.379773510929006, 14.202456806366346, 13.28649794366455, 12.57140638789214, 12.016136891209156, 11.592336837838129, 11.280338036862815, 11.066710414007906, 10.942756907455399, 10.176556770699294, 10.947770830140604, 11.025498429312522, 11.183254306503846, 11.433871974883123, 11.787748286219228, 12.260519134360859, 12.874877007893764, 13.663525281473554, 14.674060689925023, 15.977318044670975, 17.682323448746438, 19.964792837142774, 20.0, 20.0, 20.0, 20.0, 20.0, 20.0, 20.0, 20.0, 20.0, 20.0, 20.0, 20.0, 20.0, 20.0]",24.9370167052294,-0.029865244717299788,0.1045,0.2224,0.1586,-0.1511,9.995,-0.0017,0.006,-9.8124,15.3,,50.0,,,,0.5659,1.1859,1.314,244.49,14.94,1.22388,0.0548,188.07,23.959,1,55.44,49.238,1,3,10,0.7,9.716,0,0.0,0,0
1790741916.1492186,47.398185899999994,8.546477399999999,9.509000778198242,-0.05214933305978775,-0.007961741648614407,0.001931167091242969,136.83,-0.05105288688542671,0.04789157275203879,0.0,141.65265472412113,10.9002622988934,12.959164832340628,-1.6726445736915523,-52.26388344821703,-7.873210355814365,0.05201646802510509,8.154226114222746,0.6472170624570427,0.0,"[20.0, 20.0, 20.0, 20.0, 20.0, 20.0, 20.0, 20.0, 20.0, 20.0, 20.0, 20.0, 20.0, 20.0, 20.0, 20.0, 20.0, 20.0, 20.0, 20.0, 20.0, 20.0, 20.0, 20.0, 20.0, 20.0, 20.0, 20.0, 20.0, 20.0, 20.0, 20.0, 20.0, 20.0, 19.91263882919009, 17.629059342829304, 15.924079331137039, 14.62127173670325, 13.61127333033439, 12.823080554670689, 12.209007211540017, 11.73629816010716, 11.382226081808925, 11.131126016538186, 10.972571124906082, 10.9002622988934, 10.911398929656226, 10.97915269562258, 11.10198161684205, 11.314675705152185, 11.625886899775985, 12.04899576837236, 12.603608604710159, 13.317990987140977, 14.233053725013722, 15.409063775156248, 16.937427517826684, 18.96256553924955, 20.0, 20.0, 20.0, 20.0, 20.0, 20.0, 20.0, 20.0, 20.0, 20.0, 20.0, 20.0, 20.0, 20.0]",24.9370167052294,-0.029865244717299788,0.1343,0.1936,0.1447,-0.1224,9.9873,-0.0027,-0.0106,-9.8157,15.3,,50.0,,,,0.4141,1.2938,1.3584,252.25,14.94,1.22388,0.0528,188.68,23.945,1,55.64,49.255,1,3,10,0.7,9.737,0,0.0,0,0
1790741916.3502872,47.3981857,8.546477399999999,9.507000923156738,-0.050499796867370605,-0.009500475600361824,0.0014720481121912599,138.8,-0.05266904362270071,0.04610826220830762,0.0,143.62133865356446,10.162634298786623,13.242688185326008,-1.6775510693274422,-50.33012446453711,-7.671938076697396,0.05034512437615562,8.14839579042476,0.6358702063766344,0.0,"[20.0, 20.0, 20.0, 20.0, 20.0, 20.0, 20.0, 20.0, 20.0, 20.0, 20.0, 20.0, 20.0, 20.0, 20.0, 20.0, 20.0, 20.0, 20.0, 20.0, 20.0, 20.0, 20.0, 20.0, 20.0, 20.0, 20.0, 20.0, 20.0, 20.0, 20.0, 20.0, 20.0, 20.0, 20.0, 18.436521072596918, 16.530876074300675, 15.0863311841921, 13.971748235859843, 13.103390303044632, 12.42568849997228, 11.90075827304895, 11.502373999995669, 11.212366880595665, 11.018418455793789, 10.912705766316698, 10.162634298786623, 10.949042127808193, 11.037938011166526, 11.214335693806115, 11.485292577310199, 11.862180828605304, 12.361917040673614, 13.008972008602019, 13.838643098501594, 14.902494010648535, 16.277734372561365, 18.084224889922893, 20.0, 20.0, 20.0, 20.0, 20.0, 20.0, 20.0, 20.0, 20.0, 20.0, 20.0, 20.0, 20.0, 20.0]",24.9370167052294,-0.029865244717299788,0.156,0.1569,0.0165,-0.1818,9.9929,-0.007,-0.0034,-9.8096,15.3,,50.0,,,,0.5205,1.3003,1.4006,248.19,14.94,1.22388,0.0514,190.65,23.932,1,55.85,49.269,1,3,10,0.7,9.752,0,0.0,0,0
1790741916.5503383,47.3981856,8.5464775,9.507000923156738,-0.05168820172548294,-0.012159563601016998,0.0012391858035698533,140.79,-0.05423839168850579,0.04425151824564017,0.0,145.59352020263668,10.887280611028789,13.560771970756232,-1.6787992351852294,-48.3801493058518,-7.987796692881348,0.05149298789259955,8.146127783369733,0.6231153799807116,0.0,"[20.0, 20.0, 20.0, 20.0, 20.0, 20.0, 20.0, 20.0, 20.0, 20.0, 20.0, 20.0, 20.0, 20.0, 20.0, 20.0, 20.0, 20.0, 20.0, 20.0, 20.0, 20.0, 20.0, 20.0, 20.0, 20.0, 20.0, 20.0, 20.0, 20.0, 20.0, 20.0, 20.0, 20.0, 20.0, 19.362698244793986, 17.220588832628653, 15.61221635722919, 14.378701704719663, 13.420492298786158, 12.672434903854835, 12.090525952217973, 11.644442884464064, 11.313141455397762, 11.082179323164977, 10.942068535806484, 10.887280611028789, 10.915699783405831, 10.990738736695839, 11.131657209788527, 11.363845215689588, 11.696842076493398, 12.145166178221709, 12.729971500029931, 13.48173867275663, 14.444701983926986, 15.68435988650726, 17.300800375180714, 19.45377415580118, 20.0, 20.0, 20.0, 20.0, 20.0, 20.0, 20.0, 20.0, 20.0, 20.0, 20.0, 20.0, 20.0]",24.9370167052294,-0.029865244717299788,0.1556,0.1208,-0.1034,-0.1175,9.9974,-0.006,-0.0084,-9.8143,15.3,,50.0,,,,0.4212,1.4219,1.483,253.5,14.94,1.22388,0.0531,193.24,23.917,1,56.05,49.284,1,3,10,0.7,9.771,0,0.0,0,0
1790741916.751124,47.3981855,8.5464775,9.509000778198242,-0.05119611695408821,-0.014978889375925064,0.0007837020675651729,142.76,-0.05572753438984344,0.04236085351865347,0.0,147.5788953399658,10.895017222287603,13.915563312070859,-1.6773663787956934,-46.45645370001108,-8.139320837099087,0.05095674669378342,8.14675225538268,0.6093922017829643,0.0,"[20.0, 20.0, 20.0, 20.0, 20.0, 20.0, 20.0, 20.0, 20.0, 20.0, 20.0, 20.0, 20.0, 20.0, 20.0, 20.0, 20.0, 20.0, 20.0, 20.0, 20.0, 20.0, 20.0, 20.0, 20.0, 20.0, 20.0, 20.0, 20.0, 20.0, 20.0, 20.0, 20.0, 20.0, 20.0, 20.0, 17.989921826357094, 16.194708493009266, 14.827883904022753, 13.770465650875902, 12.945790098757191, 12.302648678448968, 11.805983053589426, 11.4314872801825, 11.16236007257616, 10.987310026691812, 10.899335303226076, 10.895017222287603, 10.9601007217651, 11.066795767137888, 11.262142857814593, 11.554023409916136, 11.95484012407137, 12.482881818808098, 13.164546002621178, 14.037967592195814, 15.159090031414049, 16.612231534395047, 18.529476853907976, 20.0, 20.0, 20.0, 20.0, 20.0, 20.0, 20.0, 20.0, 20.0, 20.0, 20.0, 20.0, 20.0]",24.9370167052294,-0.029865244717299788,0.134,0.0872,-0.1229,-0.1588,9.9703,-0.0061,-0.0097,-9.8088,15.3,,50.0,,,,0.5727,1.437,1.5469,248.27,14.94,1.22388,0.0533,196.31,23.905,1,56.25,49.296,1,3,10,0.7,9.745,0,0.0,0,0
1790741916.9530525,47.398185399999996,8.5464775,9.511000633239746,-0.05017654225230217,-0.01627204939723015,0.000672694412060082,144.73,-0.08164400437365579,0.057743021654867305,0.0,149.57893035888674,10.1807748410711,14.310375282545596,-1.675441859103801,-44.53880731159677,-8.01804501721132,0.049916306663667406,8.1480078355218,0.5948829435311759,0.0,"[20.0, 20.0, 20.0, 20.0, 20.0, 20.0, 20.0, 20.0, 20.0, 20.0, 20.0, 20.0, 20.0, 20.0, 20.0, 20.0, 20.0, 20.0, 20.0, 20.0, 20.0, 20.0, 20.0, 20.0, 20.0, 20.0, 20.0, 20.0, 20.0, 20.0, 20.0, 20.0, 20.0, 20.0, 20.0, 20.0, 18.85558904470081, 16.843980915384822, 15.325606063766344, 14.157173951355452, 13.247967132114033, 12.538160135732191, 11.987135998356417, 11.566830204359963, 11.257776471418238, 11.04669228389394, 10.92499359917954, 10.1807748410711, 10.93400570754269, 11.016184280939616, 11.175905540206617, 11.428584530006606, 11.784717113957603, 12.260066486026675, 12.877499993755675, 13.669975172497825, 14.68547779188768, 15.995469815088077, 17.71004736109417, 20.0, 20.0, 20.0, 20.0, 20.0, 20.0, 20.0, 20.0, 20.0, 20.0, 20.0, 20.0, 20.0]",24.9370167052294,-0.029865244717299788,0.1228,0.0466,0.0649,-0.1903,9.9317,0.0017,-0.001,-9.8038,15.3,,50.0,,,,0.5115,1.4228,1.5119,250.23,14.94,1.22388,0.0527,197.97,23.895,1,56.45,49.306,1,3,10,0.7,9.756,0,0.0,0,0
1790741917.1537366,47.398185299999994,8.546477399999999,9.51200008392334,-0.05272245034575462,-0.016312068328261375,0.0007840114994905889,146.95000000000002,-0.08359031711961362,0.05488769337330938,0.0,151.51429267883304,10.894007800997901,14.750024617986817,-1.6731549278024394,-42.55982576457663,-8.076996971257941,0.05246021427945034,8.149566412766086,0.5795304820119591,0.0,"[20.0, 20.0, 20.0, 20.0, 20.0, 20.0, 20.0, 20.0, 20.0, 20.0, 20.0, 20.0, 20.0, 20.0, 20.0, 20.0, 20.0, 20.0, 20.0, 20.0, 20.0, 20.0, 20.0, 20.0, 20.0, 20.0, 20.0, 20.0, 20.0, 20.0, 20.0, 20.0, 20.0, 20.0, 20.0, 20.0, 19.838976047858264, 17.573301050374784, 15.880551480549961, 14.586516370928235, 13.583068245013129, 12.799939135893602, 12.189905109730738, 11.720515673314567, 11.369253466168505, 11.120605016066342, 10.964258535431455, 10.894007800997901, 10.907132952072875, 10.979141044409678, 11.104034004057576, 11.318936235183218, 11.632599170613704, 12.058529935420298, 12.616505940999412, 13.335036532325862, 14.255396809039366, 15.438424910238842, 16.976470940970785, 19.015612998054365, 20.0, 20.0, 20.0, 20.0, 20.0, 20.0, 20.0, 20.0, 20.0, 20.0, 20.0, 20.0]",24.9370167052294,-0.029865244717299788,0.1078,-0.1411,-0.0092,-0.8813,10.0035,0.0103,-0.0129,-9.8065,15.3,,50.0,,,,0.4676,1.453,1.5264,252.16,14.94,1.22388,0.0552,197.19,23.884,1,56.65,49.317,1,3,10,0.7,9.764,0,0.0,0,0
1790741917.3540578,47.3981852,8.546477399999999,9.51300048828125,-0.06097780540585518,-0.012808140367269516,0.0007132609025575221,148.93,-0.08543681439288223,0.051966823516510934,0.0,153.51053184509277,10.15476731902833,15.239361652592992,-1.6705320371375794,-40.243234919437896,-8.087789495262149,0.060768547456848246,8.151304340794645,0.5634133693170867,0.0,"[20.0, 20.0, 20.0, 20.0, 20.0, 20.0, 20.0, 20.0, 20.0, 20.0, 20.0, 20.0, 20.0, 20.0, 20.0, 20.0, 20.0, 20.0, 20.0, 20.0, 20.0, 20.0, 20.0, 20.0, 20.0, 20.0, 20.0, 20.0, 20.0, 20.0, 20.0, 20.0, 20.0, 20.0, 20.0, 20.0, 20.0, 18.391579192744622, 16.497656884437443, 15.061304213972164, 13.952713196629986, 13.088914925970373, 12.414810831883123, 11.892819473195582, 11.496920120096538, 11.209089356031997, 11.017117589552875, 10.913268741031118, 10.15476731902833, 10.955669909524644, 11.046487591620844, 11.224966395156065, 11.498253050532053, 11.877832058081587, 12.380769738478254, 13.03174655977019, 13.866367026099432, 14.93666539170646, 16.32060807492059, 18.139343214199787, 20.0, 20.0, 20.0, 20.0, 20.0, 20.0, 20.0, 20.0, 20.0, 20.0, 20.0, 20.0]",24.9370167052294,-0.029865244717299788,0.0944,-0.2185,0.0296,0.0564,9.8418,-0.0065,-0.005,-9.8101,15.3,,50.0,,,,0.4343,1.388,1.4544,252.63,14.94,1.22388,0.0623,191.86,23.87,1,56.85,49.331,1,3,10,0.7,9.754,0,0.0,0,0
1790741917.5551727,47.398185,8.546477399999999,9.51400089263916,-0.06955250352621078,-0.010101651772856712,0.000680119963362813,150.89000000000001,-0.08736873281910111,0.048648787503744906,0.0,155.71125282287596,10.894262448655148,15.807424598859253,-1.6669343732888589,-39.46729248914474,-8.093600116132977,0.06938365062594878,8.153915940133638,0.5446203908410451,0.0,"[20.0, 20.0, 20.0, 20.0, 20.0, 20.0, 20.0, 20.0, 20.0, 20.0, 20.0, 20.0, 20.0, 20.0, 20.0, 20.0, 20.0, 20.0, 20.0, 20.0, 20.0, 20.0, 20.0, 20.0, 20.0, 20.0, 20.0, 20.0, 20.0, 20.0, 20.0, 20.0, 20.0, 20.0, 20.0, 20.0, 20.0, 19.424515806840002, 17.26815788925821, 15.649930364100982, 14.409276609265127, 13.445694299042207, 12.69345772223039, 12.108199703319467, 11.659355820899357, 11.325713755323575, 11.092708969128637, 10.950760031027308, 10.894262448655148, 10.921033892743374, 10.999262815163561, 11.138557104920142, 11.369059903094982, 11.700231904674133, 12.146492047520159, 12.728859523723576, 13.477621254557443, 14.436718106417633, 15.671180557372669, 17.280307735220017, 19.422432366158862, 20.0, 20.0, 20.0, 20.0, 20.0, 20.0, 20.0, 20.0, 20.0, 20.0, 20.0]",24.9370167052294,-0.029865244717299788,0.0832,-0.186,0.0547,0.2023,9.8229,-0.0025,-0.0101,-9.8106,15.3,,50.0,,,,0.4625,1.4845,1.5549,252.69,14.94,1.22388,0.0703,188.26,23.855,1,57.05,49.347,1,3,10,0.7,9.784,0,0.0,0,0
1790741917.7554972,47.3981849,8.546477399999999,9.517000198364258,-0.07814277708530426,-0.00798535905778408,0.00037694195634685457,152.87,-0.08899741598379232,0.045601095910162384,0.0,157.67171203613282,10.211786309519235,16.435039790513603,-1.6635337549131188,-36.99359337407452,-8.108311858601894,0.07800559464775593,8.156152393745245,0.5269394093377883,0.0,"[20.0, 20.0, 20.0, 20.0, 20.0, 20.0, 20.0, 20.0, 20.0, 20.0, 20.0, 20.0, 20.0, 20.0, 20.0, 20.0, 20.0, 20.0, 20.0, 20.0, 20.0, 20.0, 20.0, 20.0, 20.0, 20.0, 20.0, 20.0, 20.0, 20.0, 20.0, 20.0, 20.0, 20.0, 20.0, 20.0, 20.0, 20.0, 18.048907426196216, 16.241110756025613, 14.865319502635934, 13.801246022222573, 12.971457575301818, 12.324266409077616, 11.824300949579838, 11.447041272465533, 11.175533375591023, 10.99837154897263, 10.908463481890218, 10.211786309519235, 10.970945728400885, 11.075866864739321, 11.26940938179505, 11.559374658000095, 11.958067425359415, 12.483647241902785, 13.162329967254527, 14.031980842138667, 15.148121703668492, 16.594375422926213, 18.50160881666827, 20.0, 20.0, 20.0, 20.0, 20.0, 20.0, 20.0, 20.0, 20.0, 20.0, 20.0]",24.9370167052294,-0.029865244717299788,0.0876,-0.1312,0.1,0.3097,10.0913,-0.0066,-0.0028,-9.8064,15.3,,50.0,,,,0.39,1.5539,1.6021,255.91,14.94,1.22388,0.0785,185.83,23.836,1,57.25,49.366,1,3,10,0.7,9.798,0,0.0,0,0
1790741917.9548507,47.398184699999995,8.5464773,9.521000862121582,-0.08470659703016281,-0.008217005990445614,-5.020209573558532e-05,154.93,-0.09057907851659387,0.04237252099043345,0.0,159.7340294647217,10.363741843406917,17.143601452663578,-1.6594176587227059,-35.08323156256063,-8.219560137230962,0.08456382657060757,8.89720344543457,0.5077882015655071,0.0,"[20.0, 20.0, 20.0, 20.0, 20.0, 20.0, 20.0, 20.0, 20.0, 20.0, 20.0, 20.0, 20.0, 20.0, 20.0, 20.0, 20.0, 20.0, 20.0, 20.0, 20.0, 20.0, 20.0, 20.0, 20.0, 20.0, 20.0, 20.0, 20.0, 20.0, 20.0, 20.0, 20.0, 20.0, 20.0, 20.0, 20.0, 20.0, 18.96561715533494, 16.928403901625057, 15.392179301976308, 14.21073123810312, 13.29166842166434, 12.574146690893233, 12.016896576852297, 11.59141594506189, 11.277931615117664, 11.062935408320225, 10.93766805476079, 10.363741843406917, 10.940006507320392, 11.025877821296817, 11.182239811557753, 11.43135145821922, 11.783538336938266, 12.254343618190855, 12.866331921229046, 13.652021088947846, 14.658725439306458, 15.956828082607544, 17.65459159439782, 19.92635349613745, 20.0, 20.0, 20.0, 20.0, 20.0, 20.0, 20.0, 20.0, 20.0, 20.0]",24.9370167052294,-0.029865244717299788,0.0808,-0.0795,-0.1106,0.2777,10.3229,-0.0061,-0.0067,-9.804,15.3,,50.0,,,,0.3473,1.5698,1.6078,257.52,14.94,1.22388,0.0851,185.54,23.816,1,57.45,49.386,1,3,10,0.7,9.801,0,0.0,0,0
1790741918.1558843,47.3981845,8.5464773,9.526000022888184,-0.08770830929279327,-0.009512308984994888,-4.015735612483695e-05,156.99,-0.09204366439858742,0.0390891780942016,0.0,161.81469177246095,10.907770155879147,17.943393045917777,-1.653822612708161,-32.410948285993356,-8.164311941621083,0.08754246581425085,8.901191711425781,0.4878270628988337,0.0,"[20.0, 20.0, 20.0, 20.0, 20.0, 20.0, 20.0, 20.0, 20.0, 20.0, 20.0, 20.0, 20.0, 20.0, 20.0, 20.0, 20.0, 20.0, 20.0, 20.0, 20.0, 20.0, 20.0, 20.0, 20.0, 20.0, 20.0, 20.0, 20.0, 20.0, 20.0, 20.0, 20.0, 20.0, 20.0, 20.0, 20.0, 20.0, 20.0, 17.70251610590572, 15.98119964893024, 14.666695708550806, 13.647976084438534, 12.853048275802857, 12.233605743625901, 11.75648515754188, 11.398678247867833, 11.144317555523484, 10.982822564428321, 10.907770155879147, 10.916251934186517, 10.992017479377653, 11.112237184252374, 11.3222375710305, 11.630548565557891, 12.050398610661402, 12.601190430320218, 13.310900441458646, 14.220006412554602, 15.388092851418937, 16.90543101254596, 18.91443312871576, 20.0, 20.0, 20.0, 20.0, 20.0, 20.0, 20.0, 20.0, 20.0, 20.0]",24.9370167052294,-0.029865244717299788,0.0479,-0.049,-0.1331,0.0474,10.3396,0.0052,-0.0059,-9.8062,15.3,,50.0,,,,0.4115,1.6761,1.7259,256.21,14.94,1.22388,0.0882,186.19,23.796,1,57.65,49.406,1,3,10,0.7,9.793,0,0.0,0,0
1790741918.3577023,47.3981843,8.5464772,9.529000282287598,-0.08812303096055984,-0.010388209484517574,3.47847853845451e-05,159.02,-0.197423991316718,0.07432691161125801,0.0,163.84084083557127,10.195342525053862,18.5192429930608,-1.647645934075622,-29.76154117828878,-7.8293161203911765,0.0879405483364522,8.905860900878906,0.4674872641435896,0.03741116539123447,"[20.0, 20.0, 20.0, 20.0, 20.0, 20.0, 20.0, 20.0, 20.0, 20.0, 20.0, 20.0, 20.0, 20.0, 20.0, 20.0, 20.0, 20.0, 20.0, 20.0, 20.0, 20.0, 20.0, 20.0, 20.0, 20.0, 20.0, 20.0, 20.0, 20.0, 20.0, 20.0, 20.0, 20.0, 20.0, 20.0, 20.0, 20.0, 20.0, 18.563078505521055, 16.62997099116746, 15.166043983155422, 14.037189557246718, 13.157943974224718, 12.471674333211215, 11.93980733258455, 11.535651242336904, 11.240707869109027, 11.042414999138748, 10.932759426146163, 10.195342525053862, 10.96553179295633, 11.058750185999324, 11.231592244106622, 11.498825436107344, 11.87163755147591, 12.36670597793275, 13.008169852353781, 13.830839721297162, 14.885526243827131, 16.248210867185747, 18.036630695517502, 20.0, 20.0, 20.0, 20.0, 20.0, 20.0, 20.0, 20.0, 20.0, 20.0]",24.9370167052294,-0.029865244717299788,0.0394,-0.0507,-0.0025,-0.0957,10.3286,-0.0063,-0.0092,-9.7931,15.3,,50.0,,,,0.386,1.6009,1.6468,256.45,14.94,1.22388,0.0887,186.72,23.778,1,57.85,49.425,1,3,10,0.7,9.754,0,0.0,0,0
1790741918.557663,47.398184199999996,8.5464772,9.532000541687012,-0.09313561767339706,-0.008863553404808044,-0.0005944380536675453,161.06,-0.2050163117496948,0.06910490219850028,0.0,165.8837762451172,10.912386073979267,18.933854955003778,-1.6415837762445018,-27.087197432447596,-7.334297472097567,0.09297541783811575,8.910518646240234,0.4465003838584903,0.0030915562743057596,"[20.0, 20.0, 20.0, 20.0, 20.0, 20.0, 20.0, 20.0, 20.0, 20.0, 20.0, 20.0, 20.0, 20.0, 20.0, 20.0, 20.0, 20.0, 20.0, 20.0, 20.0, 20.0, 20.0, 20.0, 20.0, 20.0, 20.0, 20.0, 20.0, 20.0, 20.0, 20.0, 20.0, 20.0, 20.0, 20.0, 20.0, 20.0, 20.0, 19.54153900917008, 17.359444163611506, 15.723367581503213, 14.469758939754081, 13.496418643085796, 12.736596534126802, 12.145274103216432, 11.691453583386242, 11.353621872306404, 11.116996506302531, 10.97183046228306, 10.912386073979267, 10.936366178143858, 11.019316872772038, 11.15591546724641, 11.383667234002008, 11.711904365186133, 12.154884829233964, 12.733410771082362, 13.477457704922942, 14.430494515730523, 15.656797530849373, 17.25439157658013, 19.379313329965964, 20.0, 20.0, 20.0, 20.0, 20.0, 20.0, 20.0, 20.0, 20.0]",24.9370167052294,-0.029865244717299788,0.0222,-0.6346,-0.0051,-3.4232,10.3215,-0.0116,0.0016,-9.7989,15.3,,50.0,,,,0.3019,1.5529,1.582,259.0,14.94,1.22388,0.0936,185.44,23.762,1,58.05,49.443,1,3,10,0.7,9.741,0,0.0,0,0
1790741918.7586484,47.398184,8.546477099999999,9.531000137329102,-0.11465521901845932,0.0005273178103379905,0.0006317860097624362,163.09,-0.2120004393264011,0.06333091457815362,0.0,167.91260322570804,10.176988350530506,19.23237556760272,-1.6387766702379407,-24.42337784740235,-6.248076625954473,0.11464804681934619,8.91197395324707,0.4253760674461449,0.0031544334590821216,"[20.0, 20.0, 20.0, 20.0, 20.0, 20.0, 20.0, 20.0, 20.0, 20.0, 20.0, 20.0, 20.0, 20.0, 20.0, 20.0, 20.0, 20.0, 20.0, 20.0, 20.0, 20.0, 20.0, 20.0, 20.0, 20.0, 20.0, 20.0, 20.0, 20.0, 20.0, 20.0, 20.0, 20.0, 20.0, 20.0, 20.0, 20.0, 20.0, 20.0, 18.169671331111445, 16.33620859644914, 14.942147192991044, 13.86452591573733, 13.024339216827311, 12.368920760589194, 11.862260095154316, 11.479401450951919, 11.203080274330484, 11.02165891775815, 10.927862041249815, 10.176988350530506, 10.99095190741892, 11.09230186290075, 11.282201866110803, 11.56829251158211, 11.96268179186618, 12.483269946135515, 13.155908990591616, 14.017925103199644, 15.123999393344837, 16.556371996316372, 18.44349552260121, 20.0, 20.0, 20.0, 20.0, 20.0, 20.0, 20.0, 20.0, 20.0]",24.9370167052294,-0.029865244717299788,0.0253,-0.9503,0.2855,-0.4272,10.3031,-0.0143,-0.0009,-9.7972,15.3,,50.0,,,,0.3049,1.5877,1.6167,259.13,14.94,1.22388,0.1147,179.74,23.745,1,58.25,49.459,1,3,10,0.7,9.736,0,0.0,0,0
1790741918.9597707,47.3981838,8.5464772,9.529000282287598,-0.14091773331165314,0.010247129015624523,0.0010370031232014298,165.14000000000001,-0.2568333721011078,0.06697901166154681,0.0,169.94615806579588,10.910661843505789,19.447310408673957,-1.6383779857881882,-21.724715159297602,-4.997815374104588,0.14106882862152248,8.910629272460938,0.40363261960270136,0.001643157640332209,"[20.0, 20.0, 20.0, 20.0, 20.0, 20.0, 20.0, 20.0, 20.0, 20.0, 20.0, 20.0, 20.0, 20.0, 20.0, 20.0, 20.0, 20.0, 20.0, 20.0, 20.0, 20.0, 20.0, 20.0, 20.0, 20.0, 20.0, 20.0, 20.0, 20.0, 20.0, 20.0, 20.0, 20.0, 20.0, 20.0, 20.0, 20.0, 20.0, 20.0, 19.088771193710762, 17.023549328410954, 15.467800996531595, 14.272119789929139, 13.342286485813574, 12.616345433000351, 12.052315850295232, 11.621219134446411, 11.302948638657409, 11.083751812009616, 10.95468064221181, 10.910661843505789, 10.949997957308533, 11.04024260216563, 11.193134141112793, 11.43859694644728, 11.786782863617546, 12.25301204238717, 12.859543426982508, 13.638451754401265, 14.636375236688359, 15.922610994131642, 17.603576434931465, 19.850260049700076, 20.0, 20.0, 20.0, 20.0, 20.0, 20.0, 20.0, 20.0]",24.9370167052294,-0.029865244717299788,0.0633,-0.9006,0.4292,0.7144,10.3559,-0.0183,-0.0082,-9.8184,15.3,,50.0,,,,0.4939,1.4351,1.5178,251.01,14.94,1.22388,0.1413,175.84,23.724,1,58.46,49.48,1,3,10,0.7,9.727,0,0.0,0,0
1790741919.1604192,47.398183599999996,8.5464772,9.527000427246094,-0.16877420246601105,0.017114268615841866,0.0006259294459596276,167.20000000000002,-0.34036179427129076,0.07601478223917728,0.0,172.02259178161626,10.214395263330973,19.60206349424525,-1.6394042378938483,-18.999995380805302,-3.947666377512947,0.16903409546678846,8.907249450683594,0.3812181213713944,0.0044415430187245185,"[20.0, 20.0, 20.0, 20.0, 20.0, 20.0, 20.0, 20.0, 20.0, 20.0, 20.0, 20.0, 20.0, 20.0, 20.0, 20.0, 20.0, 20.0, 20.0, 20.0, 20.0, 20.0, 20.0, 20.0, 20.0, 20.0, 20.0, 20.0, 20.0, 20.0, 20.0, 20.0, 20.0, 20.0, 20.0, 20.0, 20.0, 20.0, 20.0, 20.0, 20.0, 17.79592743414437, 16.05326226455818, 14.723517517784984, 13.693458593167703, 12.889786738172882, 12.263378298648998, 11.780533510438675, 11.417875546192567, 11.159271620654629, 10.993939950927352, 10.915294935453748, 10.214395263330973, 11.000934854134963, 11.117639600754293, 11.323953248857375, 11.628240207521054, 12.043521209576403, 12.588920406367022, 13.292018979490106, 14.192704910008173, 15.34963801889284, 16.85156111315822, 18.838201356720116, 20.0, 20.0, 20.0, 20.0, 20.0, 20.0, 20.0, 20.0]",24.9370167052294,-0.029865244717299788,0.0972,-0.9579,0.3376,-0.3673,10.3289,-0.0086,-0.0062,-9.8081,15.3,,50.0,,,,0.6003,1.3818,1.5065,246.52,14.94,1.22388,0.1696,174.21,23.696,1,58.66,49.509,1,3,10,0.7,9.727,0,0.0,0,0
1790741919.361453,47.3981833,8.5464772,9.52400016784668,-0.20266439020633698,0.02156350202858448,0.00018297710630577058,169.27,-1.1372469356160986,0.18802133714938354,0.0,174.09174491882322,10.90551770612724,19.71348571585658,-1.6391234005758462,-16.24394402264005,-3.1568172163652535,0.202991701182675,8.904632568359375,0.35791178836629217,0.7476392923679934,"[20.0, 20.0, 20.0, 20.0, 20.0, 20.0, 20.0, 20.0, 20.0, 20.0, 20.0, 20.0, 20.0, 20.0, 20.0, 20.0, 20.0, 20.0, 20.0, 20.0, 20.0, 20.0, 20.0, 20.0, 20.0, 20.0, 20.0, 20.0, 20.0, 20.0, 20.0, 20.0, 20.0, 20.0, 20.0, 20.0, 20.0, 20.0, 20.0, 20.0, 20.0, 18.673392406538156, 16.712201644521176, 15.228693233641831, 14.08554715919353, 13.195452241986976, 12.5006478737398, 11.961836153678862, 11.551837195305566, 11.251807923780762, 11.048929413285645, 10.934985292539338, 10.90551770612724, 10.959391938827668, 11.058246656955323, 11.22667067692545, 11.489095754393656, 11.856477615425407, 12.345188732987431, 12.978944310538656, 13.791935377781952, 14.834023017497238, 16.17965863158354, 17.943970731539192, 20.0, 20.0, 20.0, 20.0, 20.0, 20.0, 20.0, 20.0]",24.9370167052294,-0.029865244717299788,0.1052,-1.3103,0.1994,-1.6833,10.2935,-0.026,-0.0133,-9.8138,15.3,,50.0,,,,0.5248,1.3364,1.4357,248.56,14.94,1.22388,0.2038,173.93,23.661,1,58.86,49.544,1,3,10,0.7,9.758,0,0.0,0,0
1790741919.5621276,47.398182899999995,8.5464773,9.527000427246094,-0.2860172688961029,0.03182476758956909,-0.027912039309740067,171.32,-1.4006921877294467,0.18652284403549046,0.0,176.14566452026367,10.307062831047276,19.79370971541674,-1.6378631965701922,-13.497277439304128,-2.2342134699992524,0.28650028338656364,8.902265548706055,0.33405641721963736,0.0,"[20.0, 20.0, 20.0, 20.0, 20.0, 20.0, 20.0, 20.0, 20.0, 20.0, 20.0, 20.0, 20.0, 20.0, 20.0, 20.0, 20.0, 20.0, 20.0, 20.0, 20.0, 20.0, 20.0, 20.0, 20.0, 20.0, 20.0, 20.0, 20.0, 20.0, 20.0, 20.0, 20.0, 20.0, 20.0, 20.0, 20.0, 20.0, 20.0, 20.0, 20.0, 19.659520635833548, 17.444456723255193, 15.785971441100488, 14.51634659678671, 13.531058119946541, 12.761973036112746, 12.163204056410464, 11.703180020343673, 11.3599906727123, 11.118563858535714, 10.968928218364523, 10.905159461323047, 10.307062831047276, 11.01490738260971, 11.146948145728675, 11.369773697749904, 11.692491486469224, 12.129070584147076, 12.699919502864063, 13.434449743228933, 14.375283240670981, 15.585362193048569, 17.160495797549174, 19.252804707427163, 20.0, 20.0, 20.0, 20.0, 20.0, 20.0, 20.0]",24.9370167052294,-0.029865244717299788,0.0889,-5.6071,0.3905,-19.9988,10.2504,-0.0459,-0.005,-9.8098,15.3,,50.0,,,,0.4338,1.4318,1.4961,253.15,14.94,1.22388,0.2878,173.65,23.618,1,59.06,49.587,1,3,10,0.7,9.775,0,0.0,0,0
1790741919.7629623,47.3981821,8.5464773,9.531000137329102,-0.5113673210144043,0.05989985167980194,-0.024907317012548447,173.39000000000001,-1.4912045927863384,0.15001356064683988,0.0,178.21010841369628,10.353412603854558,19.85147099510005,-1.6365074793650145,-10.692846395897675,0.07098971317183464,0.51227207438252,8.897212982177734,0.30877920682737503,0.1268807090340364,"[20.0, 20.0, 20.0, 20.0, 20.0, 20.0, 20.0, 20.0, 20.0, 20.0, 20.0, 20.0, 20.0, 20.0, 20.0, 20.0, 20.0, 20.0, 20.0, 20.0, 20.0, 20.0, 20.0, 20.0, 20.0, 20.0, 20.0, 20.0, 20.0, 20.0, 20.0, 20.0, 20.0, 20.0, 20.0, 20.0, 20.0, 20.0, 20.0, 20.0, 20.0, 20.0, 18.27272438046911, 16.410063610509038, 14.99558864566965, 13.903020128084199, 13.051430907469882, 12.386974998455697, 11.872879602022833, 11.48367159223372, 11.201716972253749, 11.015098614222115, 10.9163147466986, 10.353412603854558, 10.9701348677015, 11.081177268538813, 11.265545134732195, 11.545506760942304, 11.932868466202272, 12.44512818590581, 13.107572697221164, 13.956695652443486, 15.045893492021577, 16.455322182961897, 18.3098522430843, 20.0, 20.0, 20.0, 20.0, 20.0, 20.0, 20.0]",24.9370167052294,-0.029865244717299788,-0.0312,-8.3956,0.722,-5.2858,10.0734,-0.0549,-0.0055,-9.808,15.3,,50.0,,,,0.4138,1.3791,1.4398,253.3,14.94,1.22388,0.5149,173.32,23.54,1,59.26,49.664,1,3,10,0.7,9.743,0,0.0,0,0
1790741919.9628787,47.3981809,8.5464775,9.532999992370605,-0.7949441075325012,0.08637913316488266,-0.008804598823189735,175.5,-1.7863315008300407,0.13978903092915013,0.0,175.81810435579882,10.220738807165274,19.89305911647204,-1.6343876565636486,-0.3181043557987948,1.7014651031180508,0.7962197192964153,14.0,0.0,0.6374704876118619,"[20.0, 20.0, 20.0, 20.0, 20.0, 20.0, 20.0, 20.0, 20.0, 20.0, 20.0, 20.0, 20.0, 20.0, 20.0, 20.0, 20.0, 20.0, 20.0, 20.0, 20.0, 20.0, 20.0, 20.0, 20.0, 20.0, 20.0, 20.0, 20.0, 20.0, 20.0, 20.0, 20.0, 20.0, 20.0, 20.0, 20.0, 20.0, 20.0, 20.0, 20.0, 20.0, 19.2227004706848, 17.117167496128474, 15.533904303590335, 14.318479772238843, 13.373848295038187, 12.636361368682682, 12.062968038501092, 11.623978550991675, 11.298789282634473, 11.07328054340334, 10.938214808328521, 10.888272029169128, 10.220738807165274, 11.028978994128968, 11.175435017006155, 11.413868495865701, 11.754103994645051, 12.211035565039396, 12.806335767897105, 13.571232188741352, 14.551081225855052, 15.813144948792084, 17.46043065462163, 19.657832869375795, 20.0, 20.0, 20.0, 20.0, 20.0, 20.0]",24.9370167052294,-0.029865244717299788,-0.0463,-8.3202,1.4678,5.2216,9.9806,-0.0861,-0.0021,-9.8297,15.3,,50.0,,,,0.5248,1.2399,1.3464,247.06,14.94,1.22388,0.7996,173.8,23.402,1,59.46,49.803,1,3,10,0.7,9.753,0,0.1264,0,0
1790741920.1630673,47.398179,8.5464776,9.534000396728516,-1.0705111026763916,0.09860892593860626,-0.010554798878729343,177.4,-1.7574748891212624,0.0836228440156403,0.0,175.84850210255706,10.885267299275375,19.923002563859868,-1.6297920936154282,1.5514978974429425,2.6628846728933175,1.071916365317586,14.0,0.0,0.1345075113284285,"[20.0, 20.0, 20.0, 20.0, 20.0, 20.0, 20.0, 20.0, 20.0, 20.0, 20.0, 20.0, 20.0, 20.0, 20.0, 20.0, 20.0, 20.0, 20.0, 20.0, 20.0, 20.0, 20.0, 20.0, 20.0, 20.0, 20.0, 20.0, 20.0, 20.0, 20.0, 20.0, 20.0, 20.0, 20.0, 20.0, 20.0, 20.0, 20.0, 20.0, 20.0, 20.0, 20.0, 17.824805823085175, 16.067521314921887, 14.727659849025898, 13.690230251684662, 12.880918351679718, 12.249978151441539, 11.763307261123408, 11.397253653432296, 11.135484554741758, 10.967061948538536, 10.885267299275375, 10.886926401358394, 10.972103068193048, 11.109175514160608, 11.311733040947077, 11.611828647538996, 12.022271284032875, 12.561899667546344, 13.25789025679948, 14.149529772557175, 15.294541940576286, 16.780135694511888, 18.743370390709998, 20.0, 20.0, 20.0, 20.0, 20.0, 20.0]",24.9370167052294,-0.029865244717299788,-0.047,-8.27,0.0189,1.8177,6.2718,-0.1161,0.0064,-9.8535,15.3,,50.0,,,,0.508,1.1049,1.2161,245.31,14.94,1.22388,1.075,174.74,23.201,1,59.66,50.004,1,3,10,0.7,9.768,0,0.467,0,0
1790741920.3643491,47.3981767,8.5464778,9.534000396728516,-1.3265525102615356,0.10282322019338608,-0.0002461131662130356,178.19,-1.738330317426134,0.06053177452700118,0.0,175.88703528500469,10.209667285938075,19.944561845979106,-1.6222316615649162,2.302964714995312,2.622225921417982,1.327958667494364,14.0,0.0,0.05185033027549735,"[20.0, 20.0, 20.0, 20.0, 20.0, 20.0, 20.0, 20.0, 20.0, 20.0, 20.0, 20.0, 20.0, 20.0, 20.0, 20.0, 20.0, 20.0, 20.0, 20.0, 20.0, 20.0, 20.0, 20.0, 20.0, 20.0, 20.0, 20.0, 20.0, 20.0, 20.0, 20.0, 20.0, 20.0, 20.0, 20.0, 20.0, 20.0, 20.0, 20.0, 20.0, 20.0, 20.0, 18.128570174065505, 16.29306219016585, 14.898027865907954, 13.819924919070653, 12.979442705660846, 12.323744389203284, 11.81671724445815, 11.433338066892883, 11.15629171749745, 10.97389628519903, 10.87883155635419, 10.867396863328006, 10.209667285938075, 11.087018398770995, 11.275044971270312, 11.559048109085788, 11.951033050352759, 12.468762609336723, 13.137895437354066, 13.995472757671912, 15.095735962150183, 16.520211972347294, 18.396127865762875, 20.0, 20.0, 20.0, 20.0, 20.0, 20.0]",24.9370167052294,-0.029865244717299788,0.0462,-6.9402,1.217,9.0041,0.017,-0.1428,-0.0017,-9.8241,15.3,,50.0,,,,0.6724,1.1017,1.2906,238.6,14.94,1.22388,1.3305,175.57,22.945,1,59.86,50.26,1,3,10,0.7,9.713,0,0.6852,0,0
1790741920.5649803,47.398174,8.546478,9.530000686645508,-1.5181841850280762,0.09705702215433121,0.004959349520504475,177.85,-1.7482839494117157,0.07032591268258075,0.0,175.9317144039918,10.23613167961006,19.960084529104957,-1.6113105271026442,1.918285596008161,1.5079226917658726,1.519451296110685,14.0,0.0,0.026370543374252788,"[20.0, 20.0, 20.0, 20.0, 20.0, 20.0, 20.0, 20.0, 20.0, 20.0, 20.0, 20.0, 20.0, 20.0, 20.0, 20.0, 20.0, 20.0, 20.0, 20.0, 20.0, 20.0, 20.0, 20.0, 20.0, 20.0, 20.0, 20.0, 20.0, 20.0, 20.0, 20.0, 20.0, 20.0, 20.0, 20.0, 20.0, 20.0, 20.0, 20.0, 20.0, 20.0, 20.0, 17.963204724361763, 16.165206109883275, 14.796760053698634, 13.738316313219595, 12.912903814251477, 12.269136710307128, 11.771847338183878, 11.396656537141729, 11.126708488451124, 10.950665625840372, 10.861481523584775, 10.855689275275006, 10.23613167961006, 11.096612057149857, 11.29517752337008, 11.58618896469051, 11.986227188152316, 12.513518917983307, 13.194376059000856, 14.066803881243573, 15.18653426687348, 16.637517334942782, 18.55115544941925, 20.0, 20.0, 20.0, 20.0, 20.0, 20.0]",24.9370167052294,-0.029865244717299788,0.3798,-5.079,1.2335,8.6472,-4.2002,-0.1701,0.0006,-9.8329,15.3,,50.0,,,,0.6485,1.0112,1.2013,237.33,14.94,1.22388,1.5213,176.34,22.646,1,60.06,50.559,1,3,10,0.7,9.762,0,0.9206,0,0
1790741920.766265,47.398171,8.5464782,9.527000427246094,-1.6432838439941406,0.0854569748044014,0.005260126665234566,176.87,-1.7741738441165977,0.09922488756806677,0.0,175.98172233707544,10.837234349019013,19.97126086095557,-1.6008183308564745,0.8882776629245654,-0.15308442305094735,1.644334913529161,14.0,0.0,0.07226566761759984,"[20.0, 20.0, 20.0, 20.0, 20.0, 20.0, 20.0, 20.0, 20.0, 20.0, 20.0, 20.0, 20.0, 20.0, 20.0, 20.0, 20.0, 20.0, 20.0, 20.0, 20.0, 20.0, 20.0, 20.0, 20.0, 20.0, 20.0, 20.0, 20.0, 20.0, 20.0, 20.0, 20.0, 20.0, 20.0, 20.0, 20.0, 20.0, 20.0, 20.0, 20.0, 20.0, 19.818224944285426, 17.542312654926583, 15.843440247223926, 14.545492656993714, 13.539346715345491, 12.754177263251428, 12.142428649409265, 11.671439776438278, 11.31854910291031, 11.068134787113989, 10.909793988029014, 10.837234349019013, 10.847645183561845, 10.941426977098962, 11.122229533622395, 11.347169550328749, 11.658495148687168, 12.081930744811554, 12.637084468783613, 13.35222558370541, 14.268266511806875, 15.445465266880204, 16.975189255380723, 19.00174289318513, 20.0, 20.0, 20.0, 20.0, 20.0, 20.0]",24.9370167052294,-0.029865244717299788,0.5337,-3.6994,-0.0677,5.3736,-5.3416,-0.1722,-0.0105,-9.8202,15.3,,50.0,,,,0.6057,0.9909,1.1614,238.56,14.94,1.22388,1.6455,177.02,22.32,1,60.26,50.885,1,3,10,0.7,9.738,0,1.0648,0,0
1790741920.9657717,47.3981679,8.5464785,9.527000427246094,-1.7236255407333374,0.07588766515254974,0.00469661969691515,175.86,-1.7908275288221172,0.1291839179092586,0.0,176.0354169711714,10.8143895780336,19.97930781988801,-1.5907685365444164,-0.1754169711713871,-1.6190135152167886,1.7245016782234845,14.0,0.0,0.07716469798895807,"[20.0, 20.0, 20.0, 20.0, 20.0, 20.0, 20.0, 20.0, 20.0, 20.0, 20.0, 20.0, 20.0, 20.0, 20.0, 20.0, 20.0, 20.0, 20.0, 20.0, 20.0, 20.0, 20.0, 20.0, 20.0, 20.0, 20.0, 20.0, 20.0, 20.0, 20.0, 20.0, 20.0, 20.0, 20.0, 20.0, 20.0, 20.0, 20.0, 20.0, 20.0, 20.0, 19.267364123138364, 17.130660157637518, 15.526930525731387, 14.297266927796748, 13.342168677111353, 12.596550495092904, 12.016470658538855, 11.571655238801982, 11.241093573602726, 11.010361601936944, 10.869974203978924, 10.8143895780336, 10.841460821029896, 10.952230200082015, 11.1510285552269, 11.4038123444015, 11.736591496036684, 12.184898257346443, 12.769859464045277, 13.521916968232063, 14.485240099358103, 15.725207520443952, 17.341672214487247, 19.49389784318694, 20.0, 20.0, 20.0, 20.0, 20.0, 20.0]",24.9370167052294,-0.029865244717299788,0.4095,-2.938,-1.1521,2.7619,-4.1556,-0.1897,-0.0068,-9.8138,15.3,,50.0,,,,0.5834,1.0107,1.167,240.01,14.94,1.22388,1.7253,177.48,21.979,1,60.46,51.226,1,3,10,0.7,9.783,0,1.1418,0,0
1790741921.166555,47.398164799999996,8.5464787,9.526000022888184,-1.7768737077713013,0.07392580062150955,0.004956190008670092,175.22,-1.7713908987575349,0.14595542270916212,0.0,176.09119034170737,10.794776384065248,19.985101630319367,-1.5802985158337914,-0.8711903417073472,-2.3976162498549836,1.7776875562625694,14.0,0.0,0.050253435946268,"[20.0, 20.0, 20.0, 20.0, 20.0, 20.0, 20.0, 20.0, 20.0, 20.0, 20.0, 20.0, 20.0, 20.0, 20.0, 20.0, 20.0, 20.0, 20.0, 20.0, 20.0, 20.0, 20.0, 20.0, 20.0, 20.0, 20.0, 20.0, 20.0, 20.0, 20.0, 20.0, 20.0, 20.0, 20.0, 20.0, 20.0, 20.0, 20.0, 20.0, 20.0, 20.0, 18.923891650266146, 16.870892499116945, 15.324963088318594, 14.137128576483185, 13.213514783498347, 12.492428276591664, 11.932082315640915, 11.503638021867866, 11.18708476363413, 10.968729591720175, 10.839652083885031, 10.794776384065248, 10.832371714176988, 10.953886877015961, 11.164088622637799, 11.442854192689186, 11.789563091539051, 12.254113677692382, 12.858652276311588, 13.63509060446419, 14.629818214498293, 15.911732734667849, 17.586572583642575, 19.824093707227277, 20.0, 20.0, 20.0, 20.0, 20.0, 20.0]",24.9370167052294,-0.029865244717299788,0.1332,-2.5285,-1.4076,1.5605,-1.7177,-0.189,-0.0097,-9.8105,15.3,,50.0,,,,0.6272,1.1191,1.2829,240.73,14.94,1.22388,1.7784,177.62,21.631,1,60.66,51.574,1,3,10,0.7,9.799,0,1.137,0,0
1790741921.366866,47.398161599999995,8.546479,9.527000427246094,-1.8127135038375854,0.08104974776506424,0.0046402039006352425,175.06,-1.765324425140408,0.1498786506426049,0.0,176.14913965413984,10.40965456167265,19.989273173829943,-1.5700483497184212,-1.0891396541398422,-2.379905632918245,1.8135794378466485,14.0,0.0,0.015477766910192859,"[20.0, 20.0, 20.0, 20.0, 20.0, 20.0, 20.0, 20.0, 20.0, 20.0, 20.0, 20.0, 20.0, 20.0, 20.0, 20.0, 20.0, 20.0, 20.0, 20.0, 20.0, 20.0, 20.0, 20.0, 20.0, 20.0, 20.0, 20.0, 20.0, 20.0, 20.0, 20.0, 20.0, 20.0, 20.0, 20.0, 20.0, 20.0, 20.0, 20.0, 20.0, 20.0, 18.814774996116956, 16.784761537428917, 15.254935014511382, 14.078881408815352, 13.164197213605703, 12.450086122830234, 11.895336907697324, 11.47149656619978, 11.158824151313375, 10.943823345450562, 10.817724041630278, 10.775572009442174, 10.815742027867527, 10.939782554036015, 10.40965456167265, 11.454270870201045, 11.804543870313953, 12.273268917872723, 12.882857052923999, 13.66560306479577, 14.66847704398961, 15.961299841747842, 17.651359897030442, 19.91118967425807, 20.0, 20.0, 20.0, 20.0, 20.0, 20.0]",24.9370167052294,-0.029865244717299788,-0.1272,-2.105,-0.9855,1.9711,0.5143,-0.1976,-0.016,-9.8077,15.3,,50.0,,,,0.6504,1.221,1.3834,241.96,14.94,1.22388,1.8145,177.44,21.277,1,60.86,51.928,1,3,10,0.7,9.835,0,1.1228,0,0
1790741921.567774,47.3981584,8.5464793,9.530000686645508,-1.8309094905853271,0.09332097321748734,0.003853444242849946,175.29,-1.7703109102018155,0.14356837506935086,0.0,176.20971076610215,10.754623841414714,19.99227668515756,-1.561625447731913,-0.9197107661021846,-1.7921742545662038,1.8318718340880273,14.0,0.0,0.012024656515045763,"[20.0, 20.0, 20.0, 20.0, 20.0, 20.0, 20.0, 20.0, 20.0, 20.0, 20.0, 20.0, 20.0, 20.0, 20.0, 20.0, 20.0, 20.0, 20.0, 20.0, 20.0, 20.0, 20.0, 20.0, 20.0, 20.0, 20.0, 20.0, 20.0, 20.0, 20.0, 20.0, 20.0, 20.0, 20.0, 20.0, 20.0, 20.0, 20.0, 20.0, 20.0, 20.0, 18.88663782696902, 16.832760756421294, 15.286708540266492, 14.099044424393503, 13.175667368036184, 12.454765970069532, 11.89448802603633, 11.465954622068715, 11.14912660889455, 10.93028629676574, 10.800487469152873, 10.754623841414714, 10.790926279425998, 10.91079359883817, 11.11892613429753, 11.423786348531273, 11.786007701217795, 12.248855699385734, 12.851347125521208, 13.625235602187697, 14.616670866797655, 15.894168412875803, 17.56282349327882, 19.791237008551594, 20.0, 20.0, 20.0, 20.0, 20.0, 20.0]",24.9370167052294,-0.029865244717299788,-0.2524,-1.762,-0.1479,1.2311,1.8302,-0.2056,-0.0127,-9.8042,15.3,,50.0,,,,0.6235,1.1957,1.3485,242.46,14.94,1.22388,1.8333,177.08,20.922,1,61.06,52.283,1,3,10,0.7,9.833,0,1.159,0,0
1790741921.7684655,47.3981553,8.5464796,9.532000541687012,-1.8382240533828735,0.10708807408809662,0.004047514405101538,175.68,-1.779730553486692,0.13296470230015625,0.0,176.27168913919604,10.58654944504234,19.99443921331344,-1.5568998411073927,-0.5916891391960633,-0.9859299894564904,1.8392668517988402,14.0,0.0,0.023432643339133544,"[20.0, 20.0, 20.0, 20.0, 20.0, 20.0, 20.0, 20.0, 20.0, 20.0, 20.0, 20.0, 20.0, 20.0, 20.0, 20.0, 20.0, 20.0, 20.0, 20.0, 20.0, 20.0, 20.0, 20.0, 20.0, 20.0, 20.0, 20.0, 20.0, 20.0, 20.0, 20.0, 20.0, 20.0, 20.0, 20.0, 20.0, 20.0, 20.0, 20.0, 20.0, 20.0, 19.03247574821856, 16.934849342586546, 15.35898096659254, 14.149950368273725, 13.210578519635066, 12.477213665281178, 11.906841987145834, 11.469813851170267, 11.145552433002395, 10.919943678538727, 10.783729650523568, 10.731539249642745, 10.761357552662725, 10.874332856455025, 11.074886230663816, 10.58654944504234, 11.751484235481044, 12.20433084264075, 12.79475602811713, 13.553608142401051, 14.525669170107307, 15.777286469055857, 17.40992863874027, 19.585729824716637, 20.0, 20.0, 20.0, 20.0, 20.0, 20.0]",24.9370167052294,-0.029865244717299788,-0.2228,-1.6047,0.5415,0.4024,2.1113,-0.2017,-0.0056,-9.8035,15.3,,50.0,,,,0.5903,1.2645,1.3955,244.98,14.94,1.22388,1.8413,176.67,20.58,1,61.26,52.625,1,3,10,0.7,9.802,0,1.1436,0,0
1790741921.9694974,47.398151999999996,8.546479999999999,9.534000396728516,-1.8440895080566406,0.12099632620811462,0.0036643920466303825,176.06,-1.7885710127122743,0.12248268747186307,0.0,176.34072560765458,10.704600195316555,19.99599623358568,-1.555114235306018,-0.2807256076545457,-0.23544610512161146,1.8440136972570038,14.0,0.0,0.022426714015587188,"[20.0, 20.0, 20.0, 20.0, 20.0, 20.0, 20.0, 20.0, 20.0, 20.0, 20.0, 20.0, 20.0, 20.0, 20.0, 20.0, 20.0, 20.0, 20.0, 20.0, 20.0, 20.0, 20.0, 20.0, 20.0, 20.0, 20.0, 20.0, 20.0, 20.0, 20.0, 20.0, 20.0, 20.0, 20.0, 20.0, 20.0, 20.0, 20.0, 20.0, 20.0, 20.0, 19.16944295007588, 17.028897999447338, 15.423974421628683, 14.194236102223272, 13.239429457811234, 12.494075339946678, 11.91401244934644, 11.468833256429429, 11.137434296028585, 10.905314581607756, 10.76291268594265, 10.704600195316555, 10.728123687427605, 10.834388630702554, 11.02754571092373, 11.31539523814853, 11.710185127008101, 12.157983327120597, 12.736656745595333, 13.480893350328278, 14.434173107291715, 15.66078872901722, 17.258790030089667, 19.38425346409648, 20.0, 20.0, 20.0, 20.0, 20.0, 20.0]",24.9370167052294,-0.029865244717299788,-0.0824,-1.5657,0.8159,0.1159,1.7862,-0.2,-0.0089,-9.8023,15.3,,50.0,,,,0.4571,1.1602,1.247,248.5,14.94,1.22388,1.8481,176.25,20.221,1,61.46,52.984,1,3,10,0.7,9.805,0,1.2245,0,0
1790741922.1703758,47.3981488,8.546480299999999,9.53600025177002,-1.850041151046753,0.12471775710582733,0.0030791214667260647,176.33,-1.7941927895929977,0.11487337821849723,0.0,176.41289989308854,10.677107060587945,19.997117288181688,-1.5535665413216981,-0.08289989308852341,0.18320434191486784,1.8499756962889116,14.0,0.0,0.0144342449208892,"[20.0, 20.0, 20.0, 20.0, 20.0, 20.0, 20.0, 20.0, 20.0, 20.0, 20.0, 20.0, 20.0, 20.0, 20.0, 20.0, 20.0, 20.0, 20.0, 20.0, 20.0, 20.0, 20.0, 20.0, 20.0, 20.0, 20.0, 20.0, 20.0, 20.0, 20.0, 20.0, 20.0, 20.0, 20.0, 20.0, 20.0, 20.0, 20.0, 20.0, 20.0, 20.0, 19.25335908569776, 17.0833079355426, 15.458612991549616, 14.21489978304138, 13.24973870947576, 12.496367196363922, 11.909823345149526, 11.459173633505335, 11.122950374158686, 10.886385246278534, 10.739706674475443, 10.677107060587945, 10.696165517552942, 10.79761545335567, 10.985414466324166, 11.26712921871411, 10.956860577632066, 12.123059164972451, 12.693377951480318, 13.427240207706202, 14.367218021091288, 15.57617687525071, 17.149802308692223, 19.240003824136593, 20.0, 20.0, 20.0, 20.0, 20.0, 20.0]",24.9370167052294,-0.029865244717299788,0.0788,-1.5577,0.6482,0.0597,1.0419,-0.2103,-0.008,-9.8065,15.3,,50.0,,,,0.3047,1.0601,1.103,253.97,14.94,1.22388,1.8542,176.14,19.859,1,61.67,53.346,1,3,10,0.7,9.811,0,1.3027,0,0
1790741922.371437,47.3981455,8.5464807,9.540000915527344,-1.853853464126587,0.12191607803106308,0.002283937530592084,176.47,-1.7958040734524747,0.1107029028200661,0.0,176.50059582113977,10.646001677659287,19.997924447490814,-1.5492549836251293,-0.03059582113976944,0.23255880928563366,1.8546611153762655,14.0,0.0,0.0038130762405123426,"[20.0, 20.0, 20.0, 20.0, 20.0, 20.0, 20.0, 20.0, 20.0, 20.0, 20.0, 20.0, 20.0, 20.0, 20.0, 20.0, 20.0, 20.0, 20.0, 20.0, 20.0, 20.0, 20.0, 20.0, 20.0, 20.0, 20.0, 20.0, 20.0, 20.0, 20.0, 20.0, 20.0, 20.0, 20.0, 20.0, 20.0, 20.0, 20.0, 20.0, 20.0, 20.0, 19.26685008362827, 17.08473663177115, 15.452255282949883, 14.203205102030077, 13.234169208609488, 12.477814492059663, 11.888829349463558, 11.436053302502195, 11.09786201104622, 10.8593709579453, 10.710714637773169, 10.646001677659287, 10.662728446646177, 10.761538551053087, 10.946284161044657, 11.224400279908734, 11.014562636186968, 12.102569520484854, 12.668474594989702, 13.396857569480526, 14.32981932045936, 15.529486879340173, 17.0903270544423, 19.162110816567147, 20.0, 20.0, 20.0, 20.0, 20.0, 20.0]",24.9370167052294,-0.029865244717299788,0.1883,-1.5444,0.3099,0.0317,0.3643,-0.2095,-0.0036,-9.7913,15.3,,50.0,,,,0.2084,0.9364,0.9593,257.45,14.94,1.22388,1.8579,176.24,19.425,1,61.87,53.78,1,3,10,0.7,9.803,0,1.3782,0,0
1790741922.5717497,47.398142299999996,8.546481,9.544000625610352,-1.8552539348602295,0.11483640223741531,0.0018694716272875667,176.5,-1.7947773820709552,0.10958953484109969,0.0,176.57305265827642,10.62302691898275,19.998505602193386,-1.5425278765210408,-0.07305265827642415,0.04197198682110446,1.8559061453581427,14.0,0.0,0.0030994001612114344,"[20.0, 20.0, 20.0, 20.0, 20.0, 20.0, 20.0, 20.0, 20.0, 20.0, 20.0, 20.0, 20.0, 20.0, 20.0, 20.0, 20.0, 20.0, 20.0, 20.0, 20.0, 20.0, 20.0, 20.0, 20.0, 20.0, 20.0, 20.0, 20.0, 20.0, 20.0, 20.0, 20.0, 20.0, 20.0, 20.0, 20.0, 20.0, 20.0, 20.0, 20.0, 20.0, 19.24021574124004, 17.05885460032232, 15.42720430422206, 14.178924572184895, 13.210544306134125, 12.45471081111717, 11.866106754425914, 11.413570678814608, 11.07547778460511, 10.836941474072418, 10.688091266174407, 10.62302691898275, 10.63923098339398, 10.737326939201594, 10.921138601891913, 11.198061563343161, 11.579815728095875, 12.083727683462111, 12.662594892724842, 13.389776409690707, 14.321200531053004, 15.518834616013518, 17.076882556434942, 19.14465521125902, 20.0, 20.0, 20.0, 20.0, 20.0, 20.0]",24.9370167052294,-0.029865244717299788,0.2247,-1.5266,0.0362,-0.0105,0.0301,-0.2151,-0.0035,-9.7968,15.3,,50.0,,,,0.4331,1.1002,1.1824,248.51,14.94,1.22388,1.8588,176.46,19.066,1,62.07,54.139,1,3,10,0.7,9.765,0,1.2676,0,0
1790741922.7736967,47.3981388,8.5464813,9.546000480651855,-1.8555740118026733,0.10538588464260101,0.002411169232800603,176.48,-1.7924319586245674,0.1098477448251856,0.0,176.64325507227153,10.604472617912437,19.99892403357924,-1.5312161358398217,-0.16325507227153935,-0.2694227102675934,1.856090867236787,14.0,0.0,0.006563871454171807,"[20.0, 20.0, 20.0, 20.0, 20.0, 20.0, 20.0, 20.0, 20.0, 20.0, 20.0, 20.0, 20.0, 20.0, 20.0, 20.0, 20.0, 20.0, 20.0, 20.0, 20.0, 20.0, 20.0, 20.0, 20.0, 20.0, 20.0, 20.0, 20.0, 20.0, 20.0, 20.0, 20.0, 20.0, 20.0, 20.0, 20.0, 20.0, 20.0, 20.0, 20.0, 20.0, 19.196662164409254, 17.02174531104524, 15.394736959848386, 14.149918994478876, 13.184185747693888, 12.430411952178757, 11.843428345384295, 11.392173317896342, 11.055091212923603, 10.817344201750691, 10.66909652704314, 10.604472617912437, 10.620972214788223, 10.71923017811529, 10.903076980878742, 11.179910845177048, 11.561450726093037, 11.221587599267044, 12.66845096352054, 13.396544575593262, 14.329136086085203, 15.52830874218623, 17.088456049655, 19.1592182990229, 20.0, 20.0, 20.0, 20.0, 20.0, 20.0]",24.9370167052294,-0.029865244717299788,0.1914,-1.5047,-0.316,0.0364,0.0229,-0.2168,-0.0081,-9.7923,15.3,,50.0,,,,0.4339,1.2128,1.2881,250.32,14.94,1.22388,1.8586,176.75,18.708,1,62.27,54.497,1,3,10,0.7,9.77,0,1.2145,0,0
1790741922.9727032,47.3981359,8.546481499999999,9.545000076293945,-1.856520175933838,0.0981178879737854,0.0028912045527249575,176.47,-1.7903568543775,0.10983288739638762,0.0,176.7134934539987,10.588159460295534,19.999225304177052,-1.517496765585206,-0.24349345399866706,-0.5047080868840199,1.8569329983147118,14.0,0.0,0.005848947280852634,"[20.0, 20.0, 20.0, 20.0, 20.0, 20.0, 20.0, 20.0, 20.0, 20.0, 20.0, 20.0, 20.0, 20.0, 20.0, 20.0, 20.0, 20.0, 20.0, 20.0, 20.0, 20.0, 20.0, 20.0, 20.0, 20.0, 20.0, 20.0, 20.0, 20.0, 20.0, 20.0, 20.0, 20.0, 20.0, 20.0, 20.0, 20.0, 20.0, 20.0, 20.0, 20.0, 19.1621687803376, 16.991911261291346, 15.368299565498493, 14.126035766381971, 13.162264871641417, 12.410019607188579, 11.82423455864408, 11.373918549856521, 11.03756473079471, 10.800369455371689, 10.65252081975985, 10.588159460295534, 10.604795348833894, 10.703068594830492, 10.88681043870839, 11.163415487643418, 11.544594421584044, 11.453901785258115, 12.675741732903697, 13.404542536667504, 14.338039471394152, 15.53839520701921, 17.1001307417583, 19.17310296096331, 20.0, 20.0, 20.0, 20.0, 20.0, 20.0]",24.9370167052294,-0.029865244717299788,0.1232,-1.471,-0.3867,0.1216,0.0583,-0.2136,-0.0089,-9.8043,15.3,,50.0,,,,0.5875,1.1074,1.2536,242.06,14.94,1.22388,1.8591,176.97,18.348,1,62.47,54.858,1,3,10,0.7,9.776,0,1.2323,0,0
1790741923.1737282,47.3981323,8.5464817,9.544000625610352,-1.8575150966644287,0.09477630257606506,0.002900475636124611,176.51,-1.7893122867376714,0.10872074450240969,0.0,176.78643601457577,10.571424992516924,19.999442219007477,-1.5041513698978797,-0.28643601457577006,-0.5791208322133033,1.8578427107357343,14.0,0.0,0.003112004899092916,"[20.0, 20.0, 20.0, 20.0, 20.0, 20.0, 20.0, 20.0, 20.0, 20.0, 20.0, 20.0, 20.0, 20.0, 20.0, 20.0, 20.0, 20.0, 20.0, 20.0, 20.0, 20.0, 20.0, 20.0, 20.0, 20.0, 20.0, 20.0, 20.0, 20.0, 20.0, 20.0, 20.0, 20.0, 20.0, 20.0, 20.0, 20.0, 20.0, 20.0, 20.0, 20.0, 19.146755355096047, 16.97599029362419, 15.352265826879298, 14.110049680996307, 13.146373374340612, 12.394211381309649, 11.808466500584199, 11.358128643378524, 11.02167805364577, 10.784300446112649, 10.636173286131296, 10.571424992516924, 10.587550344810923, 10.685169794220052, 10.868088581840576, 11.143666375064115, 11.523566148362507, 12.025030324215017, 12.672960913284358, 13.40542070537852, 14.33793308048901, 15.536966452575586, 17.096834779083373, 19.167023370203733, 20.0, 20.0, 20.0, 20.0, 20.0, 20.0]",24.9370167052294,-0.029865244717299788,0.0554,-1.4184,-0.2549,0.2541,0.3007,-0.2187,0.0018,-9.8031,15.3,,50.0,,,,0.5594,1.1048,1.2383,243.14,14.94,1.22388,1.8599,177.08,17.984,1,62.67,55.221,1,3,10,0.7,9.771,0,1.2408,0,0
1790741923.3751578,47.398129,8.546482,9.544000625610352,-1.8588802814483643,0.09539224207401276,0.0027352282777428627,176.58,-1.7895084860965949,0.10622953320534417,0.0,176.86463891293238,10.552279334446506,19.999598397685382,-1.493176380563571,-0.28463891293239385,-0.48232685389376406,1.859122080100427,14.0,0.0,0.0001303420238873471,"[20.0, 20.0, 20.0, 20.0, 20.0, 20.0, 20.0, 20.0, 20.0, 20.0, 20.0, 20.0, 20.0, 20.0, 20.0, 20.0, 20.0, 20.0, 20.0, 20.0, 20.0, 20.0, 20.0, 20.0, 20.0, 20.0, 20.0, 20.0, 20.0, 20.0, 20.0, 20.0, 20.0, 20.0, 20.0, 20.0, 20.0, 20.0, 20.0, 20.0, 20.0, 20.0, 19.15178150081299, 16.97442188201824, 15.346481531989216, 14.101399944181097, 13.135656008102917, 12.381906529455964, 11.794860513362957, 11.343382571815532, 11.00586664501102, 10.767434407187459, 10.618211373423948, 10.552279334446506, 10.567086656035832, 10.663203043369778, 10.844373819423454, 11.117883550329058, 11.495296578988679, 11.993720651808946, 11.752453527283556, 13.395103990528158, 14.324116778444761, 15.518502291256054, 17.071936562275454, 19.13277948212387, 20.0, 20.0, 20.0, 20.0, 20.0, 20.0]",24.9370167052294,-0.029865244717299788,0.0292,-1.3687,-0.0274,0.2058,0.5067,-0.2135,-0.0065,-9.8016,15.3,,50.0,,,,0.4496,1.2082,1.2891,249.59,14.94,1.22388,1.8613,177.06,17.617,1,62.87,55.588,1,3,10,0.7,9.788,0,1.2168,0,0
1790741923.5754848,47.3981257,8.5464823,9.544000625610352,-1.8597100973129272,0.09670160710811615,0.0023421968799084425,176.69,-1.7904070578635778,0.10290199617295294,0.0,176.94745580640847,10.531682560289054,19.999710846333475,-1.4835892629609795,-0.25745580640847265,-0.3334024789692687,1.8598521100145864,14.0,0.0,0.001969628979852159,"[20.0, 20.0, 20.0, 20.0, 20.0, 20.0, 20.0, 20.0, 20.0, 20.0, 20.0, 20.0, 20.0, 20.0, 20.0, 20.0, 20.0, 20.0, 20.0, 20.0, 20.0, 20.0, 20.0, 20.0, 20.0, 20.0, 20.0, 20.0, 20.0, 20.0, 20.0, 20.0, 20.0, 20.0, 20.0, 20.0, 20.0, 20.0, 20.0, 20.0, 20.0, 20.0, 19.169158391454665, 16.981496941803908, 15.346851349669024, 14.097142610261857, 13.128027061276155, 12.371685004099387, 11.782532793254457, 11.329245028720846, 10.990084841811179, 10.750077596980063, 10.599271988346784, 10.531682560289054, 10.544692651835147, 10.638802785167778, 10.817678347629688, 11.088505203924742, 11.462719248429517, 11.957253671694707, 11.96439928447685, 13.378164818102466, 14.302193090718628, 15.489971650566234, 17.034288397348632, 19.081941929699813, 20.0, 20.0, 20.0, 20.0, 20.0, 20.0]",24.9370167052294,-0.029865244717299788,0.0396,-1.3245,0.121,0.2036,0.5735,-0.2037,-0.0111,-9.8011,15.3,,50.0,,,,0.3766,1.051,1.1164,250.29,14.94,1.22388,1.8622,177.02,17.247,1,63.07,55.958,1,3,10,0.7,9.757,0,1.304,0,0
1790741923.7764688,47.3981224,8.5464826,9.544000625610352,-1.8600029945373535,0.09930670261383057,0.00247677112929523,176.8,-1.7911423315342452,0.09954739988301341,0.0,177.0363794726294,10.508435400591113,19.9997918093601,-1.476585120059268,-0.23637947262940884,-0.1438448422453612,1.8600210763392588,14.0,0.0,0.0015280209669982722,"[20.0, 20.0, 20.0, 20.0, 20.0, 20.0, 20.0, 20.0, 20.0, 20.0, 20.0, 20.0, 20.0, 20.0, 20.0, 20.0, 20.0, 20.0, 20.0, 20.0, 20.0, 20.0, 20.0, 20.0, 20.0, 20.0, 20.0, 20.0, 20.0, 20.0, 20.0, 20.0, 20.0, 20.0, 20.0, 20.0, 20.0, 20.0, 20.0, 20.0, 20.0, 20.0, 20.0, 16.98432654038841, 15.343356258618773, 14.089320281992403, 13.117070846900516, 12.358325008252134, 11.767215997543506, 11.312235273805044, 10.971520113344903, 10.730003106301698, 10.577658575571993, 10.508435400591113, 10.519652741417852, 10.61174212320404, 10.788288541456506, 11.056378032609674, 11.427316167150078, 11.917858823155663, 12.552220443834011, 13.358137240907974, 14.276990403002163, 15.45792365891633, 16.992825125332836, 19.026917799765414, 20.0, 20.0, 20.0, 20.0, 20.0, 20.0]",24.9370167052294,-0.029865244717299788,0.0755,-1.2892,0.2485,0.1491,0.5081,-0.2153,-0.0074,-9.7929,15.3,,50.0,,,,0.4634,1.16,1.2491,248.23,14.94,1.22388,1.8627,176.94,16.876,1,63.27,56.33,1,3,10,0.7,9.786,0,1.2381,0,0
1790741923.9771607,47.398119,8.546482899999999,9.541000366210938,-1.8602012395858765,0.09984929859638214,0.0023456453345716,176.91,-1.7917964576727072,0.09617907598838259,0.0,177.12821118356442,10.48556768426433,19.999850102739273,-1.469156157255198,-0.21821118356444913,-0.01750526087616941,1.8600840553584692,14.0,0.0,0.0013226801792992691,"[20.0, 20.0, 20.0, 20.0, 20.0, 20.0, 20.0, 20.0, 20.0, 20.0, 20.0, 20.0, 20.0, 20.0, 20.0, 20.0, 20.0, 20.0, 20.0, 20.0, 20.0, 20.0, 20.0, 20.0, 20.0, 20.0, 20.0, 20.0, 20.0, 20.0, 20.0, 20.0, 20.0, 20.0, 20.0, 20.0, 20.0, 20.0, 20.0, 20.0, 20.0, 20.0, 20.0, 16.987789265146446, 15.34040607787819, 14.081984407806086, 13.106560912091517, 12.345383215761652, 11.752297891808514, 11.295611154205606, 10.953333151640036, 10.710302947589042, 10.556420096258297, 10.48556768426433, 10.495000798464522, 10.585082306643582, 10.759317420053502, 11.024693296718848, 11.392386607765044, 11.878978044243452, 12.508434857990041, 12.399554215574026, 14.252442967380363, 15.426619727922686, 16.952233420333904, 18.972957411142968, 20.0, 20.0, 20.0, 20.0, 20.0, 20.0]",24.9370167052294,-0.029865244717299788,0.1192,-1.2641,0.191,0.1348,0.506,-0.2148,-0.0069,-9.8162,15.3,,50.0,,,,0.267,1.19,1.2196,257.35,14.94,1.22388,1.8629,176.93,16.503,1,63.47,56.702,1,3,10,0.7,9.766,0,1.2531,0,0
1790741924.1784656,47.3981157,8.546483199999999,9.539000511169434,-1.8602455854415894,0.09875889867544174,0.002466863486915827,177.01,-1.792111145025402,0.0930740418236341,0.0,177.22238439372506,10.463574174912136,19.999892073972276,-1.4607229594843298,-0.212384393725074,0.04893262467475633,1.8599918086792504,14.0,0.0,0.00042334202509993504,"[20.0, 20.0, 20.0, 20.0, 20.0, 20.0, 20.0, 20.0, 20.0, 20.0, 20.0, 20.0, 20.0, 20.0, 20.0, 20.0, 20.0, 20.0, 20.0, 20.0, 20.0, 20.0, 20.0, 20.0, 20.0, 20.0, 20.0, 20.0, 20.0, 20.0, 20.0, 20.0, 20.0, 20.0, 20.0, 20.0, 20.0, 20.0, 20.0, 20.0, 20.0, 20.0, 20.0, 16.989000115775738, 15.33595165048564, 14.073676561757722, 13.095475577135474, 12.332174252168674, 11.737362246612028, 11.27918018428076, 10.935524759807315, 10.691151580885231, 10.535893365614864, 10.463574174912136, 10.47139134202292, 10.559645561323382, 10.731769527238413, 10.994660309066557, 11.359376994516547, 11.842340425876108, 12.467292407911344, 12.51442783028146, 14.231344955881374, 15.399509062083354, 16.916858022682113, 18.92568508884062, 20.0, 20.0, 20.0, 20.0, 20.0, 20.0]",24.9370167052294,-0.029865244717299788,0.1483,-1.235,0.1739,0.1383,0.4185,-0.2164,-0.005,-9.8063,15.3,,50.0,,,,0.1689,1.1975,1.2093,261.97,14.94,1.22388,1.8629,176.96,16.13,1,63.67,57.075,1,3,10,0.7,9.788,0,1.2582,0,0
1790741924.378819,47.3981123,8.546483499999999,9.53700065612793,-1.8602855205535889,0.09631334990262985,0.0018675561295822263,177.1,-1.792095313168642,0.0902352207285808,0.0,177.31860979278002,10.44275102642057,19.99992229326004,-1.4509305597812698,-0.218609792780029,0.06375244169932882,1.8599011408583803,14.0,0.0,0.00045180552563291415,"[20.0, 20.0, 20.0, 20.0, 20.0, 20.0, 20.0, 20.0, 20.0, 20.0, 20.0, 20.0, 20.0, 20.0, 20.0, 20.0, 20.0, 20.0, 20.0, 20.0, 20.0, 20.0, 20.0, 20.0, 20.0, 20.0, 20.0, 20.0, 20.0, 20.0, 20.0, 20.0, 20.0, 20.0, 20.0, 20.0, 20.0, 20.0, 20.0, 20.0, 20.0, 20.0, 20.0, 16.988424282698645, 15.330421154596758, 14.064794341742228, 13.084187422424886, 12.319050359169863, 11.722744894039067, 11.263265119010457, 10.918407488116237, 10.672853877571274, 10.516377848424673, 10.44275102642057, 10.449119199297442, 10.535727317279072, 10.705942821741088, 10.966581526035784, 11.328596335560107, 11.808263700881835, 12.429121857008607, 13.225127474278636, 14.214101114208841, 15.377019918800913, 16.88715455174519, 18.88558653316242, 20.0, 20.0, 20.0, 20.0, 20.0, 20.0]",24.9370167052294,-0.029865244717299788,0.1639,-1.2104,0.0636,0.1208,0.4333,-0.2124,-0.0075,-9.8097,15.3,,50.0,,,,0.0427,1.0644,1.0652,267.7,14.94,1.22388,1.8628,177.04,15.754,1,63.87,57.451,1,3,10,0.7,9.775,0,1.3302,0,0
1790741924.5795574,47.398109,8.546483799999999,9.53600025177002,-1.8594093322753906,0.09491406381130219,0.002003051107749343,177.19,-1.7919477028517332,0.08737804797615095,0.0,177.41978990988343,10.420922434634768,19.999944051147228,-1.4422172374774707,-0.2297899098834364,0.11214268035899363,1.8588791566163623,14.0,0.0,0.0008113597700372927,"[20.0, 20.0, 20.0, 20.0, 20.0, 20.0, 20.0, 20.0, 20.0, 20.0, 20.0, 20.0, 20.0, 20.0, 20.0, 20.0, 20.0, 20.0, 20.0, 20.0, 20.0, 20.0, 20.0, 20.0, 20.0, 20.0, 20.0, 20.0, 20.0, 20.0, 20.0, 20.0, 20.0, 20.0, 20.0, 20.0, 20.0, 20.0, 20.0, 20.0, 20.0, 20.0, 20.0, 16.986211148404802, 15.323397007807918, 14.054534082200282, 13.071614234238229, 12.304716212081912, 11.70697719224877, 11.246247254090077, 10.900224486290202, 10.653518414172424, 10.495844437340622, 10.420922434634768, 10.42584708241792, 10.510807801578265, 10.6791067970335, 10.937478455887291, 11.296769150144929, 11.7731104151804, 12.389836246636461, 13.1806050229307, 14.194589767743254, 15.35314688726885, 16.855964672684983, 18.843880548184664, 20.0, 20.0, 20.0, 20.0, 20.0, 20.0]",24.9370167052294,-0.029865244717299788,0.1709,-1.1827,0.1274,0.1664,0.4,-0.2218,-0.0054,-9.8124,15.3,,50.0,,,,0.0589,1.0964,1.098,266.93,14.94,1.22388,1.8618,177.08,15.38,1,64.07,57.825,1,3,10,0.7,9.801,0,1.3128,0,0
1790741924.7799275,47.3981056,8.546484099999999,9.535000801086426,-1.8565850257873535,0.0947907567024231,0.001586434431374073,177.29,-1.7919198341935962,0.08422469003075395,0.0,177.52670353161648,10.397660348841313,19.999959716826005,-1.4353024303046666,-0.23670353161651292,0.21278477638121823,1.8558830829306996,14.0,0.0,0.0005037014604558087,"[20.0, 20.0, 20.0, 20.0, 20.0, 20.0, 20.0, 20.0, 20.0, 20.0, 20.0, 20.0, 20.0, 20.0, 20.0, 20.0, 20.0, 20.0, 20.0, 20.0, 20.0, 20.0, 20.0, 20.0, 20.0, 20.0, 20.0, 20.0, 20.0, 20.0, 20.0, 20.0, 20.0, 20.0, 20.0, 20.0, 20.0, 20.0, 20.0, 20.0, 20.0, 20.0, 20.0, 16.985366961827253, 15.317030142839302, 14.044443428156415, 13.058858468785989, 12.289932158856374, 11.690546354321576, 11.228387397874844, 10.881041651658288, 10.633036675299211, 10.47402227833577, 10.397660348841313, 10.400988682401215, 10.484135297049876, 10.650330624721853, 10.906219786459548, 11.262532635792416, 11.735242441590557, 12.347460345084983, 13.132519437705412, 13.168284478477053, 15.324366717700514, 16.818874225491818, 18.794884044662407, 20.0, 20.0, 20.0, 20.0, 20.0, 20.0]",24.9370167052294,-0.029865244717299788,0.1871,-1.1679,0.2135,-0.0154,0.3968,-0.2144,-0.0039,-9.8037,15.3,,50.0,,,,0.0418,1.1095,1.1102,267.84,14.94,1.22388,1.859,177.08,15.008,1,64.28,58.197,1,3,10,0.7,9.777,0,1.3039,0,0
1790741924.9804606,47.3981023,8.546484399999999,9.53600025177002,-1.8529893159866333,0.09355837106704712,0.0003923180338460952,177.39000000000001,-1.791805134298818,0.08106009732334894,0.0,177.6367779739096,10.375020392891667,19.999970996114723,-1.4279086315641027,-0.24677797390955902,0.28043846623871416,1.8521164845000018,14.0,0.0,0.0007313914944365023,"[20.0, 20.0, 20.0, 20.0, 20.0, 20.0, 20.0, 20.0, 20.0, 20.0, 20.0, 20.0, 20.0, 20.0, 20.0, 20.0, 20.0, 20.0, 20.0, 20.0, 20.0, 20.0, 20.0, 20.0, 20.0, 20.0, 20.0, 20.0, 20.0, 20.0, 20.0, 20.0, 20.0, 20.0, 20.0, 20.0, 20.0, 20.0, 20.0, 20.0, 20.0, 20.0, 20.0, 16.985542796333643, 15.311562094288245, 14.035166684469237, 13.046855178648743, 12.2758554124105, 11.674789623196832, 11.211177745892774, 10.86249272322827, 10.61317908792663, 10.452820439357778, 10.375020392891667, 10.376759871358804, 10.45810577970276, 10.622217376378721, 10.875651495001891, 11.22902295485739, 11.69814896385128, 12.305921103050407, 13.085352202451004, 14.08463593331306, 15.296444965092684, 16.782768445306, 18.74705709436792, 20.0, 20.0, 20.0, 20.0, 20.0, 20.0]",24.9370167052294,-0.029865244717299788,0.2167,-1.1719,0.1557,-0.1326,0.4005,-0.2199,-0.0038,-9.8106,15.3,,50.0,,,,0.0531,0.8504,0.852,266.43,14.94,1.22388,1.8553,177.11,14.638,1,64.48,58.567,1,3,10,0.7,9.769,0,1.4293,0,0
1790741925.181723,47.398098999999995,8.546484699999999,9.538000106811523,-1.8522098064422607,0.08892861008644104,3.290201857453212e-05,177.48,-1.7914406796763023,0.07817635527023614,0.0,177.74581317448713,10.355778231738983,19.9999791172026,-1.4169026756783731,-0.26581317448710706,0.2287838041995236,1.8512154221623314,14.0,0.0,0.001385781950659912,"[20.0, 20.0, 20.0, 20.0, 20.0, 20.0, 20.0, 20.0, 20.0, 20.0, 20.0, 20.0, 20.0, 20.0, 20.0, 20.0, 20.0, 20.0, 20.0, 20.0, 20.0, 20.0, 20.0, 20.0, 20.0, 20.0, 20.0, 20.0, 20.0, 20.0, 20.0, 20.0, 20.0, 20.0, 20.0, 20.0, 20.0, 20.0, 20.0, 20.0, 20.0, 20.0, 20.0, 19.90820355337197, 15.308303268358808, 14.028332010881481, 13.037455754692035, 12.264505776156064, 11.661864149680156, 11.19689682280266, 10.846971871712567, 10.596457270535476, 10.434875876369679, 10.355778231738983, 10.356093891953657, 10.435834998087893, 10.598097433174217, 10.849359770935173, 11.20013516072567, 11.666103125645337, 12.269961738317983, 13.044441729861775, 14.037309084975952, 15.276215566075237, 16.755683856793983, 18.71011290108079, 20.0, 20.0, 20.0, 20.0, 20.0, 20.0]",24.9370167052294,-0.029865244717299788,0.229,-1.1679,-0.0733,0.0691,0.4524,-0.2104,-0.0101,-9.7956,15.3,,50.0,,,,0.1826,0.8886,0.9072,258.39,14.94,1.22388,1.8543,177.25,14.266,1,64.68,58.939,1,3,10,0.7,9.792,0,1.4007,0,0
1790741925.3814502,47.3980956,8.5464849,9.541000366210938,-1.8504928350448608,0.08284816145896912,-5.8801830164156854e-05,177.57,-1.7911277503420415,0.07530183110364065,0.0,177.85265878967135,10.338904092584821,19.832896068743562,-1.402508852349842,-0.28265878967135905,0.1334696522889523,1.849419965397624,14.0,0.0,0.0012218509833492623,"[20.0, 20.0, 20.0, 20.0, 20.0, 20.0, 20.0, 20.0, 20.0, 20.0, 20.0, 20.0, 20.0, 20.0, 20.0, 20.0, 20.0, 20.0, 20.0, 20.0, 20.0, 20.0, 20.0, 20.0, 20.0, 20.0, 20.0, 20.0, 20.0, 20.0, 20.0, 20.0, 20.0, 20.0, 20.0, 20.0, 19.885220914106704, 19.832896068743562, 20.0, 20.0, 20.0, 20.0, 20.0, 19.577187212806425, 15.310176664912744, 14.02618970258069, 13.032411859750972, 12.257251204984597, 11.652832271434148, 11.186355343847625, 10.835075667450784, 10.583279241966311, 10.420424619469781, 10.340007145643714, 10.338904092584821, 10.41707303406777, 10.577547805285963, 10.826731315608397, 11.175039190539643, 11.638019454004821, 12.238185707324094, 13.00799982706065, 13.994819894315397, 15.260822445345449, 16.73393302137891, 18.679173044853528, 20.0, 20.0, 20.0, 20.0, 20.0, 20.0]",24.9370167052294,-0.029865244717299788,0.2104,-1.1503,-0.1446,0.0198,0.516,-0.2186,-0.0041,-9.8068,15.3,,50.0,,,,0.2517,0.7758,0.8156,252.02,14.94,1.22388,1.8523,177.44,13.895,1,64.88,59.311,1,3,10,0.7,9.783,0,1.4445,0,0
1790741925.5825787,47.398092299999995,8.5464851,9.544000625610352,-1.8477591276168823,0.07742998003959656,3.457721322774887e-05,177.66,-1.7907912545310654,0.07242590820902724,0.0,177.9602344858297,10.323232975829455,19.415569982100706,-1.3867614501713463,-0.30023448582971923,0.05956438733027619,1.8466160293420935,14.0,0.0,0.0012727420603349609,"[20.0, 20.0, 20.0, 20.0, 20.0, 20.0, 20.0, 20.0, 20.0, 20.0, 20.0, 20.0, 20.0, 20.0, 20.0, 20.0, 20.0, 20.0, 20.0, 20.0, 20.0, 20.0, 20.0, 20.0, 20.0, 20.0, 20.0, 20.0, 20.0, 20.0, 20.0, 20.0, 20.0, 20.0, 20.0, 20.0, 19.545599574535334, 19.415569982100706, 20.0, 20.0, 20.0, 20.0, 20.0, 19.28574257396777, 15.31430604640148, 14.026101512503, 13.029269644031542, 12.25178173826557, 11.645496185828723, 11.177441957660585, 10.824757683943766, 10.571644859438113, 10.407496096379106, 10.325750596342614, 10.323232975829455, 10.399846400009146, 10.558563361011148, 10.805712431211267, 11.151613816440673, 11.611687189975052, 12.208266324496131, 12.97355114416551, 13.95450233660492, 14.165532265251453, 16.714422643602763, 18.6507791800431, 20.0, 20.0, 20.0, 20.0, 20.0, 20.0]",24.9370167052294,-0.029865244717299788,0.1779,-1.1427,-0.0941,0.0657,0.5042,-0.2106,-0.0083,-9.8047,15.3,,50.0,,,,0.3573,0.7242,0.8075,243.74,14.94,1.22388,1.8494,177.6,13.525,1,65.08,59.68,1,3,10,0.7,9.753,0,1.4456,0,0
1790741925.7833796,47.398089,8.546485299999999,9.547000885009766,-1.8449764251708984,0.07189931720495224,8.24278686195612e-05,177.77,-1.7909642592366022,0.06899276172884174,0.0,178.0687882111929,10.308893560919614,18.999745917166596,-1.3695819043883855,-0.29878821119285703,0.0017054274222370186,1.8437791422303693,14.0,0.0,0.0001051572847360267,"[20.0, 20.0, 20.0, 20.0, 20.0, 20.0, 20.0, 20.0, 20.0, 20.0, 20.0, 20.0, 20.0, 20.0, 20.0, 20.0, 20.0, 20.0, 20.0, 20.0, 20.0, 20.0, 20.0, 20.0, 20.0, 20.0, 20.0, 20.0, 20.0, 20.0, 20.0, 20.0, 20.0, 20.0, 20.0, 20.0, 19.215717585465693, 18.999745917166596, 20.0, 20.0, 20.0, 20.0, 20.0, 19.035324911975078, 15.326525762339175, 14.032542756352626, 13.031500959929932, 12.250799645588332, 11.641947056031531, 11.171746091144646, 10.817181466999232, 10.56234363868674, 10.39653949635635, 10.313136520290103, 10.308893560919614, 10.383647419119548, 10.540297304133002, 10.785084355201002, 11.128217679636293, 11.584968352849318, 12.177462458229394, 12.937597478822719, 13.911874824133575, 14.523894462805757, 16.69054262356721, 18.616097203789554, 20.0, 20.0, 20.0, 20.0, 20.0, 20.0]",24.9370167052294,-0.029865244717299788,0.1533,-1.1435,-0.1221,-0.0115,0.5819,-0.209,-0.0098,-9.8013,15.3,,50.0,,,,0.3751,0.6128,0.7185,238.53,14.94,1.22388,1.8464,177.77,13.156,1,65.28,60.05,1,3,10,0.7,9.755,0,1.4871,0,0
1790741925.9838226,47.398085699999996,8.5464854,9.547000885009766,-1.8422527313232422,0.06461159884929657,0.0002499320835340768,177.86,-1.7907212000752264,0.06613260319606692,0.0,178.17233993320326,10.298848776391083,18.59275842901513,-1.3483070123804142,-0.3123399332032477,-0.1313422797391964,1.8410609974564782,14.0,0.0,0.0009820548864177554,"[20.0, 20.0, 20.0, 20.0, 20.0, 20.0, 20.0, 20.0, 20.0, 20.0, 20.0, 20.0, 20.0, 20.0, 20.0, 20.0, 20.0, 20.0, 20.0, 20.0, 20.0, 20.0, 20.0, 20.0, 20.0, 20.0, 20.0, 20.0, 20.0, 20.0, 20.0, 20.0, 20.0, 20.0, 20.0, 20.0, 18.885160784857327, 18.59275842901513, 20.0, 20.0, 20.0, 20.0, 20.0, 18.830085984584475, 15.33907314408459, 14.04012819611565, 13.03546535871245, 12.251999892856222, 11.64094343994252, 11.168907294354177, 10.812745795204838, 10.556455562736826, 10.389271404683367, 10.304500963481127, 10.298848776391083, 10.372097435862406, 10.527086884333913, 10.769988094591195, 11.110921481832852, 11.565039864334556, 12.154304308324432, 12.910372144824711, 13.879380110017765, 15.130146201424582, 16.67967995818026, 18.597442433359255, 20.0, 20.0, 20.0, 20.0, 20.0, 20.0]",24.9370167052294,-0.029865244717299788,0.1258,-1.1475,-0.2934,-0.0422,0.5855,-0.2098,-0.0008,-9.8002,15.3,,50.0,,,,0.302,0.6108,0.6814,243.69,14.94,1.22388,1.8434,177.99,12.786,1,65.48,60.419,1,3,10,0.7,9.757,0,1.5027,0,0
1790741926.1852694,47.3980823,8.5464855,9.547000885009766,-1.8393009901046753,0.057675376534461975,0.0004612101474776864,177.96,-1.7908652916665637,0.06301125978024999,0.0,178.2711220461273,10.292220950783074,18.189439164494992,-1.3236709427706357,-0.31112204612725236,-0.24395181798045376,1.8381401651103193,14.0,0.0,8.836426788304876e-05,"[20.0, 20.0, 20.0, 20.0, 20.0, 20.0, 20.0, 20.0, 20.0, 20.0, 20.0, 20.0, 20.0, 20.0, 20.0, 20.0, 20.0, 20.0, 20.0, 20.0, 20.0, 20.0, 20.0, 20.0, 20.0, 20.0, 20.0, 20.0, 20.0, 20.0, 20.0, 20.0, 20.0, 20.0, 20.0, 20.0, 18.566024813596922, 18.189439164494992, 20.0, 20.0, 20.0, 20.0, 20.0, 18.683887515628694, 18.590228079812718, 14.054770758075179, 13.045625607054781, 12.258733882086341, 11.644953627883815, 11.17066710726687, 10.812572777089413, 10.554555471211005, 10.385764900589676, 10.299439152292322, 10.292220950783074, 10.36383264437481, 10.517049761373308, 10.75796834769821, 11.09661523198812, 11.548019294652988, 12.133969163471678, 12.885871294406448, 13.849480957349313, 15.093007921651953, 16.6707219524124, 18.580225667286395, 20.0, 20.0, 20.0, 20.0, 20.0, 20.0]",24.9370167052294,-0.029865244717299788,0.083,-1.1518,-0.2632,-0.0011,0.6165,-0.2164,-0.0091,-9.8064,15.3,,50.0,,,,0.4051,0.4693,0.62,229.2,14.94,1.22388,1.8402,178.2,12.418,1,65.68,60.787,1,3,10,0.7,9.782,0,1.5302,0,0
1790741926.384458,47.398078999999996,8.5464855,9.54800033569336,-1.8372317552566528,0.05181172862648964,0.0004839189350605011,178.07,-1.7913041552040059,0.0596148095544797,0.0,178.36866398108936,10.287341398760462,17.788989234021997,-1.2971817903727545,-0.2986639810893621,-0.31463123817114313,1.8361014335627677,14.0,0.0,0.0009038506459842112,"[20.0, 20.0, 20.0, 20.0, 20.0, 20.0, 20.0, 20.0, 20.0, 20.0, 20.0, 20.0, 20.0, 20.0, 20.0, 20.0, 20.0, 20.0, 20.0, 20.0, 20.0, 20.0, 20.0, 20.0, 20.0, 20.0, 20.0, 20.0, 20.0, 20.0, 20.0, 20.0, 20.0, 20.0, 20.0, 20.0, 18.256605653495917, 17.788989234021997, 20.0, 20.0, 20.0, 20.0, 20.0, 18.62167418367338, 18.186828835793804, 14.074229945462113, 13.059893544640392, 12.269033272275221, 11.652103267205776, 11.17522402818793, 10.814915936347424, 10.554936404131668, 10.38433859827793, 10.29628230406819, 10.287341398760462, 10.357171951549724, 10.508479465163246, 10.747279326991116, 11.083498314879424, 11.532033365683805, 12.114489915757384, 12.862008085717342, 13.81993810461278, 15.055843531003047, 16.66132695599934, 18.5618467898962, 20.0, 20.0, 20.0, 20.0, 20.0, 20.0]",24.9370167052294,-0.029865244717299788,0.0443,-1.1583,-0.2651,-0.0641,0.7074,-0.2152,-0.0001,-9.8067,15.3,,50.0,,,,0.3942,0.4098,0.5687,226.11,14.94,1.22388,1.838,178.38,12.05,1,65.88,61.157,1,3,10,0.7,9.777,0,1.5536,0,0
1790741926.585595,47.3980757,8.5464856,9.54900074005127,-1.835010290145874,0.04813236743211746,0.0004483805096242577,178.18,-1.7916984408850878,0.056212024429109136,0.0,178.46768202661258,10.282948846634545,17.39413742116914,-1.2702423162066383,-0.2876820266125435,-0.31747474264108927,1.833879340680716,14.0,0.0,0.0007949325818693986,"[20.0, 20.0, 20.0, 20.0, 20.0, 20.0, 20.0, 20.0, 20.0, 20.0, 20.0, 20.0, 20.0, 20.0, 20.0, 20.0, 20.0, 20.0, 20.0, 20.0, 20.0, 20.0, 20.0, 20.0, 20.0, 20.0, 20.0, 20.0, 20.0, 20.0, 20.0, 20.0, 20.0, 20.0, 20.0, 20.0, 17.953608052189047, 17.39413742116914, 20.0, 20.0, 20.0, 20.0, 20.0, 18.72566262159304, 17.842264633875548, 14.094425750863289, 13.074822877654455, 12.279939268804476, 11.65981905396831, 11.180317220427803, 10.817773697950765, 10.555816951612412, 10.383402639135243, 10.29361167857896, 10.282948846634545, 10.351003954015495, 10.500412773156377, 10.737110642032937, 11.07092529823085, 11.51662330702551, 12.09562932823971, 12.838820906896512, 13.791149265907764, 15.019541883990353, 15.530548336351345, 18.544386355465278, 20.0, 20.0, 20.0, 20.0, 20.0, 20.0]",24.9370167052294,-0.029865244717299788,0.0172,-1.1594,-0.0896,0.0711,0.659,-0.22,-0.0084,-9.8092,15.3,,50.0,,,,0.2732,0.3613,0.4529,232.91,14.94,1.22388,1.8356,178.5,11.681,1,66.08,61.526,1,3,10,0.7,9.78,0,1.6092,0,0
1790741926.7862186,47.3980724,8.5464856,9.550000190734863,-1.8326795101165771,0.04656882584095001,-5.616435737465508e-05,178.31,-1.7924388841344874,0.05222462055616275,0.0,178.57372859288876,10.276870108259338,17.003171235055916,-1.2449221313253138,-0.2637285928887536,-0.23441372985610978,1.8314993670437736,14.0,0.0,0.001741471652418312,"[20.0, 20.0, 20.0, 20.0, 20.0, 20.0, 20.0, 20.0, 20.0, 20.0, 20.0, 20.0, 20.0, 20.0, 20.0, 20.0, 20.0, 20.0, 20.0, 20.0, 20.0, 20.0, 20.0, 20.0, 20.0, 20.0, 20.0, 20.0, 20.0, 20.0, 20.0, 20.0, 20.0, 20.0, 20.0, 20.0, 17.666850841208003, 17.003171235055916, 20.0, 20.0, 20.0, 20.0, 20.0, 20.0, 17.54742592224722, 14.117167406689854, 13.091393376234597, 12.29180115598556, 11.667949744218355, 11.185380505840188, 10.820220513023578, 10.55594627117859, 10.381398575647552, 10.289565422626286, 10.276870108259338, 10.342824220421809, 10.489981110372607, 10.72418141654884, 11.055135674504365, 11.497456210763225, 12.072353973792744, 12.810396450341333, 13.756064396541484, 14.97553662374954, 15.981935934473178, 18.515703445949573, 20.0, 20.0, 20.0, 20.0, 20.0, 20.0]",24.9370167052294,-0.029865244717299788,0.0141,-1.1652,0.0389,-0.0498,0.5805,-0.2182,-0.012,-9.7959,15.3,,50.0,,,,0.2153,0.3621,0.4213,239.27,14.94,1.22388,1.8333,178.54,11.312,1,66.28,61.895,1,3,10,0.7,9.768,0,1.6226,0,0
1790741926.98656,47.3980691,8.5464857,9.551000595092773,-1.8311786651611328,0.04716388136148453,5.368940765038133e-05,178.42000000000002,-1.792359514545689,0.04876136252709336,0.0,178.6905680489263,10.268323565804552,16.619128775169546,-1.2222245995138254,-0.27056804892629316,-0.10461472251039573,1.8298851289066045,14.0,0.0,0.0004965231126533665,"[20.0, 20.0, 20.0, 20.0, 20.0, 20.0, 20.0, 20.0, 20.0, 20.0, 20.0, 20.0, 20.0, 20.0, 20.0, 20.0, 20.0, 20.0, 20.0, 20.0, 20.0, 20.0, 20.0, 20.0, 20.0, 20.0, 20.0, 20.0, 20.0, 20.0, 20.0, 20.0, 20.0, 20.0, 20.0, 20.0, 17.3734444176873, 16.619128775169546, 20.0, 20.0, 20.0, 20.0, 20.0, 20.0, 17.29936508795441, 14.131802202397411, 13.101118414358249, 12.297789456808456, 11.670976526239427, 11.185964758592439, 10.818707697496974, 10.552557956164128, 10.376262381509058, 10.282732430885083, 10.268323565804552, 10.332481411528326, 10.477688939266226, 10.709705102684023, 11.03813866999187, 11.477467599761479, 12.048716545151121, 12.782183058782735, 13.72193938090672, 14.93351653918994, 16.517649950571425, 18.49152902003131, 20.0, 20.0, 20.0, 20.0, 20.0, 20.0]",24.9370167052294,-0.029865244717299788,0.0385,-1.1721,0.106,0.055,0.5656,-0.2116,-0.0014,-9.8002,15.3,,50.0,,,,0.181,0.2996,0.35,238.86,14.94,1.22388,1.8318,178.52,10.943,1,66.48,62.265,1,3,10,0.7,9.779,0,1.6568,0,0
1790741927.1877222,47.3980657,8.5464858,9.551000595092773,-1.830245852470398,0.04576919600367546,0.0004565745475701988,178.53,-1.7921934323133528,0.04528881672210687,0.0,178.81050888761604,10.260300400296929,16.238953205648574,-1.1990533032250983,-0.28050888761600845,-0.03749555094526398,1.8288732665661458,14.0,0.0,0.0007226366722676576,"[20.0, 20.0, 20.0, 20.0, 20.0, 20.0, 20.0, 20.0, 20.0, 20.0, 20.0, 20.0, 20.0, 20.0, 20.0, 20.0, 20.0, 20.0, 20.0, 20.0, 20.0, 20.0, 20.0, 20.0, 20.0, 20.0, 20.0, 20.0, 20.0, 20.0, 20.0, 20.0, 20.0, 20.0, 20.0, 20.0, 17.093311599582766, 16.238953205648574, 20.0, 20.0, 20.0, 20.0, 20.0, 20.0, 17.101710212353236, 17.330792446239148, 13.111540777183663, 12.304419511594077, 11.674604094594555, 11.187119650891457, 10.817743803921866, 10.549703744178279, 10.371651409269539, 10.276421163727957, 10.260300400296929, 10.322668830310821, 10.465939378968496, 10.695789976562674, 11.02172870437486, 11.458100818201538, 12.025747215161006, 12.754699439287364, 13.688627468439375, 14.892424955920154, 16.46576202122774, 18.468340164111606, 20.0, 20.0, 20.0, 20.0, 20.0, 20.0]",24.9370167052294,-0.029865244717299788,0.0721,-1.171,0.0885,-0.0447,0.5345,-0.2106,-0.0056,-9.8044,15.3,,50.0,,,,0.149,0.3465,0.3772,246.73,14.94,1.22388,1.8308,178.57,10.574,1,66.68,62.634,1,3,10,0.7,9.739,0,1.6422,0,0
1790741927.3874683,47.3980624,8.5464859,9.550000190734863,-1.8294546604156494,0.04197251424193382,0.0007546080159954727,178.63,-1.7865393035047583,0.041472892157733775,0.0,179.1321023156343,10.254480057361798,15.863371619182857,-1.1738321162703114,-0.5021023156343176,-0.055714292580606326,1.8280661886863097,13.854601886447131,0.007185701348549356,0.01603089280632889,"[20.0, 20.0, 20.0, 20.0, 20.0, 20.0, 20.0, 20.0, 20.0, 20.0, 20.0, 20.0, 20.0, 20.0, 20.0, 20.0, 20.0, 20.0, 20.0, 20.0, 20.0, 20.0, 20.0, 20.0, 20.0, 20.0, 20.0, 20.0, 20.0, 20.0, 20.0, 20.0, 20.0, 20.0, 20.0, 20.0, 16.832023855485296, 15.863371619182857, 20.0, 20.0, 20.0, 20.0, 20.0, 20.0, 16.963780017290357, 16.881230229347505, 13.122928067014657, 12.312229780294166, 11.679585891609962, 11.189778314225572, 10.818420209965963, 10.548621718324366, 10.368946508364413, 10.272157647175568, 10.254480057361798, 10.315233492733295, 10.45676771273748, 10.684688108263042, 11.008413084169932, 11.442170093608905, 12.006637207850977, 12.731610460469906, 13.660403781400507, 14.85734666752958, 16.421166251645808, 18.453042182233265, 20.0, 20.0, 20.0, 20.0, 20.0, 20.0]",24.9370167052294,-0.029865244717299788,0.0835,-1.1614,-0.0557,0.0613,0.5325,-0.2142,-0.0078,-9.806,15.3,,50.0,,,,0.1041,0.377,0.3911,254.57,14.94,1.22388,1.8299,178.69,10.207,1,66.88,63.002,1,3,10,0.7,9.682,0,1.6344,0,0
1790741927.5884206,47.3980591,8.546486,9.54800033569336,-1.8276153802871704,0.03777693957090378,0.000674188369885087,178.74,-1.7727737688399399,0.036432990538428175,0.0,179.7731012860496,10.250264036601097,15.491477978897864,-1.1470599881992147,-1.0331012860496003,-0.07586079528154223,1.8262327855486975,13.488616778407383,0.02526510197973372,0.037933745270796966,"[20.0, 20.0, 20.0, 20.0, 20.0, 20.0, 20.0, 20.0, 20.0, 20.0, 20.0, 20.0, 20.0, 20.0, 20.0, 20.0, 20.0, 20.0, 20.0, 20.0, 20.0, 20.0, 20.0, 20.0, 20.0, 20.0, 20.0, 20.0, 20.0, 20.0, 20.0, 20.0, 20.0, 20.0, 20.0, 20.0, 16.65612565196544, 15.491477978897864, 20.0, 20.0, 20.0, 20.0, 20.0, 20.0, 16.911295030929175, 16.51050151756237, 13.138292482371154, 12.323469942573253, 11.68756913729964, 11.195094813319264, 10.821472779622013, 10.549680076359621, 10.36818040261726, 10.269656619329202, 10.250264036601097, 10.30925634187339, 10.448914468161817, 10.674765509725331, 10.9961317371694, 11.427114855582039, 11.988219517637948, 12.708991139805413, 13.632364769157345, 14.822069301831513, 16.375827372054804, 17.117392615535252, 20.0, 20.0, 20.0, 20.0, 20.0, 20.0]",24.9370167052294,-0.029865244717299788,0.0847,-1.1277,-0.0647,0.2217,0.7793,-0.2112,0.0015,-9.7972,15.3,,50.0,,,,0.0551,0.4849,0.488,263.51,14.94,1.22388,1.828,178.82,9.84,1,67.08,63.369,1,3,10,0.7,9.666,0,1.584,0,0
1790741927.7895093,47.398055799999995,8.546486,9.543000221252441,-1.8256092071533203,0.032760992646217346,0.0010677879909053445,178.93,-1.760534979412457,0.029187793159390144,0.0,-179.56804103886634,10.24707375630397,15.121953267136258,-1.1189540016651196,-1.5019589611336528,-0.04192391927170778,1.82426295735433,13.121953173142348,0.04336015315227621,0.03298441781868022,"[20.0, 20.0, 20.0, 20.0, 20.0, 20.0, 20.0, 20.0, 20.0, 20.0, 20.0, 20.0, 20.0, 20.0, 20.0, 20.0, 20.0, 20.0, 20.0, 20.0, 20.0, 20.0, 20.0, 20.0, 20.0, 20.0, 20.0, 20.0, 20.0, 20.0, 20.0, 20.0, 20.0, 20.0, 20.0, 20.0, 20.0, 15.121953267136258, 20.0, 20.0, 20.0, 20.0, 20.0, 20.0, 17.067727145814764, 16.200266442428614, 13.170201031516005, 12.347882724130812, 11.706071697374817, 11.208774130101203, 10.83107906853087, 10.55572484076904, 10.370996652514396, 10.269435216992935, 10.24707375630397, 10.303051540212435, 10.439531826126522, 10.66190932123226, 10.97934508412051, 11.405731063985748, 11.961283490084746, 12.675131508475078, 13.589581055086416, 14.767363600225528, 16.304533097484533, 17.303957489716833, 20.0, 20.0, 20.0, 20.0, 20.0, 20.0]",24.9370167052294,-0.029865244717299788,0.0946,-1.0332,0.0231,0.4726,1.4173,-0.2162,-0.0126,-9.8085,15.3,,50.0,,,,0.0379,0.5576,0.5589,266.11,14.94,1.22388,1.8259,178.97,9.472,1,67.28,63.738,1,3,10,0.7,9.75,0,1.5464,0,0
1790741927.990708,47.3980525,8.546486,9.539000511169434,-1.8204880952835083,0.028674433007836342,0.000765233940910548,179.29,-1.7516966657174622,0.01720481977657989,0.0,-178.8697511441295,10.243872363580563,14.761642368833993,-1.090550070971317,-1.8402488558704704,0.1923888428264458,1.8191605696475805,12.75538519247462,0.06141393400926381,0.02350868544004923,"[20.0, 20.0, 20.0, 20.0, 20.0, 20.0, 20.0, 20.0, 20.0, 20.0, 20.0, 20.0, 20.0, 20.0, 20.0, 20.0, 20.0, 20.0, 20.0, 20.0, 20.0, 20.0, 20.0, 20.0, 20.0, 20.0, 20.0, 20.0, 20.0, 20.0, 20.0, 20.0, 20.0, 20.0, 20.0, 20.0, 20.0, 14.761642368833993, 15.532876519395995, 20.0, 20.0, 20.0, 20.0, 20.0, 20.0, 15.962128888397643, 16.506158565884043, 12.397878928360393, 11.744574883538453, 11.23792193939232, 10.852351838729028, 10.570138349955487, 10.379220689567305, 10.271865526854642, 10.243872363580563, 10.29416323198387, 10.424679857978154, 10.640569627176324, 10.950694280770506, 11.368558109736524, 11.913846084178823, 12.614922568875262, 13.512940215898965, 14.668805995591988, 16.175529032507786, 18.181426500534453, 20.0, 20.0, 20.0, 20.0, 20.0, 20.0]",24.9370167052294,-0.029865244717299788,0.1163,-0.9323,0.1166,0.3133,2.4465,-0.2116,-0.0068,-9.8052,15.3,,50.0,,,,0.0919,0.527,0.5349,260.11,14.94,1.22388,1.8207,179.1,9.104,1,67.49,64.106,1,3,10,0.7,9.764,0,1.5532,0,0
1790741928.1918967,47.398049199999996,8.5464861,9.539000511169434,-1.8127907514572144,0.024416176602244377,0.00022571950103156269,179.85,-1.7462492979974449,-0.000421995059098651,0.0,-178.10279129812295,10.239903255637678,14.4251310588225,-1.0632473140139782,-2.0472087018770253,0.6216606482830876,1.8114809634847804,12.38984667864178,0.07935290428380135,0.014262573568094782,"[20.0, 20.0, 20.0, 20.0, 20.0, 20.0, 20.0, 20.0, 20.0, 20.0, 20.0, 20.0, 20.0, 20.0, 20.0, 20.0, 20.0, 20.0, 20.0, 20.0, 20.0, 20.0, 20.0, 20.0, 20.0, 20.0, 20.0, 20.0, 20.0, 20.0, 20.0, 20.0, 20.0, 20.0, 20.0, 20.0, 20.0, 14.4251310588225, 14.83605180906903, 20.0, 20.0, 20.0, 20.0, 20.0, 20.0, 15.836753551075338, 15.886839797850628, 12.477740200803352, 11.806176731592032, 11.28470684912802, 10.886703779735923, 10.593696548030561, 10.39307257706387, 10.276664200808616, 10.239903255637678, 10.281372922769677, 10.402672392261278, 10.608569745913822, 10.907470882603604, 11.312293117170972, 11.841920900296016, 12.523571185672946, 13.396673665196106, 14.519421906016207, 15.980320250311685, 17.91972642740003, 20.0, 20.0, 20.0, 20.0, 20.0, 20.0]",24.9370167052294,-0.029865244717299788,0.1507,-0.8673,0.282,0.2538,3.3283,-0.2145,0.0011,-9.8034,15.3,,50.0,,,,0.0191,0.5391,0.5395,267.97,14.94,1.22388,1.813,179.23,8.738,1,67.69,64.474,1,3,10,0.7,9.775,0,1.5432,0,0
1790741928.3928566,47.3980459,8.5464861,9.541000366210938,-1.8049886226654053,0.01989227719604969,-2.7204727302887477e-05,180.58,-1.7448244980379115,-0.02276978787610453,0.0,-177.3251549625711,10.235952307872665,14.127877452636518,-1.037145441504712,-2.094845037428854,1.2114152755736134,1.8036960218600433,12.024049322718183,0.09721027059743309,0.003268386109038068,"[20.0, 20.0, 20.0, 20.0, 20.0, 20.0, 20.0, 20.0, 20.0, 20.0, 20.0, 20.0, 20.0, 20.0, 20.0, 20.0, 20.0, 20.0, 20.0, 20.0, 20.0, 20.0, 20.0, 20.0, 20.0, 20.0, 20.0, 20.0, 20.0, 20.0, 20.0, 20.0, 20.0, 20.0, 20.0, 20.0, 20.0, 14.127877452636518, 14.253392745966147, 20.0, 20.0, 20.0, 20.0, 20.0, 20.0, 15.915502961156525, 15.465632646105034, 20.0, 11.888946541667593, 11.347691116866526, 10.933156838519327, 10.625860447190345, 10.412444617001684, 10.284160356018312, 10.235952307872665, 10.265959729312762, 10.375338360594299, 10.56837071106915, 10.852884781308658, 11.241059754097197, 11.750780275221679, 12.407838994203463, 13.249539602875922, 14.330748747215125, 15.734487336999804, 17.591508886746876, 20.0, 20.0, 20.0, 20.0, 20.0, 20.0]",24.9370167052294,-0.029865244717299788,0.2331,-0.8442,0.5727,0.0086,4.0871,-0.2004,0.0032,-9.8028,15.3,,50.0,,,,0.0176,0.6951,0.6953,268.55,14.94,1.22388,1.8051,179.37,8.371,1,67.89,64.841,1,3,10,0.7,9.81,0,1.4574,0,0
1790741928.594106,47.3980422,8.5464862,9.543000221252441,-1.7966352701187134,0.011319288983941078,-0.00011929286119993776,181.52,-1.74568694565783,-0.04795521024088145,0.0,-176.5463818581759,10.235589770344752,13.752477796309327,-1.0097113340984432,-2.0436181418241404,1.7709741586610306,1.7954947584582794,11.660494127172932,0.11483710276799818,0.0035197655282447754,"[20.0, 20.0, 20.0, 20.0, 20.0, 20.0, 20.0, 20.0, 20.0, 20.0, 20.0, 20.0, 20.0, 20.0, 20.0, 20.0, 20.0, 20.0, 20.0, 20.0, 20.0, 20.0, 20.0, 20.0, 20.0, 20.0, 20.0, 20.0, 20.0, 20.0, 20.0, 20.0, 20.0, 20.0, 20.0, 20.0, 20.0, 13.888472575665991, 13.752477796309327, 20.0, 20.0, 20.0, 20.0, 20.0, 20.0, 20.0, 15.208152902955229, 15.75648265351695, 11.98942226547195, 11.424855358816691, 10.990952913944819, 10.667014778128502, 10.438795993312342, 10.296861896570071, 10.235589770344752, 10.252609519819371, 10.348576055430994, 10.527231700949665, 10.79576993565363, 11.165568154863069, 11.65343448168756, 12.283639532086152, 13.091231240396564, 14.127572233869941, 15.469955885326808, 17.239203461384975, 18.53771347282755, 20.0, 20.0, 20.0, 20.0, 20.0]",24.9370167052294,-0.029865244717299788,0.3532,-0.8636,0.5647,-0.1967,4.3834,-0.2096,0.0006,-9.7985,15.3,,50.0,,,,-0.0007,0.8988,0.8988,270.05,14.94,1.22388,1.7967,179.64,8.006,1,68.09,65.207,1,3,10,0.7,9.749,0,1.3472,0,0
1790741928.7966568,47.398039,8.5464862,9.542000770568848,-1.7852908372879028,-0.0017939753597602248,0.00043238321086391807,182.38,-1.7502842416605418,-0.07723476397632552,0.0,-175.78748591505632,10.241790638572644,13.319927982245604,-0.9794733678176033,-1.832514084943682,2.3224255253422132,1.78448448753918,11.304462325116788,0.13191884625265246,0.014544727629041654,"[20.0, 20.0, 20.0, 20.0, 20.0, 20.0, 20.0, 20.0, 20.0, 20.0, 20.0, 20.0, 20.0, 20.0, 20.0, 20.0, 20.0, 20.0, 20.0, 20.0, 20.0, 20.0, 20.0, 20.0, 20.0, 20.0, 20.0, 20.0, 20.0, 20.0, 20.0, 20.0, 20.0, 20.0, 20.0, 20.0, 20.0, 13.762815763322592, 13.319927982245604, 20.0, 20.0, 20.0, 20.0, 20.0, 20.0, 20.0, 15.139333000007365, 15.104512705690759, 12.116962976464828, 11.523910855656997, 11.066495483912759, 10.72249514440436, 10.47656567456333, 10.318433213107744, 10.241790638572644, 10.243663898159369, 10.324125042448783, 10.486299086830707, 10.736665941872758, 11.085713147928372, 11.549066738812087, 12.149340991040248, 12.91914916880481, 13.906103406663826, 15.18142313178714, 16.855511811508165, 19.10801826797939, 20.0, 20.0, 20.0, 20.0, 20.0]",24.9370167052294,-0.029865244717299788,0.458,-0.9342,0.5543,-0.4859,4.3777,-0.213,0.0068,-9.8151,15.3,,50.0,,,,0.0136,0.8625,0.8626,269.09,14.94,1.22388,1.7853,180.06,7.649,1,68.29,65.565,1,3,10,0.7,9.722,0,1.354,0,0
1790741928.99625,47.398035799999995,8.5464861,9.541000366210938,-1.7746886014938354,-0.01837809756398201,0.00013112800661474466,183.23,-1.7516359453490657,-0.10310294070768045,0.0,-175.03806412920653,10.24035961570062,12.955339003445586,-0.9476817676768521,-1.7319358707934498,2.6366847633762354,1.7743640995794316,10.954679217175066,0.14858315665874902,0.006976786367898173,"[20.0, 20.0, 20.0, 20.0, 20.0, 20.0, 20.0, 20.0, 20.0, 20.0, 20.0, 20.0, 20.0, 20.0, 20.0, 20.0, 20.0, 20.0, 20.0, 20.0, 20.0, 20.0, 20.0, 20.0, 20.0, 20.0, 20.0, 20.0, 20.0, 20.0, 20.0, 20.0, 20.0, 20.0, 20.0, 20.0, 20.0, 13.784331049916739, 12.955339003445586, 13.603440080107628, 20.0, 20.0, 20.0, 20.0, 20.0, 20.0, 15.315046542644467, 14.750426261279005, 16.062354966711425, 11.617280564421439, 11.138482120873043, 10.776356383664064, 10.514537823751064, 10.3419814084525, 10.251759585804436, 10.24035961570062, 10.30734294035357, 10.45530340814272, 10.690116784585172, 11.021527338682354, 11.464184587826304, 12.039347205436506, 12.777652682548622, 13.723695371393578, 14.943852762234082, 16.540314147829243, 18.67782806166823, 20.0, 20.0, 20.0, 20.0, 20.0]",24.9370167052294,-0.029865244717299788,0.5706,-1.0627,0.6051,-0.6838,4.2189,-0.2014,0.0002,-9.804,15.3,,50.0,,,,-0.0385,0.7057,0.7067,273.12,14.94,1.22388,1.7748,180.59,7.298,1,68.49,65.918,1,3,10,0.7,9.716,0,1.4214,0,0
1790741929.1966503,47.398032699999995,8.546486,9.541000366210938,-1.7680712938308716,-0.0405038520693779,-0.00019374710973352194,184.03,-1.7519274689688893,-0.12751292942351145,0.0,-174.30925913946078,10.24429641617916,12.63569202814395,-0.911288941906482,-1.6607408605391925,2.7176694698919146,1.768452150623603,10.608257823660736,0.16493962482385735,0.00496353034184183,"[20.0, 20.0, 20.0, 20.0, 20.0, 20.0, 20.0, 20.0, 20.0, 20.0, 20.0, 20.0, 20.0, 20.0, 20.0, 20.0, 20.0, 20.0, 20.0, 20.0, 20.0, 20.0, 20.0, 20.0, 20.0, 20.0, 20.0, 20.0, 20.0, 20.0, 20.0, 20.0, 20.0, 20.0, 20.0, 20.0, 20.0, 20.0, 12.63569202814395, 12.936396499941605, 20.0, 20.0, 20.0, 20.0, 20.0, 20.0, 20.0, 14.565759046751289, 14.901976281025327, 11.714581075811196, 11.214787469202347, 10.834982035870244, 10.557778262618362, 10.371368031335889, 10.268217675952888, 10.24429641617916, 10.298683381299224, 10.433479802132807, 10.654010446394144, 10.96935109406406, 11.393282708273404, 11.945869006602127, 12.65601931910811, 13.565708004237976, 14.737142069696835, 16.265500498442087, 18.30295896917922, 19.580454989027167, 20.0, 20.0, 20.0, 20.0]",24.9370167052294,-0.029865244717299788,0.654,-1.1707,0.2961,-0.4164,3.9143,-0.2139,0.0029,-9.8101,15.3,,50.0,,,,-0.0311,0.7482,0.7488,272.38,14.94,1.22388,1.7685,181.31,6.951,1,68.69,66.268,1,3,10,0.7,9.73,0,1.3941,0,0
1790741929.39748,47.3980295,8.5464858,9.539000511169434,-1.7649656534194946,-0.06589660793542862,-7.259556150529534e-05,184.77,-1.7510775963999123,-0.15012237473669712,0.0,-173.6045933164504,10.255936286262793,12.351942380840187,-0.869244324510076,-1.6254066835495564,2.6318027947427325,1.766173844322993,10.262739774524563,0.18110290646796603,0.0024601103812409643,"[20.0, 20.0, 20.0, 20.0, 20.0, 20.0, 20.0, 20.0, 20.0, 20.0, 20.0, 20.0, 20.0, 20.0, 20.0, 20.0, 20.0, 20.0, 20.0, 20.0, 20.0, 20.0, 20.0, 20.0, 20.0, 20.0, 20.0, 20.0, 20.0, 20.0, 20.0, 20.0, 20.0, 20.0, 20.0, 20.0, 20.0, 20.0, 12.351942380840187, 12.421883177108185, 20.0, 20.0, 20.0, 20.0, 20.0, 20.0, 20.0, 14.540947328845043, 14.421799398744195, 20.0, 11.295030593410232, 10.89821628759822, 10.606318147624457, 10.4067844457246, 10.291497882631607, 10.255936286262793, 10.298729250515407, 10.421527259369112, 10.62915951100882, 10.930109173936737, 11.337395982992161, 11.870045703048588, 12.555477694320144, 13.433422858502643, 14.562542296292781, 16.03210252649655, 17.983779983157177, 19.87056029273045, 20.0, 20.0, 20.0, 20.0]",24.9370167052294,-0.029865244717299788,0.683,-1.238,0.0654,-0.2522,3.7221,-0.2129,-0.0002,-9.8041,15.3,,50.0,,,,0.0316,0.7635,0.7642,267.63,14.94,1.22388,1.7662,182.14,6.604,1,68.89,66.618,1,3,10,0.7,9.746,0,1.3841,0,0
1790741929.5976727,47.3980264,8.5464856,9.53700065612793,-1.7652506828308105,-0.09119164943695068,0.0001693466620054096,185.48,-1.749801354048443,-0.17181344423843928,0.0,-172.92152669835377,10.274198582528383,12.10285694604499,-0.8220668230193735,-1.5984733016462371,2.5227677779158846,1.7672458346726756,9.915849636613702,0.1971528384382305,0.0018821826629393064,"[20.0, 20.0, 20.0, 20.0, 20.0, 20.0, 20.0, 20.0, 20.0, 20.0, 20.0, 20.0, 20.0, 20.0, 20.0, 20.0, 20.0, 20.0, 20.0, 20.0, 20.0, 20.0, 20.0, 20.0, 20.0, 20.0, 20.0, 20.0, 20.0, 20.0, 20.0, 20.0, 20.0, 20.0, 20.0, 20.0, 20.0, 20.0, 12.10285694604499, 11.977565494690625, 20.0, 20.0, 20.0, 20.0, 20.0, 20.0, 20.0, 14.760257389581994, 14.13762913874595, 14.96986620339494, 11.380784265174576, 10.967015055467137, 10.660564095968205, 10.448128925288595, 10.32100924369523, 10.274198582528383, 10.305890541719004, 10.417305920314211, 10.612809235611422, 10.900335790092798, 11.292209465021104, 11.806515564192122, 12.469333169250149, 13.31838826116086, 14.409193972641711, 15.825806802256217, 17.700734535054607, 20.0, 20.0, 20.0, 20.0, 20.0]",24.9370167052294,-0.029865244717299788,0.6835,-1.2523,0.0098,0.1095,3.6061,-0.2094,0.0065,-9.8071,15.3,,50.0,,,,0.0901,0.7924,0.7975,263.51,14.94,1.22388,1.7676,182.96,6.255,1,69.09,66.971,1,3,10,0.7,9.773,0,1.3689,0,0
1790741929.7975173,47.3980232,8.546485299999999,9.535000801086426,-1.7657427787780762,-0.11542236059904099,0.0007921026553958654,186.17000000000002,-1.7484572499404587,-0.1928879224541693,0.0,-172.2634829298778,10.297831790331701,11.89701047010034,-0.7709716567822102,-1.5665170701221882,2.430033438845734,1.7684039648836143,9.568991578644573,0.21299810468440053,0.002232217580863468,"[20.0, 20.0, 20.0, 20.0, 20.0, 20.0, 20.0, 20.0, 20.0, 20.0, 20.0, 20.0, 20.0, 20.0, 20.0, 20.0, 20.0, 20.0, 20.0, 20.0, 20.0, 20.0, 20.0, 20.0, 20.0, 20.0, 20.0, 20.0, 20.0, 20.0, 20.0, 20.0, 20.0, 20.0, 20.0, 20.0, 20.0, 20.0, 11.89701047010034, 11.58133381259398, 12.47180166867561, 20.0, 20.0, 20.0, 20.0, 20.0, 20.0, 20.0, 14.001955642742494, 14.224559298933592, 20.0, 11.04079471083562, 10.719762550417984, 10.494484759384473, 10.355671324453883, 10.297831790331701, 10.318730351230831, 10.419171345492225, 10.603075927638203, 10.877863817085407, 11.255211313652593, 11.752336180991676, 12.394090027187861, 13.216374456993826, 14.271856527873375, 15.639915933804431, 17.444900498798727, 19.892003748227154, 20.0, 20.0, 20.0, 20.0]",24.9370167052294,-0.029865244717299788,0.6768,-1.2439,-0.0437,0.1109,3.4173,-0.2007,0.0083,-9.8194,15.3,,50.0,,,,0.1564,0.8523,0.8665,259.6,14.94,1.22388,1.7695,183.74,5.907,1,69.29,67.325,1,3,10,0.7,9.766,0,1.3363,0,0
1790741929.9986658,47.398019999999995,8.5464849,9.532000541687012,-1.7659599781036377,-0.14056628942489624,0.0006878559361211956,186.85,-1.7479908220711573,-0.2136818482563437,0.0,-171.65657431507555,10.329228826758191,11.760995640701399,-0.7135113990587219,-1.493425684924489,2.2989850161201204,1.7691284201803041,9.222553003950594,0.22857498176022317,0.005104778083183969,"[20.0, 20.0, 20.0, 20.0, 20.0, 20.0, 20.0, 20.0, 20.0, 20.0, 20.0, 20.0, 20.0, 20.0, 20.0, 20.0, 20.0, 20.0, 20.0, 20.0, 20.0, 20.0, 20.0, 20.0, 20.0, 20.0, 20.0, 20.0, 20.0, 20.0, 20.0, 20.0, 20.0, 20.0, 20.0, 20.0, 20.0, 20.0, 11.760995640701399, 11.222979853325626, 11.67286752684353, 20.0, 20.0, 20.0, 20.0, 20.0, 20.0, 20.0, 14.031631938206553, 13.83013442824077, 20.0, 11.122898429676024, 10.786962597256393, 10.548651875533068, 10.398068369362216, 10.329228826758191, 10.339466836471273, 10.429176239435932, 10.60184864299367, 10.864411831698057, 11.227931807095844, 11.708816472957507, 12.330780059502827, 13.128044313149857, 14.150671403148001, 15.473788325746995, 17.214380154253845, 19.56395375535579, 20.0, 20.0, 20.0, 20.0]",24.9370167052294,-0.029865244717299788,0.6676,-1.2283,-0.0964,0.1312,3.435,-0.2032,0.0058,-9.8139,15.3,,50.0,,,,0.1064,0.8939,0.9002,263.21,14.94,1.22388,1.7715,184.55,5.56,1,69.49,67.68,1,3,10,0.7,9.776,0,1.3215,0,0
1790741930.1984696,47.3980168,8.546484399999999,9.532999992370605,-1.7642849683761597,-0.16671150922775269,-0.0001446110545657575,187.5,-1.7554702801960747,-0.2338944347826899,0.0,-171.38455017803108,10.36925185952671,11.793581016982909,-0.6488100369965608,-1.1154498219688946,2.1020124619483855,1.7676464069183078,8.879048291989813,0.24374865770851512,0.026686756009710585,"[20.0, 20.0, 20.0, 20.0, 20.0, 20.0, 20.0, 20.0, 20.0, 20.0, 20.0, 20.0, 20.0, 20.0, 20.0, 20.0, 20.0, 20.0, 20.0, 20.0, 20.0, 20.0, 20.0, 20.0, 20.0, 20.0, 20.0, 20.0, 20.0, 20.0, 20.0, 20.0, 20.0, 20.0, 20.0, 20.0, 20.0, 20.0, 11.793581016982909, 10.900998758353383, 11.112544664500547, 20.0, 20.0, 20.0, 20.0, 20.0, 20.0, 20.0, 14.348498941424001, 13.615359761469701, 14.189494217545164, 20.0, 10.862114405397959, 10.610903408234394, 10.448773333738297, 10.36925185952671, 10.36925185952671, 10.448773333738297, 10.610903408234394, 10.862114405397959, 11.212914957901152, 11.678980957060176, 12.283006521852792, 13.057716030528924, 14.050862697360316, 15.33382590898643, 17.017146842340647, 19.280458180992397, 20.0, 20.0, 20.0, 20.0]",24.9370167052294,-0.029865244717299788,0.6384,-1.2255,-0.2694,0.0304,3.2657,-0.2048,0.0124,-9.7953,15.3,,50.0,,,,0.0904,0.7762,0.7815,263.36,14.94,1.22388,1.7721,185.4,5.216,1,69.69,68.034,1,3,10,0.7,9.771,0,1.3814,0,0
1790741930.3989708,47.3980137,8.5464839,9.539000511169434,-1.7625776529312134,-0.19141307473182678,-0.001400232082232833,188.12,-1.7571697800857946,-0.25308952887799824,0.0,-170.92900261765328,10.406522403466967,14.396181606673533,-0.578160919107187,-0.9509973823466851,1.922060459226374,1.7656027548553264,8.537519588989142,0.25854188946670953,0.011696978506839767,"[20.0, 20.0, 20.0, 20.0, 20.0, 20.0, 20.0, 20.0, 20.0, 20.0, 20.0, 20.0, 20.0, 20.0, 20.0, 20.0, 20.0, 20.0, 20.0, 20.0, 20.0, 20.0, 20.0, 20.0, 20.0, 20.0, 20.0, 20.0, 20.0, 20.0, 20.0, 20.0, 20.0, 20.0, 20.0, 20.0, 20.0, 20.0, 20.0, 10.612494070231204, 10.643700806906326, 20.0, 20.0, 20.0, 20.0, 20.0, 20.0, 20.0, 20.0, 13.548834379989, 13.64556325315334, 20.0, 10.943646649953289, 10.679695175547323, 10.506252207231817, 10.416360701633083, 10.406522403466967, 10.476358853457707, 10.628575340011558, 10.86922126649612, 11.208294748275698, 11.660808166209302, 12.248538190841881, 13.002870780228182, 13.969506474980605, 15.21651144515687, 16.848766330315225, 19.03555724923753, 20.0, 20.0, 20.0, 20.0]",24.9370167052294,-0.029865244717299788,0.586,-1.2735,-0.3639,-0.3009,3.0244,-0.1995,0.0061,-9.7999,15.3,,50.0,,,,0.1843,0.7614,0.7834,256.4,14.94,1.22388,1.7729,186.2,4.875,1,69.89,68.389,1,3,10,0.7,9.755,0,1.3813,0,0
1790741930.5999358,47.3980105,8.5464833,9.544000625610352,-1.7642914056777954,-0.21251626312732697,-0.0016178698278963566,188.63,-1.7576355342811127,-0.26888047358208905,0.0,-170.5251446359037,10.232397944593055,15.965250756804945,-0.5048592111749917,-0.8448553640963041,1.7615751418269598,1.7663627132570252,8.194150910670386,0.2732512542121713,0.007551610450285899,"[20.0, 20.0, 20.0, 20.0, 20.0, 20.0, 20.0, 20.0, 20.0, 20.0, 20.0, 20.0, 20.0, 20.0, 20.0, 20.0, 20.0, 20.0, 20.0, 20.0, 20.0, 20.0, 20.0, 20.0, 20.0, 20.0, 20.0, 20.0, 20.0, 20.0, 20.0, 20.0, 20.0, 20.0, 20.0, 20.0, 20.0, 20.0, 20.0, 10.345248361704288, 10.232397944593055, 11.188633245154893, 20.0, 20.0, 20.0, 20.0, 20.0, 20.0, 20.0, 13.635881492314521, 13.34948451565527, 20.0, 20.0, 10.747539188378369, 10.564475807039157, 10.465861778931714, 10.447850839270323, 10.509749914326688, 10.653953073432216, 10.886171409452968, 11.216000931993552, 11.657937384135066, 12.233048767675248, 12.971692985953814, 13.918000748347573, 15.137514625935596, 16.730823468800477, 18.859414849331834, 20.0, 20.0, 20.0, 20.0]",24.9370167052294,-0.029865244717299788,0.542,-1.3099,-0.0787,-0.0286,2.3629,-0.1986,-0.0074,-9.7903,15.3,,50.0,,,,0.0956,0.6976,0.7041,262.2,14.94,1.22388,1.777,186.87,4.534,1,70.1,68.747,1,3,10,0.7,9.719,0,1.425,0,0
1790741930.8005373,47.398007199999995,8.5464827,9.546000480651855,-1.771419882774353,-0.23116710782051086,-0.00044613314094021916,189.04,-1.75714903330057,-0.28154618210715016,0.0,-170.1716983032435,9.852482204840168,17.09498054489956,-0.4295373515538683,-0.7883016967565482,1.6050192400501153,1.771860513686253,7.84554570485872,0.2880334102183264,0.004038931261328703,"[20.0, 20.0, 20.0, 20.0, 20.0, 20.0, 20.0, 20.0, 20.0, 20.0, 20.0, 20.0, 20.0, 20.0, 20.0, 20.0, 20.0, 20.0, 20.0, 20.0, 20.0, 20.0, 20.0, 20.0, 20.0, 20.0, 20.0, 20.0, 20.0, 20.0, 20.0, 20.0, 20.0, 20.0, 20.0, 20.0, 20.0, 20.0, 20.0, 10.091401164862557, 9.852482204840168, 10.365912413075161, 20.0, 20.0, 20.0, 20.0, 20.0, 20.0, 20.0, 13.993009311933385, 13.191231238542917, 13.631952257750667, 20.0, 10.81332233691211, 10.622231522343899, 10.516423773205176, 10.491764265898723, 10.547303699377201, 10.685187774642554, 10.910862885392046, 11.233615591814884, 11.667548810068618, 12.233195924220924, 12.960143000165976, 13.891345720862455, 15.090462100717987, 16.65488388484284, 18.740308787329102, 20.0, 20.0, 20.0, 20.0]",24.9370167052294,-0.029865244717299788,0.5391,-1.2831,0.1129,0.3712,1.9897,-0.2108,0.0008,-9.8076,15.3,,50.0,,,,0.2179,0.8138,0.8425,255.01,14.94,1.22388,1.7864,187.43,4.19,1,70.3,69.112,1,3,10,0.7,9.747,0,1.3652,0,0
1790741931.0006495,47.3980039,8.546482,9.547000885009766,-1.7772104740142822,-0.24790072441101074,-0.00023959967074915767,189.39000000000001,-1.7572993937359693,-0.2924081373526006,0.0,-169.89441205894627,9.495781398228974,17.908385992327684,-0.35294233899829996,-0.7155879410537409,1.4491255170326836,1.7752132836034864,7.495429523942285,0.30265221509989493,0.005216026331810477,"[20.0, 20.0, 20.0, 20.0, 20.0, 20.0, 20.0, 20.0, 20.0, 20.0, 20.0, 20.0, 20.0, 20.0, 20.0, 20.0, 20.0, 20.0, 20.0, 20.0, 20.0, 20.0, 20.0, 20.0, 20.0, 20.0, 20.0, 20.0, 20.0, 20.0, 20.0, 20.0, 20.0, 20.0, 20.0, 20.0, 20.0, 20.0, 20.0, 9.858002179207501, 9.495781398228974, 9.801370150254943, 20.0, 20.0, 20.0, 20.0, 20.0, 20.0, 20.0, 20.0, 13.150124560344183, 13.206307304399962, 20.0, 20.0, 10.679865467932533, 10.567766722612761, 10.537359426963741, 10.587472489214516, 10.72004031610951, 10.940288013332145, 11.257247301288587, 11.684701172437006, 12.242750752671094, 12.960360721176853, 13.879543130311639, 15.062445121485608, 16.60389961481908, 18.654981314282317, 20.0, 20.0, 20.0, 20.0]",24.9370167052294,-0.029865244717299788,0.5406,-1.219,0.0458,0.4172,1.7177,-0.1982,0.0089,-9.7954,15.3,,50.0,,,,0.2853,0.7781,0.8288,249.87,14.94,1.22388,1.7944,187.94,3.846,1,70.5,69.479,1,3,10,0.7,9.738,0,1.38,0,0
1790741931.2010257,47.398000599999996,8.5464814,9.54800033569336,-1.7805211544036865,-0.264867901802063,-0.00022944447118788958,189.70000000000002,-1.7602040849368628,-0.3022501367594079,0.0,-169.75731816055725,9.160476556167412,18.494037914475932,-0.27276031477090634,-0.5426818394427073,1.238806737243245,1.7748487294408992,7.1470102459418765,0.3168799630137177,0.012451920233433434,"[20.0, 20.0, 20.0, 20.0, 20.0, 20.0, 20.0, 20.0, 20.0, 20.0, 20.0, 20.0, 20.0, 20.0, 20.0, 20.0, 20.0, 20.0, 20.0, 20.0, 20.0, 20.0, 20.0, 20.0, 20.0, 20.0, 20.0, 20.0, 20.0, 20.0, 20.0, 20.0, 20.0, 20.0, 20.0, 20.0, 20.0, 20.0, 20.0, 9.660600544768315, 9.160476556167412, 9.319436841686292, 20.0, 20.0, 20.0, 20.0, 20.0, 20.0, 20.0, 20.0, 13.248130741194258, 12.960698559020143, 14.0477526965567, 20.0, 10.740364838278534, 10.622534354417116, 10.586960003799328, 10.632271048084986, 10.76021534244146, 10.975826506314194, 11.2879195922617, 11.710009096341237, 12.26183627299325, 12.971850591186794, 13.881282948507021, 15.05103015144998, 16.57380755584572, 18.596865765640292, 20.0, 20.0, 20.0, 20.0]",24.9370167052294,-0.029865244717299788,0.5245,-1.163,-0.0922,0.2456,1.6217,-0.2086,0.0055,-9.7958,15.3,,50.0,,,,0.3285,0.8481,0.9095,248.83,14.94,1.22388,1.8001,188.46,3.509,1,70.7,69.848,1,3,10,0.7,9.74,0,1.3454,0,0
1790741931.4015923,47.3979974,8.546480599999999,9.546000480651855,-1.7792354822158813,-0.28186067938804626,0.000496051914524287,189.99,-1.7683230769367666,-0.311917488560477,0.0,-169.84005676242862,8.850239824355356,18.91570729842267,-0.18743392268973835,-0.16994323757134566,0.9881948317300732,1.767977863964628,6.80488973479439,0.3304100635599389,0.026981063394785343,"[20.0, 20.0, 20.0, 20.0, 20.0, 20.0, 20.0, 20.0, 20.0, 20.0, 20.0, 20.0, 20.0, 20.0, 20.0, 20.0, 20.0, 20.0, 20.0, 20.0, 20.0, 20.0, 20.0, 20.0, 20.0, 20.0, 20.0, 20.0, 20.0, 20.0, 20.0, 20.0, 20.0, 20.0, 20.0, 20.0, 20.0, 20.0, 20.0, 9.540585646210687, 8.850239824355356, 8.88977140129762, 20.0, 20.0, 20.0, 20.0, 20.0, 20.0, 20.0, 20.0, 13.601236555036182, 12.841815720631976, 13.244737437359658, 20.0, 10.806192239986638, 10.682838327834716, 10.642349405256311, 10.683164579274893, 10.806857378650294, 11.018286123556521, 11.326071170292218, 11.743489095721957, 12.28996500625519, 12.993497644534084, 13.894635365742815, 15.053182140365914, 16.560001027764606, 18.558995962497743, 20.0, 20.0, 20.0, 20.0]",24.9370167052294,-0.029865244717299788,0.4746,-1.1513,-0.3094,0.0033,1.4418,-0.1968,-0.0031,-9.7941,15.3,,50.0,,,,0.3022,0.7699,0.8271,248.57,14.94,1.22388,1.8014,189.0,3.184,1,70.9,70.213,1,3,10,0.7,9.72,0,1.3879,0,0
1790741931.602083,47.3979942,8.5464798,9.542000770568848,-1.7757374048233032,-0.30035048723220825,0.0011027025757357478,190.20000000000002,-1.762098935202552,-0.3160899994566026,0.0,-170.17862850635424,8.502837040733901,19.219309254864324,-0.09845127978692458,0.37862850635428913,0.675653135019176,1.7568945676610712,6.4694913344327745,0.3433459495078036,0.03997642822842662,"[20.0, 20.0, 20.0, 20.0, 20.0, 20.0, 20.0, 20.0, 20.0, 20.0, 20.0, 20.0, 20.0, 20.0, 20.0, 20.0, 20.0, 20.0, 20.0, 20.0, 20.0, 20.0, 20.0, 20.0, 20.0, 20.0, 20.0, 20.0, 20.0, 20.0, 20.0, 20.0, 20.0, 20.0, 20.0, 20.0, 20.0, 20.0, 20.0, 20.0, 8.561972752157413, 8.502837040733901, 9.060271727975678, 20.0, 20.0, 20.0, 20.0, 20.0, 20.0, 20.0, 20.0, 12.832945581878118, 12.893599846999356, 20.0, 20.0, 10.746134919319186, 10.701973311655998, 10.739573306759336, 10.860383936481679, 11.069144828012183, 11.374350996106841, 11.789131548920995, 12.332719711327773, 13.032842256357482, 13.92963376530034, 15.082228677875372, 16.58034029978005, 18.565767066431995, 20.0, 20.0, 20.0, 20.0]",24.9370167052294,-0.029865244717299788,0.3927,-1.2079,-0.4902,-0.2713,0.7917,-0.2105,0.0018,-9.8121,15.3,,50.0,,,,0.1774,0.7744,0.7945,257.1,14.94,1.22388,1.801,189.6,2.874,1,71.1,70.575,1,3,10,0.7,9.68,0,1.4037,0,0
1790741931.8031163,47.397991,8.546479,9.53600025177002,-1.7726426124572754,-0.31365522742271423,0.001270339242182672,190.29,-1.7392384377876535,-0.3125928775053008,0.0,-170.97261703999015,8.09442090602211,19.437902663502314,0.008411002435738668,1.2626170399901184,0.25581879565831733,1.7392616432406056,6.088758059051129,0.3577588339717999,0.06321682133806217,"[20.0, 20.0, 20.0, 20.0, 20.0, 20.0, 20.0, 20.0, 20.0, 20.0, 20.0, 20.0, 20.0, 20.0, 20.0, 20.0, 20.0, 20.0, 20.0, 20.0, 20.0, 20.0, 20.0, 20.0, 20.0, 20.0, 20.0, 20.0, 20.0, 20.0, 20.0, 20.0, 20.0, 20.0, 20.0, 20.0, 20.0, 20.0, 20.0, 20.0, 8.247695039653376, 8.09442090602211, 8.426292698978008, 20.0, 20.0, 20.0, 20.0, 20.0, 20.0, 20.0, 20.0, 12.955430128011521, 12.681175521077234, 13.67122155878393, 20.0, 10.821163453349595, 10.775212026274136, 10.811583960096304, 10.931680748299486, 11.140211723646516, 11.445655549035743, 11.861136186779635, 12.405889925942667, 13.107650218959567, 14.006553075529157, 15.161710019256539, 16.662743445698563, 18.651187495615876, 20.0, 20.0, 20.0, 20.0]",24.9370167052294,-0.029865244717299788,0.2938,-1.2158,-0.5123,0.0725,-0.0558,-0.2058,-0.0083,-9.8179,15.3,,50.0,,,,0.17,0.858,0.8747,258.79,14.94,1.22388,1.8002,190.03,2.538,1,71.3,70.99,1,3,10,0.7,9.691,0,1.3629,0,0
1790741932.0029683,47.3979879,8.5464781,9.529000282287598,-1.7676775455474854,-0.3228244185447693,0.0015715028857812285,190.16,-1.714611031388059,-0.3017258912755569,0.0,-172.08448783717512,7.765499859900823,19.595289917721665,0.10231640633377248,2.2444878371751145,-0.18966046692354221,1.7169541691166357,5.765493860457141,0.3700316813006271,0.06834701832870856,"[20.0, 20.0, 20.0, 20.0, 20.0, 20.0, 20.0, 20.0, 20.0, 20.0, 20.0, 20.0, 20.0, 20.0, 20.0, 20.0, 20.0, 20.0, 20.0, 20.0, 20.0, 20.0, 20.0, 20.0, 20.0, 20.0, 20.0, 20.0, 20.0, 20.0, 20.0, 20.0, 20.0, 20.0, 20.0, 20.0, 20.0, 20.0, 20.0, 20.0, 7.980139534669528, 7.765499859900823, 7.985567728973712, 20.0, 20.0, 20.0, 20.0, 20.0, 20.0, 20.0, 20.0, 13.184464726885322, 12.597882430628564, 13.081334859783711, 20.0, 20.0, 10.840154953010167, 10.878904703479188, 11.00196445885714, 11.214163135972749, 11.524138824820982, 11.945232769850229, 12.49698424391327, 13.207560257004014, 14.117736411286165, 15.287603000665438, 16.808348951824573, 18.824159807133857, 20.0, 20.0, 20.0, 20.0]",24.9370167052294,-0.029865244717299788,0.186,-1.0962,-0.5974,0.5819,-1.4845,-0.1988,-0.003,-9.8077,15.3,,50.0,,,,0.1276,0.8611,0.8705,261.57,14.94,1.22388,1.7969,190.35,2.272,1,71.5,71.346,1,3,10,0.7,9.666,0,1.3617,0,0
1790741932.20281,47.397984799999996,8.5464773,9.522000312805176,-1.7570797204971313,-0.32509803771972656,0.0011787960538640618,189.69,-1.6635253848083253,-0.2760542970239743,0.0,-173.65489524220453,7.448694127849446,19.708608740759598,0.19449972150009787,3.3448952422045295,-0.7924253832987126,1.682861905126394,5.447051069711343,0.38275021406190457,0.07082078094676003,"[20.0, 20.0, 20.0, 20.0, 20.0, 20.0, 20.0, 20.0, 20.0, 20.0, 20.0, 20.0, 20.0, 20.0, 20.0, 20.0, 20.0, 20.0, 20.0, 20.0, 20.0, 20.0, 20.0, 20.0, 20.0, 20.0, 20.0, 20.0, 20.0, 20.0, 20.0, 20.0, 20.0, 20.0, 20.0, 20.0, 20.0, 20.0, 20.0, 20.0, 7.692234278038947, 7.448694127849446, 7.607083780549297, 20.0, 20.0, 20.0, 20.0, 20.0, 20.0, 20.0, 20.0, 13.535179154511455, 12.564176241488408, 12.827764347573805, 20.0, 20.0, 10.903815603169043, 10.950650049160114, 11.08259766614779, 11.304849875063676, 11.6264941118707, 12.061460335068766, 12.630095590127414, 13.361722218669172, 14.29883723694677, 15.504210578155845, 17.073416327640295, 19.158260160237944, 20.0, 20.0, 20.0, 20.0]",24.9370167052294,-0.029865244717299788,0.0654,-0.9176,-0.622,0.5594,-3.3567,-0.1969,-0.0115,-9.8153,15.3,,50.0,,,,0.1517,0.7573,0.7723,258.68,14.94,1.22388,1.7869,190.48,2.036,1,71.7,71.7,1,3,10,0.7,9.681,0,1.4007,0,0
1790741932.4037762,47.397981699999995,8.546476499999999,9.517000198364258,-1.7391417026519775,-0.3185352683067322,0.00041669857455417514,188.82,-1.4226681489325557,-0.2113245501450223,0.0,-175.8075621716099,7.136457686198779,19.79019829334691,0.28232450445371216,4.627562171609895,-1.5590603052361176,1.633588035128367,5.133886801071384,0.3962896811510238,0.0415219765499841,"[20.0, 20.0, 20.0, 20.0, 20.0, 20.0, 20.0, 20.0, 20.0, 20.0, 20.0, 20.0, 20.0, 20.0, 20.0, 20.0, 20.0, 20.0, 20.0, 20.0, 20.0, 20.0, 20.0, 20.0, 20.0, 20.0, 20.0, 20.0, 20.0, 20.0, 20.0, 20.0, 20.0, 20.0, 20.0, 20.0, 20.0, 20.0, 20.0, 20.0, 7.37187958525923, 7.136457686198779, 7.271016187860108, 20.0, 20.0, 20.0, 20.0, 20.0, 20.0, 20.0, 20.0, 20.0, 12.540733641949611, 12.697506167681976, 20.0, 20.0, 10.965473533806088, 11.027231746369006, 11.175221455012016, 11.415296440370904, 11.757357937305661, 12.216398787423026, 12.814226822338156, 13.582264823370577, 14.566164911517442, 15.833659908829219, 17.488548579770967, 19.69714475924507, 20.0, 20.0, 20.0, 20.0]",24.9370167052294,-0.029865244717299788,-0.0767,-0.6267,-0.6243,1.1357,-5.5927,-0.2013,-0.016,-9.8115,15.3,,50.0,,,,0.0972,0.8015,0.8074,263.08,14.94,1.22388,1.7681,190.38,1.836,1,71.9,72.048,1,3,10,0.7,9.695,0,1.3644,0,0
1790741932.8070922,47.397975599999995,8.5464751,9.519000053405762,-1.6278706789016724,-0.27534499764442444,-0.002217705827206373,185.73,-0.6312123744482645,-0.06333718301600005,0.0,-169.44680740356443,6.527681756615088,19.848942771209778,0.42376068517083243,-85.88425441584263,-3.8703860304212077,0.3736941142410671,4.5270795720099475,0.42670775680254314,0.27066123308261103,"[20.0, 20.0, 20.0, 20.0, 20.0, 20.0, 20.0, 20.0, 20.0, 20.0, 20.0, 20.0, 20.0, 20.0, 20.0, 20.0, 20.0, 20.0, 20.0, 20.0, 20.0, 20.0, 20.0, 20.0, 20.0, 20.0, 20.0, 20.0, 20.0, 20.0, 20.0, 20.0, 20.0, 20.0, 20.0, 20.0, 20.0, 20.0, 20.0, 7.405784394341288, 6.659719395337291, 6.527681756615088, 6.703289856446027, 20.0, 20.0, 20.0, 20.0, 20.0, 20.0, 20.0, 20.0, 13.512098815343345, 12.44273027529859, 12.661674033269389, 20.0, 20.0, 11.100407230110726, 11.216075071257608, 11.422022681106759, 11.726590726310356, 12.142792054442907, 12.689754794037405, 13.395070002651867, 14.298630070646253, 15.459069395474266, 16.965019979723394, 18.95587918363771, 20.0, 20.0, 20.0, 20.0, 20.0]",-0.03625278320207315,-0.016498374966133156,-0.2843,1.1278,1.0373,-0.6844,-8.7828,-0.1893,-0.0147,-9.7993,15.3,,50.0,,,,0.0065,0.8258,0.8259,269.55,14.94,1.22388,1.651,189.6,23.472,1,72.3,72.729,1,3,10,0.7,9.732,0,1.2381,0,0
1790741933.0060089,47.3979727,8.5464745,9.527000427246094,-1.5083454847335815,-0.24887323379516602,-0.029681164771318436,184.45000000000002,-0.020246392773665477,-0.0015756491371480812,0.0,-170.74252586364742,6.24290223413356,19.89123879527104,0.10702878927950457,-86.968883293295,-4.919245641408057,0.3207128328727526,4.241575141376174,0.4401932122163075,0.0,"[20.0, 20.0, 20.0, 20.0, 20.0, 20.0, 20.0, 20.0, 20.0, 20.0, 20.0, 20.0, 20.0, 20.0, 20.0, 20.0, 20.0, 20.0, 20.0, 20.0, 20.0, 20.0, 20.0, 20.0, 20.0, 20.0, 20.0, 20.0, 20.0, 20.0, 20.0, 20.0, 20.0, 20.0, 20.0, 20.0, 20.0, 20.0, 20.0, 6.940143305848299, 6.35357450235639, 6.24290223413356, 6.414968117495418, 20.0, 20.0, 20.0, 20.0, 20.0, 20.0, 20.0, 20.0, 13.497334076444126, 12.412589157544623, 12.623944604352099, 20.0, 20.0, 11.167599442995543, 11.306376334757399, 11.537558397457616, 11.870620170268168, 12.320033007674024, 12.906908307672797, 13.661667025779426, 14.628426300804673, 15.872427399863994, 17.493180840250734, 19.64911860675041, 20.0, 20.0, 20.0, 20.0, 20.0]",-0.03625278320207315,-0.016498374966133156,-0.1462,4.8564,0.9764,19.6866,-1.2414,-0.1547,-0.0284,-9.8394,15.3,,50.0,,,,0.0603,0.7781,0.7805,265.57,14.94,1.22388,1.5287,189.37,23.422,1,72.5,73.051,1,3,10,0.7,9.738,0,1.1385,0,0
1790741933.2075384,47.397970199999996,8.546473899999999,9.539000511169434,-1.2330576181411743,-0.21325793862342834,-0.04418398067355156,185.13,-0.02406095938771604,-0.002160082647770368,0.0,-170.04355728149415,6.002365324182765,19.92169193259515,-0.1692855166591867,-86.02197817734327,-4.6822679710974615,0.25811451986029066,3.995201433038975,0.44494679749599675,0.0,"[20.0, 20.0, 20.0, 20.0, 20.0, 20.0, 20.0, 20.0, 20.0, 20.0, 20.0, 20.0, 20.0, 20.0, 20.0, 20.0, 20.0, 20.0, 20.0, 20.0, 20.0, 20.0, 20.0, 20.0, 20.0, 20.0, 20.0, 20.0, 20.0, 20.0, 20.0, 20.0, 20.0, 20.0, 20.0, 20.0, 20.0, 20.0, 20.0, 20.0, 6.2048441504164495, 6.002365324182765, 6.0675941652605445, 6.487697009088725, 20.0, 20.0, 20.0, 20.0, 20.0, 20.0, 20.0, 20.0, 12.540542087069102, 12.416609290876853, 20.0, 20.0, 13.08673366712806, 11.323377599781816, 11.542328574424308, 11.861970645303495, 12.296066494886944, 12.864769005170512, 13.597129017433828, 14.535204545698654, 15.740984579736754, 17.308559147607873, 19.386743430274443, 20.0, 20.0, 20.0, 20.0, 20.0]",-0.03625278320207315,-0.016498374966133156,-0.2097,9.3528,-1.4031,14.4399,7.8268,-0.1348,-0.0201,-9.8308,15.3,,50.0,,,,0.0569,0.8408,0.8427,266.13,14.94,1.22388,1.2514,189.81,23.381,1,72.7,73.332,1,3,10,0.7,9.763,0,0.83,0,0
1790741933.4089472,47.397968399999996,8.5464735,9.54800033569336,-0.8695666193962097,-0.16342248022556305,-0.010207059793174267,187.05,-0.03437821304914492,-0.004251570006663215,0.0,-168.13329620361327,5.823557281622763,19.943618191468506,-0.37057947411498904,-83.83474514602136,-3.593760973928434,0.18788734354037598,3.8185583226759716,0.4415990132913187,0.0,"[20.0, 20.0, 20.0, 20.0, 20.0, 20.0, 20.0, 20.0, 20.0, 20.0, 20.0, 20.0, 20.0, 20.0, 20.0, 20.0, 20.0, 20.0, 20.0, 20.0, 20.0, 20.0, 20.0, 20.0, 20.0, 20.0, 20.0, 20.0, 20.0, 20.0, 20.0, 20.0, 20.0, 20.0, 20.0, 20.0, 20.0, 20.0, 20.0, 20.0, 6.301906102121361, 5.893610203192052, 5.823557281622763, 6.004063322874979, 6.925659785006773, 20.0, 20.0, 20.0, 20.0, 20.0, 20.0, 20.0, 13.19675564931162, 12.368070050876453, 12.658818622573065, 20.0, 20.0, 11.297590142265088, 11.481018846861739, 11.76149154951797, 12.150801476924883, 12.666465857984647, 13.333814151731987, 14.189389359381488, 15.286607478356931, 16.70552948121303, 18.57061028457213, 20.0, 20.0, 20.0, 20.0, 20.0]",-0.03625278320207315,-0.016498374966133156,-0.1319,9.6066,-1.2122,-7.7839,10.9815,-0.1153,-0.012,-9.8144,15.3,,50.0,,,,0.0253,0.803,0.8034,268.19,14.94,1.22388,0.8848,190.64,23.349,1,72.9,73.538,1,3,10,0.7,9.752,0,0.4831,0,0
1790741933.6097748,47.3979672,8.5464731,9.54800033569336,-0.5485110282897949,-0.1133243665099144,0.009190365672111511,189.25,-0.04524855478565197,-0.007369195097910338,0.0,-165.92720222473145,5.727324596623409,19.959405097857324,-0.49233525535053335,-81.4219835051872,-2.423273691627642,0.12600869537304327,3.7141222145121784,0.433738698984724,0.0,"[20.0, 20.0, 20.0, 20.0, 20.0, 20.0, 20.0, 20.0, 20.0, 20.0, 20.0, 20.0, 20.0, 20.0, 20.0, 20.0, 20.0, 20.0, 20.0, 20.0, 20.0, 20.0, 20.0, 20.0, 20.0, 20.0, 20.0, 20.0, 20.0, 20.0, 20.0, 20.0, 20.0, 20.0, 20.0, 20.0, 20.0, 20.0, 20.0, 20.0, 20.0, 5.941312738252279, 5.727324596623409, 5.7634316566508454, 6.090252141162617, 20.0, 20.0, 20.0, 20.0, 20.0, 20.0, 20.0, 20.0, 12.598055873453903, 12.384259276618474, 13.442952657131052, 20.0, 14.341877235128766, 11.414259190496471, 11.651392248397192, 11.99178831605602, 12.450278008625046, 13.048475472569079, 13.817524625781752, 14.80261589778069, 16.07064602744729, 17.723801231329904, 19.925098252730834, 20.0, 20.0, 20.0, 20.0]",-0.03625278320207315,-0.016498374966133156,-0.0129,7.3574,-0.7001,-12.7821,10.9778,-0.0686,-0.0111,-9.8545,15.3,,50.0,,,,0.1126,0.8913,0.8984,262.8,14.94,1.22388,0.5601,191.67,23.326,1,73.11,73.663,1,3,10,0.7,9.733,0,0.1109,0,0
1790741933.809706,47.3979666,8.5464729,9.546000480651855,-0.31681960821151733,-0.07263655215501785,0.011993737891316414,191.41,-0.05544006121844908,-0.011188747092431778,0.0,-163.7671278381348,5.661714206394327,19.970771670457275,-0.5578893151332773,-79.10866847846239,-1.5029169560223314,0.0791053686264524,3.6588968535777244,0.42398607746454453,0.0,"[20.0, 20.0, 20.0, 20.0, 20.0, 20.0, 20.0, 20.0, 20.0, 20.0, 20.0, 20.0, 20.0, 20.0, 20.0, 20.0, 20.0, 20.0, 20.0, 20.0, 20.0, 20.0, 20.0, 20.0, 20.0, 20.0, 20.0, 20.0, 20.0, 20.0, 20.0, 20.0, 20.0, 20.0, 20.0, 20.0, 20.0, 20.0, 20.0, 20.0, 20.0, 6.145327964377162, 5.7394202098777045, 5.661714206394327, 5.81954184789924, 6.495012450050884, 20.0, 20.0, 20.0, 20.0, 20.0, 20.0, 20.0, 13.284817268959017, 12.377940662039121, 12.6376724389889, 20.0, 20.0, 11.356836400854279, 11.55289844140717, 11.847600319479234, 12.253427928455913, 12.788827004575541, 13.480432846580516, 14.366708104243084, 15.504019658541345, 16.97719156500632, 18.918816689687656, 20.0, 20.0, 20.0, 20.0]",-0.03625278320207315,-0.016498374966133156,0.1129,4.9212,-0.3495,-11.0237,10.6089,-0.0435,-0.0012,-9.8529,15.3,,50.0,,,,0.158,0.8756,0.8898,259.77,14.94,1.22388,0.325,192.91,23.312,1,73.31,73.731,1,3,10,0.7,9.737,0,0.0,0,0
1790741934.0108814,47.3979663,8.5464728,9.543000221252441,-0.168409064412117,-0.043640051037073135,0.009824124164879322,193.48000000000002,-0.06493665289526789,-0.015565939399943418,0.0,-161.69344856262205,5.6397528139925726,19.978955602729236,-0.5908260408544332,-76.92896101411833,-0.6074414512880452,0.046848968168698976,3.630905666889835,0.4135879175004325,0.0,"[20.0, 20.0, 20.0, 20.0, 20.0, 20.0, 20.0, 20.0, 20.0, 20.0, 20.0, 20.0, 20.0, 20.0, 20.0, 20.0, 20.0, 20.0, 20.0, 20.0, 20.0, 20.0, 20.0, 20.0, 20.0, 20.0, 20.0, 20.0, 20.0, 20.0, 20.0, 20.0, 20.0, 20.0, 20.0, 20.0, 20.0, 20.0, 20.0, 20.0, 20.0, 20.0, 5.830421905606982, 5.6397528139925726, 5.688058921448419, 6.028712635970396, 20.0, 20.0, 20.0, 20.0, 20.0, 20.0, 20.0, 20.0, 12.553809420244367, 12.406347548857047, 20.0, 20.0, 13.530953266624607, 11.467294204371571, 11.720084984878739, 12.078267268792166, 12.557616747480703, 13.181047951753618, 13.98158108337364, 15.007239655184637, 16.32940624860264, 18.05775999075432, 20.0, 20.0, 20.0, 20.0]",-0.03625278320207315,-0.016498374966133156,0.1965,3.0397,-0.1857,-7.7964,10.4212,-0.0253,-0.0002,-9.8281,15.3,,50.0,,,,0.1304,0.8045,0.815,260.79,14.94,1.22388,0.174,194.53,23.306,1,73.51,73.765,1,3,10,0.7,9.758,0,0.0,0,0
1790741934.2122653,47.3979662,8.5464728,9.542000770568848,-0.080815389752388,-0.02707337774336338,0.007526655215770006,195.5,-0.0674541317246036,-0.018706686325477978,0.0,-159.69070625305176,5.626486450268061,19.98484803396505,-0.6072358598829872,-74.81788126256868,-0.857798442382899,0.028557506815654395,3.6170430761364587,0.40266448970514535,0.0,"[20.0, 20.0, 20.0, 20.0, 20.0, 20.0, 20.0, 20.0, 20.0, 20.0, 20.0, 20.0, 20.0, 20.0, 20.0, 20.0, 20.0, 20.0, 20.0, 20.0, 20.0, 20.0, 20.0, 20.0, 20.0, 20.0, 20.0, 20.0, 20.0, 20.0, 20.0, 20.0, 20.0, 20.0, 20.0, 20.0, 20.0, 20.0, 20.0, 20.0, 20.0, 20.0, 6.006653313514969, 5.672299035808516, 5.626486450268061, 5.819095929324722, 20.0, 20.0, 20.0, 20.0, 20.0, 20.0, 20.0, 20.0, 12.9864735254648, 12.36187727955291, 12.771759100250534, 20.0, 19.794028918842216, 11.39616930763981, 11.609673186225972, 11.923809642394096, 12.352039653268504, 12.914119771075534, 13.638539650826235, 14.566510635856632, 15.758668941792658, 17.306815733305946, 19.355640590885177, 20.0, 20.0, 20.0]",-0.03625278320207315,-0.016498374966133156,0.2313,1.7665,-0.1728,-4.9453,10.3837,-0.0069,-0.0026,-9.8242,15.3,,50.0,,,,0.0877,0.8133,0.8181,263.84,14.94,1.22388,0.0852,198.52,23.303,1,73.71,73.782,1,3,10,0.7,9.727,0,0.0,0,0
1790741934.4128246,47.3979661,8.546472699999999,9.540000915527344,-0.03384675830602646,-0.021011503413319588,0.006264467258006334,197.51,-0.06675651172118191,-0.02106105749528501,0.0,-157.6524336242676,5.610250857703274,19.989090584454836,-0.618150478636805,-72.71657396372575,-1.8813702587967363,0.021616208846039858,3.608666170754672,0.3910700130580775,0.0,"[20.0, 20.0, 20.0, 20.0, 20.0, 20.0, 20.0, 20.0, 20.0, 20.0, 20.0, 20.0, 20.0, 20.0, 20.0, 20.0, 20.0, 20.0, 20.0, 20.0, 20.0, 20.0, 20.0, 20.0, 20.0, 20.0, 20.0, 20.0, 20.0, 20.0, 20.0, 20.0, 20.0, 20.0, 20.0, 20.0, 20.0, 20.0, 20.0, 20.0, 20.0, 20.0, 6.359373099726029, 5.755171490727569, 5.610250857703274, 5.69577476199637, 6.113893824879035, 20.0, 20.0, 20.0, 20.0, 20.0, 20.0, 20.0, 20.0, 12.46578126679662, 12.472908937322458, 20.0, 20.0, 11.999354109412964, 11.51720929652252, 11.789684302075228, 12.170231362124536, 12.67585304460404, 13.33116482009, 14.171661259863464, 15.249136102413278, 16.64100373910068, 18.467141493372196, 20.0, 20.0, 20.0]",-0.03625278320207315,-0.016498374966133156,0.2275,1.0061,-0.2887,-2.6545,10.3624,-0.0103,-0.002,-9.8108,15.3,,50.0,,,,0.0146,0.8236,0.8238,268.98,14.94,1.22388,0.0398,211.83,23.298,1,73.91,73.794,1,3,10,0.7,9.759,0,0.0,0,0
1790741934.6144164,47.397965899999996,8.5464726,9.53700065612793,-0.013904344290494919,-0.02150900848209858,0.00536839896813035,199.69,-0.06597674391632477,-0.023389511799088505,0.0,-155.6548790740967,5.621319481296073,19.992145220807483,-0.6319252400966417,-70.60521254168077,-2.981810920534858,0.02174754689889714,3.5987520890553215,0.3787948203913998,0.0,"[20.0, 20.0, 20.0, 20.0, 20.0, 20.0, 20.0, 20.0, 20.0, 20.0, 20.0, 20.0, 20.0, 20.0, 20.0, 20.0, 20.0, 20.0, 20.0, 20.0, 20.0, 20.0, 20.0, 20.0, 20.0, 20.0, 20.0, 20.0, 20.0, 20.0, 20.0, 20.0, 20.0, 20.0, 20.0, 20.0, 20.0, 20.0, 20.0, 20.0, 20.0, 20.0, 20.0, 5.9009274578382165, 5.631083485073377, 5.621319481296073, 5.861388188031149, 20.0, 20.0, 20.0, 20.0, 20.0, 20.0, 20.0, 20.0, 12.766275057448036, 12.370805831868749, 13.017370283923455, 20.0, 16.526805623943186, 11.443359055220897, 11.676029608142578, 12.011671366340577, 12.46485390902694, 13.05683952884475, 13.81826733604811, 14.793562509319292, 16.04839865616905, 17.682894461703093, 19.856339840660947, 20.0, 20.0]",-0.03625278320207315,-0.016498374966133156,0.1833,0.6038,-0.3019,-1.1499,10.3748,-0.0045,-0.0099,-9.8198,15.3,,50.0,,,,0.061,1.0342,1.036,266.62,14.94,1.22388,0.0256,237.12,23.291,1,74.11,73.811,1,3,10,0.7,9.762,0,0.0,0,0
1790741934.8152237,47.397965799999994,8.5464725,9.534000396728516,-0.007693028077483177,-0.022814380005002022,0.004568820353597403,201.72,-0.06503024142750971,-0.02590497442345387,0.0,-153.4579975891113,5.585578675043351,19.99434455898139,-0.649449561566204,-68.29137164190581,-3.4997877654505682,0.022939360149645,3.585571410476457,0.36478368815841816,0.0,"[20.0, 20.0, 20.0, 20.0, 20.0, 20.0, 20.0, 20.0, 20.0, 20.0, 20.0, 20.0, 20.0, 20.0, 20.0, 20.0, 20.0, 20.0, 20.0, 20.0, 20.0, 20.0, 20.0, 20.0, 20.0, 20.0, 20.0, 20.0, 20.0, 20.0, 20.0, 20.0, 20.0, 20.0, 20.0, 20.0, 20.0, 20.0, 20.0, 20.0, 20.0, 20.0, 20.0, 6.197317629092707, 5.7011897962311915, 5.585578675043351, 5.697195045861129, 6.181415191063591, 20.0, 20.0, 20.0, 20.0, 20.0, 20.0, 20.0, 20.0, 12.427526219902127, 12.552447254856625, 20.0, 20.0, 11.379349641801946, 11.570128104339297, 11.859207262524391, 12.25878938269697, 12.786946995863975, 13.469792726237504, 14.345016370948134, 15.46778207436653, 16.92094057739927, 18.833649107877633, 20.0, 20.0]",-0.03625278320207315,-0.016498374966133156,0.154,0.4574,-0.1129,-0.2917,10.2548,-0.0043,-0.006,-9.8116,15.3,,50.0,,,,0.0976,1.0521,1.0566,264.7,14.94,1.22388,0.0241,251.37,23.283,1,74.31,73.83,1,3,10,0.7,9.758,0,0.0,0,0
1790741935.0159817,47.3979656,8.546472399999999,9.532000541687012,-0.005838087759912014,-0.022008106112480164,0.00424937205389142,203.76,-0.06406688208346423,-0.028203450499956376,0.0,-151.41418670654298,5.590940880321195,19.9959280824666,-0.6685702587950345,-66.1449775480774,-3.3937648092368864,0.022097934792914473,3.5702682425877867,0.35132913157837675,0.0,"[20.0, 20.0, 20.0, 20.0, 20.0, 20.0, 20.0, 20.0, 20.0, 20.0, 20.0, 20.0, 20.0, 20.0, 20.0, 20.0, 20.0, 20.0, 20.0, 20.0, 20.0, 20.0, 20.0, 20.0, 20.0, 20.0, 20.0, 20.0, 20.0, 20.0, 20.0, 20.0, 20.0, 20.0, 20.0, 20.0, 20.0, 20.0, 20.0, 20.0, 20.0, 20.0, 20.0, 20.0, 5.822980905737061, 5.590940880321195, 5.604410910029218, 5.877377769923593, 20.0, 20.0, 20.0, 20.0, 20.0, 20.0, 20.0, 20.0, 12.661997708843264, 12.39406050486447, 13.285530657505339, 20.0, 14.863799686708616, 11.487414884301822, 11.735333715649503, 12.088217571664478, 12.561546777225718, 13.177832472617348, 13.969511130885364, 14.983716171691041, 16.290400656480212, 17.996814987783573, 20.0, 20.0]",-0.03625278320207315,-0.016498374966133156,0.1652,0.3967,0.178,-0.1325,10.2878,-0.0044,-0.0015,-9.8106,15.3,,50.0,,,,0.0983,1.0262,1.0309,264.53,14.94,1.22388,0.0228,255.14,23.277,1,74.51,73.851,1,3,10,0.7,9.706,0,0.0,0,0
1790741935.2169845,47.3979654,8.546472399999999,9.528000831604004,-0.0028303866274654865,-0.020506806671619415,0.004148423206061125,205.83,-0.06300635330696866,-0.03049917118476236,0.0,-149.34551422119137,5.558427272387158,19.997068219375954,-0.6848857635341415,-63.972771909263116,-3.286083033752252,0.020547416404875313,3.556605553262557,0.33728017856596515,0.0,"[20.0, 20.0, 20.0, 20.0, 20.0, 20.0, 20.0, 20.0, 20.0, 20.0, 20.0, 20.0, 20.0, 20.0, 20.0, 20.0, 20.0, 20.0, 20.0, 20.0, 20.0, 20.0, 20.0, 20.0, 20.0, 20.0, 20.0, 20.0, 20.0, 20.0, 20.0, 20.0, 20.0, 20.0, 20.0, 20.0, 20.0, 20.0, 20.0, 20.0, 20.0, 20.0, 20.0, 20.0, 6.043079936135893, 5.640207217202225, 5.558427272387158, 5.7032558926428205, 6.29794271406204, 20.0, 20.0, 20.0, 20.0, 20.0, 20.0, 20.0, 13.290705124867777, 12.395141594900268, 12.661636645263695, 20.0, 20.0, 11.416658638964508, 11.624441156159318, 11.932423511686078, 12.35374787699104, 12.907745836062382, 13.6223056369497, 14.537741335656053, 15.713280684057011, 17.238392530615787, 19.253661397411715, 20.0]",-0.03625278320207315,-0.016498374966133156,0.2034,0.3493,0.126,-0.2245,10.3167,0.0051,-0.008,-9.813,15.3,,50.0,,,,0.145,0.9809,0.9915,261.59,14.94,1.22388,0.0207,262.14,23.274,1,74.71,73.868,1,3,10,0.7,9.709,0,0.0,0,0
1790741935.417679,47.397965299999996,8.5464723,9.521000862121582,0.0004606127622537315,-0.021188413724303246,0.004294387996196747,207.91,-0.06185787632285218,-0.03276588373333951,0.0,-147.27016052246097,5.555147685893298,19.997889117950688,-0.6982676506243224,-61.79064232406412,-3.6123776029209886,0.021179410446252846,3.5456453312683323,0.32262962727512634,0.0,"[20.0, 20.0, 20.0, 20.0, 20.0, 20.0, 20.0, 20.0, 20.0, 20.0, 20.0, 20.0, 20.0, 20.0, 20.0, 20.0, 20.0, 20.0, 20.0, 20.0, 20.0, 20.0, 20.0, 20.0, 20.0, 20.0, 20.0, 20.0, 20.0, 20.0, 20.0, 20.0, 20.0, 20.0, 20.0, 20.0, 20.0, 20.0, 20.0, 20.0, 20.0, 20.0, 20.0, 20.0, 6.665441910376189, 5.744109099833756, 5.555147685893298, 5.598929477335372, 5.921782033317343, 20.0, 20.0, 20.0, 20.0, 20.0, 20.0, 20.0, 20.0, 12.56032930551286, 12.431283341044782, 20.0, 20.0, 13.332772234894852, 11.530159027359316, 11.795244938721405, 12.167588465773918, 12.663726165502124, 13.307628486227525, 14.133848031349412, 15.19273229892906, 16.559358470789707, 18.349605229420764, 20.0]",-0.03625278320207315,-0.016498374966133156,0.2281,0.2951,0.06,-0.2051,10.5447,-0.0026,-0.0141,-9.8173,15.3,,50.0,,,,-0.0081,0.9933,0.9934,270.47,14.94,1.22388,0.0212,271.25,23.27,1,74.91,73.882,1,3,10,0.7,9.759,0,0.0,0,0
1790741935.6188216,47.397965199999994,8.5464722,9.518000602722168,0.005131877027451992,-0.026281772181391716,0.0033856171648949385,209.97,-0.060640095911317124,-0.03496825371485199,0.0,-145.22343566894529,5.5481732474119925,19.998480164924494,-0.7071680658858226,-59.62317658424436,-4.826448712658174,0.02620598369826613,3.5404662654880292,0.30731609446261227,0.0,"[20.0, 20.0, 20.0, 20.0, 20.0, 20.0, 20.0, 20.0, 20.0, 20.0, 20.0, 20.0, 20.0, 20.0, 20.0, 20.0, 20.0, 20.0, 20.0, 20.0, 20.0, 20.0, 20.0, 20.0, 20.0, 20.0, 20.0, 20.0, 20.0, 20.0, 20.0, 20.0, 20.0, 20.0, 20.0, 20.0, 20.0, 20.0, 20.0, 20.0, 20.0, 20.0, 20.0, 20.0, 20.0, 5.932772044622504, 5.598364414649915, 5.5481732474119925, 5.728656970816202, 6.533463827921857, 20.0, 20.0, 20.0, 20.0, 20.0, 20.0, 20.0, 12.986027363977364, 12.385532984920633, 12.818106687496769, 20.0, 18.87499311260985, 11.457791514462029, 11.682329017254604, 12.00906605075772, 12.452100426727284, 13.032056434049535, 13.778660861849742, 14.734966742883744, 15.964478271121708, 17.563694100137027, 19.685472891113996]",-0.03625278320207315,-0.016498374966133156,0.2159,0.241,-0.2176,-0.1842,10.3893,-0.0056,-0.0101,-9.8122,15.3,,50.0,,,,0.0913,1.0008,1.0049,264.79,14.94,1.22388,0.0268,281.05,23.262,1,75.11,73.894,1,3,10,0.7,9.758,0,0.0,0,0
1790741936.0205147,47.3979651,8.546471799999999,9.516000747680664,0.009262938052415848,-0.040440477430820465,0.0015707571292296052,213.98000000000002,-0.05804629020327254,-0.03912324364923575,0.0,-141.2031130981445,5.5562315620802245,19.999212117496857,0.32970863580703735,-57.4867364861135,-7.352750921363743,0.04031047189640255,3.5380036873319787,0.27536635698885115,0.0,"[20.0, 20.0, 20.0, 20.0, 20.0, 20.0, 20.0, 20.0, 20.0, 20.0, 20.0, 20.0, 20.0, 20.0, 20.0, 20.0, 20.0, 20.0, 20.0, 20.0, 20.0, 20.0, 20.0, 20.0, 20.0, 20.0, 20.0, 20.0, 20.0, 20.0, 20.0, 20.0, 20.0, 20.0, 20.0, 20.0, 20.0, 20.0, 20.0, 20.0, 20.0, 20.0, 20.0, 20.0, 20.0, 20.0, 5.8529606540872, 5.57483573670527, 5.5562315620802245, 5.778040173046273, 20.0, 20.0, 20.0, 20.0, 20.0, 20.0, 20.0, 20.0, 12.785170363684864, 12.415559637034793, 13.11190181813634, 20.0, 15.926404202610088, 11.523927122984187, 11.768454865670885, 12.117808083924873, 12.587264823149743, 13.199063381707344, 13.98524639930406, 14.992344385696883, 16.289334812196202, 17.98179551894307]",-0.03410177991175445,-0.005995621325368461,0.0453,0.1976,-0.8371,0.0859,8.8746,0.004,-0.0065,-9.8089,15.3,,50.0,,,,0.2303,0.9358,0.9637,256.18,14.94,1.22388,0.0415,282.9,23.232,1,75.52,73.927,1,3,10,0.7,9.772,0,0.0,0,0
1790741936.220765,47.397965,8.5464716,9.519000053405762,0.007147285621613264,-0.04162600636482239,-6.620704516535625e-05,215.58,-0.056931273752890935,-0.04072873762926357,0.0,-139.59380332946773,5.537192835644923,19.999432724597735,0.32191067934036255,-55.789966017413576,-7.221495261077817,0.04152714944330121,3.5367169361814588,0.26196960786067885,0.0,"[19.46546933130254, 20.0, 20.0, 20.0, 20.0, 20.0, 20.0, 20.0, 20.0, 20.0, 20.0, 20.0, 20.0, 20.0, 20.0, 20.0, 20.0, 20.0, 20.0, 20.0, 20.0, 20.0, 20.0, 20.0, 20.0, 20.0, 20.0, 20.0, 20.0, 20.0, 20.0, 20.0, 20.0, 20.0, 20.0, 20.0, 20.0, 20.0, 20.0, 20.0, 20.0, 20.0, 20.0, 20.0, 20.0, 20.0, 6.067958747774769, 5.633113674275702, 5.537192835644923, 5.665153649667628, 6.193630546623257, 20.0, 20.0, 20.0, 20.0, 20.0, 20.0, 20.0, 13.33388241260229, 12.440861937895942, 12.71491856354513, 20.0, 20.0, 11.480586000908014, 11.694181396408638, 12.00900373167424, 12.438529594216197, 13.002548817090204, 13.729601648404778, 14.660965608695637, 15.857352091251125, 17.41062592606158]",-0.03410177991175445,-0.005995621325368461,0.0172,0.1987,0.6375,0.0393,8.0884,0.007,-0.0026,-9.7882,15.3,,50.0,,,,0.2503,1.0092,1.0398,256.07,14.94,1.22388,0.0422,279.74,23.218,1,75.72,73.943,1,3,10,0.7,9.781,0,0.0,0,0
1790741936.4208763,47.397965,8.546471499999999,9.523000717163086,0.006320752203464508,-0.04107088968157768,0.0007112391758710146,217.36,-0.05563869186644758,-0.04247747600070536,0.0,-137.8371263885498,5.544735024681735,19.999591561710368,0.3150317668914795,-53.91224872676594,-6.933182372547412,0.04098500135043783,3.534648257624556,0.24718343060836798,0.0,"[18.681066889471282, 20.0, 20.0, 20.0, 20.0, 20.0, 20.0, 20.0, 20.0, 20.0, 20.0, 20.0, 20.0, 20.0, 20.0, 20.0, 20.0, 20.0, 20.0, 20.0, 20.0, 20.0, 20.0, 20.0, 20.0, 20.0, 20.0, 20.0, 20.0, 20.0, 20.0, 20.0, 20.0, 20.0, 20.0, 20.0, 20.0, 20.0, 20.0, 20.0, 20.0, 20.0, 20.0, 20.0, 20.0, 20.0, 6.698640687655541, 5.73562265044307, 5.544735024681735, 5.586255801731221, 5.9037729951123215, 20.0, 20.0, 20.0, 20.0, 20.0, 20.0, 20.0, 20.0, 12.575800398760526, 12.510029226130934, 20.0, 20.0, 12.67385525939677, 11.617627422078284, 11.89539457834467, 12.28253664398718, 12.796390363260986, 13.46204440116783, 14.315681244419421, 15.410127669817971, 16.824412767214845]",-0.03410177991175445,-0.005995621325368461,0.1379,0.1891,0.3874,-0.0274,9.4218,0.0078,-0.0093,-9.8021,15.3,,50.0,,,,0.3131,1.0392,1.0853,253.23,14.94,1.22388,0.0416,278.75,23.208,1,75.92,73.955,1,3,10,0.7,9.79,0,0.0,0,0
1790741936.622551,47.3979649,8.5464714,9.527000427246094,0.0077004036866128445,-0.04187837988138199,0.000948976376093924,219.35,-0.05413010302404909,-0.04438391540418477,0.0,-135.82407798767088,5.541805138069915,19.999705924431463,0.3102726340293884,-51.81910481991929,-7.081103239727858,0.04177602446935186,3.5336842663444488,0.23058268975110435,0.0,"[17.891629081699993, 20.0, 20.0, 20.0, 20.0, 20.0, 20.0, 20.0, 20.0, 20.0, 20.0, 20.0, 20.0, 20.0, 20.0, 20.0, 20.0, 20.0, 20.0, 20.0, 20.0, 20.0, 20.0, 20.0, 20.0, 20.0, 20.0, 20.0, 20.0, 20.0, 20.0, 20.0, 20.0, 20.0, 20.0, 20.0, 20.0, 20.0, 20.0, 20.0, 20.0, 20.0, 20.0, 20.0, 20.0, 20.0, 20.0, 5.920576178978175, 5.590244879370215, 5.541805138069915, 5.723883612313926, 6.542585215213331, 20.0, 20.0, 20.0, 20.0, 20.0, 20.0, 20.0, 12.923524438296003, 12.439135211033655, 12.990415049669075, 20.0, 17.16306740246513, 11.543130398134458, 11.781046153778858, 12.123182106002721, 12.584424203726389, 13.186477816413746, 13.960618938989864, 14.952217059591558, 16.22839955386773]",-0.03410177991175445,-0.005995621325368461,0.1477,0.165,-0.2475,-0.1814,10.2774,0.0028,-0.004,-9.7984,15.3,,50.0,,,,0.4132,0.9832,1.0664,247.21,14.94,1.22388,0.0426,280.42,23.2,1,76.12,73.965,1,3,10,0.7,9.824,0,0.0,0,0
1790741936.8226445,47.3979649,8.5464713,9.534000396728516,0.009539654478430748,-0.04011814296245575,5.952617357252166e-05,221.39000000000001,-0.05251585352295467,-0.04628266553209277,0.0,-133.794720993042,5.534704129044412,19.999788265590652,0.3068084120750427,-48.49577256073604,-6.919037097057279,0.039993724376008635,14.0,0.0,0.0,"[17.165334504276274, 19.129959885251658, 20.0, 20.0, 20.0, 20.0, 20.0, 20.0, 20.0, 20.0, 20.0, 20.0, 20.0, 20.0, 20.0, 20.0, 20.0, 20.0, 20.0, 20.0, 20.0, 20.0, 20.0, 20.0, 20.0, 20.0, 20.0, 20.0, 20.0, 20.0, 20.0, 20.0, 20.0, 20.0, 20.0, 20.0, 20.0, 20.0, 20.0, 20.0, 20.0, 20.0, 20.0, 20.0, 20.0, 20.0, 20.0, 6.276303082064564, 5.680735754349865, 5.534704129044412, 5.613657924479438, 6.007170315353366, 20.0, 20.0, 20.0, 20.0, 20.0, 20.0, 20.0, 20.0, 12.507219885147576, 12.610907429966733, 20.0, 20.0, 11.478754433207827, 11.677290899389359, 11.975561388835047, 12.386206050082844, 12.927895552670044, 13.627588992401408, 14.52421787650126, 15.674840958462157]",-0.03410177991175445,-0.005995621325368461,0.1052,0.1243,-0.1149,-0.2397,10.2599,0.0098,-0.0042,-9.8053,15.3,,50.0,,,,0.4167,0.9419,1.03,246.14,14.94,1.22388,0.0412,283.38,23.195,1,76.32,73.971,1,3,10,0.7,9.827,0,0.0,0,0
1790741937.0234647,47.3979649,8.5464713,9.541000366210938,0.009825463406741619,-0.038825806230306625,0.00013727397890761495,223.42000000000002,-0.05084343515468903,-0.04811387639414362,0.0,-131.7792607116699,5.553838508985438,19.99984755122527,0.305004358291626,-46.46631609802429,-6.6457534570503425,0.03869860883403712,14.0,0.0,0.0,"[16.5182223165009, 18.27045982864523, 20.0, 20.0, 20.0, 20.0, 20.0, 20.0, 20.0, 20.0, 20.0, 20.0, 20.0, 20.0, 20.0, 20.0, 20.0, 20.0, 20.0, 20.0, 20.0, 20.0, 20.0, 20.0, 20.0, 20.0, 20.0, 20.0, 20.0, 20.0, 20.0, 20.0, 20.0, 20.0, 20.0, 20.0, 20.0, 20.0, 20.0, 20.0, 20.0, 20.0, 20.0, 20.0, 20.0, 20.0, 20.0, 20.0, 5.832120389217508, 5.565585788416133, 5.553838508985438, 5.784882067964437, 20.0, 20.0, 20.0, 20.0, 20.0, 20.0, 20.0, 20.0, 12.744307363846142, 12.464936019175198, 13.353373421939201, 20.0, 14.79177815075885, 11.589553927753597, 11.8461910405394, 12.2094771203288, 12.695426488848966, 13.327294880546924, 14.138594945208924, 15.178075754129184]",-0.03410177991175445,-0.005995621325368461,0.1111,0.0804,0.0989,-0.0664,10.2309,0.0058,-0.0069,-9.7977,15.3,,50.0,,,,0.3539,0.7668,0.8445,245.22,14.94,1.22388,0.04,284.2,23.191,1,76.52,73.976,1,3,10,0.7,9.826,0,0.0,0,0
1790741937.223522,47.3979649,8.5464712,9.547000885009766,0.011070207692682743,-0.04040563106536865,0.0005229367525316775,225.45000000000002,-0.07015314257708555,-0.07126385189252056,0.0,-129.74825363159175,5.5352130574005844,19.999890236882194,0.3049607276916504,-44.436156795833114,-6.886990607077026,0.04026257136860462,14.0,0.0,0.0,"[15.940073571781149, 17.508919053809027, 19.585623323023913, 20.0, 20.0, 20.0, 20.0, 20.0, 20.0, 20.0, 20.0, 20.0, 20.0, 20.0, 20.0, 20.0, 20.0, 20.0, 20.0, 20.0, 20.0, 20.0, 20.0, 20.0, 20.0, 20.0, 20.0, 20.0, 20.0, 20.0, 20.0, 20.0, 20.0, 20.0, 20.0, 20.0, 20.0, 20.0, 20.0, 20.0, 20.0, 20.0, 20.0, 20.0, 20.0, 20.0, 20.0, 20.0, 6.096540924746537, 5.6395936732089424, 5.5352130574005844, 5.654260349554724, 6.153723581631651, 20.0, 20.0, 20.0, 20.0, 20.0, 20.0, 20.0, 13.350082862299663, 12.47007362865806, 12.753612086301441, 20.0, 20.0, 11.519152106887848, 11.735894961492903, 12.054451596380467, 12.488481152989836, 13.058024557097907, 13.791979969460728, 14.732154161125981]",-0.03410177991175445,-0.005995621325368461,0.1184,0.0513,-0.1265,-0.0664,10.0705,0.005,-0.0143,-9.7969,15.3,,50.0,,,,0.4215,0.7886,0.8941,241.88,14.94,1.22388,0.0419,285.32,23.185,1,76.72,73.982,1,3,10,0.7,9.798,0,0.0,0,0
1790741937.422914,47.3979649,8.5464711,9.553000450134277,0.010627564042806625,-0.04188331589102745,0.0003977786691393703,227.47,-0.0675976152500408,-0.07369234975563918,0.0,-127.7274239349365,5.552555908988411,19.99992097055518,0.30493587255477905,-42.4160148108337,-6.8698503805798845,0.04174571169248336,14.0,0.0,0.0,"[15.4216216426415, 16.83128958688886, 18.681073523612707, 20.0, 20.0, 20.0, 20.0, 20.0, 20.0, 20.0, 20.0, 20.0, 20.0, 20.0, 20.0, 20.0, 20.0, 20.0, 20.0, 20.0, 20.0, 20.0, 20.0, 20.0, 20.0, 20.0, 20.0, 20.0, 20.0, 20.0, 20.0, 20.0, 20.0, 20.0, 20.0, 20.0, 20.0, 20.0, 20.0, 20.0, 20.0, 20.0, 20.0, 20.0, 20.0, 20.0, 20.0, 20.0, 20.0, 5.764298000974914, 5.552555908988411, 5.578412324258444, 5.868558908223198, 20.0, 20.0, 20.0, 20.0, 20.0, 20.0, 20.0, 20.0, 12.621811444243281, 12.524452635039653, 20.0, 20.0, 12.934948525248306, 11.641834212277747, 11.918036471030304, 12.303576187368794, 12.815689452666026, 13.479326953926224, 14.330468064735765]",-0.03410177991175445,-0.005995621325368461,0.1009,-0.133,-0.038,-0.9186,10.1161,0.0107,-0.0149,-9.7915,15.3,,50.0,,,,0.5181,1.03,1.153,243.3,14.94,1.22388,0.0432,284.24,23.18,1,76.92,73.987,1,3,10,0.7,9.807,0,0.0,0,0
1790741937.6239765,47.3979648,8.546471,9.557000160217285,0.004292657598853111,-0.04797310382127762,0.0006782924756407738,229.48000000000002,-0.06497134405131863,-0.07601792191427746,0.0,-125.71728088378904,5.541664855361538,19.99994309879973,0.302209734916687,-40.40685495206304,-6.547370893354151,0.047915582395855354,14.0,0.0,0.0,"[14.957722954413027, 16.228336275579505, 17.88359889364789, 20.0, 20.0, 20.0, 20.0, 20.0, 20.0, 20.0, 20.0, 20.0, 20.0, 20.0, 20.0, 20.0, 20.0, 20.0, 20.0, 20.0, 20.0, 20.0, 20.0, 20.0, 20.0, 20.0, 20.0, 20.0, 20.0, 20.0, 20.0, 20.0, 20.0, 20.0, 20.0, 20.0, 20.0, 20.0, 20.0, 20.0, 20.0, 20.0, 20.0, 20.0, 20.0, 20.0, 20.0, 20.0, 20.0, 5.968123421179685, 5.605944175088629, 5.541664855361538, 5.704876366366046, 6.384219722389486, 20.0, 20.0, 20.0, 20.0, 20.0, 20.0, 20.0, 12.998389668657612, 12.463508475022337, 12.96797472161188, 20.0, 17.64979404062537, 11.564942551875115, 11.80084298698152, 12.140891068941869, 12.599855670870038, 13.199285508110655, 13.970231997745689]",-0.03410177991175445,-0.005995621325368461,0.1034,-0.22,0.1022,0.0187,10.0891,0.0065,-0.0056,-9.8051,15.3,,50.0,,,,0.4703,1.0707,1.1694,246.29,14.94,1.22388,0.0482,275.11,23.174,1,77.12,73.993,1,3,10,0.7,9.816,0,0.0,0,0
1790741937.8245552,47.3979648,8.5464709,9.558000564575195,-0.0038194721564650536,-0.05547388270497322,0.0016070444835349917,231.49,-0.06226512180463865,-0.07824994956326499,0.0,-123.68538833618163,5.539721592120027,19.999959031135806,0.2961532473564148,-38.398887710729014,-6.003943245712954,0.05551659251401647,14.0,0.0,0.0,"[14.54129166090182, 15.689055072979102, 17.175451792383736, 19.133829913545267, 20.0, 20.0, 20.0, 20.0, 20.0, 20.0, 20.0, 20.0, 20.0, 20.0, 20.0, 20.0, 20.0, 20.0, 20.0, 20.0, 20.0, 20.0, 20.0, 20.0, 20.0, 20.0, 20.0, 20.0, 20.0, 20.0, 20.0, 20.0, 20.0, 20.0, 20.0, 20.0, 20.0, 20.0, 20.0, 20.0, 20.0, 20.0, 20.0, 20.0, 20.0, 20.0, 20.0, 20.0, 20.0, 6.390847778476399, 5.704279312045109, 5.539721592120027, 5.60270391338374, 5.961953503305053, 20.0, 20.0, 20.0, 20.0, 20.0, 20.0, 20.0, 20.0, 12.546082938850796, 12.620185190557901, 20.0, 20.0, 11.513876472444354, 11.702367715452704, 11.999297944096016, 12.408584186696208, 12.94880558796632, 13.646794170633862]",-0.03410177991175445,-0.005995621325368461,0.1226,-0.1848,0.1802,0.3939,10.1167,0.0007,-0.0027,-9.7984,15.3,,50.0,,,,0.5493,1.1461,1.2709,244.39,14.94,1.22388,0.0556,266.06,23.166,1,77.32,74.003,1,3,10,0.7,9.79,0,0.0,0,0
1790741938.0246277,47.397964699999996,8.5464708,9.557000160217285,-0.010196559131145477,-0.06264056265354156,0.002077999524772167,233.5,-0.05948227867513413,-0.08038568606172174,0.0,-121.68298149108887,5.546179390518078,19.99997050241778,0.2882435917854309,-36.391562840173464,-5.533443938065624,0.06275797560949058,14.0,0.0,0.0,"[14.167684184309495, 15.206226235400786, 16.54494723033853, 18.294815029778846, 20.0, 20.0, 20.0, 20.0, 20.0, 20.0, 20.0, 20.0, 20.0, 20.0, 20.0, 20.0, 20.0, 20.0, 20.0, 20.0, 20.0, 20.0, 20.0, 20.0, 20.0, 20.0, 20.0, 20.0, 20.0, 20.0, 20.0, 20.0, 20.0, 20.0, 20.0, 20.0, 20.0, 20.0, 20.0, 20.0, 20.0, 20.0, 20.0, 20.0, 20.0, 20.0, 20.0, 20.0, 20.0, 20.0, 5.87071862007717, 5.575375801616167, 5.546179390518078, 5.7529616137414585, 20.0, 20.0, 20.0, 20.0, 20.0, 20.0, 20.0, 20.0, 12.808312237235201, 12.491500349034403, 13.30429237441453, 20.0, 15.121093750254058, 11.622107368975858, 11.877926284215278, 12.240514928492045, 12.725838474039731, 13.357088496109824]",-0.03410177991175445,-0.005995621325368461,0.1446,-0.1241,0.1104,0.4161,9.9992,0.0088,-0.0121,-9.8135,15.3,,50.0,,,,0.4383,1.1456,1.2265,249.06,14.94,1.22388,0.0635,260.75,23.156,1,77.52,74.016,1,3,10,0.7,9.796,0,0.0,0,0
1790741938.226515,47.397964699999996,8.5464706,9.555000305175781,-0.013105039484798908,-0.06832625716924667,0.0019362721359357238,235.5,-0.05664062369248329,-0.08241261886220158,0.0,-119.67497634887695,5.531238017173562,19.999978761740802,0.28148895502090454,-34.39377310466136,-5.313264773434951,0.06847465786095124,14.0,0.0,0.0,"[13.83363107641455, 14.774876149947751, 15.98408759129171, 17.5543797277106, 19.632511840500374, 20.0, 20.0, 20.0, 20.0, 20.0, 20.0, 20.0, 20.0, 20.0, 20.0, 20.0, 20.0, 20.0, 20.0, 20.0, 20.0, 20.0, 20.0, 20.0, 20.0, 20.0, 20.0, 20.0, 20.0, 20.0, 20.0, 20.0, 20.0, 20.0, 20.0, 20.0, 20.0, 20.0, 20.0, 20.0, 20.0, 20.0, 20.0, 20.0, 20.0, 20.0, 20.0, 20.0, 20.0, 20.0, 6.175191014003111, 5.656514068505512, 5.531238017173562, 5.629281872504399, 6.068846674574455, 20.0, 20.0, 20.0, 20.0, 20.0, 20.0, 20.0, 13.503950466574784, 12.513340535544298, 12.763493124068933, 20.0, 20.0, 11.559184921730026, 11.775742849877828, 12.094372846456588, 12.52872844008693, 13.098848789053985]",-0.03410177991175445,-0.005995621325368461,0.1663,-0.073,0.1391,0.2172,9.8913,0.0148,-0.0103,-9.8225,15.3,,50.0,,,,0.2336,1.1153,1.1394,258.17,14.94,1.22388,0.0696,259.14,23.144,1,77.72,74.03,1,3,10,0.7,9.823,0,0.0,0,0
1790741938.4276023,47.397964599999995,8.5464705,9.554000854492188,-0.012825466692447662,-0.07255979627370834,0.0015728396829217672,237.48000000000002,-0.053759397475893325,-0.08432038414896434,0.0,-117.69459297180174,5.55533893599338,19.99998470845338,0.27665770053863525,-32.41527605493272,-5.368741545445547,0.07270230750366666,14.0,0.0,0.0,"[13.534508667282811, 14.38880686166524, 15.483999504466185, 16.89885277849934, 18.755367577965075, 20.0, 20.0, 20.0, 20.0, 20.0, 20.0, 20.0, 20.0, 20.0, 20.0, 20.0, 20.0, 20.0, 20.0, 20.0, 20.0, 20.0, 20.0, 20.0, 20.0, 20.0, 20.0, 20.0, 20.0, 20.0, 20.0, 20.0, 20.0, 20.0, 20.0, 20.0, 20.0, 20.0, 20.0, 20.0, 20.0, 20.0, 20.0, 20.0, 20.0, 20.0, 20.0, 20.0, 20.0, 20.0, 20.0, 5.795249508078362, 5.55533893599338, 5.560908458108284, 5.817632387970397, 20.0, 20.0, 20.0, 20.0, 20.0, 20.0, 20.0, 20.0, 12.684220848532831, 12.557080156055061, 20.0, 20.0, 13.168124775733876, 11.690341390230568, 11.96749892019802, 12.354425355230232, 12.868416156047994]",-0.03410177991175445,-0.005995621325368461,0.1706,-0.0447,-0.0106,0.1199,9.9716,-0.0001,-0.0094,-9.8051,15.3,,50.0,,,,0.056,1.1442,1.1456,267.2,14.94,1.22388,0.0737,259.98,23.133,1,77.92,74.042,1,3,10,0.7,9.784,0,0.0,0,0
1790741938.6271257,47.397964599999995,8.5464703,9.552000045776367,-0.010435600765049458,-0.07550259679555893,0.0019290216732770205,239.46,-0.05081397698590606,-0.08612746218759618,0.0,-115.73578170776364,5.535858229295325,19.999988990086432,0.2745313048362732,-30.435753197098137,-5.592943383405755,0.07561667694249705,14.0,0.0,0.0,"[13.264548975322628, 14.039916710652705, 15.033072733023614, 16.311018735626206, 17.97594287183728, 20.0, 20.0, 20.0, 20.0, 20.0, 20.0, 20.0, 20.0, 20.0, 20.0, 20.0, 20.0, 20.0, 20.0, 20.0, 20.0, 20.0, 20.0, 20.0, 20.0, 20.0, 20.0, 20.0, 20.0, 20.0, 20.0, 20.0, 20.0, 20.0, 20.0, 20.0, 20.0, 20.0, 20.0, 20.0, 20.0, 20.0, 20.0, 20.0, 20.0, 20.0, 20.0, 20.0, 20.0, 20.0, 20.0, 6.031844812037595, 5.621816870673432, 5.535858229295325, 5.674323781256373, 6.240052263380487, 20.0, 20.0, 20.0, 20.0, 20.0, 20.0, 20.0, 13.08921234905689, 12.512674939168765, 12.98856652620465, 20.0, 17.87297633993923, 11.620486721095324, 11.857900971645655, 12.200004557174124, 12.661659669547875]",-0.03410177991175445,-0.005995621325368461,0.1619,-0.0438,-0.0564,-0.041,9.9133,0.0005,-0.0024,-9.8074,15.3,,50.0,,,,-0.0756,1.0478,1.0505,274.12,14.94,1.22388,0.0762,262.13,23.121,1,78.12,74.055,1,3,10,0.7,9.761,0,0.0,0,0
1790741938.8286927,47.397964599999995,8.5464702,9.54800033569336,-0.006841185502707958,-0.07802749425172806,0.0021184319630265236,241.45000000000002,-0.050257948748667944,-0.09365636839125167,0.0,-113.72801475524898,5.549958242673423,19.99999207286223,0.27492988109588623,-28.445272811716734,-5.952914332926969,0.07810055886280629,14.0,0.0,0.017853517466474473,"[13.01971814286171, 13.722669222539885, 14.623504456243376, 15.77944978107385, 17.276599911499297, 19.24948644134224, 20.0, 20.0, 20.0, 20.0, 20.0, 20.0, 20.0, 20.0, 20.0, 20.0, 20.0, 20.0, 20.0, 20.0, 20.0, 20.0, 20.0, 20.0, 20.0, 20.0, 20.0, 20.0, 20.0, 20.0, 20.0, 20.0, 20.0, 20.0, 20.0, 20.0, 20.0, 20.0, 20.0, 20.0, 20.0, 20.0, 20.0, 20.0, 20.0, 20.0, 20.0, 20.0, 20.0, 20.0, 20.0, 6.6915374878774925, 5.740310711769174, 5.549958242673423, 5.592266246858284, 5.911800975062585, 20.0, 20.0, 20.0, 20.0, 20.0, 20.0, 20.0, 20.0, 12.60688627878408, 12.66616740833057, 20.0, 20.0, 11.603160543535177, 11.763965554177094, 12.063254944154119, 12.475595880579208]",-0.03410177991175445,-0.005995621325368461,0.1404,-0.0523,-0.0658,0.0033,9.9572,0.0041,-0.0037,-9.8108,15.3,,50.0,,,,-0.1692,0.995,1.0092,279.65,14.94,1.22388,0.0783,264.99,23.109,1,78.32,74.067,1,3,10,0.7,9.757,0,0.0,0,0
1790741939.0294518,47.397964599999995,8.54647,9.543000221252441,-0.003307189792394638,-0.07987971603870392,0.002070798771455884,243.43,-0.04804169527484621,-0.09735138271997677,0.0,-111.74869567871093,5.554647707238282,19.999994292460805,0.27623921632766724,-26.464452807568733,-6.234186425483286,0.07991242937630837,14.0,0.0,0.0010967982534662215,"[12.800123633550067, 13.436934683811808, 14.254592153089414, 15.302213712848864, 16.652828413229273, 18.418688980273327, 20.0, 20.0, 20.0, 20.0, 20.0, 20.0, 20.0, 20.0, 20.0, 20.0, 20.0, 20.0, 20.0, 20.0, 20.0, 20.0, 20.0, 20.0, 20.0, 20.0, 20.0, 20.0, 20.0, 20.0, 20.0, 20.0, 20.0, 20.0, 20.0, 20.0, 20.0, 20.0, 20.0, 20.0, 20.0, 20.0, 20.0, 20.0, 20.0, 20.0, 20.0, 20.0, 20.0, 20.0, 20.0, 20.0, 5.932657196617814, 5.602360001673888, 5.554647707238282, 5.738710191819347, 6.584297682926166, 20.0, 20.0, 20.0, 20.0, 20.0, 20.0, 20.0, 12.871564732613484, 12.547876391651593, 13.364422266081567, 20.0, 15.065599459137742, 11.685733587571839, 11.944306981028108, 12.310391872994543]",-0.03410177991175445,-0.005995621325368461,0.1132,-0.1042,-0.0919,-0.292,9.9772,-0.0023,-0.007,-9.8059,15.3,,50.0,,,,-0.1353,1.017,1.026,277.58,14.94,1.22388,0.0799,267.63,23.097,1,78.52,74.079,1,3,10,0.7,9.72,0,0.0,0,0
1790741939.2307765,47.397964599999995,8.546469799999999,9.539000511169434,-0.002710518194362521,-0.08416532725095749,0.0014347978867590427,245.42000000000002,-0.045559815156693585,-0.1008952724317413,0.0,-109.75406654357909,5.554090949370577,19.99999589057178,0.2764015197753906,-24.474022236216484,-6.1913868693050444,0.08419092848251979,14.0,0.0,0.0011312702809933817,"[12.603889706478284, 13.179456638296331, 13.921124328397786, 14.871171037394351, 16.091825706458906, 17.677352543155, 19.776434299066782, 20.0, 20.0, 20.0, 20.0, 20.0, 20.0, 20.0, 20.0, 20.0, 20.0, 20.0, 20.0, 20.0, 20.0, 20.0, 20.0, 20.0, 20.0, 20.0, 20.0, 20.0, 20.0, 20.0, 20.0, 20.0, 20.0, 20.0, 20.0, 20.0, 20.0, 20.0, 20.0, 20.0, 20.0, 20.0, 20.0, 20.0, 20.0, 20.0, 20.0, 20.0, 20.0, 20.0, 20.0, 20.0, 6.298606084427456, 5.700033372938826, 5.554090949370577, 5.634541069971979, 6.0337987667390705, 20.0, 20.0, 20.0, 20.0, 20.0, 20.0, 20.0, 13.568427889404933, 12.572226049360875, 12.828932393454721, 20.0, 20.0, 11.623846350620003, 11.843125379512143, 12.165201373858554]",-0.03410177991175445,-0.005995621325368461,0.0961,-0.1386,-0.0153,-0.0575,9.9571,0.0,-0.0209,-9.8085,15.3,,50.0,,,,-0.0411,1.0552,1.056,272.23,14.94,1.22388,0.0842,268.16,23.084,1,78.73,74.092,1,3,10,0.7,9.767,0,0.0,0,0
1790741939.4306633,47.397964599999995,8.5464696,9.538000106811523,-0.003041998716071248,-0.08893048763275146,0.00030180244357325137,247.4,-0.04647930384322938,-0.11306437200023707,0.0,-107.77923355102541,5.579254886300223,19.99999704121168,0.2761009931564331,-22.493748150842947,-5.968999046593112,0.08895957360593619,14.0,0.0,7.121007015025403e-05,"[12.43048857461001, 12.949568614630934, 13.622080127678444, 14.484543818076085, 15.590272338517547, 17.01900255300704, 18.894320954574756, 20.0, 20.0, 20.0, 20.0, 20.0, 20.0, 20.0, 20.0, 20.0, 20.0, 20.0, 20.0, 20.0, 20.0, 20.0, 20.0, 20.0, 20.0, 20.0, 20.0, 20.0, 20.0, 20.0, 20.0, 20.0, 20.0, 20.0, 20.0, 20.0, 20.0, 20.0, 20.0, 20.0, 20.0, 20.0, 20.0, 20.0, 20.0, 20.0, 20.0, 20.0, 20.0, 20.0, 20.0, 20.0, 20.0, 5.85996219796175, 5.5909897113111295, 5.579254886300223, 5.812645262549368, 20.0, 20.0, 20.0, 20.0, 20.0, 20.0, 20.0, 20.0, 12.744245834520397, 12.622669097863378, 20.0, 20.0, 13.034523348868827, 11.759152525455251, 12.039515748048585]",-0.03410177991175445,-0.005995621325368461,0.0947,-0.1442,0.0089,0.0,9.9106,0.003,-0.0174,-9.8086,15.3,,50.0,,,,0.0773,1.0356,1.0385,265.73,14.94,1.22388,0.089,268.04,23.069,1,78.93,74.106,1,3,10,0.7,9.78,0,0.0,0,0
1790741939.6337078,47.397964599999995,8.5464694,9.53700065612793,-0.001736147329211235,-0.09424037486314774,0.00025606711278669536,249.63,-0.05298458213620727,-0.14261240761985097,0.0,-105.75862632751466,5.566615985745291,19.99999786967241,0.2782239317893982,-20.502500583859955,-5.891492428975597,0.09353862427772167,14.0,0.0,0.0019321894689752572,"[12.277324266780955, 12.743511927469479, 13.352129244838943, 14.134765536342568, 15.137239782064867, 16.42733059492293, 18.10846419274087, 20.0, 20.0, 20.0, 20.0, 20.0, 20.0, 20.0, 20.0, 20.0, 20.0, 20.0, 20.0, 20.0, 20.0, 20.0, 20.0, 20.0, 20.0, 20.0, 20.0, 20.0, 20.0, 20.0, 20.0, 20.0, 20.0, 20.0, 20.0, 20.0, 20.0, 20.0, 20.0, 20.0, 20.0, 20.0, 20.0, 20.0, 20.0, 20.0, 20.0, 20.0, 20.0, 20.0, 20.0, 20.0, 20.0, 6.14025036488225, 5.673155901215935, 5.566615985745291, 5.685895058704243, 6.190584388284325, 20.0, 20.0, 20.0, 20.0, 20.0, 20.0, 20.0, 13.151347521896056, 12.579306261582483, 13.07198468051701, 20.0, 17.612888536812118, 11.691438198997014, 11.931643670676095]",-0.03410177991175445,-0.005995621325368461,0.0921,-0.1906,0.0206,-0.2912,9.8712,-0.0033,-0.0028,-9.8117,15.3,,50.0,,,,0.2604,0.9961,1.0296,255.35,14.94,1.22388,0.0943,268.94,23.054,1,79.13,74.122,1,3,10,0.7,9.787,0,0.0,0,0
1790741939.8341246,47.397964699999996,8.546469199999999,9.538000106811523,-0.001437197788618505,-0.10166505724191666,-3.881825250573456e-05,251.6,-0.05832946245573198,-0.17498638669820227,0.0,-103.81598342895506,5.592738114779861,19.999998466164136,0.28131747245788574,-18.530846400011598,-5.858769123589699,0.09997677221548408,14.0,0.0,0.0015305197136764675,"[12.145040420057313, 12.56215682933815, 13.112285272911475, 13.822821406459264, 14.733329137870918, 15.901801361228713, 17.415537136846467, 19.411058535524177, 20.0, 20.0, 20.0, 20.0, 20.0, 20.0, 20.0, 20.0, 20.0, 20.0, 20.0, 20.0, 20.0, 20.0, 20.0, 20.0, 20.0, 20.0, 20.0, 20.0, 20.0, 20.0, 20.0, 20.0, 20.0, 20.0, 20.0, 20.0, 20.0, 20.0, 20.0, 20.0, 20.0, 20.0, 20.0, 20.0, 20.0, 20.0, 20.0, 20.0, 20.0, 20.0, 20.0, 20.0, 20.0, 20.0, 5.810246512741635, 5.592738114779861, 5.616962674697171, 5.908311842330566, 20.0, 20.0, 20.0, 20.0, 20.0, 20.0, 20.0, 20.0, 12.673975970299514, 12.746913496197994, 20.0, 20.0, 11.6400729585338, 11.841961987811427]",-0.03410177991175445,-0.005995621325368461,0.0636,-0.3623,-0.0288,-0.8553,9.8859,-0.0006,-0.0006,-9.8106,15.3,,50.0,,,,0.2296,0.8106,0.8425,254.19,14.94,1.22388,0.1017,269.19,23.037,1,79.33,74.139,1,3,10,0.7,9.738,0,0.0,0,0
1790741940.0344613,47.397964699999996,8.546468899999999,9.539000511169434,-0.005274307914078236,-0.11644023656845093,-0.00011221088061574847,253.56,-0.2575489517179785,-0.9536134244434856,0.0,-101.86223762512208,5.592407382425736,19.99999889563818,0.2834797501564026,-16.569329399018812,-5.40201882218053,0.11649447025753504,14.0,0.0,0.7663335390991162,"[12.03855266213141, 12.409857073445414, 12.90614410920206, 13.55120820335958, 14.379339789419081, 15.44043549806208, 16.80872778678285, 18.598417643486997, 20.0, 20.0, 20.0, 20.0, 20.0, 20.0, 20.0, 20.0, 20.0, 20.0, 20.0, 20.0, 20.0, 20.0, 20.0, 20.0, 20.0, 20.0, 20.0, 20.0, 20.0, 20.0, 20.0, 20.0, 20.0, 20.0, 20.0, 20.0, 20.0, 20.0, 20.0, 20.0, 20.0, 20.0, 20.0, 20.0, 20.0, 20.0, 20.0, 20.0, 20.0, 20.0, 20.0, 20.0, 20.0, 20.0, 6.044056342317356, 5.662849210920176, 5.592407382425736, 5.752721133617166, 6.426862713284538, 20.0, 20.0, 20.0, 20.0, 20.0, 20.0, 20.0, 12.944375219795944, 12.6343944070958, 13.509980785799709, 20.0, 14.756366192125496, 11.775839384243804]",-0.03410177991175445,-0.005995621325368461,0.0464,-0.5739,0.0824,-0.8197,9.8203,0.0062,-0.0081,-9.8123,15.3,,50.0,,,,0.1846,0.9244,0.9427,258.71,14.94,1.22388,0.1166,267.41,23.013,1,79.53,74.163,1,3,10,0.7,9.729,0,0.0,0,0
1790741940.234531,47.397964699999996,8.5464685,9.543000221252441,-0.023772189393639565,-0.1863483339548111,-0.02553815022110939,255.51000000000002,-0.3205166965801263,-1.3481479604925812,0.0,-99.68847106933595,5.609905932806803,19.99999920485949,0.2832825779914856,-14.378630936054293,-4.49997501060996,0.18661656003100902,14.0,0.0,0.0,"[11.939189425942523, 12.262037611754927, 12.70218944875959, 13.279948104450511, 14.024591797945765, 14.978471653113212, 16.20389804253628, 17.795200296753265, 19.90103882969311, 20.0, 20.0, 20.0, 20.0, 20.0, 20.0, 20.0, 20.0, 20.0, 20.0, 20.0, 20.0, 20.0, 20.0, 20.0, 20.0, 20.0, 20.0, 20.0, 20.0, 20.0, 20.0, 20.0, 20.0, 20.0, 20.0, 20.0, 20.0, 20.0, 20.0, 20.0, 20.0, 20.0, 20.0, 20.0, 20.0, 20.0, 20.0, 20.0, 20.0, 20.0, 20.0, 20.0, 20.0, 20.0, 20.0, 5.801210982957113, 5.609905932806803, 5.655606900103815, 5.98795428099086, 20.0, 20.0, 20.0, 20.0, 20.0, 20.0, 20.0, 13.8143808099213, 12.67548053305708, 12.910443906722678, 20.0, 20.0, 11.719812381173739]",-0.03410177991175445,-0.005995621325368461,0.0341,-4.7002,0.407,-23.3805,9.7597,-0.0265,-0.0131,-9.8325,15.3,,50.0,,,,0.1988,0.82,0.8438,256.37,14.94,1.22388,0.1879,262.73,22.986,1,79.73,74.19,1,3,10,0.7,9.743,0,0.0,0,0
1790741940.4353054,47.397964599999995,8.5464677,9.551000595092773,-0.07872261106967926,-0.40928393602371216,-0.030249416828155518,257.47,-0.288835495452576,-1.4170601219335286,0.0,-97.72828224182126,5.625424536850697,19.99999942749883,0.2750391364097595,-12.420175022421375,-1.6425611414807189,0.41016345647009955,14.0,0.0,0.0444856140131259,"[11.90445006092075, 12.186882874863908, 12.581119574679883, 13.104785062532008, 13.783392861634182, 14.653733966280988, 15.769501725907267, 17.21096888123538, 19.102480141119056, 20.0, 20.0, 20.0, 20.0, 20.0, 20.0, 20.0, 20.0, 20.0, 20.0, 20.0, 20.0, 20.0, 20.0, 20.0, 20.0, 20.0, 20.0, 20.0, 20.0, 20.0, 20.0, 20.0, 20.0, 20.0, 20.0, 20.0, 20.0, 20.0, 20.0, 20.0, 20.0, 20.0, 20.0, 20.0, 20.0, 20.0, 20.0, 20.0, 20.0, 20.0, 20.0, 20.0, 20.0, 20.0, 20.0, 6.05918122123514, 5.688994531163993, 5.625424536850697, 5.796463900872253, 6.545174606977181, 20.0, 20.0, 20.0, 20.0, 20.0, 20.0, 20.0, 12.913463329821484, 12.756189162004512, 20.0, 20.0, 13.163089004919572]",-0.03410177991175445,-0.005995621325368461,-0.0722,-8.4756,0.7433,-11.6674,9.8751,-0.0396,-0.0075,-9.8146,15.3,,50.0,,,,0.2808,0.9075,0.95,252.81,14.94,1.22388,0.4168,259.11,22.924,1,79.93,74.252,1,3,10,0.7,9.751,0,0.0,0,0
1790741940.6346147,47.3979644,8.5464661,9.556000709533691,-0.1428716480731964,-0.7059049010276794,-0.010438003577291965,259.45,-0.2539037152840136,-1.484617650011778,0.0,-95.74823074340821,5.672403524264306,19.99999958779916,0.252591073513031,-10.445954308510267,0.8918190655635342,0.7073841262521503,14.0,0.0,0.09527860071907526,"[11.947542145205711, 12.19183415845097, 12.543783310840157, 13.018681603319305, 13.638837626178772, 14.436397456760325, 15.45798004349283, 16.772526377317156, 18.48519005157326, 20.0, 20.0, 20.0, 20.0, 20.0, 20.0, 20.0, 20.0, 20.0, 20.0, 20.0, 20.0, 20.0, 20.0, 20.0, 20.0, 20.0, 20.0, 20.0, 20.0, 20.0, 20.0, 20.0, 20.0, 20.0, 20.0, 20.0, 20.0, 20.0, 20.0, 20.0, 20.0, 20.0, 20.0, 20.0, 20.0, 20.0, 20.0, 20.0, 20.0, 20.0, 20.0, 20.0, 20.0, 20.0, 20.0, 20.0, 5.892274565390992, 5.672403524264306, 5.700262261157443, 6.006162753673244, 20.0, 20.0, 20.0, 20.0, 20.0, 20.0, 20.0, 13.54240345862953, 12.829528903785075, 13.259728245677056, 20.0, 18.067729268972908]",-0.03410177991175445,-0.005995621325368461,-0.0829,-8.759,1.6395,4.674,10.0564,-0.0596,-0.0069,-9.8144,15.3,,50.0,,,,0.186,0.8804,0.8998,258.07,14.94,1.22388,0.7202,258.56,22.801,1,80.13,74.379,1,3,10,0.7,9.757,0,0.2703,0,0
1790741940.8355713,47.397964099999996,8.5464636,9.557000160217285,-0.1899222433567047,-0.9764489531517029,0.0009645611280575395,261.39,-0.2155596738255214,-1.548757082394338,0.0,-93.78472457885744,5.7135673046125275,19.999999703215394,0.21720880270004272,-8.516397152313772,2.396773159065083,0.97815772978245,14.0,0.0,0.1011348812703055,"[12.067219159205658, 12.275933707674069, 12.589495199542212, 13.021191787588318, 13.590651303600817, 14.326214916414973, 15.268809978611381, 16.47842039239411, 18.045324918262082, 20.0, 20.0, 20.0, 20.0, 20.0, 20.0, 20.0, 20.0, 20.0, 20.0, 20.0, 20.0, 20.0, 20.0, 20.0, 20.0, 20.0, 20.0, 20.0, 20.0, 20.0, 20.0, 20.0, 20.0, 20.0, 20.0, 20.0, 20.0, 20.0, 20.0, 20.0, 20.0, 20.0, 20.0, 20.0, 20.0, 20.0, 20.0, 20.0, 20.0, 20.0, 20.0, 20.0, 20.0, 20.0, 20.0, 20.0, 6.422032901182223, 5.846745566935763, 5.7135673046125275, 5.817934491435073, 6.299156061082358, 20.0, 20.0, 20.0, 20.0, 20.0, 20.0, 20.0, 13.138369239971746, 13.107397776690659, 20.0, 20.0]",-0.03410177991175445,-0.005995621325368461,0.0735,-7.3769,2.307,8.1643,10.1269,-0.0997,-0.0032,-9.8432,15.3,,50.0,,,,0.2755,0.8629,0.9058,252.29,14.94,1.22388,0.9947,258.99,22.616,1,80.33,74.568,1,3,10,0.7,9.765,0,0.5418,0,0
1790741941.0366526,47.3979637,8.5464605,9.557000160217285,-0.21548236906528473,-1.192015290260315,0.003125532763078809,263.31,-0.1737153431489163,-1.6098746474745371,0.0,-91.86558288574219,5.794463337164738,19.999999786315083,0.1724885106086731,-6.611487760414462,3.5567833269035023,1.1935754063286454,14.0,0.0,0.10800080925543057,"[15.687144761252187, 12.421313950097387, 12.698633375138808, 13.09052032878854, 13.614277444234059, 14.29502086299363, 15.168945917124804, 16.288722809828727, 17.732714674847227, 19.62148672452566, 20.0, 20.0, 20.0, 20.0, 20.0, 20.0, 20.0, 20.0, 20.0, 20.0, 20.0, 20.0, 20.0, 20.0, 20.0, 20.0, 20.0, 20.0, 20.0, 20.0, 20.0, 20.0, 20.0, 20.0, 20.0, 20.0, 20.0, 20.0, 20.0, 20.0, 20.0, 20.0, 20.0, 20.0, 20.0, 20.0, 20.0, 20.0, 20.0, 20.0, 20.0, 20.0, 20.0, 20.0, 20.0, 20.0, 20.0, 6.273811137681649, 5.865924240325922, 5.794463337164738, 5.970769383204746, 6.820001680149061, 20.0, 20.0, 20.0, 20.0, 20.0, 20.0, 13.791174867993044, 13.227134673553586, 13.86926534657132, 20.0]",-0.03410177991175445,-0.005995621325368461,0.3226,-5.9167,2.3954,7.0883,10.3012,-0.1148,-0.0055,-9.8358,15.3,,50.0,,,,0.3077,0.7967,0.8541,248.88,14.94,1.22388,1.2113,259.75,22.386,1,80.53,74.805,1,3,10,0.7,9.766,0,0.7843,0,0
1790741941.2379277,47.3979633,8.546456899999999,9.558000564575195,-0.21629224717617035,-1.3586722612380981,0.003046585712581873,265.28000000000003,-0.12692380969539013,-1.6698907505538125,0.0,-90.0619430408185,5.912712041538264,19.99999984614686,0.12804913520812988,-4.658056959181465,4.325234333364484,1.3598519330508685,14.0,0.0,0.11903521851108348,"[20.0, 12.612993259263236, 12.853801776654711, 13.206449679163727, 13.686091105965357, 14.31493668011551, 15.12500772763286, 16.162646740295244, 17.49610922314329, 19.22888847223132, 20.0, 20.0, 20.0, 20.0, 20.0, 20.0, 20.0, 20.0, 20.0, 20.0, 20.0, 20.0, 20.0, 20.0, 20.0, 20.0, 20.0, 20.0, 20.0, 20.0, 20.0, 20.0, 20.0, 20.0, 20.0, 20.0, 20.0, 20.0, 20.0, 20.0, 20.0, 20.0, 20.0, 20.0, 20.0, 20.0, 20.0, 20.0, 20.0, 20.0, 20.0, 20.0, 20.0, 20.0, 20.0, 20.0, 20.0, 20.0, 6.257603325798496, 5.935354360041633, 5.912712041538264, 6.162531701748556, 20.0, 20.0, 20.0, 20.0, 20.0, 20.0, 20.0, 13.580666178677237, 13.651951593126105, 20.0]",-0.03410177991175445,-0.005995621325368461,0.5805,-4.8004,1.8672,5.0947,10.4001,-0.137,0.0006,-9.8206,15.3,,50.0,,,,0.2933,0.8053,0.857,249.99,14.94,1.22388,1.3758,260.95,22.119,1,80.73,75.077,1,3,10,0.7,9.733,0,0.9473,0,0
1790741941.4387178,47.397962899999996,8.546453099999999,9.558000564575195,-0.19771289825439453,-1.483721375465393,0.002844648901373148,267.28000000000003,-0.07561078078684598,-1.7276995298572517,0.0,-90.0454920257962,6.040952474332731,19.99999988922574,0.08827251195907593,-2.674507974203806,4.870218614483669,1.4844764248253923,14.0,0.0,0.12946664704228247,"[20.0, 14.231353117128545, 13.041818276608675, 13.355384918862963, 13.791952243309694, 14.371094274620765, 15.121131199669636, 16.082909550112788, 17.316083520103575, 18.909938993742646, 20.0, 20.0, 20.0, 20.0, 20.0, 20.0, 20.0, 20.0, 20.0, 20.0, 20.0, 20.0, 20.0, 20.0, 20.0, 20.0, 20.0, 20.0, 20.0, 20.0, 20.0, 20.0, 20.0, 20.0, 20.0, 20.0, 20.0, 20.0, 20.0, 20.0, 20.0, 20.0, 20.0, 20.0, 20.0, 20.0, 20.0, 20.0, 20.0, 20.0, 20.0, 20.0, 20.0, 20.0, 20.0, 20.0, 20.0, 20.0, 20.0, 6.301123125870596, 6.040952474332731, 6.065347290943817, 6.40526628365734, 20.0, 20.0, 20.0, 20.0, 20.0, 20.0, 14.26068502337846, 13.773180724799532, 14.695754478969905]",-0.03410177991175445,-0.005995621325368461,0.769,-4.073,1.4337,3.2657,10.2628,-0.1602,0.0041,-9.8197,15.3,,50.0,,,,0.2648,0.8486,0.8889,252.67,14.94,1.22388,1.4968,262.41,21.831,1,80.93,75.369,1,3,10,0.7,9.759,0,1.0524,0,0
1790741941.639983,47.3979626,8.546448999999999,9.555000305175781,-0.1685209721326828,-1.581595778465271,0.0026460064109414816,269.14,-0.02463046719398536,-1.7782818959444684,0.0,-90.02926404190418,6.17501331039675,19.999999920242534,0.053256869316101074,-0.8307359580958007,5.221988324525796,1.581990692955305,14.0,0.0,0.12779133624809003,"[20.0, 19.067382702427334, 13.26415637356106, 13.54211862977039, 13.940345479789228, 14.476213555522827, 15.175034351730742, 16.073278798082367, 17.223883383764367, 18.705256188723965, 20.0, 20.0, 20.0, 20.0, 20.0, 20.0, 20.0, 20.0, 20.0, 20.0, 20.0, 20.0, 20.0, 20.0, 20.0, 20.0, 20.0, 20.0, 20.0, 20.0, 20.0, 20.0, 20.0, 20.0, 20.0, 20.0, 20.0, 20.0, 20.0, 20.0, 20.0, 20.0, 20.0, 20.0, 20.0, 20.0, 20.0, 20.0, 20.0, 20.0, 20.0, 20.0, 20.0, 20.0, 20.0, 20.0, 20.0, 20.0, 20.0, 20.0, 6.370574206844151, 6.17501331039675, 6.25943712427153, 6.752406969200863, 20.0, 20.0, 20.0, 20.0, 20.0, 20.0, 14.120341597049928, 14.334065056929227]",-0.03410177991175445,-0.005995621325368461,0.8838,-3.6557,0.7989,1.9297,8.639,-0.1673,0.0078,-9.8264,15.3,,50.0,,,,0.3598,0.8081,0.8845,246.0,14.94,1.22388,1.5905,263.92,21.528,1,81.14,75.676,1,3,10,0.7,9.757,0,1.1483,0,0
1790741941.8411577,47.3979624,8.5464448,9.551000595092773,-0.13297875225543976,-1.6643205881118774,0.002804959425702691,270.42,0.012025435903155173,-1.7887195151752857,0.0,-90.01512036591282,6.34813743763695,19.999999942574625,0.025789499282836914,0.4351203659128373,4.988212243801399,1.6644742640401302,14.0,0.0,0.0915171906406585,"[20.0, 20.0, 13.53519286381798, 13.790528650056029, 14.165564638040516, 14.67638790686306, 15.346597164040459, 16.210219662444363, 17.316485613320275, 18.737856463170456, 20.0, 20.0, 20.0, 20.0, 20.0, 20.0, 20.0, 20.0, 20.0, 20.0, 20.0, 20.0, 20.0, 20.0, 20.0, 20.0, 20.0, 20.0, 20.0, 20.0, 20.0, 20.0, 20.0, 20.0, 20.0, 20.0, 20.0, 20.0, 20.0, 20.0, 20.0, 20.0, 20.0, 20.0, 20.0, 20.0, 20.0, 20.0, 20.0, 20.0, 20.0, 20.0, 20.0, 20.0, 20.0, 20.0, 20.0, 20.0, 20.0, 20.0, 7.009636408631734, 6.446434894746112, 6.34813743763695, 6.543981110269938, 20.0, 20.0, 20.0, 20.0, 20.0, 20.0, 14.614818421004113, 14.457097508331062]",-0.03410177991175445,-0.005995621325368461,0.9537,-3.396,0.6465,1.4952,5.0987,-0.1741,0.0055,-9.8116,15.3,,50.0,,,,0.4037,0.6801,0.7909,239.3,14.94,1.22388,1.6696,265.43,21.21,1,81.34,75.997,1,3,10,0.7,9.81,0,1.2742,0,0
1790741942.0421183,47.397962199999995,8.5464404,9.54900074005127,-0.09384089708328247,-1.7336821556091309,0.0035374369472265244,270.95,0.02706927952211285,-1.77502563996324,0.0,-90.00369519761813,6.560488115384143,19.99999995865373,0.005904138088226318,0.9536951976181172,4.048287411392669,1.7337074842364093,14.0,0.0,0.0371142107552618,"[20.0, 20.0, 13.852678770102985, 14.102108286428711, 14.472851695423891, 14.980705578875105, 15.648925800400512, 16.511067612128798, 17.61562581673937, 19.03380929919297, 20.0, 20.0, 20.0, 20.0, 20.0, 20.0, 20.0, 20.0, 20.0, 20.0, 20.0, 20.0, 20.0, 20.0, 20.0, 20.0, 20.0, 20.0, 20.0, 20.0, 20.0, 20.0, 20.0, 20.0, 20.0, 20.0, 20.0, 20.0, 20.0, 20.0, 20.0, 20.0, 20.0, 20.0, 20.0, 20.0, 20.0, 20.0, 20.0, 20.0, 20.0, 20.0, 20.0, 20.0, 20.0, 20.0, 20.0, 20.0, 20.0, 20.0, 20.0, 6.845685243169377, 6.560488115384143, 6.606269086015356, 7.058506687027228, 20.0, 20.0, 20.0, 20.0, 20.0, 15.113010608048356, 14.736096893373126]",-0.03410177991175445,-0.005995621325368461,1.0266,-2.9866,0.1142,2.279,0.9538,-0.1824,0.0116,-9.8159,15.3,,50.0,,,,0.4427,0.6797,0.8112,236.92,14.94,1.22388,1.7362,266.9,20.877,1,81.54,76.331,1,3,10,0.7,9.774,0,1.3306,0,0
1790741942.242879,47.3979621,8.5464358,9.547000885009766,-0.05326337739825249,-1.7832244634628296,0.003381681628525257,270.85,0.02427483087477496,-1.7778698309778858,0.0,-89.99667130981527,6.7771238141680445,19.999999970230686,-0.004984498023986816,0.8466713098152923,2.560866868037782,1.7832120536237754,14.0,0.0,0.0076234466851141875,"[20.0, 20.0, 14.204019488289358, 14.462072172590638, 14.844742703721447, 15.368356238914734, 16.056929764921104, 16.94511177267639, 18.08298667469147, 19.544129907031873, 20.0, 20.0, 20.0, 20.0, 20.0, 20.0, 20.0, 20.0, 20.0, 20.0, 20.0, 20.0, 20.0, 20.0, 20.0, 20.0, 20.0, 20.0, 20.0, 20.0, 20.0, 20.0, 20.0, 20.0, 20.0, 20.0, 20.0, 20.0, 20.0, 20.0, 20.0, 20.0, 20.0, 20.0, 20.0, 20.0, 20.0, 20.0, 20.0, 20.0, 20.0, 20.0, 20.0, 20.0, 20.0, 20.0, 20.0, 20.0, 20.0, 20.0, 20.0, 7.373961337210116, 6.840793908395844, 6.7771238141680445, 7.06175309366374, 20.0, 20.0, 20.0, 20.0, 20.0, 15.496538809169365, 15.072243781836313]",-0.03410177991175445,-0.005995621325368461,1.0177,-2.4448,-0.4385,2.4556,-1.5265,-0.1867,0.0048,-9.8031,15.3,,50.0,,,,0.5438,0.8699,1.0259,237.99,14.94,1.22388,1.784,268.29,20.535,1,81.74,76.675,1,3,10,0.7,9.793,0,1.2711,0,0
1790741942.4435449,47.3979621,8.546431199999999,9.54800033569336,-0.016332512721419334,-1.8120924234390259,0.002977064112201333,270.41,0.011795039934038958,-1.7895161651071672,0.0,-89.99447001782164,7.001405948300517,19.999999978566095,-0.007769584655761719,0.4044700178216658,0.9263967893222567,1.8120862950307466,14.0,0.0,0.031858699615360885,"[20.0, 20.0, 14.57495424332279, 14.850141413920975, 15.254248256373979, 15.804611068530805, 16.52665946162867, 17.457060308847876, 18.64886395323864, 20.0, 20.0, 20.0, 20.0, 20.0, 20.0, 20.0, 20.0, 20.0, 20.0, 20.0, 20.0, 20.0, 20.0, 20.0, 20.0, 20.0, 20.0, 20.0, 20.0, 20.0, 20.0, 20.0, 20.0, 20.0, 20.0, 20.0, 20.0, 20.0, 20.0, 20.0, 20.0, 20.0, 20.0, 20.0, 20.0, 20.0, 20.0, 20.0, 20.0, 20.0, 20.0, 20.0, 20.0, 20.0, 20.0, 20.0, 20.0, 20.0, 20.0, 20.0, 20.0, 20.0, 7.164296233451772, 7.001405948300517, 7.191348583231428, 20.0, 20.0, 20.0, 20.0, 20.0, 15.785675077708769, 15.43613452887405]",-0.03410177991175445,-0.005995621325368461,0.8505,-2.0428,-1.2372,1.4349,-2.401,-0.1887,0.0019,-9.8036,15.3,,50.0,,,,0.4362,0.8193,0.9282,241.97,14.94,1.22388,1.8122,269.48,20.188,1,81.94,77.023,1,3,10,0.7,9.782,0,1.3481,0,0
1790741942.6440973,47.3979621,8.546426499999999,9.547000885009766,0.011122598312795162,-1.8281086683273315,0.003415401093661785,269.94,-0.0017236784387520624,-1.7983640240599175,0.0,-89.99645357627315,7.2581599199286355,19.999999984567587,-0.00468289852142334,-0.06354642372684793,-0.4085952931868454,1.8281111285020768,14.0,0.0,0.03400662609630339,"[20.0, 20.0, 14.95029130661198, 15.244002615479332, 15.671142522487868, 16.250148265989413, 17.007987835082886, 17.983530704825377, 19.233075287215133, 20.0, 20.0, 20.0, 20.0, 20.0, 20.0, 20.0, 20.0, 20.0, 20.0, 20.0, 20.0, 20.0, 20.0, 20.0, 20.0, 20.0, 20.0, 20.0, 20.0, 20.0, 20.0, 20.0, 20.0, 20.0, 20.0, 20.0, 20.0, 20.0, 20.0, 20.0, 20.0, 20.0, 20.0, 20.0, 20.0, 20.0, 20.0, 20.0, 20.0, 20.0, 20.0, 20.0, 20.0, 20.0, 20.0, 20.0, 20.0, 20.0, 20.0, 20.0, 20.0, 20.0, 7.537461853110193, 7.2581599199286355, 7.3681960748141275, 8.219331541487982, 20.0, 20.0, 20.0, 20.0, 16.067192797152362, 15.813395592667078]",-0.03410177991175445,-0.005995621325368461,0.5635,-1.8666,-1.5884,0.4564,-1.917,-0.1965,-0.0039,-9.8012,15.3,,50.0,,,,0.4216,0.7334,0.846,240.11,14.94,1.22388,1.8281,270.35,19.839,1,82.14,77.372,1,3,10,0.7,9.791,0,1.4052,0,0
1790741942.8444731,47.3979621,8.5464219,9.547000885009766,0.025766707956790924,-1.8400599956512451,0.0036574453115463257,269.62,-0.010924085382392385,-1.790166065418979,0.0,-90.00038371098219,7.547747930087588,19.999999988888664,0.000476837158203125,-0.3796162890178323,-1.1822711952985123,1.8400593937092307,14.0,0.0,0.02293770477598222,"[20.0, 20.0, 15.322271936138762, 15.631301646627659, 16.077934858937308, 16.6815328676737, 17.470365555847017, 18.485171638691117, 19.78500465158955, 20.0, 20.0, 20.0, 20.0, 20.0, 20.0, 20.0, 20.0, 20.0, 20.0, 20.0, 20.0, 20.0, 20.0, 20.0, 20.0, 20.0, 20.0, 20.0, 20.0, 20.0, 20.0, 20.0, 20.0, 20.0, 20.0, 20.0, 20.0, 20.0, 20.0, 20.0, 20.0, 20.0, 20.0, 20.0, 20.0, 20.0, 20.0, 20.0, 20.0, 20.0, 20.0, 20.0, 20.0, 20.0, 20.0, 20.0, 20.0, 20.0, 20.0, 20.0, 20.0, 20.0, 8.006481055642945, 7.547747930087588, 7.569227574068384, 8.127373038498336, 20.0, 20.0, 20.0, 20.0, 16.385739488325402, 16.18722788732586]",-0.03410177991175445,-0.005995621325368461,0.2706,-1.8032,-1.2859,0.2713,-0.9089,-0.1987,-0.0152,-9.8098,15.3,,50.0,,,,0.3889,0.7846,0.8757,243.63,14.94,1.22388,1.8402,270.8,19.488,1,82.34,77.723,1,3,10,0.7,9.786,0,1.4024,0,0
1790741943.04548,47.397962199999995,8.5464172,9.545000076293945,0.028898268938064575,-1.8480867147445679,0.003945303615182638,269.52,-0.013789476218087647,-1.7876570097678077,0.0,-90.00444251600891,7.79267532207644,19.99999999199984,0.0052030086517333984,-0.47555748399111053,-1.3758529392550924,1.848079163530433,14.0,0.0,0.006921405628120152,"[20.0, 20.0, 15.684888763145885, 16.003799646167707, 16.46384844968755, 17.085005029423833, 17.89641263722655, 18.94006689988835, 20.0, 20.0, 20.0, 20.0, 20.0, 20.0, 20.0, 20.0, 20.0, 20.0, 20.0, 20.0, 20.0, 20.0, 20.0, 20.0, 20.0, 20.0, 20.0, 20.0, 20.0, 20.0, 20.0, 20.0, 20.0, 20.0, 20.0, 20.0, 20.0, 20.0, 20.0, 20.0, 20.0, 20.0, 20.0, 20.0, 20.0, 20.0, 20.0, 20.0, 20.0, 20.0, 20.0, 20.0, 20.0, 20.0, 20.0, 20.0, 20.0, 20.0, 20.0, 20.0, 20.0, 20.0, 8.82499959858734, 7.882508362278261, 7.79267532207644, 8.170930918417623, 20.0, 20.0, 20.0, 20.0, 16.752565954625563, 16.54026872094675]",-0.03410177991175445,-0.005995621325368461,0.0532,-1.6852,-0.8512,0.5196,0.0505,-0.2082,-0.0112,-9.8075,15.3,,50.0,,,,0.4433,0.7242,0.8491,238.53,14.94,1.22388,1.8483,270.9,19.136,1,82.54,78.075,1,3,10,0.7,9.798,0,1.4238,0,0
1790741943.2474656,47.397962199999995,8.546412499999999,9.540000915527344,0.02565964125096798,-1.8512901067733765,0.004591233097016811,269.59000000000003,-0.011802218143354673,-1.7895858425433628,0.0,-90.00821867642662,8.048572777579379,19.999999994239886,0.00908273458480835,-0.40178132357337404,-1.2040921881863218,1.851278094476008,14.0,0.0,0.005318551019101769,"[20.0, 20.0, 16.039964288898947, 16.364256368910564, 16.83268230431285, 17.4655563196055, 18.292535011959377, 19.356354898363698, 20.0, 20.0, 20.0, 20.0, 20.0, 20.0, 20.0, 20.0, 20.0, 20.0, 20.0, 20.0, 20.0, 20.0, 20.0, 20.0, 20.0, 20.0, 20.0, 20.0, 20.0, 20.0, 20.0, 20.0, 20.0, 20.0, 20.0, 20.0, 20.0, 20.0, 20.0, 20.0, 20.0, 20.0, 20.0, 20.0, 20.0, 20.0, 20.0, 20.0, 20.0, 20.0, 20.0, 20.0, 20.0, 20.0, 20.0, 20.0, 20.0, 20.0, 20.0, 20.0, 20.0, 20.0, 20.0, 8.286553501329355, 8.048572777579379, 8.278628057407952, 20.0, 20.0, 20.0, 20.0, 17.16425050523163, 16.875368682385847]",-0.03410177991175445,-0.005995621325368461,-0.049,-1.58,-0.2057,0.2876,0.702,-0.1996,-0.0155,-9.8115,15.3,,50.0,,,,0.2921,0.6958,0.7547,247.23,14.94,1.22388,1.8515,270.79,18.784,1,82.74,78.427,1,3,10,0.7,9.791,0,1.4741,0,0
1790741943.4474251,47.397962299999996,8.546407799999999,9.53700065612793,0.022363508120179176,-1.8533720970153809,0.00385153922252357,269.74,-0.007521673184102746,-1.7936265055825045,0.0,-90.01339715262554,8.348715062210546,19.99999999585272,0.013981282711029053,-0.24660284737444726,-0.9513195960024803,1.8533554707383326,14.0,0.0,0.011231561023365132,"[20.0, 20.0, 16.393820961750052, 16.721245301618143, 17.19555064999269, 17.8372647266029, 18.676379819421648, 19.75611921994253, 20.0, 20.0, 20.0, 20.0, 20.0, 20.0, 20.0, 20.0, 20.0, 20.0, 20.0, 20.0, 20.0, 20.0, 20.0, 20.0, 20.0, 20.0, 20.0, 20.0, 20.0, 20.0, 20.0, 20.0, 20.0, 20.0, 20.0, 20.0, 20.0, 20.0, 20.0, 20.0, 20.0, 20.0, 20.0, 20.0, 20.0, 20.0, 20.0, 20.0, 20.0, 20.0, 20.0, 20.0, 20.0, 20.0, 20.0, 20.0, 20.0, 20.0, 20.0, 20.0, 20.0, 20.0, 20.0, 8.807672833777278, 8.348715062210546, 8.44347053673498, 20.0, 20.0, 20.0, 20.0, 17.613971162112918, 17.207484975864745]",-0.03410177991175445,-0.005995621325368461,-0.0671,-1.5251,0.0338,0.0745,0.8279,-0.2126,-0.0085,-9.8182,15.3,,50.0,,,,0.2077,0.6152,0.6493,251.35,14.94,1.22388,1.8535,270.69,18.429,1,82.94,78.783,1,3,10,0.7,9.784,0,1.5289,0,0
1790741943.6492848,47.397962299999996,8.546403,9.535000801086426,0.01938345469534397,-1.8546128273010254,0.003189356066286564,269.9,-0.002935330637331057,-1.797920199782755,0.0,-90.01928100604141,8.65744529727305,19.99999999701396,0.0190160870552063,-0.08071899395858395,-0.6988040710414456,1.8545925100931737,14.0,0.0,0.012052929604100846,"[20.0, 20.0, 16.74925284488817, 17.07939941598515, 17.559145582253308, 18.20921028418233, 19.059892055808888, 20.0, 20.0, 20.0, 20.0, 20.0, 20.0, 20.0, 20.0, 20.0, 20.0, 20.0, 20.0, 20.0, 20.0, 20.0, 20.0, 20.0, 20.0, 20.0, 20.0, 20.0, 20.0, 20.0, 20.0, 20.0, 20.0, 20.0, 20.0, 20.0, 20.0, 20.0, 20.0, 20.0, 20.0, 20.0, 20.0, 20.0, 20.0, 20.0, 20.0, 20.0, 20.0, 20.0, 20.0, 20.0, 20.0, 20.0, 20.0, 20.0, 20.0, 20.0, 20.0, 20.0, 20.0, 20.0, 20.0, 9.727467901909327, 8.6983923688282, 8.65744529727305, 9.293371400920432, 20.0, 20.0, 20.0, 18.09386916632701, 17.544149965409623]",-0.03410177991175445,-0.005995621325368461,-0.048,-1.5088,0.0919,0.0213,0.6836,-0.2065,-0.0091,-9.816,15.3,,50.0,,,,0.3133,0.6922,0.7598,245.65,14.94,1.22388,1.8547,270.6,18.071,1,83.14,79.141,1,3,10,0.7,9.824,0,1.4748,0,0
1790741943.8487408,47.3979624,8.5463982,9.535000801086426,0.01952943205833435,-1.8581424951553345,0.0023491731844842434,269.99,-0.0003574688934470764,-1.7995558630351847,0.0,-90.02726745455823,8.917237247857752,19.99999999785005,0.025425314903259277,0.01726745455820833,-0.6121673996787732,1.8581141413309903,14.0,0.0,0.007180221218381005,"[20.0, 20.0, 17.112284315913396, 17.447074409705117, 17.934441369718222, 18.595408195524936, 19.460733870250397, 20.0, 20.0, 20.0, 20.0, 20.0, 20.0, 20.0, 20.0, 20.0, 20.0, 20.0, 20.0, 20.0, 20.0, 20.0, 20.0, 20.0, 20.0, 20.0, 20.0, 20.0, 20.0, 20.0, 20.0, 20.0, 20.0, 20.0, 20.0, 20.0, 20.0, 20.0, 20.0, 20.0, 20.0, 20.0, 20.0, 20.0, 20.0, 20.0, 20.0, 20.0, 20.0, 20.0, 20.0, 20.0, 20.0, 20.0, 20.0, 20.0, 20.0, 20.0, 20.0, 20.0, 20.0, 20.0, 20.0, 20.0, 9.10370784209729, 8.917237247857752, 9.330822459601205, 20.0, 20.0, 20.0, 18.57672711423473, 17.893193006907925]",-0.03410177991175445,-0.005995621325368461,-0.0074,-1.4992,0.1348,0.0399,0.2878,-0.216,-0.012,-9.8034,15.3,,50.0,,,,0.291,0.8544,0.9027,251.19,14.94,1.22388,1.8582,270.6,17.709,1,83.34,79.503,1,3,10,0.7,9.795,0,1.4069,0,0
1790741944.0499623,47.3979624,8.5463934,9.538000106811523,0.021038994193077087,-1.8617550134658813,0.0014365881215780973,270.02,0.00048543760125338515,-1.7985412180524778,0.0,-90.03669383985016,9.212814732280387,19.999999998452036,0.03236949443817139,0.05669383985014065,-0.6274505261026032,1.8617148499235865,14.0,0.0,0.002877305553782588,"[20.0, 20.0, 17.480152947548884, 17.82128520569288, 18.31818443170854, 18.9922763270967, 19.87491452056112, 20.0, 20.0, 20.0, 20.0, 20.0, 20.0, 20.0, 20.0, 20.0, 20.0, 20.0, 20.0, 20.0, 20.0, 20.0, 20.0, 20.0, 20.0, 20.0, 20.0, 20.0, 20.0, 20.0, 20.0, 20.0, 20.0, 20.0, 20.0, 20.0, 20.0, 20.0, 20.0, 20.0, 20.0, 20.0, 20.0, 20.0, 20.0, 20.0, 20.0, 20.0, 20.0, 20.0, 20.0, 20.0, 20.0, 20.0, 20.0, 20.0, 20.0, 20.0, 20.0, 20.0, 20.0, 20.0, 20.0, 20.0, 9.575796195628858, 9.212814732280387, 9.477120943144008, 20.0, 20.0, 20.0, 19.055857479579196, 18.249324714215195]",-0.03410177991175445,-0.005995621325368461,0.0117,-1.465,0.045,0.2656,-0.0099,-0.2031,-0.0013,-9.8046,15.3,,50.0,,,,0.2256,0.7311,0.7651,252.85,14.94,1.22388,1.8619,270.65,17.345,1,83.55,79.867,1,3,10,0.7,9.78,0,1.4793,0,0
1790741944.25186,47.3979625,8.546388499999999,9.542000770568848,0.021590454503893852,-1.8663710355758667,0.0005293752765282989,270.0,-0.00011553166115080851,-1.798816593514371,0.0,-90.04599881934712,9.541333277589432,19.999999998885468,0.03839993476867676,0.045998819347147446,-0.6627764364866837,1.8663204754835554,14.0,0.0,0.0007797628189077849,"[20.0, 20.0, 17.854521324420727, 18.203541667545455, 18.711726193939487, 19.40099299389588, 20.0, 20.0, 20.0, 20.0, 20.0, 20.0, 20.0, 20.0, 20.0, 20.0, 20.0, 20.0, 20.0, 20.0, 20.0, 20.0, 20.0, 20.0, 20.0, 20.0, 20.0, 20.0, 20.0, 20.0, 20.0, 20.0, 20.0, 20.0, 20.0, 20.0, 20.0, 20.0, 20.0, 20.0, 20.0, 20.0, 20.0, 20.0, 20.0, 20.0, 20.0, 20.0, 20.0, 20.0, 20.0, 20.0, 20.0, 20.0, 20.0, 20.0, 20.0, 20.0, 20.0, 20.0, 20.0, 20.0, 20.0, 20.0, 10.164832682013806, 9.541333277589432, 9.67993983819266, 20.0, 20.0, 20.0, 19.532483851897254, 18.612439988192175]",-0.03410177991175445,-0.005995621325368461,0.0112,-1.4089,0.0385,0.3313,-0.229,-0.2046,0.0076,-9.8041,15.3,,50.0,,,,0.101,0.7633,0.77,262.47,14.94,1.22388,1.8665,270.66,16.978,1,83.75,80.235,1,3,10,0.7,9.739,0,1.4815,0,0
1790741944.4524934,47.3979625,8.5463836,9.545000076293945,0.01952063851058483,-1.8714573383331299,0.0004809288657270372,269.95,-0.0015767268596896494,-1.7999380794253204,0.0,-90.0523811057027,9.903175767489342,19.999999999197538,0.04138451814651489,0.002381105702681907,-0.64761428561741,1.8714060864022237,14.0,0.0,0.00316857016958009,"[20.0, 20.0, 18.23521401926933, 18.59316300073513, 19.113826507867177, 19.819675694264564, 20.0, 20.0, 20.0, 20.0, 20.0, 20.0, 20.0, 20.0, 20.0, 20.0, 20.0, 20.0, 20.0, 20.0, 20.0, 20.0, 20.0, 20.0, 20.0, 20.0, 20.0, 20.0, 20.0, 20.0, 20.0, 20.0, 20.0, 20.0, 20.0, 20.0, 20.0, 20.0, 20.0, 20.0, 20.0, 20.0, 20.0, 20.0, 20.0, 20.0, 20.0, 20.0, 20.0, 20.0, 20.0, 20.0, 20.0, 20.0, 20.0, 20.0, 20.0, 20.0, 20.0, 20.0, 20.0, 20.0, 20.0, 20.0, 20.0, 9.903175767489342, 9.919592973975512, 20.0, 20.0, 20.0, 20.0, 18.981185485456585]",-0.03410177991175445,-0.005995621325368461,0.0157,-1.3353,0.0846,0.3928,-0.2678,-0.2069,-0.0032,-9.7966,15.3,,50.0,,,,0.1793,0.6639,0.6877,254.88,14.94,1.22388,1.8716,270.6,16.606,1,83.95,80.607,1,3,10,0.7,9.744,0,1.5277,0,0
1790741944.6531506,47.3979625,8.546378599999999,9.546000480651855,0.01695171743631363,-1.8741313219070435,0.0010873543797060847,269.92,-0.002455540729667804,-1.7994156353478472,0.0,-90.05734529966554,10.185899399513918,19.999999999422226,0.042900800704956055,-0.022654700334442168,-0.5982322961874513,1.874083120947231,14.0,0.0,0.0018310805701898514,"[20.0, 20.0, 18.615970808457966, 18.982304954897344, 19.51484740523469, 20.0, 20.0, 20.0, 20.0, 20.0, 20.0, 20.0, 20.0, 20.0, 20.0, 20.0, 20.0, 20.0, 20.0, 20.0, 20.0, 20.0, 20.0, 20.0, 20.0, 20.0, 20.0, 20.0, 20.0, 20.0, 20.0, 20.0, 20.0, 20.0, 20.0, 20.0, 20.0, 20.0, 20.0, 20.0, 20.0, 20.0, 20.0, 20.0, 20.0, 20.0, 20.0, 20.0, 20.0, 20.0, 20.0, 20.0, 20.0, 20.0, 20.0, 20.0, 20.0, 20.0, 20.0, 20.0, 20.0, 20.0, 20.0, 20.0, 20.0, 10.303312429839801, 10.185899399513918, 11.094148511964448, 20.0, 20.0, 20.0, 19.349765408330505]",-0.03410177991175445,-0.005995621325368461,0.0306,-1.2693,0.0362,0.193,-0.1985,-0.2129,-0.0016,-9.7915,15.3,,50.0,,,,0.1309,0.6685,0.6812,258.93,14.94,1.22388,1.8742,270.52,16.233,1,84.15,80.98,1,3,10,0.7,9.764,0,1.5336,0,0
1790741944.8539517,47.3979625,8.546373299999999,9.547000885009766,0.016064494848251343,-1.8723334074020386,0.0012258102651685476,269.89,-0.003334836731916834,-1.7987822318196391,0.0,-90.06278616375351,10.476220496619213,19.999999999584002,0.04451632499694824,-0.047213836246498886,-0.6015818765688059,1.872284267818967,14.0,0.0,0.001795026360188174,"[20.0, 20.0, 18.99470535015856, 19.369422299310305, 19.91382742699163, 20.0, 20.0, 20.0, 20.0, 20.0, 20.0, 20.0, 20.0, 20.0, 20.0, 20.0, 20.0, 20.0, 20.0, 20.0, 20.0, 20.0, 20.0, 20.0, 20.0, 20.0, 20.0, 20.0, 20.0, 20.0, 20.0, 20.0, 20.0, 20.0, 20.0, 20.0, 20.0, 20.0, 20.0, 20.0, 20.0, 20.0, 20.0, 20.0, 20.0, 20.0, 20.0, 20.0, 20.0, 20.0, 20.0, 20.0, 20.0, 20.0, 20.0, 20.0, 20.0, 20.0, 20.0, 20.0, 20.0, 20.0, 20.0, 20.0, 20.0, 10.747443371570254, 10.476220496619213, 11.082347391867165, 20.0, 20.0, 20.0, 19.716671472824682]",-0.03410177991175445,-0.005995621325368461,0.0322,-1.227,-0.0563,0.0674,-0.0601,-0.2091,-0.0075,-9.7949,15.3,,50.0,,,,0.0553,0.6156,0.6181,264.86,14.94,1.22388,1.8724,270.49,15.863,1,84.35,81.351,1,3,10,0.7,9.77,0,1.5634,0,0
1790741945.054524,47.3979625,8.5463684,9.546000480651855,0.01536378264427185,-1.8695741891860962,0.0016013090498745441,269.88,-0.0036333328782813187,-1.7986265099717305,0.0,-90.06675921715151,10.789180424205627,19.99999999970048,0.04488348960876465,-0.05324078284849065,-0.5908345317459166,1.8695252404005807,14.0,0.0,0.0004402762699731808,"[20.0, 20.0, 19.37201310172706, 19.75448954418337, 20.0, 20.0, 20.0, 20.0, 20.0, 20.0, 20.0, 20.0, 20.0, 20.0, 20.0, 20.0, 20.0, 20.0, 20.0, 20.0, 20.0, 20.0, 20.0, 20.0, 20.0, 20.0, 20.0, 20.0, 20.0, 20.0, 20.0, 20.0, 20.0, 20.0, 20.0, 20.0, 20.0, 20.0, 20.0, 20.0, 20.0, 20.0, 20.0, 20.0, 20.0, 20.0, 20.0, 20.0, 20.0, 20.0, 20.0, 20.0, 20.0, 20.0, 20.0, 20.0, 20.0, 20.0, 20.0, 20.0, 20.0, 20.0, 20.0, 20.0, 20.0, 11.26406866040595, 10.789180424205627, 11.209747898124315, 20.0, 20.0, 20.0, 20.0]",-0.03410177991175445,-0.005995621325368461,0.0241,-1.2147,0.0098,0.0596,-0.0601,-0.2055,0.0025,-9.7945,15.3,,50.0,,,,0.135,0.6837,0.6969,258.83,14.94,1.22388,1.8696,270.47,15.493,1,84.55,81.722,1,3,10,0.7,9.785,0,1.5212,0,0
1790741945.2559266,47.3979625,8.546363399999999,9.545000076293945,0.013695323839783669,-1.8677853345870972,0.001573454006575048,269.88,-0.0036363186814650085,-1.7986564888949093,0.0,-90.0679239984022,11.126996048149216,19.999999999784347,0.043313443660736084,-0.05207600159781123,-0.5401072673868408,1.8677415974887632,14.0,0.0,8.493188637045128e-05,"[20.0, 20.0, 19.74996166637817, 20.0, 20.0, 20.0, 20.0, 20.0, 20.0, 20.0, 20.0, 20.0, 20.0, 20.0, 20.0, 20.0, 20.0, 20.0, 20.0, 20.0, 20.0, 20.0, 20.0, 20.0, 20.0, 20.0, 20.0, 20.0, 20.0, 20.0, 20.0, 20.0, 20.0, 20.0, 20.0, 20.0, 20.0, 20.0, 20.0, 20.0, 20.0, 20.0, 20.0, 20.0, 20.0, 20.0, 20.0, 20.0, 20.0, 20.0, 20.0, 20.0, 20.0, 20.0, 20.0, 20.0, 20.0, 20.0, 20.0, 20.0, 20.0, 20.0, 20.0, 20.0, 20.0, 11.946563003005917, 11.126996048149216, 11.395168860729164, 20.0, 20.0, 20.0, 20.0]",-0.03410177991175445,-0.005995621325368461,0.0173,-1.2046,0.0095,0.0703,0.0293,-0.2031,0.0063,-9.8116,15.3,,50.0,,,,0.1361,0.646,0.6602,258.1,14.94,1.22388,1.8678,270.42,15.121,1,84.75,82.094,1,3,10,0.7,9.773,0,1.5377,0,0
1790741945.4564574,47.3979625,8.5463585,9.544000625610352,0.010651854798197746,-1.8659451007843018,0.001455881865695119,269.9,-0.003053670765380498,-1.7991128989404854,0.0,-90.06561492580738,11.491190330587349,19.99999999984473,0.039701104164123535,-0.03438507419267012,-0.4270726959317002,1.8659121639791616,14.0,0.0,0.0012899967463420924,"[20.0, 20.0, 20.0, 20.0, 20.0, 20.0, 20.0, 20.0, 20.0, 20.0, 20.0, 20.0, 20.0, 20.0, 20.0, 20.0, 20.0, 20.0, 20.0, 20.0, 20.0, 20.0, 20.0, 20.0, 20.0, 20.0, 20.0, 20.0, 20.0, 20.0, 20.0, 20.0, 20.0, 20.0, 20.0, 20.0, 20.0, 20.0, 20.0, 20.0, 20.0, 20.0, 20.0, 20.0, 20.0, 20.0, 20.0, 20.0, 20.0, 20.0, 20.0, 20.0, 20.0, 20.0, 20.0, 20.0, 20.0, 20.0, 20.0, 20.0, 20.0, 20.0, 20.0, 20.0, 20.0, 20.0, 11.491190330587349, 11.615544741114597, 20.0, 20.0, 20.0, 20.0]",-0.03410177991175445,-0.005995621325368461,0.0266,-1.1889,0.0786,0.0631,0.0588,-0.2112,0.0043,-9.8075,15.3,,50.0,,,,0.0154,0.6294,0.6296,268.6,14.94,1.22388,1.866,270.33,14.751,1,84.95,82.466,1,3,10,0.7,9.775,0,1.5512,0,0
1790741945.6569023,47.3979624,8.5463536,9.543000221252441,0.007589070126414299,-1.8604044914245605,0.001286693150177598,269.92,-0.0024669594854522404,-1.7995309195916114,0.0,-90.06182724139853,11.863079644113197,19.999999999888203,0.03552854061126709,-0.018172758601480155,-0.3137229773629526,1.8603818867820798,14.0,0.0,0.0011876799412285958,"[20.0, 20.0, 20.0, 20.0, 20.0, 20.0, 20.0, 20.0, 20.0, 20.0, 20.0, 20.0, 20.0, 20.0, 20.0, 20.0, 20.0, 20.0, 20.0, 20.0, 20.0, 20.0, 20.0, 20.0, 20.0, 20.0, 20.0, 20.0, 20.0, 20.0, 20.0, 20.0, 20.0, 20.0, 20.0, 20.0, 20.0, 20.0, 20.0, 20.0, 20.0, 20.0, 20.0, 20.0, 20.0, 20.0, 20.0, 20.0, 20.0, 20.0, 20.0, 20.0, 20.0, 20.0, 20.0, 20.0, 20.0, 20.0, 20.0, 20.0, 20.0, 20.0, 20.0, 20.0, 20.0, 20.0, 11.880969308232977, 11.863079644113197, 20.0, 20.0, 20.0, 20.0]",-0.03410177991175445,-0.005995621325368461,0.0527,-1.1945,0.1712,-0.1142,0.0676,-0.2151,-0.0052,-9.8112,15.3,,50.0,,,,0.1311,0.6475,0.6606,258.56,14.94,1.22388,1.8604,270.23,14.385,1,85.15,82.833,1,3,10,0.7,9.73,0,1.5301,0,0
1790741945.8574083,47.3979624,8.546348799999999,9.541000366210938,0.005305371712893248,-1.8546191453933716,0.0015472302911803126,269.94,-0.0018795335708431337,-1.7999441325151533,0.0,-90.05786558632656,12.133125291025685,19.999999999919506,0.03159964084625244,-0.0021344136734740005,-0.2239013484218888,1.8546037951091507,14.0,0.0,0.0011719825698522895,"[20.0, 20.0, 20.0, 20.0, 20.0, 20.0, 20.0, 20.0, 20.0, 20.0, 20.0, 20.0, 20.0, 20.0, 20.0, 20.0, 20.0, 20.0, 20.0, 20.0, 20.0, 20.0, 20.0, 20.0, 20.0, 20.0, 20.0, 20.0, 20.0, 20.0, 20.0, 20.0, 20.0, 20.0, 20.0, 20.0, 20.0, 20.0, 20.0, 20.0, 20.0, 20.0, 20.0, 20.0, 20.0, 20.0, 20.0, 20.0, 20.0, 20.0, 20.0, 20.0, 20.0, 20.0, 20.0, 20.0, 20.0, 20.0, 20.0, 20.0, 20.0, 20.0, 20.0, 20.0, 20.0, 20.0, 12.303176368766863, 12.133125291025685, 20.0, 20.0, 20.0, 20.0]",-0.03410177991175445,-0.005995621325368461,0.0774,-1.2295,0.1512,-0.1706,0.0125,-0.2101,-0.0073,-9.808,15.3,,50.0,,,,0.2458,0.7938,0.831,252.79,14.94,1.22388,1.8546,270.16,14.022,1,85.35,83.197,1,3,10,0.7,9.765,0,1.4391,0,0
1790741946.059219,47.3979624,8.5463439,9.539000511169434,0.00394789082929492,-1.8514882326126099,0.0013151478487998247,269.95,-0.0015804163288925064,-1.799899981719025,0.0,-90.05386245879458,12.425241563037304,19.999999999942045,0.027953743934631348,0.0038624587945434996,-0.17217044413383342,1.8514772711478027,14.0,0.0,0.0004376984680766972,"[20.0, 20.0, 20.0, 20.0, 20.0, 20.0, 20.0, 20.0, 20.0, 20.0, 20.0, 20.0, 20.0, 20.0, 20.0, 20.0, 20.0, 20.0, 20.0, 20.0, 20.0, 20.0, 20.0, 20.0, 20.0, 20.0, 20.0, 20.0, 20.0, 20.0, 20.0, 20.0, 20.0, 20.0, 20.0, 20.0, 20.0, 20.0, 20.0, 20.0, 20.0, 20.0, 20.0, 20.0, 20.0, 20.0, 20.0, 20.0, 20.0, 20.0, 20.0, 20.0, 20.0, 20.0, 20.0, 20.0, 20.0, 20.0, 20.0, 20.0, 20.0, 20.0, 20.0, 20.0, 20.0, 20.0, 12.770939180914437, 12.425241563037304, 20.0, 20.0, 20.0, 20.0]",-0.03410177991175445,-0.005995621325368461,0.0972,-1.253,0.1082,-0.0678,-0.0771,-0.2138,-0.0052,-9.804,15.3,,50.0,,,,0.1303,0.8699,0.8796,261.48,14.94,1.22388,1.8515,270.12,13.659,1,85.55,83.561,1,3,10,0.7,9.761,0,1.4117,0,0
1790741946.2595074,47.3979624,8.546339099999999,9.540000915527344,0.005077925976365805,-1.8483103513717651,0.00062162009999156,269.94,-0.0018672133730625313,-1.7998194007141843,0.0,-90.05301487768429,12.73676834920207,19.999999999958273,0.02615278959274292,-0.006985122315711578,-0.21741025034765962,1.8482978945286346,14.0,0.0,0.0007923537976428818,"[20.0, 20.0, 20.0, 20.0, 20.0, 20.0, 20.0, 20.0, 20.0, 20.0, 20.0, 20.0, 20.0, 20.0, 20.0, 20.0, 20.0, 20.0, 20.0, 20.0, 20.0, 20.0, 20.0, 20.0, 20.0, 20.0, 20.0, 20.0, 20.0, 20.0, 20.0, 20.0, 20.0, 20.0, 20.0, 20.0, 20.0, 20.0, 20.0, 20.0, 20.0, 20.0, 20.0, 20.0, 20.0, 20.0, 20.0, 20.0, 20.0, 20.0, 20.0, 20.0, 20.0, 20.0, 20.0, 20.0, 20.0, 20.0, 20.0, 20.0, 20.0, 20.0, 20.0, 20.0, 20.0, 20.0, 13.302505085064046, 12.73676834920207, 13.600389371149115, 20.0, 20.0, 20.0]",-0.03410177991175445,-0.005995621325368461,0.1044,-1.2628,-0.0341,-0.0578,0.007,-0.211,-0.0079,-9.812,15.3,,50.0,,,,0.0993,0.9343,0.9395,263.93,14.94,1.22388,1.8483,270.16,13.297,1,85.75,83.924,1,3,10,0.7,9.746,0,1.3785,0,0
1790741946.4596915,47.3979624,8.5463342,9.540000915527344,0.007575471419841051,-1.848252296447754,0.0004499784263316542,269.93,-0.002163245697153323,-1.799636118941576,0.0,-90.05590173685903,13.06827789887926,19.99999999996996,0.026202917098999023,-0.01409826314099405,-0.3048381281435983,1.8482346741620244,14.0,0.0,0.0005216002176419654,"[20.0, 20.0, 20.0, 20.0, 20.0, 20.0, 20.0, 20.0, 20.0, 20.0, 20.0, 20.0, 20.0, 20.0, 20.0, 20.0, 20.0, 20.0, 20.0, 20.0, 20.0, 20.0, 20.0, 20.0, 20.0, 20.0, 20.0, 20.0, 20.0, 20.0, 20.0, 20.0, 20.0, 20.0, 20.0, 20.0, 20.0, 20.0, 20.0, 20.0, 20.0, 20.0, 20.0, 20.0, 20.0, 20.0, 20.0, 20.0, 20.0, 20.0, 20.0, 20.0, 20.0, 20.0, 20.0, 20.0, 20.0, 20.0, 20.0, 20.0, 20.0, 20.0, 20.0, 20.0, 20.0, 20.0, 14.005368571264087, 13.06827789887926, 13.685942517279772, 20.0, 20.0, 20.0]",-0.03410177991175445,-0.005995621325368461,0.0873,-1.2615,-0.1219,0.1334,-0.0184,-0.2096,-0.0015,-9.8009,15.3,,50.0,,,,0.2687,0.9113,0.9501,253.57,14.94,1.22388,1.8483,270.23,12.932,1,85.96,84.29,1,3,10,0.7,9.762,0,1.3732,0,0
1790741946.661036,47.3979624,8.5463294,9.53700065612793,0.009455868974328041,-1.8492149114608765,0.0011219236766919494,269.91,-0.0027524426031023132,-1.7992422381807662,0.0,-90.06062249673289,13.417898008021911,19.99999999997837,0.026991605758666992,-0.029377503267113525,-0.3829765807749267,1.849192298058433,14.0,0.0,0.0011149270642539866,"[20.0, 20.0, 20.0, 20.0, 20.0, 20.0, 20.0, 20.0, 20.0, 20.0, 20.0, 20.0, 20.0, 20.0, 20.0, 20.0, 20.0, 20.0, 20.0, 20.0, 20.0, 20.0, 20.0, 20.0, 20.0, 20.0, 20.0, 20.0, 20.0, 20.0, 20.0, 20.0, 20.0, 20.0, 20.0, 20.0, 20.0, 20.0, 20.0, 20.0, 20.0, 20.0, 20.0, 20.0, 20.0, 20.0, 20.0, 20.0, 20.0, 20.0, 20.0, 20.0, 20.0, 20.0, 20.0, 20.0, 20.0, 20.0, 20.0, 20.0, 20.0, 20.0, 20.0, 20.0, 20.0, 20.0, 20.0, 13.417898008021911, 13.863856230170965, 20.0, 20.0, 20.0]",-0.03410177991175445,-0.005995621325368461,0.0561,-1.2355,-0.1577,0.1767,0.0243,-0.2116,-0.0057,-9.8146,15.3,,50.0,,,,0.3403,0.8409,0.9071,247.97,14.94,1.22388,1.8492,270.29,12.565,1,86.16,84.658,1,3,10,0.7,9.779,0,1.3957,0,0
1790741946.861421,47.3979624,8.546324499999999,9.53700065612793,0.009417016990482807,-1.8491535186767578,0.0009253133903257549,269.91,-0.0027597238270606855,-1.7993156463169928,0.0,-90.06347599918075,13.78607302727073,19.99999999998443,0.026839256286621094,-0.026524000819222238,-0.38178251528803986,1.8491303978262754,14.0,0.0,0.00020848068593479397,"[20.0, 20.0, 20.0, 20.0, 20.0, 20.0, 20.0, 20.0, 20.0, 20.0, 20.0, 20.0, 20.0, 20.0, 20.0, 20.0, 20.0, 20.0, 20.0, 20.0, 20.0, 20.0, 20.0, 20.0, 20.0, 20.0, 20.0, 20.0, 20.0, 20.0, 20.0, 20.0, 20.0, 20.0, 20.0, 20.0, 20.0, 20.0, 20.0, 20.0, 20.0, 20.0, 20.0, 20.0, 20.0, 20.0, 20.0, 20.0, 20.0, 20.0, 20.0, 20.0, 20.0, 20.0, 20.0, 20.0, 20.0, 20.0, 20.0, 20.0, 20.0, 20.0, 20.0, 20.0, 20.0, 20.0, 20.0, 13.78607302727073, 14.0776408032806, 20.0, 20.0, 20.0]",-0.03410177991175445,-0.005995621325368461,0.0352,-1.2055,-0.0245,0.1975,0.0186,-0.217,-0.0105,-9.8156,15.3,,50.0,,,,0.3141,0.8656,0.9208,250.05,14.94,1.22388,1.8492,270.29,12.199,1,86.36,85.026,1,3,10,0.7,9.784,0,1.3888,0,0
1790741947.062216,47.3979624,8.5463196,9.535000801086426,0.008481520228087902,-1.8465758562088013,0.0008749741245992482,269.92,-0.0024753339020995415,-1.7996154519038574,0.0,-90.06511390260897,14.173490269937334,19.999999999988788,0.02614438533782959,-0.014886097391013209,-0.34316378717594737,1.8465546004792563,14.0,0.0,0.0008499239601660228,"[20.0, 20.0, 20.0, 20.0, 20.0, 20.0, 20.0, 20.0, 20.0, 20.0, 20.0, 20.0, 20.0, 20.0, 20.0, 20.0, 20.0, 20.0, 20.0, 20.0, 20.0, 20.0, 20.0, 20.0, 20.0, 20.0, 20.0, 20.0, 20.0, 20.0, 20.0, 20.0, 20.0, 20.0, 20.0, 20.0, 20.0, 20.0, 20.0, 20.0, 20.0, 20.0, 20.0, 20.0, 20.0, 20.0, 20.0, 20.0, 20.0, 20.0, 20.0, 20.0, 20.0, 20.0, 20.0, 20.0, 20.0, 20.0, 20.0, 20.0, 20.0, 20.0, 20.0, 20.0, 20.0, 20.0, 20.0, 14.173490269937334, 14.317439471353051, 20.0, 20.0, 20.0]",-0.03410177991175445,-0.005995621325368461,0.0315,-1.1932,-0.0583,-0.0156,0.038,-0.2118,-0.0013,-9.8069,15.3,,50.0,,,,0.3323,0.8137,0.879,247.79,14.94,1.22388,1.8466,270.26,11.833,1,86.56,85.393,1,3,10,0.7,9.761,0,1.4071,0,0
1790741947.262555,47.3979624,8.5463147,9.535000801086426,0.008061083033680916,-1.8438798189163208,0.0005023512640036643,269.93,-0.0021932627214995256,-1.7999395295985607,0.0,-90.06770039523394,14.579968756240838,19.99999999999193,0.025805652141571045,-0.002299604766022867,-0.32048438023499654,1.8438590348541055,14.0,0.0,0.0009233100979825949,"[20.0, 20.0, 20.0, 20.0, 20.0, 20.0, 20.0, 20.0, 20.0, 20.0, 20.0, 20.0, 20.0, 20.0, 20.0, 20.0, 20.0, 20.0, 20.0, 20.0, 20.0, 20.0, 20.0, 20.0, 20.0, 20.0, 20.0, 20.0, 20.0, 20.0, 20.0, 20.0, 20.0, 20.0, 20.0, 20.0, 20.0, 20.0, 20.0, 20.0, 20.0, 20.0, 20.0, 20.0, 20.0, 20.0, 20.0, 20.0, 20.0, 20.0, 20.0, 20.0, 20.0, 20.0, 20.0, 20.0, 20.0, 20.0, 20.0, 20.0, 20.0, 20.0, 20.0, 20.0, 20.0, 20.0, 20.0, 14.583854719205416, 14.579968756240838, 20.0, 20.0, 20.0]",-0.03410177991175445,-0.005995621325368461,0.0358,-1.2017,-0.0216,-0.0979,0.008,-0.2102,-0.0064,-9.805,15.3,,50.0,,,,0.4231,0.8347,0.9358,243.12,14.94,1.22388,1.8439,270.25,11.467,1,86.76,85.759,1,3,10,0.7,9.774,0,1.376,0,0
1790741947.4632874,47.3979624,8.5463098,9.534000396728516,0.008384423330426216,-1.8446500301361084,0.00026476976927369833,269.93,-0.002214464269280413,-1.7998395733962231,0.0,-90.0761854286958,14.865977380833915,19.999999999994188,0.027544677257537842,0.006185428695800965,-0.33042271133701717,1.8446259782168914,14.0,0.0,0.0006194957432211405,"[20.0, 20.0, 20.0, 20.0, 20.0, 20.0, 20.0, 20.0, 20.0, 20.0, 20.0, 20.0, 20.0, 20.0, 20.0, 20.0, 20.0, 20.0, 20.0, 20.0, 20.0, 20.0, 20.0, 20.0, 20.0, 20.0, 20.0, 20.0, 20.0, 20.0, 20.0, 20.0, 20.0, 20.0, 20.0, 20.0, 20.0, 20.0, 20.0, 20.0, 20.0, 20.0, 20.0, 20.0, 20.0, 20.0, 20.0, 20.0, 20.0, 20.0, 20.0, 20.0, 20.0, 20.0, 20.0, 20.0, 20.0, 20.0, 20.0, 20.0, 20.0, 20.0, 20.0, 20.0, 20.0, 20.0, 20.0, 15.023793073271946, 14.865977380833915, 20.0, 20.0, 20.0]",-0.03410177991175445,-0.005995621325368461,0.0347,-1.1962,0.0211,0.0551,-0.0032,-0.2142,-0.0013,-9.8041,15.3,,50.0,,,,0.4026,0.9955,1.0739,247.98,14.94,1.22388,1.8447,270.26,11.098,1,86.96,86.13,1,3,10,0.7,9.751,0,1.3077,0,0
1790741947.6653438,47.3979624,8.5463048,9.534000396728516,0.008780485950410366,-1.8477815389633179,0.0004864275979343802,269.92,-0.00252766765385771,-1.799848794457687,0.0,-90.08581083400992,15.171367194415666,19.999999999995815,0.029394686222076416,0.005810834009935206,-0.35226216401670246,1.8477534946920877,14.0,0.0,2.7313620438272465e-05,"[20.0, 20.0, 20.0, 20.0, 20.0, 20.0, 20.0, 20.0, 20.0, 20.0, 20.0, 20.0, 20.0, 20.0, 20.0, 20.0, 20.0, 20.0, 20.0, 20.0, 20.0, 20.0, 20.0, 20.0, 20.0, 20.0, 20.0, 20.0, 20.0, 20.0, 20.0, 20.0, 20.0, 20.0, 20.0, 20.0, 20.0, 20.0, 20.0, 20.0, 20.0, 20.0, 20.0, 20.0, 20.0, 20.0, 20.0, 20.0, 20.0, 20.0, 20.0, 20.0, 20.0, 20.0, 20.0, 20.0, 20.0, 20.0, 20.0, 20.0, 20.0, 20.0, 20.0, 20.0, 20.0, 20.0, 20.0, 15.502285662363409, 15.171367194415666, 20.0, 20.0, 20.0]",-0.03410177991175445,-0.005995621325368461,0.0246,-1.1608,-0.0309,0.3155,-0.033,-0.2202,0.0059,-9.8064,15.3,,50.0,,,,0.2361,0.9944,1.022,256.64,14.94,1.22388,1.8478,270.27,10.725,1,87.16,86.505,1,3,10,0.7,9.74,0,1.3368,0,0
1790741947.8656626,47.3979624,8.5462998,9.532999992370605,0.007025372236967087,-1.8487474918365479,0.0004537158238235861,269.92,-0.0025339659007904097,-1.7997833883700216,0.0,-90.08835367566508,15.487529981240984,19.999999999996987,0.028660118579864502,0.008353675665091487,-0.29772699783232515,1.8487236545392556,14.0,0.0,0.0001859360118637806,"[20.0, 20.0, 20.0, 20.0, 20.0, 20.0, 20.0, 20.0, 20.0, 20.0, 20.0, 20.0, 20.0, 20.0, 20.0, 20.0, 20.0, 20.0, 20.0, 20.0, 20.0, 20.0, 20.0, 20.0, 20.0, 20.0, 20.0, 20.0, 20.0, 20.0, 20.0, 20.0, 20.0, 20.0, 20.0, 20.0, 20.0, 20.0, 20.0, 20.0, 20.0, 20.0, 20.0, 20.0, 20.0, 20.0, 20.0, 20.0, 20.0, 20.0, 20.0, 20.0, 20.0, 20.0, 20.0, 20.0, 20.0, 20.0, 20.0, 20.0, 20.0, 20.0, 20.0, 20.0, 20.0, 20.0, 20.0, 16.04049015745924, 15.487529981240984, 20.0, 20.0, 20.0]",-0.03410177991175445,-0.005995621325368461,0.0217,-1.114,0.0973,0.1819,-0.0166,-0.2197,0.0027,-9.8105,15.3,,50.0,,,,0.2181,0.9924,1.0161,257.61,14.94,1.22388,1.8488,270.22,10.352,1,87.36,86.879,1,3,10,0.7,9.728,0,1.3407,0,0
1790741948.0668592,47.3979624,8.5462949,9.532999992370605,0.004414603114128113,-1.8459595441818237,-1.345514101558365e-05,269.92,-0.002517952303503632,-1.79994967000564,0.0,-90.08188874932773,15.812933243691903,19.99999999999783,0.02514737844467163,0.0018887493277759404,-0.2170223119235424,1.8459444470511008,14.0,0.0,0.0004719248669332197,"[20.0, 20.0, 20.0, 20.0, 20.0, 20.0, 20.0, 20.0, 20.0, 20.0, 20.0, 20.0, 20.0, 20.0, 20.0, 20.0, 20.0, 20.0, 20.0, 20.0, 20.0, 20.0, 20.0, 20.0, 20.0, 20.0, 20.0, 20.0, 20.0, 20.0, 20.0, 20.0, 20.0, 20.0, 20.0, 20.0, 20.0, 20.0, 20.0, 20.0, 20.0, 20.0, 20.0, 20.0, 20.0, 20.0, 20.0, 20.0, 20.0, 20.0, 20.0, 20.0, 20.0, 20.0, 20.0, 20.0, 20.0, 20.0, 20.0, 20.0, 20.0, 20.0, 20.0, 20.0, 20.0, 20.0, 20.0, 16.708801655292636, 15.812933243691903, 20.0, 20.0, 20.0]",-0.03410177991175445,-0.005995621325368461,0.04,-1.1026,0.1412,-0.0384,-0.0598,-0.2157,-0.0017,-9.7983,15.3,,50.0,,,,0.2676,0.9453,0.9825,254.2,14.94,1.22388,1.846,270.14,9.982,1,87.56,87.252,1,3,10,0.7,9.748,0,1.3547,0,0
1790741948.2676477,47.397962299999996,8.546289999999999,9.535000801086426,0.0020202843006700277,-1.8417026996612549,-0.00019179948139935732,269.92,-0.002486840260454304,-1.7997315761038228,0.0,-90.06962924854804,16.14852537797965,19.999999999998437,0.020234286785125732,-0.010370751451972637,-0.1428514675230122,1.8416954173694784,14.0,0.0,0.0008950335944467374,"[20.0, 20.0, 20.0, 20.0, 20.0, 20.0, 20.0, 20.0, 20.0, 20.0, 20.0, 20.0, 20.0, 20.0, 20.0, 20.0, 20.0, 20.0, 20.0, 20.0, 20.0, 20.0, 20.0, 20.0, 20.0, 20.0, 20.0, 20.0, 20.0, 20.0, 20.0, 20.0, 20.0, 20.0, 20.0, 20.0, 20.0, 20.0, 20.0, 20.0, 20.0, 20.0, 20.0, 20.0, 20.0, 20.0, 20.0, 20.0, 20.0, 20.0, 20.0, 20.0, 20.0, 20.0, 20.0, 20.0, 20.0, 20.0, 20.0, 20.0, 20.0, 20.0, 20.0, 20.0, 20.0, 20.0, 20.0, 20.0, 16.14852537797965, 20.0, 20.0, 20.0]",-0.03410177991175445,-0.005995621325368461,0.0627,-1.1135,0.1125,-0.0559,-0.1032,-0.2146,-0.0056,-9.8036,15.3,,50.0,,,,0.3611,0.8626,0.9352,247.28,14.94,1.22388,1.8417,270.06,9.614,1,87.76,87.622,1,3,10,0.7,9.773,0,1.3741,0,0
1790741948.4684286,47.397962299999996,8.5462851,9.538000106811523,0.0013164716074243188,-1.8378807306289673,-0.0006650711875408888,269.92,-0.002451917185003856,-1.7993790465736748,0.0,-90.05592291585185,16.49488757761086,19.999999999998874,0.015369832515716553,-0.024077084148160566,-0.12104088627558685,1.8378766370530895,14.0,0.0,0.0010003201611911796,"[20.0, 20.0, 20.0, 20.0, 20.0, 20.0, 20.0, 20.0, 20.0, 20.0, 20.0, 20.0, 20.0, 20.0, 20.0, 20.0, 20.0, 20.0, 20.0, 20.0, 20.0, 20.0, 20.0, 20.0, 20.0, 20.0, 20.0, 20.0, 20.0, 20.0, 20.0, 20.0, 20.0, 20.0, 20.0, 20.0, 20.0, 20.0, 20.0, 20.0, 20.0, 20.0, 20.0, 20.0, 20.0, 20.0, 20.0, 20.0, 20.0, 20.0, 20.0, 20.0, 20.0, 20.0, 20.0, 20.0, 20.0, 20.0, 20.0, 20.0, 20.0, 20.0, 20.0, 20.0, 20.0, 20.0, 20.0, 20.0, 16.49488757761086, 20.0, 20.0, 20.0]",-0.03410177991175445,-0.005995621325368461,0.0815,-1.1348,-0.024,-0.016,-0.0329,-0.2216,-0.0111,-9.8055,15.3,,50.0,,,,0.3873,0.8167,0.9039,244.63,14.94,1.22388,1.8379,270.04,9.248,1,87.96,87.99,1,3,10,0.7,9.793,0,1.3859,0,0
1790741948.6696446,47.397962199999995,8.5462802,9.542000770568848,0.0017263245536014438,-1.8364133834838867,-0.0004872765566688031,269.92,-0.0024261861765258546,-1.799119153832846,0.0,-90.04582085909516,16.855052441503872,19.99999999999919,0.011897146701812744,-0.034179140904825545,-0.13465987920135275,1.8364124027466864,14.0,0.0,0.000737144884853212,"[20.0, 20.0, 20.0, 20.0, 20.0, 20.0, 20.0, 20.0, 20.0, 20.0, 20.0, 20.0, 20.0, 20.0, 20.0, 20.0, 20.0, 20.0, 20.0, 20.0, 20.0, 20.0, 20.0, 20.0, 20.0, 20.0, 20.0, 20.0, 20.0, 20.0, 20.0, 20.0, 20.0, 20.0, 20.0, 20.0, 20.0, 20.0, 20.0, 20.0, 20.0, 20.0, 20.0, 20.0, 20.0, 20.0, 20.0, 20.0, 20.0, 20.0, 20.0, 20.0, 20.0, 20.0, 20.0, 20.0, 20.0, 20.0, 20.0, 20.0, 20.0, 20.0, 20.0, 20.0, 20.0, 20.0, 20.0, 20.0, 16.855052441503872, 18.01488220669129, 20.0, 20.0]",-0.03410177991175445,-0.005995621325368461,0.0819,-1.1437,-0.0585,0.0608,0.0499,-0.2119,-0.0124,-9.7975,15.3,,50.0,,,,0.4119,0.8813,0.9728,244.95,14.94,1.22388,1.8364,270.05,8.88,1,88.16,88.36,1,3,10,0.7,9.84,0,1.35,0,0
1790741948.8702123,47.397962199999995,8.5462752,9.547000885009766,0.0029777982272207737,-1.8364629745483398,-0.0007359684095717967,269.93,-0.0021196159338526164,-1.7991947966155122,0.0,-90.0387454332751,17.29108056841342,19.999999999999417,0.009403109550476074,-0.031254566724896904,-0.1629041987222134,1.8364590570012505,14.0,0.0,0.00021364491295797306,"[20.0, 20.0, 20.0, 20.0, 20.0, 20.0, 20.0, 20.0, 20.0, 20.0, 20.0, 20.0, 20.0, 20.0, 20.0, 20.0, 20.0, 20.0, 20.0, 20.0, 20.0, 20.0, 20.0, 20.0, 20.0, 20.0, 20.0, 20.0, 20.0, 20.0, 20.0, 20.0, 20.0, 20.0, 20.0, 20.0, 20.0, 20.0, 20.0, 20.0, 20.0, 20.0, 20.0, 20.0, 20.0, 20.0, 20.0, 20.0, 20.0, 20.0, 20.0, 20.0, 20.0, 20.0, 20.0, 20.0, 20.0, 20.0, 20.0, 20.0, 20.0, 20.0, 20.0, 20.0, 20.0, 20.0, 20.0, 20.0, 17.29108056841342, 18.013947757315584, 20.0, 20.0]",-0.03410177991175445,-0.005995621325368461,0.0723,-1.1331,-0.1296,0.1264,0.0734,-0.2041,-0.0023,-9.8017,15.3,,50.0,,,,0.1432,0.9194,0.9305,261.15,14.94,1.22388,1.8365,270.09,8.453,1,88.37,88.791,1,3,10,0.7,9.803,0,1.3712,0,0
1790741949.0712097,47.397962199999995,8.5462703,9.552000045776367,0.0033393220510333776,-1.8361940383911133,-0.00026726312353275716,269.94,-0.0018211665241670936,-1.7993529499166783,0.0,-90.03487946451946,17.683380272065456,19.99999999999958,0.007974207401275635,-0.025120535480539274,-0.16419860049042775,1.8361903535170145,14.0,0.0,0.0004496178841043044,"[20.0, 20.0, 20.0, 20.0, 20.0, 20.0, 20.0, 20.0, 20.0, 20.0, 20.0, 20.0, 20.0, 20.0, 20.0, 20.0, 20.0, 20.0, 20.0, 20.0, 20.0, 20.0, 20.0, 20.0, 20.0, 20.0, 20.0, 20.0, 20.0, 20.0, 20.0, 20.0, 20.0, 20.0, 20.0, 20.0, 20.0, 20.0, 20.0, 20.0, 20.0, 20.0, 20.0, 20.0, 20.0, 20.0, 20.0, 20.0, 20.0, 20.0, 20.0, 20.0, 20.0, 20.0, 20.0, 20.0, 20.0, 20.0, 20.0, 20.0, 20.0, 20.0, 20.0, 20.0, 20.0, 20.0, 20.0, 20.0, 17.683380272065456, 18.191235585656365, 20.0, 20.0]",-0.03410177991175445,-0.005995621325368461,0.0586,-1.1189,0.0095,0.1464,-0.0171,-0.2109,0.0017,-9.798,15.3,,50.0,,,,0.1727,0.9852,1.0002,260.06,14.94,1.22388,1.8362,270.1,8.083,1,88.57,89.163,1,3,10,0.7,9.813,0,1.3361,0,0
1790741949.2706544,47.397962199999995,8.5462653,9.555000305175781,0.002938386984169483,-1.8374390602111816,0.00022359914146363735,269.95,-0.0015205624026230166,-1.799489695945056,0.0,-90.0301839844538,18.093761872738902,19.999999999999698,0.006489276885986328,-0.01981601554621193,-0.1416259117911945,1.8374363252643138,14.0,0.0,0.0003889019078453758,"[20.0, 20.0, 20.0, 20.0, 20.0, 20.0, 20.0, 20.0, 20.0, 20.0, 20.0, 20.0, 20.0, 20.0, 20.0, 20.0, 20.0, 20.0, 20.0, 20.0, 20.0, 20.0, 20.0, 20.0, 20.0, 20.0, 20.0, 20.0, 20.0, 20.0, 20.0, 20.0, 20.0, 20.0, 20.0, 20.0, 20.0, 20.0, 20.0, 20.0, 20.0, 20.0, 20.0, 20.0, 20.0, 20.0, 20.0, 20.0, 20.0, 20.0, 20.0, 20.0, 20.0, 20.0, 20.0, 20.0, 20.0, 20.0, 20.0, 20.0, 20.0, 20.0, 20.0, 20.0, 20.0, 20.0, 20.0, 20.0, 18.093761872738902, 18.417079697275373, 20.0, 20.0]",-0.03410177991175445,-0.005995621325368461,0.0546,-1.1002,-0.0699,0.1337,-0.0009,-0.2103,-0.0054,-9.7981,15.3,,50.0,,,,0.2562,0.9113,0.9466,254.3,14.94,1.22388,1.8374,270.09,7.712,1,88.77,89.538,1,3,10,0.7,9.777,0,1.3641,0,0
1790741949.4712176,47.397962199999995,8.5462603,9.555000305175781,0.004079831764101982,-1.8376632928848267,0.00018367911980021745,269.96,-0.0012455180854853104,-1.7998866020599913,0.0,-90.03560704361905,18.52096215002659,19.999999999999783,0.007188260555267334,-0.00439295638093995,-0.16720325755823237,1.8376590344603811,14.0,0.0,0.0011313384998738146,"[20.0, 20.0, 20.0, 20.0, 20.0, 20.0, 20.0, 20.0, 20.0, 20.0, 20.0, 20.0, 20.0, 20.0, 20.0, 20.0, 20.0, 20.0, 20.0, 20.0, 20.0, 20.0, 20.0, 20.0, 20.0, 20.0, 20.0, 20.0, 20.0, 20.0, 20.0, 20.0, 20.0, 20.0, 20.0, 20.0, 20.0, 20.0, 20.0, 20.0, 20.0, 20.0, 20.0, 20.0, 20.0, 20.0, 20.0, 20.0, 20.0, 20.0, 20.0, 20.0, 20.0, 20.0, 20.0, 20.0, 20.0, 20.0, 20.0, 20.0, 20.0, 20.0, 20.0, 20.0, 20.0, 20.0, 20.0, 20.0, 18.52096215002659, 18.6732915107935, 20.0, 20.0]",-0.03410177991175445,-0.005995621325368461,0.0577,-1.073,-0.0234,0.1531,-0.0309,-0.2133,-0.0123,-9.8102,15.3,,50.0,,,,0.3319,0.9294,0.9869,250.35,14.94,1.22388,1.8377,270.13,7.341,1,88.97,89.912,1,3,10,0.7,9.749,0,1.3442,0,0
1790741949.6719391,47.397962199999995,8.5462554,9.556000709533691,0.004039678256958723,-1.8355448246002197,0.0002501198323443532,269.97,-0.0009560572133069681,-1.7998600420206816,0.0,-90.03543262297035,18.945200197724223,19.999999999999844,0.0067084431648254395,0.005432622970374723,-0.15609669778876176,1.8355407133029986,14.0,0.0,0.0007173856930359815,"[20.0, 20.0, 20.0, 20.0, 20.0, 20.0, 20.0, 20.0, 20.0, 20.0, 20.0, 20.0, 20.0, 20.0, 20.0, 20.0, 20.0, 20.0, 20.0, 20.0, 20.0, 20.0, 20.0, 20.0, 20.0, 20.0, 20.0, 20.0, 20.0, 20.0, 20.0, 20.0, 20.0, 20.0, 20.0, 20.0, 20.0, 20.0, 20.0, 20.0, 20.0, 20.0, 20.0, 20.0, 20.0, 20.0, 20.0, 20.0, 20.0, 20.0, 20.0, 20.0, 20.0, 20.0, 20.0, 20.0, 20.0, 20.0, 20.0, 20.0, 20.0, 20.0, 20.0, 20.0, 20.0, 20.0, 20.0, 20.0, 18.966373544758085, 18.945200197724223, 20.0, 20.0]",-0.03410177991175445,-0.005995621325368461,0.0477,-1.0647,0.0192,-0.0981,0.0136,-0.2107,-0.0082,-9.8106,15.3,,50.0,,,,0.4372,0.9911,1.0833,246.2,14.94,1.22388,1.8355,270.13,6.973,1,89.17,90.284,1,3,10,0.7,9.785,0,1.2939,0,0
1790741949.8722286,47.397962199999995,8.5462505,9.557000160217285,0.0017751831328496337,-1.8318499326705933,0.00014200378791429102,269.98,-0.0006205439522814612,-1.7999206254377538,0.0,-90.01691747206371,19.22647676970009,19.999999999999886,0.0029999613761901855,-0.0030825279362716174,-0.07552336341678832,1.831849076089504,14.0,0.0,0.0006223460649415835,"[20.0, 20.0, 20.0, 20.0, 20.0, 20.0, 20.0, 20.0, 20.0, 20.0, 20.0, 20.0, 20.0, 20.0, 20.0, 20.0, 20.0, 20.0, 20.0, 20.0, 20.0, 20.0, 20.0, 20.0, 20.0, 20.0, 20.0, 20.0, 20.0, 20.0, 20.0, 20.0, 20.0, 20.0, 20.0, 20.0, 20.0, 20.0, 20.0, 20.0, 20.0, 20.0, 20.0, 20.0, 20.0, 20.0, 20.0, 20.0, 20.0, 20.0, 20.0, 20.0, 20.0, 20.0, 20.0, 20.0, 20.0, 20.0, 20.0, 20.0, 20.0, 20.0, 20.0, 20.0, 20.0, 20.0, 20.0, 20.0, 19.437325956262363, 19.22647676970009, 20.0, 20.0]",-0.03410177991175445,-0.005995621325368461,0.0531,-1.074,0.1348,-0.1308,-0.0677,-0.2131,0.0008,-9.8033,15.3,,50.0,,,,0.3098,1.0454,1.0903,253.49,14.94,1.22388,1.8319,270.06,6.609,1,89.37,90.652,1,3,10,0.7,9.791,0,1.2867,0,0
1790741950.0735543,47.3979621,8.5462451,9.558000564575195,-0.0006453004316426814,-1.8263676166534424,-0.00012165409862063825,269.98,-0.0005521660532909957,-1.7992229609566666,0.0,-89.98979477069759,19.518057560256356,19.99999999999992,-0.0016927719116210938,-0.03020522930239622,0.00024400201550463149,1.8263674122049216,14.0,0.0,0.00197971045508777,"[20.0, 20.0, 20.0, 20.0, 20.0, 20.0, 20.0, 20.0, 20.0, 20.0, 20.0, 20.0, 20.0, 20.0, 20.0, 20.0, 20.0, 20.0, 20.0, 20.0, 20.0, 20.0, 20.0, 20.0, 20.0, 20.0, 20.0, 20.0, 20.0, 20.0, 20.0, 20.0, 20.0, 20.0, 20.0, 20.0, 20.0, 20.0, 20.0, 20.0, 20.0, 20.0, 20.0, 20.0, 20.0, 20.0, 20.0, 20.0, 20.0, 20.0, 20.0, 20.0, 20.0, 20.0, 20.0, 20.0, 20.0, 20.0, 20.0, 20.0, 20.0, 20.0, 20.0, 20.0, 20.0, 20.0, 20.0, 20.0, 19.94042854651312, 19.518057560256356, 20.0, 20.0]",-0.03410177991175445,-0.005995621325368461,0.0818,-1.1031,0.1388,-0.2308,-0.0309,-0.203,-0.0068,-9.7969,15.3,,50.0,,,,0.1825,1.0524,1.0681,260.16,14.94,1.22388,1.8264,269.98,6.25,1,89.57,91.016,1,3,10,0.7,9.825,0,1.2923,0,0
1790741950.2746394,47.3979621,8.5462403,9.559000015258789,0.0008771683205850422,-1.8212382793426514,0.00019878076273016632,269.98,-0.0005164634232521485,-1.7988583104477096,0.0,-89.97562469198533,19.81887893393587,19.99999999999994,-0.0037757158279418945,-0.04437530801465073,-0.047595531774173944,1.8212384853755428,14.0,0.0,0.001034149725181483,"[20.0, 20.0, 20.0, 20.0, 20.0, 20.0, 20.0, 20.0, 20.0, 20.0, 20.0, 20.0, 20.0, 20.0, 20.0, 20.0, 20.0, 20.0, 20.0, 20.0, 20.0, 20.0, 20.0, 20.0, 20.0, 20.0, 20.0, 20.0, 20.0, 20.0, 20.0, 20.0, 20.0, 20.0, 20.0, 20.0, 20.0, 20.0, 20.0, 20.0, 20.0, 20.0, 20.0, 20.0, 20.0, 20.0, 20.0, 20.0, 20.0, 20.0, 20.0, 20.0, 20.0, 20.0, 20.0, 20.0, 20.0, 20.0, 20.0, 20.0, 20.0, 20.0, 20.0, 20.0, 20.0, 20.0, 20.0, 20.0, 20.0, 19.81887893393587, 20.0, 20.0]",-0.03410177991175445,-0.005995621325368461,0.0991,-1.139,-0.0364,-0.1949,0.043,-0.204,-0.0121,-9.8076,15.3,,50.0,,,,0.1855,0.9502,0.9681,258.95,14.94,1.22388,1.8212,270.03,5.895,1,89.77,91.376,1,3,10,0.7,9.804,0,1.3372,0,0
1790741950.4744937,47.3979621,8.5462355,9.559000015258789,0.004260065499693155,-1.818688154220581,0.0001427040551789105,269.99,-0.000236173458265831,-1.799202890501945,0.0,-89.97901206790971,20.0,19.999999999999957,-0.0030275583267211914,-0.03098793209028372,-0.1442084549277676,1.818689962350916,14.0,0.0,0.000980769511792971,"[20.0, 20.0, 20.0, 20.0, 20.0, 20.0, 20.0, 20.0, 20.0, 20.0, 20.0, 20.0, 20.0, 20.0, 20.0, 20.0, 20.0, 20.0, 20.0, 20.0, 20.0, 20.0, 20.0, 20.0, 20.0, 20.0, 20.0, 20.0, 20.0, 20.0, 20.0, 20.0, 20.0, 20.0, 20.0, 20.0, 20.0, 20.0, 20.0, 20.0, 20.0, 20.0, 20.0, 20.0, 20.0, 20.0, 20.0, 20.0, 20.0, 20.0, 20.0, 20.0, 20.0, 20.0, 20.0, 20.0, 20.0, 20.0, 20.0, 20.0, 20.0, 20.0, 20.0, 20.0, 20.0, 20.0, 20.0, 20.0, 20.0, 20.0, 20.0, 20.0]",-0.03410177991175445,-0.005995621325368461,0.0792,-1.1665,-0.1805,-0.0404,0.0668,-0.1982,-0.0049,-9.7968,15.3,,50.0,,,,0.1622,0.9321,0.9461,260.13,14.94,1.22388,1.8187,270.13,5.539,1,89.97,91.738,1,3,10,0.7,9.784,0,1.3456,0,0
1790741950.6754465,47.3979621,8.546230699999999,9.5600004196167,0.007301265839487314,-1.8178051710128784,0.00015847187023609877,270.01,0.0002914188007761099,-1.7997676725039942,0.0,-89.9990331763712,20.0,19.999999999999968,-0.00012946128845214844,0.009033176371190166,-0.22012888004693418,1.8178053267951197,14.0,0.0,0.002920766129984599,"[20.0, 20.0, 20.0, 20.0, 20.0, 20.0, 20.0, 20.0, 20.0, 20.0, 20.0, 20.0, 20.0, 20.0, 20.0, 20.0, 20.0, 20.0, 20.0, 20.0, 20.0, 20.0, 20.0, 20.0, 20.0, 20.0, 20.0, 20.0, 20.0, 20.0, 20.0, 20.0, 20.0, 20.0, 20.0, 20.0, 20.0, 20.0, 20.0, 20.0, 20.0, 20.0, 20.0, 20.0, 20.0, 20.0, 20.0, 20.0, 20.0, 20.0, 20.0, 20.0, 20.0, 20.0, 20.0, 20.0, 20.0, 20.0, 20.0, 20.0, 20.0, 20.0, 20.0, 20.0, 20.0, 20.0, 20.0, 20.0, 20.0, 20.0, 20.0, 20.0]",-0.03410177991175445,-0.005995621325368461,0.0445,-1.1808,-0.2294,-0.0344,0.0471,-0.2114,0.0032,-9.7976,15.3,,50.0,,,,0.1018,0.9593,0.9647,263.94,14.94,1.22388,1.8178,270.23,5.182,1,90.17,92.101,1,3,10,0.7,9.803,0,1.3355,0,0
1790741950.875993,47.397962199999995,8.5462258,9.5600004196167,0.00893088337033987,-1.819596767425537,0.00036203040508553386,270.02,0.0004945638990632934,-1.7986345114720894,0.0,-90.03306987473809,20.0,19.99999999999998,0.004094481468200684,0.05306987473807112,-0.26121495085128105,1.8195898645002486,14.0,0.0,0.0032253030334849224,"[20.0, 20.0, 20.0, 20.0, 20.0, 20.0, 20.0, 20.0, 20.0, 20.0, 20.0, 20.0, 20.0, 20.0, 20.0, 20.0, 20.0, 20.0, 20.0, 20.0, 20.0, 20.0, 20.0, 20.0, 20.0, 20.0, 20.0, 20.0, 20.0, 20.0, 20.0, 20.0, 20.0, 20.0, 20.0, 20.0, 20.0, 20.0, 20.0, 20.0, 20.0, 20.0, 20.0, 20.0, 20.0, 20.0, 20.0, 20.0, 20.0, 20.0, 20.0, 20.0, 20.0, 20.0, 20.0, 20.0, 20.0, 20.0, 20.0, 20.0, 20.0, 20.0, 20.0, 20.0, 20.0, 20.0, 20.0, 20.0, 20.0, 20.0, 20.0, 20.0]",-0.03410177991175445,-0.005995621325368461,0.0142,-1.1724,-0.111,0.0418,0.0572,-0.2031,-0.0064,-9.8138,15.3,,50.0,,,,0.0445,0.9069,0.908,267.19,14.94,1.22388,1.8196,270.28,4.823,1,90.37,92.466,1,3,10,0.7,9.825,0,1.3656,0,0
1790741951.076201,47.397962199999995,8.546221,9.56100082397461,0.010821031406521797,-1.8197484016418457,0.0003138478205073625,270.02,0.00033994358359397473,-1.7970516352150743,0.0,-90.09451868033523,20.0,19.999999999999986,0.010781526565551758,0.11451868033520896,-0.3207021110179255,1.8197227433870995,14.0,0.0,0.00448510666473091,"[20.0, 20.0, 20.0, 20.0, 20.0, 20.0, 20.0, 20.0, 20.0, 20.0, 20.0, 20.0, 20.0, 20.0, 20.0, 20.0, 20.0, 20.0, 20.0, 20.0, 20.0, 20.0, 20.0, 20.0, 20.0, 20.0, 20.0, 20.0, 20.0, 20.0, 20.0, 20.0, 20.0, 20.0, 20.0, 20.0, 20.0, 20.0, 20.0, 20.0, 20.0, 20.0, 20.0, 20.0, 20.0, 20.0, 20.0, 20.0, 20.0, 20.0, 20.0, 20.0, 20.0, 20.0, 20.0, 20.0, 20.0, 20.0, 20.0, 20.0, 20.0, 20.0, 20.0, 20.0, 20.0, 20.0, 20.0, 20.0, 20.0, 20.0, 20.0, 20.0]",-0.03410177991175445,-0.005995621325368461,0.0001,-1.1454,-0.1019,0.1709,-0.0164,-0.2101,-0.0086,-9.8084,15.3,,50.0,,,,-0.0448,1.0025,1.0035,272.56,14.94,1.22388,1.8198,270.34,4.465,1,90.57,92.831,1,3,10,0.7,9.823,0,1.318,0,0
1790741951.2765455,47.397962299999996,8.5462162,9.563000679016113,0.014356452040374279,-1.816547155380249,6.846568430773914e-05,270.0,-0.0005154092779960168,-1.794699531649679,0.0,-90.20567962059977,20.0,19.99999999999999,0.021535873413085938,0.20567962059973866,-0.45280794564507804,1.816467706685094,14.0,0.0,0.0066527973632016565,"[20.0, 20.0, 20.0, 20.0, 20.0, 20.0, 20.0, 20.0, 20.0, 20.0, 20.0, 20.0, 20.0, 20.0, 20.0, 20.0, 20.0, 20.0, 20.0, 20.0, 20.0, 20.0, 20.0, 20.0, 20.0, 20.0, 20.0, 20.0, 20.0, 20.0, 20.0, 20.0, 20.0, 20.0, 20.0, 20.0, 20.0, 20.0, 20.0, 20.0, 20.0, 20.0, 20.0, 20.0, 20.0, 20.0, 20.0, 20.0, 20.0, 20.0, 20.0, 20.0, 20.0, 20.0, 20.0, 20.0, 20.0, 20.0, 20.0, 20.0, 20.0, 20.0, 20.0, 20.0, 20.0, 20.0, 20.0, 20.0, 20.0, 20.0, 20.0, 20.0]",-0.03410177991175445,-0.005995621325368461,-0.0282,-1.1368,-0.2246,0.0291,-0.2175,-0.2083,-0.0134,-9.8069,15.3,,50.0,,,,0.0094,0.9685,0.9686,269.44,14.94,1.22388,1.8166,270.45,4.111,1,90.77,93.192,1,3,10,0.7,9.815,0,1.3323,0,0
1790741951.4773598,47.3979624,8.546211399999999,9.565999984741211,0.01676349900662899,-1.8126330375671387,-0.00021076454140711576,269.96,-0.0020248023821719434,-1.7920213747236464,0.0,-90.34922691155242,20.0,19.999999999999993,0.033408164978027344,0.30922691155240045,-0.5698647557406797,1.8124635264437259,14.0,0.0,0.0075125729116569655,"[20.0, 20.0, 20.0, 20.0, 20.0, 20.0, 20.0, 20.0, 20.0, 20.0, 20.0, 20.0, 20.0, 20.0, 20.0, 20.0, 20.0, 20.0, 20.0, 20.0, 20.0, 20.0, 20.0, 20.0, 20.0, 20.0, 20.0, 20.0, 20.0, 20.0, 20.0, 20.0, 20.0, 20.0, 20.0, 20.0, 20.0, 20.0, 20.0, 20.0, 20.0, 20.0, 20.0, 20.0, 20.0, 20.0, 20.0, 20.0, 20.0, 20.0, 20.0, 20.0, 20.0, 20.0, 20.0, 20.0, 20.0, 20.0, 20.0, 20.0, 20.0, 20.0, 20.0, 20.0, 20.0, 20.0, 20.0, 20.0, 20.0, 20.0, 20.0, 20.0]",-0.03410177991175445,-0.005995621325368461,-0.0732,-1.144,-0.3011,-0.0517,-0.3451,-0.2074,-0.0029,-9.7894,15.3,,50.0,,,,0.0442,0.9304,0.9315,267.28,14.94,1.22388,1.8127,270.53,3.76,1,90.97,93.552,1,3,10,0.7,9.82,0,1.347,0,0
1790741951.6790268,47.3979625,8.5462066,9.568000793457031,0.015440269373357296,-1.8093385696411133,-0.0001445128582417965,269.88,-0.0046711044309575515,-1.790482870103522,0.0,-90.4884431727694,20.0,19.999999999999996,0.04243975877761841,0.3684431727693891,-0.6089304913736249,1.8090934897531086,14.0,0.0,0.004280051114381489,"[20.0, 20.0, 20.0, 20.0, 20.0, 20.0, 20.0, 20.0, 20.0, 20.0, 20.0, 20.0, 20.0, 20.0, 20.0, 20.0, 20.0, 20.0, 20.0, 20.0, 20.0, 20.0, 20.0, 20.0, 20.0, 20.0, 20.0, 20.0, 20.0, 20.0, 20.0, 20.0, 20.0, 20.0, 20.0, 20.0, 20.0, 20.0, 20.0, 20.0, 20.0, 20.0, 20.0, 20.0, 20.0, 20.0, 20.0, 20.0, 20.0, 20.0, 20.0, 20.0, 20.0, 20.0, 20.0, 20.0, 20.0, 20.0, 20.0, 20.0, 20.0, 20.0, 20.0, 20.0, 20.0, 20.0, 20.0, 20.0, 20.0, 20.0, 20.0, 20.0]",-0.03410177991175445,-0.005995621325368461,-0.1021,-1.1455,-0.0744,0.0561,-0.5539,-0.212,-0.0065,-9.7992,15.3,,50.0,,,,-0.0494,0.8189,0.8204,273.45,14.94,1.22388,1.8094,270.49,3.411,1,91.17,93.911,1,3,10,0.7,9.842,0,1.3992,0,0
1790741951.8788128,47.3979626,8.5462018,9.570000648498535,0.012574167922139168,-1.80756676197052,6.82943791616708e-05,269.76,-0.008464101760193661,-1.7899998456789423,0.0,-90.62654260645718,20.0,19.999999999999996,0.04908198118209839,0.3865426064571409,-0.6385662644036627,1.8072631318388062,14.0,0.0,0.0013135225403979192,"[20.0, 20.0, 20.0, 20.0, 20.0, 20.0, 20.0, 20.0, 20.0, 20.0, 20.0, 20.0, 20.0, 20.0, 20.0, 20.0, 20.0, 20.0, 20.0, 20.0, 20.0, 20.0, 20.0, 20.0, 20.0, 20.0, 20.0, 20.0, 20.0, 20.0, 20.0, 20.0, 20.0, 20.0, 20.0, 20.0, 20.0, 20.0, 20.0, 20.0, 20.0, 20.0, 20.0, 20.0, 20.0, 20.0, 20.0, 20.0, 20.0, 20.0, 20.0, 20.0, 20.0, 20.0, 20.0, 20.0, 20.0, 20.0, 20.0, 20.0, 20.0, 20.0, 20.0, 20.0, 20.0, 20.0, 20.0, 20.0, 20.0, 20.0, 20.0, 20.0]",-0.03410177991175445,-0.005995621325368461,-0.1054,-1.1473,0.0096,0.0726,-0.7894,-0.2087,-0.0059,-9.8025,15.3,,50.0,,,,0.004,1.0083,1.0083,269.77,14.94,1.22387,1.8076,270.4,3.064,1,91.37,94.272,1,3,10,0.7,9.82,0,1.3034,0,0
1790741952.0795753,47.3979626,8.546197099999999,9.570000648498535,0.008965014480054379,-1.8046735525131226,0.0010580206289887428,269.61,-0.013128229148653546,-1.7902191843249176,0.0,-90.766995620589,20.0,19.999999999999996,0.05373680591583252,0.3769956205890139,-0.6746239238297822,1.8043265443625711,14.0,0.0,0.0006905277721473651,"[20.0, 20.0, 20.0, 20.0, 20.0, 20.0, 20.0, 20.0, 20.0, 20.0, 20.0, 20.0, 20.0, 20.0, 20.0, 20.0, 20.0, 20.0, 20.0, 20.0, 20.0, 20.0, 20.0, 20.0, 20.0, 20.0, 20.0, 20.0, 20.0, 20.0, 20.0, 20.0, 20.0, 20.0, 20.0, 20.0, 20.0, 20.0, 20.0, 20.0, 20.0, 20.0, 20.0, 20.0, 20.0, 20.0, 20.0, 20.0, 20.0, 20.0, 20.0, 20.0, 20.0, 20.0, 20.0, 20.0, 20.0, 20.0, 20.0, 20.0, 20.0, 20.0, 20.0, 20.0, 20.0, 20.0, 20.0, 20.0, 20.0, 20.0, 20.0, 20.0]",-0.03410177991175445,-0.005995621325368461,-0.1084,-1.1484,0.0025,-0.0674,-0.8893,-0.2018,-0.0053,-9.803,15.3,,50.0,,,,-0.062,1.0184,1.0203,273.48,14.94,1.22387,1.8047,270.28,2.722,1,91.57,94.632,1,3,10,0.7,9.745,0,1.2946,0,0
1790741952.2802088,47.3979626,8.5461923,9.565999984741211,0.00350506161339581,-1.8004287481307983,0.0015763882547616959,269.44,-0.01831544341332528,-1.7916156479479306,0.0,-90.88132875966369,20.0,19.999999999999996,0.05470573902130127,0.3213287596636576,-0.6715428665980897,1.8000989834065844,14.0,0.0,0.004039331121518968,"[20.0, 20.0, 20.0, 20.0, 20.0, 20.0, 20.0, 20.0, 20.0, 20.0, 20.0, 20.0, 20.0, 20.0, 20.0, 20.0, 20.0, 20.0, 20.0, 20.0, 20.0, 20.0, 20.0, 20.0, 20.0, 20.0, 20.0, 20.0, 20.0, 20.0, 20.0, 20.0, 20.0, 20.0, 20.0, 20.0, 20.0, 20.0, 20.0, 20.0, 20.0, 20.0, 20.0, 20.0, 20.0, 20.0, 20.0, 20.0, 20.0, 20.0, 20.0, 20.0, 20.0, 20.0, 20.0, 20.0, 20.0, 20.0, 20.0, 20.0, 20.0, 20.0, 20.0, 20.0, 20.0, 20.0, 20.0, 20.0, 20.0, 20.0, 20.0, 20.0]",-0.03410177991175445,-0.005995621325368461,-0.1071,-1.1725,0.0143,-0.1693,-0.8949,-0.2169,-0.0017,-9.8041,15.3,,50.0,,,,-0.1449,1.0604,1.0703,277.78,14.94,1.22388,1.8004,270.11,2.39,1,91.78,94.989,1,3,10,0.7,9.746,0,1.2653,0,0
1790741952.4804661,47.3979626,8.5461875,9.563000679016113,-0.002286961767822504,-1.7987613677978516,0.001073198625817895,269.29,-0.022877833661258895,-1.7930881539490855,0.0,-90.9723918750289,20.0,19.999999999999996,0.052769482135772705,0.2623918750289249,-0.6371536575414437,1.7984860684278627,14.0,0.0,0.004271646401228518,"[20.0, 20.0, 20.0, 20.0, 20.0, 20.0, 20.0, 20.0, 20.0, 20.0, 20.0, 20.0, 20.0, 20.0, 20.0, 20.0, 20.0, 20.0, 20.0, 20.0, 20.0, 20.0, 20.0, 20.0, 20.0, 20.0, 20.0, 20.0, 20.0, 20.0, 20.0, 20.0, 20.0, 20.0, 20.0, 20.0, 20.0, 20.0, 20.0, 20.0, 20.0, 20.0, 20.0, 20.0, 20.0, 20.0, 20.0, 20.0, 20.0, 20.0, 20.0, 20.0, 20.0, 20.0, 20.0, 20.0, 20.0, 20.0, 20.0, 20.0, 20.0, 20.0, 20.0, 20.0, 20.0, 20.0, 20.0, 20.0, 20.0, 20.0, 20.0, 20.0]",-0.03410177991175445,-0.005995621325368461,-0.0995,-1.2068,0.0308,-0.1037,-0.771,-0.2012,-0.0127,-9.8133,15.3,,50.0,,,,-0.2219,1.0818,1.1044,281.59,14.94,1.22388,1.7988,269.93,2.066,1,91.98,95.348,1,3,10,0.7,9.775,0,1.2466,0,0
1790741952.681528,47.3979626,8.5461828,9.56100082397461,-0.006836130283772945,-1.7985655069351196,0.00020225172920618206,269.14,-0.026132032644353275,-1.7063299259398608,0.0,-91.07753019615859,20.0,19.999999999999996,0.050280094146728516,0.21753019615854896,-0.6422267102298551,1.798325875307576,14.0,0.0,0.004029023637486779,"[20.0, 20.0, 20.0, 20.0, 20.0, 20.0, 20.0, 20.0, 20.0, 20.0, 20.0, 20.0, 20.0, 20.0, 20.0, 20.0, 20.0, 20.0, 20.0, 20.0, 20.0, 20.0, 20.0, 20.0, 20.0, 20.0, 20.0, 20.0, 20.0, 20.0, 20.0, 20.0, 20.0, 20.0, 20.0, 20.0, 20.0, 20.0, 20.0, 20.0, 20.0, 20.0, 20.0, 20.0, 20.0, 20.0, 20.0, 20.0, 20.0, 20.0, 20.0, 20.0, 20.0, 20.0, 20.0, 20.0, 20.0, 20.0, 20.0, 20.0, 20.0, 20.0, 20.0, 20.0, 20.0, 20.0, 20.0, 20.0, 20.0, 20.0, 20.0, 20.0]",-0.03410177991175445,-0.005995621325368461,-0.0959,-1.2263,-0.0011,-0.0147,-0.7561,-0.2078,-0.011,-9.8022,15.3,,50.0,,,,-0.11,1.1153,1.1207,275.63,14.94,1.22388,1.7986,269.78,1.755,1,92.18,95.708,1,3,10,0.7,9.75,0,1.2382,0,0
1790741952.8823514,47.3979626,8.546178,9.56100082397461,-0.01142468024045229,-1.7950025796890259,-0.0006855333340354264,269.02,-0.02534801230828703,-1.4547922062253749,0.0,-91.20761566527983,20.0,19.999999999999996,0.04739975929260254,0.227615665279842,-0.6153336041514128,1.7947985215282312,14.0,0.0,0.0016258684996316487,"[20.0, 20.0, 20.0, 20.0, 20.0, 20.0, 20.0, 20.0, 20.0, 20.0, 20.0, 20.0, 20.0, 20.0, 20.0, 20.0, 20.0, 20.0, 20.0, 20.0, 20.0, 20.0, 20.0, 20.0, 20.0, 20.0, 20.0, 20.0, 20.0, 20.0, 20.0, 20.0, 20.0, 20.0, 20.0, 20.0, 20.0, 20.0, 20.0, 20.0, 20.0, 20.0, 20.0, 20.0, 20.0, 20.0, 20.0, 20.0, 20.0, 20.0, 20.0, 20.0, 20.0, 20.0, 20.0, 20.0, 20.0, 20.0, 20.0, 20.0, 20.0, 20.0, 20.0, 20.0, 20.0, 20.0, 20.0, 20.0, 20.0, 20.0, 20.0, 20.0]",-0.03410177991175445,-0.005995621325368461,-0.1005,-0.784,-0.006,2.4687,-0.4897,-0.2036,-0.0102,-9.8017,15.3,,50.0,,,,-0.1142,1.2068,1.2122,275.4,14.94,1.22388,1.795,269.64,1.466,1,92.38,96.068,1,3,10,0.7,9.741,0,1.189,0,0
1790741953.0824475,47.3979625,8.5461732,9.563000679016113,-0.014905353076756,-1.7643851041793823,-0.0034681004472076893,268.92,-0.015267236169480494,-0.8098561054284553,0.0,-91.07999999999998,20.0,19.999999999999996,0.0,0.0,-0.5959823634039989,1.7641843817441083,14.0,0.0,0.0134967032488619,"[20.0, 20.0, 20.0, 20.0, 20.0, 20.0, 20.0, 20.0, 20.0, 20.0, 20.0, 20.0, 20.0, 20.0, 20.0, 20.0, 20.0, 20.0, 20.0, 20.0, 20.0, 20.0, 20.0, 20.0, 20.0, 20.0, 20.0, 20.0, 20.0, 20.0, 20.0, 20.0, 20.0, 20.0, 20.0, 20.0, 20.0, 20.0, 20.0, 20.0, 20.0, 20.0, 20.0, 20.0, 20.0, 20.0, 20.0, 20.0, 20.0, 20.0, 20.0, 20.0, 20.0, 20.0, 20.0, 20.0, 20.0, 20.0, 20.0, 20.0, 20.0, 20.0, 20.0, 20.0, 20.0, 20.0, 20.0, 20.0, 20.0, 20.0, 20.0, 20.0]",0.7267072200775146,-0.9555514454841614,-0.1107,0.7375,-0.015,7.1591,-0.5087,-0.2017,-0.0043,-9.7931,15.3,,50.0,,,,-0.0359,1.2249,1.2255,271.68,14.94,1.22388,1.7644,269.52,0.0,1,92.58,96.426,1,3,10,0.7,9.755,0,1.1517,0,0
1790741953.2833142,47.3979625,8.5461686,9.565000534057617,-0.01796984300017357,-1.655342936515808,-0.019707951694726944,268.85,-0.016256650414706926,-0.8098368485795728,0.0,-91.14999999999998,20.0,19.999999999999996,0.0,0.0,-0.5280408287714897,-1.6554402080507296,14.0,0.0,0.0,"[20.0, 20.0, 20.0, 20.0, 20.0, 20.0, 20.0, 20.0, 20.0, 20.0, 20.0, 20.0, 20.0, 20.0, 20.0, 20.0, 20.0, 20.0, 20.0, 20.0, 20.0, 20.0, 20.0, 20.0, 20.0, 20.0, 20.0, 20.0, 20.0, 20.0, 20.0, 20.0, 20.0, 20.0, 20.0, 20.0, 20.0, 20.0, 20.0, 20.0, 20.0, 20.0, 20.0, 20.0, 20.0, 20.0, 20.0, 20.0, 20.0, 20.0, 20.0, 20.0, 20.0, 20.0, 20.0, 20.0, 20.0, 20.0, 20.0, 20.0, 20.0, 20.0, 20.0, 20.0, 20.0, 20.0, 20.0, 20.0, 20.0, 20.0, 20.0, 20.0]",0.38109290599823,-0.9594981074333191,-0.1036,4.5734,0.1916,17.2888,-0.3601,-0.1825,-0.007,-9.8103,15.3,,50.0,,,,-0.0281,1.2139,1.2142,271.33,14.94,1.22388,1.6554,269.38,0.0,1,92.78,96.772,1,3,10,0.7,9.754,0,1.0483,0,0
1790741953.4843082,47.3979624,8.5461646,9.565000534057617,-0.02020476758480072,-1.4367443323135376,-0.004926676861941814,268.84000000000003,-0.016397993360502905,-0.809833998924316,0.0,-91.15999999999997,20.0,19.999999999999996,0.0,0.0,-0.35430926037796057,-1.4368375990991662,14.0,0.0,0.0,"[20.0, 20.0, 20.0, 20.0, 20.0, 20.0, 20.0, 20.0, 20.0, 20.0, 20.0, 20.0, 20.0, 20.0, 20.0, 20.0, 20.0, 20.0, 20.0, 20.0, 20.0, 20.0, 20.0, 20.0, 20.0, 20.0, 20.0, 20.0, 20.0, 20.0, 20.0, 20.0, 20.0, 20.0, 20.0, 20.0, 20.0, 20.0, 20.0, 20.0, 20.0, 20.0, 20.0, 20.0, 20.0, 20.0, 20.0, 20.0, 20.0, 20.0, 20.0, 20.0, 20.0, 20.0, 20.0, 20.0, 20.0, 20.0, 20.0, 20.0, 20.0, 20.0, 20.0, 20.0, 20.0, 20.0, 20.0, 20.0, 20.0, 20.0, 20.0, 20.0]",0.07152228057384491,-0.9664036631584167,-0.0626,5.7239,0.2993,-2.4172,-0.0474,-0.1717,-0.0112,-9.8044,15.3,,50.0,,,,-0.0219,1.17,1.1702,271.07,14.94,1.22388,1.4369,269.19,0.0,1,92.98,97.081,1,3,10,0.7,9.764,0,0.8518,0,0
1790741953.6860545,47.3979624,8.546161099999999,9.56100082397461,-0.02094525843858719,-1.2194114923477173,0.004761621356010437,268.92,-0.015267236169480494,-0.8098561054284553,0.0,-91.07999999999998,20.0,19.999999999999996,0.0,0.0,-0.09595407529324927,-1.2195439007713156,14.0,0.0,0.0,"[20.0, 20.0, 20.0, 20.0, 20.0, 20.0, 20.0, 20.0, 20.0, 20.0, 20.0, 20.0, 20.0, 20.0, 20.0, 20.0, 20.0, 20.0, 20.0, 20.0, 20.0, 20.0, 20.0, 20.0, 20.0, 20.0, 20.0, 20.0, 20.0, 20.0, 20.0, 20.0, 20.0, 20.0, 20.0, 20.0, 20.0, 20.0, 20.0, 20.0, 20.0, 20.0, 20.0, 20.0, 20.0, 20.0, 20.0, 20.0, 20.0, 20.0, 20.0, 20.0, 20.0, 20.0, 20.0, 20.0, 20.0, 20.0, 20.0, 20.0, 20.0, 20.0, 20.0, 20.0, 20.0, 20.0, 20.0, 20.0, 20.0, 20.0, 20.0, 20.0]",-0.18685711920261383,-0.9731222987174988,-0.0129,4.5435,0.2872,-7.7081,0.0314,-0.1464,-0.0054,-9.8448,15.3,,50.0,,,,-0.1139,1.1312,1.1369,275.75,14.94,1.22388,1.2196,269.02,0.0,1,93.18,97.34,1,3,10,0.7,9.714,0,0.6511,0,0
1790741953.886817,47.397962299999996,8.5461583,9.555000305175781,-0.019724242389202118,-1.051750898361206,0.0064143468625843525,269.01,-0.013995098861785609,-0.8098790880173712,0.0,-90.99000000000001,20.0,19.999999999999996,0.0,0.0,0.08438309270061464,-1.05193331975668,14.0,0.0,0.0,"[20.0, 20.0, 20.0, 20.0, 20.0, 20.0, 20.0, 20.0, 20.0, 20.0, 20.0, 20.0, 20.0, 20.0, 20.0, 20.0, 20.0, 20.0, 20.0, 20.0, 20.0, 20.0, 20.0, 20.0, 20.0, 20.0, 20.0, 20.0, 20.0, 20.0, 20.0, 20.0, 20.0, 20.0, 20.0, 20.0, 20.0, 20.0, 20.0, 20.0, 20.0, 20.0, 20.0, 20.0, 20.0, 20.0, 20.0, 20.0, 20.0, 20.0, 20.0, 20.0, 20.0, 20.0, 20.0, 20.0, 20.0, 20.0, 20.0, 20.0, 20.0, 20.0, 20.0, 20.0, 20.0, 20.0, 20.0, 20.0, 20.0, 20.0, 20.0, 20.0]",-0.4027552306652069,-0.9776433706283569,0.0267,3.0217,0.2231,-7.1484,-0.1038,-0.1213,-0.0082,-9.8348,15.3,,50.0,,,,-0.1406,1.0846,1.0937,277.39,14.94,1.22388,1.0519,268.93,0.0,1,93.38,97.556,1,3,10,0.7,9.721,0,0.5051,0,0
1790741954.087632,47.397962299999996,8.5461558,9.54800033569336,-0.019082065671682358,-0.9383137226104736,0.005607942119240761,269.07,-0.01314698794538548,-0.8098932995820893,0.0,-90.93,20.0,19.999999999999996,0.0,0.0,0.23503799824926638,-0.9384972842728068,14.0,0.0,0.0,"[20.0, 20.0, 20.0, 20.0, 20.0, 20.0, 20.0, 20.0, 20.0, 20.0, 20.0, 20.0, 20.0, 20.0, 20.0, 20.0, 20.0, 20.0, 20.0, 20.0, 20.0, 20.0, 20.0, 20.0, 20.0, 20.0, 20.0, 20.0, 20.0, 20.0, 20.0, 20.0, 20.0, 20.0, 20.0, 20.0, 20.0, 20.0, 20.0, 20.0, 20.0, 20.0, 20.0, 20.0, 20.0, 20.0, 20.0, 20.0, 20.0, 20.0, 20.0, 20.0, 20.0, 20.0, 20.0, 20.0, 20.0, 20.0, 20.0, 20.0, 20.0, 20.0, 20.0, 20.0, 20.0, 20.0, 20.0, 20.0, 20.0, 20.0, 20.0, 20.0]",-0.5922942757606506,-0.9823928475379944,0.0584,1.7942,0.1846,-5.2171,-0.0391,-0.1061,-0.0038,-9.8362,15.3,,50.0,,,,-0.0896,0.9979,1.0019,275.13,14.94,1.22388,0.9385,268.83,0.0,1,93.58,97.745,1,3,10,0.7,9.728,0,0.4375,0,0
1790741954.2877219,47.397962199999995,8.546153499999999,9.541000366210938,-0.017618175595998764,-0.867256224155426,0.00420165341347456,269.11,-0.012581572600771291,-0.8099022805443208,0.0,-90.88999999999999,20.0,19.999999999999996,0.0,0.0,0.2737947895248767,-0.8674213418073669,14.0,0.0,0.0,"[20.0, 20.0, 20.0, 20.0, 20.0, 20.0, 20.0, 20.0, 20.0, 20.0, 20.0, 20.0, 20.0, 20.0, 20.0, 20.0, 20.0, 20.0, 20.0, 20.0, 20.0, 20.0, 20.0, 20.0, 20.0, 20.0, 20.0, 20.0, 20.0, 20.0, 20.0, 20.0, 20.0, 20.0, 20.0, 20.0, 20.0, 20.0, 20.0, 20.0, 20.0, 20.0, 20.0, 20.0, 20.0, 20.0, 20.0, 20.0, 20.0, 20.0, 20.0, 20.0, 20.0, 20.0, 20.0, 20.0, 20.0, 20.0, 20.0, 20.0, 20.0, 20.0, 20.0, 20.0, 20.0, 20.0, 20.0, 20.0, 20.0, 20.0, 20.0, 20.0]",-0.7671006321907043,-0.9869312644004822,0.0801,0.9545,0.1016,-3.3139,-0.1186,-0.0987,-0.0047,-9.8246,15.3,,50.0,,,,-0.2495,1.0036,1.0342,283.96,14.94,1.22388,0.8674,268.84,0.0,1,93.78,97.92,1,3,10,0.7,9.775,0,0.3503,0,0
1790741954.4883785,47.397962199999995,8.5461513,9.53700065612793,-0.015479188412427902,-0.823605477809906,0.002879853593185544,269.12,-0.012440217795711911,-0.8099044641074621,0.0,-90.88,20.0,19.999999999999996,0.0,0.0,0.1967142601853704,-0.8237448219173015,14.0,0.0,0.0,"[20.0, 20.0, 20.0, 20.0, 20.0, 20.0, 20.0, 20.0, 20.0, 20.0, 20.0, 20.0, 20.0, 20.0, 20.0, 20.0, 20.0, 20.0, 20.0, 20.0, 20.0, 20.0, 20.0, 20.0, 20.0, 20.0, 20.0, 20.0, 20.0, 20.0, 20.0, 20.0, 20.0, 20.0, 20.0, 20.0, 20.0, 20.0, 20.0, 20.0, 20.0, 20.0, 20.0, 20.0, 20.0, 20.0, 20.0, 20.0, 20.0, 20.0, 20.0, 20.0, 20.0, 20.0, 20.0, 20.0, 20.0, 20.0, 20.0, 20.0, 20.0, 20.0, 20.0, 20.0, 20.0, 20.0, 20.0, 20.0, 20.0, 20.0, 20.0, 20.0]",-0.9330610036849976,-0.9906895756721497,0.0827,0.4232,-0.0896,-2.0953,-0.0563,-0.0918,-0.0074,-9.8172,15.3,,50.0,,,,-0.1384,0.9913,1.0009,277.95,14.94,1.22388,0.8238,268.92,0.0,1,93.98,98.086,1,3,10,0.7,9.794,0,0.3233,0,0
1790741954.6889658,47.397962199999995,8.5461491,9.535000801086426,-0.012205264531075954,-0.7966148257255554,0.0022210071329027414,269.12,-0.012440217795711911,-0.8099044641074621,0.0,-90.88,20.0,19.999999999999996,0.0,0.0,-0.0022163954498034145,-0.7966920075171344,14.0,0.0,0.0,"[20.0, 20.0, 20.0, 20.0, 20.0, 20.0, 20.0, 20.0, 20.0, 20.0, 20.0, 20.0, 20.0, 20.0, 20.0, 20.0, 20.0, 20.0, 20.0, 20.0, 20.0, 20.0, 20.0, 20.0, 20.0, 20.0, 20.0, 20.0, 20.0, 20.0, 20.0, 20.0, 20.0, 20.0, 20.0, 20.0, 20.0, 20.0, 20.0, 20.0, 20.0, 20.0, 20.0, 20.0, 20.0, 20.0, 20.0, 20.0, 20.0, 20.0, 20.0, 20.0, 20.0, 20.0, 20.0, 20.0, 20.0, 20.0, 20.0, 20.0, 20.0, 20.0, 20.0, 20.0, 20.0, 20.0, 20.0, 20.0, 20.0, 20.0, 20.0, 20.0]",-1.0930064916610718,-0.9921164512634277,0.0651,0.0846,-0.2315,-1.2618,-0.0418,-0.0921,-0.0044,-9.8138,15.3,,50.0,,,,-0.0137,0.8905,0.8906,270.88,14.94,1.22388,0.7967,269.12,0.0,1,94.18,98.246,1,3,10,0.7,9.765,0,0.3514,0,0
1790741954.889319,47.397962199999995,8.546147099999999,9.532999992370605,-0.009760144166648388,-0.7804168462753296,0.0019993644673377275,269.12,-0.012440217795711911,-0.8099044641074621,0.0,-90.88,20.0,19.999999999999996,0.0,0.0,-0.16347790243070057,-0.7804613167142124,14.0,0.0,0.0,"[20.0, 20.0, 20.0, 20.0, 20.0, 20.0, 20.0, 20.0, 20.0, 20.0, 20.0, 20.0, 20.0, 20.0, 20.0, 20.0, 20.0, 20.0, 20.0, 20.0, 20.0, 20.0, 20.0, 20.0, 20.0, 20.0, 20.0, 20.0, 20.0, 20.0, 20.0, 20.0, 20.0, 20.0, 20.0, 20.0, 20.0, 20.0, 20.0, 20.0, 20.0, 20.0, 20.0, 20.0, 20.0, 20.0, 20.0, 20.0, 20.0, 20.0, 20.0, 20.0, 20.0, 20.0, 20.0, 20.0, 20.0, 20.0, 20.0, 20.0, 20.0, 20.0, 20.0, 20.0, 20.0, 20.0, 20.0, 20.0, 20.0, 20.0, 20.0, 20.0]",-1.2501832246780396,-0.9930582046508789,0.0366,-0.1312,-0.1554,-0.8338,-0.0527,-0.0844,-0.0057,-9.8197,15.3,,50.0,,,,-0.095,0.7549,0.7609,277.18,14.94,1.22388,0.7805,269.28,0.0,1,94.38,98.403,1,3,10,0.7,9.729,0,0.4,0,0
1790741955.090772,47.397962199999995,8.546145,9.532000541687012,-0.007580322679132223,-0.7725582122802734,0.001240893849171698,269.12,-0.012440217795711911,-0.8099044641074621,0.0,-90.88,20.0,19.999999999999996,-0.0,0.0,-0.3178332238105737,-0.7724935151666453,14.0,0.0,0.0,"[20.0, 20.0, 20.0, 20.0, 20.0, 20.0, 20.0, 20.0, 20.0, 20.0, 20.0, 20.0, 20.0, 20.0, 20.0, 20.0, 20.0, 20.0, 20.0, 20.0, 20.0, 20.0, 20.0, 20.0, 20.0, 20.0, 20.0, 20.0, 20.0, 20.0, 20.0, 20.0, 20.0, 20.0, 20.0, 20.0, 20.0, 20.0, 20.0, 20.0, 20.0, 20.0, 20.0, 20.0, 20.0, 20.0, 20.0, 20.0, 20.0, 20.0, 20.0, 20.0, 20.0, 20.0, 20.0, 20.0, 20.0, 20.0, 20.0, 20.0, 20.0, 20.0, 20.0, 20.0, 20.0, 20.0, 20.0, 20.0, 20.0, 20.0, 20.0, 20.0]",-1.4077216386795044,-0.9920454025268555,0.0083,-0.2581,-0.1618,-0.4768,-0.0157,-0.0937,-0.0109,-9.8085,15.3,,50.0,,,,-0.1833,0.7146,0.7377,284.38,14.94,1.22388,0.7726,269.44,0.0,1,94.59,98.561,1,3,10,0.7,9.755,0,0.4037,0,0
1790741955.2918575,47.397962199999995,8.5461429,9.532000541687012,-0.006702405866235495,-0.7666528224945068,0.015155451372265816,269.12,-0.012440217795711911,-0.8099044641074621,0.0,-90.88,20.0,19.999999999999996,-0.0,0.0,-0.37910862601774553,-0.7665777870875023,14.0,0.0,0.0,"[20.0, 20.0, 20.0, 20.0, 20.0, 20.0, 20.0, 20.0, 20.0, 20.0, 20.0, 20.0, 20.0, 20.0, 20.0, 20.0, 20.0, 20.0, 20.0, 20.0, 20.0, 20.0, 20.0, 20.0, 20.0, 20.0, 20.0, 20.0, 20.0, 20.0, 20.0, 20.0, 20.0, 20.0, 20.0, 20.0, 20.0, 20.0, 20.0, 20.0, 20.0, 20.0, 20.0, 20.0, 20.0, 20.0, 20.0, 20.0, 20.0, 20.0, 20.0, 20.0, 20.0, 20.0, 20.0, 20.0, 20.0, 20.0, 20.0, 20.0, 20.0, 20.0, 20.0, 20.0, 20.0, 20.0, 20.0, 20.0, 20.0, 20.0, 20.0, 20.0]",-1.5654253959655762,-0.9908223152160645,0.0016,0.3273,0.1255,9.8258,0.0354,-0.076,-0.0072,-9.275,15.3,,50.0,,,,-0.2334,0.5909,0.6353,291.55,14.94,1.22388,0.7667,269.5,0.0,1,94.79,98.719,1,3,10,0.7,9.786,0,0.449,0,0
1790741955.4922,47.397962199999995,8.5461408,9.510000228881836,-0.005673036444932222,-0.7207311987876892,0.21661736071109772,269.14,-0.012157507053046244,-0.8099087572203768,0.0,-90.86000000000001,20.0,19.999999999999996,-0.0,0.0,-0.40902141970598277,-0.7206865472884243,14.0,0.0,0.0,"[20.0, 20.0, 20.0, 20.0, 20.0, 20.0, 20.0, 20.0, 20.0, 20.0, 20.0, 20.0, 20.0, 20.0, 20.0, 20.0, 20.0, 20.0, 20.0, 20.0, 20.0, 20.0, 20.0, 20.0, 20.0, 20.0, 20.0, 20.0, 20.0, 20.0, 20.0, 20.0, 20.0, 20.0, 20.0, 20.0, 20.0, 20.0, 20.0, 20.0, 20.0, 20.0, 20.0, 20.0, 20.0, 20.0, 20.0, 20.0, 20.0, 20.0, 20.0, 20.0, 20.0, 20.0, 20.0, 20.0, 20.0, 20.0, 20.0, 20.0, 20.0, 20.0, 20.0, 20.0, 20.0, 20.0, 20.0, 20.0, 20.0, 20.0, 20.0, 20.0]",-1.7196197509765625,-0.9899338483810425,0.0042,2.17,-0.0917,7.4284,-0.0254,-0.0681,-0.0062,-8.2671,15.3,,50.0,,,,-0.2052,0.6523,0.6838,287.47,14.94,1.22388,0.7208,269.55,0.0,1,94.99,98.873,1,3,10,0.7,9.734,0,0.3789,0,0
1790741955.6932056,47.397962199999995,8.546139,9.42300033569336,-0.005448559764772654,-0.6347934603691101,0.5929160714149475,269.15,-0.012016151124052538,-0.8099108667700193,0.0,-90.85000000000002,20.0,19.999999999999996,-0.0,0.0,-0.3582308931206129,-0.6347932298433214,14.0,0.0,0.0,"[20.0, 20.0, 20.0, 20.0, 20.0, 20.0, 20.0, 20.0, 20.0, 20.0, 20.0, 20.0, 20.0, 20.0, 20.0, 20.0, 20.0, 20.0, 20.0, 20.0, 20.0, 20.0, 20.0, 20.0, 20.0, 20.0, 20.0, 20.0, 20.0, 20.0, 20.0, 20.0, 20.0, 20.0, 20.0, 20.0, 20.0, 20.0, 20.0, 20.0, 20.0, 20.0, 20.0, 20.0, 20.0, 20.0, 20.0, 20.0, 20.0, 20.0, 20.0, 20.0, 20.0, 20.0, 20.0, 20.0, 20.0, 20.0, 20.0, 20.0, 20.0, 20.0, 20.0, 20.0, 20.0, 20.0, 20.0, 20.0, 20.0, 20.0, 20.0, 20.0]",-1.8580193519592285,-0.9899280071258545,-0.0175,3.4109,-0.038,5.5588,0.0002,-0.054,-0.0076,-7.5613,15.3,,50.0,,,,-0.2265,0.6802,0.7169,288.41,14.94,1.22389,0.6348,269.51,0.0,1,95.19,99.011,1,3,10,0.7,9.666,0,0.2764,0,0
1790741955.8935826,47.397962199999995,8.5461375,9.23900032043457,-0.006101742386817932,-0.524328887462616,1.068888783454895,269.18,-0.011592081158096465,-0.8099170473909191,0.0,-90.82,20.0,19.999999999999996,0.0,0.0,-0.15326521898191459,-0.5243639532491899,14.0,0.0,0.0,"[20.0, 20.0, 20.0, 20.0, 20.0, 20.0, 20.0, 20.0, 20.0, 20.0, 20.0, 20.0, 20.0, 20.0, 20.0, 20.0, 20.0, 20.0, 20.0, 20.0, 20.0, 20.0, 20.0, 20.0, 20.0, 20.0, 20.0, 20.0, 20.0, 20.0, 20.0, 20.0, 20.0, 20.0, 20.0, 20.0, 20.0, 20.0, 20.0, 20.0, 20.0, 20.0, 20.0, 20.0, 20.0, 20.0, 20.0, 20.0, 20.0, 20.0, 20.0, 20.0, 20.0, 20.0, 20.0, 20.0, 20.0, 20.0, 20.0, 20.0, 20.0, 20.0, 20.0, 20.0, 20.0, 20.0, 20.0, 20.0, 20.0, 20.0, 20.0, 20.0]",-1.9747637510299683,-0.9911358952522278,-0.025,4.5116,0.0669,4.7854,-0.0504,-0.0359,-0.0129,-8.0289,15.3,,50.0,,,,-0.2764,0.6226,0.6812,293.94,14.94,1.22391,0.5244,269.33,0.0,1,95.39,99.128,1,3,10,0.7,9.474,0,0.1838,0,0
1790741956.0941849,47.397962199999995,8.5461362,8.951000213623047,-0.0076339347288012505,-0.37217915058135986,1.3172168731689453,269.22,-0.011026649613306794,-0.8099249428177313,0.0,-90.77999999999997,20.0,19.999999999999996,0.0,0.0,0.39505485193649587,-0.37224079026589413,14.0,0.0,0.0,"[20.0, 20.0, 20.0, 20.0, 20.0, 20.0, 20.0, 20.0, 20.0, 20.0, 20.0, 20.0, 20.0, 20.0, 20.0, 20.0, 20.0, 20.0, 20.0, 20.0, 20.0, 20.0, 20.0, 20.0, 20.0, 20.0, 20.0, 20.0, 20.0, 20.0, 20.0, 20.0, 20.0, 20.0, 20.0, 20.0, 20.0, 20.0, 20.0, 20.0, 20.0, 20.0, 20.0, 20.0, 20.0, 20.0, 20.0, 20.0, 20.0, 20.0, 20.0, 20.0, 20.0, 20.0, 20.0, 20.0, 20.0, 20.0, 20.0, 20.0, 20.0, 20.0, 20.0, 20.0, 20.0, 20.0, 20.0, 20.0, 20.0, 20.0, 20.0, 20.0]",-2.065432071685791,-0.9938535690307617,0.0009,5.1393,0.2039,1.5039,-0.1265,-0.02,-0.0081,-9.3326,15.3,,50.0,,,,-0.3112,0.6038,0.6793,297.26,14.94,1.22395,0.3723,268.82,0.0,1,95.59,99.219,1,3,10,0.7,9.258,0,0.0326,0,0
1790741956.2954102,47.397962199999995,8.5461356,8.666000366210938,-0.006423420272767544,-0.19137009978294373,1.3519662618637085,269.25,-0.010602572412789155,-0.8099306053349458,0.0,-90.75,20.0,19.999999999999996,0.0,0.0,0.7482236812522897,-0.1914213495842384,14.0,0.0,0.0,"[20.0, 20.0, 20.0, 20.0, 20.0, 20.0, 20.0, 20.0, 20.0, 20.0, 20.0, 20.0, 20.0, 20.0, 20.0, 20.0, 20.0, 20.0, 20.0, 20.0, 20.0, 20.0, 20.0, 20.0, 20.0, 20.0, 20.0, 20.0, 20.0, 20.0, 20.0, 20.0, 20.0, 20.0, 20.0, 20.0, 20.0, 20.0, 20.0, 20.0, 20.0, 20.0, 20.0, 20.0, 20.0, 20.0, 20.0, 20.0, 20.0, 20.0, 20.0, 20.0, 20.0, 20.0, 20.0, 20.0, 20.0, 20.0, 20.0, 20.0, 20.0, 20.0, 20.0, 20.0, 20.0, 20.0, 20.0, 20.0, 20.0, 20.0, 20.0, 20.0]",-2.119138717651367,-0.9943506121635437,0.0399,5.1962,0.193,-0.4707,-0.1414,-0.002,-0.0174,-10.1436,15.3,,50.0,,,,-0.4163,0.7014,0.8156,300.69,14.94,1.22398,0.1915,268.08,0.0,1,95.79,99.272,1,3,10,0.7,9.012,0,0.0,0,0
1790741956.4961522,47.397962199999995,8.546135399999999,8.39900016784668,-0.003032186534255743,-0.002530198311433196,1.239992380142212,269.27,-0.010319852657069629,-0.8099342569870326,0.0,-90.73000000000002,20.0,19.999999999999996,-0.0,0.0,0.5728822266447011,-0.001960696201466689,14.0,0.0,0.0,"[20.0, 20.0, 20.0, 20.0, 20.0, 20.0, 20.0, 20.0, 20.0, 20.0, 20.0, 20.0, 20.0, 20.0, 20.0, 20.0, 20.0, 20.0, 20.0, 20.0, 20.0, 20.0, 20.0, 20.0, 20.0, 20.0, 20.0, 20.0, 20.0, 20.0, 20.0, 20.0, 20.0, 20.0, 20.0, 20.0, 20.0, 20.0, 20.0, 20.0, 20.0, 20.0, 20.0, 20.0, 20.0, 20.0, 20.0, 20.0, 20.0, 20.0, 20.0, 20.0, 20.0, 20.0, 20.0, 20.0, 20.0, 20.0, 20.0, 20.0, 20.0, 20.0, 20.0, 20.0, 20.0, 20.0, 20.0, 20.0, 20.0, 20.0, 20.0, 20.0]",-2.1319878101348877,-0.9920674562454224,0.0258,4.4469,-0.1384,-9.9338,-0.3216,0.0024,-0.0068,-10.7468,15.3,,50.0,,,,-0.3878,0.7104,0.8094,298.63,14.95,1.22401,0.0039,219.84,0.0,1,95.99,99.285,1,3,10,0.7,8.736,0,0.0,0,0
1790741956.6962316,47.397962199999995,8.5461358,8.177000045776367,-0.0008290266850963235,0.12741874158382416,1.040150761604309,269.26,-0.010461212694262773,-0.8099324434969657,0.0,-90.74000000000001,20.0,19.999999999999996,0.0,0.0,0.47259933485666333,-0.125476318583011,14.0,0.0,0.0,"[20.0, 20.0, 20.0, 20.0, 20.0, 20.0, 20.0, 20.0, 20.0, 20.0, 20.0, 20.0, 20.0, 20.0, 20.0, 20.0, 20.0, 20.0, 20.0, 20.0, 20.0, 20.0, 20.0, 20.0, 20.0, 20.0, 20.0, 20.0, 20.0, 20.0, 20.0, 20.0, 20.0, 20.0, 20.0, 20.0, 20.0, 20.0, 20.0, 20.0, 20.0, 20.0, 20.0, 20.0, 20.0, 20.0, 20.0, 20.0, 20.0, 20.0, 20.0, 20.0, 20.0, 20.0, 20.0, 20.0, 20.0, 20.0, 20.0, 20.0, 20.0, 20.0, 20.0, 20.0, 20.0, 20.0, 20.0, 20.0, 20.0, 20.0, 20.0, 20.0]",-2.1108038425445557,-0.9884649515151978,0.0061,1.4422,-0.0909,-13.5182,-0.4109,0.0092,-0.0163,-10.2784,15.3,,50.0,,,,-0.3549,0.7679,0.8459,294.81,14.95,1.22404,0.1274,90.37,0.0,1,96.19,99.307,1,3,10,0.7,8.514,0,0.0,0,0
1790741956.8971884,47.397962299999996,8.5461362,7.9800004959106445,-0.00014094694051891565,0.15146423876285553,1.0333739519119263,269.22,-0.011026649613306794,-0.8099249428177313,0.0,-90.77999999999997,20.0,19.999999999999996,0.0,0.0,0.4207036844004492,-0.15050649545500303,14.0,0.0,0.0,"[20.0, 20.0, 20.0, 20.0, 20.0, 20.0, 20.0, 20.0, 20.0, 20.0, 20.0, 20.0, 20.0, 20.0, 20.0, 20.0, 20.0, 20.0, 20.0, 20.0, 20.0, 20.0, 20.0, 20.0, 20.0, 20.0, 20.0, 20.0, 20.0, 20.0, 20.0, 20.0, 20.0, 20.0, 20.0, 20.0, 20.0, 20.0, 20.0, 20.0, 20.0, 20.0, 20.0, 20.0, 20.0, 20.0, 20.0, 20.0, 20.0, 20.0, 20.0, 20.0, 20.0, 20.0, 20.0, 20.0, 20.0, 20.0, 20.0, 20.0, 20.0, 20.0, 20.0, 20.0, 20.0, 20.0, 20.0, 20.0, 20.0, 20.0, 20.0, 20.0]",-2.078921318054199,-0.9848923683166504,-0.0176,-0.1266,-0.1359,-4.2297,-0.4237,0.0182,-0.0134,-9.5157,15.3,,50.0,,,,-0.3895,0.7256,0.8235,298.22,14.95,1.22406,0.1515,90.05,0.0,1,96.39,99.339,1,3,10,0.7,8.275,0,0.0,0,0
1790741957.0982308,47.397962299999996,8.5461365,7.77400016784668,0.0009146240190602839,0.13312962651252747,1.0723108053207397,269.15,-0.012016151124052538,-0.8099108667700193,0.0,-90.85000000000002,20.0,19.999999999999996,0.0,0.0,0.20252483058850762,-0.130864088408278,14.0,0.0,0.0,"[20.0, 20.0, 20.0, 20.0, 20.0, 20.0, 20.0, 20.0, 20.0, 20.0, 20.0, 20.0, 20.0, 20.0, 20.0, 20.0, 20.0, 20.0, 20.0, 20.0, 20.0, 20.0, 20.0, 20.0, 20.0, 20.0, 20.0, 20.0, 20.0, 20.0, 20.0, 20.0, 20.0, 20.0, 20.0, 20.0, 20.0, 20.0, 20.0, 20.0, 20.0, 20.0, 20.0, 20.0, 20.0, 20.0, 20.0, 20.0, 20.0, 20.0, 20.0, 20.0, 20.0, 20.0, 20.0, 20.0, 20.0, 20.0, 20.0, 20.0, 20.0, 20.0, 20.0, 20.0, 20.0, 20.0, 20.0, 20.0, 20.0, 20.0, 20.0, 20.0]",-2.0533618927001953,-0.9799305200576782,-0.0618,-0.5571,-0.2777,-1.0244,-0.3583,0.0278,-0.0055,-9.7038,15.3,,50.0,,,,-0.3129,0.7153,0.7807,293.63,14.95,1.22409,0.1331,89.61,0.0,1,96.59,99.365,1,3,10,0.7,8.051,0,0.0,0,0
1790741957.2991529,47.397962299999996,8.5461367,7.562000274658203,-0.001583681907504797,0.10154836624860764,1.0784077644348145,269.09000000000003,-0.01286428105681502,-0.8098978394050026,0.0,-90.90999999999997,20.0,19.999999999999996,0.0,0.0,0.6104168153764186,-0.1000128990929298,14.0,0.0,0.0,"[20.0, 20.0, 20.0, 20.0, 20.0, 20.0, 20.0, 20.0, 20.0, 20.0, 20.0, 20.0, 20.0, 20.0, 20.0, 20.0, 20.0, 20.0, 20.0, 20.0, 20.0, 20.0, 20.0, 20.0, 20.0, 20.0, 20.0, 20.0, 20.0, 20.0, 20.0, 20.0, 20.0, 20.0, 20.0, 20.0, 20.0, 20.0, 20.0, 20.0, 20.0, 20.0, 20.0, 20.0, 20.0, 20.0, 20.0, 20.0, 20.0, 20.0, 20.0, 20.0, 20.0, 20.0, 20.0, 20.0, 20.0, 20.0, 20.0, 20.0, 20.0, 20.0, 20.0, 20.0, 20.0, 20.0, 20.0, 20.0, 20.0, 20.0, 20.0, 20.0]",-2.0376198291778564,-0.9774027466773987,-0.1066,-0.6079,-0.1644,0.2644,-0.2233,0.0161,-0.0011,-9.824,15.3,,50.0,,,,-0.286,0.6751,0.7332,292.96,14.95,1.22411,0.1016,90.89,0.0,1,96.79,99.381,1,3,10,0.7,7.922,0,0.0,0,0
1790741957.4999216,47.397962299999996,8.5461368,7.350000381469727,-0.007182192523032427,0.06966888904571533,1.0655494928359985,269.07,-0.01314698794538548,-0.8098932995820893,0.0,-90.93,20.0,19.999999999999996,0.0,0.0,1.5870750801094953,-0.07002141486341631,14.0,0.0,0.0,"[20.0, 20.0, 20.0, 20.0, 20.0, 20.0, 20.0, 20.0, 20.0, 20.0, 20.0, 20.0, 20.0, 20.0, 20.0, 20.0, 20.0, 20.0, 20.0, 20.0, 20.0, 20.0, 20.0, 20.0, 20.0, 20.0, 20.0, 20.0, 20.0, 20.0, 20.0, 20.0, 20.0, 20.0, 20.0, 20.0, 20.0, 20.0, 20.0, 20.0, 20.0, 20.0, 20.0, 20.0, 20.0, 20.0, 20.0, 20.0, 20.0, 20.0, 20.0, 20.0, 20.0, 20.0, 20.0, 20.0, 20.0, 20.0, 20.0, 20.0, 20.0, 20.0, 20.0, 20.0, 20.0, 20.0, 20.0, 20.0, 20.0, 20.0, 20.0, 20.0]",-2.0306766033172607,-0.9779655933380127,-0.1019,-0.4846,0.1668,0.8565,-0.0521,0.0057,-0.0099,-9.8811,15.3,,50.0,,,,-0.3067,0.691,0.756,293.93,14.95,1.22414,0.07,95.89,0.0,1,97.0,99.388,1,3,10,0.7,7.695,0,0.0,0,0
1790741957.7010388,47.397962299999996,8.5461368,7.14300012588501,-0.010886584408581257,0.04439079388976097,1.0460318326950073,269.07,-0.01314698794538548,-0.8098932995820893,0.0,-90.93,20.0,19.999999999999996,0.0,0.0,2.2154112657038003,-0.04454099747054585,14.0,0.0,0.0,"[20.0, 20.0, 20.0, 20.0, 20.0, 20.0, 20.0, 20.0, 20.0, 20.0, 20.0, 20.0, 20.0, 20.0, 20.0, 20.0, 20.0, 20.0, 20.0, 20.0, 20.0, 20.0, 20.0, 20.0, 20.0, 20.0, 20.0, 20.0, 20.0, 20.0, 20.0, 20.0, 20.0, 20.0, 20.0, 20.0, 20.0, 20.0, 20.0, 20.0, 20.0, 20.0, 20.0, 20.0, 20.0, 20.0, 20.0, 20.0, 20.0, 20.0, 20.0, 20.0, 20.0, 20.0, 20.0, 20.0, 20.0, 20.0, 20.0, 20.0, 20.0, 20.0, 20.0, 20.0, 20.0, 20.0, 20.0, 20.0, 20.0, 20.0, 20.0, 20.0]",-2.0292961597442627,-0.9786612391471863,-0.0661,-0.3032,0.1636,0.9284,0.0644,0.0153,-0.0087,-9.9002,15.3,,50.0,,,,-0.4746,0.6305,0.7891,306.97,14.95,1.22416,0.0457,103.78,0.0,1,97.2,99.389,1,3,10,0.7,7.469,0,0.0,0,0
1790741957.9020975,47.397962299999996,8.5461368,6.941000461578369,-0.012455836869776249,0.023991461843252182,1.0202081203460693,269.1,-0.012722927022574416,-0.8099000723101452,0.0,-90.89999999999998,20.0,19.999999999999996,-0.0,0.0,2.449074910520861,0.02659137508090511,14.0,0.0,0.0,"[20.0, 20.0, 20.0, 20.0, 20.0, 20.0, 20.0, 20.0, 20.0, 20.0, 20.0, 20.0, 20.0, 20.0, 20.0, 20.0, 20.0, 20.0, 20.0, 20.0, 20.0, 20.0, 20.0, 20.0, 20.0, 20.0, 20.0, 20.0, 20.0, 20.0, 20.0, 20.0, 20.0, 20.0, 20.0, 20.0, 20.0, 20.0, 20.0, 20.0, 20.0, 20.0, 20.0, 20.0, 20.0, 20.0, 20.0, 20.0, 20.0, 20.0, 20.0, 20.0, 20.0, 20.0, 20.0, 20.0, 20.0, 20.0, 20.0, 20.0, 20.0, 20.0, 20.0, 20.0, 20.0, 20.0, 20.0, 20.0, 20.0, 20.0, 20.0, 20.0]",-2.032647132873535,-0.9776318669319153,-0.0505,-0.1227,0.0314,0.9498,0.1173,0.0115,0.001,-9.9104,15.3,,50.0,,,,-0.4242,0.5313,0.6799,308.61,14.95,1.22418,0.027,117.44,0.0,1,97.4,99.393,1,3,10,0.7,7.259,0,0.0,0,0
1790741958.1018176,47.397962299999996,8.5461367,6.743000507354736,-0.014347018674015999,0.01349116861820221,0.9948717951774597,269.12,-0.012440217795711911,-0.8099044641074621,0.0,-90.88,20.0,19.999999999999996,-0.0,0.0,2.777151177891173,0.01457773874639508,14.0,0.0,0.0,"[20.0, 20.0, 20.0, 20.0, 20.0, 20.0, 20.0, 20.0, 20.0, 20.0, 20.0, 20.0, 20.0, 20.0, 20.0, 20.0, 20.0, 20.0, 20.0, 20.0, 20.0, 20.0, 20.0, 20.0, 20.0, 20.0, 20.0, 20.0, 20.0, 20.0, 20.0, 20.0, 20.0, 20.0, 20.0, 20.0, 20.0, 20.0, 20.0, 20.0, 20.0, 20.0, 20.0, 20.0, 20.0, 20.0, 20.0, 20.0, 20.0, 20.0, 20.0, 20.0, 20.0, 20.0, 20.0, 20.0, 20.0, 20.0, 20.0, 20.0, 20.0, 20.0, 20.0, 20.0, 20.0, 20.0, 20.0, 20.0, 20.0, 20.0, 20.0, 20.0]",-2.0374650955200195,-0.9772517681121826,-0.0533,0.0286,-0.0065,0.7511,0.1153,0.0194,-0.0084,-9.9233,15.3,,50.0,,,,-0.5295,0.4559,0.6987,319.27,14.96,1.22421,0.0197,136.76,0.0,1,97.6,99.398,1,3,10,0.7,7.064,0,0.0,0,0
1790741958.302205,47.397962299999996,8.546136599999999,6.550000190734863,-0.016692426055669785,0.007237497717142105,0.9692143797874451,269.14,-0.012157507053046244,-0.8099087572203768,0.0,-90.86000000000001,20.0,19.999999999999996,0.0,0.0,3.2050589121819804,0.0027450054325455124,14.0,0.0,0.0,"[20.0, 20.0, 20.0, 20.0, 20.0, 20.0, 20.0, 20.0, 20.0, 20.0, 20.0, 20.0, 20.0, 20.0, 20.0, 20.0, 20.0, 20.0, 20.0, 20.0, 20.0, 20.0, 20.0, 20.0, 20.0, 20.0, 20.0, 20.0, 20.0, 20.0, 20.0, 20.0, 20.0, 20.0, 20.0, 20.0, 20.0, 20.0, 20.0, 20.0, 20.0, 20.0, 20.0, 20.0, 20.0, 20.0, 20.0, 20.0, 20.0, 20.0, 20.0, 20.0, 20.0, 20.0, 20.0, 20.0, 20.0, 20.0, 20.0, 20.0, 20.0, 20.0, 20.0, 20.0, 20.0, 20.0, 20.0, 20.0, 20.0, 20.0, 20.0, 20.0]",-2.0435359477996826,-0.9788515567779541,-0.044,0.152,0.1067,0.6255,0.0704,0.0138,-0.0078,-9.9332,15.3,,50.0,,,,-0.4572,0.5061,0.682,312.1,14.96,1.22423,0.0182,156.56,0.0,1,97.8,99.404,1,3,10,0.7,6.846,0,0.0,0,0
1790741958.5020192,47.397962299999996,8.5461365,6.360000133514404,-0.017644314095377922,0.006324918940663338,0.9413422346115112,269.15,-0.012016151124052538,-0.8099108667700193,0.0,-90.85000000000002,20.0,19.999999999999996,0.0,0.0,3.3834265846603913,-0.0016754333827026782,14.0,0.0,0.0,"[20.0, 20.0, 20.0, 20.0, 20.0, 20.0, 20.0, 20.0, 20.0, 20.0, 20.0, 20.0, 20.0, 20.0, 20.0, 20.0, 20.0, 20.0, 20.0, 20.0, 20.0, 20.0, 20.0, 20.0, 20.0, 20.0, 20.0, 20.0, 20.0, 20.0, 20.0, 20.0, 20.0, 20.0, 20.0, 20.0, 20.0, 20.0, 20.0, 20.0, 20.0, 20.0, 20.0, 20.0, 20.0, 20.0, 20.0, 20.0, 20.0, 20.0, 20.0, 20.0, 20.0, 20.0, 20.0, 20.0, 20.0, 20.0, 20.0, 20.0, 20.0, 20.0, 20.0, 20.0, 20.0, 20.0, 20.0, 20.0, 20.0, 20.0, 20.0, 20.0]",-2.049123525619507,-0.9814392328262329,-0.0097,0.2502,0.2008,0.3624,-0.0803,0.0107,0.0001,-9.9365,15.3,,50.0,,,,-0.592,0.5526,0.8098,316.97,14.96,1.22425,0.0187,160.28,0.0,1,98.0,99.41,1,3,10,0.7,6.685,0,0.0,0,0
1790741958.703081,47.397962299999996,8.5461365,6.177000522613525,-0.015399313531816006,0.009549894370138645,0.9119211435317993,269.16,-0.01187479482902486,-0.8099129516483662,0.0,-90.83999999999997,20.0,19.999999999999996,0.0,0.0,2.964825834175963,0.006218547898632616,14.0,0.0,0.0,"[20.0, 20.0, 20.0, 20.0, 20.0, 20.0, 20.0, 20.0, 20.0, 20.0, 20.0, 20.0, 20.0, 20.0, 20.0, 20.0, 20.0, 20.0, 20.0, 20.0, 20.0, 20.0, 20.0, 20.0, 20.0, 20.0, 20.0, 20.0, 20.0, 20.0, 20.0, 20.0, 20.0, 20.0, 20.0, 20.0, 20.0, 20.0, 20.0, 20.0, 20.0, 20.0, 20.0, 20.0, 20.0, 20.0, 20.0, 20.0, 20.0, 20.0, 20.0, 20.0, 20.0, 20.0, 20.0, 20.0, 20.0, 20.0, 20.0, 20.0, 20.0, 20.0, 20.0, 20.0, 20.0, 20.0, 20.0, 20.0, 20.0, 20.0, 20.0, 20.0]",-2.0527825355529785,-0.9821992516517639,0.0103,0.2949,-0.0691,0.1781,-0.089,0.0205,-0.0037,-9.9435,15.3,,50.0,,,,-0.514,0.5374,0.7437,313.73,14.96,1.22427,0.0181,148.19,0.0,1,98.2,99.414,1,3,10,0.7,6.52,0,0.0,0,0
1790741958.9035137,47.397962299999996,8.5461364,6.002000331878662,-0.013660856522619724,0.013728739693760872,0.8844674825668335,269.17,-0.011733438172270965,-0.8099150118553536,0.0,-90.82999999999998,20.0,19.999999999999996,0.0,0.0,2.644858948253104,0.01244187038927206,14.0,0.0,0.0,"[20.0, 20.0, 20.0, 20.0, 20.0, 20.0, 20.0, 20.0, 20.0, 20.0, 20.0, 20.0, 20.0, 20.0, 20.0, 20.0, 20.0, 20.0, 20.0, 20.0, 20.0, 20.0, 20.0, 20.0, 20.0, 20.0, 20.0, 20.0, 20.0, 20.0, 20.0, 20.0, 20.0, 20.0, 20.0, 20.0, 20.0, 20.0, 20.0, 20.0, 20.0, 20.0, 20.0, 20.0, 20.0, 20.0, 20.0, 20.0, 20.0, 20.0, 20.0, 20.0, 20.0, 20.0, 20.0, 20.0, 20.0, 20.0, 20.0, 20.0, 20.0, 20.0, 20.0, 20.0, 20.0, 20.0, 20.0, 20.0, 20.0, 20.0, 20.0, 20.0]",-2.0556790828704834,-0.9824613332748413,-0.0074,0.305,-0.053,0.0009,-0.1923,0.0104,0.009,-9.9222,15.3,,50.0,,,,-0.5666,0.3936,0.6899,325.21,14.96,1.22429,0.0194,134.86,0.0,1,98.4,99.417,1,3,10,0.7,6.34,0,0.0,0,0
1790741959.103872,47.397962299999996,8.5461365,5.833000183105469,-0.01106521300971508,0.02000034973025322,0.8594536781311035,269.17,-0.011733438172270965,-0.8099150118553536,0.0,-90.82999999999998,20.0,19.999999999999996,0.0,0.0,2.167376254931632,-0.001418539430669356,14.0,0.0,0.0,"[20.0, 20.0, 20.0, 20.0, 20.0, 20.0, 20.0, 20.0, 20.0, 20.0, 20.0, 20.0, 20.0, 20.0, 20.0, 20.0, 20.0, 20.0, 20.0, 20.0, 20.0, 20.0, 20.0, 20.0, 20.0, 20.0, 20.0, 20.0, 20.0, 20.0, 20.0, 20.0, 20.0, 20.0, 20.0, 20.0, 20.0, 20.0, 20.0, 20.0, 20.0, 20.0, 20.0, 20.0, 20.0, 20.0, 20.0, 20.0, 20.0, 20.0, 20.0, 20.0, 20.0, 20.0, 20.0, 20.0, 20.0, 20.0, 20.0, 20.0, 20.0, 20.0, 20.0, 20.0, 20.0, 20.0, 20.0, 20.0, 20.0, 20.0, 20.0, 20.0]",-2.0546438694000244,-0.9808371067047119,-0.0141,0.2851,-0.085,-0.2247,-0.0926,0.0144,-0.0091,-9.9189,15.3,,50.0,,,,-0.54,0.4352,0.6935,321.13,14.96,1.22431,0.0229,118.95,0.0,1,98.6,99.419,1,3,10,0.7,6.137,0,0.0,0,0
1790741959.3042045,47.397962299999996,8.5461365,5.6670002937316895,-0.007248264737427235,0.024884827435016632,0.8355230093002319,269.17,-0.011733438172270965,-0.8099150118553536,0.0,-90.82999999999998,20.0,19.999999999999996,0.0,0.0,1.4527055903764752,-0.004067905069776703,14.0,0.0,0.0,"[20.0, 20.0, 20.0, 20.0, 20.0, 20.0, 20.0, 20.0, 20.0, 20.0, 20.0, 20.0, 20.0, 20.0, 20.0, 20.0, 20.0, 20.0, 20.0, 20.0, 20.0, 20.0, 20.0, 20.0, 20.0, 20.0, 20.0, 20.0, 20.0, 20.0, 20.0, 20.0, 20.0, 20.0, 20.0, 20.0, 20.0, 20.0, 20.0, 20.0, 20.0, 20.0, 20.0, 20.0, 20.0, 20.0, 20.0, 20.0, 20.0, 20.0, 20.0, 20.0, 20.0, 20.0, 20.0, 20.0, 20.0, 20.0, 20.0, 20.0, 20.0, 20.0, 20.0, 20.0, 20.0, 20.0, 20.0, 20.0, 20.0, 20.0, 20.0, 20.0]",-2.05207896232605,-0.9754034280776978,-0.0626,0.2231,-0.3657,-0.2651,-0.1091,0.0036,0.0021,-9.9214,15.3,,50.0,,,,-0.6525,0.3959,0.7632,328.76,14.96,1.22433,0.0259,106.24,0.0,1,98.8,99.425,1,3,10,0.7,5.962,0,0.0,0,0
1790741959.5057535,47.3979624,8.5461365,5.505000114440918,-0.007500818930566311,0.02602647803723812,0.8097697496414185,269.17,-0.011733438172270965,-0.8099150118553536,0.0,-90.82999999999998,20.0,19.999999999999996,0.0,0.0,1.504059074983001,-0.006341445981251764,14.0,0.0,0.0,"[20.0, 20.0, 20.0, 20.0, 20.0, 20.0, 20.0, 20.0, 20.0, 20.0, 20.0, 20.0, 20.0, 20.0, 20.0, 20.0, 20.0, 20.0, 20.0, 20.0, 20.0, 20.0, 20.0, 20.0, 20.0, 20.0, 20.0, 20.0, 20.0, 20.0, 20.0, 20.0, 20.0, 20.0, 20.0, 20.0, 20.0, 20.0, 20.0, 20.0, 20.0, 20.0, 20.0, 20.0, 20.0, 20.0, 20.0, 20.0, 20.0, 20.0, 20.0, 20.0, 20.0, 20.0, 20.0, 20.0, 20.0, 20.0, 20.0, 20.0, 20.0, 20.0, 20.0, 20.0, 20.0, 20.0, 20.0, 20.0, 20.0, 20.0, 20.0, 20.0]",-2.0497679710388184,-0.971338152885437,-0.1383,0.1685,-0.2761,-0.1594,-0.1519,0.0111,-0.0017,-9.9329,15.3,,50.0,,,,-0.7126,0.4305,0.8325,328.86,14.96,1.22435,0.0271,106.08,0.0,1,99.0,99.429,1,3,10,0.7,5.842,0,0.0,0,0
1790741959.7053692,47.3979624,8.546136599999999,5.349000453948975,-0.013535589911043644,0.026398586109280586,0.7833637595176697,269.15,-0.012016151124052538,-0.8099108667700193,0.0,-90.85000000000002,20.0,19.999999999999996,0.0,0.0,2.6577082483839733,-0.027092493953515595,14.0,0.0,0.0,"[20.0, 20.0, 20.0, 20.0, 20.0, 20.0, 20.0, 20.0, 20.0, 20.0, 20.0, 20.0, 20.0, 20.0, 20.0, 20.0, 20.0, 20.0, 20.0, 20.0, 20.0, 20.0, 20.0, 20.0, 20.0, 20.0, 20.0, 20.0, 20.0, 20.0, 20.0, 20.0, 20.0, 20.0, 20.0, 20.0, 20.0, 20.0, 20.0, 20.0, 20.0, 20.0, 20.0, 20.0, 20.0, 20.0, 20.0, 20.0, 20.0, 20.0, 20.0, 20.0, 20.0, 20.0, 20.0, 20.0, 20.0, 20.0, 20.0, 20.0, 20.0, 20.0, 20.0, 20.0, 20.0, 20.0, 20.0, 20.0, 20.0, 20.0, 20.0, 20.0]",-2.046461343765259,-0.9715173840522766,-0.1572,0.1436,0.2161,-0.1601,-0.2528,0.0119,0.0002,-9.9132,15.3,,50.0,,,,-0.7545,0.5336,0.9241,324.73,14.97,1.22437,0.0297,117.15,0.0,1,99.2,99.433,1,3,10,0.7,5.684,0,0.0,0,0
1790741959.9056072,47.3979624,8.546136599999999,5.199000358581543,-0.01947888545691967,0.02813113108277321,0.7586730122566223,269.12,-0.012440217795711911,-0.8099044641074621,0.0,-90.88,20.0,19.999999999999996,0.0,0.0,3.796702107745829,-0.032703493790489715,14.0,0.0,0.0,"[20.0, 20.0, 20.0, 20.0, 20.0, 20.0, 20.0, 20.0, 20.0, 20.0, 20.0, 20.0, 20.0, 20.0, 20.0, 20.0, 20.0, 20.0, 20.0, 20.0, 20.0, 20.0, 20.0, 20.0, 20.0, 20.0, 20.0, 20.0, 20.0, 20.0, 20.0, 20.0, 20.0, 20.0, 20.0, 20.0, 20.0, 20.0, 20.0, 20.0, 20.0, 20.0, 20.0, 20.0, 20.0, 20.0, 20.0, 20.0, 20.0, 20.0, 20.0, 20.0, 20.0, 20.0, 20.0, 20.0, 20.0, 20.0, 20.0, 20.0, 20.0, 20.0, 20.0, 20.0, 20.0, 20.0, 20.0, 20.0, 20.0, 20.0, 20.0, 20.0]",-2.0398764610290527,-0.973605751991272,-0.1045,0.0993,0.3909,-0.3102,-0.0947,0.0173,-0.0069,-9.921,15.3,,50.0,,,,-0.6827,0.453,0.8193,326.44,14.97,1.22439,0.0342,124.7,0.0,1,99.4,99.44,1,3,10,0.7,5.5,0,0.0,0,0
1790741960.106141,47.397962299999996,8.5461368,5.055000305175781,-0.02327236905694008,0.030104216188192368,0.735484778881073,269.11,-0.012581572600771291,-0.8099022805443208,0.0,-90.88999999999999,20.0,19.999999999999996,0.0,0.0,4.524039117872911,-0.03581321784056164,14.0,0.0,0.0,"[20.0, 20.0, 20.0, 20.0, 20.0, 20.0, 20.0, 20.0, 20.0, 20.0, 20.0, 20.0, 20.0, 20.0, 20.0, 20.0, 20.0, 20.0, 20.0, 20.0, 20.0, 20.0, 20.0, 20.0, 20.0, 20.0, 20.0, 20.0, 20.0, 20.0, 20.0, 20.0, 20.0, 20.0, 20.0, 20.0, 20.0, 20.0, 20.0, 20.0, 20.0, 20.0, 20.0, 20.0, 20.0, 20.0, 20.0, 20.0, 20.0, 20.0, 20.0, 20.0, 20.0, 20.0, 20.0, 20.0, 20.0, 20.0, 20.0, 20.0, 20.0, 20.0, 20.0, 20.0, 20.0, 20.0, 20.0, 20.0, 20.0, 20.0, 20.0, 20.0]",-2.0290863513946533,-0.9771031737327576,-0.0335,0.0173,0.3592,-0.5182,-0.0194,0.0143,-0.0067,-9.9012,15.3,,50.0,,,,-0.6098,0.4398,0.7519,324.2,14.97,1.22441,0.0381,127.71,0.0,1,99.6,99.451,1,3,10,0.7,5.343,0,0.0,0,0
1790741960.3071241,47.397962299999996,8.546137,4.9170002937316895,-0.02356988936662674,0.029665008187294006,0.7241398692131042,269.11,-0.012581572600771291,-0.8099022805443208,0.0,-90.88999999999999,20.0,19.999999999999996,0.0,0.0,4.579201927331069,-0.0338182770542665,14.0,0.0,0.0,"[20.0, 20.0, 20.0, 20.0, 20.0, 20.0, 20.0, 20.0, 20.0, 20.0, 20.0, 20.0, 20.0, 20.0, 20.0, 20.0, 20.0, 20.0, 20.0, 20.0, 20.0, 20.0, 20.0, 20.0, 20.0, 20.0, 20.0, 20.0, 20.0, 20.0, 20.0, 20.0, 20.0, 20.0, 20.0, 20.0, 20.0, 20.0, 20.0, 20.0, 20.0, 20.0, 20.0, 20.0, 20.0, 20.0, 20.0, 20.0, 20.0, 20.0, 20.0, 20.0, 20.0, 20.0, 20.0, 20.0, 20.0, 20.0, 20.0, 20.0, 20.0, 20.0, 20.0, 20.0, 20.0, 20.0, 20.0, 20.0, 20.0, 20.0, 20.0, 20.0]",-2.01568603515625,-0.9798700213432312,0.0269,-0.102,0.2676,-0.5846,0.012,0.0108,-0.0055,-9.7126,15.3,,50.0,,,,-0.6604,0.5092,0.8339,322.36,14.97,1.22442,0.0379,128.47,0.0,1,99.8,99.465,1,3,10,0.7,5.248,0,0.0,0,0
1790741960.5079217,47.397962299999996,8.5461371,4.778000354766846,-0.021847078576683998,0.02361319586634636,0.7333428859710693,269.12,-0.012440217795711911,-0.8099044641074621,0.0,-90.88,20.0,19.999999999999996,0.0,0.0,4.233533853030179,-0.02566008269262981,14.0,0.0,0.0,"[20.0, 20.0, 20.0, 20.0, 20.0, 20.0, 20.0, 20.0, 20.0, 20.0, 20.0, 20.0, 20.0, 20.0, 20.0, 20.0, 20.0, 20.0, 20.0, 20.0, 20.0, 20.0, 20.0, 20.0, 20.0, 20.0, 20.0, 20.0, 20.0, 20.0, 20.0, 20.0, 20.0, 20.0, 20.0, 20.0, 20.0, 20.0, 20.0, 20.0, 20.0, 20.0, 20.0, 20.0, 20.0, 20.0, 20.0, 20.0, 20.0, 20.0, 20.0, 20.0, 20.0, 20.0, 20.0, 20.0, 20.0, 20.0, 20.0, 20.0, 20.0, 20.0, 20.0, 20.0, 20.0, 20.0, 20.0, 20.0, 20.0, 20.0, 20.0, 20.0]",-2.00441575050354,-0.9809913039207458,0.0488,-0.2068,0.0105,-0.3094,0.0094,0.0126,-0.0024,-9.7667,15.3,,50.0,,,,-0.7407,0.4162,0.8496,330.67,14.97,1.22444,0.0322,132.78,0.0,1,100.0,99.476,1,3,10,0.7,5.127,0,0.0,0,0
1790741960.7097018,47.397962299999996,8.5461373,4.636000156402588,-0.020399386063218117,0.01591932587325573,0.7338471412658691,269.13,-0.012298862611701466,-0.8099066229995027,0.0,-90.87,20.0,19.999999999999996,0.0,0.0,3.9355099619548715,-0.014694718274468603,14.0,0.0,0.0,"[20.0, 20.0, 20.0, 20.0, 20.0, 20.0, 20.0, 20.0, 20.0, 20.0, 20.0, 20.0, 20.0, 20.0, 20.0, 20.0, 20.0, 20.0, 20.0, 20.0, 20.0, 20.0, 20.0, 20.0, 20.0, 20.0, 20.0, 20.0, 20.0, 20.0, 20.0, 20.0, 20.0, 20.0, 20.0, 20.0, 20.0, 20.0, 20.0, 20.0, 20.0, 20.0, 20.0, 20.0, 20.0, 20.0, 20.0, 20.0, 20.0, 20.0, 20.0, 20.0, 20.0, 20.0, 20.0, 20.0, 20.0, 20.0, 20.0, 20.0, 20.0, 20.0, 20.0, 20.0, 20.0, 20.0, 20.0, 20.0, 20.0, 20.0, 20.0, 20.0]",-1.993593454360962,-0.9803550839424133,0.0404,-0.2658,-0.075,-0.2383,0.0152,0.0125,-0.009,-9.803,15.3,,50.0,,,,-0.7427,0.3828,0.8355,332.73,14.97,1.22445,0.0259,142.03,0.0,1,100.21,99.487,1,3,10,0.7,4.973,0,0.0,0,0
1790741960.9104495,47.397962299999996,8.5461374,4.49500036239624,-0.018752433359622955,0.009000702761113644,0.7301346063613892,269.13,-0.012298862611701466,-0.8099066229995027,0.0,-90.87,20.0,19.999999999999996,0.0,0.0,3.602384772538926,-0.0074752341865913716,14.0,0.0,0.0,"[20.0, 20.0, 20.0, 20.0, 20.0, 20.0, 20.0, 20.0, 20.0, 20.0, 20.0, 20.0, 20.0, 20.0, 20.0, 20.0, 20.0, 20.0, 20.0, 20.0, 20.0, 20.0, 20.0, 20.0, 20.0, 20.0, 20.0, 20.0, 20.0, 20.0, 20.0, 20.0, 20.0, 20.0, 20.0, 20.0, 20.0, 20.0, 20.0, 20.0, 20.0, 20.0, 20.0, 20.0, 20.0, 20.0, 20.0, 20.0, 20.0, 20.0, 20.0, 20.0, 20.0, 20.0, 20.0, 20.0, 20.0, 20.0, 20.0, 20.0, 20.0, 20.0, 20.0, 20.0, 20.0, 20.0, 20.0, 20.0, 20.0, 20.0, 20.0, 20.0]",-1.9825854301452637,-0.9794736504554749,0.0272,-0.3138,-0.0971,-0.1825,0.0271,0.0123,-0.0046,-9.8141,15.3,,50.0,,,,-0.6154,0.4072,0.7379,326.51,14.97,1.22447,0.0208,154.36,0.0,1,100.41,99.498,1,3,10,0.7,4.834,0,0.0,0,0
1790741961.1122832,47.397962299999996,8.5461375,4.354000091552734,-0.015745937824249268,1.9960716599598527e-06,0.7259116768836975,269.14,-0.012157507053046244,-0.8099087572203768,0.0,-90.86000000000001,20.0,19.999999999999996,0.0,0.0,3.0041635566792113,0.004471259755115278,14.0,0.0,0.0,"[20.0, 20.0, 20.0, 20.0, 20.0, 20.0, 20.0, 20.0, 20.0, 20.0, 20.0, 20.0, 20.0, 20.0, 20.0, 20.0, 20.0, 20.0, 20.0, 20.0, 20.0, 20.0, 20.0, 20.0, 20.0, 20.0, 20.0, 20.0, 20.0, 20.0, 20.0, 20.0, 20.0, 20.0, 20.0, 20.0, 20.0, 20.0, 20.0, 20.0, 20.0, 20.0, 20.0, 20.0, 20.0, 20.0, 20.0, 20.0, 20.0, 20.0, 20.0, 20.0, 20.0, 20.0, 20.0, 20.0, 20.0, 20.0, 20.0, 20.0, 20.0, 20.0, 20.0, 20.0, 20.0, 20.0, 20.0, 20.0, 20.0, 20.0, 20.0, 20.0]",-1.97439444065094,-0.9770467281341553,-0.0023,-0.3595,-0.3146,-0.1411,-0.0167,0.0111,-0.0067,-9.8181,15.3,,50.0,,,,-0.4377,0.3816,0.5807,318.91,14.97,1.22449,0.0157,179.99,0.0,1,100.61,99.506,1,3,10,0.7,4.691,0,0.0,0,0
1790741961.3135004,47.397962299999996,8.5461376,4.210999965667725,-0.014956691302359104,-0.010543431155383587,0.7201021313667297,269.15,-0.012016151124052538,-0.8099108667700193,0.0,-90.85000000000002,20.0,19.999999999999996,0.0,0.0,2.8240422066456943,0.01399134380962248,14.0,0.0,0.0,"[20.0, 20.0, 20.0, 20.0, 20.0, 20.0, 20.0, 20.0, 20.0, 20.0, 20.0, 20.0, 20.0, 20.0, 20.0, 20.0, 20.0, 20.0, 20.0, 20.0, 20.0, 20.0, 20.0, 20.0, 20.0, 20.0, 20.0, 20.0, 20.0, 20.0, 20.0, 20.0, 20.0, 20.0, 20.0, 20.0, 20.0, 20.0, 20.0, 20.0, 20.0, 20.0, 20.0, 20.0, 20.0, 20.0, 20.0, 20.0, 20.0, 20.0, 20.0, 20.0, 20.0, 20.0, 20.0, 20.0, 20.0, 20.0, 20.0, 20.0, 20.0, 20.0, 20.0, 20.0, 20.0, 20.0, 20.0, 20.0, 20.0, 20.0, 20.0, 20.0]",-1.969513177871704,-0.975767195224762,-0.048,-0.366,-0.2053,0.0654,-0.0616,0.0106,-0.0043,-9.8436,15.3,,50.0,,,,-0.3725,0.4034,0.5491,312.72,14.97,1.2245,0.0183,215.18,0.0,1,100.81,99.511,1,3,10,0.7,4.558,0,0.0,0,0
1790741961.5136778,47.397962299999996,8.5461376,4.052999973297119,-0.01609029993414879,-0.022118641063570976,0.7128812074661255,269.14,-0.012157507053046244,-0.8099087572203768,0.0,-90.86000000000001,20.0,19.999999999999996,0.0,0.0,3.006507892661723,-0.0012805971310645876,14.0,0.0,0.0,"[20.0, 20.0, 20.0, 20.0, 20.0, 20.0, 20.0, 20.0, 20.0, 20.0, 20.0, 20.0, 20.0, 20.0, 20.0, 20.0, 20.0, 20.0, 20.0, 20.0, 20.0, 20.0, 20.0, 20.0, 20.0, 20.0, 20.0, 20.0, 20.0, 20.0, 20.0, 20.0, 20.0, 20.0, 20.0, 20.0, 20.0, 20.0, 20.0, 20.0, 20.0, 20.0, 20.0, 20.0, 20.0, 20.0, 20.0, 20.0, 20.0, 20.0, 20.0, 20.0, 20.0, 20.0, 20.0, 20.0, 20.0, 20.0, 20.0, 20.0, 20.0, 20.0, 20.0, 20.0, 20.0, 20.0, 20.0, 20.0, 20.0, 20.0, 20.0, 20.0]",-1.9692186117172241,-0.9762147665023804,-0.0587,-0.3182,0.0341,0.3729,-0.1054,0.0161,-0.0045,-9.8366,15.3,,50.0,,,,-0.3324,0.3916,0.5137,310.32,14.97,1.22452,0.0274,233.97,0.0,1,101.01,99.512,1,3,10,0.7,4.397,0,0.0,0,0
1790741961.7137783,47.397962299999996,8.5461375,3.9160001277923584,-0.01731734350323677,-0.03185851499438286,0.7074583768844604,269.14,-0.012157507053046244,-0.8099087572203768,0.0,-90.86000000000001,20.0,19.999999999999996,0.0,0.0,3.212302116779665,-0.03448168580546293,14.0,0.0,0.0,"[20.0, 20.0, 20.0, 20.0, 20.0, 20.0, 20.0, 20.0, 20.0, 20.0, 20.0, 20.0, 20.0, 20.0, 20.0, 20.0, 20.0, 20.0, 20.0, 20.0, 20.0, 20.0, 20.0, 20.0, 20.0, 20.0, 20.0, 20.0, 20.0, 20.0, 20.0, 20.0, 20.0, 20.0, 20.0, 20.0, 20.0, 20.0, 20.0, 20.0, 20.0, 20.0, 20.0, 20.0, 20.0, 20.0, 20.0, 20.0, 20.0, 20.0, 20.0, 20.0, 20.0, 20.0, 20.0, 20.0, 20.0, 20.0, 20.0, 20.0, 20.0, 20.0, 20.0, 20.0, 20.0, 20.0, 20.0, 20.0, 20.0, 20.0, 20.0, 20.0]",-1.9720513820648193,-0.9792051315307617,-0.0432,-0.2331,0.122,0.4568,-0.0624,0.0001,-0.0038,-9.8088,15.3,,50.0,,,,-0.5203,0.3097,0.6055,329.24,14.97,1.22454,0.0363,241.47,0.0,1,101.21,99.516,1,3,10,0.7,4.199,0,0.0,0,0
1790741961.9147546,47.397962299999996,8.5461375,3.7780001163482666,-0.018742971122264862,-0.03850482031702995,0.7051567435264587,269.13,-0.012298862611701466,-0.8099066229995027,0.0,-90.87,20.0,19.999999999999996,0.0,0.0,3.463347133071111,-0.04154565042530531,14.0,0.0,0.0,"[20.0, 20.0, 20.0, 20.0, 20.0, 20.0, 20.0, 20.0, 20.0, 20.0, 20.0, 20.0, 20.0, 20.0, 20.0, 20.0, 20.0, 20.0, 20.0, 20.0, 20.0, 20.0, 20.0, 20.0, 20.0, 20.0, 20.0, 20.0, 20.0, 20.0, 20.0, 20.0, 20.0, 20.0, 20.0, 20.0, 20.0, 20.0, 20.0, 20.0, 20.0, 20.0, 20.0, 20.0, 20.0, 20.0, 20.0, 20.0, 20.0, 20.0, 20.0, 20.0, 20.0, 20.0, 20.0, 20.0, 20.0, 20.0, 20.0, 20.0, 20.0, 20.0, 20.0, 20.0, 20.0, 20.0, 20.0, 20.0, 20.0, 20.0, 20.0, 20.0]",-1.9777231216430664,-0.983962893486023,-0.0061,-0.1378,0.1815,0.4562,-0.036,0.0091,0.0044,-9.8035,15.3,,50.0,,,,-0.6552,0.1668,0.6761,345.72,14.98,1.22456,0.0428,244.04,0.0,1,101.41,99.524,1,3,10,0.7,4.052,0,0.0,0,0
1790741962.1155188,47.397962199999995,8.5461374,3.638000249862671,-0.01897025853395462,-0.04171517863869667,0.7031393051147461,269.13,-0.012298862611701466,-0.8099066229995027,0.0,-90.87,20.0,19.999999999999996,0.0,0.0,3.4973155011711934,-0.044459882291561434,14.0,0.0,0.0,"[20.0, 20.0, 20.0, 20.0, 20.0, 20.0, 20.0, 20.0, 20.0, 20.0, 20.0, 20.0, 20.0, 20.0, 20.0, 20.0, 20.0, 20.0, 20.0, 20.0, 20.0, 20.0, 20.0, 20.0, 20.0, 20.0, 20.0, 20.0, 20.0, 20.0, 20.0, 20.0, 20.0, 20.0, 20.0, 20.0, 20.0, 20.0, 20.0, 20.0, 20.0, 20.0, 20.0, 20.0, 20.0, 20.0, 20.0, 20.0, 20.0, 20.0, 20.0, 20.0, 20.0, 20.0, 20.0, 20.0, 20.0, 20.0, 20.0, 20.0, 20.0, 20.0, 20.0, 20.0, 20.0, 20.0, 20.0, 20.0, 20.0, 20.0, 20.0, 20.0]",-1.984560489654541,-0.9893975853919983,0.047,-0.04,0.2935,0.4457,-0.1042,0.0073,-0.0079,-9.813,15.3,,50.0,,,,-0.6215,0.0667,0.6251,353.87,14.98,1.22457,0.0458,245.55,0.0,1,101.61,99.532,1,3,10,0.7,3.941,0,0.0,0,0
1790741962.3166149,47.397962199999995,8.5461373,3.498000144958496,-0.01752839796245098,-0.041729968041181564,0.7006712555885315,269.13,-0.012298862611701466,-0.8099066229995027,0.0,-90.87,20.0,19.999999999999996,0.0,0.0,3.2228758286694736,-0.04393699723294448,14.0,0.0,0.0,"[20.0, 20.0, 20.0, 20.0, 20.0, 20.0, 20.0, 20.0, 20.0, 20.0, 20.0, 20.0, 20.0, 20.0, 20.0, 20.0, 20.0, 20.0, 20.0, 20.0, 20.0, 20.0, 20.0, 20.0, 20.0, 20.0, 20.0, 20.0, 20.0, 20.0, 20.0, 20.0, 20.0, 20.0, 20.0, 20.0, 20.0, 20.0, 20.0, 20.0, 20.0, 20.0, 20.0, 20.0, 20.0, 20.0, 20.0, 20.0, 20.0, 20.0, 20.0, 20.0, 20.0, 20.0, 20.0, 20.0, 20.0, 20.0, 20.0, 20.0, 20.0, 20.0, 20.0, 20.0, 20.0, 20.0, 20.0, 20.0, 20.0, 20.0, 20.0, 20.0]",-1.9919742345809937,-0.9949198961257935,0.098,0.0395,0.1982,0.354,0.0179,0.0065,-0.0077,-9.8077,15.3,,50.0,,,,-0.6638,0.0337,0.6647,357.1,14.98,1.22459,0.0453,247.22,0.0,1,101.81,99.542,1,3,10,0.7,3.85,0,0.0,0,0
1790741962.5176578,47.3979621,8.5461372,3.3590002059936523,-0.014826874248683453,-0.03851112350821495,0.6982541680335999,269.13,-0.012298862611701466,-0.8099066229995027,0.0,-90.87,20.0,19.999999999999996,0.0,0.0,2.7176800345442977,-0.03979367085106557,14.0,0.0,0.0,"[20.0, 20.0, 20.0, 20.0, 20.0, 20.0, 20.0, 20.0, 20.0, 20.0, 20.0, 20.0, 20.0, 20.0, 20.0, 20.0, 20.0, 20.0, 20.0, 20.0, 20.0, 20.0, 20.0, 20.0, 20.0, 20.0, 20.0, 20.0, 20.0, 20.0, 20.0, 20.0, 20.0, 20.0, 20.0, 20.0, 20.0, 20.0, 20.0, 20.0, 20.0, 20.0, 20.0, 20.0, 20.0, 20.0, 20.0, 20.0, 20.0, 20.0, 20.0, 20.0, 20.0, 20.0, 20.0, 20.0, 20.0, 20.0, 20.0, 20.0, 20.0, 20.0, 20.0, 20.0, 20.0, 20.0, 20.0, 20.0, 20.0, 20.0, 20.0, 20.0]",-1.9986379146575928,-0.9998348951339722,0.1332,0.0931,0.0274,0.2037,-0.0576,0.0045,-0.0032,-9.8204,15.3,,50.0,,,,-0.7518,0.1137,0.7603,351.4,14.98,1.22461,0.0413,248.94,0.0,1,102.01,99.55,1,3,10,0.7,3.706,0,0.0,0,0
1790741962.7180886,47.3979621,8.5461371,3.2200002670288086,-0.010179628618061543,-0.03287949413061142,0.697008490562439,269.13,-0.012298862611701466,-0.8099066229995027,0.0,-90.87,20.0,19.999999999999996,0.0,0.0,1.8479538196215217,-0.033428140737238723,14.0,0.0,0.0,"[20.0, 20.0, 20.0, 20.0, 20.0, 20.0, 20.0, 20.0, 20.0, 20.0, 20.0, 20.0, 20.0, 20.0, 20.0, 20.0, 20.0, 20.0, 20.0, 20.0, 20.0, 20.0, 20.0, 20.0, 20.0, 20.0, 20.0, 20.0, 20.0, 20.0, 20.0, 20.0, 20.0, 20.0, 20.0, 20.0, 20.0, 20.0, 20.0, 20.0, 20.0, 20.0, 20.0, 20.0, 20.0, 20.0, 20.0, 20.0, 20.0, 20.0, 20.0, 20.0, 20.0, 20.0, 20.0, 20.0, 20.0, 20.0, 20.0, 20.0, 20.0, 20.0, 20.0, 20.0, 20.0, 20.0, 20.0, 20.0, 20.0, 20.0, 20.0, 20.0]",-2.0031702518463135,-1.0025566816329956,0.1475,0.1182,0.0145,-0.0267,-0.0478,0.0046,-0.0069,-9.8055,15.3,,50.0,,,,-0.8429,0.0571,0.8448,356.13,14.98,1.22462,0.0344,252.8,0.0,1,102.21,99.555,1,3,10,0.7,3.546,0,0.0,0,0
1790741962.9187381,47.3979621,8.5461371,3.082000255584717,-0.003938085865229368,-0.02679828368127346,0.6958884596824646,269.14,-0.012157507053046244,-0.8099087572203768,0.0,-90.86000000000001,20.0,19.999999999999996,-0.0,0.0,0.675184158035105,-0.02483809920669303,14.0,0.0,0.0,"[20.0, 20.0, 20.0, 20.0, 20.0, 20.0, 20.0, 20.0, 20.0, 20.0, 20.0, 20.0, 20.0, 20.0, 20.0, 20.0, 20.0, 20.0, 20.0, 20.0, 20.0, 20.0, 20.0, 20.0, 20.0, 20.0, 20.0, 20.0, 20.0, 20.0, 20.0, 20.0, 20.0, 20.0, 20.0, 20.0, 20.0, 20.0, 20.0, 20.0, 20.0, 20.0, 20.0, 20.0, 20.0, 20.0, 20.0, 20.0, 20.0, 20.0, 20.0, 20.0, 20.0, 20.0, 20.0, 20.0, 20.0, 20.0, 20.0, 20.0, 20.0, 20.0, 20.0, 20.0, 20.0, 20.0, 20.0, 20.0, 20.0, 20.0, 20.0, 20.0]",-2.006044387817383,-1.0017786026000977,0.1246,0.1043,-0.2463,-0.2028,-0.0825,0.0104,-0.0068,-9.8036,15.3,,50.0,,,,-0.9022,0.0035,0.9022,359.78,14.98,1.22464,0.0271,261.64,0.0,1,102.41,99.558,1,3,10,0.7,3.393,0,0.0,0,0
1790741963.1201556,47.3979621,8.5461371,2.944000244140625,0.0004951463197357953,-0.02179090492427349,0.6960948705673218,269.14,-0.012157507053046244,-0.8099087572203768,0.0,-90.86000000000001,20.0,19.999999999999996,-0.0,0.0,-0.15701985090365986,-0.01468498451067896,14.0,0.0,0.0,"[20.0, 20.0, 20.0, 20.0, 20.0, 20.0, 20.0, 20.0, 20.0, 20.0, 20.0, 20.0, 20.0, 20.0, 20.0, 20.0, 20.0, 20.0, 20.0, 20.0, 20.0, 20.0, 20.0, 20.0, 20.0, 20.0, 20.0, 20.0, 20.0, 20.0, 20.0, 20.0, 20.0, 20.0, 20.0, 20.0, 20.0, 20.0, 20.0, 20.0, 20.0, 20.0, 20.0, 20.0, 20.0, 20.0, 20.0, 20.0, 20.0, 20.0, 20.0, 20.0, 20.0, 20.0, 20.0, 20.0, 20.0, 20.0, 20.0, 20.0, 20.0, 20.0, 20.0, 20.0, 20.0, 20.0, 20.0, 20.0, 20.0, 20.0, 20.0, 20.0]",-2.0078749656677246,-0.9996767640113831,0.0723,0.0806,-0.298,-0.1889,-0.0559,0.0053,-0.0051,-9.7968,15.3,,50.0,,,,-0.9013,-0.0771,0.9046,4.89,14.98,1.22465,0.0218,271.3,0.0,1,102.62,99.561,1,3,10,0.7,3.266,0,0.0,0,0
1790741963.3199575,47.397962199999995,8.5461371,2.807000160217285,0.0035727214999496937,-0.01825721561908722,0.6966035962104797,269.15,-0.012016151124052538,-0.8099108667700193,0.0,-90.85000000000002,20.0,19.999999999999996,-0.0,0.0,-0.7339511912468226,-0.01040732588752619,14.0,0.0,0.0,"[20.0, 20.0, 20.0, 20.0, 20.0, 20.0, 20.0, 20.0, 20.0, 20.0, 20.0, 20.0, 20.0, 20.0, 20.0, 20.0, 20.0, 20.0, 20.0, 20.0, 20.0, 20.0, 20.0, 20.0, 20.0, 20.0, 20.0, 20.0, 20.0, 20.0, 20.0, 20.0, 20.0, 20.0, 20.0, 20.0, 20.0, 20.0, 20.0, 20.0, 20.0, 20.0, 20.0, 20.0, 20.0, 20.0, 20.0, 20.0, 20.0, 20.0, 20.0, 20.0, 20.0, 20.0, 20.0, 20.0, 20.0, 20.0, 20.0, 20.0, 20.0, 20.0, 20.0, 20.0, 20.0, 20.0, 20.0, 20.0, 20.0, 20.0, 20.0, 20.0]",-2.0092878341674805,-0.9963392019271851,0.0171,0.055,-0.2749,-0.132,-0.1069,0.015,-0.0089,-9.795,15.3,,50.0,,,,-1.0057,-0.0688,1.008,3.91,14.98,1.22467,0.0186,281.07,0.0,1,102.82,99.564,1,3,10,0.7,3.115,0,0.0,0,0
1790741963.5202467,47.397962199999995,8.546137,2.6700000762939453,0.0027618862222880125,-0.017883719876408577,0.6978448033332825,269.14,-0.012157507053046244,-0.8099087572203768,0.0,-90.86000000000001,20.0,19.999999999999996,-0.0,0.0,-0.5786670576993452,-0.017983844516347443,14.0,0.0,0.0,"[20.0, 20.0, 20.0, 20.0, 20.0, 20.0, 20.0, 20.0, 20.0, 20.0, 20.0, 20.0, 20.0, 20.0, 20.0, 20.0, 20.0, 20.0, 20.0, 20.0, 20.0, 20.0, 20.0, 20.0, 20.0, 20.0, 20.0, 20.0, 20.0, 20.0, 20.0, 20.0, 20.0, 20.0, 20.0, 20.0, 20.0, 20.0, 20.0, 20.0, 20.0, 20.0, 20.0, 20.0, 20.0, 20.0, 20.0, 20.0, 20.0, 20.0, 20.0, 20.0, 20.0, 20.0, 20.0, 20.0, 20.0, 20.0, 20.0, 20.0, 20.0, 20.0, 20.0, 20.0, 20.0, 20.0, 20.0, 20.0, 20.0, 20.0, 20.0, 20.0]",-2.013474225997925,-0.9952054023742676,-0.0299,0.0547,-0.1352,0.2479,-0.0842,0.0082,-0.0005,-9.7848,15.3,,50.0,,,,-0.913,0.011,0.913,359.31,14.98,1.22469,0.0181,278.78,0.0,1,103.02,99.569,1,3,10,0.7,3.018,0,0.0,0,0
1790741963.7212505,47.397962199999995,8.5461369,2.5320000648498535,-0.0012466624611988664,-0.01930817775428295,0.7000649571418762,269.12,-0.012440217795711911,-0.8099044641074621,0.0,-90.88,20.0,19.999999999999996,0.0,0.0,0.1814312083311977,-0.01922847821165845,14.0,0.0,0.0,"[20.0, 20.0, 20.0, 20.0, 20.0, 20.0, 20.0, 20.0, 20.0, 20.0, 20.0, 20.0, 20.0, 20.0, 20.0, 20.0, 20.0, 20.0, 20.0, 20.0, 20.0, 20.0, 20.0, 20.0, 20.0, 20.0, 20.0, 20.0, 20.0, 20.0, 20.0, 20.0, 20.0, 20.0, 20.0, 20.0, 20.0, 20.0, 20.0, 20.0, 20.0, 20.0, 20.0, 20.0, 20.0, 20.0, 20.0, 20.0, 20.0, 20.0, 20.0, 20.0, 20.0, 20.0, 20.0, 20.0, 20.0, 20.0, 20.0, 20.0, 20.0, 20.0, 20.0, 20.0, 20.0, 20.0, 20.0, 20.0, 20.0, 20.0, 20.0, 20.0]",-2.020634174346924,-0.9964777231216431,-0.0171,0.1012,0.1977,0.3332,-0.081,0.0048,0.0029,-9.7878,15.3,,50.0,,,,-0.8916,0.1403,0.9026,351.06,14.98,1.2247,0.0193,266.31,0.0,1,103.22,99.576,1,3,10,0.7,2.84,0,0.0,0,0
1790741963.9217727,47.3979621,8.5461368,2.392000198364258,-0.003849578322842717,-0.01887640170753002,0.7015512585639954,269.11,-0.012581572600771291,-0.8099022805443208,0.0,-90.88999999999999,20.0,19.999999999999996,0.0,0.0,0.6790970636764013,-0.01925222211870761,14.0,0.0,0.0,"[20.0, 20.0, 20.0, 20.0, 20.0, 20.0, 20.0, 20.0, 20.0, 20.0, 20.0, 20.0, 20.0, 20.0, 20.0, 20.0, 20.0, 20.0, 20.0, 20.0, 20.0, 20.0, 20.0, 20.0, 20.0, 20.0, 20.0, 20.0, 20.0, 20.0, 20.0, 20.0, 20.0, 20.0, 20.0, 20.0, 20.0, 20.0, 20.0, 20.0, 20.0, 20.0, 20.0, 20.0, 20.0, 20.0, 20.0, 20.0, 20.0, 20.0, 20.0, 20.0, 20.0, 20.0, 20.0, 20.0, 20.0, 20.0, 20.0, 20.0, 20.0, 20.0, 20.0, 20.0, 20.0, 20.0, 20.0, 20.0, 20.0, 20.0, 20.0, 20.0]",-2.028348445892334,-0.9983451962471008,0.0288,0.1795,0.2469,0.4103,-0.0514,0.0111,-0.0082,-9.7961,15.3,,50.0,,,,-0.8348,0.138,0.8462,350.61,14.98,1.22472,0.0193,258.47,0.0,1,103.42,99.584,1,3,10,0.7,2.635,0,0.0,0,0
1790741964.1220741,47.3979621,8.5461367,2.25,-0.005461100954562426,-0.015451028943061829,0.7017881274223328,269.11,-0.012581572600771291,-0.8099022805443208,0.0,-90.88999999999999,20.0,19.999999999999996,0.0,0.0,0.9969307974269394,-0.016180685186329112,14.0,0.0,0.0,"[20.0, 20.0, 20.0, 20.0, 20.0, 20.0, 20.0, 20.0, 20.0, 20.0, 20.0, 20.0, 20.0, 20.0, 20.0, 20.0, 20.0, 20.0, 20.0, 20.0, 20.0, 20.0, 20.0, 20.0, 20.0, 20.0, 20.0, 20.0, 20.0, 20.0, 20.0, 20.0, 20.0, 20.0, 20.0, 20.0, 20.0, 20.0, 20.0, 20.0, 20.0, 20.0, 20.0, 20.0, 20.0, 20.0, 20.0, 20.0, 20.0, 20.0, 20.0, 20.0, 20.0, 20.0, 20.0, 20.0, 20.0, 20.0, 20.0, 20.0, 20.0, 20.0, 20.0, 20.0, 20.0, 20.0, 20.0, 20.0, 20.0, 20.0, 20.0, 20.0]",-2.035057544708252,-1.0020005702972412,0.0749,0.2387,0.267,0.2173,0.0379,0.009,-0.0052,-9.8133,15.3,,50.0,,,,-0.8467,0.2142,0.8734,345.8,14.99,1.22474,0.0164,250.53,0.0,1,103.62,99.592,1,3,10,0.7,2.489,0,0.0,0,0
1790741964.3219125,47.3979621,8.5461367,2.1100001335144043,-0.0067030456848442554,-0.009458538144826889,0.7000889182090759,269.12,-0.012440217795711911,-0.8099044641074621,0.0,-90.88,20.0,19.999999999999996,0.0,0.0,1.2520931239598623,-0.010905726269049756,14.0,0.0,0.0,"[20.0, 20.0, 20.0, 20.0, 20.0, 20.0, 20.0, 20.0, 20.0, 20.0, 20.0, 20.0, 20.0, 20.0, 20.0, 20.0, 20.0, 20.0, 20.0, 20.0, 20.0, 20.0, 20.0, 20.0, 20.0, 20.0, 20.0, 20.0, 20.0, 20.0, 20.0, 20.0, 20.0, 20.0, 20.0, 20.0, 20.0, 20.0, 20.0, 20.0, 20.0, 20.0, 20.0, 20.0, 20.0, 20.0, 20.0, 20.0, 20.0, 20.0, 20.0, 20.0, 20.0, 20.0, 20.0, 20.0, 20.0, 20.0, 20.0, 20.0, 20.0, 20.0, 20.0, 20.0, 20.0, 20.0, 20.0, 20.0, 20.0, 20.0, 20.0, 20.0]",-2.0390589237213135,-1.0077471733093262,0.1266,0.2643,0.3429,0.0771,0.071,0.009,-0.0086,-9.8106,15.3,,50.0,,,,-0.7349,0.1569,0.7514,347.95,14.99,1.22475,0.0116,234.68,0.0,1,103.82,99.599,1,3,10,0.7,2.404,0,0.0,0,0
1790741964.5232563,47.397962,8.5461367,1.970000147819519,-0.004375857301056385,-0.0021487290505319834,0.6994653344154358,269.13,-0.012298862611701466,-0.8099066229995027,0.0,-90.87,20.0,19.999999999999996,0.0,0.0,0.8293418404324243,-0.004679303441377559,14.0,0.0,0.0,"[20.0, 20.0, 20.0, 20.0, 20.0, 20.0, 20.0, 20.0, 20.0, 20.0, 20.0, 20.0, 20.0, 20.0, 20.0, 20.0, 20.0, 20.0, 20.0, 20.0, 20.0, 20.0, 20.0, 20.0, 20.0, 20.0, 20.0, 20.0, 20.0, 20.0, 20.0, 20.0, 20.0, 20.0, 20.0, 20.0, 20.0, 20.0, 20.0, 20.0, 20.0, 20.0, 20.0, 20.0, 20.0, 20.0, 20.0, 20.0, 20.0, 20.0, 20.0, 20.0, 20.0, 20.0, 20.0, 20.0, 20.0, 20.0, 20.0, 20.0, 20.0, 20.0, 20.0, 20.0, 20.0, 20.0, 20.0, 20.0, 20.0, 20.0, 20.0, 20.0]",-2.039630651473999,-1.0110347270965576,0.1798,0.2397,0.1927,-0.1737,-0.0473,0.0114,0.0006,-9.8135,15.3,,50.0,,,,-0.6996,0.2128,0.7313,343.08,14.99,1.22477,0.0049,206.15,0.0,1,104.02,99.602,1,3,10,0.7,2.209,0,0.0,0,0
1790741964.7243583,47.397962,8.5461367,1.8290001153945923,0.0011454772902652621,0.0028660770040005445,0.699252724647522,269.13,-0.012298862611701466,-0.8099066229995027,0.0,-90.87,20.0,19.999999999999996,0.0,0.0,-0.21043257756641276,-0.0012515796870513375,14.0,0.0,0.0,"[20.0, 20.0, 20.0, 20.0, 20.0, 20.0, 20.0, 20.0, 20.0, 20.0, 20.0, 20.0, 20.0, 20.0, 20.0, 20.0, 20.0, 20.0, 20.0, 20.0, 20.0, 20.0, 20.0, 20.0, 20.0, 20.0, 20.0, 20.0, 20.0, 20.0, 20.0, 20.0, 20.0, 20.0, 20.0, 20.0, 20.0, 20.0, 20.0, 20.0, 20.0, 20.0, 20.0, 20.0, 20.0, 20.0, 20.0, 20.0, 20.0, 20.0, 20.0, 20.0, 20.0, 20.0, 20.0, 20.0, 20.0, 20.0, 20.0, 20.0, 20.0, 20.0, 20.0, 20.0, 20.0, 20.0, 20.0, 20.0, 20.0, 20.0, 20.0, 20.0]",-2.039599657058716,-1.0102043151855469,0.1727,0.1952,-0.1828,-0.2371,-0.0468,0.0032,-0.006,-9.8168,15.3,,50.0,,,,-0.7733,0.2557,0.8144,341.7,14.99,1.22478,0.0031,68.22,0.0,1,104.22,99.603,1,3,10,0.7,2.119,0,0.0,0,0
1790741964.9246733,47.3979621,8.546136599999999,1.6880000829696655,0.005483790300786495,0.005467731039971113,0.6985718011856079,269.14,-0.012157507053046244,-0.8099087572203768,0.0,-90.86000000000001,20.0,19.999999999999996,-0.0,0.0,-1.0314238198024186,-0.004097239975662057,14.0,0.0,0.0,"[20.0, 20.0, 20.0, 20.0, 20.0, 20.0, 20.0, 20.0, 20.0, 20.0, 20.0, 20.0, 20.0, 20.0, 20.0, 20.0, 20.0, 20.0, 20.0, 20.0, 20.0, 20.0, 20.0, 20.0, 20.0, 20.0, 20.0, 20.0, 20.0, 20.0, 20.0, 20.0, 20.0, 20.0, 20.0, 20.0, 20.0, 20.0, 20.0, 20.0, 20.0, 20.0, 20.0, 20.0, 20.0, 20.0, 20.0, 20.0, 20.0, 20.0, 20.0, 20.0, 20.0, 20.0, 20.0, 20.0, 20.0, 20.0, 20.0, 20.0, 20.0, 20.0, 20.0, 20.0, 20.0, 20.0, 20.0, 20.0, 20.0, 20.0, 20.0, 20.0]",-2.040099620819092,-1.0080626010894775,0.1208,0.1664,-0.2456,-0.0317,-0.0595,0.0068,-0.0099,-9.8095,15.3,,50.0,,,,-0.6696,0.3983,0.7791,329.25,14.99,1.2248,0.0077,44.92,0.0,1,104.42,99.605,1,3,10,0.7,1.933,0,0.0,0,0
1790741965.1248274,47.3979621,8.546136599999999,1.5470000505447388,0.008705390617251396,0.006036709062755108,0.6973443031311035,269.14,-0.012157507053046244,-0.8099087572203768,0.0,-90.86000000000001,20.0,19.999999999999996,-0.0,0.0,-1.6446634060359944,-0.006785331268474429,14.0,0.0,0.0,"[20.0, 20.0, 20.0, 20.0, 20.0, 20.0, 20.0, 20.0, 20.0, 20.0, 20.0, 20.0, 20.0, 20.0, 20.0, 20.0, 20.0, 20.0, 20.0, 20.0, 20.0, 20.0, 20.0, 20.0, 20.0, 20.0, 20.0, 20.0, 20.0, 20.0, 20.0, 20.0, 20.0, 20.0, 20.0, 20.0, 20.0, 20.0, 20.0, 20.0, 20.0, 20.0, 20.0, 20.0, 20.0, 20.0, 20.0, 20.0, 20.0, 20.0, 20.0, 20.0, 20.0, 20.0, 20.0, 20.0, 20.0, 20.0, 20.0, 20.0, 20.0, 20.0, 20.0, 20.0, 20.0, 20.0, 20.0, 20.0, 20.0, 20.0, 20.0, 20.0]",-2.0409810543060303,-1.0048693418502808,0.0685,0.1545,-0.2598,0.0974,-0.004,0.0168,-0.0092,-9.8113,15.3,,50.0,,,,-0.5114,0.3839,0.6395,323.1,14.99,1.22482,0.0106,34.74,0.0,1,104.62,99.608,1,3,10,0.7,1.846,0,0.0,0,0
1790741965.3258393,47.3979621,8.546136599999999,1.406000018119812,0.010468020103871822,0.00724146980792284,0.6962659955024719,269.13,-0.012298862611701466,-0.8099066229995027,0.0,-90.87,20.0,19.999999999999996,-0.0,0.0,-1.977229387256138,-0.009555234821626587,14.0,0.0,0.0,"[20.0, 20.0, 20.0, 20.0, 20.0, 20.0, 20.0, 20.0, 20.0, 20.0, 20.0, 20.0, 20.0, 20.0, 20.0, 20.0, 20.0, 20.0, 20.0, 20.0, 20.0, 20.0, 20.0, 20.0, 20.0, 20.0, 20.0, 20.0, 20.0, 20.0, 20.0, 20.0, 20.0, 20.0, 20.0, 20.0, 20.0, 20.0, 20.0, 20.0, 20.0, 20.0, 20.0, 20.0, 20.0, 20.0, 20.0, 20.0, 20.0, 20.0, 20.0, 20.0, 20.0, 20.0, 20.0, 20.0, 20.0, 20.0, 20.0, 20.0, 20.0, 20.0, 20.0, 20.0, 20.0, 20.0, 20.0, 20.0, 20.0, 20.0, 20.0, 20.0]",-2.041429042816162,-1.0010417699813843,0.015,0.1614,-0.2617,0.0566,-0.0356,0.0189,-0.0035,-9.8093,15.3,,50.0,,,,-0.4822,0.3275,0.5829,325.82,14.99,1.22483,0.0127,34.67,0.0,1,104.82,99.612,1,3,10,0.7,1.694,0,0.0,0,0
1790741965.5268297,47.397962199999995,8.5461367,1.2660000324249268,0.009919589385390282,0.009537102654576302,0.6957262754440308,269.13,-0.012298862611701466,-0.8099066229995027,0.0,-90.87,20.0,19.999999999999996,0.0,0.0,-1.8659671089901013,-0.012776306475933022,14.0,0.0,0.0,"[20.0, 20.0, 20.0, 20.0, 20.0, 20.0, 20.0, 20.0, 20.0, 20.0, 20.0, 20.0, 20.0, 20.0, 20.0, 20.0, 20.0, 20.0, 20.0, 20.0, 20.0, 20.0, 20.0, 20.0, 20.0, 20.0, 20.0, 20.0, 20.0, 20.0, 20.0, 20.0, 20.0, 20.0, 20.0, 20.0, 20.0, 20.0, 20.0, 20.0, 20.0, 20.0, 20.0, 20.0, 20.0, 20.0, 20.0, 20.0, 20.0, 20.0, 20.0, 20.0, 20.0, 20.0, 20.0, 20.0, 20.0, 20.0, 20.0, 20.0, 20.0, 20.0, 20.0, 20.0, 20.0, 20.0, 20.0, 20.0, 20.0, 20.0, 20.0, 20.0]",-2.0397491455078125,-0.9968987107276917,-0.0266,0.1482,-0.1458,-0.191,-0.0482,0.0186,-0.0051,-9.8094,15.3,,50.0,,,,-0.4013,0.3938,0.5623,315.54,14.99,1.22485,0.0138,43.87,0.0,1,105.02,99.617,1,3,10,0.7,1.57,0,0.0,0,0
1790741965.727971,47.397962199999995,8.5461367,1.125,0.008598020300269127,0.011633198708295822,0.6959615349769592,269.13,-0.012298862611701466,-0.8099066229995027,0.0,-90.87,20.0,19.999999999999996,0.0,0.0,-1.6077545224839793,-0.013050153595160398,14.0,0.0,0.0,"[20.0, 20.0, 20.0, 20.0, 20.0, 20.0, 20.0, 20.0, 20.0, 20.0, 20.0, 20.0, 20.0, 20.0, 20.0, 20.0, 20.0, 20.0, 20.0, 20.0, 20.0, 20.0, 20.0, 20.0, 20.0, 20.0, 20.0, 20.0, 20.0, 20.0, 20.0, 20.0, 20.0, 20.0, 20.0, 20.0, 20.0, 20.0, 20.0, 20.0, 20.0, 20.0, 20.0, 20.0, 20.0, 20.0, 20.0, 20.0, 20.0, 20.0, 20.0, 20.0, 20.0, 20.0, 20.0, 20.0, 20.0, 20.0, 20.0, 20.0, 20.0, 20.0, 20.0, 20.0, 20.0, 20.0, 20.0, 20.0, 20.0, 20.0, 20.0, 20.0]",-2.037000894546509,-0.9917241930961609,-0.0613,0.1122,-0.2226,-0.1851,-0.0518,0.0194,-0.0085,-9.8142,15.3,,50.0,,,,-0.352,0.4638,0.5823,307.19,14.99,1.22487,0.0145,53.53,0.0,1,105.22,99.623,1,3,10,0.7,1.383,0,0.0,0,0
1790741965.9291341,47.397962299999996,8.5461367,0.984000027179718,0.007205773610621691,0.013221433386206627,0.694471538066864,269.13,-0.012298862611701466,-0.8099066229995027,0.0,-90.87,20.0,19.999999999999996,0.0,0.0,-1.337459074925303,-0.012905798323531049,14.0,0.0,0.0,"[20.0, 20.0, 20.0, 20.0, 20.0, 20.0, 20.0, 20.0, 20.0, 20.0, 20.0, 20.0, 20.0, 20.0, 20.0, 20.0, 20.0, 20.0, 20.0, 20.0, 20.0, 20.0, 20.0, 20.0, 20.0, 20.0, 20.0, 20.0, 20.0, 20.0, 20.0, 20.0, 20.0, 20.0, 20.0, 20.0, 20.0, 20.0, 20.0, 20.0, 20.0, 20.0, 20.0, 20.0, 20.0, 20.0, 20.0, 20.0, 20.0, 20.0, 20.0, 20.0, 20.0, 20.0, 20.0, 20.0, 20.0, 20.0, 20.0, 20.0, 20.0, 20.0, 20.0, 20.0, 20.0, 20.0, 20.0, 20.0, 20.0, 20.0, 20.0, 20.0]",-2.0329172611236572,-0.9847642779350281,-0.0971,0.0695,-0.2046,-0.2128,-0.0494,0.0101,-0.0045,-9.8114,15.3,,50.0,,,,-0.5547,0.5557,0.7852,314.95,14.99,1.22488,0.0151,61.41,0.0,1,105.42,99.631,1,3,10,0.7,1.266,0,0.0,0,0
1790741966.1305451,47.397962299999996,8.5461368,0.8440000414848328,0.0042280531488358974,0.014426897279918194,0.6931099891662598,269.13,-0.012298862611701466,-0.8099066229995027,0.0,-90.87,20.0,19.999999999999996,0.0,0.0,-0.7655236314579562,-0.012653645280708675,14.0,0.0,0.0,"[20.0, 20.0, 20.0, 20.0, 20.0, 20.0, 20.0, 20.0, 20.0, 20.0, 20.0, 20.0, 20.0, 20.0, 20.0, 20.0, 20.0, 20.0, 20.0, 20.0, 20.0, 20.0, 20.0, 20.0, 20.0, 20.0, 20.0, 20.0, 20.0, 20.0, 20.0, 20.0, 20.0, 20.0, 20.0, 20.0, 20.0, 20.0, 20.0, 20.0, 20.0, 20.0, 20.0, 20.0, 20.0, 20.0, 20.0, 20.0, 20.0, 20.0, 20.0, 20.0, 20.0, 20.0, 20.0, 20.0, 20.0, 20.0, 20.0, 20.0, 20.0, 20.0, 20.0, 20.0, 20.0, 20.0, 20.0, 20.0, 20.0, 20.0, 20.0, 20.0]",-2.0271434783935547,-0.9781186580657959,-0.1493,0.015,-0.2031,-0.3126,-0.0093,0.0188,-0.0038,-9.8162,15.3,,50.0,,,,-0.5991,0.6025,0.8497,314.84,14.99,1.2249,0.015,73.67,0.0,1,105.63,99.639,1,3,10,0.7,1.131,0,0.0,0,0
1790741966.331854,47.3979624,8.5461369,0.7040000557899475,-0.0012815282680094242,0.015243733301758766,0.6920766830444336,269.14,-0.012157507053046244,-0.8099087572203768,0.0,-90.86000000000001,20.0,19.999999999999996,0.0,0.0,0.2884209249501494,-0.012919416752276503,14.0,0.0,0.0,"[20.0, 20.0, 20.0, 20.0, 20.0, 20.0, 20.0, 20.0, 20.0, 20.0, 20.0, 20.0, 20.0, 20.0, 20.0, 20.0, 20.0, 20.0, 20.0, 20.0, 20.0, 20.0, 20.0, 20.0, 20.0, 20.0, 20.0, 20.0, 20.0, 20.0, 20.0, 20.0, 20.0, 20.0, 20.0, 20.0, 20.0, 20.0, 20.0, 20.0, 20.0, 20.0, 20.0, 20.0, 20.0, 20.0, 20.0, 20.0, 20.0, 20.0, 20.0, 20.0, 20.0, 20.0, 20.0, 20.0, 20.0, 20.0, 20.0, 20.0, 20.0, 20.0, 20.0, 20.0, 20.0, 20.0, 20.0, 20.0, 20.0, 20.0, 20.0, 20.0]",-2.0192837715148926,-0.9740146994590759,-0.1708,-0.0555,0.0046,-0.4572,-0.0406,0.0099,0.0001,-9.8084,15.3,,50.0,,,,-0.5633,0.5555,0.7911,315.4,15.0,1.22492,0.0153,94.81,0.0,1,105.83,99.648,1,3,10,0.7,0.99,0,0.0,0,0
1790741966.532788,47.3979624,8.546137,0.5660000443458557,-0.006758906412869692,0.01157321222126484,0.6910663843154907,269.13,-0.012298862611701466,-0.8099066229995027,0.0,-90.87,20.0,19.999999999999996,0.0,0.0,1.3240325201477987,-0.008979944621549484,14.0,0.0,0.0,"[20.0, 20.0, 20.0, 20.0, 20.0, 20.0, 20.0, 20.0, 20.0, 20.0, 20.0, 20.0, 20.0, 20.0, 20.0, 20.0, 20.0, 20.0, 20.0, 20.0, 20.0, 20.0, 20.0, 20.0, 20.0, 20.0, 20.0, 20.0, 20.0, 20.0, 20.0, 20.0, 20.0, 20.0, 20.0, 20.0, 20.0, 20.0, 20.0, 20.0, 20.0, 20.0, 20.0, 20.0, 20.0, 20.0, 20.0, 20.0, 20.0, 20.0, 20.0, 20.0, 20.0, 20.0, 20.0, 20.0, 20.0, 20.0, 20.0, 20.0, 20.0, 20.0, 20.0, 20.0, 20.0, 20.0, 20.0, 20.0, 20.0, 20.0, 20.0, 20.0]",-2.0138027667999268,-0.9722712635993958,-0.1606,-0.1182,0.2137,-0.2071,-0.0912,0.0105,-0.0007,-9.8092,15.3,,50.0,,,,-0.5243,0.6121,0.8059,310.58,15.0,1.22493,0.0134,120.29,0.0,1,106.03,99.654,1,3,10,0.7,0.823,0,0.0,0,0
1790741966.732915,47.3979624,8.546137,0.4270000159740448,-0.011158538982272148,0.005777902901172638,0.6904750466346741,269.13,-0.012298862611701466,-0.8099066229995027,0.0,-90.87,20.0,19.999999999999996,0.0,0.0,2.146628603582272,-0.005056460415819836,14.0,0.0,0.0,"[20.0, 20.0, 20.0, 20.0, 20.0, 20.0, 20.0, 20.0, 20.0, 20.0, 20.0, 20.0, 20.0, 20.0, 20.0, 20.0, 20.0, 20.0, 20.0, 20.0, 20.0, 20.0, 20.0, 20.0, 20.0, 20.0, 20.0, 20.0, 20.0, 20.0, 20.0, 20.0, 20.0, 20.0, 20.0, 20.0, 20.0, 20.0, 20.0, 20.0, 20.0, 20.0, 20.0, 20.0, 20.0, 20.0, 20.0, 20.0, 20.0, 20.0, 20.0, 20.0, 20.0, 20.0, 20.0, 20.0, 20.0, 20.0, 20.0, 20.0, 20.0, 20.0, 20.0, 20.0, 20.0, 20.0, 20.0, 20.0, 20.0, 20.0, 20.0, 20.0]",-2.010531425476074,-0.9720627665519714,-0.1329,-0.1264,0.1039,0.0555,-0.0363,0.0099,-0.0099,-9.8181,15.3,,50.0,,,,-0.4295,0.648,0.7774,303.54,15.0,1.22495,0.0126,152.62,0.0,1,106.23,99.657,1,3,10,0.7,0.668,0,0.0,0,0
1790741966.9341545,47.3979624,8.5461371,0.2760000228881836,-0.013285024091601372,-0.0010144422994926572,0.6897303462028503,269.13,-0.012298862611701466,-0.8099066229995027,0.0,-90.87,20.0,19.999999999999996,0.0,0.0,2.5323681748638225,0.006904831632123073,14.0,0.0,0.0,"[20.0, 20.0, 20.0, 20.0, 20.0, 20.0, 20.0, 20.0, 20.0, 20.0, 20.0, 20.0, 20.0, 20.0, 20.0, 20.0, 20.0, 20.0, 20.0, 20.0, 20.0, 20.0, 20.0, 20.0, 20.0, 20.0, 20.0, 20.0, 20.0, 20.0, 20.0, 20.0, 20.0, 20.0, 20.0, 20.0, 20.0, 20.0, 20.0, 20.0, 20.0, 20.0, 20.0, 20.0, 20.0, 20.0, 20.0, 20.0, 20.0, 20.0, 20.0, 20.0, 20.0, 20.0, 20.0, 20.0, 20.0, 20.0, 20.0, 20.0, 20.0, 20.0, 20.0, 20.0, 20.0, 20.0, 20.0, 20.0, 20.0, 20.0, 20.0, 20.0]",-2.0090837478637695,-0.9713299870491028,-0.1082,-0.1084,0.0278,0.1352,-0.0449,0.0128,-0.0074,-9.8139,15.3,,50.0,,,,-0.4327,0.6615,0.7905,303.19,15.0,1.22497,0.0133,184.37,0.0,1,106.43,99.659,1,3,10,0.7,0.534,0,0.0,0,0
1790741967.1351442,47.3979624,8.5461371,0.13600000739097595,-0.015184623189270496,-0.005899322684854269,0.6882866024971008,269.13,-0.012298862611701466,-0.8099066229995027,0.0,-90.87,20.0,19.999999999999996,0.0,0.0,2.8801792491302596,-0.01614348692359263,14.0,0.0,0.0,"[20.0, 20.0, 20.0, 20.0, 20.0, 20.0, 20.0, 20.0, 20.0, 20.0, 20.0, 20.0, 20.0, 20.0, 20.0, 20.0, 20.0, 20.0, 20.0, 20.0, 20.0, 20.0, 20.0, 20.0, 20.0, 20.0, 20.0, 20.0, 20.0, 20.0, 20.0, 20.0, 20.0, 20.0, 20.0, 20.0, 20.0, 20.0, 20.0, 20.0, 20.0, 20.0, 20.0, 20.0, 20.0, 20.0, 20.0, 20.0, 20.0, 20.0, 20.0, 20.0, 20.0, 20.0, 20.0, 20.0, 20.0, 20.0, 20.0, 20.0, 20.0, 20.0, 20.0, 20.0, 20.0, 20.0, 20.0, 20.0, 20.0, 20.0, 20.0, 20.0]",-2.0093212127685547,-0.9717596173286438,-0.1067,-0.0731,-0.0129,0.2588,-0.0201,0.0094,0.0017,-9.8242,15.3,,50.0,,,,-0.2721,0.7769,0.8231,289.3,15.0,1.22498,0.0163,201.23,0.0,1,106.63,99.659,1,3,10,0.7,0.425,0,0.0,0,0
1790741967.3359401,47.3979624,8.546137,-0.003000000026077032,-0.01873733475804329,-0.009469320066273212,0.6861385703086853,269.13,-0.012298862611701466,-0.8099066229995027,0.0,-90.87,20.0,19.999999999999996,0.0,0.0,3.546159855853264,-0.020988510327921074,14.0,0.0,0.0,"[20.0, 20.0, 20.0, 20.0, 20.0, 20.0, 20.0, 20.0, 20.0, 20.0, 20.0, 20.0, 20.0, 20.0, 20.0, 20.0, 20.0, 20.0, 20.0, 20.0, 20.0, 20.0, 20.0, 20.0, 20.0, 20.0, 20.0, 20.0, 20.0, 20.0, 20.0, 20.0, 20.0, 20.0, 20.0, 20.0, 20.0, 20.0, 20.0, 20.0, 20.0, 20.0, 20.0, 20.0, 20.0, 20.0, 20.0, 20.0, 20.0, 20.0, 20.0, 20.0, 20.0, 20.0, 20.0, 20.0, 20.0, 20.0, 20.0, 20.0, 20.0, 20.0, 20.0, 20.0, 20.0, 20.0, 20.0, 20.0, 20.0, 20.0, 20.0, 20.0]",-2.0109379291534424,-0.9751523733139038,-0.0848,-0.0351,0.2446,0.1979,-0.0218,0.0071,-0.0059,-9.8243,15.3,,50.0,,,,-0.1856,0.781,0.8028,283.37,15.0,1.225,0.021,206.81,0.0,1,106.83,99.663,1,3,10,0.7,0.31,0,0.0,0,0
