timestamp,lat,lon,rel_alt,vx,vy,vz,yaw,cmd_vx,cmd_vy,cmd_vz,cmd_yaw,lidar_min,front_lidar_min,cross_track_m,heading_error_deg,sideslip_deg,progress_mps,geom_clearance_m,geom_threat,tilt_target_deg,lidar_json,goal_x,goal_y,roll_deg,pitch_deg,roll_rate_dps,pitch_rate_dps,yaw_rate_dps,accel_fwd_ms2,accel_right_ms2,accel_down_ms2,battery_voltage_v,battery_current_a,battery_remaining_pct,power_draw_w,energy_consumed_wh,flight_time_remaining_s,wind_north_mps,wind_east_mps,wind_speed_mps,wind_dir_deg,temperature_deg_c,air_density_kg_m3,ground_speed_mps,course_over_ground_deg,distance_to_goal_m,path_wps_remaining,mission_elapsed_s,total_distance_flown_m,flight_phase,gps_fix_type,gps_num_sats,gps_hdop,altitude_msl_m,obstacle_count_near,effective_airspeed_mps,is_replanning,is_recovering
1790743346.8550062,47.3979711,8.5461636,0.020000001415610313,0.0028918206226080656,-0.004425749648362398,0.0032537856604903936,96.34,-0.08849633732448707,0.796491321904479,0.0,96.34000000000003,20.0,20.0,0.0,0.0,0.45556957414707194,0.0,14.0,0.0,0.0,"[20.0, 20.0, 20.0, 20.0, 20.0, 20.0, 20.0, 20.0, 20.0, 20.0, 20.0, 20.0, 20.0, 20.0, 20.0, 20.0, 20.0, 20.0, 20.0, 20.0, 20.0, 20.0, 20.0, 20.0, 20.0, 20.0, 20.0, 20.0, 20.0, 20.0, 20.0, 20.0, 20.0, 20.0, 20.0, 20.0, 20.0, 20.0, 20.0, 20.0, 20.0, 20.0, 20.0, 20.0, 20.0, 20.0, 20.0, 20.0, 20.0, 20.0, 20.0, 20.0, 20.0, 20.0, 20.0, 20.0, 20.0, 20.0, 20.0, 20.0, 20.0, 20.0, 20.0, 20.0, 20.0, 20.0, 20.0, 20.0, 20.0, 20.0, 20.0, 20.0]",-0.01026404183357954,-0.0580582395195961,0.0091,-0.0242,-0.0509,0.0152,-0.0153,-0.0112,-0.0023,-9.8117,16.2,,100.0,,,,2.0171,-1.1911,2.3425,149.44,15.0,1.225,0.0053,303.16,0.0,1,0.0,0.059,0,3,10,0.7,0.234,0,0.0,0,0
1790743347.0563748,47.3979711,8.5461637,0.01600000075995922,0.0019256874220445752,0.0009121973998844624,0.005151796620339155,96.34,-0.08944684195581534,0.8050461244327132,0.0,96.34000000000003,20.0,20.0,0.0,0.0,0.38476257869433506,-0.0005359676382544646,14.0,0.0,0.0,"[20.0, 20.0, 20.0, 20.0, 20.0, 20.0, 20.0, 20.0, 20.0, 20.0, 20.0, 20.0, 20.0, 20.0, 20.0, 20.0, 20.0, 20.0, 20.0, 20.0, 20.0, 20.0, 20.0, 20.0, 20.0, 20.0, 20.0, 20.0, 20.0, 20.0, 20.0, 20.0, 20.0, 20.0, 20.0, 20.0, 20.0, 20.0, 20.0, 20.0, 20.0, 20.0, 20.0, 20.0, 20.0, 20.0, 20.0, 20.0, 20.0, 20.0, 20.0, 20.0, 20.0, 20.0, 20.0, 20.0, 20.0, 20.0, 20.0, 20.0, 20.0, 20.0, 20.0, 20.0, 20.0, 20.0, 20.0, 20.0, 20.0, 20.0, 20.0, 20.0]",-0.003542197635397315,-0.05933791399002075,0.0104,-0.0366,-0.0271,-0.0018,0.0151,-0.0045,-0.0043,-9.8129,16.2,,100.0,,,,2.2864,-1.1426,2.556,153.45,15.0,1.225,0.0021,25.35,0.0,1,0.0,0.066,0,3,10,0.7,0.194,0,0.0,0,0
1790743347.2567267,47.3979711,8.5461638,0.012000000104308128,0.0020940005779266357,0.004791320767253637,0.006890831980854273,96.34,-0.08944684195581534,0.8050461244327132,0.0,96.34000000000003,20.0,20.0,0.0,0.0,0.4985162434825106,-0.004369933569645589,14.0,0.0,0.0,"[20.0, 20.0, 20.0, 20.0, 20.0, 20.0, 20.0, 20.0, 20.0, 20.0, 20.0, 20.0, 20.0, 20.0, 20.0, 20.0, 20.0, 20.0, 20.0, 20.0, 20.0, 20.0, 20.0, 20.0, 20.0, 20.0, 20.0, 20.0, 20.0, 20.0, 20.0, 20.0, 20.0, 20.0, 20.0, 20.0, 20.0, 20.0, 20.0, 20.0, 20.0, 20.0, 20.0, 20.0, 20.0, 20.0, 20.0, 20.0, 20.0, 20.0, 20.0, 20.0, 20.0, 20.0, 20.0, 20.0, 20.0, 20.0, 20.0, 20.0, 20.0, 20.0, 20.0, 20.0, 20.0, 20.0, 20.0, 20.0, 20.0, 20.0, 20.0, 20.0]",0.002463095122948289,-0.06036457046866417,0.0061,-0.0407,0.0374,0.0429,0.047,-0.0038,-0.0068,-9.8057,16.2,,100.0,,,,2.1887,-1.1073,2.4529,153.16,15.0,1.225,0.0052,66.39,0.0,1,0.0,0.072,0,3,10,0.7,0.163,0,0.0,0,0
1790743347.4571824,47.3979711,8.5461638,0.006000000052154064,0.001957477768883109,0.005465418566018343,0.008862442336976528,96.35000000000001,-0.08958734764776666,0.8050305007522623,0.0,96.35000000000002,20.0,20.0,0.0,0.0,0.4869933584779519,-0.0039710476335937245,14.0,0.0,0.0,"[20.0, 20.0, 20.0, 20.0, 20.0, 20.0, 20.0, 20.0, 20.0, 20.0, 20.0, 20.0, 20.0, 20.0, 20.0, 20.0, 20.0, 20.0, 20.0, 20.0, 20.0, 20.0, 20.0, 20.0, 20.0, 20.0, 20.0, 20.0, 20.0, 20.0, 20.0, 20.0, 20.0, 20.0, 20.0, 20.0, 20.0, 20.0, 20.0, 20.0, 20.0, 20.0, 20.0, 20.0, 20.0, 20.0, 20.0, 20.0, 20.0, 20.0, 20.0, 20.0, 20.0, 20.0, 20.0, 20.0, 20.0, 20.0, 20.0, 20.0, 20.0, 20.0, 20.0, 20.0, 20.0, 20.0, 20.0, 20.0, 20.0, 20.0, 20.0, 20.0]",0.005357182584702969,-0.061847809702157974,0.0067,-0.0359,0.0747,0.0337,-0.0067,-0.0038,-0.0101,-9.8128,16.2,,100.0,,,,2.1765,-1.083,2.4311,153.54,15.0,1.225,0.0058,70.29,0.0,1,0.0,0.075,0,3,10,0.7,0.153,0,0.0,0,0
1790743347.6577609,47.397971,8.5461639,0.0010000000474974513,0.0005172258242964745,0.0049818130210042,0.009831411764025688,96.35000000000001,-0.08958734764776666,0.8050305007522623,0.0,96.35000000000002,20.0,20.0,0.0,0.0,0.20340858924796518,-0.0008394524681763439,14.0,0.0,0.0,"[20.0, 20.0, 20.0, 20.0, 20.0, 20.0, 20.0, 20.0, 20.0, 20.0, 20.0, 20.0, 20.0, 20.0, 20.0, 20.0, 20.0, 20.0, 20.0, 20.0, 20.0, 20.0, 20.0, 20.0, 20.0, 20.0, 20.0, 20.0, 20.0, 20.0, 20.0, 20.0, 20.0, 20.0, 20.0, 20.0, 20.0, 20.0, 20.0, 20.0, 20.0, 20.0, 20.0, 20.0, 20.0, 20.0, 20.0, 20.0, 20.0, 20.0, 20.0, 20.0, 20.0, 20.0, 20.0, 20.0, 20.0, 20.0, 20.0, 20.0, 20.0, 20.0, 20.0, 20.0, 20.0, 20.0, 20.0, 20.0, 20.0, 20.0, 20.0, 20.0]",0.006064307875931263,-0.0643845796585083,0.0149,-0.0309,-0.0394,-0.0005,0.0134,-0.0038,-0.0086,-9.8046,16.2,,100.0,,,,2.1968,-0.9871,2.4083,155.8,15.0,1.225,0.005,84.07,0.0,1,0.0,0.078,0,3,10,0.7,0.192,0,0.0,0,0
1790743347.8579917,47.397971,8.5461638,0.0,-0.0015990817919373512,0.004032376687973738,0.009079870767891407,96.36,-0.08972785061073094,0.8050148525491803,0.0,96.36000000000001,20.0,20.0,0.0,0.0,-0.21821053426397471,-0.00037100541292380495,14.0,0.0,0.0,"[20.0, 20.0, 20.0, 20.0, 20.0, 20.0, 20.0, 20.0, 20.0, 20.0, 20.0, 20.0, 20.0, 20.0, 20.0, 20.0, 20.0, 20.0, 20.0, 20.0, 20.0, 20.0, 20.0, 20.0, 20.0, 20.0, 20.0, 20.0, 20.0, 20.0, 20.0, 20.0, 20.0, 20.0, 20.0, 20.0, 20.0, 20.0, 20.0, 20.0, 20.0, 20.0, 20.0, 20.0, 20.0, 20.0, 20.0, 20.0, 20.0, 20.0, 20.0, 20.0, 20.0, 20.0, 20.0, 20.0, 20.0, 20.0, 20.0, 20.0, 20.0, 20.0, 20.0, 20.0, 20.0, 20.0, 20.0, 20.0, 20.0, 20.0, 20.0, 20.0]",0.005152159370481968,-0.0674201175570488,0.0231,-0.0305,0.0024,-0.0214,0.0614,-0.0016,-0.0028,-9.8026,16.2,,100.0,,,,2.2414,-0.9897,2.4502,156.18,15.0,1.225,0.0043,111.63,0.0,1,0.0,0.081,0,3,10,0.7,0.176,0,0.0,0,0
1790743348.0586576,47.397971,8.5461638,0.0010000000474974513,-0.0032898057252168655,0.003196580335497856,0.007530756760388613,96.36,-0.08972785061073094,0.8050148525491803,0.0,96.36000000000001,20.0,20.0,0.0,0.0,-0.556793747725462,-0.0006535126089257568,14.0,0.0,0.0,"[20.0, 20.0, 20.0, 20.0, 20.0, 20.0, 20.0, 20.0, 20.0, 20.0, 20.0, 20.0, 20.0, 20.0, 20.0, 20.0, 20.0, 20.0, 20.0, 20.0, 20.0, 20.0, 20.0, 20.0, 20.0, 20.0, 20.0, 20.0, 20.0, 20.0, 20.0, 20.0, 20.0, 20.0, 20.0, 20.0, 20.0, 20.0, 20.0, 20.0, 20.0, 20.0, 20.0, 20.0, 20.0, 20.0, 20.0, 20.0, 20.0, 20.0, 20.0, 20.0, 20.0, 20.0, 20.0, 20.0, 20.0, 20.0, 20.0, 20.0, 20.0, 20.0, 20.0, 20.0, 20.0, 20.0, 20.0, 20.0, 20.0, 20.0, 20.0, 20.0]",0.003606437938287854,-0.06942491233348846,0.0287,-0.0301,-0.0023,-0.011,0.0231,-0.0096,-0.004,-9.8055,16.2,,100.0,,,,2.1148,-0.9457,2.3166,155.91,15.0,1.225,0.0046,135.82,0.0,1,0.0,0.083,0,3,10,0.7,0.226,0,0.0,0,0
1790743348.2598636,47.397971,8.5461638,0.004000000189989805,-0.0027103028260171413,0.00318975280970335,0.004915678407996893,96.35000000000001,-0.08958734764776666,0.8050305007522623,0.0,96.35000000000002,20.0,20.0,-0.0,0.0,-0.4470665809299886,0.004082728449404767,14.0,0.0,0.0,"[20.0, 20.0, 20.0, 20.0, 20.0, 20.0, 20.0, 20.0, 20.0, 20.0, 20.0, 20.0, 20.0, 20.0, 20.0, 20.0, 20.0, 20.0, 20.0, 20.0, 20.0, 20.0, 20.0, 20.0, 20.0, 20.0, 20.0, 20.0, 20.0, 20.0, 20.0, 20.0, 20.0, 20.0, 20.0, 20.0, 20.0, 20.0, 20.0, 20.0, 20.0, 20.0, 20.0, 20.0, 20.0, 20.0, 20.0, 20.0, 20.0, 20.0, 20.0, 20.0, 20.0, 20.0, 20.0, 20.0, 20.0, 20.0, 20.0, 20.0, 20.0, 20.0, 20.0, 20.0, 20.0, 20.0, 20.0, 20.0, 20.0, 20.0, 20.0, 20.0]",0.0031802072189748287,-0.06920191645622253,0.0246,-0.0313,-0.0054,0.0003,-0.005,-0.0076,-0.0097,-9.8092,16.2,,100.0,,,,2.0173,-0.841,2.1856,157.37,15.0,1.225,0.0042,130.35,0.0,1,0.0,0.084,0,3,10,0.7,0.205,0,0.0,0,0
1790743348.4610846,47.397971,8.5461638,0.007000000216066837,-0.0009392651845701039,0.003606356680393219,0.0031555453315377235,96.35000000000001,-0.08958734764776666,0.8050305007522623,0.0,96.35000000000002,20.0,20.0,-0.0,0.0,-0.10210738251424264,0.001703795933758185,14.0,0.0,0.0,"[20.0, 20.0, 20.0, 20.0, 20.0, 20.0, 20.0, 20.0, 20.0, 20.0, 20.0, 20.0, 20.0, 20.0, 20.0, 20.0, 20.0, 20.0, 20.0, 20.0, 20.0, 20.0, 20.0, 20.0, 20.0, 20.0, 20.0, 20.0, 20.0, 20.0, 20.0, 20.0, 20.0, 20.0, 20.0, 20.0, 20.0, 20.0, 20.0, 20.0, 20.0, 20.0, 20.0, 20.0, 20.0, 20.0, 20.0, 20.0, 20.0, 20.0, 20.0, 20.0, 20.0, 20.0, 20.0, 20.0, 20.0, 20.0, 20.0, 20.0, 20.0, 20.0, 20.0, 20.0, 20.0, 20.0, 20.0, 20.0, 20.0, 20.0, 20.0, 20.0]",0.0026534886565059423,-0.06684701144695282,0.0192,-0.0308,-0.0267,-0.0248,0.0197,-0.0047,-0.0076,-9.7978,16.2,,100.0,,,,1.7603,-0.8313,1.9467,154.72,15.0,1.225,0.0037,104.6,0.0,1,0.0,0.086,0,3,10,0.7,0.194,0,0.0,0,0
1790743348.6608357,47.3979711,8.5461638,0.00800000037997961,0.002682785503566265,0.0031403752509504557,0.0026489493902772665,96.35000000000001,-0.08958734764776666,0.8050305007522623,0.0,96.35000000000002,20.0,20.0,-0.0,0.0,0.5755467014907072,-0.002010220399958846,14.0,0.0,0.0,"[20.0, 20.0, 20.0, 20.0, 20.0, 20.0, 20.0, 20.0, 20.0, 20.0, 20.0, 20.0, 20.0, 20.0, 20.0, 20.0, 20.0, 20.0, 20.0, 20.0, 20.0, 20.0, 20.0, 20.0, 20.0, 20.0, 20.0, 20.0, 20.0, 20.0, 20.0, 20.0, 20.0, 20.0, 20.0, 20.0, 20.0, 20.0, 20.0, 20.0, 20.0, 20.0, 20.0, 20.0, 20.0, 20.0, 20.0, 20.0, 20.0, 20.0, 20.0, 20.0, 20.0, 20.0, 20.0, 20.0, 20.0, 20.0, 20.0, 20.0, 20.0, 20.0, 20.0, 20.0, 20.0, 20.0, 20.0, 20.0, 20.0, 20.0, 20.0, 20.0]",0.001655364059843123,-0.061889197677373886,0.0123,-0.0277,0.0715,0.0181,0.0178,-0.006,-0.002,-9.8105,16.2,,100.0,,,,1.7679,-0.8648,1.9681,153.93,15.0,1.225,0.0041,49.49,0.0,1,0.0,0.091,0,3,10,0.7,0.17,0,0.0,0,0
1790743348.861825,47.3979711,8.5461638,0.006000000052154064,0.005927809048444033,0.0032482908573001623,0.0033116715494543314,96.35000000000001,-0.08958734764776666,0.8050305007522623,0.0,96.35000000000002,20.0,20.0,-0.0,0.0,1.1936244346190072,-0.005582716215198754,14.0,0.0,0.0,"[20.0, 20.0, 20.0, 20.0, 20.0, 20.0, 20.0, 20.0, 20.0, 20.0, 20.0, 20.0, 20.0, 20.0, 20.0, 20.0, 20.0, 20.0, 20.0, 20.0, 20.0, 20.0, 20.0, 20.0, 20.0, 20.0, 20.0, 20.0, 20.0, 20.0, 20.0, 20.0, 20.0, 20.0, 20.0, 20.0, 20.0, 20.0, 20.0, 20.0, 20.0, 20.0, 20.0, 20.0, 20.0, 20.0, 20.0, 20.0, 20.0, 20.0, 20.0, 20.0, 20.0, 20.0, 20.0, 20.0, 20.0, 20.0, 20.0, 20.0, 20.0, 20.0, 20.0, 20.0, 20.0, 20.0, 20.0, 20.0, 20.0, 20.0, 20.0, 20.0]",0.0010859939502552152,-0.056079551577568054,0.0066,-0.0272,0.0273,0.0498,0.0049,-0.0092,0.0014,-9.8089,16.2,,100.0,,,,1.78,-0.9699,2.0271,151.41,15.0,1.225,0.0068,28.72,0.0,1,0.0,0.097,0,3,10,0.7,0.181,0,0.0,0,0
1790743349.0627153,47.3979712,8.5461638,0.005000000353902578,0.008865724317729473,0.0028086877427995205,0.003776573808863759,96.34,-0.08944684195581534,0.8050461244327132,0.0,96.34000000000003,20.0,20.0,-0.0,0.0,1.741572326990708,-0.00806910459015649,14.0,0.0,0.0,"[20.0, 20.0, 20.0, 20.0, 20.0, 20.0, 20.0, 20.0, 20.0, 20.0, 20.0, 20.0, 20.0, 20.0, 20.0, 20.0, 20.0, 20.0, 20.0, 20.0, 20.0, 20.0, 20.0, 20.0, 20.0, 20.0, 20.0, 20.0, 20.0, 20.0, 20.0, 20.0, 20.0, 20.0, 20.0, 20.0, 20.0, 20.0, 20.0, 20.0, 20.0, 20.0, 20.0, 20.0, 20.0, 20.0, 20.0, 20.0, 20.0, 20.0, 20.0, 20.0, 20.0, 20.0, 20.0, 20.0, 20.0, 20.0, 20.0, 20.0, 20.0, 20.0, 20.0, 20.0, 20.0, 20.0, 20.0, 20.0, 20.0, 20.0, 20.0, 20.0]",-0.00026267938665114343,-0.049860261380672455,0.0033,-0.0255,-0.0248,-0.004,-0.0173,-0.0083,-0.0014,-9.8111,16.2,,100.0,,,,1.8572,-0.9583,2.0898,152.71,15.0,1.225,0.0093,17.58,0.0,1,0.0,0.104,0,3,10,0.7,0.164,0,0.0,0,0
1790743349.264095,47.3979712,8.5461638,0.003000000026077032,0.01137180533260107,0.0022889564279466867,0.004266452044248581,96.34,-0.08944684195581534,0.8050461244327132,0.0,96.34000000000003,20.0,20.0,-0.0,0.0,2.2057562783439195,-0.01078932192868772,14.0,0.0,0.0,"[20.0, 20.0, 20.0, 20.0, 20.0, 20.0, 20.0, 20.0, 20.0, 20.0, 20.0, 20.0, 20.0, 20.0, 20.0, 20.0, 20.0, 20.0, 20.0, 20.0, 20.0, 20.0, 20.0, 20.0, 20.0, 20.0, 20.0, 20.0, 20.0, 20.0, 20.0, 20.0, 20.0, 20.0, 20.0, 20.0, 20.0, 20.0, 20.0, 20.0, 20.0, 20.0, 20.0, 20.0, 20.0, 20.0, 20.0, 20.0, 20.0, 20.0, 20.0, 20.0, 20.0, 20.0, 20.0, 20.0, 20.0, 20.0, 20.0, 20.0, 20.0, 20.0, 20.0, 20.0, 20.0, 20.0, 20.0, 20.0, 20.0, 20.0, 20.0, 20.0]",-0.0011856231139972806,-0.04471288248896599,0.0007,-0.0243,0.0268,0.0177,0.0385,-0.0029,-0.0043,-9.8073,16.2,,100.0,,,,1.7919,-1.0895,2.0971,148.7,15.0,1.225,0.0116,11.38,0.0,1,0.0,0.109,0,3,10,0.7,0.168,0,0.0,0,0
1790743349.4647007,47.3979712,8.5461637,0.0020000000949949026,0.011910676024854183,0.0012326664291322231,0.004178290255367756,96.34,-0.08944684195581534,0.8050461244327132,0.0,96.34000000000003,20.0,20.0,-0.0,0.0,2.285643305607674,-0.009134229350863917,14.0,0.0,0.0,"[20.0, 20.0, 20.0, 20.0, 20.0, 20.0, 20.0, 20.0, 20.0, 20.0, 20.0, 20.0, 20.0, 20.0, 20.0, 20.0, 20.0, 20.0, 20.0, 20.0, 20.0, 20.0, 20.0, 20.0, 20.0, 20.0, 20.0, 20.0, 20.0, 20.0, 20.0, 20.0, 20.0, 20.0, 20.0, 20.0, 20.0, 20.0, 20.0, 20.0, 20.0, 20.0, 20.0, 20.0, 20.0, 20.0, 20.0, 20.0, 20.0, 20.0, 20.0, 20.0, 20.0, 20.0, 20.0, 20.0, 20.0, 20.0, 20.0, 20.0, 20.0, 20.0, 20.0, 20.0, 20.0, 20.0, 20.0, 20.0, 20.0, 20.0, 20.0, 20.0]",-0.0029069026932120323,-0.042196936905384064,0.0029,-0.0235,0.0098,-0.0092,-0.0028,0.0013,-0.0034,-9.8039,16.2,,100.0,,,,1.8633,-0.974,2.1025,152.4,15.0,1.225,0.012,5.91,0.0,1,0.0,0.112,0,3,10,0.7,0.232,0,0.0,0,0
1790743349.665434,47.3979712,8.5461637,0.003000000026077032,0.010859420523047447,-0.0010096080368384719,0.0033820790704339743,96.35000000000001,-0.08958734764776666,0.8050305007522623,0.0,96.35000000000002,20.0,20.0,-0.0,0.0,2.039084570050562,-0.0013385973312751232,14.0,0.0,0.0,"[20.0, 20.0, 20.0, 20.0, 20.0, 20.0, 20.0, 20.0, 20.0, 20.0, 20.0, 20.0, 20.0, 20.0, 20.0, 20.0, 20.0, 20.0, 20.0, 20.0, 20.0, 20.0, 20.0, 20.0, 20.0, 20.0, 20.0, 20.0, 20.0, 20.0, 20.0, 20.0, 20.0, 20.0, 20.0, 20.0, 20.0, 20.0, 20.0, 20.0, 20.0, 20.0, 20.0, 20.0, 20.0, 20.0, 20.0, 20.0, 20.0, 20.0, 20.0, 20.0, 20.0, 20.0, 20.0, 20.0, 20.0, 20.0, 20.0, 20.0, 20.0, 20.0, 20.0, 20.0, 20.0, 20.0, 20.0, 20.0, 20.0, 20.0, 20.0, 20.0]",-0.005837838631123304,-0.04210797697305679,0.0094,-0.0187,-0.0106,0.0015,0.0286,-0.0079,-0.0094,-9.8045,16.2,,100.0,,,,1.6093,-0.9013,1.8445,150.75,15.0,1.225,0.0109,354.69,0.0,1,0.0,0.115,0,3,10,0.7,0.231,0,0.0,0,0
1790743349.8658767,47.3979712,8.5461637,0.005000000353902578,0.010324482806026936,-0.0017172653460875154,0.0020000976510345936,96.35000000000001,-0.08958734764776666,0.8050305007522623,0.0,96.35000000000002,20.0,20.0,-0.0,0.0,1.9227369188929158,-0.0037383507577837187,14.0,0.0,0.0,"[20.0, 20.0, 20.0, 20.0, 20.0, 20.0, 20.0, 20.0, 20.0, 20.0, 20.0, 20.0, 20.0, 20.0, 20.0, 20.0, 20.0, 20.0, 20.0, 20.0, 20.0, 20.0, 20.0, 20.0, 20.0, 20.0, 20.0, 20.0, 20.0, 20.0, 20.0, 20.0, 20.0, 20.0, 20.0, 20.0, 20.0, 20.0, 20.0, 20.0, 20.0, 20.0, 20.0, 20.0, 20.0, 20.0, 20.0, 20.0, 20.0, 20.0, 20.0, 20.0, 20.0, 20.0, 20.0, 20.0, 20.0, 20.0, 20.0, 20.0, 20.0, 20.0, 20.0, 20.0, 20.0, 20.0, 20.0, 20.0, 20.0, 20.0, 20.0, 20.0]",-0.00747795170173049,-0.04177478328347206,0.0144,-0.0208,-0.0931,-0.0442,-0.0294,-0.0059,-0.0094,-9.8087,16.2,,100.0,,,,1.4824,-0.8869,1.7275,149.11,15.0,1.225,0.0105,350.56,0.0,1,0.0,0.117,0,3,10,0.7,0.235,0,0.0,0,0
1790743350.0667455,47.3979712,8.5461637,0.00800000037997961,0.010413596406579018,0.0002902359119616449,0.00037457002326846123,96.34,-0.08944684195581534,0.8050461244327132,0.0,96.34000000000003,20.0,20.0,0.0,0.0,1.9820169768724258,-0.0042876007424465295,14.0,0.0,0.0,"[20.0, 20.0, 20.0, 20.0, 20.0, 20.0, 20.0, 20.0, 20.0, 20.0, 20.0, 20.0, 20.0, 20.0, 20.0, 20.0, 20.0, 20.0, 20.0, 20.0, 20.0, 20.0, 20.0, 20.0, 20.0, 20.0, 20.0, 20.0, 20.0, 20.0, 20.0, 20.0, 20.0, 20.0, 20.0, 20.0, 20.0, 20.0, 20.0, 20.0, 20.0, 20.0, 20.0, 20.0, 20.0, 20.0, 20.0, 20.0, 20.0, 20.0, 20.0, 20.0, 20.0, 20.0, 20.0, 20.0, 20.0, 20.0, 20.0, 20.0, 20.0, 20.0, 20.0, 20.0, 20.0, 20.0, 20.0, 20.0, 20.0, 20.0, 20.0, 20.0]",-0.005533326882869005,-0.040961045771837234,0.0116,-0.0301,-0.0089,-0.0343,-0.047,0.0021,-0.0054,-9.8064,16.2,,100.0,,,,1.4032,-0.7234,1.5787,152.73,15.0,1.225,0.0104,1.6,0.0,1,0.0,0.119,0,3,10,0.7,0.223,0,0.0,0,0
1790743350.2681992,47.397971299999995,8.5461637,0.013000000268220901,0.012495261617004871,0.0015567614464089274,-0.0008678989834152162,96.33,-0.0893063335391574,0.8050617235900567,0.0,96.32999999999998,20.0,20.0,0.0,0.0,2.403240571841671,-0.011171572729120978,14.0,0.0,0.0,"[20.0, 20.0, 20.0, 20.0, 20.0, 20.0, 20.0, 20.0, 20.0, 20.0, 20.0, 20.0, 20.0, 20.0, 20.0, 20.0, 20.0, 20.0, 20.0, 20.0, 20.0, 20.0, 20.0, 20.0, 20.0, 20.0, 20.0, 20.0, 20.0, 20.0, 20.0, 20.0, 20.0, 20.0, 20.0, 20.0, 20.0, 20.0, 20.0, 20.0, 20.0, 20.0, 20.0, 20.0, 20.0, 20.0, 20.0, 20.0, 20.0, 20.0, 20.0, 20.0, 20.0, 20.0, 20.0, 20.0, 20.0, 20.0, 20.0, 20.0, 20.0, 20.0, 20.0, 20.0, 20.0, 20.0, 20.0, 20.0, 20.0, 20.0, 20.0, 20.0]",-0.0036411976907402277,-0.03821595385670662,0.0039,-0.0328,-0.0267,0.0333,-0.0233,-0.0093,-0.0076,-9.7999,16.2,,100.0,,,,1.3865,-0.8003,1.6009,150.01,15.0,1.225,0.0126,7.1,0.0,1,0.0,0.122,0,3,10,0.7,0.228,0,0.0,0,0
1790743350.4679582,47.397971299999995,8.5461637,0.01600000075995922,0.013323533348739147,-0.0006640870124101639,-0.0017350123962387443,96.34,-0.08944684195581534,0.8050461244327132,0.0,96.34000000000003,20.0,20.0,-0.0,0.0,2.5134256378091875,-0.01032953022753753,14.0,0.0,0.0,"[20.0, 20.0, 20.0, 20.0, 20.0, 20.0, 20.0, 20.0, 20.0, 20.0, 20.0, 20.0, 20.0, 20.0, 20.0, 20.0, 20.0, 20.0, 20.0, 20.0, 20.0, 20.0, 20.0, 20.0, 20.0, 20.0, 20.0, 20.0, 20.0, 20.0, 20.0, 20.0, 20.0, 20.0, 20.0, 20.0, 20.0, 20.0, 20.0, 20.0, 20.0, 20.0, 20.0, 20.0, 20.0, 20.0, 20.0, 20.0, 20.0, 20.0, 20.0, 20.0, 20.0, 20.0, 20.0, 20.0, 20.0, 20.0, 20.0, 20.0, 20.0, 20.0, 20.0, 20.0, 20.0, 20.0, 20.0, 20.0, 20.0, 20.0, 20.0, 20.0]",-0.004889606032520533,-0.03683478385210037,0.0047,-0.0261,-0.0299,-0.065,-0.0015,-0.019,-0.0143,-9.8144,16.2,,100.0,,,,1.4215,-0.582,1.536,157.73,15.0,1.225,0.0133,357.15,0.0,1,0.0,0.124,0,3,10,0.7,0.194,0,0.0,0,0
1790743350.6691396,47.397971299999995,8.5461637,0.01600000075995922,0.013821070082485676,-0.0041556525975465775,-0.0021445141173899174,96.36,-0.08972785061073094,0.8050148525491803,0.0,96.36000000000001,20.0,20.0,-0.0,0.0,2.533812222010846,-0.006697479274030449,14.0,0.0,0.0,"[20.0, 20.0, 20.0, 20.0, 20.0, 20.0, 20.0, 20.0, 20.0, 20.0, 20.0, 20.0, 20.0, 20.0, 20.0, 20.0, 20.0, 20.0, 20.0, 20.0, 20.0, 20.0, 20.0, 20.0, 20.0, 20.0, 20.0, 20.0, 20.0, 20.0, 20.0, 20.0, 20.0, 20.0, 20.0, 20.0, 20.0, 20.0, 20.0, 20.0, 20.0, 20.0, 20.0, 20.0, 20.0, 20.0, 20.0, 20.0, 20.0, 20.0, 20.0, 20.0, 20.0, 20.0, 20.0, 20.0, 20.0, 20.0, 20.0, 20.0, 20.0, 20.0, 20.0, 20.0, 20.0, 20.0, 20.0, 20.0, 20.0, 20.0, 20.0, 20.0]",-0.008554155007004738,-0.036128122359514236,0.0098,-0.0166,0.0265,-0.0247,-0.0247,-0.0048,-0.0029,-9.8083,16.2,,100.0,,,,1.3852,-0.5531,1.4915,158.23,15.0,1.225,0.0144,343.27,0.0,1,0.0,0.128,0,3,10,0.7,0.208,0,0.0,0,0
1790743350.8689992,47.397971299999995,8.5461636,0.01600000075995922,0.013448221608996391,-0.007930126041173935,-0.0025775055401027203,96.36,-0.08972785061073094,0.8050148525491803,0.0,96.36000000000001,20.0,20.0,0.0,0.0,2.383464328043199,-0.006583983936453576,14.0,0.0,0.0,"[20.0, 20.0, 20.0, 20.0, 20.0, 20.0, 20.0, 20.0, 20.0, 20.0, 20.0, 20.0, 20.0, 20.0, 20.0, 20.0, 20.0, 20.0, 20.0, 20.0, 20.0, 20.0, 20.0, 20.0, 20.0, 20.0, 20.0, 20.0, 20.0, 20.0, 20.0, 20.0, 20.0, 20.0, 20.0, 20.0, 20.0, 20.0, 20.0, 20.0, 20.0, 20.0, 20.0, 20.0, 20.0, 20.0, 20.0, 20.0, 20.0, 20.0, 20.0, 20.0, 20.0, 20.0, 20.0, 20.0, 20.0, 20.0, 20.0, 20.0, 20.0, 20.0, 20.0, 20.0, 20.0, 20.0, 20.0, 20.0, 20.0, 20.0, 20.0, 20.0]",-0.01362020242959261,-0.03662339970469475,0.0132,-0.0081,0.1016,-0.0048,0.0614,-0.0084,-0.0058,-9.8036,16.2,,100.0,,,,1.3418,-0.6086,1.4734,155.6,15.0,1.225,0.0156,329.47,0.0,1,0.0,0.133,0,3,10,0.7,0.256,0,0.0,0,0
1790743351.0701816,47.397971299999995,8.5461635,0.017000000923871994,0.01350677665323019,-0.010492035187780857,-0.0028318550903350115,96.37,-0.08986835084042857,0.8049991798239435,0.0,96.37,20.0,20.0,0.0,0.0,2.3400540384984656,-0.009884998738131852,14.0,0.0,0.0,"[20.0, 20.0, 20.0, 20.0, 20.0, 20.0, 20.0, 20.0, 20.0, 20.0, 20.0, 20.0, 20.0, 20.0, 20.0, 20.0, 20.0, 20.0, 20.0, 20.0, 20.0, 20.0, 20.0, 20.0, 20.0, 20.0, 20.0, 20.0, 20.0, 20.0, 20.0, 20.0, 20.0, 20.0, 20.0, 20.0, 20.0, 20.0, 20.0, 20.0, 20.0, 20.0, 20.0, 20.0, 20.0, 20.0, 20.0, 20.0, 20.0, 20.0, 20.0, 20.0, 20.0, 20.0, 20.0, 20.0, 20.0, 20.0, 20.0, 20.0, 20.0, 20.0, 20.0, 20.0, 20.0, 20.0, 20.0, 20.0, 20.0, 20.0, 20.0, 20.0]",-0.017978087067604065,-0.03681613877415657,0.0132,-0.0036,-0.0333,-0.0531,-0.0282,-0.0073,-0.0063,-9.797,16.2,,100.0,,,,1.1755,-0.703,1.3697,149.12,15.0,1.225,0.0171,322.16,0.0,1,0.0,0.137,0,3,10,0.7,0.269,0,0.0,0,0
1790743351.2706065,47.397971299999995,8.5461635,0.018000001087784767,0.012654032558202744,-0.010784603655338287,-0.002469125669449568,96.36,-0.08972785061073094,0.8050148525491803,0.0,96.36000000000001,20.0,20.0,0.0,0.0,2.1726620070023874,0.0007450548254331665,14.0,0.0,0.0,"[20.0, 20.0, 20.0, 20.0, 20.0, 20.0, 20.0, 20.0, 20.0, 20.0, 20.0, 20.0, 20.0, 20.0, 20.0, 20.0, 20.0, 20.0, 20.0, 20.0, 20.0, 20.0, 20.0, 20.0, 20.0, 20.0, 20.0, 20.0, 20.0, 20.0, 20.0, 20.0, 20.0, 20.0, 20.0, 20.0, 20.0, 20.0, 20.0, 20.0, 20.0, 20.0, 20.0, 20.0, 20.0, 20.0, 20.0, 20.0, 20.0, 20.0, 20.0, 20.0, 20.0, 20.0, 20.0, 20.0, 20.0, 20.0, 20.0, 20.0, 20.0, 20.0, 20.0, 20.0, 20.0, 20.0, 20.0, 20.0, 20.0, 20.0, 20.0, 20.0]",-0.019292732700705528,-0.03804241865873337,0.0131,-0.0065,-0.0019,-0.0121,0.0164,-0.0014,-0.0054,-9.8033,16.2,,100.0,,,,1.2027,-0.5231,1.3115,156.49,15.0,1.225,0.0166,319.56,0.0,1,0.0,0.139,0,3,10,0.7,0.258,0,0.0,0,0
1790743351.4707878,47.3979712,8.5461635,0.017000000923871994,0.009481843560934067,-0.009192975237965584,-0.0021534136030822992,96.36,-0.08972785061073094,0.8050148525491803,0.0,96.36000000000001,20.0,20.0,0.0,0.0,1.604842629711375,0.011599429999309246,14.0,0.0,0.0,"[20.0, 20.0, 20.0, 20.0, 20.0, 20.0, 20.0, 20.0, 20.0, 20.0, 20.0, 20.0, 20.0, 20.0, 20.0, 20.0, 20.0, 20.0, 20.0, 20.0, 20.0, 20.0, 20.0, 20.0, 20.0, 20.0, 20.0, 20.0, 20.0, 20.0, 20.0, 20.0, 20.0, 20.0, 20.0, 20.0, 20.0, 20.0, 20.0, 20.0, 20.0, 20.0, 20.0, 20.0, 20.0, 20.0, 20.0, 20.0, 20.0, 20.0, 20.0, 20.0, 20.0, 20.0, 20.0, 20.0, 20.0, 20.0, 20.0, 20.0, 20.0, 20.0, 20.0, 20.0, 20.0, 20.0, 20.0, 20.0, 20.0, 20.0, 20.0, 20.0]",-0.018243391066789627,-0.041812963783741,0.0205,-0.0161,-0.0176,-0.0784,0.0465,0.0027,-0.0119,-9.8028,16.2,,100.0,,,,1.0714,-0.5146,1.1886,154.34,15.0,1.225,0.0132,315.89,0.0,1,0.0,0.143,0,3,10,0.7,0.249,0,0.0,0,0
1790743351.6717339,47.3979712,8.5461635,0.01600000075995922,0.004477238282561302,-0.008922490291297436,-0.001098825130611658,96.36,-0.08972785061073094,0.8050148525491803,0.0,96.36000000000001,20.0,20.0,0.0,0.0,0.6610289640414138,0.0037304590203758956,14.0,0.0,0.0,"[20.0, 20.0, 20.0, 20.0, 20.0, 20.0, 20.0, 20.0, 20.0, 20.0, 20.0, 20.0, 20.0, 20.0, 20.0, 20.0, 20.0, 20.0, 20.0, 20.0, 20.0, 20.0, 20.0, 20.0, 20.0, 20.0, 20.0, 20.0, 20.0, 20.0, 20.0, 20.0, 20.0, 20.0, 20.0, 20.0, 20.0, 20.0, 20.0, 20.0, 20.0, 20.0, 20.0, 20.0, 20.0, 20.0, 20.0, 20.0, 20.0, 20.0, 20.0, 20.0, 20.0, 20.0, 20.0, 20.0, 20.0, 20.0, 20.0, 20.0, 20.0, 20.0, 20.0, 20.0, 20.0, 20.0, 20.0, 20.0, 20.0, 20.0, 20.0, 20.0]",-0.01876707747578621,-0.04817739501595497,0.0335,-0.0213,-0.0369,-0.0299,-0.0815,-0.0002,-0.0071,-9.812,16.2,,100.0,,,,1.0744,-0.3738,1.1376,160.82,15.0,1.225,0.01,296.65,0.0,1,0.0,0.149,0,3,10,0.7,0.262,0,0.0,0,0
1790743351.872788,47.3979711,8.5461635,0.01900000125169754,-0.0007154557388275862,-0.009678857401013374,-0.0012547166552394629,96.37,-0.08986835084042857,0.8049991798239435,0.0,96.37,20.0,20.0,0.0,0.0,-0.3408856439169033,-0.002468436377149202,14.0,0.0,0.0,"[20.0, 20.0, 20.0, 20.0, 20.0, 20.0, 20.0, 20.0, 20.0, 20.0, 20.0, 20.0, 20.0, 20.0, 20.0, 20.0, 20.0, 20.0, 20.0, 20.0, 20.0, 20.0, 20.0, 20.0, 20.0, 20.0, 20.0, 20.0, 20.0, 20.0, 20.0, 20.0, 20.0, 20.0, 20.0, 20.0, 20.0, 20.0, 20.0, 20.0, 20.0, 20.0, 20.0, 20.0, 20.0, 20.0, 20.0, 20.0, 20.0, 20.0, 20.0, 20.0, 20.0, 20.0, 20.0, 20.0, 20.0, 20.0, 20.0, 20.0, 20.0, 20.0, 20.0, 20.0, 20.0, 20.0, 20.0, 20.0, 20.0, 20.0, 20.0, 20.0]",-0.02013164944946766,-0.055535025894641876,0.0443,-0.0219,0.035,-0.0115,0.0263,-0.007,-0.0055,-9.8032,16.2,,100.0,,,,1.0022,-0.4946,1.1176,153.73,15.0,1.225,0.0097,265.77,0.0,1,0.0,0.157,0,3,10,0.7,0.28,0,0.0,0,0
1790743352.0737786,47.397971,8.5461635,0.02200000174343586,-0.004920279607176781,-0.008455658331513405,-0.00215936079621315,96.36,-0.08972785061073094,0.8050148525491803,0.0,96.36000000000001,20.0,20.0,0.0,0.0,-1.1126729315387007,-0.004813692706467423,14.0,0.0,0.0,"[20.0, 20.0, 20.0, 20.0, 20.0, 20.0, 20.0, 20.0, 20.0, 20.0, 20.0, 20.0, 20.0, 20.0, 20.0, 20.0, 20.0, 20.0, 20.0, 20.0, 20.0, 20.0, 20.0, 20.0, 20.0, 20.0, 20.0, 20.0, 20.0, 20.0, 20.0, 20.0, 20.0, 20.0, 20.0, 20.0, 20.0, 20.0, 20.0, 20.0, 20.0, 20.0, 20.0, 20.0, 20.0, 20.0, 20.0, 20.0, 20.0, 20.0, 20.0, 20.0, 20.0, 20.0, 20.0, 20.0, 20.0, 20.0, 20.0, 20.0, 20.0, 20.0, 20.0, 20.0, 20.0, 20.0, 20.0, 20.0, 20.0, 20.0, 20.0, 20.0]",-0.020044401288032532,-0.062481265515089035,0.0512,-0.0228,-0.0371,0.0498,0.0349,-0.0008,-0.0073,-9.8075,16.2,,100.0,,,,0.8992,-0.4685,1.0139,152.48,15.0,1.225,0.0098,239.81,0.0,1,0.0,0.164,0,3,10,0.7,0.26,0,0.0,0,0
1790743352.2738829,47.397971,8.5461636,0.024000000208616257,-0.007727030664682388,-0.004779040813446045,-0.0020946545992046595,96.35000000000001,-0.08958734764776666,0.8050305007522623,0.0,96.35000000000002,20.0,20.0,0.0,0.0,-1.5672585275998168,-0.0038687277678910925,14.0,0.0,0.0,"[20.0, 20.0, 20.0, 20.0, 20.0, 20.0, 20.0, 20.0, 20.0, 20.0, 20.0, 20.0, 20.0, 20.0, 20.0, 20.0, 20.0, 20.0, 20.0, 20.0, 20.0, 20.0, 20.0, 20.0, 20.0, 20.0, 20.0, 20.0, 20.0, 20.0, 20.0, 20.0, 20.0, 20.0, 20.0, 20.0, 20.0, 20.0, 20.0, 20.0, 20.0, 20.0, 20.0, 20.0, 20.0, 20.0, 20.0, 20.0, 20.0, 20.0, 20.0, 20.0, 20.0, 20.0, 20.0, 20.0, 20.0, 20.0, 20.0, 20.0, 20.0, 20.0, 20.0, 20.0, 20.0, 20.0, 20.0, 20.0, 20.0, 20.0, 20.0, 20.0]",-0.016398824751377106,-0.06808174401521683,0.0532,-0.0334,0.0027,0.0531,-0.0167,-0.0078,-0.0091,-9.8018,16.2,,100.0,,,,0.7546,-0.4937,0.9018,146.81,15.0,1.225,0.0091,211.74,0.0,1,0.0,0.17,0,3,10,0.7,0.267,0,0.0,0,0
1790743352.4750726,47.397971,8.5461637,0.024000000208616257,-0.007584766484797001,0.0010973314056172967,-0.0014262145850807428,96.33,-0.0893063335391574,0.8050617235900567,0.0,96.32999999999998,20.0,20.0,0.0,0.0,-1.4163570094510365,-0.003206425091453297,14.0,0.0,0.0,"[20.0, 20.0, 20.0, 20.0, 20.0, 20.0, 20.0, 20.0, 20.0, 20.0, 20.0, 20.0, 20.0, 20.0, 20.0, 20.0, 20.0, 20.0, 20.0, 20.0, 20.0, 20.0, 20.0, 20.0, 20.0, 20.0, 20.0, 20.0, 20.0, 20.0, 20.0, 20.0, 20.0, 20.0, 20.0, 20.0, 20.0, 20.0, 20.0, 20.0, 20.0, 20.0, 20.0, 20.0, 20.0, 20.0, 20.0, 20.0, 20.0, 20.0, 20.0, 20.0, 20.0, 20.0, 20.0, 20.0, 20.0, 20.0, 20.0, 20.0, 20.0, 20.0, 20.0, 20.0, 20.0, 20.0, 20.0, 20.0, 20.0, 20.0, 20.0, 20.0]",-0.009591088630259037,-0.0700983852148056,0.0464,-0.0465,0.0519,-0.0437,0.0622,-0.0036,-0.0082,-9.7998,16.2,,100.0,,,,0.7694,-0.5488,0.9451,144.5,15.0,1.225,0.0077,171.77,0.0,1,0.0,0.177,0,3,10,0.7,0.21,0,0.0,0,0
1790743352.675766,47.397971,8.5461637,0.023000001907348633,-0.004676121287047863,0.005629506427794695,-0.0004970863228663802,96.31,-0.0890253085488431,0.8050928483335219,0.0,96.31,20.0,20.0,0.0,0.0,-0.7694486168482273,-0.004293772381089326,14.0,0.0,0.0,"[20.0, 20.0, 20.0, 20.0, 20.0, 20.0, 20.0, 20.0, 20.0, 20.0, 20.0, 20.0, 20.0, 20.0, 20.0, 20.0, 20.0, 20.0, 20.0, 20.0, 20.0, 20.0, 20.0, 20.0, 20.0, 20.0, 20.0, 20.0, 20.0, 20.0, 20.0, 20.0, 20.0, 20.0, 20.0, 20.0, 20.0, 20.0, 20.0, 20.0, 20.0, 20.0, 20.0, 20.0, 20.0, 20.0, 20.0, 20.0, 20.0, 20.0, 20.0, 20.0, 20.0, 20.0, 20.0, 20.0, 20.0, 20.0, 20.0, 20.0, 20.0, 20.0, 20.0, 20.0, 20.0, 20.0, 20.0, 20.0, 20.0, 20.0, 20.0, 20.0]",-0.0032903626561164856,-0.06848520040512085,0.036,-0.0538,-0.0086,-0.0426,-0.0236,-0.0087,-0.0077,-9.8165,16.2,,100.0,,,,0.6945,-0.581,0.9055,140.09,15.0,1.225,0.0073,129.71,0.0,1,0.0,0.184,0,3,10,0.7,0.235,0,0.0,0,0
1790743352.8769815,47.3979711,8.5461638,0.02200000174343586,0.0013056605821475387,0.00870856735855341,0.00046962217311374843,96.3,-0.08888479198374682,0.8051083739186956,0.0,96.30000000000001,20.0,20.0,0.0,0.0,0.4303604222510833,-0.006380212444293264,14.0,0.0,0.0,"[20.0, 20.0, 20.0, 20.0, 20.0, 20.0, 20.0, 20.0, 20.0, 20.0, 20.0, 20.0, 20.0, 20.0, 20.0, 20.0, 20.0, 20.0, 20.0, 20.0, 20.0, 20.0, 20.0, 20.0, 20.0, 20.0, 20.0, 20.0, 20.0, 20.0, 20.0, 20.0, 20.0, 20.0, 20.0, 20.0, 20.0, 20.0, 20.0, 20.0, 20.0, 20.0, 20.0, 20.0, 20.0, 20.0, 20.0, 20.0, 20.0, 20.0, 20.0, 20.0, 20.0, 20.0, 20.0, 20.0, 20.0, 20.0, 20.0, 20.0, 20.0, 20.0, 20.0, 20.0, 20.0, 20.0, 20.0, 20.0, 20.0, 20.0, 20.0, 20.0]",0.0012531051179394126,-0.06264963746070862,0.0228,-0.0548,-0.0072,-0.0105,0.0629,-0.0104,-0.0059,-9.8096,16.2,,100.0,,,,0.7716,-0.5851,0.9683,142.83,15.0,1.225,0.0088,81.47,0.0,1,0.0,0.191,0,3,10,0.7,0.269,0,0.0,0,0
1790743353.0783973,47.3979711,8.5461639,0.023000001907348633,0.008073871955275536,0.012875898741185665,0.00016937674081418663,96.28,-0.08860375073507759,0.8051393515135602,0.0,96.27999999999997,20.0,20.0,0.0,0.0,1.8011453270513835,-0.014257371753588682,14.0,0.0,0.0,"[20.0, 20.0, 20.0, 20.0, 20.0, 20.0, 20.0, 20.0, 20.0, 20.0, 20.0, 20.0, 20.0, 20.0, 20.0, 20.0, 20.0, 20.0, 20.0, 20.0, 20.0, 20.0, 20.0, 20.0, 20.0, 20.0, 20.0, 20.0, 20.0, 20.0, 20.0, 20.0, 20.0, 20.0, 20.0, 20.0, 20.0, 20.0, 20.0, 20.0, 20.0, 20.0, 20.0, 20.0, 20.0, 20.0, 20.0, 20.0, 20.0, 20.0, 20.0, 20.0, 20.0, 20.0, 20.0, 20.0, 20.0, 20.0, 20.0, 20.0, 20.0, 20.0, 20.0, 20.0, 20.0, 20.0, 20.0, 20.0, 20.0, 20.0, 20.0, 20.0]",0.006915687117725611,-0.055309195071458817,0.0071,-0.0578,-0.0337,-0.0122,0.034,0.0005,-0.0023,-9.8055,16.2,,100.0,,,,0.8061,-0.7699,1.1147,136.31,15.0,1.225,0.0152,57.91,0.0,1,0.0,0.2,0,3,10,0.7,0.274,0,0.0,0,0
1790743353.2790992,47.3979712,8.546164,0.027000000700354576,0.012298657558858395,0.01714937761425972,-0.0010383762419223785,96.27,-0.08846322606006563,0.8051548035223076,0.0,96.26999999999998,20.0,20.0,0.0,0.0,2.690547898976311,-0.02109301902078151,14.0,0.0,0.0,"[20.0, 20.0, 20.0, 20.0, 20.0, 20.0, 20.0, 20.0, 20.0, 20.0, 20.0, 20.0, 20.0, 20.0, 20.0, 20.0, 20.0, 20.0, 20.0, 20.0, 20.0, 20.0, 20.0, 20.0, 20.0, 20.0, 20.0, 20.0, 20.0, 20.0, 20.0, 20.0, 20.0, 20.0, 20.0, 20.0, 20.0, 20.0, 20.0, 20.0, 20.0, 20.0, 20.0, 20.0, 20.0, 20.0, 20.0, 20.0, 20.0, 20.0, 20.0, 20.0, 20.0, 20.0, 20.0, 20.0, 20.0, 20.0, 20.0, 20.0, 20.0, 20.0, 20.0, 20.0, 20.0, 20.0, 20.0, 20.0, 20.0, 20.0, 20.0, 20.0]",0.013266019523143768,-0.05044471099972725,-0.0014,-0.0641,-0.0194,0.0133,0.0042,-0.0088,-0.0086,-9.8017,16.2,,100.0,,,,0.8028,-0.7347,1.0882,137.54,15.0,1.225,0.0211,54.35,0.0,1,0.0,0.208,0,3,10,0.7,0.289,0,0.0,0,0
1790743353.479015,47.3979712,8.546164,0.03200000151991844,0.012722305953502655,0.01974337548017502,-0.0031086772214621305,96.27,-0.08846322606006563,0.8051548035223076,0.0,96.26999999999998,20.0,20.0,0.0,0.0,2.8247697389998114,-0.02238922038035487,14.0,0.0,0.0,"[20.0, 20.0, 20.0, 20.0, 20.0, 20.0, 20.0, 20.0, 20.0, 20.0, 20.0, 20.0, 20.0, 20.0, 20.0, 20.0, 20.0, 20.0, 20.0, 20.0, 20.0, 20.0, 20.0, 20.0, 20.0, 20.0, 20.0, 20.0, 20.0, 20.0, 20.0, 20.0, 20.0, 20.0, 20.0, 20.0, 20.0, 20.0, 20.0, 20.0, 20.0, 20.0, 20.0, 20.0, 20.0, 20.0, 20.0, 20.0, 20.0, 20.0, 20.0, 20.0, 20.0, 20.0, 20.0, 20.0, 20.0, 20.0, 20.0, 20.0, 20.0, 20.0, 20.0, 20.0, 20.0, 20.0, 20.0, 20.0, 20.0, 20.0, 20.0, 20.0]",0.01860073395073414,-0.04899458587169647,0.0036,-0.0681,0.0105,-0.0325,0.0262,-0.0054,-0.0043,-9.7994,16.2,,100.0,,,,0.8541,-0.6079,1.0484,144.56,15.0,1.225,0.0235,57.2,0.0,1,0.0,0.214,0,3,10,0.7,0.252,0,0.0,0,0
1790743353.6797087,47.3979712,8.546164,0.03400000184774399,0.01164678018540144,0.01876421645283699,-0.0031965619418770075,96.28,-0.08860375073507759,0.8051393515135602,0.0,96.27999999999997,20.0,20.0,0.0,0.0,2.6012460464866645,-0.0114082008187299,14.0,0.0,0.0,"[20.0, 20.0, 20.0, 20.0, 20.0, 20.0, 20.0, 20.0, 20.0, 20.0, 20.0, 20.0, 20.0, 20.0, 20.0, 20.0, 20.0, 20.0, 20.0, 20.0, 20.0, 20.0, 20.0, 20.0, 20.0, 20.0, 20.0, 20.0, 20.0, 20.0, 20.0, 20.0, 20.0, 20.0, 20.0, 20.0, 20.0, 20.0, 20.0, 20.0, 20.0, 20.0, 20.0, 20.0, 20.0, 20.0, 20.0, 20.0, 20.0, 20.0, 20.0, 20.0, 20.0, 20.0, 20.0, 20.0, 20.0, 20.0, 20.0, 20.0, 20.0, 20.0, 20.0, 20.0, 20.0, 20.0, 20.0, 20.0, 20.0, 20.0, 20.0, 20.0]",0.020372135564684868,-0.04989991337060928,0.0107,-0.0641,0.0593,0.0199,0.0337,-0.0064,-0.0053,-9.8082,16.2,,100.0,,,,0.8713,-0.7025,1.1193,141.12,15.0,1.225,0.0221,58.17,0.0,1,0.0,0.216,0,3,10,0.7,0.239,0,0.0,0,0
1790743353.8811822,47.3979711,8.546164,0.03500000014901161,0.010079465806484222,0.01647375337779522,-0.003083102870732546,96.29,-0.08874427271106498,0.8051238749788657,0.0,96.29000000000002,20.0,20.0,0.0,0.0,2.2569858287011364,0.010526735327358542,14.0,0.0,0.0,"[20.0, 20.0, 20.0, 20.0, 20.0, 20.0, 20.0, 20.0, 20.0, 20.0, 20.0, 20.0, 20.0, 20.0, 20.0, 20.0, 20.0, 20.0, 20.0, 20.0, 20.0, 20.0, 20.0, 20.0, 20.0, 20.0, 20.0, 20.0, 20.0, 20.0, 20.0, 20.0, 20.0, 20.0, 20.0, 20.0, 20.0, 20.0, 20.0, 20.0, 20.0, 20.0, 20.0, 20.0, 20.0, 20.0, 20.0, 20.0, 20.0, 20.0, 20.0, 20.0, 20.0, 20.0, 20.0, 20.0, 20.0, 20.0, 20.0, 20.0, 20.0, 20.0, 20.0, 20.0, 20.0, 20.0, 20.0, 20.0, 20.0, 20.0, 20.0, 20.0]",0.020318591967225075,-0.05185476690530777,0.015,-0.0584,0.0326,0.0041,-0.0246,-0.0131,-0.0049,-9.8083,16.2,,100.0,,,,0.974,-0.6077,1.148,148.04,15.0,1.225,0.0193,58.54,0.0,1,0.0,0.218,0,3,10,0.7,0.222,0,0.0,0,0
1790743354.0810668,47.3979711,8.546164,0.03400000184774399,0.008405202999711037,0.013363401405513287,-0.0024615174625068903,96.3,-0.08888479198374682,0.8051083739186956,0.0,96.30000000000001,20.0,20.0,0.0,0.0,1.8749778936853738,0.01515897412685295,14.0,0.0,0.0,"[20.0, 20.0, 20.0, 20.0, 20.0, 20.0, 20.0, 20.0, 20.0, 20.0, 20.0, 20.0, 20.0, 20.0, 20.0, 20.0, 20.0, 20.0, 20.0, 20.0, 20.0, 20.0, 20.0, 20.0, 20.0, 20.0, 20.0, 20.0, 20.0, 20.0, 20.0, 20.0, 20.0, 20.0, 20.0, 20.0, 20.0, 20.0, 20.0, 20.0, 20.0, 20.0, 20.0, 20.0, 20.0, 20.0, 20.0, 20.0, 20.0, 20.0, 20.0, 20.0, 20.0, 20.0, 20.0, 20.0, 20.0, 20.0, 20.0, 20.0, 20.0, 20.0, 20.0, 20.0, 20.0, 20.0, 20.0, 20.0, 20.0, 20.0, 20.0, 20.0]",0.018256910145282745,-0.05417555198073387,0.0194,-0.0504,-0.061,-0.0208,-0.0626,-0.0046,-0.0016,-9.8085,16.2,,100.0,,,,1.0511,-0.5589,1.1905,152.0,15.0,1.225,0.0158,57.83,0.0,1,0.0,0.221,0,3,10,0.7,0.23,0,0.0,0,0
1790743354.281848,47.3979711,8.546164,0.03400000184774399,0.006799924187362194,0.010612554848194122,-0.0016497577307745814,96.31,-0.0890253085488431,0.8050928483335219,0.0,96.31,20.0,20.0,0.0,0.0,1.5132366279738692,0.012599710742417919,14.0,0.0,0.0,"[20.0, 20.0, 20.0, 20.0, 20.0, 20.0, 20.0, 20.0, 20.0, 20.0, 20.0, 20.0, 20.0, 20.0, 20.0, 20.0, 20.0, 20.0, 20.0, 20.0, 20.0, 20.0, 20.0, 20.0, 20.0, 20.0, 20.0, 20.0, 20.0, 20.0, 20.0, 20.0, 20.0, 20.0, 20.0, 20.0, 20.0, 20.0, 20.0, 20.0, 20.0, 20.0, 20.0, 20.0, 20.0, 20.0, 20.0, 20.0, 20.0, 20.0, 20.0, 20.0, 20.0, 20.0, 20.0, 20.0, 20.0, 20.0, 20.0, 20.0, 20.0, 20.0, 20.0, 20.0, 20.0, 20.0, 20.0, 20.0, 20.0, 20.0, 20.0, 20.0]",0.015681231394410133,-0.05592432990670204,0.0223,-0.0431,-0.0588,0.0268,-0.0232,-0.0044,-0.0005,-9.8094,16.2,,100.0,,,,1.1298,-0.5877,1.2735,152.52,15.0,1.225,0.0126,57.35,0.0,1,0.0,0.224,0,3,10,0.7,0.26,0,0.0,0,0
1790743354.483039,47.3979711,8.5461639,0.036000002175569534,0.0065279207192361355,0.007164116017520428,-0.0020212274976074696,96.31,-0.0890253085488431,0.8050928483335219,0.0,96.31,20.0,20.0,0.0,0.0,1.3892964765050673,0.0074493447930605045,14.0,0.0,0.0,"[20.0, 20.0, 20.0, 20.0, 20.0, 20.0, 20.0, 20.0, 20.0, 20.0, 20.0, 20.0, 20.0, 20.0, 20.0, 20.0, 20.0, 20.0, 20.0, 20.0, 20.0, 20.0, 20.0, 20.0, 20.0, 20.0, 20.0, 20.0, 20.0, 20.0, 20.0, 20.0, 20.0, 20.0, 20.0, 20.0, 20.0, 20.0, 20.0, 20.0, 20.0, 20.0, 20.0, 20.0, 20.0, 20.0, 20.0, 20.0, 20.0, 20.0, 20.0, 20.0, 20.0, 20.0, 20.0, 20.0, 20.0, 20.0, 20.0, 20.0, 20.0, 20.0, 20.0, 20.0, 20.0, 20.0, 20.0, 20.0, 20.0, 20.0, 20.0, 20.0]",0.011778676882386208,-0.05609932169318199,0.0208,-0.0382,-0.0115,-0.0028,-0.0435,-0.0134,-0.006,-9.8079,16.2,,100.0,,,,1.0005,-0.6992,1.2206,145.05,15.0,1.225,0.0097,47.66,0.0,1,0.0,0.228,0,3,10,0.7,0.259,0,0.0,0,0
1790743354.683464,47.3979711,8.5461639,0.03800000250339508,0.008820179849863052,0.0036854897625744343,-0.0024664176162332296,96.31,-0.0890253085488431,0.8050928483335219,0.0,96.31,20.0,20.0,-0.0,0.0,1.7511411006918183,-0.000719738663780767,14.0,0.0,0.0,"[20.0, 20.0, 20.0, 20.0, 20.0, 20.0, 20.0, 20.0, 20.0, 20.0, 20.0, 20.0, 20.0, 20.0, 20.0, 20.0, 20.0, 20.0, 20.0, 20.0, 20.0, 20.0, 20.0, 20.0, 20.0, 20.0, 20.0, 20.0, 20.0, 20.0, 20.0, 20.0, 20.0, 20.0, 20.0, 20.0, 20.0, 20.0, 20.0, 20.0, 20.0, 20.0, 20.0, 20.0, 20.0, 20.0, 20.0, 20.0, 20.0, 20.0, 20.0, 20.0, 20.0, 20.0, 20.0, 20.0, 20.0, 20.0, 20.0, 20.0, 20.0, 20.0, 20.0, 20.0, 20.0, 20.0, 20.0, 20.0, 20.0, 20.0, 20.0, 20.0]",0.006404723972082138,-0.0533616840839386,0.0173,-0.029,0.0554,-0.0988,-0.0076,-0.008,-0.0052,-9.8031,16.2,,100.0,,,,0.9517,-0.647,1.1508,145.79,15.0,1.225,0.0096,22.68,0.0,1,0.0,0.234,0,3,10,0.7,0.224,0,0.0,0,0
1790743354.8844526,47.3979712,8.5461638,0.04000000283122063,0.011258927173912525,0.0019830199889838696,-0.00322481757029891,96.31,-0.0890253085488431,0.8050928483335219,0.0,96.31,20.0,20.0,-0.0,0.0,2.1778455415503992,-0.005618544474968495,14.0,0.0,0.0,"[20.0, 20.0, 20.0, 20.0, 20.0, 20.0, 20.0, 20.0, 20.0, 20.0, 20.0, 20.0, 20.0, 20.0, 20.0, 20.0, 20.0, 20.0, 20.0, 20.0, 20.0, 20.0, 20.0, 20.0, 20.0, 20.0, 20.0, 20.0, 20.0, 20.0, 20.0, 20.0, 20.0, 20.0, 20.0, 20.0, 20.0, 20.0, 20.0, 20.0, 20.0, 20.0, 20.0, 20.0, 20.0, 20.0, 20.0, 20.0, 20.0, 20.0, 20.0, 20.0, 20.0, 20.0, 20.0, 20.0, 20.0, 20.0, 20.0, 20.0, 20.0, 20.0, 20.0, 20.0, 20.0, 20.0, 20.0, 20.0, 20.0, 20.0, 20.0, 20.0]",0.0027339213993400335,-0.05034366995096207,0.0154,-0.0289,-0.011,0.0043,0.0245,-0.0042,0.0028,-9.8101,16.2,,100.0,,,,0.9589,-0.5915,1.1266,148.33,15.0,1.225,0.0114,9.99,0.0,1,0.0,0.239,0,3,10,0.7,0.241,0,0.0,0,0
1790743355.0849676,47.3979712,8.5461638,0.04400000348687172,0.010621973313391209,0.0007663683500140905,-0.0052192253060638905,96.31,-0.0890253085488431,0.8050928483335219,0.0,96.31,20.0,20.0,-0.0,0.0,2.0315923628805286,-2.1050201814047892e-05,14.0,0.0,0.0,"[20.0, 20.0, 20.0, 20.0, 20.0, 20.0, 20.0, 20.0, 20.0, 20.0, 20.0, 20.0, 20.0, 20.0, 20.0, 20.0, 20.0, 20.0, 20.0, 20.0, 20.0, 20.0, 20.0, 20.0, 20.0, 20.0, 20.0, 20.0, 20.0, 20.0, 20.0, 20.0, 20.0, 20.0, 20.0, 20.0, 20.0, 20.0, 20.0, 20.0, 20.0, 20.0, 20.0, 20.0, 20.0, 20.0, 20.0, 20.0, 20.0, 20.0, 20.0, 20.0, 20.0, 20.0, 20.0, 20.0, 20.0, 20.0, 20.0, 20.0, 20.0, 20.0, 20.0, 20.0, 20.0, 20.0, 20.0, 20.0, 20.0, 20.0, 20.0, 20.0]",-0.00020851200679317117,-0.05012552812695503,0.0187,-0.0311,0.0047,0.0438,-0.0094,0.0005,-0.0107,-9.8166,16.2,,100.0,,,,0.9084,-0.5004,1.0371,151.15,15.0,1.22499,0.0106,4.13,0.0,1,0.0,0.242,0,3,10,0.7,0.285,0,0.0,0,0
1790743355.2853472,47.3979712,8.5461638,0.049000002443790436,0.009377279318869114,0.00042977664270438254,-0.007180873770266771,96.31,-0.0890253085488431,0.8050928483335219,0.0,96.31,20.0,20.0,0.0,0.0,1.7885188335345352,0.003665729193675053,14.0,0.0,0.0,"[20.0, 20.0, 20.0, 20.0, 20.0, 20.0, 20.0, 20.0, 20.0, 20.0, 20.0, 20.0, 20.0, 20.0, 20.0, 20.0, 20.0, 20.0, 20.0, 20.0, 20.0, 20.0, 20.0, 20.0, 20.0, 20.0, 20.0, 20.0, 20.0, 20.0, 20.0, 20.0, 20.0, 20.0, 20.0, 20.0, 20.0, 20.0, 20.0, 20.0, 20.0, 20.0, 20.0, 20.0, 20.0, 20.0, 20.0, 20.0, 20.0, 20.0, 20.0, 20.0, 20.0, 20.0, 20.0, 20.0, 20.0, 20.0, 20.0, 20.0, 20.0, 20.0, 20.0, 20.0, 20.0, 20.0, 20.0, 20.0, 20.0, 20.0, 20.0, 20.0]",-0.0015874560922384262,-0.05063730850815773,0.0246,-0.03,-0.0228,0.053,0.0628,-0.0048,-0.0026,-9.8121,16.2,,100.0,,,,1.0196,-0.4203,1.1028,157.6,15.0,1.22499,0.0094,2.62,0.0,1,0.0,0.243,0,3,10,0.7,0.267,0,0.0,0,0
1790743355.4859724,47.3979711,8.5461638,0.05300000309944153,0.0073353503830730915,0.0011768287513405085,-0.008592472411692142,96.32000000000001,-0.08916582240207338,0.8050772982238178,0.0,96.32,20.0,20.0,0.0,0.0,1.416887304564771,0.005673446356773187,14.0,0.0,0.0,"[20.0, 20.0, 20.0, 20.0, 20.0, 20.0, 20.0, 20.0, 20.0, 20.0, 20.0, 20.0, 20.0, 20.0, 20.0, 20.0, 20.0, 20.0, 20.0, 20.0, 20.0, 20.0, 20.0, 20.0, 20.0, 20.0, 20.0, 20.0, 20.0, 20.0, 20.0, 20.0, 20.0, 20.0, 20.0, 20.0, 20.0, 20.0, 20.0, 20.0, 20.0, 20.0, 20.0, 20.0, 20.0, 20.0, 20.0, 20.0, 20.0, 20.0, 20.0, 20.0, 20.0, 20.0, 20.0, 20.0, 20.0, 20.0, 20.0, 20.0, 20.0, 20.0, 20.0, 20.0, 20.0, 20.0, 20.0, 20.0, 20.0, 20.0, 20.0, 20.0]",-0.0008898944943211973,-0.05179383233189583,0.0274,-0.0336,-0.0448,0.007,-0.0463,-0.006,-0.0037,-9.8088,16.2,,100.0,,,,0.8773,-0.4133,0.9697,154.78,15.0,1.22499,0.0074,9.11,0.0,1,0.0,0.245,0,3,10,0.7,0.208,0,0.0,0,0
1790743355.6871629,47.3979711,8.5461637,0.05400000140070915,0.006073602940887213,-0.001020423835143447,-0.008512303233146667,96.32000000000001,-0.08916582240207338,0.8050772982238178,0.0,96.32,20.0,20.0,0.0,0.0,1.131322676072315,0.002524784060422654,14.0,0.0,0.0,"[20.0, 20.0, 20.0, 20.0, 20.0, 20.0, 20.0, 20.0, 20.0, 20.0, 20.0, 20.0, 20.0, 20.0, 20.0, 20.0, 20.0, 20.0, 20.0, 20.0, 20.0, 20.0, 20.0, 20.0, 20.0, 20.0, 20.0, 20.0, 20.0, 20.0, 20.0, 20.0, 20.0, 20.0, 20.0, 20.0, 20.0, 20.0, 20.0, 20.0, 20.0, 20.0, 20.0, 20.0, 20.0, 20.0, 20.0, 20.0, 20.0, 20.0, 20.0, 20.0, 20.0, 20.0, 20.0, 20.0, 20.0, 20.0, 20.0, 20.0, 20.0, 20.0, 20.0, 20.0, 20.0, 20.0, 20.0, 20.0, 20.0, 20.0, 20.0, 20.0]",-0.002971228677779436,-0.05318395793437958,0.0305,-0.0273,0.023,-0.0076,0.0385,-0.0008,-0.0025,-9.8155,16.2,,100.0,,,,0.8673,-0.4649,0.984,151.81,15.0,1.22499,0.0062,350.46,0.0,1,0.0,0.247,0,3,10,0.7,0.207,0,0.0,0,0
1790743355.888128,47.3979711,8.5461637,0.05400000140070915,0.003581371158361435,-0.004152987617999315,-0.008613323792815208,96.33,-0.0893063335391574,0.8050617235900567,0.0,96.32999999999998,20.0,20.0,0.0,0.0,0.5923504665767115,-0.0013804539368180795,14.0,0.0,0.0,"[20.0, 20.0, 20.0, 20.0, 20.0, 20.0, 20.0, 20.0, 20.0, 20.0, 20.0, 20.0, 20.0, 20.0, 20.0, 20.0, 20.0, 20.0, 20.0, 20.0, 20.0, 20.0, 20.0, 20.0, 20.0, 20.0, 20.0, 20.0, 20.0, 20.0, 20.0, 20.0, 20.0, 20.0, 20.0, 20.0, 20.0, 20.0, 20.0, 20.0, 20.0, 20.0, 20.0, 20.0, 20.0, 20.0, 20.0, 20.0, 20.0, 20.0, 20.0, 20.0, 20.0, 20.0, 20.0, 20.0, 20.0, 20.0, 20.0, 20.0, 20.0, 20.0, 20.0, 20.0, 20.0, 20.0, 20.0, 20.0, 20.0, 20.0, 20.0, 20.0]",-0.006644630804657936,-0.05572252720594406,0.0343,-0.0195,-0.0046,0.0288,0.0245,-0.0111,-0.0007,-9.8063,16.2,,100.0,,,,0.6509,-0.4705,0.8031,144.14,15.0,1.22499,0.0055,310.77,0.0,1,0.0,0.252,0,3,10,0.7,0.21,0,0.0,0,0
1790743356.088075,47.3979711,8.5461636,0.05400000140070915,-0.0002903436543419957,-0.007461102679371834,-0.00830858014523983,96.33,-0.0893063335391574,0.8050617235900567,0.0,96.32999999999998,20.0,20.0,0.0,0.0,-0.21222172138381737,-0.005746196211799539,14.0,0.0,0.0,"[20.0, 20.0, 20.0, 20.0, 20.0, 20.0, 20.0, 20.0, 20.0, 20.0, 20.0, 20.0, 20.0, 20.0, 20.0, 20.0, 20.0, 20.0, 20.0, 20.0, 20.0, 20.0, 20.0, 20.0, 20.0, 20.0, 20.0, 20.0, 20.0, 20.0, 20.0, 20.0, 20.0, 20.0, 20.0, 20.0, 20.0, 20.0, 20.0, 20.0, 20.0, 20.0, 20.0, 20.0, 20.0, 20.0, 20.0, 20.0, 20.0, 20.0, 20.0, 20.0, 20.0, 20.0, 20.0, 20.0, 20.0, 20.0, 20.0, 20.0, 20.0, 20.0, 20.0, 20.0, 20.0, 20.0, 20.0, 20.0, 20.0, 20.0, 20.0, 20.0]",-0.011550946161150932,-0.060126736760139465,0.0432,-0.0174,-0.0115,0.0167,-0.0246,-0.0085,-0.0086,-9.8055,16.2,,100.0,,,,0.5375,-0.4338,0.6907,141.09,15.0,1.22499,0.0075,267.77,0.0,1,0.0,0.258,0,3,10,0.7,0.252,0,0.0,0,0
1790743356.289131,47.3979711,8.5461636,0.05300000309944153,-0.002104412065818906,-0.010069797746837139,-0.007720103487372398,96.34,-0.08944684195581534,0.8050461244327132,0.0,96.34000000000003,20.0,20.0,0.0,0.0,-0.6118061638813217,-0.010103513751378246,14.0,0.0,0.0,"[20.0, 20.0, 20.0, 20.0, 20.0, 20.0, 20.0, 20.0, 20.0, 20.0, 20.0, 20.0, 20.0, 20.0, 20.0, 20.0, 20.0, 20.0, 20.0, 20.0, 20.0, 20.0, 20.0, 20.0, 20.0, 20.0, 20.0, 20.0, 20.0, 20.0, 20.0, 20.0, 20.0, 20.0, 20.0, 20.0, 20.0, 20.0, 20.0, 20.0, 20.0, 20.0, 20.0, 20.0, 20.0, 20.0, 20.0, 20.0, 20.0, 20.0, 20.0, 20.0, 20.0, 20.0, 20.0, 20.0, 20.0, 20.0, 20.0, 20.0, 20.0, 20.0, 20.0, 20.0, 20.0, 20.0, 20.0, 20.0, 20.0, 20.0, 20.0, 20.0]",-0.016967598348855972,-0.06238720566034317,0.0476,-0.0121,-0.0404,-0.0152,0.0159,-0.0045,-0.0075,-9.8104,16.2,,100.0,,,,0.5249,-0.4539,0.694,139.15,15.0,1.22499,0.0103,258.2,0.0,1,0.0,0.264,0,3,10,0.7,0.271,0,0.0,0,0
1790743356.4899364,47.397971,8.5461635,0.05400000140070915,-0.0031079589389264584,-0.01211371086537838,-0.0075249988585710526,96.34,-0.08944684195581534,0.8050461244327132,0.0,96.34000000000003,20.0,20.0,0.0,0.0,-0.8453658138261598,-0.012494220456674452,14.0,0.0,0.0,"[20.0, 20.0, 20.0, 20.0, 20.0, 20.0, 20.0, 20.0, 20.0, 20.0, 20.0, 20.0, 20.0, 20.0, 20.0, 20.0, 20.0, 20.0, 20.0, 20.0, 20.0, 20.0, 20.0, 20.0, 20.0, 20.0, 20.0, 20.0, 20.0, 20.0, 20.0, 20.0, 20.0, 20.0, 20.0, 20.0, 20.0, 20.0, 20.0, 20.0, 20.0, 20.0, 20.0, 20.0, 20.0, 20.0, 20.0, 20.0, 20.0, 20.0, 20.0, 20.0, 20.0, 20.0, 20.0, 20.0, 20.0, 20.0, 20.0, 20.0, 20.0, 20.0, 20.0, 20.0, 20.0, 20.0, 20.0, 20.0, 20.0, 20.0, 20.0, 20.0]",-0.0218108668923378,-0.06385708600282669,0.0477,-0.0095,-0.0027,-0.0008,0.0054,-0.0094,-0.0005,-9.8087,16.2,,100.0,,,,0.3839,-0.3917,0.5485,134.43,15.0,1.22499,0.0125,255.61,0.0,1,0.0,0.269,0,3,10,0.7,0.256,0,0.0,0,0
1790743356.6907487,47.397971,8.5461634,0.05400000140070915,-0.003361051669344306,-0.015136923640966415,-0.007612970191985369,96.34,-0.08944684195581534,0.8050461244327132,0.0,96.34000000000003,20.0,20.0,0.0,0.0,-0.9571399045413536,-0.015487559698286343,14.0,0.0,0.0,"[20.0, 20.0, 20.0, 20.0, 20.0, 20.0, 20.0, 20.0, 20.0, 20.0, 20.0, 20.0, 20.0, 20.0, 20.0, 20.0, 20.0, 20.0, 20.0, 20.0, 20.0, 20.0, 20.0, 20.0, 20.0, 20.0, 20.0, 20.0, 20.0, 20.0, 20.0, 20.0, 20.0, 20.0, 20.0, 20.0, 20.0, 20.0, 20.0, 20.0, 20.0, 20.0, 20.0, 20.0, 20.0, 20.0, 20.0, 20.0, 20.0, 20.0, 20.0, 20.0, 20.0, 20.0, 20.0, 20.0, 20.0, 20.0, 20.0, 20.0, 20.0, 20.0, 20.0, 20.0, 20.0, 20.0, 20.0, 20.0, 20.0, 20.0, 20.0, 20.0]",-0.02760256640613079,-0.06485292315483093,0.0455,-0.0041,-0.0194,0.0243,0.0004,0.0022,0.002,-9.807,16.2,,100.0,,,,0.308,-0.3784,0.4879,129.14,15.0,1.22499,0.0155,257.48,0.0,1,0.0,0.275,0,3,10,0.7,0.22,0,0.0,0,0
1790743356.891809,47.397971,8.5461633,0.05400000140070915,-0.0031615456100553274,-0.01848595216870308,-0.007536803372204304,96.34,-0.08944684195581534,0.8050461244327132,0.0,96.34000000000003,20.0,20.0,0.0,0.0,-0.9898924195628698,-0.018747141881112542,14.0,0.0,0.0,"[20.0, 20.0, 20.0, 20.0, 20.0, 20.0, 20.0, 20.0, 20.0, 20.0, 20.0, 20.0, 20.0, 20.0, 20.0, 20.0, 20.0, 20.0, 20.0, 20.0, 20.0, 20.0, 20.0, 20.0, 20.0, 20.0, 20.0, 20.0, 20.0, 20.0, 20.0, 20.0, 20.0, 20.0, 20.0, 20.0, 20.0, 20.0, 20.0, 20.0, 20.0, 20.0, 20.0, 20.0, 20.0, 20.0, 20.0, 20.0, 20.0, 20.0, 20.0, 20.0, 20.0, 20.0, 20.0, 20.0, 20.0, 20.0, 20.0, 20.0, 20.0, 20.0, 20.0, 20.0, 20.0, 20.0, 20.0, 20.0, 20.0, 20.0, 20.0, 20.0]",-0.03366803377866745,-0.0657178983092308,0.0445,0.0038,0.0371,-0.0626,0.0443,-0.0011,-0.0079,-9.8094,16.2,,100.0,,,,0.2522,-0.384,0.4594,123.3,15.0,1.22499,0.0188,260.29,0.0,1,0.0,0.281,0,3,10,0.7,0.227,0,0.0,0,0
1790743357.0922103,47.397971,8.5461633,0.05300000309944153,-0.0025745604652911425,-0.02012285217642784,-0.00712249893695116,96.34,-0.08944684195581534,0.8050461244327132,0.0,96.34000000000003,20.0,20.0,0.0,0.0,-0.9130159596705529,-0.020258786996970868,14.0,0.0,0.0,"[20.0, 20.0, 20.0, 20.0, 20.0, 20.0, 20.0, 20.0, 20.0, 20.0, 20.0, 20.0, 20.0, 20.0, 20.0, 20.0, 20.0, 20.0, 20.0, 20.0, 20.0, 20.0, 20.0, 20.0, 20.0, 20.0, 20.0, 20.0, 20.0, 20.0, 20.0, 20.0, 20.0, 20.0, 20.0, 20.0, 20.0, 20.0, 20.0, 20.0, 20.0, 20.0, 20.0, 20.0, 20.0, 20.0, 20.0, 20.0, 20.0, 20.0, 20.0, 20.0, 20.0, 20.0, 20.0, 20.0, 20.0, 20.0, 20.0, 20.0, 20.0, 20.0, 20.0, 20.0, 20.0, 20.0, 20.0, 20.0, 20.0, 20.0, 20.0, 20.0]",-0.03784739971160889,-0.06647791713476181,0.0413,0.0057,0.0144,0.0158,-0.0034,-0.0068,-0.0079,-9.8103,16.2,,100.0,,,,0.1922,-0.1357,0.2353,144.78,15.0,1.22499,0.0203,262.71,0.0,1,0.0,0.285,0,3,10,0.7,0.244,0,0.0,0,0
1790743357.2929356,47.397971,8.546163199999999,0.052000001072883606,-0.002836646279320121,-0.020201951265335083,-0.006400621961802244,96.34,-0.08944684195581534,0.8050461244327132,0.0,96.34000000000003,20.0,20.0,0.0,0.0,-0.9644189480727001,-0.016975012733173003,14.0,0.0,0.0,"[20.0, 20.0, 20.0, 20.0, 20.0, 20.0, 20.0, 20.0, 20.0, 20.0, 20.0, 20.0, 20.0, 20.0, 20.0, 20.0, 20.0, 20.0, 20.0, 20.0, 20.0, 20.0, 20.0, 20.0, 20.0, 20.0, 20.0, 20.0, 20.0, 20.0, 20.0, 20.0, 20.0, 20.0, 20.0, 20.0, 20.0, 20.0, 20.0, 20.0, 20.0, 20.0, 20.0, 20.0, 20.0, 20.0, 20.0, 20.0, 20.0, 20.0, 20.0, 20.0, 20.0, 20.0, 20.0, 20.0, 20.0, 20.0, 20.0, 20.0, 20.0, 20.0, 20.0, 20.0, 20.0, 20.0, 20.0, 20.0, 20.0, 20.0, 20.0, 20.0]",-0.040486425161361694,-0.06882734596729279,0.0424,0.0013,0.0327,-0.0861,-0.0138,0.0005,-0.0085,-9.805,16.2,,100.0,,,,0.2158,-0.1842,0.2837,139.52,15.0,1.22499,0.0204,262.01,0.0,1,0.0,0.289,0,3,10,0.7,0.232,0,0.0,0,0
1790743357.493957,47.397971,8.546163199999999,0.05300000309944153,-0.0031416683923453093,-0.019688501954078674,-0.006182758137583733,96.34,-0.08944684195581534,0.8050461244327132,0.0,96.34000000000003,20.0,20.0,0.0,0.0,-1.011474837987989,-0.015323278765984844,14.0,0.0,0.0,"[20.0, 20.0, 20.0, 20.0, 20.0, 20.0, 20.0, 20.0, 20.0, 20.0, 20.0, 20.0, 20.0, 20.0, 20.0, 20.0, 20.0, 20.0, 20.0, 20.0, 20.0, 20.0, 20.0, 20.0, 20.0, 20.0, 20.0, 20.0, 20.0, 20.0, 20.0, 20.0, 20.0, 20.0, 20.0, 20.0, 20.0, 20.0, 20.0, 20.0, 20.0, 20.0, 20.0, 20.0, 20.0, 20.0, 20.0, 20.0, 20.0, 20.0, 20.0, 20.0, 20.0, 20.0, 20.0, 20.0, 20.0, 20.0, 20.0, 20.0, 20.0, 20.0, 20.0, 20.0, 20.0, 20.0, 20.0, 20.0, 20.0, 20.0, 20.0, 20.0]",-0.04197530448436737,-0.07053054869174957,0.0419,0.001,0.0129,0.0242,0.0106,-0.0077,-0.0059,-9.8093,16.2,,100.0,,,,0.2159,-0.1013,0.2385,154.86,15.0,1.22499,0.0199,260.93,0.0,1,0.0,0.291,0,3,10,0.7,0.258,0,0.0,0,0
1790743357.6952312,47.397971,8.546163199999999,0.052000001072883606,-0.004245806019753218,-0.018563318997621536,-0.005697829183191061,96.34,-0.08944684195581534,0.8050461244327132,0.0,96.34000000000003,20.0,20.0,0.0,0.0,-1.197260330029298,-0.006898297251914385,14.0,0.0,0.0,"[20.0, 20.0, 20.0, 20.0, 20.0, 20.0, 20.0, 20.0, 20.0, 20.0, 20.0, 20.0, 20.0, 20.0, 20.0, 20.0, 20.0, 20.0, 20.0, 20.0, 20.0, 20.0, 20.0, 20.0, 20.0, 20.0, 20.0, 20.0, 20.0, 20.0, 20.0, 20.0, 20.0, 20.0, 20.0, 20.0, 20.0, 20.0, 20.0, 20.0, 20.0, 20.0, 20.0, 20.0, 20.0, 20.0, 20.0, 20.0, 20.0, 20.0, 20.0, 20.0, 20.0, 20.0, 20.0, 20.0, 20.0, 20.0, 20.0, 20.0, 20.0, 20.0, 20.0, 20.0, 20.0, 20.0, 20.0, 20.0, 20.0, 20.0, 20.0, 20.0]",-0.042410362511873245,-0.073492631316185,0.042,0.0006,-0.0843,-0.0034,-0.0329,-0.003,-0.006,-9.814,16.2,,100.0,,,,0.2658,-0.0392,0.2687,171.61,15.0,1.22499,0.019,257.12,0.0,1,0.0,0.294,0,3,10,0.7,0.194,0,0.0,0,0
1790743357.8961117,47.3979709,8.546163199999999,0.05000000074505806,-0.00476305466145277,-0.01816137507557869,-0.004755163099616766,96.34,-0.08944684195581534,0.8050461244327132,0.0,96.34000000000003,20.0,20.0,0.0,0.0,-1.2869241105812883,-0.0069448870074337535,14.0,0.0,0.0,"[20.0, 20.0, 20.0, 20.0, 20.0, 20.0, 20.0, 20.0, 20.0, 20.0, 20.0, 20.0, 20.0, 20.0, 20.0, 20.0, 20.0, 20.0, 20.0, 20.0, 20.0, 20.0, 20.0, 20.0, 20.0, 20.0, 20.0, 20.0, 20.0, 20.0, 20.0, 20.0, 20.0, 20.0, 20.0, 20.0, 20.0, 20.0, 20.0, 20.0, 20.0, 20.0, 20.0, 20.0, 20.0, 20.0, 20.0, 20.0, 20.0, 20.0, 20.0, 20.0, 20.0, 20.0, 20.0, 20.0, 20.0, 20.0, 20.0, 20.0, 20.0, 20.0, 20.0, 20.0, 20.0, 20.0, 20.0, 20.0, 20.0, 20.0, 20.0, 20.0]",-0.04269645735621452,-0.0758182555437088,0.0443,-0.001,-0.0402,-0.0338,-0.028,-0.0111,-0.0055,-9.8152,16.2,,100.0,,,,0.2403,-0.171,0.295,144.56,15.0,1.22499,0.0188,255.3,0.0,1,0.0,0.297,0,3,10,0.7,0.232,0,0.0,0,0
1790743358.0970223,47.3979709,8.546163199999999,0.04800000041723251,-0.0035476461052894592,-0.01847129501402378,-0.004160476382821798,96.34,-0.08944684195581534,0.8050461244327132,0.0,96.34000000000003,20.0,20.0,-0.0,0.0,-1.0628486486980422,-0.00392452410074488,14.0,0.0,0.0,"[20.0, 20.0, 20.0, 20.0, 20.0, 20.0, 20.0, 20.0, 20.0, 20.0, 20.0, 20.0, 20.0, 20.0, 20.0, 20.0, 20.0, 20.0, 20.0, 20.0, 20.0, 20.0, 20.0, 20.0, 20.0, 20.0, 20.0, 20.0, 20.0, 20.0, 20.0, 20.0, 20.0, 20.0, 20.0, 20.0, 20.0, 20.0, 20.0, 20.0, 20.0, 20.0, 20.0, 20.0, 20.0, 20.0, 20.0, 20.0, 20.0, 20.0, 20.0, 20.0, 20.0, 20.0, 20.0, 20.0, 20.0, 20.0, 20.0, 20.0, 20.0, 20.0, 20.0, 20.0, 20.0, 20.0, 20.0, 20.0, 20.0, 20.0, 20.0, 20.0]",-0.042782772332429886,-0.0756140723824501,0.0415,0.0028,-0.044,-0.0097,-0.0143,-0.0051,-0.0037,-9.8086,16.2,,100.0,,,,0.2254,-0.1613,0.2772,144.42,15.0,1.22499,0.0188,259.13,0.0,1,0.0,0.297,0,3,10,0.7,0.206,0,0.0,0,0
1790743358.2972531,47.3979709,8.546163199999999,0.046000003814697266,-0.0014655704144388437,-0.01859675720334053,-0.0029528934974223375,96.34,-0.08944684195581534,0.8050461244327132,0.0,96.34000000000003,20.0,20.0,0.0,0.0,-0.6703708158885647,0.004824703143353802,14.0,0.0,0.0,"[20.0, 20.0, 20.0, 20.0, 20.0, 20.0, 20.0, 20.0, 20.0, 20.0, 20.0, 20.0, 20.0, 20.0, 20.0, 20.0, 20.0, 20.0, 20.0, 20.0, 20.0, 20.0, 20.0, 20.0, 20.0, 20.0, 20.0, 20.0, 20.0, 20.0, 20.0, 20.0, 20.0, 20.0, 20.0, 20.0, 20.0, 20.0, 20.0, 20.0, 20.0, 20.0, 20.0, 20.0, 20.0, 20.0, 20.0, 20.0, 20.0, 20.0, 20.0, 20.0, 20.0, 20.0, 20.0, 20.0, 20.0, 20.0, 20.0, 20.0, 20.0, 20.0, 20.0, 20.0, 20.0, 20.0, 20.0, 20.0, 20.0, 20.0, 20.0, 20.0]",-0.04251157492399216,-0.07414840906858444,0.0337,0.0072,-0.0091,0.0033,-0.0647,-0.0087,-0.0146,-9.8101,16.2,,100.0,,,,0.1933,-0.1379,0.2374,144.5,15.0,1.22499,0.0187,265.49,0.0,1,0.0,0.298,0,3,10,0.7,0.205,0,0.0,0,0
1790743358.4979165,47.397971,8.546163199999999,0.04400000348687172,0.001098335487768054,-0.018572675064206123,-0.0023121624253690243,96.35000000000001,-0.08958734764776666,0.8050305007522623,0.0,96.35000000000002,20.0,20.0,0.0,0.0,-0.18383703460050668,0.00048610397847190625,14.0,0.0,0.0,"[20.0, 20.0, 20.0, 20.0, 20.0, 20.0, 20.0, 20.0, 20.0, 20.0, 20.0, 20.0, 20.0, 20.0, 20.0, 20.0, 20.0, 20.0, 20.0, 20.0, 20.0, 20.0, 20.0, 20.0, 20.0, 20.0, 20.0, 20.0, 20.0, 20.0, 20.0, 20.0, 20.0, 20.0, 20.0, 20.0, 20.0, 20.0, 20.0, 20.0, 20.0, 20.0, 20.0, 20.0, 20.0, 20.0, 20.0, 20.0, 20.0, 20.0, 20.0, 20.0, 20.0, 20.0, 20.0, 20.0, 20.0, 20.0, 20.0, 20.0, 20.0, 20.0, 20.0, 20.0, 20.0, 20.0, 20.0, 20.0, 20.0, 20.0, 20.0, 20.0]",-0.042349617928266525,-0.07225207984447479,0.0269,0.0079,0.0351,0.0026,-0.037,-0.0063,-0.011,-9.8002,16.2,,100.0,,,,0.087,-0.0952,0.1289,132.42,15.0,1.22499,0.0186,273.38,0.0,1,0.0,0.3,0,3,10,0.7,0.203,0,0.0,0,0
1790743358.6986396,47.397971,8.546163199999999,0.04100000113248825,0.003788786241784692,-0.017630157992243767,-0.001069964375346899,96.35000000000001,-0.08958734764776666,0.8050305007522623,0.0,96.35000000000002,20.0,20.0,0.0,0.0,0.34675298181659736,0.006038902746036017,14.0,0.0,0.0,"[20.0, 20.0, 20.0, 20.0, 20.0, 20.0, 20.0, 20.0, 20.0, 20.0, 20.0, 20.0, 20.0, 20.0, 20.0, 20.0, 20.0, 20.0, 20.0, 20.0, 20.0, 20.0, 20.0, 20.0, 20.0, 20.0, 20.0, 20.0, 20.0, 20.0, 20.0, 20.0, 20.0, 20.0, 20.0, 20.0, 20.0, 20.0, 20.0, 20.0, 20.0, 20.0, 20.0, 20.0, 20.0, 20.0, 20.0, 20.0, 20.0, 20.0, 20.0, 20.0, 20.0, 20.0, 20.0, 20.0, 20.0, 20.0, 20.0, 20.0, 20.0, 20.0, 20.0, 20.0, 20.0, 20.0, 20.0, 20.0, 20.0, 20.0, 20.0, 20.0]",-0.04081122949719429,-0.06976065784692764,0.0206,0.0057,0.0123,0.0213,0.0038,-0.0141,-0.0062,-9.8093,16.2,,100.0,,,,0.0906,-0.1295,0.158,124.97,15.0,1.225,0.018,282.13,0.0,1,0.0,0.303,0,3,10,0.7,0.207,0,0.0,0,0
1790743358.8987768,47.397971,8.5461633,0.036000002175569534,0.00594211695715785,-0.015927130356431007,0.00020450000010896474,96.36,-0.08972785061073094,0.8050148525491803,0.0,96.36000000000001,20.0,20.0,0.0,0.0,0.790863829511729,0.003073902027315116,14.0,0.0,0.0,"[20.0, 20.0, 20.0, 20.0, 20.0, 20.0, 20.0, 20.0, 20.0, 20.0, 20.0, 20.0, 20.0, 20.0, 20.0, 20.0, 20.0, 20.0, 20.0, 20.0, 20.0, 20.0, 20.0, 20.0, 20.0, 20.0, 20.0, 20.0, 20.0, 20.0, 20.0, 20.0, 20.0, 20.0, 20.0, 20.0, 20.0, 20.0, 20.0, 20.0, 20.0, 20.0, 20.0, 20.0, 20.0, 20.0, 20.0, 20.0, 20.0, 20.0, 20.0, 20.0, 20.0, 20.0, 20.0, 20.0, 20.0, 20.0, 20.0, 20.0, 20.0, 20.0, 20.0, 20.0, 20.0, 20.0, 20.0, 20.0, 20.0, 20.0, 20.0, 20.0]",-0.0387679748237133,-0.06634356081485748,0.0155,0.0041,-0.0237,0.0042,-0.0097,-0.0096,-0.0002,-9.8092,16.2,,100.0,,,,0.0011,-0.1711,0.1711,90.38,15.0,1.225,0.017,290.46,0.0,1,0.0,0.307,0,3,10,0.7,0.167,0,0.0,0,0
1790743359.099832,47.3979711,8.5461633,0.03200000151991844,0.009015544317662716,-0.01607246696949005,0.001329769380390644,96.36,-0.08972785061073094,0.8050148525491803,0.0,96.36000000000001,20.0,20.0,-0.0,0.0,1.3709463627686334,-0.010644334426838332,14.0,0.0,0.0,"[20.0, 20.0, 20.0, 20.0, 20.0, 20.0, 20.0, 20.0, 20.0, 20.0, 20.0, 20.0, 20.0, 20.0, 20.0, 20.0, 20.0, 20.0, 20.0, 20.0, 20.0, 20.0, 20.0, 20.0, 20.0, 20.0, 20.0, 20.0, 20.0, 20.0, 20.0, 20.0, 20.0, 20.0, 20.0, 20.0, 20.0, 20.0, 20.0, 20.0, 20.0, 20.0, 20.0, 20.0, 20.0, 20.0, 20.0, 20.0, 20.0, 20.0, 20.0, 20.0, 20.0, 20.0, 20.0, 20.0, 20.0, 20.0, 20.0, 20.0, 20.0, 20.0, 20.0, 20.0, 20.0, 20.0, 20.0, 20.0, 20.0, 20.0, 20.0, 20.0]",-0.03924107924103737,-0.061836935579776764,0.0134,0.0036,0.0025,-0.0251,-0.027,-0.0057,-0.0014,-9.8178,16.2,,100.0,,,,0.0111,-0.1657,0.1661,93.83,15.0,1.225,0.0184,299.29,0.0,1,0.0,0.312,0,3,10,0.7,0.186,0,0.0,0,0
1790743359.3001864,47.3979711,8.546163199999999,0.029000001028180122,0.010919825173914433,-0.0178604144603014,0.0017798608168959618,96.36,-0.08972785061073094,0.8050148525491803,0.0,96.36000000000001,20.0,20.0,-0.0,0.0,1.6943398121894289,-0.019389425143274734,14.0,0.0,0.0,"[20.0, 20.0, 20.0, 20.0, 20.0, 20.0, 20.0, 20.0, 20.0, 20.0, 20.0, 20.0, 20.0, 20.0, 20.0, 20.0, 20.0, 20.0, 20.0, 20.0, 20.0, 20.0, 20.0, 20.0, 20.0, 20.0, 20.0, 20.0, 20.0, 20.0, 20.0, 20.0, 20.0, 20.0, 20.0, 20.0, 20.0, 20.0, 20.0, 20.0, 20.0, 20.0, 20.0, 20.0, 20.0, 20.0, 20.0, 20.0, 20.0, 20.0, 20.0, 20.0, 20.0, 20.0, 20.0, 20.0, 20.0, 20.0, 20.0, 20.0, 20.0, 20.0, 20.0, 20.0, 20.0, 20.0, 20.0, 20.0, 20.0, 20.0, 20.0, 20.0]",-0.04214834049344063,-0.057895105332136154,0.0109,0.0066,-0.0026,0.0486,-0.004,-0.0057,-0.0075,-9.8152,16.2,,100.0,,,,0.0628,-0.1758,0.1866,109.66,15.0,1.225,0.0209,301.44,0.0,1,0.0,0.316,0,3,10,0.7,0.172,0,0.0,0,0
1790743359.5012796,47.3979711,8.546163199999999,0.026000000536441803,0.011646785773336887,-0.016859987750649452,0.0026760390028357506,96.36,-0.08972785061073094,0.8050148525491803,0.0,96.36000000000001,20.0,20.0,-0.0,0.0,1.8533374950798749,-0.012732020503073187,14.0,0.0,0.0,"[20.0, 20.0, 20.0, 20.0, 20.0, 20.0, 20.0, 20.0, 20.0, 20.0, 20.0, 20.0, 20.0, 20.0, 20.0, 20.0, 20.0, 20.0, 20.0, 20.0, 20.0, 20.0, 20.0, 20.0, 20.0, 20.0, 20.0, 20.0, 20.0, 20.0, 20.0, 20.0, 20.0, 20.0, 20.0, 20.0, 20.0, 20.0, 20.0, 20.0, 20.0, 20.0, 20.0, 20.0, 20.0, 20.0, 20.0, 20.0, 20.0, 20.0, 20.0, 20.0, 20.0, 20.0, 20.0, 20.0, 20.0, 20.0, 20.0, 20.0, 20.0, 20.0, 20.0, 20.0, 20.0, 20.0, 20.0, 20.0, 20.0, 20.0, 20.0, 20.0]",-0.04236346110701561,-0.05463624373078346,0.0127,0.0025,0.0941,-0.006,-0.0324,-0.0075,-0.0062,-9.8093,16.2,,100.0,,,,-0.0924,-0.2668,0.2823,70.9,15.0,1.225,0.0205,304.64,0.0,1,0.0,0.32,0,3,10,0.7,0.212,0,0.0,0,0
1790743359.7021627,47.3979711,8.5461633,0.02200000174343586,0.011186228133738041,-0.012603411450982094,0.0037133984733372927,96.37,-0.08986835084042857,0.8049991798239435,0.0,96.37,20.0,20.0,0.0,0.0,1.8555118897092537,0.00231688714968603,14.0,0.0,0.0,"[20.0, 20.0, 20.0, 20.0, 20.0, 20.0, 20.0, 20.0, 20.0, 20.0, 20.0, 20.0, 20.0, 20.0, 20.0, 20.0, 20.0, 20.0, 20.0, 20.0, 20.0, 20.0, 20.0, 20.0, 20.0, 20.0, 20.0, 20.0, 20.0, 20.0, 20.0, 20.0, 20.0, 20.0, 20.0, 20.0, 20.0, 20.0, 20.0, 20.0, 20.0, 20.0, 20.0, 20.0, 20.0, 20.0, 20.0, 20.0, 20.0, 20.0, 20.0, 20.0, 20.0, 20.0, 20.0, 20.0, 20.0, 20.0, 20.0, 20.0, 20.0, 20.0, 20.0, 20.0, 20.0, 20.0, 20.0, 20.0, 20.0, 20.0, 20.0, 20.0]",-0.039398618042469025,-0.0521034300327301,0.0151,-0.0095,0.0289,0.0582,0.0413,0.0033,-0.0071,-9.8078,16.2,,100.0,,,,0.0306,-0.3455,0.3469,95.06,15.0,1.225,0.0169,311.59,0.0,1,0.0,0.324,0,3,10,0.7,0.234,0,0.0,0,0
1790743359.9027736,47.3979712,8.5461633,0.01900000125169754,0.012576811015605927,-0.0082016009837389,0.00489411037415266,96.38,-0.0900088483325797,0.8049834825770295,0.0,96.38,20.0,20.0,0.0,0.0,2.2119578056334706,-0.001585086767129193,14.0,0.0,0.0,"[20.0, 20.0, 20.0, 20.0, 20.0, 20.0, 20.0, 20.0, 20.0, 20.0, 20.0, 20.0, 20.0, 20.0, 20.0, 20.0, 20.0, 20.0, 20.0, 20.0, 20.0, 20.0, 20.0, 20.0, 20.0, 20.0, 20.0, 20.0, 20.0, 20.0, 20.0, 20.0, 20.0, 20.0, 20.0, 20.0, 20.0, 20.0, 20.0, 20.0, 20.0, 20.0, 20.0, 20.0, 20.0, 20.0, 20.0, 20.0, 20.0, 20.0, 20.0, 20.0, 20.0, 20.0, 20.0, 20.0, 20.0, 20.0, 20.0, 20.0, 20.0, 20.0, 20.0, 20.0, 20.0, 20.0, 20.0, 20.0, 20.0, 20.0, 20.0, 20.0]",-0.035171277821063995,-0.04865948483347893,0.0104,-0.0204,0.0015,-0.004,0.0589,-0.0027,-0.0081,-9.8011,16.2,,100.0,,,,0.074,-0.3707,0.378,101.29,15.0,1.225,0.015,326.89,0.0,1,0.0,0.329,0,3,10,0.7,0.244,0,0.0,0,0
1790743360.1031146,47.3979712,8.5461633,0.01600000075995922,0.01306985318660736,-0.007122012320905924,0.006104300729930401,96.38,-0.0900088483325797,0.8049834825770295,0.0,96.38,20.0,20.0,0.0,0.0,2.3282677621353614,-0.0068602095338368176,14.0,0.0,0.0,"[20.0, 20.0, 20.0, 20.0, 20.0, 20.0, 20.0, 20.0, 20.0, 20.0, 20.0, 20.0, 20.0, 20.0, 20.0, 20.0, 20.0, 20.0, 20.0, 20.0, 20.0, 20.0, 20.0, 20.0, 20.0, 20.0, 20.0, 20.0, 20.0, 20.0, 20.0, 20.0, 20.0, 20.0, 20.0, 20.0, 20.0, 20.0, 20.0, 20.0, 20.0, 20.0, 20.0, 20.0, 20.0, 20.0, 20.0, 20.0, 20.0, 20.0, 20.0, 20.0, 20.0, 20.0, 20.0, 20.0, 20.0, 20.0, 20.0, 20.0, 20.0, 20.0, 20.0, 20.0, 20.0, 20.0, 20.0, 20.0, 20.0, 20.0, 20.0, 20.0]",-0.03435606136918068,-0.047449417412281036,0.0095,-0.0198,-0.0014,-0.0473,-0.0369,-0.0018,-0.0074,-9.8042,16.2,,100.0,,,,0.0355,-0.4105,0.412,94.95,15.0,1.225,0.0149,331.41,0.0,1,0.0,0.331,0,3,10,0.7,0.274,0,0.0,0,0
1790743360.303786,47.3979712,8.5461633,0.01600000075995922,0.011151441372931004,-0.005893057212233543,0.005995588842779398,96.38,-0.0900088483325797,0.8049834825770295,0.0,96.38,20.0,20.0,0.0,0.0,1.9907099861379314,0.012438012514203218,14.0,0.0,0.0,"[20.0, 20.0, 20.0, 20.0, 20.0, 20.0, 20.0, 20.0, 20.0, 20.0, 20.0, 20.0, 20.0, 20.0, 20.0, 20.0, 20.0, 20.0, 20.0, 20.0, 20.0, 20.0, 20.0, 20.0, 20.0, 20.0, 20.0, 20.0, 20.0, 20.0, 20.0, 20.0, 20.0, 20.0, 20.0, 20.0, 20.0, 20.0, 20.0, 20.0, 20.0, 20.0, 20.0, 20.0, 20.0, 20.0, 20.0, 20.0, 20.0, 20.0, 20.0, 20.0, 20.0, 20.0, 20.0, 20.0, 20.0, 20.0, 20.0, 20.0, 20.0, 20.0, 20.0, 20.0, 20.0, 20.0, 20.0, 20.0, 20.0, 20.0, 20.0, 20.0]",-0.03260152414441109,-0.0497439019382,0.0151,-0.0209,0.0423,0.0382,-0.0029,0.0048,-0.001,-9.811,16.2,,100.0,,,,0.0273,-0.5313,0.532,92.94,15.0,1.225,0.0126,332.15,0.0,1,0.0,0.333,0,3,10,0.7,0.287,0,0.0,0,0
1790743360.5047705,47.3979711,8.5461634,0.018000001087784767,0.008427513763308525,-0.004022746812552214,0.005063575226813555,96.38,-0.0900088483325797,0.8049834825770295,0.0,96.38,20.0,20.0,0.0,0.0,1.5138422362175026,0.009307835633902995,14.0,0.0,0.0,"[20.0, 20.0, 20.0, 20.0, 20.0, 20.0, 20.0, 20.0, 20.0, 20.0, 20.0, 20.0, 20.0, 20.0, 20.0, 20.0, 20.0, 20.0, 20.0, 20.0, 20.0, 20.0, 20.0, 20.0, 20.0, 20.0, 20.0, 20.0, 20.0, 20.0, 20.0, 20.0, 20.0, 20.0, 20.0, 20.0, 20.0, 20.0, 20.0, 20.0, 20.0, 20.0, 20.0, 20.0, 20.0, 20.0, 20.0, 20.0, 20.0, 20.0, 20.0, 20.0, 20.0, 20.0, 20.0, 20.0, 20.0, 20.0, 20.0, 20.0, 20.0, 20.0, 20.0, 20.0, 20.0, 20.0, 20.0, 20.0, 20.0, 20.0, 20.0, 20.0]",-0.030428286641836166,-0.053484994918107986,0.0195,-0.0255,0.0034,0.0078,-0.0281,0.0002,-0.0035,-9.8048,16.2,,100.0,,,,-0.0406,-0.5754,0.5768,85.96,15.0,1.225,0.0093,334.48,0.0,1,0.0,0.338,0,3,10,0.7,0.276,0,0.0,0,0
1790743360.7053692,47.3979711,8.5461634,0.020000001415610313,0.005562529433518648,-0.0031642806716263294,0.004536920227110386,96.37,-0.08986835084042857,0.8049991798239435,0.0,96.37,20.0,20.0,0.0,0.0,0.9886579489072276,0.0062497599851852915,14.0,0.0,0.0,"[20.0, 20.0, 20.0, 20.0, 20.0, 20.0, 20.0, 20.0, 20.0, 20.0, 20.0, 20.0, 20.0, 20.0, 20.0, 20.0, 20.0, 20.0, 20.0, 20.0, 20.0, 20.0, 20.0, 20.0, 20.0, 20.0, 20.0, 20.0, 20.0, 20.0, 20.0, 20.0, 20.0, 20.0, 20.0, 20.0, 20.0, 20.0, 20.0, 20.0, 20.0, 20.0, 20.0, 20.0, 20.0, 20.0, 20.0, 20.0, 20.0, 20.0, 20.0, 20.0, 20.0, 20.0, 20.0, 20.0, 20.0, 20.0, 20.0, 20.0, 20.0, 20.0, 20.0, 20.0, 20.0, 20.0, 20.0, 20.0, 20.0, 20.0, 20.0, 20.0]",-0.02924215979874134,-0.05731387063860893,0.0243,-0.0277,0.0662,0.055,-0.0107,-0.0,-0.01,-9.7932,16.2,,100.0,,,,0.0403,-0.6578,0.659,93.5,15.0,1.225,0.0064,330.37,0.0,1,0.0,0.342,0,3,10,0.7,0.258,0,0.0,0,0
1790743360.9054165,47.3979711,8.5461634,0.02200000174343586,0.0027877602260559797,-0.003750612959265709,0.0043747518211603165,96.37,-0.08986835084042857,0.8049991798239435,0.0,96.37,20.0,20.0,0.0,0.0,0.4496525953424272,0.0022207689070763903,14.0,0.0,0.0,"[20.0, 20.0, 20.0, 20.0, 20.0, 20.0, 20.0, 20.0, 20.0, 20.0, 20.0, 20.0, 20.0, 20.0, 20.0, 20.0, 20.0, 20.0, 20.0, 20.0, 20.0, 20.0, 20.0, 20.0, 20.0, 20.0, 20.0, 20.0, 20.0, 20.0, 20.0, 20.0, 20.0, 20.0, 20.0, 20.0, 20.0, 20.0, 20.0, 20.0, 20.0, 20.0, 20.0, 20.0, 20.0, 20.0, 20.0, 20.0, 20.0, 20.0, 20.0, 20.0, 20.0, 20.0, 20.0, 20.0, 20.0, 20.0, 20.0, 20.0, 20.0, 20.0, 20.0, 20.0, 20.0, 20.0, 20.0, 20.0, 20.0, 20.0, 20.0, 20.0]",-0.029749196022748947,-0.06081109866499901,0.0309,-0.0261,0.0039,0.0508,-0.0063,-0.0041,-0.0066,-9.813,16.2,,100.0,,,,-0.0828,-0.5261,0.5325,81.05,15.0,1.225,0.0047,306.62,0.0,1,0.0,0.345,0,3,10,0.7,0.251,0,0.0,0,0
1790743361.1063004,47.3979711,8.5461634,0.024000000208616257,0.002282913075760007,-0.004584903828799725,0.003514676820486784,96.37,-0.08986835084042857,0.8049991798239435,0.0,96.37,20.0,20.0,0.0,0.0,0.33615623626621666,-0.003326431703204529,14.0,0.0,0.0,"[20.0, 20.0, 20.0, 20.0, 20.0, 20.0, 20.0, 20.0, 20.0, 20.0, 20.0, 20.0, 20.0, 20.0, 20.0, 20.0, 20.0, 20.0, 20.0, 20.0, 20.0, 20.0, 20.0, 20.0, 20.0, 20.0, 20.0, 20.0, 20.0, 20.0, 20.0, 20.0, 20.0, 20.0, 20.0, 20.0, 20.0, 20.0, 20.0, 20.0, 20.0, 20.0, 20.0, 20.0, 20.0, 20.0, 20.0, 20.0, 20.0, 20.0, 20.0, 20.0, 20.0, 20.0, 20.0, 20.0, 20.0, 20.0, 20.0, 20.0, 20.0, 20.0, 20.0, 20.0, 20.0, 20.0, 20.0, 20.0, 20.0, 20.0, 20.0, 20.0]",-0.030817974358797073,-0.06126541271805763,0.0313,-0.023,0.0005,-0.0455,-0.0064,-0.0073,-0.0038,-9.8087,16.2,,100.0,,,,-0.126,-0.4491,0.4664,74.32,15.0,1.225,0.0051,296.47,0.0,1,0.0,0.346,0,3,10,0.7,0.263,0,0.0,0,0
1790743361.305985,47.3979711,8.5461633,0.02500000037252903,0.001750966883264482,-0.006092031951993704,0.0028228759765625,96.37,-0.08986835084042857,0.8049991798239435,0.0,96.37,20.0,20.0,0.0,0.0,0.2032567598837591,-0.006069308089615215,14.0,0.0,0.0,"[20.0, 20.0, 20.0, 20.0, 20.0, 20.0, 20.0, 20.0, 20.0, 20.0, 20.0, 20.0, 20.0, 20.0, 20.0, 20.0, 20.0, 20.0, 20.0, 20.0, 20.0, 20.0, 20.0, 20.0, 20.0, 20.0, 20.0, 20.0, 20.0, 20.0, 20.0, 20.0, 20.0, 20.0, 20.0, 20.0, 20.0, 20.0, 20.0, 20.0, 20.0, 20.0, 20.0, 20.0, 20.0, 20.0, 20.0, 20.0, 20.0, 20.0, 20.0, 20.0, 20.0, 20.0, 20.0, 20.0, 20.0, 20.0, 20.0, 20.0, 20.0, 20.0, 20.0, 20.0, 20.0, 20.0, 20.0, 20.0, 20.0, 20.0, 20.0, 20.0]",-0.03274010866880417,-0.061289820820093155,0.0328,-0.0216,0.0084,-0.0011,0.0222,-0.0028,-0.0043,-9.7977,16.2,,100.0,,,,-0.2122,-0.3892,0.4433,61.4,15.0,1.225,0.0063,286.04,0.0,1,0.0,0.348,0,3,10,0.7,0.242,0,0.0,0,0
1790743361.5069005,47.3979711,8.5461633,0.02500000037252903,0.0011475502979010344,-0.006383484695106745,0.0031273546628654003,96.37,-0.08986835084042857,0.8049991798239435,0.0,96.37,20.0,20.0,-0.0,0.0,0.0825492042038921,-0.006307458561419718,14.0,0.0,0.0,"[20.0, 20.0, 20.0, 20.0, 20.0, 20.0, 20.0, 20.0, 20.0, 20.0, 20.0, 20.0, 20.0, 20.0, 20.0, 20.0, 20.0, 20.0, 20.0, 20.0, 20.0, 20.0, 20.0, 20.0, 20.0, 20.0, 20.0, 20.0, 20.0, 20.0, 20.0, 20.0, 20.0, 20.0, 20.0, 20.0, 20.0, 20.0, 20.0, 20.0, 20.0, 20.0, 20.0, 20.0, 20.0, 20.0, 20.0, 20.0, 20.0, 20.0, 20.0, 20.0, 20.0, 20.0, 20.0, 20.0, 20.0, 20.0, 20.0, 20.0, 20.0, 20.0, 20.0, 20.0, 20.0, 20.0, 20.0, 20.0, 20.0, 20.0, 20.0, 20.0]",-0.03323756903409958,-0.06107187643647194,0.0347,-0.0215,0.0032,-0.0096,0.0063,0.0049,0.0002,-9.8028,16.2,,100.0,,,,-0.1848,-0.3184,0.3682,59.87,15.0,1.225,0.0065,280.19,0.0,1,0.0,0.349,0,3,10,0.7,0.264,0,0.0,0,0
1790743361.7079334,47.3979711,8.5461633,0.024000000208616257,0.001045553246513009,-0.007036982104182243,0.003620394039899111,96.37,-0.08986835084042857,0.8049991798239435,0.0,96.37,20.0,20.0,0.0,0.0,0.049342153310343737,-0.004096195946445872,14.0,0.0,0.0,"[20.0, 20.0, 20.0, 20.0, 20.0, 20.0, 20.0, 20.0, 20.0, 20.0, 20.0, 20.0, 20.0, 20.0, 20.0, 20.0, 20.0, 20.0, 20.0, 20.0, 20.0, 20.0, 20.0, 20.0, 20.0, 20.0, 20.0, 20.0, 20.0, 20.0, 20.0, 20.0, 20.0, 20.0, 20.0, 20.0, 20.0, 20.0, 20.0, 20.0, 20.0, 20.0, 20.0, 20.0, 20.0, 20.0, 20.0, 20.0, 20.0, 20.0, 20.0, 20.0, 20.0, 20.0, 20.0, 20.0, 20.0, 20.0, 20.0, 20.0, 20.0, 20.0, 20.0, 20.0, 20.0, 20.0, 20.0, 20.0, 20.0, 20.0, 20.0, 20.0]",-0.03359892591834068,-0.061451271176338196,0.037,-0.019,0.0352,0.0548,0.0358,-0.0169,-0.0087,-9.814,16.2,,100.0,,,,-0.1595,-0.4125,0.4423,68.87,15.0,1.225,0.0071,278.45,0.0,1,0.0,0.349,0,3,10,0.7,0.287,0,0.0,0,0
1790743361.908701,47.397971,8.5461633,0.024000000208616257,1.0670089977793396e-05,-0.01011352427303791,0.0037793710362166166,96.37,-0.08986835084042857,0.8049991798239435,0.0,96.37,20.0,20.0,0.0,0.0,-0.21227549065301107,-0.007872539660727554,14.0,0.0,0.0,"[20.0, 20.0, 20.0, 20.0, 20.0, 20.0, 20.0, 20.0, 20.0, 20.0, 20.0, 20.0, 20.0, 20.0, 20.0, 20.0, 20.0, 20.0, 20.0, 20.0, 20.0, 20.0, 20.0, 20.0, 20.0, 20.0, 20.0, 20.0, 20.0, 20.0, 20.0, 20.0, 20.0, 20.0, 20.0, 20.0, 20.0, 20.0, 20.0, 20.0, 20.0, 20.0, 20.0, 20.0, 20.0, 20.0, 20.0, 20.0, 20.0, 20.0, 20.0, 20.0, 20.0, 20.0, 20.0, 20.0, 20.0, 20.0, 20.0, 20.0, 20.0, 20.0, 20.0, 20.0, 20.0, 20.0, 20.0, 20.0, 20.0, 20.0, 20.0, 20.0]",-0.03586173057556152,-0.0632721558213234,0.0391,-0.0121,-0.0789,-0.014,-0.0565,-0.0107,-0.0081,-9.8077,16.2,,100.0,,,,-0.1819,-0.3985,0.438,65.46,15.0,1.225,0.0101,270.06,0.0,1,0.0,0.352,0,3,10,0.7,0.306,0,0.0,0,0
1790743362.1097322,47.397971,8.5461633,0.023000001907348633,-0.0010039148619398475,-0.01257680356502533,0.0040434966795146465,96.37,-0.08986835084042857,0.8049991798239435,0.0,96.37,20.0,20.0,0.0,0.0,-0.4570378516557942,-0.00966562194599137,14.0,0.0,0.0,"[20.0, 20.0, 20.0, 20.0, 20.0, 20.0, 20.0, 20.0, 20.0, 20.0, 20.0, 20.0, 20.0, 20.0, 20.0, 20.0, 20.0, 20.0, 20.0, 20.0, 20.0, 20.0, 20.0, 20.0, 20.0, 20.0, 20.0, 20.0, 20.0, 20.0, 20.0, 20.0, 20.0, 20.0, 20.0, 20.0, 20.0, 20.0, 20.0, 20.0, 20.0, 20.0, 20.0, 20.0, 20.0, 20.0, 20.0, 20.0, 20.0, 20.0, 20.0, 20.0, 20.0, 20.0, 20.0, 20.0, 20.0, 20.0, 20.0, 20.0, 20.0, 20.0, 20.0, 20.0, 20.0, 20.0, 20.0, 20.0, 20.0, 20.0, 20.0, 20.0]",-0.0386362224817276,-0.06600432842969894,0.0413,-0.0083,0.068,-0.0523,-0.0415,-0.0049,-0.0079,-9.8043,16.2,,100.0,,,,0.0274,-0.3705,0.3715,94.23,15.0,1.225,0.0126,265.44,0.0,1,0.0,0.356,0,3,10,0.7,0.268,0,0.0,0,0
1790743362.3106458,47.397971,8.5461633,0.02500000037252903,-0.002793496008962393,-0.011952156201004982,0.0036898471880704165,96.37,-0.08986835084042857,0.8049991798239435,0.0,96.37,20.0,20.0,0.0,0.0,-0.7834373711677786,-0.0014727347074764566,14.0,0.0,0.0,"[20.0, 20.0, 20.0, 20.0, 20.0, 20.0, 20.0, 20.0, 20.0, 20.0, 20.0, 20.0, 20.0, 20.0, 20.0, 20.0, 20.0, 20.0, 20.0, 20.0, 20.0, 20.0, 20.0, 20.0, 20.0, 20.0, 20.0, 20.0, 20.0, 20.0, 20.0, 20.0, 20.0, 20.0, 20.0, 20.0, 20.0, 20.0, 20.0, 20.0, 20.0, 20.0, 20.0, 20.0, 20.0, 20.0, 20.0, 20.0, 20.0, 20.0, 20.0, 20.0, 20.0, 20.0, 20.0, 20.0, 20.0, 20.0, 20.0, 20.0, 20.0, 20.0, 20.0, 20.0, 20.0, 20.0, 20.0, 20.0, 20.0, 20.0, 20.0, 20.0]",-0.03816699609160423,-0.07027919590473175,0.046,-0.0149,0.0233,-0.037,-0.0329,0.0042,-0.0047,-9.8008,16.2,,100.0,,,,0.2135,-0.4153,0.4669,117.21,15.0,1.225,0.0123,256.84,0.0,1,0.0,0.361,0,3,10,0.7,0.271,0,0.0,0,0
1790743362.5111861,47.3979709,8.5461633,0.027000000700354576,-0.006326416973024607,-0.008558646775782108,0.0032318977173417807,96.37,-0.08986835084042857,0.8049991798239435,0.0,96.37,20.0,20.0,0.0,0.0,-1.381883490781232,-0.0011894095015352957,14.0,0.0,0.0,"[20.0, 20.0, 20.0, 20.0, 20.0, 20.0, 20.0, 20.0, 20.0, 20.0, 20.0, 20.0, 20.0, 20.0, 20.0, 20.0, 20.0, 20.0, 20.0, 20.0, 20.0, 20.0, 20.0, 20.0, 20.0, 20.0, 20.0, 20.0, 20.0, 20.0, 20.0, 20.0, 20.0, 20.0, 20.0, 20.0, 20.0, 20.0, 20.0, 20.0, 20.0, 20.0, 20.0, 20.0, 20.0, 20.0, 20.0, 20.0, 20.0, 20.0, 20.0, 20.0, 20.0, 20.0, 20.0, 20.0, 20.0, 20.0, 20.0, 20.0, 20.0, 20.0, 20.0, 20.0, 20.0, 20.0, 20.0, 20.0, 20.0, 20.0, 20.0, 20.0]",-0.034832388162612915,-0.07604218274354935,0.0481,-0.0264,0.0524,-0.032,0.0439,-0.0025,-0.0005,-9.8123,16.2,,100.0,,,,0.2315,-0.4657,0.5201,116.43,15.0,1.225,0.0106,233.53,0.0,1,0.0,0.367,0,3,10,0.7,0.233,0,0.0,0,0
1790743362.712364,47.3979709,8.5461634,0.02800000086426735,-0.010919143445789814,-0.004790048580616713,0.0029287298675626516,96.37,-0.08986835084042857,0.8049991798239435,0.0,96.37,20.0,20.0,0.0,0.0,-2.1729846709832046,-0.0067599556173386175,14.0,0.0,0.0,"[20.0, 20.0, 20.0, 20.0, 20.0, 20.0, 20.0, 20.0, 20.0, 20.0, 20.0, 20.0, 20.0, 20.0, 20.0, 20.0, 20.0, 20.0, 20.0, 20.0, 20.0, 20.0, 20.0, 20.0, 20.0, 20.0, 20.0, 20.0, 20.0, 20.0, 20.0, 20.0, 20.0, 20.0, 20.0, 20.0, 20.0, 20.0, 20.0, 20.0, 20.0, 20.0, 20.0, 20.0, 20.0, 20.0, 20.0, 20.0, 20.0, 20.0, 20.0, 20.0, 20.0, 20.0, 20.0, 20.0, 20.0, 20.0, 20.0, 20.0, 20.0, 20.0, 20.0, 20.0, 20.0, 20.0, 20.0, 20.0, 20.0, 20.0, 20.0, 20.0]",-0.03070470318198204,-0.08270551264286041,0.0513,-0.0346,0.0034,0.0321,0.021,-0.0055,-0.0038,-9.8012,16.2,,100.0,,,,0.2063,-0.4916,0.5331,112.76,15.0,1.225,0.0119,203.69,0.0,1,0.0,0.375,0,3,10,0.7,0.255,0,0.0,0,0
1790743362.913054,47.397970799999996,8.5461634,0.029000001028180122,-0.014252543449401855,-0.0012469292851164937,0.00236681685782969,96.37,-0.08986835084042857,0.8049991798239435,0.0,96.37,20.0,20.0,0.0,0.0,-2.7295849102764653,-0.010056463495160128,14.0,0.0,0.0,"[20.0, 20.0, 20.0, 20.0, 20.0, 20.0, 20.0, 20.0, 20.0, 20.0, 20.0, 20.0, 20.0, 20.0, 20.0, 20.0, 20.0, 20.0, 20.0, 20.0, 20.0, 20.0, 20.0, 20.0, 20.0, 20.0, 20.0, 20.0, 20.0, 20.0, 20.0, 20.0, 20.0, 20.0, 20.0, 20.0, 20.0, 20.0, 20.0, 20.0, 20.0, 20.0, 20.0, 20.0, 20.0, 20.0, 20.0, 20.0, 20.0, 20.0, 20.0, 20.0, 20.0, 20.0, 20.0, 20.0, 20.0, 20.0, 20.0, 20.0, 20.0, 20.0, 20.0, 20.0, 20.0, 20.0, 20.0, 20.0, 20.0, 20.0, 20.0, 20.0]",-0.025816835463047028,-0.08846105635166168,0.0566,-0.0376,-0.0268,0.0276,0.0133,-0.0004,-0.0096,-9.8058,16.2,,100.0,,,,0.3247,-0.5302,0.6217,121.48,15.0,1.225,0.0143,185.0,0.0,1,0.0,0.383,0,3,10,0.7,0.236,0,0.0,0,0
1790743365.495569,47.397971,8.5461636,0.0,0.0020842296071350574,0.0014550496125593781,0.003049933584406972,96.36,0.0,0.0,0.0,158.33090721130372,20.0,20.0,0.0,-114.20886990517296,0.4263845526753193,-0.0025345601311672957,14.0,0.0,0.0,"[20.0, 20.0, 20.0, 20.0, 20.0, 20.0, 20.0, 20.0, 20.0, 20.0, 20.0, 20.0, 20.0, 20.0, 20.0, 20.0, 20.0, 20.0, 20.0, 20.0, 20.0, 20.0, 20.0, 20.0, 20.0, 20.0, 20.0, 20.0, 20.0, 20.0, 20.0, 20.0, 20.0, 20.0, 20.0, 20.0, 20.0, 20.0, 20.0, 20.0, 20.0, 20.0, 20.0, 20.0, 20.0, 20.0, 20.0, 20.0, 20.0, 20.0, 20.0, 20.0, 20.0, 20.0, 20.0, 20.0, 20.0, 20.0, 20.0, 20.0, 20.0, 20.0, 20.0, 20.0, 20.0, 20.0, 20.0, 20.0, 20.0, 20.0, 20.0, 20.0]",-0.025816835463047028,-0.08846105635166168,0.0247,-0.0298,0.0231,0.0263,-0.0094,-0.0095,-0.009,-9.8053,16.147,,98.0,,,,0.5515,-0.3238,0.6395,149.58,15.0,1.225,0.0025,34.92,0.027,1,0.0,0.41,0,3,10,0.7,0.238,0,0.0,0,0
1790743365.6961021,47.397971,8.5461637,0.0010000000474974513,0.001380178495310247,0.003973632585257292,0.0022825179621577263,96.37,0.0,0.0,0.0,101.19605934143067,20.0,20.0,0.0,-124.41727258603737,0.3461628266124393,-0.003640773753344951,14.0,0.0,0.0,"[20.0, 20.0, 20.0, 20.0, 20.0, 20.0, 20.0, 20.0, 20.0, 20.0, 20.0, 20.0, 20.0, 20.0, 20.0, 20.0, 20.0, 20.0, 20.0, 20.0, 20.0, 20.0, 20.0, 20.0, 20.0, 20.0, 20.0, 20.0, 20.0, 20.0, 20.0, 20.0, 20.0, 20.0, 20.0, 20.0, 20.0, 20.0, 20.0, 20.0, 20.0, 20.0, 20.0, 20.0, 20.0, 20.0, 20.0, 20.0, 20.0, 20.0, 20.0, 20.0, 20.0, 20.0, 20.0, 20.0, 20.0, 20.0, 20.0, 20.0, 20.0, 20.0, 20.0, 20.0, 20.0, 20.0, 20.0, 20.0, 20.0, 20.0, 20.0, 20.0]",-0.025816835463047028,-0.08846105635166168,0.027,-0.0345,0.0562,-0.0669,0.0082,-0.0012,-0.0092,-9.8114,16.147,,98.0,,,,0.4358,-0.3667,0.5696,139.92,15.0,1.225,0.0042,70.85,0.029,1,0.0,0.415,0,3,10,0.7,0.223,0,0.0,0,0
1790743365.8965645,47.397971,8.5461638,0.003000000026077032,0.00026224134489893913,0.008455045521259308,0.001578109455294907,96.37,0.0,0.0,0.0,101.17793762207032,20.0,20.0,0.0,-135.80535025253366,0.22893316173544095,-0.006839385218023205,14.0,0.0,0.0,"[20.0, 20.0, 20.0, 20.0, 20.0, 20.0, 20.0, 20.0, 20.0, 20.0, 20.0, 20.0, 20.0, 20.0, 20.0, 20.0, 20.0, 20.0, 20.0, 20.0, 20.0, 20.0, 20.0, 20.0, 20.0, 20.0, 20.0, 20.0, 20.0, 20.0, 20.0, 20.0, 20.0, 20.0, 20.0, 20.0, 20.0, 20.0, 20.0, 20.0, 20.0, 20.0, 20.0, 20.0, 20.0, 20.0, 20.0, 20.0, 20.0, 20.0, 20.0, 20.0, 20.0, 20.0, 20.0, 20.0, 20.0, 20.0, 20.0, 20.0, 20.0, 20.0, 20.0, 20.0, 20.0, 20.0, 20.0, 20.0, 20.0, 20.0, 20.0, 20.0]",-0.025816835463047028,-0.08846105635166168,0.0267,-0.0433,-0.0558,0.0617,0.031,-0.0085,-0.0037,-9.8022,16.147,,98.0,,,,0.4556,-0.3172,0.5552,145.16,15.0,1.225,0.0085,88.22,0.034,1,0.0,0.423,0,3,10,0.7,0.208,0,0.0,0,0
1790743366.0969286,47.397971,8.5461639,0.0020000000949949026,-0.0005063179414719343,0.01276932843029499,0.002194104017689824,96.38,0.0,0.0,0.0,101.19231498718261,20.0,20.0,0.0,-144.38437291669064,0.1748989419811484,-0.010895466016359623,14.0,0.0,0.0,"[20.0, 20.0, 20.0, 20.0, 20.0, 20.0, 20.0, 20.0, 20.0, 20.0, 20.0, 20.0, 20.0, 20.0, 20.0, 20.0, 20.0, 20.0, 20.0, 20.0, 20.0, 20.0, 20.0, 20.0, 20.0, 20.0, 20.0, 20.0, 20.0, 20.0, 20.0, 20.0, 20.0, 20.0, 20.0, 20.0, 20.0, 20.0, 20.0, 20.0, 20.0, 20.0, 20.0, 20.0, 20.0, 20.0, 20.0, 20.0, 20.0, 20.0, 20.0, 20.0, 20.0, 20.0, 20.0, 20.0, 20.0, 20.0, 20.0, 20.0, 20.0, 20.0, 20.0, 20.0, 20.0, 20.0, 20.0, 20.0, 20.0, 20.0, 20.0, 20.0]",-0.025816835463047028,-0.08846105635166168,0.0246,-0.0506,-0.0791,-0.0461,-0.0079,-0.0125,-0.0099,-9.8097,16.147,,98.0,,,,0.5086,-0.2815,0.5813,151.04,15.0,1.225,0.0128,92.27,0.039,1,0.0,0.431,1,3,10,0.7,0.215,0,0.0,0,0
1790743366.2969768,47.397971,8.546164,0.0,-0.00040996316238306463,0.015836311504244804,0.0033802702091634274,96.38,0.0,0.0,0.0,101.18266189575195,20.0,20.0,0.0,-148.09794196873526,0.2582759735956463,-0.01411435981337365,14.0,0.0,0.0,"[20.0, 20.0, 20.0, 20.0, 20.0, 20.0, 20.0, 20.0, 20.0, 20.0, 20.0, 20.0, 20.0, 20.0, 20.0, 20.0, 20.0, 20.0, 20.0, 20.0, 20.0, 20.0, 20.0, 20.0, 20.0, 20.0, 20.0, 20.0, 20.0, 20.0, 20.0, 20.0, 20.0, 20.0, 20.0, 20.0, 20.0, 20.0, 20.0, 20.0, 20.0, 20.0, 20.0, 20.0, 20.0, 20.0, 20.0, 20.0, 20.0, 20.0, 20.0, 20.0, 20.0, 20.0, 20.0, 20.0, 20.0, 20.0, 20.0, 20.0, 20.0, 20.0, 20.0, 20.0, 20.0, 20.0, 20.0, 20.0, 20.0, 20.0, 20.0, 20.0]",-0.025816835463047028,-0.08846105635166168,0.0268,-0.0567,0.0522,-0.0648,-0.0031,-0.004,-0.0037,-9.8084,16.147,,98.0,,,,0.5823,-0.431,0.7244,143.49,15.0,1.225,0.0158,91.48,0.044,1,0.2,0.436,1,3,10,0.7,0.258,0,0.0,0,0
1790743366.4982147,47.397971,8.546164,-0.003000000026077032,0.0002985240425914526,0.016753757372498512,0.004538859706372023,96.38,0.0,0.0,0.0,101.2048291015625,20.0,20.0,0.0,-148.2916846312792,0.41221440679344906,-0.015270949420338756,14.0,0.0,0.0,"[20.0, 20.0, 20.0, 20.0, 20.0, 20.0, 20.0, 20.0, 20.0, 20.0, 20.0, 20.0, 20.0, 20.0, 20.0, 20.0, 20.0, 20.0, 20.0, 20.0, 20.0, 20.0, 20.0, 20.0, 20.0, 20.0, 20.0, 20.0, 20.0, 20.0, 20.0, 20.0, 20.0, 20.0, 20.0, 20.0, 20.0, 20.0, 20.0, 20.0, 20.0, 20.0, 20.0, 20.0, 20.0, 20.0, 20.0, 20.0, 20.0, 20.0, 20.0, 20.0, 20.0, 20.0, 20.0, 20.0, 20.0, 20.0, 20.0, 20.0, 20.0, 20.0, 20.0, 20.0, 20.0, 20.0, 20.0, 20.0, 20.0, 20.0, 20.0, 20.0]",-0.025816835463047028,-0.08846105635166168,0.0249,-0.0532,0.0066,0.0721,-0.0347,-0.0142,-0.0013,-9.8118,16.147,,98.0,,,,0.3895,-0.3106,0.4981,141.43,15.0,1.225,0.0168,88.98,0.047,1,0.4,0.439,1,3,10,0.7,0.215,0,0.0,0,0
1790743366.6996214,47.397971,8.546164,-0.007000000216066837,0.0004422187339514494,0.016233453527092934,0.006048866081982851,96.38,0.0,0.0,0.0,101.20314109802246,20.0,20.0,0.0,-147.81049323013312,0.428444956656625,-0.014806643831283264,14.0,0.0,0.0,"[20.0, 20.0, 20.0, 20.0, 20.0, 20.0, 20.0, 20.0, 20.0, 20.0, 20.0, 20.0, 20.0, 20.0, 20.0, 20.0, 20.0, 20.0, 20.0, 20.0, 20.0, 20.0, 20.0, 20.0, 20.0, 20.0, 20.0, 20.0, 20.0, 20.0, 20.0, 20.0, 20.0, 20.0, 20.0, 20.0, 20.0, 20.0, 20.0, 20.0, 20.0, 20.0, 20.0, 20.0, 20.0, 20.0, 20.0, 20.0, 20.0, 20.0, 20.0, 20.0, 20.0, 20.0, 20.0, 20.0, 20.0, 20.0, 20.0, 20.0, 20.0, 20.0, 20.0, 20.0, 20.0, 20.0, 20.0, 20.0, 20.0, 20.0, 20.0, 20.0]",-0.025816835463047028,-0.08846105635166168,0.0261,-0.0503,0.0283,-0.0495,0.0011,-0.0017,-0.0068,-9.8042,16.147,,98.0,,,,0.4807,-0.2471,0.5405,152.79,15.0,1.225,0.0162,88.44,0.048,1,0.6,0.44,1,3,10,0.7,0.198,0,0.0,0,0
1790743366.8990738,47.397971,8.546164,-0.01100000087171793,0.0014610562939196825,0.016497205942869186,0.007754762656986713,96.38,0.0,0.0,0.0,101.18231857299804,20.0,20.0,0.0,-146.8334094877788,0.6274039539610358,-0.015385364739319906,14.0,0.0,0.0,"[20.0, 20.0, 20.0, 20.0, 20.0, 20.0, 20.0, 20.0, 20.0, 20.0, 20.0, 20.0, 20.0, 20.0, 20.0, 20.0, 20.0, 20.0, 20.0, 20.0, 20.0, 20.0, 20.0, 20.0, 20.0, 20.0, 20.0, 20.0, 20.0, 20.0, 20.0, 20.0, 20.0, 20.0, 20.0, 20.0, 20.0, 20.0, 20.0, 20.0, 20.0, 20.0, 20.0, 20.0, 20.0, 20.0, 20.0, 20.0, 20.0, 20.0, 20.0, 20.0, 20.0, 20.0, 20.0, 20.0, 20.0, 20.0, 20.0, 20.0, 20.0, 20.0, 20.0, 20.0, 20.0, 20.0, 20.0, 20.0, 20.0, 20.0, 20.0, 20.0]",-0.025816835463047028,-0.08846105635166168,0.0245,-0.0484,0.0085,0.016,-0.0276,-0.0033,-0.0081,-9.8053,16.087,,95.0,,,,0.5336,-0.3007,0.6126,150.6,15.0,1.225,0.0166,84.94,0.05,1,0.8,0.443,1,3,10,0.7,0.195,0,0.0,0,0
1790743367.0994868,47.397971,8.546164,-0.015000000596046448,0.0012578903697431087,0.015592768788337708,0.008680162020027637,96.38,0.0,0.0,0.0,101.18182647705078,20.0,20.0,0.0,-145.8973124811701,0.5696540972420328,-0.014388028229298256,14.0,0.0,0.0,"[20.0, 20.0, 20.0, 20.0, 20.0, 20.0, 20.0, 20.0, 20.0, 20.0, 20.0, 20.0, 20.0, 20.0, 20.0, 20.0, 20.0, 20.0, 20.0, 20.0, 20.0, 20.0, 20.0, 20.0, 20.0, 20.0, 20.0, 20.0, 20.0, 20.0, 20.0, 20.0, 20.0, 20.0, 20.0, 20.0, 20.0, 20.0, 20.0, 20.0, 20.0, 20.0, 20.0, 20.0, 20.0, 20.0, 20.0, 20.0, 20.0, 20.0, 20.0, 20.0, 20.0, 20.0, 20.0, 20.0, 20.0, 20.0, 20.0, 20.0, 20.0, 20.0, 20.0, 20.0, 20.0, 20.0, 20.0, 20.0, 20.0, 20.0, 20.0, 20.0]",-0.025816835463047028,-0.08846105635166168,0.0255,-0.0471,-0.0293,-0.0022,-0.0273,-0.0049,-0.0004,-9.8101,16.087,,95.0,,,,0.4519,-0.3786,0.5896,140.04,15.0,1.225,0.0156,85.39,0.051,1,1.0,0.444,1,3,10,0.7,0.21,0,0.0,0,0
1790743367.3007529,47.397971,8.546164,-0.018000001087784767,-0.0002582408196758479,0.015926608815789223,0.009210235439240932,96.38,0.0,0.0,0.0,101.20295227050781,20.0,20.0,0.0,-147.4474375749168,0.2889890019456044,-0.014179744869548318,14.0,0.0,0.0,"[20.0, 20.0, 20.0, 20.0, 20.0, 20.0, 20.0, 20.0, 20.0, 20.0, 20.0, 20.0, 20.0, 20.0, 20.0, 20.0, 20.0, 20.0, 20.0, 20.0, 20.0, 20.0, 20.0, 20.0, 20.0, 20.0, 20.0, 20.0, 20.0, 20.0, 20.0, 20.0, 20.0, 20.0, 20.0, 20.0, 20.0, 20.0, 20.0, 20.0, 20.0, 20.0, 20.0, 20.0, 20.0, 20.0, 20.0, 20.0, 20.0, 20.0, 20.0, 20.0, 20.0, 20.0, 20.0, 20.0, 20.0, 20.0, 20.0, 20.0, 20.0, 20.0, 20.0, 20.0, 20.0, 20.0, 20.0, 20.0, 20.0, 20.0, 20.0, 20.0]",-0.025816835463047028,-0.08846105635166168,0.0291,-0.0485,-0.0715,-0.0323,-0.04,-0.0041,-0.0116,-9.8129,16.087,,95.0,,,,0.3934,-0.2644,0.4741,146.09,15.0,1.225,0.0159,90.93,0.052,1,1.2,0.445,1,3,10,0.7,0.195,0,0.0,0,0
1790743367.5014439,47.397971,8.5461641,-0.01900000125169754,-0.0001630277547519654,0.01773979142308235,0.008748028427362442,96.39,0.0,0.0,0.0,101.20956481933592,20.0,20.0,0.0,-148.20845992881198,0.3461279535023481,-0.015954842853924865,14.0,0.0,0.0,"[20.0, 20.0, 20.0, 20.0, 20.0, 20.0, 20.0, 20.0, 20.0, 20.0, 20.0, 20.0, 20.0, 20.0, 20.0, 20.0, 20.0, 20.0, 20.0, 20.0, 20.0, 20.0, 20.0, 20.0, 20.0, 20.0, 20.0, 20.0, 20.0, 20.0, 20.0, 20.0, 20.0, 20.0, 20.0, 20.0, 20.0, 20.0, 20.0, 20.0, 20.0, 20.0, 20.0, 20.0, 20.0, 20.0, 20.0, 20.0, 20.0, 20.0, 20.0, 20.0, 20.0, 20.0, 20.0, 20.0, 20.0, 20.0, 20.0, 20.0, 20.0, 20.0, 20.0, 20.0, 20.0, 20.0, 20.0, 20.0, 20.0, 20.0, 20.0, 20.0]",-0.025816835463047028,-0.08846105635166168,0.0269,-0.0556,0.0143,-0.0201,0.0031,-0.013,-0.0035,-9.8143,16.087,,95.0,,,,0.3977,-0.1783,0.4358,155.85,15.0,1.225,0.0177,90.53,0.055,1,1.41,0.449,1,3,10,0.7,0.219,0,0.0,0,0
1790743367.7015014,47.397971,8.5461641,-0.017000000923871994,0.0015358590753749013,0.005463053472340107,0.0005517244571819901,96.38,0.0,0.0,0.0,101.19004905700683,20.0,20.0,0.0,-146.7863409083437,0.4074449561168722,-0.005568085782539635,14.0,0.0,0.0,"[20.0, 20.0, 20.0, 20.0, 20.0, 20.0, 20.0, 20.0, 20.0, 20.0, 20.0, 20.0, 20.0, 20.0, 20.0, 20.0, 20.0, 20.0, 20.0, 20.0, 20.0, 20.0, 20.0, 20.0, 20.0, 20.0, 20.0, 20.0, 20.0, 20.0, 20.0, 20.0, 20.0, 20.0, 20.0, 20.0, 20.0, 20.0, 20.0, 20.0, 20.0, 20.0, 20.0, 20.0, 20.0, 20.0, 20.0, 20.0, 20.0, 20.0, 20.0, 20.0, 20.0, 20.0, 20.0, 20.0, 20.0, 20.0, 20.0, 20.0, 20.0, 20.0, 20.0, 20.0, 20.0, 20.0, 20.0, 20.0, 20.0, 20.0, 20.0, 20.0]",-0.025816835463047028,-0.08846105635166168,0.0247,0.1211,-0.0721,3.5101,0.3733,-0.1281,0.0381,-9.919,16.087,,95.0,,,,0.2825,-0.2261,0.3618,141.33,15.0,1.225,0.0057,74.3,0.056,1,1.61,0.45,1,3,10,0.7,0.19,0,0.0,0,0
1790743367.9028099,47.3979711,8.546164,-0.00800000037997961,-8.469143358524889e-05,-0.026246314868330956,-0.08524563908576965,96.49000000000001,0.0,0.0,0.0,101.30448364257813,20.0,20.0,0.0,-140.8324119860527,-0.5826330064887277,0.022137827527864837,14.0,0.0,0.0,"[20.0, 20.0, 20.0, 20.0, 20.0, 20.0, 20.0, 20.0, 20.0, 20.0, 20.0, 20.0, 20.0, 20.0, 20.0, 20.0, 20.0, 20.0, 20.0, 20.0, 20.0, 20.0, 20.0, 20.0, 20.0, 20.0, 20.0, 20.0, 20.0, 20.0, 20.0, 20.0, 20.0, 20.0, 20.0, 20.0, 20.0, 20.0, 20.0, 20.0, 20.0, 20.0, 20.0, 20.0, 20.0, 20.0, 20.0, 20.0, 20.0, 20.0, 20.0, 20.0, 20.0, 20.0, 20.0, 20.0, 20.0, 20.0, 20.0, 20.0, 20.0, 20.0, 20.0, 20.0, 20.0, 20.0, 20.0, 20.0, 20.0, 20.0, 20.0, 20.0]",-0.025816835463047028,-0.08846105635166168,0.2991,1.1405,1.361,2.2687,0.4248,0.0011,-0.0022,-10.5084,16.087,,95.0,,,,0.3627,-0.1949,0.4118,151.75,15.0,1.225,0.0262,269.82,0.048,1,1.81,0.46,1,3,10,0.7,0.205,0,0.0,0,0
1790743368.1038563,47.3979711,8.5461637,0.02800000086426735,-0.005410664714872837,-0.07580873370170593,-0.24690894782543182,96.55,0.0,0.0,0.0,101.37544708251954,20.0,20.0,0.0,-121.1002734293126,-2.6762223582961364,0.05059093075996524,14.0,0.0,0.0,"[20.0, 20.0, 20.0, 20.0, 20.0, 20.0, 20.0, 20.0, 20.0, 20.0, 20.0, 20.0, 20.0, 20.0, 20.0, 20.0, 20.0, 20.0, 20.0, 20.0, 20.0, 20.0, 20.0, 20.0, 20.0, 20.0, 20.0, 20.0, 20.0, 20.0, 20.0, 20.0, 20.0, 20.0, 20.0, 20.0, 20.0, 20.0, 20.0, 20.0, 20.0, 20.0, 20.0, 20.0, 20.0, 20.0, 20.0, 20.0, 20.0, 20.0, 20.0, 20.0, 20.0, 20.0, 20.0, 20.0, 20.0, 20.0, 20.0, 20.0, 20.0, 20.0, 20.0, 20.0, 20.0, 20.0, 20.0, 20.0, 20.0, 20.0, 20.0, 20.0]",-0.025816835463047028,-0.08846105635166168,0.3869,0.9838,-0.272,-2.9044,0.211,0.0014,-0.001,-10.6748,16.087,,95.0,,,,0.3759,-0.195,0.4235,152.58,15.0,1.225,0.076,265.92,0.034,1,2.01,0.479,1,3,10,0.7,0.221,0,0.0,0,0
1790743368.3049111,47.3979711,8.5461633,0.10300000756978989,-0.010860996320843697,-0.10830750316381454,-0.4264579713344574,96.60000000000001,-0.008045600534500688,0.06953609359202774,0.0,101.42448577880862,20.0,20.0,-0.0,-68.25656645289226,-4.42920563782051,-0.01781000650231278,14.0,0.0,0.0,"[20.0, 20.0, 20.0, 20.0, 20.0, 20.0, 20.0, 20.0, 20.0, 20.0, 20.0, 20.0, 20.0, 20.0, 20.0, 20.0, 20.0, 20.0, 20.0, 20.0, 20.0, 20.0, 20.0, 20.0, 20.0, 20.0, 20.0, 20.0, 20.0, 20.0, 20.0, 20.0, 20.0, 20.0, 20.0, 20.0, 20.0, 20.0, 20.0, 20.0, 20.0, 20.0, 20.0, 20.0, 20.0, 20.0, 20.0, 20.0, 20.0, 20.0, 20.0, 20.0, 20.0, 20.0, 20.0, 20.0, 20.0, 20.0, 20.0, 20.0, 20.0, 20.0, 20.0, 20.0, 20.0, 20.0, 20.0, 20.0, 20.0, 20.0, 20.0, 20.0]",-0.025816835463047028,-0.08846105635166168,0.264,0.2914,-0.7519,-3.6896,-0.027,0.0053,-0.0123,-10.6874,16.087,,95.0,,,,0.3621,-0.2264,0.427,147.99,15.0,1.22499,0.1089,264.27,0.03,1,2.21,0.508,1,3,10,0.7,0.29,0,0.0,0,0
1790743368.505796,47.3979711,8.546162899999999,0.21700000762939453,-0.014249583706259727,-0.11175190657377243,-0.6053834557533264,96.63,-0.011545726347754573,0.09933124484824886,0.0,101.45212257385253,20.0,20.0,-0.0,-31.01863102779842,-5.153536240177202,-0.07977807901469591,14.0,0.0,0.0,"[20.0, 20.0, 20.0, 20.0, 20.0, 20.0, 20.0, 20.0, 20.0, 20.0, 20.0, 20.0, 20.0, 20.0, 20.0, 20.0, 20.0, 20.0, 20.0, 20.0, 20.0, 20.0, 20.0, 20.0, 20.0, 20.0, 20.0, 20.0, 20.0, 20.0, 20.0, 20.0, 20.0, 20.0, 20.0, 20.0, 20.0, 20.0, 20.0, 20.0, 20.0, 20.0, 20.0, 20.0, 20.0, 20.0, 20.0, 20.0, 20.0, 20.0, 20.0, 20.0, 20.0, 20.0, 20.0, 20.0, 20.0, 20.0, 20.0, 20.0, 20.0, 20.0, 20.0, 20.0, 20.0, 20.0, 20.0, 20.0, 20.0, 20.0, 20.0, 20.0]",-0.025816835463047028,-0.08846105635166168,0.1318,-0.3552,-0.6004,-2.7456,-0.041,0.0092,-0.0078,-10.6672,16.087,,95.0,,,,0.4738,-0.3224,0.5731,145.76,15.0,1.22497,0.1127,262.73,0.048,1,2.41,0.538,1,3,10,0.7,0.385,0,0.0,0,0
1790743368.7053547,47.3979711,8.546162599999999,0.367000013589859,-0.017804238945245743,-0.09181369096040726,-0.7769762277603149,96.58,-0.1071230384942958,0.770443651904198,0.0,101.38554008483885,20.0,20.0,-0.0,-16.24911673266024,-5.371524365181827,-0.07771380677502822,14.0,0.0,0.5288775172060979,"[20.0, 20.0, 20.0, 20.0, 20.0, 20.0, 20.0, 20.0, 20.0, 20.0, 20.0, 20.0, 20.0, 20.0, 20.0, 20.0, 20.0, 20.0, 20.0, 20.0, 20.0, 20.0, 20.0, 20.0, 20.0, 20.0, 20.0, 20.0, 20.0, 20.0, 20.0, 20.0, 20.0, 20.0, 20.0, 20.0, 20.0, 20.0, 20.0, 20.0, 20.0, 20.0, 20.0, 20.0, 20.0, 20.0, 20.0, 20.0, 20.0, 20.0, 20.0, 20.0, 20.0, 20.0, 20.0, 20.0, 20.0, 20.0, 20.0, 20.0, 20.0, 20.0, 20.0, 20.0, 20.0, 20.0, 20.0, 20.0, 20.0, 20.0, 20.0, 20.0]",-0.025816835463047028,-0.08846105635166168,0.0271,-0.7618,-0.4868,-1.4218,-0.0397,0.0038,-0.0037,-10.6193,16.087,,95.0,,,,0.4222,-0.2716,0.502,147.25,15.0,1.22496,0.0935,259.03,0.068,1,2.61,0.563,1,3,10,0.7,0.542,0,0.0,0,0
1790743368.9060688,47.397971,8.5461624,0.550000011920929,-0.018868742510676384,-0.05884001776576042,-0.9407303929328918,96.53,-0.1016685693988518,0.7919319542460533,0.0,101.35330131530759,20.0,20.0,-0.0,-9.726604981398282,-4.8466722499730635,-0.05120534218961563,14.0,0.0,0.2087836216987683,"[20.0, 20.0, 20.0, 20.0, 20.0, 20.0, 20.0, 20.0, 20.0, 20.0, 20.0, 20.0, 20.0, 20.0, 20.0, 20.0, 20.0, 20.0, 20.0, 20.0, 20.0, 20.0, 20.0, 20.0, 20.0, 20.0, 20.0, 20.0, 20.0, 20.0, 20.0, 20.0, 20.0, 20.0, 20.0, 20.0, 20.0, 20.0, 20.0, 20.0, 20.0, 20.0, 20.0, 20.0, 20.0, 20.0, 20.0, 20.0, 20.0, 20.0, 20.0, 20.0, 20.0, 20.0, 20.0, 20.0, 20.0, 20.0, 20.0, 20.0, 20.0, 20.0, 20.0, 20.0, 20.0, 20.0, 20.0, 20.0, 20.0, 20.0, 20.0, 20.0]",-0.025816835463047028,-0.08846105635166168,-0.0598,-0.926,-0.3595,-0.1472,-0.1478,-0.0015,-0.0087,-10.5965,16.027,,92.0,,,,0.4177,-0.3033,0.5162,144.02,15.0,1.22494,0.0618,252.22,0.082,1,2.81,0.579,1,3,10,0.7,0.725,0,0.0,0,0
1790743369.1066885,47.397971,8.546162299999999,0.7600000500679016,-0.01765597052872181,-0.020806048065423965,-1.0393725633621216,96.53,-0.09934483524865705,0.7993920724396795,0.0,101.34562805175779,20.0,20.0,-0.0,-6.893504105074925,-3.7964981679595167,-0.016138862443748632,14.0,0.0,0.09189521255136156,"[20.0, 20.0, 20.0, 20.0, 20.0, 20.0, 20.0, 20.0, 20.0, 20.0, 20.0, 20.0, 20.0, 20.0, 20.0, 20.0, 20.0, 20.0, 20.0, 20.0, 20.0, 20.0, 20.0, 20.0, 20.0, 20.0, 20.0, 20.0, 20.0, 20.0, 20.0, 20.0, 20.0, 20.0, 20.0, 20.0, 20.0, 20.0, 20.0, 20.0, 20.0, 20.0, 20.0, 20.0, 20.0, 20.0, 20.0, 20.0, 20.0, 20.0, 20.0, 20.0, 20.0, 20.0, 20.0, 20.0, 20.0, 20.0, 20.0, 20.0, 20.0, 20.0, 20.0, 20.0, 20.0, 20.0, 20.0, 20.0, 20.0, 20.0, 20.0, 20.0]",-0.025816835463047028,-0.08846105635166168,-0.1098,-0.8754,-0.1527,0.6852,-0.1043,-0.0053,-0.013,-9.8859,16.027,,92.0,,,,0.4445,-0.4171,0.6096,136.82,15.0,1.22491,0.0273,229.68,0.085,1,3.01,0.584,1,3,10,0.7,0.916,0,0.0,0,0
1790743369.3067236,47.397971,8.5461624,0.9770000576972961,-0.014830111525952816,0.012362253852188587,-1.065370798110962,96.54,-0.1002387326504052,0.8169722905679321,0.0,101.34079650878908,20.0,20.0,-0.0,-5.668634096355731,-2.5433273348227377,0.015218824181167706,14.0,0.0,0.03663861761328834,"[20.0, 20.0, 20.0, 20.0, 20.0, 20.0, 20.0, 20.0, 20.0, 20.0, 20.0, 20.0, 20.0, 20.0, 20.0, 20.0, 20.0, 20.0, 20.0, 20.0, 20.0, 20.0, 20.0, 20.0, 20.0, 20.0, 20.0, 20.0, 20.0, 20.0, 20.0, 20.0, 20.0, 20.0, 20.0, 20.0, 20.0, 20.0, 20.0, 20.0, 20.0, 20.0, 20.0, 20.0, 20.0, 20.0, 20.0, 20.0, 20.0, 20.0, 20.0, 20.0, 20.0, 20.0, 20.0, 20.0, 20.0, 20.0, 20.0, 20.0, 20.0, 20.0, 20.0, 20.0, 20.0, 20.0, 20.0, 20.0, 20.0, 20.0, 20.0, 20.0]",-0.025816835463047028,-0.08846105635166168,-0.1129,-0.6898,0.1144,1.1612,-0.0467,-0.0042,-0.0072,-9.9907,16.027,,92.0,,,,0.4234,-0.3672,0.5604,139.06,14.99,1.22489,0.0193,140.19,0.079,1,3.21,0.59,1,3,10,0.7,1.132,0,0.0,0,0
1790743369.5076933,47.397971,8.5461625,1.196000099182129,-0.01121994387358427,0.036891061812639236,-1.1044126749038696,96.56,-0.10045239898915062,0.8152018134034773,0.0,101.38331275939942,20.0,20.0,-0.0,-5.790342783668791,-1.3236628813049094,0.03843714968503266,14.0,0.0,0.003697394433323673,"[20.0, 20.0, 20.0, 20.0, 20.0, 20.0, 20.0, 20.0, 20.0, 20.0, 20.0, 20.0, 20.0, 20.0, 20.0, 20.0, 20.0, 20.0, 20.0, 20.0, 20.0, 20.0, 20.0, 20.0, 20.0, 20.0, 20.0, 20.0, 20.0, 20.0, 20.0, 20.0, 20.0, 20.0, 20.0, 20.0, 20.0, 20.0, 20.0, 20.0, 20.0, 20.0, 20.0, 20.0, 20.0, 20.0, 20.0, 20.0, 20.0, 20.0, 20.0, 20.0, 20.0, 20.0, 20.0, 20.0, 20.0, 20.0, 20.0, 20.0, 20.0, 20.0, 20.0, 20.0, 20.0, 20.0, 20.0, 20.0, 20.0, 20.0, 20.0, 20.0]",-0.025816835463047028,-0.08846105635166168,-0.0956,-0.4554,0.1752,1.188,-0.0854,-0.0083,-0.0047,-10.0183,16.027,,92.0,,,,0.4143,-0.2366,0.4771,150.27,14.99,1.22486,0.0386,106.92,0.068,1,3.41,0.601,1,3,10,0.7,1.341,0,0.0,0,0
1790743369.7081795,47.3979709,8.5461627,1.4230000972747803,-0.008308012038469315,0.051149848848581314,-1.1454232931137085,96.57000000000001,-0.10012995758546664,0.8043722066849642,0.0,101.379814453125,20.0,20.0,-0.0,-6.544062239521992,-0.45855491511671465,0.05170088439096465,14.0,0.0,0.022598073306128463,"[20.0, 20.0, 20.0, 20.0, 20.0, 20.0, 20.0, 20.0, 20.0, 20.0, 20.0, 20.0, 20.0, 20.0, 20.0, 20.0, 20.0, 20.0, 20.0, 20.0, 20.0, 20.0, 20.0, 20.0, 20.0, 20.0, 20.0, 20.0, 20.0, 20.0, 20.0, 20.0, 20.0, 20.0, 20.0, 20.0, 20.0, 20.0, 20.0, 20.0, 20.0, 20.0, 20.0, 20.0, 20.0, 20.0, 20.0, 20.0, 20.0, 20.0, 20.0, 20.0, 20.0, 20.0, 20.0, 20.0, 20.0, 20.0, 20.0, 20.0, 20.0, 20.0, 20.0, 20.0, 20.0, 20.0, 20.0, 20.0, 20.0, 20.0, 20.0, 20.0]",-0.025816835463047028,-0.08846105635166168,-0.0642,-0.2359,0.1314,0.9627,-0.0352,-0.0049,-0.0077,-10.0043,16.027,,92.0,,,,0.4593,-0.0543,0.4625,173.25,14.99,1.22483,0.0518,99.23,0.056,1,3.61,0.614,1,3,10,0.7,1.537,0,0.0,0,0
1790743369.909954,47.3979709,8.546162899999999,1.6570000648498535,-0.006793953012675047,0.05540201812982559,-1.184011459350586,96.63,-0.10165930752283368,0.8201032185793231,0.0,101.45502937316894,20.0,20.0,-0.0,-5.437356991472598,-0.06721798301021059,0.05559812596036044,14.0,0.0,0.03329108752232191,"[20.0, 20.0, 20.0, 20.0, 20.0, 20.0, 20.0, 20.0, 20.0, 20.0, 20.0, 20.0, 20.0, 20.0, 20.0, 20.0, 20.0, 20.0, 20.0, 20.0, 20.0, 20.0, 20.0, 20.0, 20.0, 20.0, 20.0, 20.0, 20.0, 20.0, 20.0, 20.0, 20.0, 20.0, 20.0, 20.0, 20.0, 20.0, 20.0, 20.0, 20.0, 20.0, 20.0, 20.0, 20.0, 20.0, 20.0, 20.0, 20.0, 20.0, 20.0, 20.0, 20.0, 20.0, 20.0, 20.0, 20.0, 20.0, 20.0, 20.0, 20.0, 20.0, 20.0, 20.0, 20.0, 20.0, 20.0, 20.0, 20.0, 20.0, 20.0, 20.0]",-0.025816835463047028,-0.08846105635166168,-0.0553,-0.0704,-0.0425,0.6394,-0.0476,-0.0032,-0.0128,-9.9985,16.027,,92.0,,,,0.3612,0.1288,0.3834,199.62,14.99,1.22481,0.0558,96.99,0.043,1,3.81,0.626,1,3,10,0.7,1.786,0,0.0,0,0
1790743370.1104789,47.3979709,8.546163,1.8990000486373901,-0.005157219711691141,0.05340637266635895,-1.2189784049987793,96.67,-0.10400625077008378,0.8709886485848443,0.0,98.41375858932918,20.0,20.0,-0.0,-1.7437585893291612,0.2064308112093073,0.05358617928518074,14.0,0.0,0.12078110019972374,"[20.0, 20.0, 20.0, 20.0, 20.0, 20.0, 20.0, 20.0, 20.0, 20.0, 20.0, 20.0, 20.0, 20.0, 20.0, 20.0, 20.0, 20.0, 20.0, 20.0, 20.0, 20.0, 20.0, 20.0, 20.0, 20.0, 20.0, 20.0, 20.0, 20.0, 20.0, 20.0, 20.0, 20.0, 20.0, 20.0, 20.0, 20.0, 20.0, 20.0, 20.0, 20.0, 20.0, 20.0, 20.0, 20.0, 20.0, 20.0, 20.0, 20.0, 20.0, 20.0, 20.0, 20.0, 20.0, 20.0, 20.0, 20.0, 20.0, 20.0, 20.0, 20.0, 20.0, 20.0, 20.0, 20.0, 20.0, 20.0, 20.0, 20.0, 20.0, 20.0]",-0.025816835463047028,-0.08846105635166168,-0.0696,0.0323,-0.1226,0.2822,-0.0716,-0.0105,-0.0023,-9.9799,16.027,,92.0,,,,0.301,0.0992,0.3169,198.24,14.99,1.22478,0.0537,95.52,0.033,1,4.01,0.637,1,3,10,0.7,2.046,0,0.0,0,0
1790743370.3108544,47.397970799999996,8.5461631,2.1750001907348633,-0.004282258916646242,0.04625687003135681,-1.2501877546310425,96.68,-0.08169821729900811,0.7937255647405649,0.0,91.86565368652344,20.0,20.0,0.0,9.940187279285169,0.2153544097829556,0.04593847338407018,14.0,0.0,0.3878775536783169,"[20.0, 20.0, 20.0, 20.0, 20.0, 20.0, 20.0, 20.0, 20.0, 20.0, 20.0, 20.0, 20.0, 20.0, 20.0, 20.0, 20.0, 20.0, 20.0, 20.0, 20.0, 20.0, 20.0, 20.0, 20.0, 20.0, 20.0, 20.0, 20.0, 20.0, 20.0, 20.0, 20.0, 20.0, 20.0, 20.0, 20.0, 20.0, 20.0, 20.0, 20.0, 20.0, 20.0, 20.0, 20.0, 20.0, 20.0, 20.0, 20.0, 20.0, 20.0, 20.0, 20.0, 20.0, 20.0, 20.0, 20.0, 20.0, 20.0, 20.0, 20.0, 20.0, 20.0, 20.0, 20.0, 20.0, 20.0, 20.0, 20.0, 20.0, 20.0, 20.0]",-0.025816835463047028,-0.08846105635166168,-0.1013,0.0666,-0.3297,-0.0442,-0.0946,-0.0083,0.0006,-9.9635,16.027,,92.0,,,,0.4412,0.0887,0.45,191.36,14.99,1.22474,0.0465,95.29,0.027,1,4.21,0.645,1,3,10,0.7,2.264,0,0.0,0,0
1790743370.5113776,47.397970699999995,8.5461631,2.4280002117156982,-0.0019520936766639352,0.038378164172172546,-1.2781274318695068,96.67,-0.024356397854642112,0.2178988871513257,0.0,91.86813919067384,20.0,20.0,0.0,25.541128082941043,0.4810382243909405,0.035683892477758127,14.0,0.0,0.29390291194785745,"[20.0, 20.0, 20.0, 20.0, 20.0, 20.0, 20.0, 20.0, 20.0, 20.0, 20.0, 20.0, 20.0, 20.0, 20.0, 20.0, 20.0, 20.0, 20.0, 20.0, 20.0, 20.0, 20.0, 20.0, 20.0, 20.0, 20.0, 20.0, 20.0, 20.0, 20.0, 20.0, 20.0, 20.0, 20.0, 20.0, 20.0, 20.0, 20.0, 20.0, 20.0, 20.0, 20.0, 20.0, 20.0, 20.0, 20.0, 20.0, 20.0, 20.0, 20.0, 20.0, 20.0, 20.0, 20.0, 20.0, 20.0, 20.0, 20.0, 20.0, 20.0, 20.0, 20.0, 20.0, 20.0, 20.0, 20.0, 20.0, 20.0, 20.0, 20.0, 20.0]",-0.025816835463047028,-0.08846105635166168,-0.157,0.0434,-0.277,-0.2527,0.0271,-0.0076,-0.0055,-9.96,16.027,,92.0,,,,0.4317,0.2717,0.5101,212.19,14.98,1.22471,0.0384,92.91,0.025,1,4.41,0.653,1,3,10,0.7,2.544,0,0.0,0,0
1790743370.7120202,47.397970699999995,8.5461631,2.687000036239624,0.0027576887514442205,0.0322456955909729,-1.3036725521087646,96.65,-0.011580398789098719,0.09932720857793921,0.0,91.82701339721677,20.0,20.0,0.0,38.21552216718999,1.2361203516856345,0.028918266227351316,14.0,0.0,0.032480379658421245,"[20.0, 20.0, 20.0, 20.0, 20.0, 20.0, 20.0, 20.0, 20.0, 20.0, 20.0, 20.0, 20.0, 20.0, 20.0, 20.0, 20.0, 20.0, 20.0, 20.0, 20.0, 20.0, 20.0, 20.0, 20.0, 20.0, 20.0, 20.0, 20.0, 20.0, 20.0, 20.0, 20.0, 20.0, 20.0, 20.0, 20.0, 20.0, 20.0, 20.0, 20.0, 20.0, 20.0, 20.0, 20.0, 20.0, 20.0, 20.0, 20.0, 20.0, 20.0, 20.0, 20.0, 20.0, 20.0, 20.0, 20.0, 20.0, 20.0, 20.0, 20.0, 20.0, 20.0, 20.0, 20.0, 20.0, 20.0, 20.0, 20.0, 20.0, 20.0, 20.0]",-0.025816835463047028,-0.08846105635166168,-0.1997,0.0075,-0.1262,-0.3164,-0.0027,-0.0113,-0.0038,-9.9373,16.027,,92.0,,,,0.4105,0.3416,0.534,219.77,14.98,1.22468,0.0324,85.11,0.025,1,4.62,0.658,1,3,10,0.7,2.827,0,0.0,0,0
1790743370.913395,47.397970699999995,8.546163199999999,2.951000213623047,0.007648097816854715,0.029473837465047836,-1.326485276222229,96.64,-0.008094143921179494,0.06953045975817528,0.0,91.81311668395995,20.0,20.0,0.0,50.40259868007388,2.100834295733751,0.026576330012066086,14.0,0.0,0.0,"[20.0, 20.0, 20.0, 20.0, 20.0, 20.0, 20.0, 20.0, 20.0, 20.0, 20.0, 20.0, 20.0, 20.0, 20.0, 20.0, 20.0, 20.0, 20.0, 20.0, 20.0, 20.0, 20.0, 20.0, 20.0, 20.0, 20.0, 20.0, 20.0, 20.0, 20.0, 20.0, 20.0, 20.0, 20.0, 20.0, 20.0, 20.0, 20.0, 20.0, 20.0, 20.0, 20.0, 20.0, 20.0, 20.0, 20.0, 20.0, 20.0, 20.0, 20.0, 20.0, 20.0, 20.0, 20.0, 20.0, 20.0, 20.0, 20.0, 20.0, 20.0, 20.0, 20.0, 20.0, 20.0, 20.0, 20.0, 20.0, 20.0, 20.0, 20.0, 20.0]",-0.025816835463047028,-0.08846105635166168,-0.2144,-0.0211,-0.133,-0.0305,-0.0584,-0.0032,-0.0025,-9.9243,15.967,,89.0,,,,0.5067,0.4355,0.6682,220.68,14.98,1.22465,0.0304,75.45,0.026,1,4.82,0.664,1,3,10,0.7,3.058,0,0.0,0,0
1790743371.1141617,47.3979706,8.546163199999999,3.2190001010894775,0.012867549434304237,0.027987122535705566,-1.346015453338623,96.64,-0.008094143921179494,0.06953045975817528,0.0,91.81272758483885,20.0,20.0,0.0,63.050522970362636,3.056197392693174,0.02620251838285548,14.0,0.0,0.0,"[20.0, 20.0, 20.0, 20.0, 20.0, 20.0, 20.0, 20.0, 20.0, 20.0, 20.0, 20.0, 20.0, 20.0, 20.0, 20.0, 20.0, 20.0, 20.0, 20.0, 20.0, 20.0, 20.0, 20.0, 20.0, 20.0, 20.0, 20.0, 20.0, 20.0, 20.0, 20.0, 20.0, 20.0, 20.0, 20.0, 20.0, 20.0, 20.0, 20.0, 20.0, 20.0, 20.0, 20.0, 20.0, 20.0, 20.0, 20.0, 20.0, 20.0, 20.0, 20.0, 20.0, 20.0, 20.0, 20.0, 20.0, 20.0, 20.0, 20.0, 20.0, 20.0, 20.0, 20.0, 20.0, 20.0, 20.0, 20.0, 20.0, 20.0, 20.0, 20.0]",-0.025816835463047028,-0.08846105635166168,-0.2255,-0.017,-0.0822,0.0612,-0.0197,-0.0134,-0.0009,-9.9224,15.967,,89.0,,,,0.5361,0.3318,0.6304,211.75,14.98,1.22462,0.0308,65.31,0.028,1,5.02,0.67,1,3,10,0.7,3.318,0,0.0,0,0
1790743371.314397,47.3979706,8.5461633,3.492000102996826,0.02061629854142666,0.027503950521349907,-1.3645691871643066,96.64,-0.008094143921179494,0.06953045975817528,0.0,91.83748687744139,20.0,20.0,0.0,74.78464636646183,4.509072292902835,0.029373284565660303,14.0,0.0,0.0,"[20.0, 20.0, 20.0, 20.0, 20.0, 20.0, 20.0, 20.0, 20.0, 20.0, 20.0, 20.0, 20.0, 20.0, 20.0, 20.0, 20.0, 20.0, 20.0, 20.0, 20.0, 20.0, 20.0, 20.0, 20.0, 20.0, 20.0, 20.0, 20.0, 20.0, 20.0, 20.0, 20.0, 20.0, 20.0, 20.0, 20.0, 20.0, 20.0, 20.0, 20.0, 20.0, 20.0, 20.0, 20.0, 20.0, 20.0, 20.0, 20.0, 20.0, 20.0, 20.0, 20.0, 20.0, 20.0, 20.0, 20.0, 20.0, 20.0, 20.0, 20.0, 20.0, 20.0, 20.0, 20.0, 20.0, 20.0, 20.0, 20.0, 20.0, 20.0, 20.0]",-0.025816835463047028,-0.08846105635166168,-0.2069,0.0117,0.2045,0.1503,-0.0257,-0.0092,0.0036,-9.8947,15.967,,89.0,,,,0.4577,0.2452,0.5193,208.17,14.98,1.22459,0.0344,53.15,0.025,1,5.22,0.676,1,3,10,0.7,3.597,0,0.0,0,0
1790743371.515548,47.3979706,8.5461634,3.769000291824341,0.027047593146562576,0.025570198893547058,-1.3807685375213623,96.62,-0.0028167058143849094,0.024269874314529725,0.0,91.79611503601075,20.0,20.0,0.0,87.53028457278225,5.675625029859883,0.03074753544267571,14.0,0.0,0.0,"[20.0, 20.0, 20.0, 20.0, 20.0, 20.0, 20.0, 20.0, 20.0, 20.0, 20.0, 20.0, 20.0, 20.0, 20.0, 20.0, 20.0, 20.0, 20.0, 20.0, 20.0, 20.0, 20.0, 20.0, 20.0, 20.0, 20.0, 20.0, 20.0, 20.0, 20.0, 20.0, 20.0, 20.0, 20.0, 20.0, 20.0, 20.0, 20.0, 20.0, 20.0, 20.0, 20.0, 20.0, 20.0, 20.0, 20.0, 20.0, 20.0, 20.0, 20.0, 20.0, 20.0, 20.0, 20.0, 20.0, 20.0, 20.0, 20.0, 20.0, 20.0, 20.0, 20.0, 20.0, 20.0, 20.0, 20.0, 20.0, 20.0, 20.0, 20.0, 20.0]",-0.025816835463047028,-0.08846105635166168,-0.1397,0.0479,0.3443,0.1771,-0.0746,-0.0199,-0.0057,-9.9018,15.967,,89.0,,,,0.492,0.4014,0.635,219.21,14.98,1.22456,0.0372,43.39,0.02,1,5.42,0.683,1,3,10,0.7,3.85,0,0.0,0,0
1790743371.7167325,47.397970699999995,8.5461635,4.048000335693359,0.03178820759057999,0.022635074332356453,-1.3952667713165283,96.62,0.0,0.0,0.0,91.80511581420899,20.0,20.0,0.0,109.34465700971953,6.500950131239055,0.026021746929022045,14.0,0.0,0.0,"[20.0, 20.0, 20.0, 20.0, 20.0, 20.0, 20.0, 20.0, 20.0, 20.0, 20.0, 20.0, 20.0, 20.0, 20.0, 20.0, 20.0, 20.0, 20.0, 20.0, 20.0, 20.0, 20.0, 20.0, 20.0, 20.0, 20.0, 20.0, 20.0, 20.0, 20.0, 20.0, 20.0, 20.0, 20.0, 20.0, 20.0, 20.0, 20.0, 20.0, 20.0, 20.0, 20.0, 20.0, 20.0, 20.0, 20.0, 20.0, 20.0, 20.0, 20.0, 20.0, 20.0, 20.0, 20.0, 20.0, 20.0, 20.0, 20.0, 20.0, 20.0, 20.0, 20.0, 20.0, 20.0, 20.0, 20.0, 20.0, 20.0, 20.0, 20.0, 20.0]",-0.025816835463047028,-0.08846105635166168,-0.0536,0.0736,0.4582,0.14,0.0032,-0.0071,-0.001,-9.884,15.967,,89.0,,,,0.5577,0.3454,0.656,211.77,14.97,1.22452,0.039,35.45,0.015,1,5.62,0.692,1,3,10,0.7,4.154,0,0.0,0,0
1790743371.9174066,47.397970799999996,8.5461636,4.328999996185303,0.03425796702504158,0.020749060437083244,-1.40846848487854,96.66,0.0,0.0,0.0,91.83370605468747,20.0,20.0,0.0,162.88332552598888,6.9243220122579645,-0.005176080983451913,14.0,0.0,0.0,"[20.0, 20.0, 20.0, 20.0, 20.0, 20.0, 20.0, 20.0, 20.0, 20.0, 20.0, 20.0, 20.0, 20.0, 20.0, 20.0, 20.0, 20.0, 20.0, 20.0, 20.0, 20.0, 20.0, 20.0, 20.0, 20.0, 20.0, 20.0, 20.0, 20.0, 20.0, 20.0, 20.0, 20.0, 20.0, 20.0, 20.0, 20.0, 20.0, 20.0, 20.0, 20.0, 20.0, 20.0, 20.0, 20.0, 20.0, 20.0, 20.0, 20.0, 20.0, 20.0, 20.0, 20.0, 20.0, 20.0, 20.0, 20.0, 20.0, 20.0, 20.0, 20.0, 20.0, 20.0, 20.0, 20.0, 20.0, 20.0, 20.0, 20.0, 20.0, 20.0]",-0.025816835463047028,-0.08846105635166168,0.0424,0.1127,0.4945,0.3252,0.0067,-0.0096,-0.0084,-9.8681,15.967,,89.0,,,,0.6348,0.3784,0.739,210.8,14.97,1.22449,0.0401,31.2,0.013,1,5.82,0.704,1,3,10,0.7,4.433,0,0.0,0,0
1790743372.117897,47.3979709,8.5461637,4.613000392913818,0.03416220471262932,0.01620856113731861,-1.419813871383667,96.68,0.0,0.0,0.0,101.50305526733399,20.0,20.0,0.0,-159.21906660960119,6.80807820040927,-0.02404313118963288,14.0,0.0,0.0,"[20.0, 20.0, 20.0, 20.0, 20.0, 20.0, 20.0, 20.0, 20.0, 20.0, 20.0, 20.0, 20.0, 20.0, 20.0, 20.0, 20.0, 20.0, 20.0, 20.0, 20.0, 20.0, 20.0, 20.0, 20.0, 20.0, 20.0, 20.0, 20.0, 20.0, 20.0, 20.0, 20.0, 20.0, 20.0, 20.0, 20.0, 20.0, 20.0, 20.0, 20.0, 20.0, 20.0, 20.0, 20.0, 20.0, 20.0, 20.0, 20.0, 20.0, 20.0, 20.0, 20.0, 20.0, 20.0, 20.0, 20.0, 20.0, 20.0, 20.0, 20.0, 20.0, 20.0, 20.0, 20.0, 20.0, 20.0, 20.0, 20.0, 20.0, 20.0, 20.0]",-0.025816835463047028,-0.08846105635166168,0.1422,0.1568,0.5483,0.144,0.0742,-0.0094,-0.0003,-9.8638,15.967,,89.0,,,,0.5252,0.2549,0.5838,205.89,14.97,1.22446,0.0378,25.38,0.02,1,6.02,0.716,1,3,10,0.7,4.689,0,0.0,0,0
1790743372.318152,47.397971,8.5461637,4.89900016784668,0.031172046437859535,0.00894845463335514,-1.4302797317504883,96.68,0.0,0.0,0.0,101.485082321167,20.0,20.0,0.0,-139.47574718544416,6.0887830267982785,-0.02479305415545832,14.0,0.0,0.0,"[20.0, 20.0, 20.0, 20.0, 20.0, 20.0, 20.0, 20.0, 20.0, 20.0, 20.0, 20.0, 20.0, 20.0, 20.0, 20.0, 20.0, 20.0, 20.0, 20.0, 20.0, 20.0, 20.0, 20.0, 20.0, 20.0, 20.0, 20.0, 20.0, 20.0, 20.0, 20.0, 20.0, 20.0, 20.0, 20.0, 20.0, 20.0, 20.0, 20.0, 20.0, 20.0, 20.0, 20.0, 20.0, 20.0, 20.0, 20.0, 20.0, 20.0, 20.0, 20.0, 20.0, 20.0, 20.0, 20.0, 20.0, 20.0, 20.0, 20.0, 20.0, 20.0, 20.0, 20.0, 20.0, 20.0, 20.0, 20.0, 20.0, 20.0, 20.0, 20.0]",-0.025816835463047028,-0.08846105635166168,0.228,0.1631,0.4056,-0.0423,-0.1237,-0.0083,0.0036,-9.866,15.967,,89.0,,,,0.3568,0.3028,0.4679,220.32,14.97,1.22442,0.0324,16.02,0.027,1,6.22,0.728,1,3,10,0.7,4.972,0,0.0,0,0
1790743372.5193803,47.3979711,8.5461638,5.189000129699707,0.024985510855913162,0.0005369993741624057,-1.4411603212356567,96.68,0.0,0.0,0.0,101.50056617736817,20.0,20.0,0.0,-125.50429175647128,4.740569232643389,-0.018874586359391637,14.0,0.0,0.0,"[20.0, 20.0, 20.0, 20.0, 20.0, 20.0, 20.0, 20.0, 20.0, 20.0, 20.0, 20.0, 20.0, 20.0, 20.0, 20.0, 20.0, 20.0, 20.0, 20.0, 20.0, 20.0, 20.0, 20.0, 20.0, 20.0, 20.0, 20.0, 20.0, 20.0, 20.0, 20.0, 20.0, 20.0, 20.0, 20.0, 20.0, 20.0, 20.0, 20.0, 20.0, 20.0, 20.0, 20.0, 20.0, 20.0, 20.0, 20.0, 20.0, 20.0, 20.0, 20.0, 20.0, 20.0, 20.0, 20.0, 20.0, 20.0, 20.0, 20.0, 20.0, 20.0, 20.0, 20.0, 20.0, 20.0, 20.0, 20.0, 20.0, 20.0, 20.0, 20.0]",-0.025816835463047028,-0.08846105635166168,0.301,0.1275,0.3464,-0.2259,-0.1144,-0.0041,0.0015,-9.8464,15.967,,89.0,,,,0.2496,0.2505,0.3536,225.1,14.97,1.22439,0.025,1.23,0.036,1,6.42,0.739,1,3,10,0.7,5.225,0,0.0,0,0
1790743372.7197077,47.3979711,8.5461637,5.478000164031982,0.015488388948142529,-0.005922159180045128,-1.4487308263778687,96.66,0.0,0.0,0.0,101.46171203613278,20.0,20.0,0.0,-119.29756255817405,2.804684545473834,-0.009059701196889295,14.0,0.0,0.0,"[20.0, 20.0, 20.0, 20.0, 20.0, 20.0, 20.0, 20.0, 20.0, 20.0, 20.0, 20.0, 20.0, 20.0, 20.0, 20.0, 20.0, 20.0, 20.0, 20.0, 20.0, 20.0, 20.0, 20.0, 20.0, 20.0, 20.0, 20.0, 20.0, 20.0, 20.0, 20.0, 20.0, 20.0, 20.0, 20.0, 20.0, 20.0, 20.0, 20.0, 20.0, 20.0, 20.0, 20.0, 20.0, 20.0, 20.0, 20.0, 20.0, 20.0, 20.0, 20.0, 20.0, 20.0, 20.0, 20.0, 20.0, 20.0, 20.0, 20.0, 20.0, 20.0, 20.0, 20.0, 20.0, 20.0, 20.0, 20.0, 20.0, 20.0, 20.0, 20.0]",-0.025816835463047028,-0.08846105635166168,0.3308,0.0789,0.0072,-0.2587,-0.1052,-0.0034,-0.0049,-9.8414,15.907,,85.0,,,,0.06,0.3031,0.309,258.81,14.96,1.22436,0.0166,339.08,0.039,1,6.62,0.744,1,3,10,0.7,5.516,0,0.0,0,0
1790743372.920314,47.3979711,8.5461637,5.766000270843506,0.002876905258744955,-0.010660503059625626,-1.4551397562026978,96.61,0.0,0.0,0.0,101.43613372802736,20.0,20.0,0.0,-116.4811808117707,0.3114272782114858,0.003410067759795396,14.0,0.0,0.0,"[20.0, 20.0, 20.0, 20.0, 20.0, 20.0, 20.0, 20.0, 20.0, 20.0, 20.0, 20.0, 20.0, 20.0, 20.0, 20.0, 20.0, 20.0, 20.0, 20.0, 20.0, 20.0, 20.0, 20.0, 20.0, 20.0, 20.0, 20.0, 20.0, 20.0, 20.0, 20.0, 20.0, 20.0, 20.0, 20.0, 20.0, 20.0, 20.0, 20.0, 20.0, 20.0, 20.0, 20.0, 20.0, 20.0, 20.0, 20.0, 20.0, 20.0, 20.0, 20.0, 20.0, 20.0, 20.0, 20.0, 20.0, 20.0, 20.0, 20.0, 20.0, 20.0, 20.0, 20.0, 20.0, 20.0, 20.0, 20.0, 20.0, 20.0, 20.0, 20.0]",-0.025816835463047028,-0.08846105635166168,0.2824,0.0264,-0.4627,-0.1793,-0.1225,-0.0119,-0.0008,-9.8442,15.907,,85.0,,,,0.08,0.3029,0.3133,255.21,14.96,1.22432,0.011,285.1,0.037,1,6.82,0.747,1,3,10,0.7,5.805,0,0.0,0,0
1790743373.121171,47.3979711,8.5461637,6.056000232696533,-0.007094689179211855,-0.013190437108278275,-1.4618579149246216,96.57000000000001,0.0,0.0,0.0,101.39179641723632,20.0,20.0,0.0,-114.96894900133822,-1.6338822796931238,0.012946323835714627,14.0,0.0,0.0,"[20.0, 20.0, 20.0, 20.0, 20.0, 20.0, 20.0, 20.0, 20.0, 20.0, 20.0, 20.0, 20.0, 20.0, 20.0, 20.0, 20.0, 20.0, 20.0, 20.0, 20.0, 20.0, 20.0, 20.0, 20.0, 20.0, 20.0, 20.0, 20.0, 20.0, 20.0, 20.0, 20.0, 20.0, 20.0, 20.0, 20.0, 20.0, 20.0, 20.0, 20.0, 20.0, 20.0, 20.0, 20.0, 20.0, 20.0, 20.0, 20.0, 20.0, 20.0, 20.0, 20.0, 20.0, 20.0, 20.0, 20.0, 20.0, 20.0, 20.0, 20.0, 20.0, 20.0, 20.0, 20.0, 20.0, 20.0, 20.0, 20.0, 20.0, 20.0, 20.0]",-0.025816835463047028,-0.08846105635166168,0.1665,-0.0194,-0.6656,-0.2423,-0.034,-0.0047,-0.0022,-9.8368,15.907,,85.0,,,,0.053,0.4065,0.4099,262.58,14.96,1.22429,0.015,241.73,0.032,1,7.02,0.753,1,3,10,0.7,6.086,0,0.0,0,0
1790743373.3216124,47.397971,8.5461636,6.3460001945495605,-0.011028522625565529,-0.01428582426160574,-1.4675265550613403,96.59,0.0,0.0,0.0,101.39520820617679,20.0,20.0,0.0,-110.93647444425842,-2.404084640798295,0.01638237896327431,14.0,0.0,0.0,"[20.0, 20.0, 20.0, 20.0, 20.0, 20.0, 20.0, 20.0, 20.0, 20.0, 20.0, 20.0, 20.0, 20.0, 20.0, 20.0, 20.0, 20.0, 20.0, 20.0, 20.0, 20.0, 20.0, 20.0, 20.0, 20.0, 20.0, 20.0, 20.0, 20.0, 20.0, 20.0, 20.0, 20.0, 20.0, 20.0, 20.0, 20.0, 20.0, 20.0, 20.0, 20.0, 20.0, 20.0, 20.0, 20.0, 20.0, 20.0, 20.0, 20.0, 20.0, 20.0, 20.0, 20.0, 20.0, 20.0, 20.0, 20.0, 20.0, 20.0, 20.0, 20.0, 20.0, 20.0, 20.0, 20.0, 20.0, 20.0, 20.0, 20.0, 20.0, 20.0]",-0.025816835463047028,-0.08846105635166168,0.0535,-0.0575,-0.4218,-0.134,0.0876,-0.0077,-0.0082,-9.8451,15.907,,85.0,,,,0.0599,0.2479,0.255,256.42,14.96,1.22425,0.018,232.33,0.025,1,7.23,0.759,1,3,10,0.7,6.403,0,0.0,0,0
1790743373.5231545,47.397971,8.5461635,6.63800048828125,-0.010120555758476257,-0.013688474893569946,-1.4732221364974976,96.65,0.0,0.0,0.0,101.46902122497556,20.0,20.0,0.0,-101.1154866537279,-2.2215126833893626,0.013814591401256526,14.0,0.0,0.0,"[20.0, 20.0, 20.0, 20.0, 20.0, 20.0, 20.0, 20.0, 20.0, 20.0, 20.0, 20.0, 20.0, 20.0, 20.0, 20.0, 20.0, 20.0, 20.0, 20.0, 20.0, 20.0, 20.0, 20.0, 20.0, 20.0, 20.0, 20.0, 20.0, 20.0, 20.0, 20.0, 20.0, 20.0, 20.0, 20.0, 20.0, 20.0, 20.0, 20.0, 20.0, 20.0, 20.0, 20.0, 20.0, 20.0, 20.0, 20.0, 20.0, 20.0, 20.0, 20.0, 20.0, 20.0, 20.0, 20.0, 20.0, 20.0, 20.0, 20.0, 20.0, 20.0, 20.0, 20.0, 20.0, 20.0, 20.0, 20.0, 20.0, 20.0, 20.0, 20.0]",-0.025816835463047028,-0.08846105635166168,-0.0126,-0.1,-0.1447,-0.2589,0.1269,-0.0062,-0.0075,-9.8441,15.907,,85.0,,,,0.1203,0.3332,0.3542,250.15,14.96,1.22422,0.017,233.52,0.021,1,7.43,0.765,1,3,10,0.7,6.698,0,0.0,0,0
1790743373.7231874,47.397971,8.5461635,6.932000160217285,-0.007340598851442337,-0.009960899129509926,-1.4783185720443726,96.69,0.0,0.0,0.0,101.49727958679199,20.0,20.0,0.0,-94.02343368076481,-1.6136021492104358,0.00906434783996411,14.0,0.0,0.0,"[20.0, 20.0, 20.0, 20.0, 20.0, 20.0, 20.0, 20.0, 20.0, 20.0, 20.0, 20.0, 20.0, 20.0, 20.0, 20.0, 20.0, 20.0, 20.0, 20.0, 20.0, 20.0, 20.0, 20.0, 20.0, 20.0, 20.0, 20.0, 20.0, 20.0, 20.0, 20.0, 20.0, 20.0, 20.0, 20.0, 20.0, 20.0, 20.0, 20.0, 20.0, 20.0, 20.0, 20.0, 20.0, 20.0, 20.0, 20.0, 20.0, 20.0, 20.0, 20.0, 20.0, 20.0, 20.0, 20.0, 20.0, 20.0, 20.0, 20.0, 20.0, 20.0, 20.0, 20.0, 20.0, 20.0, 20.0, 20.0, 20.0, 20.0, 20.0, 20.0]",-0.025816835463047028,-0.08846105635166168,-0.029,-0.1293,0.0464,-0.064,0.0421,-0.0002,-0.0063,-9.8361,15.907,,85.0,,,,0.1451,0.2316,0.2733,237.94,14.95,1.22418,0.0124,233.61,0.019,1,7.63,0.768,1,3,10,0.7,7.003,0,0.0,0,0
1790743373.9230864,47.397971,8.5461635,7.2270002365112305,-0.004657732788473368,-0.00630554324015975,-1.4822618961334229,96.7,-0.0008814789713701265,0.00750367285161508,0.0,101.5156108856201,20.0,20.0,0.0,-89.23651160392991,-1.0238803813946702,0.00528491344527419,14.0,0.0,0.0,"[20.0, 20.0, 20.0, 20.0, 20.0, 20.0, 20.0, 20.0, 20.0, 20.0, 20.0, 20.0, 20.0, 20.0, 20.0, 20.0, 20.0, 20.0, 20.0, 20.0, 20.0, 20.0, 20.0, 20.0, 20.0, 20.0, 20.0, 20.0, 20.0, 20.0, 20.0, 20.0, 20.0, 20.0, 20.0, 20.0, 20.0, 20.0, 20.0, 20.0, 20.0, 20.0, 20.0, 20.0, 20.0, 20.0, 20.0, 20.0, 20.0, 20.0, 20.0, 20.0, 20.0, 20.0, 20.0, 20.0, 20.0, 20.0, 20.0, 20.0, 20.0, 20.0, 20.0, 20.0, 20.0, 20.0, 20.0, 20.0, 20.0, 20.0, 20.0, 20.0]",-0.025816835463047028,-0.08846105635166168,-0.0184,-0.1227,0.0457,0.1339,-0.1197,-0.0053,-0.0047,-9.8358,15.907,,85.0,,,,0.1561,0.1579,0.222,225.33,14.95,1.22415,0.0078,233.55,0.018,1,7.83,0.77,1,3,10,0.7,7.292,0,0.0,0,0
1790743374.1243072,47.397971,8.5461634,7.523000240325928,-0.003303107339888811,-0.004047647584229708,-1.4745607376098633,96.69,-0.005919608744300987,0.05046724130988073,0.0,101.51232284545898,20.0,20.0,0.0,-84.85838668757609,-0.7165718128806985,0.00341127336831606,14.0,0.0,0.0,"[20.0, 20.0, 20.0, 20.0, 20.0, 20.0, 20.0, 20.0, 20.0, 20.0, 20.0, 20.0, 20.0, 20.0, 20.0, 20.0, 20.0, 20.0, 20.0, 20.0, 20.0, 20.0, 20.0, 20.0, 20.0, 20.0, 20.0, 20.0, 20.0, 20.0, 20.0, 20.0, 20.0, 20.0, 20.0, 20.0, 20.0, 20.0, 20.0, 20.0, 20.0, 20.0, 20.0, 20.0, 20.0, 20.0, 20.0, 20.0, 20.0, 20.0, 20.0, 20.0, 20.0, 20.0, 20.0, 20.0, 20.0, 20.0, 20.0, 20.0, 20.0, 20.0, 20.0, 20.0, 20.0, 20.0, 20.0, 20.0, 20.0, 20.0, 20.0, 20.0]",-0.025816835463047028,-0.08846105635166168,-0.0031,-0.1168,0.0379,-0.0222,-0.1011,-0.0022,-0.0045,-9.4583,15.907,,85.0,,,,0.1701,0.0904,0.1926,207.97,14.95,1.22412,0.0052,230.78,0.016,1,8.03,0.772,1,3,10,0.7,7.592,0,0.0,0,0
1790743374.3250384,47.3979709,8.5461634,7.808000564575195,-0.0034531094133853912,-0.0003512162948027253,-1.360680341720581,96.66,-0.0017330269403042957,0.014841969636941503,0.0,101.46380630493161,20.0,20.0,0.0,-88.48984330929368,-0.6627948405585924,0.0034706958801758543,14.0,0.0,0.0,"[20.0, 20.0, 20.0, 20.0, 20.0, 20.0, 20.0, 20.0, 20.0, 20.0, 20.0, 20.0, 20.0, 20.0, 20.0, 20.0, 20.0, 20.0, 20.0, 20.0, 20.0, 20.0, 20.0, 20.0, 20.0, 20.0, 20.0, 20.0, 20.0, 20.0, 20.0, 20.0, 20.0, 20.0, 20.0, 20.0, 20.0, 20.0, 20.0, 20.0, 20.0, 20.0, 20.0, 20.0, 20.0, 20.0, 20.0, 20.0, 20.0, 20.0, 20.0, 20.0, 20.0, 20.0, 20.0, 20.0, 20.0, 20.0, 20.0, 20.0, 20.0, 20.0, 20.0, 20.0, 20.0, 20.0, 20.0, 20.0, 20.0, 20.0, 20.0, 20.0]",-0.025816835463047028,-0.08846105635166168,-0.0049,-0.1001,-0.0767,0.1244,-0.1215,-0.0049,-0.0058,-9.2697,15.907,,85.0,,,,0.2325,0.2499,0.3413,227.07,14.95,1.22408,0.0035,185.81,0.014,1,8.23,0.775,1,3,10,0.7,7.886,0,0.0,0,0
1790743374.5243614,47.3979709,8.5461635,8.064000129699707,-0.00354099296964705,0.0018074513645842671,-1.262446641921997,96.63,0.0,0.0,0.0,101.4343155670166,20.0,20.0,0.0,-97.04686776028792,-0.6318759755467073,0.0030132224836011134,14.0,0.0,0.0,"[20.0, 20.0, 20.0, 20.0, 20.0, 20.0, 20.0, 20.0, 20.0, 20.0, 20.0, 20.0, 20.0, 20.0, 20.0, 20.0, 20.0, 20.0, 20.0, 20.0, 20.0, 20.0, 20.0, 20.0, 20.0, 20.0, 20.0, 20.0, 20.0, 20.0, 20.0, 20.0, 20.0, 20.0, 20.0, 20.0, 20.0, 20.0, 20.0, 20.0, 20.0, 20.0, 20.0, 20.0, 20.0, 20.0, 20.0, 20.0, 20.0, 20.0, 20.0, 20.0, 20.0, 20.0, 20.0, 20.0, 20.0, 20.0, 20.0, 20.0, 20.0, 20.0, 20.0, 20.0, 20.0, 20.0, 20.0, 20.0, 20.0, 20.0, 20.0, 20.0]",-0.025816835463047028,-0.08846105635166168,-0.0205,-0.062,-0.1031,0.1954,-0.0971,0.0007,-0.0111,-9.3829,15.907,,85.0,,,,0.1957,0.1605,0.2531,219.35,14.95,1.22405,0.004,152.96,0.012,1,8.43,0.778,1,3,10,0.7,8.135,0,0.0,0,0
1790743374.7257912,47.3979709,8.5461635,8.301000595092773,-0.0015395076479762793,0.0016665634466335177,-1.176732063293457,96.63,0.0,0.0,0.0,101.4518593597412,20.0,20.0,0.0,-98.27866815986255,-0.25530739776383843,0.0010589116969881877,14.0,0.0,0.0,"[20.0, 20.0, 20.0, 20.0, 20.0, 20.0, 20.0, 20.0, 20.0, 20.0, 20.0, 20.0, 20.0, 20.0, 20.0, 20.0, 20.0, 20.0, 20.0, 20.0, 20.0, 20.0, 20.0, 20.0, 20.0, 20.0, 20.0, 20.0, 20.0, 20.0, 20.0, 20.0, 20.0, 20.0, 20.0, 20.0, 20.0, 20.0, 20.0, 20.0, 20.0, 20.0, 20.0, 20.0, 20.0, 20.0, 20.0, 20.0, 20.0, 20.0, 20.0, 20.0, 20.0, 20.0, 20.0, 20.0, 20.0, 20.0, 20.0, 20.0, 20.0, 20.0, 20.0, 20.0, 20.0, 20.0, 20.0, 20.0, 20.0, 20.0, 20.0, 20.0]",-0.025816835463047028,-0.08846105635166168,-0.0334,-0.0355,-0.0286,0.0801,-0.0632,-0.0106,-0.0095,-9.4144,15.847,,82.0,,,,0.2137,0.1952,0.2894,222.4,14.95,1.22402,0.0023,132.73,0.012,1,8.63,0.778,1,3,10,0.7,8.366,0,0.0,0,0
1790743375.9447281,47.397971,8.5461633,9.381999969482422,-0.015416597947478294,-0.0002887425944209099,-0.5969989895820618,96.67,0.0,0.0,0.0,91.84627525329591,20.0,20.0,0.9771453086286783,97.04016893421112,-2.9282777316450326,-0.015392201814527679,14.0,0.0,0.0,"[20.0, 20.0, 20.0, 20.0, 20.0, 20.0, 20.0, 20.0, 20.0, 20.0, 20.0, 20.0, 20.0, 20.0, 20.0, 20.0, 20.0, 20.0, 20.0, 20.0, 20.0, 20.0, 20.0, 20.0, 20.0, 20.0, 20.0, 20.0, 20.0, 20.0, 20.0, 20.0, 20.0, 20.0, 20.0, 20.0, 20.0, 20.0, 20.0, 20.0, 20.0, 20.0, 20.0, 20.0, 20.0, 20.0, 20.0, 20.0, 20.0, 20.0, 20.0, 20.0, 20.0, 20.0, 20.0, 20.0, 20.0, 20.0, 20.0, 20.0, 20.0, 20.0, 20.0, 20.0, 20.0, 20.0, 20.0, 20.0, 20.0, 20.0, 20.0, 20.0]",-0.038111213594675064,24.91838284338153,0.0158,-0.2101,-0.8092,0.0498,-0.0828,-0.0063,-0.012,-8.3394,15.847,,82.0,,,,0.1578,0.3229,0.3594,243.95,14.94,1.2239,0.0154,181.07,24.991,1,9.85,0.782,1,3,10,0.7,9.531,0,0.0,0,0
1790743375.9565146,47.397971,8.5461633,9.395000457763672,-0.015973618254065514,0.00041215179953724146,-0.5501459836959839,96.67,0.0,0.0,0.0,71.95304481506349,20.0,20.0,0.9619698710739613,97.03452538876383,-3.0181502220748806,-0.01597733604483639,14.0,0.0,0.0,"[20.0, 20.0, 20.0, 20.0, 20.0, 20.0, 20.0, 20.0, 20.0, 20.0, 20.0, 20.0, 20.0, 20.0, 20.0, 20.0, 20.0, 20.0, 20.0, 20.0, 20.0, 20.0, 20.0, 20.0, 20.0, 20.0, 20.0, 20.0, 20.0, 20.0, 20.0, 20.0, 20.0, 20.0, 20.0, 20.0, 20.0, 20.0, 20.0, 20.0, 20.0, 20.0, 20.0, 20.0, 20.0, 20.0, 20.0, 20.0, 20.0, 20.0, 20.0, 20.0, 20.0, 20.0, 20.0, 20.0, 20.0, 20.0, 20.0, 20.0, 20.0, 20.0, 20.0, 20.0, 20.0, 20.0, 20.0, 20.0, 20.0, 20.0, 20.0, 20.0]",-0.038111213594675064,24.91838284338153,0.0092,-0.2095,-0.8092,0.0498,-0.0828,-0.0063,-0.012,-8.3394,15.847,,82.0,,,,0.1704,0.194,0.2582,228.7,14.94,1.2239,0.016,178.52,24.99,1,9.86,0.797,1,3,10,0.7,9.531,0,0.0,0,0
1790743376.1575584,47.3979709,8.5461633,9.460000038146973,-0.01407141424715519,0.0039041924756020308,-0.2089068740606308,96.09,0.0,0.0,0.0,91.2707727813721,20.0,20.0,0.9633488394320011,96.454506684163,-2.5914011061052813,-0.014216248151624337,14.0,0.0,0.0,"[20.0, 20.0, 20.0, 20.0, 20.0, 20.0, 20.0, 20.0, 20.0, 20.0, 20.0, 20.0, 20.0, 20.0, 20.0, 20.0, 20.0, 20.0, 20.0, 20.0, 20.0, 20.0, 20.0, 20.0, 20.0, 20.0, 20.0, 20.0, 20.0, 20.0, 20.0, 20.0, 20.0, 20.0, 20.0, 20.0, 20.0, 20.0, 20.0, 20.0, 20.0, 20.0, 20.0, 20.0, 20.0, 20.0, 20.0, 20.0, 20.0, 20.0, 20.0, 20.0, 20.0, 20.0, 20.0, 20.0, 20.0, 20.0, 20.0, 20.0, 20.0, 20.0, 20.0, 20.0, 20.0, 20.0, 20.0, 20.0, 20.0, 20.0, 20.0, 20.0]",-0.038111213594675064,24.91838284338153,-0.3534,-0.1573,-4.6082,0.5832,-10.0661,-0.0092,0.002,-8.5084,15.847,,82.0,,,,0.134,0.3356,0.3614,248.23,14.94,1.22389,0.0146,164.49,24.996,1,10.06,0.803,1,3,10,0.7,9.602,0,0.0,0,0
1790743376.3586674,47.3979709,8.5461633,9.470000267028809,0.0115336449816823,0.007618158124387264,-0.051118992269039154,91.86,0.0,0.0,0.0,87.0341008758545,20.0,20.0,0.9662087187170982,92.22573731391856,2.2476739022317345,0.011218883130883345,14.0,0.0,0.0,"[20.0, 20.0, 20.0, 20.0, 20.0, 20.0, 20.0, 20.0, 20.0, 20.0, 20.0, 20.0, 20.0, 20.0, 20.0, 20.0, 20.0, 20.0, 20.0, 20.0, 20.0, 20.0, 20.0, 20.0, 20.0, 20.0, 20.0, 20.0, 20.0, 20.0, 20.0, 20.0, 20.0, 20.0, 20.0, 20.0, 20.0, 20.0, 20.0, 20.0, 20.0, 20.0, 20.0, 20.0, 20.0, 20.0, 20.0, 20.0, 20.0, 20.0, 20.0, 20.0, 20.0, 20.0, 20.0, 20.0, 20.0, 20.0, 20.0, 20.0, 20.0, 20.0, 20.0, 20.0, 20.0, 20.0, 20.0, 20.0, 20.0, 20.0, 20.0, 20.0]",-0.038111213594675064,24.91838284338153,-0.6354,-0.0798,4.6284,0.5088,-23.6342,-0.0103,-0.0178,-9.344,15.847,,82.0,,,,0.1796,0.3495,0.393,242.81,14.94,1.22389,0.0138,33.45,24.994,1,10.26,0.807,1,3,10,0.7,9.646,0,0.0,0,0
1790743376.559879,47.397971,8.5461634,9.462000846862793,0.02206440642476082,0.00812259316444397,0.007701806258410215,87.73,0.0007453221849917935,0.0188024095614448,0.0,82.90676734924318,20.0,20.0,0.9701903387904167,88.0981608951584,4.142008882983294,0.021719314830329964,14.0,0.0,0.0,"[20.0, 20.0, 20.0, 20.0, 20.0, 20.0, 20.0, 20.0, 20.0, 20.0, 20.0, 20.0, 20.0, 20.0, 20.0, 20.0, 20.0, 20.0, 20.0, 20.0, 20.0, 20.0, 20.0, 20.0, 20.0, 20.0, 20.0, 20.0, 20.0, 20.0, 20.0, 20.0, 20.0, 20.0, 20.0, 20.0, 20.0, 20.0, 20.0, 20.0, 20.0, 20.0, 20.0, 20.0, 20.0, 20.0, 20.0, 20.0, 20.0, 20.0, 20.0, 20.0, 20.0, 20.0, 20.0, 20.0, 20.0, 20.0, 20.0, 20.0, 20.0, 20.0, 20.0, 20.0, 20.0, 20.0, 20.0, 20.0, 20.0, 20.0, 20.0, 20.0]",-0.038111213594675064,24.91838284338153,0.379,-0.018,3.4735,0.2273,-16.4347,-0.0047,-0.0053,-9.7068,15.847,,82.0,,,,0.0363,0.2484,0.251,261.68,14.94,1.22389,0.0235,20.21,24.985,1,10.46,0.817,1,3,10,0.7,9.658,0,0.0,0,0
1790743376.760635,47.3979711,8.5461634,9.455000877380371,0.007788458373397589,0.008282261900603771,0.01798495464026928,84.94,0.004088685898001552,0.04617689638499594,0.0,80.1170191192627,20.0,20.0,0.9740666374564171,85.31029900530115,1.3419310108674054,0.007447038708071958,14.0,0.0,0.0,"[20.0, 20.0, 20.0, 20.0, 20.0, 20.0, 20.0, 20.0, 20.0, 20.0, 20.0, 20.0, 20.0, 20.0, 20.0, 20.0, 20.0, 20.0, 20.0, 20.0, 20.0, 20.0, 20.0, 20.0, 20.0, 20.0, 20.0, 20.0, 20.0, 20.0, 20.0, 20.0, 20.0, 20.0, 20.0, 20.0, 20.0, 20.0, 20.0, 20.0, 20.0, 20.0, 20.0, 20.0, 20.0, 20.0, 20.0, 20.0, 20.0, 20.0, 20.0, 20.0, 20.0, 20.0, 20.0, 20.0, 20.0, 20.0, 20.0, 20.0, 20.0, 20.0, 20.0, 20.0, 20.0, 20.0, 20.0, 20.0, 20.0, 20.0, 20.0, 20.0]",-0.038111213594675064,24.91838284338153,0.5816,-0.0747,-0.9497,-0.5297,-11.2176,-0.0113,-0.0012,-9.7838,15.787,,79.0,,,,0.0275,0.1675,0.1698,260.69,14.94,1.22389,0.0114,46.76,24.978,1,10.66,0.825,1,3,10,0.7,9.636,0,0.0,0,0
1790743376.9614162,47.3979711,8.5461635,9.451000213623047,-0.004600075073540211,0.01380298100411892,0.01860024221241474,82.88,0.00825753794824564,0.06610732907618613,0.0,78.0551766204834,20.0,20.0,0.9791593849658966,83.25230400101253,-1.1983483946893352,-0.0051575795078169714,14.0,0.0,0.0,"[20.0, 20.0, 20.0, 20.0, 20.0, 20.0, 20.0, 20.0, 20.0, 20.0, 20.0, 20.0, 20.0, 20.0, 20.0, 20.0, 20.0, 20.0, 20.0, 20.0, 20.0, 20.0, 20.0, 20.0, 20.0, 20.0, 20.0, 20.0, 20.0, 20.0, 20.0, 20.0, 20.0, 20.0, 20.0, 20.0, 20.0, 20.0, 20.0, 20.0, 20.0, 20.0, 20.0, 20.0, 20.0, 20.0, 20.0, 20.0, 20.0, 20.0, 20.0, 20.0, 20.0, 20.0, 20.0, 20.0, 20.0, 20.0, 20.0, 20.0, 20.0, 20.0, 20.0, 20.0, 20.0, 20.0, 20.0, 20.0, 20.0, 20.0, 20.0, 20.0]",-0.038111213594675064,24.91838284338153,0.2694,-0.2767,-1.6959,-0.8374,-10.0394,-0.0129,-0.0113,-9.7963,15.787,,79.0,,,,0.1067,0.1513,0.1851,234.83,14.94,1.22389,0.0145,108.43,24.977,1,10.87,0.83,1,3,10,0.7,9.616,0,0.0,0,0
1790743377.1619568,47.3979711,8.5461636,9.450000762939453,-0.005811021197587252,0.02706000953912735,0.017342139035463333,80.94,0.011022807872161502,0.06912667868929777,0.0,76.13618797302246,20.0,20.0,0.9889832176268101,81.31590975890225,-1.9090812507345432,-0.006917508648015903,14.0,0.0,0.0,"[20.0, 20.0, 20.0, 20.0, 20.0, 20.0, 20.0, 20.0, 20.0, 20.0, 20.0, 20.0, 20.0, 20.0, 20.0, 20.0, 20.0, 20.0, 20.0, 20.0, 20.0, 20.0, 20.0, 20.0, 20.0, 20.0, 20.0, 20.0, 20.0, 20.0, 20.0, 20.0, 20.0, 20.0, 20.0, 20.0, 20.0, 20.0, 20.0, 20.0, 20.0, 20.0, 20.0, 20.0, 20.0, 20.0, 20.0, 20.0, 20.0, 20.0, 20.0, 20.0, 20.0, 20.0, 20.0, 20.0, 20.0, 20.0, 20.0, 20.0, 20.0, 20.0, 20.0, 20.0, 20.0, 20.0, 20.0, 20.0, 20.0, 20.0, 20.0, 20.0]",-0.038111213594675064,24.91838284338153,0.0414,-0.4355,-0.7567,-0.2835,-10.223,-0.0124,-0.0106,-9.8048,15.787,,79.0,,,,0.0047,0.124,0.1241,267.81,14.94,1.22389,0.0277,102.12,24.978,1,11.07,0.84,1,3,10,0.7,9.638,0,0.0,0,0
1790743377.3616738,47.3979711,8.5461638,9.449000358581543,-0.0017544325673952699,0.04346924647688866,0.015745112672448158,78.86,0.013524489374922212,0.06868106134261187,0.0,74.05732093811037,20.0,20.0,1.003781845094636,79.24140995667722,-1.9320331551289271,-0.0035648526659134098,14.0,0.0,0.0,"[20.0, 20.0, 20.0, 20.0, 20.0, 20.0, 20.0, 20.0, 20.0, 20.0, 20.0, 20.0, 20.0, 20.0, 20.0, 20.0, 20.0, 20.0, 20.0, 20.0, 20.0, 20.0, 20.0, 20.0, 20.0, 20.0, 20.0, 20.0, 20.0, 20.0, 20.0, 20.0, 20.0, 20.0, 20.0, 20.0, 20.0, 20.0, 20.0, 20.0, 20.0, 20.0, 20.0, 20.0, 20.0, 20.0, 20.0, 20.0, 20.0, 20.0, 20.0, 20.0, 20.0, 20.0, 20.0, 20.0, 20.0, 20.0, 20.0, 20.0, 20.0, 20.0, 20.0, 20.0, 20.0, 20.0, 20.0, 20.0, 20.0, 20.0, 20.0, 20.0]",-0.038111213594675064,24.91838284338153,-0.012,-0.4287,-0.1159,0.4393,-10.3575,-0.0135,-0.0101,-9.815,15.787,,79.0,,,,0.0097,0.0897,0.0902,263.8,14.94,1.22389,0.0435,92.31,24.979,1,11.27,0.855,1,3,10,0.7,9.628,0,0.0,0,0
1790743377.56271,47.397971,8.5461641,9.44800090789795,0.00017916459182742983,0.06007027253508568,0.014757663011550903,76.7,0.01610348160316732,0.06812252109439616,0.0,71.87905044555663,20.0,20.0,1.024413088336587,77.0888927451661,-2.6041684305619395,-0.002375989664336696,14.0,0.0,0.0,"[20.0, 20.0, 20.0, 20.0, 20.0, 20.0, 20.0, 20.0, 20.0, 20.0, 20.0, 20.0, 20.0, 20.0, 20.0, 20.0, 20.0, 20.0, 20.0, 20.0, 20.0, 20.0, 20.0, 20.0, 20.0, 20.0, 20.0, 20.0, 20.0, 20.0, 20.0, 20.0, 20.0, 20.0, 20.0, 20.0, 20.0, 20.0, 20.0, 20.0, 20.0, 20.0, 20.0, 20.0, 20.0, 20.0, 20.0, 20.0, 20.0, 20.0, 20.0, 20.0, 20.0, 20.0, 20.0, 20.0, 20.0, 20.0, 20.0, 20.0, 20.0, 20.0, 20.0, 20.0, 20.0, 20.0, 20.0, 20.0, 20.0, 20.0, 20.0, 20.0]",-0.038111213594675064,24.91838284338153,-0.0148,-0.3241,-0.1385,0.708,-10.2961,-0.0106,-0.0075,-9.8148,15.787,,79.0,,,,0.1788,0.2312,0.2923,232.29,14.94,1.22389,0.0601,89.83,24.982,1,11.47,0.876,1,3,10,0.7,9.597,0,0.0,0,0
1790743377.7636654,47.397971,8.5461644,9.443000793457031,0.0004614605277311057,0.07420452684164047,0.01386511791497469,74.55,0.01864781437533821,0.06747043070132966,0.0,69.72749977111818,20.0,20.0,1.050111472606659,74.9481799171732,-3.6853502444074313,-0.002773667613379896,14.0,0.0,0.0,"[20.0, 20.0, 20.0, 20.0, 20.0, 20.0, 20.0, 20.0, 20.0, 20.0, 20.0, 20.0, 20.0, 20.0, 20.0, 20.0, 20.0, 20.0, 20.0, 20.0, 20.0, 20.0, 20.0, 20.0, 20.0, 20.0, 20.0, 20.0, 20.0, 20.0, 20.0, 20.0, 20.0, 20.0, 20.0, 20.0, 20.0, 20.0, 20.0, 20.0, 20.0, 20.0, 20.0, 20.0, 20.0, 20.0, 20.0, 20.0, 20.0, 20.0, 20.0, 20.0, 20.0, 20.0, 20.0, 20.0, 20.0, 20.0, 20.0, 20.0, 20.0, 20.0, 20.0, 20.0, 20.0, 20.0, 20.0, 20.0, 20.0, 20.0, 20.0, 20.0]",-0.038111213594675064,24.91838284338153,-0.0588,-0.1957,-0.3569,0.6552,-10.2424,-0.0264,-0.0086,-9.811,15.787,,79.0,,,,0.18,0.2255,0.2885,231.41,14.94,1.22389,0.0742,89.64,24.985,1,11.67,0.902,1,3,10,0.7,9.59,0,0.0,0,0
1790743377.964471,47.397971,8.5461648,9.439000129699707,0.003504212247207761,0.08164693415164948,0.012465753592550755,72.44,0.021119305514769243,0.06673810706465862,0.0,67.61679595947265,20.0,20.0,1.0762680396437645,72.84779421095897,-4.059724994196248,-0.00014656244205680244,14.0,0.0,0.0,"[20.0, 20.0, 20.0, 20.0, 20.0, 20.0, 20.0, 20.0, 20.0, 20.0, 20.0, 20.0, 20.0, 20.0, 20.0, 20.0, 20.0, 20.0, 20.0, 20.0, 20.0, 20.0, 20.0, 20.0, 20.0, 20.0, 20.0, 20.0, 20.0, 20.0, 20.0, 20.0, 20.0, 20.0, 20.0, 20.0, 20.0, 20.0, 20.0, 20.0, 20.0, 20.0, 20.0, 20.0, 20.0, 20.0, 20.0, 20.0, 20.0, 20.0, 20.0, 20.0, 20.0, 20.0, 20.0, 20.0, 20.0, 20.0, 20.0, 20.0, 20.0, 20.0, 20.0, 20.0, 20.0, 20.0, 20.0, 20.0, 20.0, 20.0, 20.0, 20.0]",-0.038111213594675064,24.91838284338153,-0.1135,-0.0912,-0.262,0.4662,-10.2212,-0.0192,-0.0068,-9.817,15.787,,79.0,,,,0.2006,0.1506,0.2508,216.89,14.94,1.22389,0.0817,87.54,24.988,1,11.87,0.928,1,3,10,0.7,9.561,0,0.0,0,0
1790743378.165903,47.397971,8.5461651,9.4350004196167,0.007652925793081522,0.08327246457338333,0.011071483604609966,70.38,0.023504627257480648,0.06593582104961535,0.0,65.55708206176757,20.0,20.0,1.0999467000365257,70.79664010746643,-3.9571623887993086,0.0038434547688723356,14.0,0.0,0.0,"[20.0, 20.0, 20.0, 20.0, 20.0, 20.0, 20.0, 20.0, 20.0, 20.0, 20.0, 20.0, 20.0, 20.0, 20.0, 20.0, 20.0, 20.0, 20.0, 20.0, 20.0, 20.0, 20.0, 20.0, 20.0, 20.0, 20.0, 20.0, 20.0, 20.0, 20.0, 20.0, 20.0, 20.0, 20.0, 20.0, 20.0, 20.0, 20.0, 20.0, 20.0, 20.0, 20.0, 20.0, 20.0, 20.0, 20.0, 20.0, 20.0, 20.0, 20.0, 20.0, 20.0, 20.0, 20.0, 20.0, 20.0, 20.0, 20.0, 20.0, 20.0, 20.0, 20.0, 20.0, 20.0, 20.0, 20.0, 20.0, 20.0, 20.0, 20.0, 20.0]",-0.038111213594675064,24.91838284338153,-0.133,-0.0331,-0.0746,0.163,-10.2207,-0.0152,0.0002,-9.8128,15.787,,79.0,,,,0.2221,0.1225,0.2536,208.88,14.94,1.22389,0.0836,84.75,24.988,1,12.07,0.952,1,3,10,0.7,9.598,0,0.0,0,0
1790743378.366656,47.397971,8.5461654,9.430000305175781,0.011602433398365974,0.08069466054439545,0.010319223627448082,68.33,0.025848214975460474,0.06505282301777825,0.0,63.50613220214842,20.0,20.0,1.1203728467226028,68.7544265346549,-3.626723883006124,0.00783764152673311,14.0,0.0,0.0,"[20.0, 20.0, 20.0, 20.0, 20.0, 20.0, 20.0, 20.0, 20.0, 20.0, 20.0, 20.0, 20.0, 20.0, 20.0, 20.0, 20.0, 20.0, 20.0, 20.0, 20.0, 20.0, 20.0, 20.0, 20.0, 20.0, 20.0, 20.0, 20.0, 20.0, 20.0, 20.0, 20.0, 20.0, 20.0, 20.0, 20.0, 20.0, 20.0, 20.0, 20.0, 20.0, 20.0, 20.0, 20.0, 20.0, 20.0, 20.0, 20.0, 20.0, 20.0, 20.0, 20.0, 20.0, 20.0, 20.0, 20.0, 20.0, 20.0, 20.0, 20.0, 20.0, 20.0, 20.0, 20.0, 20.0, 20.0, 20.0, 20.0, 20.0, 20.0, 20.0]",-0.038111213594675064,24.91838284338153,-0.1269,-0.0206,0.1307,0.0276,-10.1906,-0.0137,-0.0099,-9.8208,15.787,,79.0,,,,0.1702,0.1234,0.2102,215.94,14.94,1.22389,0.0815,81.82,24.987,1,12.27,0.972,1,3,10,0.7,9.573,0,0.0,0,0
1790743378.5676622,47.397971,8.5461656,9.42400074005127,0.017403876408934593,0.0771215483546257,0.009770737960934639,66.29,0.028147530866283146,0.06409146983906389,0.0,61.46692184448244,20.0,20.0,1.1381404101848602,66.72157848018895,-2.8769413169754086,0.013740953856339135,14.0,0.0,0.0,"[20.0, 20.0, 20.0, 20.0, 20.0, 20.0, 20.0, 20.0, 20.0, 20.0, 20.0, 20.0, 20.0, 20.0, 20.0, 20.0, 20.0, 20.0, 20.0, 20.0, 20.0, 20.0, 20.0, 20.0, 20.0, 20.0, 20.0, 20.0, 20.0, 20.0, 20.0, 20.0, 20.0, 20.0, 20.0, 20.0, 20.0, 20.0, 20.0, 20.0, 20.0, 20.0, 20.0, 20.0, 20.0, 20.0, 20.0, 20.0, 20.0, 20.0, 20.0, 20.0, 20.0, 20.0, 20.0, 20.0, 20.0, 20.0, 20.0, 20.0, 20.0, 20.0, 20.0, 20.0, 20.0, 20.0, 20.0, 20.0, 20.0, 20.0, 20.0, 20.0]",-0.038111213594675064,24.91838284338153,-0.1064,-0.0279,0.1837,-0.019,-10.2407,-0.0117,-0.0101,-9.804,15.787,,79.0,,,,0.1728,0.0834,0.1919,205.75,14.94,1.22389,0.0791,77.28,24.983,1,12.47,0.99,1,3,10,0.7,9.59,0,0.0,0,0
1790743378.768495,47.3979711,8.546165799999999,9.419000625610352,0.023254266008734703,0.0733732208609581,0.008770695887506008,64.24,0.030422171659954905,0.06304356804220582,0.0,59.41581748962403,20.0,20.0,1.1536866426467896,64.67810156293615,-2.0893893082906283,0.01971305257133378,14.0,0.0,0.0,"[20.0, 20.0, 20.0, 20.0, 20.0, 20.0, 20.0, 20.0, 20.0, 20.0, 20.0, 20.0, 20.0, 20.0, 20.0, 20.0, 20.0, 20.0, 20.0, 20.0, 20.0, 20.0, 20.0, 20.0, 20.0, 20.0, 20.0, 20.0, 20.0, 20.0, 20.0, 20.0, 20.0, 20.0, 20.0, 20.0, 20.0, 20.0, 20.0, 20.0, 20.0, 20.0, 20.0, 20.0, 20.0, 20.0, 20.0, 20.0, 20.0, 20.0, 20.0, 20.0, 20.0, 20.0, 20.0, 20.0, 20.0, 20.0, 20.0, 20.0, 20.0, 20.0, 20.0, 20.0, 20.0, 20.0, 20.0, 20.0, 20.0, 20.0, 20.0, 20.0]",-0.038111213594675064,24.91838284338153,-0.0662,-0.0355,0.2536,0.0188,-10.2954,-0.0116,-0.0023,-9.8217,15.727,,75.0,,,,0.2988,-0.0876,0.3114,163.66,14.94,1.22389,0.077,72.41,24.977,1,12.67,1.007,1,3,10,0.7,9.591,0,0.0,0,0
1790743378.968556,47.3979711,8.546166,9.417000770568848,0.025429202243685722,0.07005403935909271,0.007355900481343269,62.2,0.03264706482379239,0.061920668265055864,0.0,57.396199417114246,20.0,20.0,1.1678147614002228,62.6440334379073,-1.9431246965800801,0.022001994984187846,14.0,0.0,0.0,"[20.0, 20.0, 20.0, 20.0, 20.0, 20.0, 20.0, 20.0, 20.0, 20.0, 20.0, 20.0, 20.0, 20.0, 20.0, 20.0, 20.0, 20.0, 20.0, 20.0, 20.0, 20.0, 20.0, 20.0, 20.0, 20.0, 20.0, 20.0, 20.0, 20.0, 20.0, 20.0, 20.0, 20.0, 20.0, 20.0, 20.0, 20.0, 20.0, 20.0, 20.0, 20.0, 20.0, 20.0, 20.0, 20.0, 20.0, 20.0, 20.0, 20.0, 20.0, 20.0, 20.0, 20.0, 20.0, 20.0, 20.0, 20.0, 20.0, 20.0, 20.0, 20.0, 20.0, 20.0, 20.0, 20.0, 20.0, 20.0, 20.0, 20.0, 20.0, 20.0]",-0.038111213594675064,24.91838284338153,-0.0335,-0.0492,0.0561,-0.0861,-10.1588,-0.0176,0.0006,-9.8146,15.727,,75.0,,,,0.324,0.0103,0.3242,181.81,14.94,1.22389,0.0745,70.05,24.972,1,12.87,1.022,1,3,10,0.7,9.623,0,0.0,0,0
1790743379.1695476,47.3979712,8.5461662,9.416000366210938,0.026640601456165314,0.06784839928150177,0.006023111753165722,60.18,0.03480937866209622,0.06073143467067774,0.0,55.35904472351075,20.0,20.0,1.1814063787460327,60.629639231996805,-2.0286193518540645,0.023279406405259207,14.0,0.0,0.0,"[20.0, 20.0, 20.0, 20.0, 20.0, 20.0, 20.0, 20.0, 20.0, 20.0, 20.0, 20.0, 20.0, 20.0, 20.0, 20.0, 20.0, 20.0, 20.0, 20.0, 20.0, 20.0, 20.0, 20.0, 20.0, 20.0, 20.0, 20.0, 20.0, 20.0, 20.0, 20.0, 20.0, 20.0, 20.0, 20.0, 20.0, 20.0, 20.0, 20.0, 20.0, 20.0, 20.0, 20.0, 20.0, 20.0, 20.0, 20.0, 20.0, 20.0, 20.0, 20.0, 20.0, 20.0, 20.0, 20.0, 20.0, 20.0, 20.0, 20.0, 20.0, 20.0, 20.0, 20.0, 20.0, 20.0, 20.0, 20.0, 20.0, 20.0, 20.0, 20.0]",-0.038111213594675064,24.91838284338153,-0.0323,-0.0693,-0.0664,-0.116,-10.2057,-0.004,0.0018,-9.8042,15.727,,75.0,,,,0.2786,0.0848,0.2912,196.93,14.94,1.22389,0.0729,68.56,24.968,1,13.07,1.036,1,3,10,0.7,9.652,0,0.0,0,0
1790743379.3697526,47.3979712,8.546166399999999,9.416000366210938,0.02776869758963585,0.06582922488451004,0.005565361585468054,58.160000000000004,0.03692843028446627,0.059466722095011366,0.0,53.35318389892578,20.0,20.0,1.1941087692975998,58.61486588383511,-2.1262152608507097,0.024469335127409016,14.0,0.0,0.0,"[20.0, 20.0, 20.0, 20.0, 20.0, 20.0, 20.0, 20.0, 20.0, 20.0, 20.0, 20.0, 20.0, 20.0, 20.0, 20.0, 20.0, 20.0, 20.0, 20.0, 20.0, 20.0, 20.0, 20.0, 20.0, 20.0, 20.0, 20.0, 20.0, 20.0, 20.0, 20.0, 20.0, 20.0, 20.0, 20.0, 20.0, 20.0, 20.0, 20.0, 20.0, 20.0, 20.0, 20.0, 20.0, 20.0, 20.0, 20.0, 20.0, 20.0, 20.0, 20.0, 20.0, 20.0, 20.0, 20.0, 20.0, 20.0, 20.0, 20.0, 20.0, 20.0, 20.0, 20.0, 20.0, 20.0, 20.0, 20.0, 20.0, 20.0, 20.0, 20.0]",-0.038111213594675064,24.91838284338153,-0.0378,-0.0806,-0.1391,-0.1232,-10.2206,-0.0071,-0.0116,-9.811,15.727,,75.0,,,,0.3097,0.0352,0.3117,186.49,14.94,1.22389,0.0714,67.13,24.964,1,13.27,1.05,1,3,10,0.7,9.618,0,0.0,0,0
1790743379.570746,47.397971299999995,8.5461665,9.416000366210938,0.02952880971133709,0.06332456320524216,0.004919254221022129,55.96,0.03901173073901936,0.05812129441733255,0.0,51.306349639892574,20.0,20.0,1.2054226249456406,56.589603254408246,-2.0567117248902127,0.02632060419918097,14.0,0.0,0.0,"[20.0, 20.0, 20.0, 20.0, 20.0, 20.0, 20.0, 20.0, 20.0, 20.0, 20.0, 20.0, 20.0, 20.0, 20.0, 20.0, 20.0, 20.0, 20.0, 20.0, 20.0, 20.0, 20.0, 20.0, 20.0, 20.0, 20.0, 20.0, 20.0, 20.0, 20.0, 20.0, 20.0, 20.0, 20.0, 20.0, 20.0, 20.0, 20.0, 20.0, 20.0, 20.0, 20.0, 20.0, 20.0, 20.0, 20.0, 20.0, 20.0, 20.0, 20.0, 20.0, 20.0, 20.0, 20.0, 20.0, 20.0, 20.0, 20.0, 20.0, 20.0, 20.0, 20.0, 20.0, 20.0, 20.0, 20.0, 20.0, 20.0, 20.0, 20.0, 20.0]",-0.038111213594675064,24.91838284338153,-0.0395,-0.0946,0.0252,-0.0471,-10.2201,-0.0195,-0.0024,-9.8028,15.727,,75.0,,,,0.1917,0.0549,0.1994,195.99,14.94,1.22389,0.0699,65.0,24.96,1,13.47,1.062,1,3,10,0.7,9.669,0,0.0,0,0
1790743379.771571,47.397971299999995,8.546166699999999,9.419000625610352,0.031646959483623505,0.062073808163404465,0.003862034995108843,53.96,0.04118449365920085,0.05660245120165066,0.0,49.14557357788087,20.0,20.0,1.2174073457717896,54.424734654887146,-2.0867791627916796,0.028466434777434175,14.0,0.0,0.0,"[20.0, 20.0, 20.0, 20.0, 20.0, 20.0, 20.0, 20.0, 20.0, 20.0, 20.0, 20.0, 20.0, 20.0, 20.0, 20.0, 20.0, 20.0, 20.0, 20.0, 20.0, 20.0, 20.0, 20.0, 20.0, 20.0, 20.0, 20.0, 20.0, 20.0, 20.0, 20.0, 20.0, 20.0, 20.0, 20.0, 20.0, 20.0, 20.0, 20.0, 20.0, 20.0, 20.0, 20.0, 20.0, 20.0, 20.0, 20.0, 20.0, 20.0, 20.0, 20.0, 20.0, 20.0, 20.0, 20.0, 20.0, 20.0, 20.0, 20.0, 20.0, 20.0, 20.0, 20.0, 20.0, 20.0, 20.0, 20.0, 20.0, 20.0, 20.0, 20.0]",-0.038111213594675064,24.91838284338153,-0.0344,-0.1039,-0.0982,-0.0023,-10.0497,-0.0247,-0.0061,-9.797,15.727,,75.0,,,,0.0846,-0.0476,0.0971,150.64,14.94,1.22389,0.0697,62.99,24.955,1,13.68,1.075,1,3,10,0.7,9.654,0,0.0211,0,0
1790743379.971891,47.397971399999996,8.5461668,9.42400074005127,0.03525757044553757,0.060405150055885315,0.0029542050324380398,51.95,0.043144423694501985,0.05512312313421015,0.0,47.147847366332996,20.0,20.0,1.2287880033254623,52.41978592384589,-1.8073222425222684,0.032126678546185033,14.0,0.0,0.0,"[20.0, 20.0, 20.0, 20.0, 20.0, 20.0, 20.0, 20.0, 20.0, 20.0, 20.0, 20.0, 20.0, 20.0, 20.0, 20.0, 20.0, 20.0, 20.0, 20.0, 20.0, 20.0, 20.0, 20.0, 20.0, 20.0, 20.0, 20.0, 20.0, 20.0, 20.0, 20.0, 20.0, 20.0, 20.0, 20.0, 20.0, 20.0, 20.0, 20.0, 20.0, 20.0, 20.0, 20.0, 20.0, 20.0, 20.0, 20.0, 20.0, 20.0, 20.0, 20.0, 20.0, 20.0, 20.0, 20.0, 20.0, 20.0, 20.0, 20.0, 20.0, 20.0, 20.0, 20.0, 20.0, 20.0, 20.0, 20.0, 20.0, 20.0, 20.0, 20.0]",-0.038111213594675064,24.91838284338153,-0.0381,-0.101,-0.0022,0.0053,-10.1069,-0.0141,-0.0022,-9.7917,15.727,,75.0,,,,0.0938,-0.1142,0.1477,129.4,14.94,1.22389,0.0699,59.73,24.949,1,13.88,1.088,1,3,10,0.7,9.7,0,0.0,0,0
1790743380.1723967,47.397971399999996,8.546166999999999,9.428000450134277,0.037644363939762115,0.05860651284456253,0.0028426144272089005,49.92,0.04506996078096775,0.0535602337112342,0.0,45.09519950866701,20.0,20.0,1.2399793863296509,50.39485061333045,-1.7051434953263243,0.034573249994370746,14.0,0.0,0.0,"[20.0, 20.0, 20.0, 20.0, 20.0, 20.0, 20.0, 20.0, 20.0, 20.0, 20.0, 20.0, 20.0, 20.0, 20.0, 20.0, 20.0, 20.0, 20.0, 20.0, 20.0, 20.0, 20.0, 20.0, 20.0, 20.0, 20.0, 20.0, 20.0, 20.0, 20.0, 20.0, 20.0, 20.0, 20.0, 20.0, 20.0, 20.0, 20.0, 20.0, 20.0, 20.0, 20.0, 20.0, 20.0, 20.0, 20.0, 20.0, 20.0, 20.0, 20.0, 20.0, 20.0, 20.0, 20.0, 20.0, 20.0, 20.0, 20.0, 20.0, 20.0, 20.0, 20.0, 20.0, 20.0, 20.0, 20.0, 20.0, 20.0, 20.0, 20.0, 20.0]",-0.038111213594675064,24.91838284338153,-0.0326,-0.0962,0.0514,0.008,-10.2701,-0.0196,-0.0059,-9.7921,15.727,,75.0,,,,0.1054,-0.0996,0.1451,136.62,14.94,1.22389,0.0697,57.29,24.943,1,14.08,1.101,1,3,10,0.7,9.657,0,0.0,0,0
1790743380.3731177,47.3979715,8.5461671,9.432000160217285,0.03877292945981026,0.05694706365466118,0.0027189149986952543,47.86,0.04696611166755463,0.05190553298860139,0.0,43.05631385803224,20.0,20.0,1.2510369420051575,48.33976834323789,-1.8057266181512779,0.035758077293448993,14.0,0.0,0.0,"[20.0, 20.0, 20.0, 20.0, 20.0, 20.0, 20.0, 20.0, 20.0, 20.0, 20.0, 20.0, 20.0, 20.0, 20.0, 20.0, 20.0, 20.0, 20.0, 20.0, 20.0, 20.0, 20.0, 20.0, 20.0, 20.0, 20.0, 20.0, 20.0, 20.0, 20.0, 20.0, 20.0, 20.0, 20.0, 20.0, 20.0, 20.0, 20.0, 20.0, 20.0, 20.0, 20.0, 20.0, 20.0, 20.0, 20.0, 20.0, 20.0, 20.0, 20.0, 20.0, 20.0, 20.0, 20.0, 20.0, 20.0, 20.0, 20.0, 20.0, 20.0, 20.0, 20.0, 20.0, 20.0, 20.0, 20.0, 20.0, 20.0, 20.0, 20.0, 20.0]",-0.038111213594675064,24.91838284338153,-0.0232,-0.1047,0.0347,-0.0555,-10.365,-0.0122,-0.0014,-9.8009,15.727,,75.0,,,,0.0773,-0.1719,0.1884,114.2,14.94,1.22389,0.0689,55.75,24.937,1,14.28,1.113,1,3,10,0.7,9.641,0,0.0,0,0
1790743380.5734806,47.3979715,8.5461673,9.4350004196167,0.039399463683366776,0.05665137246251106,0.002536895452067256,45.800000000000004,0.048801557199819504,0.050183742535533794,0.0,40.979039001464855,20.0,20.0,1.2627213597297668,46.28491431622183,-2.147483672624272,0.03636996448985524,14.0,0.0,0.0,"[20.0, 20.0, 20.0, 20.0, 20.0, 20.0, 20.0, 20.0, 20.0, 20.0, 20.0, 20.0, 20.0, 20.0, 20.0, 20.0, 20.0, 20.0, 20.0, 20.0, 20.0, 20.0, 20.0, 20.0, 20.0, 20.0, 20.0, 20.0, 20.0, 20.0, 20.0, 20.0, 20.0, 20.0, 20.0, 20.0, 20.0, 20.0, 20.0, 20.0, 20.0, 20.0, 20.0, 20.0, 20.0, 20.0, 20.0, 20.0, 20.0, 20.0, 20.0, 20.0, 20.0, 20.0, 20.0, 20.0, 20.0, 20.0, 20.0, 20.0, 20.0, 20.0, 20.0, 20.0, 20.0, 20.0, 20.0, 20.0, 20.0, 20.0, 20.0, 20.0]",-0.038111213594675064,24.91838284338153,-0.0312,-0.1094,-0.1186,0.0189,-10.3493,-0.0116,-0.0046,-9.794,15.727,,75.0,,,,0.0434,-0.0736,0.0854,120.5,14.94,1.22389,0.069,55.18,24.931,1,14.48,1.126,1,3,10,0.7,9.644,0,0.0263,0,0
1790743380.774403,47.3979716,8.5461674,9.43600082397461,0.03944500535726547,0.0556909441947937,0.0024993529077619314,43.75,0.07223639620597555,0.06915130557822695,0.0,38.92893600463867,20.0,20.0,1.2752454280853271,44.240235590177065,-2.472189876988065,0.03643530046509584,14.0,0.0,0.0,"[20.0, 20.0, 20.0, 20.0, 20.0, 20.0, 20.0, 20.0, 20.0, 20.0, 20.0, 20.0, 20.0, 20.0, 20.0, 20.0, 20.0, 20.0, 20.0, 20.0, 20.0, 20.0, 20.0, 20.0, 20.0, 20.0, 20.0, 20.0, 20.0, 20.0, 20.0, 20.0, 20.0, 20.0, 20.0, 20.0, 20.0, 20.0, 20.0, 20.0, 20.0, 20.0, 20.0, 20.0, 20.0, 20.0, 20.0, 20.0, 20.0, 20.0, 20.0, 20.0, 20.0, 20.0, 20.0, 20.0, 20.0, 20.0, 20.0, 20.0, 20.0, 20.0, 20.0, 20.0, 20.0, 20.0, 20.0, 20.0, 20.0, 20.0, 20.0, 20.0]",-0.038111213594675064,24.91838284338153,-0.0522,-0.1136,-0.1725,0.0138,-10.2794,-0.0031,0.0066,-9.8091,15.667,,72.0,,,,0.0447,-0.1073,0.1162,112.62,14.94,1.22389,0.0682,54.69,24.927,1,14.68,1.14,1,3,10,0.7,9.635,0,0.0101,0,0
1790743380.9744346,47.3979716,8.5461676,9.437000274658203,0.0397433266043663,0.05480193719267845,0.0024720802903175354,41.68,0.07468703459923354,0.06649696882394635,0.0,36.8775383758545,20.0,20.0,1.286804974079132,42.17506590806488,-2.7674920734228055,0.03675263173459596,14.0,0.0,0.0,"[20.0, 20.0, 20.0, 20.0, 20.0, 20.0, 20.0, 20.0, 20.0, 20.0, 20.0, 20.0, 20.0, 20.0, 20.0, 20.0, 20.0, 20.0, 20.0, 20.0, 20.0, 20.0, 20.0, 20.0, 20.0, 20.0, 20.0, 20.0, 20.0, 20.0, 20.0, 20.0, 20.0, 20.0, 20.0, 20.0, 20.0, 20.0, 20.0, 20.0, 20.0, 20.0, 20.0, 20.0, 20.0, 20.0, 20.0, 20.0, 20.0, 20.0, 20.0, 20.0, 20.0, 20.0, 20.0, 20.0, 20.0, 20.0, 20.0, 20.0, 20.0, 20.0, 20.0, 20.0, 20.0, 20.0, 20.0, 20.0, 20.0, 20.0, 20.0, 20.0]",-0.038111213594675064,24.91838284338153,-0.0566,-0.2849,-0.0767,-1.0164,-10.3237,-0.0177,-0.0058,-9.8075,15.667,,72.0,,,,0.0256,-0.094,0.0974,105.25,14.94,1.22389,0.0677,54.05,24.924,1,14.88,1.152,1,3,10,0.7,9.648,0,0.019,0,0
1790743381.1756268,47.3979716,8.5461678,9.437000274658203,0.04385796934366226,0.057332076132297516,0.002338416874408722,39.62,0.07702906928909109,0.06376929107694711,0.0,34.7970248413086,20.0,20.0,1.2987817823886871,40.11998248599741,-3.0899128301677656,0.0406958935081906,14.0,0.0,0.0,"[20.0, 20.0, 20.0, 20.0, 20.0, 20.0, 20.0, 20.0, 20.0, 20.0, 20.0, 20.0, 20.0, 20.0, 20.0, 20.0, 20.0, 20.0, 20.0, 20.0, 20.0, 20.0, 20.0, 20.0, 20.0, 20.0, 20.0, 20.0, 20.0, 20.0, 20.0, 20.0, 20.0, 20.0, 20.0, 20.0, 20.0, 20.0, 20.0, 20.0, 20.0, 20.0, 20.0, 20.0, 20.0, 20.0, 20.0, 20.0, 20.0, 20.0, 20.0, 20.0, 20.0, 20.0, 20.0, 20.0, 20.0, 20.0, 20.0, 20.0, 20.0, 20.0, 20.0, 20.0, 20.0, 20.0, 20.0, 20.0, 20.0, 20.0, 20.0, 20.0]",-0.038111213594675064,24.91838284338153,-0.0658,-0.3792,-0.1454,-0.1934,-10.2791,-0.0141,-0.0022,-9.7973,15.667,,72.0,,,,0.0276,-0.1427,0.1454,100.93,14.94,1.22389,0.0722,52.58,24.921,1,15.08,1.164,1,3,10,0.7,9.645,0,0.0,0,0
1790743381.3763025,47.3979717,8.5461679,9.439000129699707,0.05116918310523033,0.06101275235414505,0.0016407010843977332,37.550000000000004,0.0792821793707355,0.060945352851768136,0.0,32.72628669738771,20.0,20.0,1.3123136162757874,38.055854653185804,-3.278891185959561,0.04776091772439059,14.0,0.0,0.0,"[20.0, 20.0, 20.0, 20.0, 20.0, 20.0, 20.0, 20.0, 20.0, 20.0, 20.0, 20.0, 20.0, 20.0, 20.0, 20.0, 20.0, 20.0, 20.0, 20.0, 20.0, 20.0, 20.0, 20.0, 20.0, 20.0, 20.0, 20.0, 20.0, 20.0, 20.0, 20.0, 20.0, 20.0, 20.0, 20.0, 20.0, 20.0, 20.0, 20.0, 20.0, 20.0, 20.0, 20.0, 20.0, 20.0, 20.0, 20.0, 20.0, 20.0, 20.0, 20.0, 20.0, 20.0, 20.0, 20.0, 20.0, 20.0, 20.0, 20.0, 20.0, 20.0, 20.0, 20.0, 20.0, 20.0, 20.0, 20.0, 20.0, 20.0, 20.0, 20.0]",-0.038111213594675064,24.91838284338153,-0.0867,-0.3646,-0.1653,0.2627,-10.2781,-0.0248,-0.0052,-9.8058,15.667,,72.0,,,,0.1677,-0.0407,0.1726,166.35,14.94,1.22389,0.0796,50.01,24.916,1,15.28,1.179,1,3,10,0.7,9.639,0,0.0,0,0
1790743381.5778244,47.3979718,8.5461681,9.440999984741211,0.062155913561582565,0.06322695314884186,0.0011709413956850767,35.480000000000004,0.08143181723245137,0.05804187404125264,0.0,30.654301147460956,20.0,20.0,1.3269584476947784,35.99288030082022,-2.9405849823599284,0.05856815775075418,14.0,0.0,0.0,"[20.0, 20.0, 20.0, 20.0, 20.0, 20.0, 20.0, 20.0, 20.0, 20.0, 20.0, 20.0, 20.0, 20.0, 20.0, 20.0, 20.0, 20.0, 20.0, 20.0, 20.0, 20.0, 20.0, 20.0, 20.0, 20.0, 20.0, 20.0, 20.0, 20.0, 20.0, 20.0, 20.0, 20.0, 20.0, 20.0, 20.0, 20.0, 20.0, 20.0, 20.0, 20.0, 20.0, 20.0, 20.0, 20.0, 20.0, 20.0, 20.0, 20.0, 20.0, 20.0, 20.0, 20.0, 20.0, 20.0, 20.0, 20.0, 20.0, 20.0, 20.0, 20.0, 20.0, 20.0, 20.0, 20.0, 20.0, 20.0, 20.0, 20.0, 20.0, 20.0]",-0.038111213594675064,24.91838284338153,-0.0965,-0.3007,0.0174,0.467,-10.2468,-0.0151,-0.0071,-9.8016,15.667,,72.0,,,,0.2752,-0.1459,0.3115,152.06,14.94,1.22389,0.0887,45.49,24.905,1,15.48,1.197,1,3,10,0.7,9.593,0,0.0,0,0
1790743381.7789824,47.397971899999995,8.5461683,9.444000244140625,0.0716693326830864,0.06290678679943085,0.0004956494667567313,33.4,0.08348478632634065,0.055048074008499565,0.0,28.57537117004395,20.0,20.0,1.340501219034195,33.91999249760099,-2.4936572660404335,0.06804487163022543,14.0,0.0,0.0,"[20.0, 20.0, 20.0, 20.0, 20.0, 20.0, 20.0, 20.0, 20.0, 20.0, 20.0, 20.0, 20.0, 20.0, 20.0, 20.0, 20.0, 20.0, 20.0, 20.0, 20.0, 20.0, 20.0, 20.0, 20.0, 20.0, 20.0, 20.0, 20.0, 20.0, 20.0, 20.0, 20.0, 20.0, 20.0, 20.0, 20.0, 20.0, 20.0, 20.0, 20.0, 20.0, 20.0, 20.0, 20.0, 20.0, 20.0, 20.0, 20.0, 20.0, 20.0, 20.0, 20.0, 20.0, 20.0, 20.0, 20.0, 20.0, 20.0, 20.0, 20.0, 20.0, 20.0, 20.0, 20.0, 20.0, 20.0, 20.0, 20.0, 20.0, 20.0, 20.0]",-0.038111213594675064,24.91838284338153,-0.0803,-0.2193,0.134,0.3705,-10.232,-0.0215,-0.0065,-9.7963,15.667,,72.0,,,,0.2175,-0.1356,0.2563,148.07,14.94,1.22389,0.0954,41.27,24.89,1,15.68,1.217,1,3,10,0.7,9.651,0,0.0,0,0
1790743381.9798598,47.397971999999996,8.5461685,9.447000503540039,0.07790190726518631,0.060151390731334686,0.0005408417782746255,31.34,0.08540959291746691,0.05201155100237431,0.0,26.51840957641602,20.0,20.0,1.3520131409168243,31.866471482095193,-2.0726426425387054,0.07438840557639727,14.0,0.0,0.0,"[20.0, 20.0, 20.0, 20.0, 20.0, 20.0, 20.0, 20.0, 20.0, 20.0, 20.0, 20.0, 20.0, 20.0, 20.0, 20.0, 20.0, 20.0, 20.0, 20.0, 20.0, 20.0, 20.0, 20.0, 20.0, 20.0, 20.0, 20.0, 20.0, 20.0, 20.0, 20.0, 20.0, 20.0, 20.0, 20.0, 20.0, 20.0, 20.0, 20.0, 20.0, 20.0, 20.0, 20.0, 20.0, 20.0, 20.0, 20.0, 20.0, 20.0, 20.0, 20.0, 20.0, 20.0, 20.0, 20.0, 20.0, 20.0, 20.0, 20.0, 20.0, 20.0, 20.0, 20.0, 20.0, 20.0, 20.0, 20.0, 20.0, 20.0, 20.0, 20.0]",-0.038111213594675064,24.91838284338153,-0.0475,-0.169,0.1375,0.0697,-10.1839,-0.0172,-0.0053,-9.7975,15.667,,72.0,,,,0.2956,-0.1689,0.3404,150.26,14.94,1.22389,0.0984,37.67,24.875,1,15.88,1.236,1,3,10,0.7,9.677,0,0.0,0,0
1790743382.1798394,47.3979722,8.5461686,9.450000762939453,0.08016427606344223,0.05741311237215996,0.0008932345081120729,29.310000000000002,0.18442623011861278,0.10205832755200801,0.0,24.500460205078127,20.0,20.0,1.3621174991130829,29.842304401370825,-2.065594538561425,0.07677337465345513,14.0,0.0,0.03759147283739823,"[20.0, 20.0, 20.0, 20.0, 20.0, 20.0, 20.0, 20.0, 20.0, 20.0, 20.0, 20.0, 20.0, 20.0, 20.0, 20.0, 20.0, 20.0, 20.0, 20.0, 20.0, 20.0, 20.0, 20.0, 20.0, 20.0, 20.0, 20.0, 20.0, 20.0, 20.0, 20.0, 20.0, 20.0, 20.0, 20.0, 20.0, 20.0, 20.0, 20.0, 20.0, 20.0, 20.0, 20.0, 20.0, 20.0, 20.0, 20.0, 20.0, 20.0, 20.0, 20.0, 20.0, 20.0, 20.0, 20.0, 20.0, 20.0, 20.0, 20.0, 20.0, 20.0, 20.0, 20.0, 20.0, 20.0, 20.0, 20.0, 20.0, 20.0, 20.0, 20.0]",-0.038111213594675064,24.91838284338153,-0.0304,-0.1529,-0.0302,0.0141,-10.0736,-0.0283,-0.0089,-9.7926,15.667,,72.0,,,,0.1979,-0.1277,0.2355,147.17,14.94,1.22389,0.0986,35.61,24.861,1,16.08,1.254,1,3,10,0.7,9.718,0,0.0,0,0
1790743382.3806121,47.3979723,8.546168699999999,9.455000877380371,0.08626555651426315,0.05679699778556824,-0.00016565182886552066,27.29,0.19153387741200983,0.09745413898205255,0.0,22.472271957397453,20.0,20.0,1.3714823424816132,27.82797519109991,-2.0852291781053784,0.08287355870348914,14.0,0.0,0.0023224834125701657,"[20.0, 20.0, 20.0, 20.0, 20.0, 20.0, 20.0, 20.0, 20.0, 20.0, 20.0, 20.0, 20.0, 20.0, 20.0, 20.0, 20.0, 20.0, 20.0, 20.0, 20.0, 20.0, 20.0, 20.0, 20.0, 20.0, 20.0, 20.0, 20.0, 20.0, 20.0, 20.0, 20.0, 20.0, 20.0, 20.0, 20.0, 20.0, 20.0, 20.0, 20.0, 20.0, 20.0, 20.0, 20.0, 20.0, 20.0, 20.0, 20.0, 20.0, 20.0, 20.0, 20.0, 20.0, 20.0, 20.0, 20.0, 20.0, 20.0, 20.0, 20.0, 20.0, 20.0, 20.0, 20.0, 20.0, 20.0, 20.0, 20.0, 20.0, 20.0, 20.0]",-0.038111213594675064,24.91838284338153,-0.0123,-0.7411,-0.0197,-2.9366,-10.1195,-0.0112,-0.015,-9.8001,15.667,,72.0,,,,0.233,-0.0547,0.2393,166.78,14.94,1.22389,0.1033,33.36,24.846,1,16.28,1.271,1,3,10,0.7,9.718,0,0.0,0,0
1790743382.581485,47.397972499999995,8.5461689,9.457000732421875,0.11052030324935913,0.06551159173250198,0.0009314907365478575,25.27,0.19829914599458018,0.09236042166821486,0.0,20.449141998290997,20.0,20.0,1.3819868564605713,25.81467230760836,-2.302649803522295,0.10655509863155016,14.0,0.0,0.0023632407282071226,"[20.0, 20.0, 20.0, 20.0, 20.0, 20.0, 20.0, 20.0, 20.0, 20.0, 20.0, 20.0, 20.0, 20.0, 20.0, 20.0, 20.0, 20.0, 20.0, 20.0, 20.0, 20.0, 20.0, 20.0, 20.0, 20.0, 20.0, 20.0, 20.0, 20.0, 20.0, 20.0, 20.0, 20.0, 20.0, 20.0, 20.0, 20.0, 20.0, 20.0, 20.0, 20.0, 20.0, 20.0, 20.0, 20.0, 20.0, 20.0, 20.0, 20.0, 20.0, 20.0, 20.0, 20.0, 20.0, 20.0, 20.0, 20.0, 20.0, 20.0, 20.0, 20.0, 20.0, 20.0, 20.0, 20.0, 20.0, 20.0, 20.0, 20.0, 20.0, 20.0]",-0.038111213594675064,24.91838284338153,-0.0035,-1.0003,-0.1499,-0.0593,-10.1061,-0.0185,-0.01,-9.7942,15.667,,72.0,,,,0.2339,0.035,0.2365,188.52,14.94,1.22389,0.1285,30.66,24.827,1,16.49,1.293,1,3,10,0.7,9.684,0,0.0102,0,0
1790743382.7821357,47.3979727,8.546168999999999,9.457000732421875,0.13648170232772827,0.07511653751134872,0.001944913063198328,23.23,0.20474924158402147,0.08674506064484076,0.0,18.425552825927753,20.0,20.0,1.3951493799686432,23.783013623635497,-2.899595810057732,0.1318687138170053,14.0,0.0,0.0024341383624835213,"[20.0, 20.0, 20.0, 20.0, 20.0, 20.0, 20.0, 20.0, 20.0, 20.0, 20.0, 20.0, 20.0, 20.0, 20.0, 20.0, 20.0, 20.0, 20.0, 20.0, 20.0, 20.0, 20.0, 20.0, 20.0, 20.0, 20.0, 20.0, 20.0, 20.0, 20.0, 20.0, 20.0, 20.0, 20.0, 20.0, 20.0, 20.0, 20.0, 20.0, 20.0, 20.0, 20.0, 20.0, 20.0, 20.0, 20.0, 20.0, 20.0, 20.0, 20.0, 20.0, 20.0, 20.0, 20.0, 20.0, 20.0, 20.0, 20.0, 20.0, 20.0, 20.0, 20.0, 20.0, 20.0, 20.0, 20.0, 20.0, 20.0, 20.0, 20.0, 20.0]",-0.038111213594675064,24.91838284338153,-0.0156,-0.915,-0.2464,0.7476,-10.1017,-0.0244,-0.0085,-9.8066,15.607,,69.0,,,,0.1749,0.0174,0.1758,185.69,14.94,1.22389,0.1558,28.83,24.804,1,16.69,1.32,1,3,10,0.7,9.659,0,0.0679,0,0
1790743382.9827259,47.397973,8.5461692,9.455000877380371,0.16022619605064392,0.08081098645925522,0.0020816768519580364,21.150000000000002,0.24827389370218084,0.09483953255851746,0.0,16.327362442016607,20.0,20.0,1.4092904329299927,21.712701662894546,-3.3491547318874972,0.15518101279937804,14.0,0.0,0.002429119693276838,"[20.0, 20.0, 20.0, 20.0, 20.0, 20.0, 20.0, 20.0, 20.0, 20.0, 20.0, 20.0, 20.0, 20.0, 20.0, 20.0, 20.0, 20.0, 20.0, 20.0, 20.0, 20.0, 20.0, 20.0, 20.0, 20.0, 20.0, 20.0, 20.0, 20.0, 20.0, 20.0, 20.0, 20.0, 20.0, 20.0, 20.0, 20.0, 20.0, 20.0, 20.0, 20.0, 20.0, 20.0, 20.0, 20.0, 20.0, 20.0, 20.0, 20.0, 20.0, 20.0, 20.0, 20.0, 20.0, 20.0, 20.0, 20.0, 20.0, 20.0, 20.0, 20.0, 20.0, 20.0, 20.0, 20.0, 20.0, 20.0, 20.0, 20.0, 20.0, 20.0]",-0.038111213594675064,24.91838284338153,-0.0403,-0.7615,-0.1143,0.7436,-10.0421,-0.025,-0.0051,-9.8029,15.607,,69.0,,,,0.1196,-0.0386,0.1257,162.11,14.94,1.22389,0.1795,26.76,24.775,1,16.89,1.352,1,3,10,0.7,9.682,0,0.1166,0,0
1790743383.1836345,47.3979733,8.5461694,9.451000213623047,0.18243040144443512,0.08225838094949722,0.002218252280727029,19.05,0.3113112955369985,0.10617367397693617,0.0,14.225188064575207,20.0,20.0,1.4227086305618286,19.623145356632904,-3.473476440940687,0.17720072869292233,14.0,0.0,0.00354549777935358,"[20.0, 20.0, 20.0, 20.0, 20.0, 20.0, 20.0, 20.0, 20.0, 20.0, 20.0, 20.0, 20.0, 20.0, 20.0, 20.0, 20.0, 20.0, 20.0, 20.0, 20.0, 20.0, 20.0, 20.0, 20.0, 20.0, 20.0, 20.0, 20.0, 20.0, 20.0, 20.0, 20.0, 20.0, 20.0, 20.0, 20.0, 20.0, 20.0, 20.0, 20.0, 20.0, 20.0, 20.0, 20.0, 20.0, 20.0, 20.0, 20.0, 20.0, 20.0, 20.0, 20.0, 20.0, 20.0, 20.0, 20.0, 20.0, 20.0, 20.0, 20.0, 20.0, 20.0, 20.0, 20.0, 20.0, 20.0, 20.0, 20.0, 20.0, 20.0, 20.0]",-0.038111213594675064,24.91838284338153,-0.0388,-0.8266,-0.0506,-0.3611,-10.0555,-0.0286,-0.0158,-9.8138,15.607,,69.0,,,,0.027,-0.1538,0.1562,99.96,14.94,1.22389,0.2001,24.27,24.739,1,17.09,1.391,1,3,10,0.7,9.655,0,0.122,0,0
1790743383.3847556,47.397973699999994,8.546169599999999,9.447000503540039,0.20840977132320404,0.0844602882862091,0.0017371952999383211,16.98,1.091392859715487,0.30502508328150607,0.0,12.156132202148456,20.0,20.0,1.4359724819660187,17.564209040630317,-3.797882850280211,0.2029390581531686,14.0,0.0,0.7481813635561623,"[20.0, 20.0, 20.0, 20.0, 20.0, 20.0, 20.0, 20.0, 20.0, 20.0, 20.0, 20.0, 20.0, 20.0, 20.0, 20.0, 20.0, 20.0, 20.0, 20.0, 20.0, 20.0, 20.0, 20.0, 20.0, 20.0, 20.0, 20.0, 20.0, 20.0, 20.0, 20.0, 20.0, 20.0, 20.0, 20.0, 20.0, 20.0, 20.0, 20.0, 20.0, 20.0, 20.0, 20.0, 20.0, 20.0, 20.0, 20.0, 20.0, 20.0, 20.0, 20.0, 20.0, 20.0, 20.0, 20.0, 20.0, 20.0, 20.0, 20.0, 20.0, 20.0, 20.0, 20.0, 20.0, 20.0, 20.0, 20.0, 20.0, 20.0, 20.0, 20.0]",-0.038111213594675064,24.91838284338153,-0.0228,-1.1205,-0.1118,-1.0788,-10.0194,-0.0405,-0.008,-9.8211,15.607,,69.0,,,,-0.0622,-0.1752,0.1859,70.45,14.94,1.22389,0.2249,22.06,24.699,1,17.29,1.433,1,3,10,0.7,9.63,0,0.1319,0,0
1790743383.5853302,47.3979741,8.5461698,9.446000099182129,0.27948856353759766,0.09843546152114868,-0.025750383734703064,14.91,1.3117170819393242,0.3213253554797324,0.0,10.10548988342282,20.0,20.0,1.4505780339241028,15.507301144158276,-4.423675146693478,0.27296102479966106,14.0,0.0,0.0,"[20.0, 20.0, 20.0, 20.0, 20.0, 20.0, 20.0, 20.0, 20.0, 20.0, 20.0, 20.0, 20.0, 20.0, 20.0, 20.0, 20.0, 20.0, 20.0, 20.0, 20.0, 20.0, 20.0, 20.0, 20.0, 20.0, 20.0, 20.0, 20.0, 20.0, 20.0, 20.0, 20.0, 20.0, 20.0, 20.0, 20.0, 20.0, 20.0, 20.0, 20.0, 20.0, 20.0, 20.0, 20.0, 20.0, 20.0, 20.0, 20.0, 20.0, 20.0, 20.0, 20.0, 20.0, 20.0, 20.0, 20.0, 20.0, 20.0, 20.0, 20.0, 20.0, 20.0, 20.0, 20.0, 20.0, 20.0, 20.0, 20.0, 20.0, 20.0, 20.0]",-0.038111213594675064,24.91838284338153,-0.0032,-5.3594,-0.4352,-19.7433,-9.9967,-0.059,-0.0178,-9.8202,15.607,,69.0,,,,-0.078,-0.2532,0.265,72.87,14.94,1.22389,0.2963,19.4,24.65,1,17.49,1.485,1,3,10,0.7,9.635,0,0.1638,0,0
1790743383.785336,47.3979749,8.5461701,9.450000762939453,0.49459218978881836,0.14659307897090912,-0.0222309622913599,12.74,1.3881173689240625,0.2862426110583345,0.0,7.92227195739747,20.0,20.0,1.4723747968673706,13.359168905247031,-3.7693926085969673,0.4845231639880217,14.0,0.0,0.0022669346962354247,"[20.0, 20.0, 20.0, 20.0, 20.0, 20.0, 20.0, 20.0, 20.0, 20.0, 20.0, 20.0, 20.0, 20.0, 20.0, 20.0, 20.0, 20.0, 20.0, 20.0, 20.0, 20.0, 20.0, 20.0, 20.0, 20.0, 20.0, 20.0, 20.0, 20.0, 20.0, 20.0, 20.0, 20.0, 20.0, 20.0, 20.0, 20.0, 20.0, 20.0, 20.0, 20.0, 20.0, 20.0, 20.0, 20.0, 20.0, 20.0, 20.0, 20.0, 20.0, 20.0, 20.0, 20.0, 20.0, 20.0, 20.0, 20.0, 20.0, 20.0, 20.0, 20.0, 20.0, 20.0, 20.0, 20.0, 20.0, 20.0, 20.0, 20.0, 20.0, 20.0]",-0.038111213594675064,24.91838284338153,0.0886,-7.9714,-0.7768,-3.9522,-9.9203,-0.0658,-0.0048,-9.8065,15.607,,69.0,,,,-0.1178,-0.2552,0.2811,65.22,14.94,1.22389,0.5159,16.51,24.564,1,17.69,1.574,1,3,10,0.7,9.702,0,0.3753,0,0
1790743383.9866683,47.397976299999996,8.5461706,9.45300006866455,0.8082982301712036,0.2068004012107849,-0.005182202439755201,10.33,1.4696584461048343,0.2443587580530443,0.0,5.505010681152328,20.0,20.0,1.5084725618362427,10.987248888068791,-4.31262165954478,0.7513278958319032,14.0,0.0,0.10995517529450688,"[20.0, 20.0, 20.0, 20.0, 20.0, 20.0, 20.0, 20.0, 20.0, 20.0, 20.0, 20.0, 20.0, 20.0, 20.0, 20.0, 20.0, 20.0, 20.0, 20.0, 20.0, 20.0, 20.0, 20.0, 20.0, 20.0, 20.0, 20.0, 20.0, 20.0, 20.0, 20.0, 20.0, 20.0, 20.0, 20.0, 20.0, 20.0, 20.0, 20.0, 20.0, 20.0, 20.0, 20.0, 20.0, 20.0, 20.0, 20.0, 20.0, 20.0, 20.0, 20.0, 20.0, 20.0, 20.0, 20.0, 20.0, 20.0, 20.0, 20.0, 20.0, 20.0, 20.0, 20.0, 20.0, 20.0, 20.0, 20.0, 20.0, 20.0, 20.0, 20.0]",-0.038111213594675064,24.91838284338153,0.0363,-7.6479,-1.5467,6.0131,-9.8109,-0.0881,-0.0111,-9.8225,15.607,,69.0,,,,-0.1247,-0.2935,0.3189,66.98,14.94,1.22389,0.8343,14.35,24.416,1,17.89,1.728,1,3,10,0.7,9.73,0,0.6749,0,0
1790743384.187346,47.3979782,8.5461712,9.455000877380371,1.0489376783370972,0.23030836880207062,0.001611575367860496,7.61,1.5579934986715283,0.18963524913378813,0.0,2.7874940490722793,20.0,20.0,1.5519165992736816,8.319312998848147,-5.112187909107505,0.9960747731743025,14.0,0.0,0.13888345853870795,"[20.0, 20.0, 20.0, 20.0, 20.0, 20.0, 20.0, 20.0, 20.0, 20.0, 20.0, 20.0, 20.0, 20.0, 20.0, 20.0, 20.0, 20.0, 20.0, 20.0, 20.0, 20.0, 20.0, 20.0, 20.0, 20.0, 20.0, 20.0, 20.0, 20.0, 20.0, 20.0, 20.0, 20.0, 20.0, 20.0, 20.0, 20.0, 20.0, 20.0, 20.0, 20.0, 20.0, 20.0, 20.0, 20.0, 20.0, 20.0, 20.0, 20.0, 20.0, 20.0, 20.0, 20.0, 20.0, 20.0, 20.0, 20.0, 20.0, 20.0, 20.0, 20.0, 20.0, 20.0, 20.0, 20.0, 20.0, 20.0, 20.0, 20.0, 20.0, 20.0]",-0.038111213594675064,24.91838284338153,-0.1206,-6.4042,-1.3744,7.0455,-9.3216,-0.118,-0.0057,-9.8312,15.607,,69.0,,,,-0.0372,-0.2918,0.2942,82.73,14.94,1.22389,1.0739,12.38,24.21,1,18.09,1.939,1,3,10,0.7,9.743,0,0.9268,0,0
1790743384.3875787,47.397980499999996,8.5461717,9.455000877380371,1.242970585823059,0.22547735273838043,0.003208240494132042,4.73,1.6460727845650291,0.12341698749420268,0.0,-0.07571746826170056,20.0,20.0,1.5991248488426208,5.510286570878407,-5.551762485091554,1.2243309228438901,14.0,0.0,0.1639253934894241,"[20.0, 20.0, 20.0, 20.0, 20.0, 20.0, 20.0, 20.0, 20.0, 20.0, 20.0, 20.0, 20.0, 20.0, 20.0, 20.0, 20.0, 20.0, 20.0, 20.0, 20.0, 20.0, 20.0, 20.0, 20.0, 20.0, 20.0, 20.0, 20.0, 20.0, 20.0, 20.0, 20.0, 20.0, 20.0, 20.0, 20.0, 20.0, 20.0, 20.0, 20.0, 20.0, 20.0, 20.0, 20.0, 20.0, 20.0, 20.0, 20.0, 20.0, 20.0, 20.0, 20.0, 20.0, 20.0, 20.0, 20.0, 20.0, 20.0, 20.0, 20.0, 20.0, 20.0, 20.0, 20.0, 20.0, 20.0, 20.0, 20.0, 20.0, 20.0, 20.0]",-0.038111213594675064,24.91838284338153,-0.2719,-5.3231,-1.2154,5.3849,-8.8679,-0.1238,-0.0166,-9.836,15.607,,69.0,,,,-0.0853,-0.2081,0.2249,67.71,14.94,1.22389,1.2633,10.28,23.919,1,18.29,2.235,1,3,10,0.7,9.72,0,1.1508,0,0
1790743384.5887005,47.397982999999996,8.546172199999999,9.456000328063965,1.3973957300186157,0.20337697863578796,0.002520807320252061,2.14,1.7199021979342255,0.05707838055083714,0.0,-0.8475947437723903,20.0,20.0,1.6340640187263489,2.9875947437723767,-6.140687675188804,1.379195421358078,14.0,0.0,0.16142559899283115,"[20.0, 20.0, 20.0, 20.0, 20.0, 20.0, 20.0, 20.0, 20.0, 20.0, 20.0, 20.0, 20.0, 20.0, 20.0, 20.0, 20.0, 20.0, 20.0, 20.0, 20.0, 20.0, 20.0, 20.0, 20.0, 20.0, 20.0, 20.0, 20.0, 20.0, 20.0, 20.0, 20.0, 20.0, 20.0, 20.0, 20.0, 20.0, 20.0, 20.0, 20.0, 20.0, 20.0, 20.0, 20.0, 20.0, 20.0, 20.0, 20.0, 20.0, 20.0, 20.0, 20.0, 20.0, 20.0, 20.0, 20.0, 20.0, 20.0, 20.0, 20.0, 20.0, 20.0, 20.0, 20.0, 20.0, 20.0, 20.0, 20.0, 20.0, 20.0, 20.0]",-0.038111213594675064,24.91838284338153,-0.457,-4.6074,-1.525,3.5648,-8.5976,-0.1409,-0.0151,-9.8167,15.607,,69.0,,,,-0.1025,-0.1237,0.1606,50.34,14.94,1.22389,1.4121,8.28,23.637,1,18.49,2.52,1,3,10,0.7,9.685,0,1.3318,0,0
1790743384.7887394,47.3979857,8.546172499999999,9.457000732421875,1.520565152168274,0.16740836203098297,0.001976017141714692,359.83,1.7806186964571904,-0.007141310746970419,0.0,-0.9173076329687433,20.0,20.0,1.6608479619026184,0.7473076329687274,-6.452741297708354,1.5040311394697616,14.0,0.0,0.15542286322166998,"[20.0, 20.0, 20.0, 20.0, 20.0, 20.0, 20.0, 20.0, 20.0, 20.0, 20.0, 20.0, 20.0, 20.0, 20.0, 20.0, 20.0, 20.0, 20.0, 20.0, 20.0, 20.0, 20.0, 20.0, 20.0, 20.0, 20.0, 20.0, 20.0, 20.0, 20.0, 20.0, 20.0, 20.0, 20.0, 20.0, 20.0, 20.0, 20.0, 20.0, 20.0, 20.0, 20.0, 20.0, 20.0, 20.0, 20.0, 20.0, 20.0, 20.0, 20.0, 20.0, 20.0, 20.0, 20.0, 20.0, 20.0, 20.0, 20.0, 20.0, 20.0, 20.0, 20.0, 20.0, 20.0, 20.0, 20.0, 20.0, 20.0, 20.0, 20.0, 20.0]",-0.038111213594675064,24.91838284338153,-0.6367,-4.1528,-0.9904,2.4208,-7.1864,-0.1689,-0.0136,-9.8114,15.547,,65.0,,,,-0.1175,-0.1946,0.2273,58.87,14.94,1.22389,1.5298,6.28,23.336,1,18.69,2.823,1,3,10,0.7,9.645,0,1.4161,0,0
1790743384.9894018,47.3979886,8.546172799999999,9.455000877380371,1.622388243675232,0.12218469381332397,0.0018197167664766312,358.05,1.7740669839784253,-0.05801607022269717,0.0,-0.9880428684291473,20.0,20.0,1.678085744380951,-0.9619571315708413,-6.256907799352429,1.6084718113854388,14.0,0.0,0.12345609533572656,"[20.0, 20.0, 20.0, 20.0, 20.0, 20.0, 20.0, 20.0, 20.0, 20.0, 20.0, 20.0, 20.0, 20.0, 20.0, 20.0, 20.0, 20.0, 20.0, 20.0, 20.0, 20.0, 20.0, 20.0, 20.0, 20.0, 20.0, 20.0, 20.0, 20.0, 20.0, 20.0, 20.0, 20.0, 20.0, 20.0, 20.0, 20.0, 20.0, 20.0, 20.0, 20.0, 20.0, 20.0, 20.0, 20.0, 20.0, 20.0, 20.0, 20.0, 20.0, 20.0, 20.0, 20.0, 20.0, 20.0, 20.0, 20.0, 20.0, 20.0, 20.0, 20.0, 20.0, 20.0, 20.0, 20.0, 20.0, 20.0, 20.0, 20.0, 20.0, 20.0]",-0.038111213594675064,24.91838284338153,-0.7334,-3.8352,-0.4413,1.9529,-3.8795,-0.1716,-0.0217,-9.8203,15.547,,65.0,,,,-0.1724,-0.1692,0.2416,44.46,14.94,1.22389,1.627,4.31,23.019,1,18.89,3.141,1,3,10,0.7,9.666,0,1.5062,0,0
1790743385.1895754,47.397991499999996,8.5461729,9.454000473022461,1.7038708925247192,0.07521852105855942,0.0027100008446723223,357.16,1.7514286250085043,-0.08251888084396104,0.0,-1.0593988797537577,20.0,20.0,1.6868886947631836,-1.7806011202462173,-5.3677193504632825,1.6929590702963875,14.0,0.0,0.05765422681128281,"[20.0, 20.0, 20.0, 20.0, 20.0, 20.0, 20.0, 20.0, 20.0, 20.0, 20.0, 20.0, 20.0, 20.0, 20.0, 20.0, 20.0, 20.0, 20.0, 20.0, 20.0, 20.0, 20.0, 20.0, 20.0, 20.0, 20.0, 20.0, 20.0, 20.0, 20.0, 20.0, 20.0, 20.0, 20.0, 20.0, 20.0, 20.0, 20.0, 20.0, 20.0, 20.0, 20.0, 20.0, 20.0, 20.0, 20.0, 20.0, 20.0, 20.0, 20.0, 20.0, 20.0, 20.0, 20.0, 20.0, 20.0, 20.0, 20.0, 20.0, 20.0, 20.0, 20.0, 20.0, 20.0, 20.0, 20.0, 20.0, 20.0, 20.0, 20.0, 20.0]",-0.038111213594675064,24.91838284338153,-0.8168,-3.2652,-0.3216,3.185,0.4355,-0.1832,-0.0204,-9.8081,15.547,,65.0,,,,-0.1342,-0.1459,0.1982,47.4,14.94,1.22389,1.7055,2.53,22.688,1,19.09,3.473,1,3,10,0.7,9.651,0,1.6064,0,0
1790743385.3907182,47.397994999999995,8.5461729,9.45300006866455,1.7575877904891968,0.03179173916578293,0.003271159017458558,357.34000000000003,1.7566787502255574,-0.07955161256348554,0.0,-1.1314225537634002,20.0,20.0,1.6895875930786133,-1.5885774462365703,-3.7562690652149286,1.7496439841088172,14.0,0.0,0.013356252465200585,"[20.0, 20.0, 20.0, 20.0, 20.0, 20.0, 20.0, 20.0, 20.0, 20.0, 20.0, 20.0, 20.0, 20.0, 20.0, 20.0, 20.0, 20.0, 20.0, 20.0, 20.0, 20.0, 20.0, 20.0, 20.0, 20.0, 20.0, 20.0, 20.0, 20.0, 20.0, 20.0, 20.0, 20.0, 20.0, 20.0, 20.0, 20.0, 20.0, 20.0, 20.0, 20.0, 20.0, 20.0, 20.0, 20.0, 20.0, 20.0, 20.0, 20.0, 20.0, 20.0, 20.0, 20.0, 20.0, 20.0, 20.0, 20.0, 20.0, 20.0, 20.0, 20.0, 20.0, 20.0, 20.0, 20.0, 20.0, 20.0, 20.0, 20.0, 20.0, 20.0]",-0.038111213594675064,24.91838284338153,-0.8778,-2.5633,0.053,3.0979,3.4099,-0.1894,-0.0182,-9.8063,15.547,,65.0,,,,-0.1691,-0.1508,0.2265,41.72,14.94,1.22389,1.7579,1.04,22.348,1,19.29,3.813,1,3,10,0.7,9.62,0,1.6446,0,0
1790743385.5918286,47.397998099999995,8.5461729,9.451000213623047,1.788663625717163,-0.005126961041241884,0.0037937057204544544,358.11,1.7786153872295394,-0.05984542053017727,0.0,-1.203990139701773,20.0,20.0,1.6875745058059692,-0.7860098602982362,-1.8257698895000618,1.7833635490531023,14.0,0.0,0.05682893163562937,"[20.0, 20.0, 20.0, 20.0, 20.0, 20.0, 20.0, 20.0, 20.0, 20.0, 20.0, 20.0, 20.0, 20.0, 20.0, 20.0, 20.0, 20.0, 20.0, 20.0, 20.0, 20.0, 20.0, 20.0, 20.0, 20.0, 20.0, 20.0, 20.0, 20.0, 20.0, 20.0, 20.0, 20.0, 20.0, 20.0, 20.0, 20.0, 20.0, 20.0, 20.0, 20.0, 20.0, 20.0, 20.0, 20.0, 20.0, 20.0, 20.0, 20.0, 20.0, 20.0, 20.0, 20.0, 20.0, 20.0, 20.0, 20.0, 20.0, 20.0, 20.0, 20.0, 20.0, 20.0, 20.0, 20.0, 20.0, 20.0, 20.0, 20.0, 20.0, 20.0]",-0.038111213594675064,24.91838284338153,-0.7822,-2.0951,0.8167,1.6401,4.4396,-0.2092,-0.012,-9.8013,15.547,,65.0,,,,-0.24,-0.1201,0.2683,26.58,14.94,1.22389,1.7887,359.84,22.001,1,19.5,4.16,1,3,10,0.7,9.646,0,1.6545,0,0
1790743385.7911463,47.398001199999996,8.546172799999999,9.44800090789795,1.8077642917633057,-0.031160453334450722,0.0034224223345518112,358.91,1.7948446575442778,-0.034618548423896306,0.0,-1.2771334322113717,20.0,20.0,1.682295799255371,0.18713343221139667,-0.10248980059572924,1.804356858133269,14.0,0.0,0.07054954438004403,"[20.0, 20.0, 20.0, 20.0, 20.0, 20.0, 20.0, 20.0, 20.0, 20.0, 20.0, 20.0, 20.0, 20.0, 20.0, 20.0, 20.0, 20.0, 20.0, 20.0, 20.0, 20.0, 20.0, 20.0, 20.0, 20.0, 20.0, 20.0, 20.0, 20.0, 20.0, 20.0, 20.0, 20.0, 20.0, 20.0, 20.0, 20.0, 20.0, 20.0, 20.0, 20.0, 20.0, 20.0, 20.0, 20.0, 20.0, 20.0, 20.0, 20.0, 20.0, 20.0, 20.0, 20.0, 20.0, 20.0, 20.0, 20.0, 20.0, 20.0, 20.0, 20.0, 20.0, 20.0, 20.0, 20.0, 20.0, 20.0, 20.0, 20.0, 20.0, 20.0]",-0.038111213594675064,24.91838284338153,-0.5312,-1.9314,1.5322,0.3432,3.4272,-0.2021,-0.0012,-9.8031,15.547,,65.0,,,,-0.1865,-0.1797,0.259,43.94,14.94,1.22389,1.808,359.01,21.651,1,19.69,4.511,1,3,10,0.7,9.635,0,1.6786,0,0
1790743385.9914224,47.3980044,8.5461727,9.447000503540039,1.8242648839950562,-0.04419247433543205,0.002932084957137704,359.38,1.7809032292082223,-0.021092946505554443,0.0,-1.3521752528670277,20.0,20.0,1.6756719946861267,0.7321752528670231,0.7677080898051523,1.8217451728666012,14.0,0.0,0.03941941149174248,"[20.0, 20.0, 20.0, 20.0, 20.0, 20.0, 20.0, 20.0, 20.0, 20.0, 20.0, 20.0, 20.0, 20.0, 20.0, 20.0, 20.0, 20.0, 20.0, 20.0, 20.0, 20.0, 20.0, 20.0, 20.0, 20.0, 20.0, 20.0, 20.0, 20.0, 20.0, 20.0, 20.0, 20.0, 20.0, 20.0, 20.0, 20.0, 20.0, 20.0, 20.0, 20.0, 20.0, 20.0, 20.0, 20.0, 20.0, 20.0, 20.0, 20.0, 20.0, 20.0, 20.0, 20.0, 20.0, 20.0, 20.0, 20.0, 20.0, 20.0, 20.0, 20.0, 20.0, 20.0, 20.0, 20.0, 20.0, 20.0, 20.0, 20.0, 20.0, 20.0]",-0.038111213594675064,24.91838284338153,-0.1999,-1.8947,1.5833,0.1436,1.5229,-0.2002,0.0019,-9.7973,15.547,,65.0,,,,-0.1499,-0.4303,0.4557,70.8,14.94,1.22389,1.8248,358.61,21.297,1,19.9,4.865,1,3,10,0.7,9.618,0,1.597,0,0
1790743386.1927683,47.3980076,8.5461727,9.445000648498535,1.8377842903137207,-0.045092448592185974,0.0032094004563987255,359.47,1.7765352804086083,-0.018667283208829433,0.0,-1.4302285414822222,20.0,20.0,1.6694332361221313,0.9002285414822495,0.8755451028173591,1.8351706057007993,14.0,0.0,0.011985106222801299,"[20.0, 20.0, 20.0, 20.0, 20.0, 20.0, 20.0, 20.0, 20.0, 20.0, 20.0, 20.0, 20.0, 20.0, 20.0, 20.0, 20.0, 20.0, 20.0, 20.0, 20.0, 20.0, 20.0, 20.0, 20.0, 20.0, 20.0, 20.0, 20.0, 20.0, 20.0, 20.0, 20.0, 20.0, 20.0, 20.0, 20.0, 20.0, 20.0, 20.0, 20.0, 20.0, 20.0, 20.0, 20.0, 20.0, 20.0, 20.0, 20.0, 20.0, 20.0, 20.0, 20.0, 20.0, 20.0, 20.0, 20.0, 20.0, 20.0, 20.0, 20.0, 20.0, 20.0, 20.0, 20.0, 20.0, 20.0, 20.0, 20.0, 20.0, 20.0, 20.0]",-0.038111213594675064,24.91838284338153,0.0687,-1.7338,0.9604,0.8932,-0.3175,-0.2095,-0.0075,-9.8075,15.547,,65.0,,,,-0.0569,-0.4487,0.4522,82.77,14.94,1.22389,1.8383,358.59,20.941,1,20.1,5.221,1,3,10,0.7,9.59,0,1.6122,0,0
1790743386.3936386,47.398010899999996,8.5461726,9.440999984741211,1.8454077243804932,-0.04007947817444801,0.003283401019871235,359.24,1.7803634463542224,-0.025483480821408715,0.0,-1.5106465772182673,20.0,20.0,1.6623480319976807,0.7506465772182764,0.48418249332394536,1.8422184165786213,14.0,0.0,0.010670177975640273,"[20.0, 20.0, 20.0, 20.0, 20.0, 20.0, 20.0, 20.0, 20.0, 20.0, 20.0, 20.0, 20.0, 20.0, 20.0, 20.0, 20.0, 20.0, 20.0, 20.0, 20.0, 20.0, 20.0, 20.0, 20.0, 20.0, 20.0, 20.0, 20.0, 20.0, 20.0, 20.0, 20.0, 20.0, 20.0, 20.0, 20.0, 20.0, 20.0, 20.0, 20.0, 20.0, 20.0, 20.0, 20.0, 20.0, 20.0, 20.0, 20.0, 20.0, 20.0, 20.0, 20.0, 20.0, 20.0, 20.0, 20.0, 20.0, 20.0, 20.0, 20.0, 20.0, 20.0, 20.0, 20.0, 20.0, 20.0, 20.0, 20.0, 20.0, 20.0, 20.0]",-0.038111213594675064,24.91838284338153,0.19,-1.5621,0.2838,0.6928,-1.5135,-0.2191,-0.01,-9.7991,15.547,,65.0,,,,0.022,-0.4179,0.4185,93.01,14.94,1.22389,1.8458,358.76,20.581,1,20.3,5.58,1,3,10,0.7,9.617,0,1.6366,0,0
1790743386.5936599,47.3980141,8.546172499999999,9.438000679016113,1.8492140769958496,-0.034841809421777725,0.0030492879450321198,358.89,1.787135300139876,-0.03583466193370431,0.0,-1.593860757255129,20.0,20.0,1.6548957228660583,0.48386075725511546,-0.030594170876034426,1.8454239680086488,14.0,0.0,0.019208247622152577,"[20.0, 20.0, 20.0, 20.0, 20.0, 20.0, 20.0, 20.0, 20.0, 20.0, 20.0, 20.0, 20.0, 20.0, 20.0, 20.0, 20.0, 20.0, 20.0, 20.0, 20.0, 20.0, 20.0, 20.0, 20.0, 20.0, 20.0, 20.0, 20.0, 20.0, 20.0, 20.0, 20.0, 20.0, 20.0, 20.0, 20.0, 20.0, 20.0, 20.0, 20.0, 20.0, 20.0, 20.0, 20.0, 20.0, 20.0, 20.0, 20.0, 20.0, 20.0, 20.0, 20.0, 20.0, 20.0, 20.0, 20.0, 20.0, 20.0, 20.0, 20.0, 20.0, 20.0, 20.0, 20.0, 20.0, 20.0, 20.0, 20.0, 20.0, 20.0, 20.0]",-0.038111213594675064,24.91838284338153,0.1922,-1.4765,-0.1755,0.232,-1.7962,-0.2183,-0.0082,-9.8092,15.547,,65.0,,,,0.1065,-0.4408,0.4535,103.58,14.94,1.22389,1.8495,358.92,20.219,1,20.5,5.942,1,3,10,0.7,9.635,0,1.6228,0,0
1790743386.7947896,47.398016999999996,8.5461724,9.437000274658203,1.8522310256958008,-0.029445089399814606,0.0023198111448436975,358.59000000000003,1.792412179544977,-0.04480110760499232,0.0,-1.6825277400461118,20.0,20.0,1.649759829044342,0.27252774004614366,-0.49924036476171835,1.8477903363833814,14.0,0.0,0.015267001778304189,"[20.0, 20.0, 20.0, 20.0, 20.0, 20.0, 20.0, 20.0, 20.0, 20.0, 20.0, 20.0, 20.0, 20.0, 20.0, 20.0, 20.0, 20.0, 20.0, 20.0, 20.0, 20.0, 20.0, 20.0, 20.0, 20.0, 20.0, 20.0, 20.0, 20.0, 20.0, 20.0, 20.0, 20.0, 20.0, 20.0, 20.0, 20.0, 20.0, 20.0, 20.0, 20.0, 20.0, 20.0, 20.0, 20.0, 20.0, 20.0, 20.0, 20.0, 20.0, 20.0, 20.0, 20.0, 20.0, 20.0, 20.0, 20.0, 20.0, 20.0, 20.0, 20.0, 20.0, 20.0, 20.0, 20.0, 20.0, 20.0, 20.0, 20.0, 20.0, 20.0]",-0.038111213594675064,24.91838284338153,0.1148,-1.461,-0.4712,-0.0074,-1.443,-0.2164,-0.0085,-9.8067,15.487,,62.0,,,,0.1327,-0.3797,0.4022,109.27,14.94,1.22389,1.8525,359.09,19.855,1,20.7,6.306,1,3,10,0.7,9.658,0,1.6514,0,0
1790743386.9961467,47.398016999999996,8.5461724,9.437000274658203,1.8522310256958008,-0.029445089399814606,0.0023198111448436975,358.59000000000003,1.792412179544977,-0.04480110760499232,0.0,-1.6825277400461118,20.0,20.0,1.649759829044342,0.27252774004614366,-0.49924036476171835,1.8477903363833814,14.0,0.0,0.0,"[20.0, 20.0, 20.0, 20.0, 20.0, 20.0, 20.0, 20.0, 20.0, 20.0, 20.0, 20.0, 20.0, 20.0, 20.0, 20.0, 20.0, 20.0, 20.0, 20.0, 20.0, 20.0, 20.0, 20.0, 20.0, 20.0, 20.0, 20.0, 20.0, 20.0, 20.0, 20.0, 20.0, 20.0, 20.0, 20.0, 20.0, 20.0, 20.0, 20.0, 20.0, 20.0, 20.0, 20.0, 20.0, 20.0, 20.0, 20.0, 20.0, 20.0, 20.0, 20.0, 20.0, 20.0, 20.0, 20.0, 20.0, 20.0, 20.0, 20.0, 20.0, 20.0, 20.0, 20.0, 20.0, 20.0, 20.0, 20.0, 20.0, 20.0, 20.0, 20.0]",-0.038111213594675064,24.91838284338153,0.1148,-1.461,-0.4712,-0.0074,-1.443,-0.2164,-0.0085,-9.8067,15.487,,62.0,,,,0.0943,-0.3661,0.3781,104.45,14.94,1.22389,1.8525,359.09,19.855,1,20.9,6.306,1,3,10,0.7,9.658,0,1.6634,0,0
1790743387.197234,47.398016999999996,8.5461724,9.437000274658203,1.8522310256958008,-0.029445089399814606,0.0023198111448436975,358.59000000000003,1.792412179544977,-0.04480110760499232,0.0,-1.6825277400461118,20.0,20.0,1.649759829044342,0.27252774004614366,-0.49924036476171835,1.8477903363833814,14.0,0.0,0.0,"[20.0, 20.0, 20.0, 20.0, 20.0, 20.0, 20.0, 20.0, 20.0, 20.0, 20.0, 20.0, 20.0, 20.0, 20.0, 20.0, 20.0, 20.0, 20.0, 20.0, 20.0, 20.0, 20.0, 20.0, 20.0, 20.0, 20.0, 20.0, 20.0, 20.0, 20.0, 20.0, 20.0, 20.0, 20.0, 20.0, 20.0, 20.0, 20.0, 20.0, 20.0, 20.0, 20.0, 20.0, 20.0, 20.0, 20.0, 20.0, 20.0, 20.0, 20.0, 20.0, 20.0, 20.0, 20.0, 20.0, 20.0, 20.0, 20.0, 20.0, 20.0, 20.0, 20.0, 20.0, 20.0, 20.0, 20.0, 20.0, 20.0, 20.0, 20.0, 20.0]",-0.038111213594675064,24.91838284338153,0.1148,-1.461,-0.4712,-0.0074,-1.443,-0.2164,-0.0085,-9.8067,15.487,,62.0,,,,0.0033,-0.4152,0.4152,90.46,14.94,1.22389,1.8525,359.09,19.855,1,21.1,6.306,1,3,10,0.7,9.658,0,1.6448,0,0
1790743387.3981218,47.398016999999996,8.5461724,9.437000274658203,1.8522310256958008,-0.029445089399814606,0.0023198111448436975,358.59000000000003,1.792412179544977,-0.04480110760499232,0.0,-1.6825277400461118,20.0,20.0,1.649759829044342,0.27252774004614366,-0.49924036476171835,1.8477903363833814,14.0,0.0,0.0,"[20.0, 20.0, 20.0, 20.0, 20.0, 20.0, 20.0, 20.0, 20.0, 20.0, 20.0, 20.0, 20.0, 20.0, 20.0, 20.0, 20.0, 20.0, 20.0, 20.0, 20.0, 20.0, 20.0, 20.0, 20.0, 20.0, 20.0, 20.0, 20.0, 20.0, 20.0, 20.0, 20.0, 20.0, 20.0, 20.0, 20.0, 20.0, 20.0, 20.0, 20.0, 20.0, 20.0, 20.0, 20.0, 20.0, 20.0, 20.0, 20.0, 20.0, 20.0, 20.0, 20.0, 20.0, 20.0, 20.0, 20.0, 20.0, 20.0, 20.0, 20.0, 20.0, 20.0, 20.0, 20.0, 20.0, 20.0, 20.0, 20.0, 20.0, 20.0, 20.0]",-0.038111213594675064,24.91838284338153,0.1148,-1.461,-0.4712,-0.0074,-1.443,-0.2164,-0.0085,-9.8067,15.487,,62.0,,,,-0.1455,-0.431,0.4549,71.34,14.94,1.22389,1.8525,359.09,19.855,1,21.3,6.306,1,3,10,0.7,9.658,0,1.625,0,0
1790743387.599018,47.398016999999996,8.5461724,9.437000274658203,1.8522310256958008,-0.029445089399814606,0.0023198111448436975,358.59000000000003,1.792412179544977,-0.04480110760499232,0.0,-1.6825277400461118,20.0,20.0,1.649759829044342,0.27252774004614366,-0.49924036476171835,1.8477903363833814,14.0,0.0,0.0,"[20.0, 20.0, 20.0, 20.0, 20.0, 20.0, 20.0, 20.0, 20.0, 20.0, 20.0, 20.0, 20.0, 20.0, 20.0, 20.0, 20.0, 20.0, 20.0, 20.0, 20.0, 20.0, 20.0, 20.0, 20.0, 20.0, 20.0, 20.0, 20.0, 20.0, 20.0, 20.0, 20.0, 20.0, 20.0, 20.0, 20.0, 20.0, 20.0, 20.0, 20.0, 20.0, 20.0, 20.0, 20.0, 20.0, 20.0, 20.0, 20.0, 20.0, 20.0, 20.0, 20.0, 20.0, 20.0, 20.0, 20.0, 20.0, 20.0, 20.0, 20.0, 20.0, 20.0, 20.0, 20.0, 20.0, 20.0, 20.0, 20.0, 20.0, 20.0, 20.0]",-0.038111213594675064,24.91838284338153,0.1148,-1.461,-0.4712,-0.0074,-1.443,-0.2164,-0.0085,-9.8067,15.487,,62.0,,,,-0.1293,-0.4708,0.4882,74.65,14.94,1.22389,1.8525,359.09,19.855,1,21.5,6.306,1,3,10,0.7,9.658,0,1.6084,0,0
1790743387.7998822,47.398016999999996,8.5461724,9.437000274658203,1.8522310256958008,-0.029445089399814606,0.0023198111448436975,358.59000000000003,1.792412179544977,-0.04480110760499232,0.0,-1.6825277400461118,20.0,20.0,1.649759829044342,0.27252774004614366,-0.49924036476171835,1.8477903363833814,14.0,0.0,0.0,"[20.0, 20.0, 20.0, 20.0, 20.0, 20.0, 20.0, 20.0, 20.0, 20.0, 20.0, 20.0, 20.0, 20.0, 20.0, 20.0, 20.0, 20.0, 20.0, 20.0, 20.0, 20.0, 20.0, 20.0, 20.0, 20.0, 20.0, 20.0, 20.0, 20.0, 20.0, 20.0, 20.0, 20.0, 20.0, 20.0, 20.0, 20.0, 20.0, 20.0, 20.0, 20.0, 20.0, 20.0, 20.0, 20.0, 20.0, 20.0, 20.0, 20.0, 20.0, 20.0, 20.0, 20.0, 20.0, 20.0, 20.0, 20.0, 20.0, 20.0, 20.0, 20.0, 20.0, 20.0, 20.0, 20.0, 20.0, 20.0, 20.0, 20.0, 20.0, 20.0]",-0.038111213594675064,24.91838284338153,0.1148,-1.461,-0.4712,-0.0074,-1.443,-0.2164,-0.0085,-9.8067,15.487,,62.0,,,,-0.1238,-0.3233,0.3463,69.04,14.94,1.22389,1.8525,359.09,19.855,1,21.7,6.306,1,3,10,0.7,9.658,0,1.6793,0,0
1790743388.0013983,47.398016999999996,8.5461724,9.437000274658203,1.8522310256958008,-0.029445089399814606,0.0023198111448436975,358.59000000000003,1.792412179544977,-0.04480110760499232,0.0,-1.6825277400461118,20.0,20.0,1.649759829044342,0.27252774004614366,-0.49924036476171835,1.8477903363833814,14.0,0.0,0.0,"[20.0, 20.0, 20.0, 20.0, 20.0, 20.0, 20.0, 20.0, 20.0, 20.0, 20.0, 20.0, 20.0, 20.0, 20.0, 20.0, 20.0, 20.0, 20.0, 20.0, 20.0, 20.0, 20.0, 20.0, 20.0, 20.0, 20.0, 20.0, 20.0, 20.0, 20.0, 20.0, 20.0, 20.0, 20.0, 20.0, 20.0, 20.0, 20.0, 20.0, 20.0, 20.0, 20.0, 20.0, 20.0, 20.0, 20.0, 20.0, 20.0, 20.0, 20.0, 20.0, 20.0, 20.0, 20.0, 20.0, 20.0, 20.0, 20.0, 20.0, 20.0, 20.0, 20.0, 20.0, 20.0, 20.0, 20.0, 20.0, 20.0, 20.0, 20.0, 20.0]",-0.038111213594675064,24.91838284338153,0.1148,-1.461,-0.4712,-0.0074,-1.443,-0.2164,-0.0085,-9.8067,15.487,,62.0,,,,-0.221,-0.3404,0.4059,57.0,14.94,1.22389,1.8525,359.09,19.855,1,21.9,6.306,1,3,10,0.7,9.658,0,1.6495,0,0
1790743388.2017298,47.3980183,8.5461724,9.437000274658203,1.852726936340332,-0.028686227276921272,0.0021587770897895098,358.48,1.7942882802574094,-0.04747969654728398,0.0,-1.6972858005760258,20.0,20.0,1.6492241621017456,0.19728580057602585,-0.6129462203969713,1.8481868101006587,14.0,0.0,0.005462668270967717,"[20.0, 20.0, 20.0, 20.0, 20.0, 20.0, 20.0, 20.0, 20.0, 20.0, 20.0, 20.0, 20.0, 20.0, 20.0, 20.0, 20.0, 20.0, 20.0, 20.0, 20.0, 20.0, 20.0, 20.0, 20.0, 20.0, 20.0, 20.0, 20.0, 20.0, 20.0, 20.0, 20.0, 20.0, 20.0, 20.0, 20.0, 20.0, 20.0, 20.0, 20.0, 20.0, 20.0, 20.0, 20.0, 20.0, 20.0, 20.0, 20.0, 20.0, 20.0, 20.0, 20.0, 20.0, 20.0, 20.0, 20.0, 20.0, 20.0, 20.0, 20.0, 20.0, 20.0, 20.0, 20.0, 20.0, 20.0, 20.0, 20.0, 20.0, 20.0, 20.0]",-0.038111213594675064,24.91838284338153,0.0831,-1.4575,-0.6231,-0.088,-1.3025,-0.2227,-0.0016,-9.8023,15.487,,62.0,,,,-0.3251,-0.3345,0.4665,45.82,14.94,1.22389,1.8529,359.11,19.797,1,22.11,6.364,1,3,10,0.7,9.664,0,1.6197,0,0
1790743388.4024875,47.3980216,8.5461724,9.438000679016113,1.855058193206787,-0.026374123990535736,0.001935575040988624,358.27,1.7975577594611307,-0.05445025260864893,0.0,-1.7928705408606902,20.0,20.0,1.6471658945083618,0.06287054086067201,-0.9154572574269708,1.8500895677990132,14.0,0.0,0.009788132842453506,"[20.0, 20.0, 20.0, 20.0, 20.0, 20.0, 20.0, 20.0, 20.0, 20.0, 20.0, 20.0, 20.0, 20.0, 20.0, 20.0, 20.0, 20.0, 20.0, 20.0, 20.0, 20.0, 20.0, 20.0, 20.0, 20.0, 20.0, 20.0, 20.0, 20.0, 20.0, 20.0, 20.0, 20.0, 20.0, 20.0, 20.0, 20.0, 20.0, 20.0, 20.0, 20.0, 20.0, 20.0, 20.0, 20.0, 20.0, 20.0, 20.0, 20.0, 20.0, 20.0, 20.0, 20.0, 20.0, 20.0, 20.0, 20.0, 20.0, 20.0, 20.0, 20.0, 20.0, 20.0, 20.0, 20.0, 20.0, 20.0, 20.0, 20.0, 20.0, 20.0]",-0.038111213594675064,24.91838284338153,-0.0431,-1.4713,-0.5628,-0.0713,-0.7742,-0.2197,-0.0049,-9.805,15.487,,62.0,,,,-0.1936,-0.2748,0.3361,54.83,14.94,1.22389,1.8552,359.19,19.433,1,22.31,6.729,1,3,10,0.7,9.655,0,1.6872,0,0
1790743388.603959,47.398024899999996,8.5461724,9.439000129699707,1.8590619564056396,-0.026065999642014503,0.00183488626498729,358.13,1.7983991559432468,-0.05877898407696093,0.0,-1.8949030322885392,20.0,20.0,1.6472147107124329,0.024903032288534632,-1.0667056786062667,1.85379973242795,14.0,0.0,0.0027676073035630255,"[20.0, 20.0, 20.0, 20.0, 20.0, 20.0, 20.0, 20.0, 20.0, 20.0, 20.0, 20.0, 20.0, 20.0, 20.0, 20.0, 20.0, 20.0, 20.0, 20.0, 20.0, 20.0, 20.0, 20.0, 20.0, 20.0, 20.0, 20.0, 20.0, 20.0, 20.0, 20.0, 20.0, 20.0, 20.0, 20.0, 20.0, 20.0, 20.0, 20.0, 20.0, 20.0, 20.0, 20.0, 20.0, 20.0, 20.0, 20.0, 20.0, 20.0, 20.0, 20.0, 20.0, 20.0, 20.0, 20.0, 20.0, 20.0, 20.0, 20.0, 20.0, 20.0, 20.0, 20.0, 20.0, 20.0, 20.0, 20.0, 20.0, 20.0, 20.0, 20.0]",-0.038111213594675064,24.91838284338153,-0.1372,-1.4597,-0.4382,0.1716,-0.2426,-0.2204,-0.0184,-9.8021,15.487,,62.0,,,,-0.2816,-0.2889,0.4035,45.74,14.94,1.22389,1.8592,359.2,19.068,1,22.51,7.094,1,3,10,0.7,9.702,0,1.6575,0,0
1790743388.80502,47.3980282,8.5461724,9.440999984741211,1.8613468408584595,-0.028424888849258423,0.0015864106826484203,358.05,1.7976136068216912,-0.0613343796039848,0.0,-2.002095463998728,20.0,20.0,1.647928535938263,0.05209546399873943,-1.0750961167365307,1.856019776455375,14.0,0.0,0.001983232823072617,"[20.0, 20.0, 20.0, 20.0, 20.0, 20.0, 20.0, 20.0, 20.0, 20.0, 20.0, 20.0, 20.0, 20.0, 20.0, 20.0, 20.0, 20.0, 20.0, 20.0, 20.0, 20.0, 20.0, 20.0, 20.0, 20.0, 20.0, 20.0, 20.0, 20.0, 20.0, 20.0, 20.0, 20.0, 20.0, 20.0, 20.0, 20.0, 20.0, 20.0, 20.0, 20.0, 20.0, 20.0, 20.0, 20.0, 20.0, 20.0, 20.0, 20.0, 20.0, 20.0, 20.0, 20.0, 20.0, 20.0, 20.0, 20.0, 20.0, 20.0, 20.0, 20.0, 20.0, 20.0, 20.0, 20.0, 20.0, 20.0, 20.0, 20.0, 20.0, 20.0]",-0.038111213594675064,24.91838284338153,-0.2077,-1.4248,-0.2276,0.2181,0.0392,-0.2154,-0.0035,-9.8016,15.487,,62.0,,,,-0.27,-0.3901,0.4744,55.32,14.94,1.22389,1.8616,359.13,18.702,1,22.71,7.46,1,3,10,0.7,9.687,0,1.6243,0,0
1790743389.005319,47.3980314,8.5461723,9.440999984741211,1.8614013195037842,-0.035703904926776886,0.002143565332517028,358.08,1.794117906195588,-0.060616876122426555,0.0,-2.1085610273448765,20.0,20.0,1.644679605960846,0.18856102734486058,-0.8211331318191579,1.8565054559154415,14.0,0.0,0.009943700842244439,"[20.0, 20.0, 20.0, 20.0, 20.0, 20.0, 20.0, 20.0, 20.0, 20.0, 20.0, 20.0, 20.0, 20.0, 20.0, 20.0, 20.0, 20.0, 20.0, 20.0, 20.0, 20.0, 20.0, 20.0, 20.0, 20.0, 20.0, 20.0, 20.0, 20.0, 20.0, 20.0, 20.0, 20.0, 20.0, 20.0, 20.0, 20.0, 20.0, 20.0, 20.0, 20.0, 20.0, 20.0, 20.0, 20.0, 20.0, 20.0, 20.0, 20.0, 20.0, 20.0, 20.0, 20.0, 20.0, 20.0, 20.0, 20.0, 20.0, 20.0, 20.0, 20.0, 20.0, 20.0, 20.0, 20.0, 20.0, 20.0, 20.0, 20.0, 20.0, 20.0]",-0.038111213594675064,24.91838284338153,-0.2269,-1.3876,0.0529,0.1592,0.1318,-0.2229,0.0004,-9.8053,15.487,,62.0,,,,-0.3024,-0.3588,0.4692,49.87,14.94,1.22389,1.8617,358.9,18.337,1,22.91,7.826,1,3,10,0.7,9.694,0,1.6271,0,0
1790743389.2060266,47.3980347,8.546172199999999,9.440999984741211,1.8597183227539062,-0.04857166111469269,0.0019335407996550202,358.15000000000003,1.7897126603462972,-0.05871108552986252,0.0,-2.211247927498505,20.0,20.0,1.6353576183319092,0.36124792749853896,-0.41401004288426424,1.8559150765388666,14.0,0.0,0.012565458568391715,"[20.0, 20.0, 20.0, 20.0, 20.0, 20.0, 20.0, 20.0, 20.0, 20.0, 20.0, 20.0, 20.0, 20.0, 20.0, 20.0, 20.0, 20.0, 20.0, 20.0, 20.0, 20.0, 20.0, 20.0, 20.0, 20.0, 20.0, 20.0, 20.0, 20.0, 20.0, 20.0, 20.0, 20.0, 20.0, 20.0, 20.0, 20.0, 20.0, 20.0, 20.0, 20.0, 20.0, 20.0, 20.0, 20.0, 20.0, 20.0, 20.0, 20.0, 20.0, 20.0, 20.0, 20.0, 20.0, 20.0, 20.0, 20.0, 20.0, 20.0, 20.0, 20.0, 20.0, 20.0, 20.0, 20.0, 20.0, 20.0, 20.0, 20.0, 20.0, 20.0]",-0.038111213594675064,24.91838284338153,-0.1707,-1.3463,0.3838,0.125,-0.1292,-0.22,-0.0128,-9.812,15.487,,62.0,,,,-0.3228,-0.345,0.4724,46.91,14.94,1.22389,1.8604,358.5,17.971,1,23.11,8.191,1,3,10,0.7,9.64,0,1.6241,0,0
1790743389.4065375,47.398038,8.546172,9.440000534057617,1.8576627969741821,-0.05676048994064331,0.0018430216005071998,358.16,1.7862985140592753,-0.05861568870307684,0.0,-2.332890402098542,20.0,20.0,1.619574785232544,0.49289040209856694,-0.08988419368084596,1.8543964430226985,14.0,0.0,0.009507570406310078,"[20.0, 20.0, 20.0, 20.0, 20.0, 20.0, 20.0, 20.0, 20.0, 20.0, 20.0, 20.0, 20.0, 20.0, 20.0, 20.0, 20.0, 20.0, 20.0, 20.0, 20.0, 20.0, 20.0, 20.0, 20.0, 20.0, 20.0, 20.0, 20.0, 20.0, 20.0, 20.0, 20.0, 20.0, 20.0, 20.0, 20.0, 20.0, 20.0, 20.0, 20.0, 20.0, 20.0, 20.0, 20.0, 20.0, 20.0, 20.0, 20.0, 20.0, 20.0, 20.0, 20.0, 20.0, 20.0, 20.0, 20.0, 20.0, 20.0, 20.0, 20.0, 20.0, 20.0, 20.0, 20.0, 20.0, 20.0, 20.0, 20.0, 20.0, 20.0, 20.0]",-0.038111213594675064,24.91838284338153,-0.0792,-1.2938,0.4685,0.2766,-0.473,-0.222,-0.0089,-9.8087,15.487,,62.0,,,,-0.2398,-0.3769,0.4467,57.53,14.94,1.22389,1.8585,358.25,17.532,1,23.31,8.631,1,3,10,0.7,9.613,0,1.6352,0,0
1790743389.607748,47.398041299999996,8.5461718,9.438000679016113,1.8528629541397095,-0.06209036335349083,0.0018769322196021676,358.08,1.7856594373421766,-0.061143990366690486,0.0,-2.434209741899508,20.0,20.0,1.6043348908424377,0.5142097418994922,-0.0007080116470638997,1.849989351446017,14.0,0.0,0.001533996057411975,"[20.0, 20.0, 20.0, 20.0, 20.0, 20.0, 20.0, 20.0, 20.0, 20.0, 20.0, 20.0, 20.0, 20.0, 20.0, 20.0, 20.0, 20.0, 20.0, 20.0, 20.0, 20.0, 20.0, 20.0, 20.0, 20.0, 20.0, 20.0, 20.0, 20.0, 20.0, 20.0, 20.0, 20.0, 20.0, 20.0, 20.0, 20.0, 20.0, 20.0, 20.0, 20.0, 20.0, 20.0, 20.0, 20.0, 20.0, 20.0, 20.0, 20.0, 20.0, 20.0, 20.0, 20.0, 20.0, 20.0, 20.0, 20.0, 20.0, 20.0, 20.0, 20.0, 20.0, 20.0, 20.0, 20.0, 20.0, 20.0, 20.0, 20.0, 20.0, 20.0]",-0.038111213594675064,24.91838284338153,0.0008,-1.2561,0.3432,0.079,-0.8861,-0.2133,-0.0169,-9.8091,15.487,,62.0,,,,-0.2511,-0.3224,0.4086,52.09,14.94,1.22389,1.8539,358.08,17.168,1,23.51,8.995,1,3,10,0.7,9.691,0,1.6496,0,0
1790743389.8085902,47.3980446,8.5461716,9.43600082397461,1.8484638929367065,-0.06334753334522247,0.001523113576695323,357.89,1.7876220163996066,-0.06693805176063918,0.0,-2.540692366589724,20.0,20.0,1.5902079939842224,0.4306923665897102,-0.14722085075984187,1.8455714148743023,14.0,0.0,0.006015791332101323,"[20.0, 20.0, 20.0, 20.0, 20.0, 20.0, 20.0, 20.0, 20.0, 20.0, 20.0, 20.0, 20.0, 20.0, 20.0, 20.0, 20.0, 20.0, 20.0, 20.0, 20.0, 20.0, 20.0, 20.0, 20.0, 20.0, 20.0, 20.0, 20.0, 20.0, 20.0, 20.0, 20.0, 20.0, 20.0, 20.0, 20.0, 20.0, 20.0, 20.0, 20.0, 20.0, 20.0, 20.0, 20.0, 20.0, 20.0, 20.0, 20.0, 20.0, 20.0, 20.0, 20.0, 20.0, 20.0, 20.0, 20.0, 20.0, 20.0, 20.0, 20.0, 20.0, 20.0, 20.0, 20.0, 20.0, 20.0, 20.0, 20.0, 20.0, 20.0, 20.0]",-0.038111213594675064,24.91838284338153,0.0459,-1.2526,0.0979,-0.0279,-1.1398,-0.2265,-0.0145,-9.8155,15.487,,62.0,,,,-0.2657,-0.2479,0.3634,43.02,14.94,1.22389,1.8495,358.04,16.803,1,23.71,9.36,1,3,10,0.7,9.688,0,1.6679,0,0
1790743390.0093932,47.398047899999995,8.5461714,9.43600082397461,1.8461018800735474,-0.06307737529277802,0.0016944132512435317,357.62,1.791387187461154,-0.07513875712675941,0.0,-2.6529016091784,20.0,20.0,1.5768873691558838,0.27290160917840467,-0.42308635196501354,1.8430110741162846,14.0,0.0,0.011408246679862885,"[20.0, 20.0, 20.0, 20.0, 20.0, 20.0, 20.0, 20.0, 20.0, 20.0, 20.0, 20.0, 20.0, 20.0, 20.0, 20.0, 20.0, 20.0, 20.0, 20.0, 20.0, 20.0, 20.0, 20.0, 20.0, 20.0, 20.0, 20.0, 20.0, 20.0, 20.0, 20.0, 20.0, 20.0, 20.0, 20.0, 20.0, 20.0, 20.0, 20.0, 20.0, 20.0, 20.0, 20.0, 20.0, 20.0, 20.0, 20.0, 20.0, 20.0, 20.0, 20.0, 20.0, 20.0, 20.0, 20.0, 20.0, 20.0, 20.0, 20.0, 20.0, 20.0, 20.0, 20.0, 20.0, 20.0, 20.0, 20.0, 20.0, 20.0, 20.0, 20.0]",-0.038111213594675064,24.91838284338153,0.0288,-1.2671,-0.1697,0.0026,-1.0624,-0.2251,-0.0169,-9.8148,15.487,,62.0,,,,-0.2999,-0.275,0.4069,42.52,14.94,1.22389,1.8472,358.04,16.436,1,23.91,9.726,1,3,10,0.7,9.699,0,1.6437,0,0
1790743390.2105656,47.3980512,8.5461713,9.438000679016113,1.8451356887817383,-0.0653877854347229,0.000609263894148171,357.43,1.7930709428631235,-0.08097876579954058,0.0,-2.767973950035298,20.0,20.0,1.5625863671302795,0.19797395003530482,-0.5404056342883542,1.842097937489124,14.0,0.0,0.005436456839736868,"[20.0, 20.0, 20.0, 20.0, 20.0, 20.0, 20.0, 20.0, 20.0, 20.0, 20.0, 20.0, 20.0, 20.0, 20.0, 20.0, 20.0, 20.0, 20.0, 20.0, 20.0, 20.0, 20.0, 20.0, 20.0, 20.0, 20.0, 20.0, 20.0, 20.0, 20.0, 20.0, 20.0, 20.0, 20.0, 20.0, 20.0, 20.0, 20.0, 20.0, 20.0, 20.0, 20.0, 20.0, 20.0, 20.0, 20.0, 20.0, 20.0, 20.0, 20.0, 20.0, 20.0, 20.0, 20.0, 20.0, 20.0, 20.0, 20.0, 20.0, 20.0, 20.0, 20.0, 20.0, 20.0, 20.0, 20.0, 20.0, 20.0, 20.0, 20.0, 20.0]",-0.038111213594675064,24.91838284338153,-0.0218,-1.289,-0.179,-0.0284,-0.8368,-0.224,-0.0159,-9.7992,15.427,,59.0,,,,-0.0863,-0.3113,0.323,74.51,14.94,1.22389,1.8463,357.97,16.068,1,24.11,10.094,1,3,10,0.7,9.676,0,1.6848,0,0
1790743390.4107876,47.3980545,8.5461711,9.442000389099121,1.8450546264648438,-0.06987741589546204,6.3899788074195385e-06,357.32,1.7927052127959928,-0.08443135444610236,0.0,-2.8859605389529293,20.0,20.0,1.5472268462181091,0.20596053895292243,-0.5110840365116541,1.8422934664284332,14.0,0.0,0.0005826270408397765,"[20.0, 20.0, 20.0, 20.0, 20.0, 20.0, 20.0, 20.0, 20.0, 20.0, 20.0, 20.0, 20.0, 20.0, 20.0, 20.0, 20.0, 20.0, 20.0, 20.0, 20.0, 20.0, 20.0, 20.0, 20.0, 20.0, 20.0, 20.0, 20.0, 20.0, 20.0, 20.0, 20.0, 20.0, 20.0, 20.0, 20.0, 20.0, 20.0, 20.0, 20.0, 20.0, 20.0, 20.0, 20.0, 20.0, 20.0, 20.0, 20.0, 20.0, 20.0, 20.0, 20.0, 20.0, 20.0, 20.0, 20.0, 20.0, 20.0, 20.0, 20.0, 20.0, 20.0, 20.0, 20.0, 20.0, 20.0, 20.0, 20.0, 20.0, 20.0, 20.0]",-0.038111213594675064,24.91838284338153,-0.0603,-1.2946,-0.1534,0.0272,-0.5732,-0.2181,-0.0217,-9.7903,15.427,,59.0,,,,-0.1114,-0.2213,0.2477,63.28,14.94,1.22389,1.8464,357.83,15.699,1,24.31,10.464,1,3,10,0.7,9.714,0,1.7225,0,0
1790743390.6113153,47.3980578,8.5461709,9.445000648498535,1.845357894897461,-0.07413642108440399,0.00011017960787285119,357.23,1.7916850740238681,-0.0872897621175912,0.0,-3.0101071886429622,20.0,20.0,1.532354474067688,0.24010718864298042,-0.4694050846463981,1.8428410257760512,14.0,0.0,0.0024779215952029387,"[20.0, 20.0, 20.0, 20.0, 20.0, 20.0, 20.0, 20.0, 20.0, 20.0, 20.0, 20.0, 20.0, 20.0, 20.0, 20.0, 20.0, 20.0, 20.0, 20.0, 20.0, 20.0, 20.0, 20.0, 20.0, 20.0, 20.0, 20.0, 20.0, 20.0, 20.0, 20.0, 20.0, 20.0, 20.0, 20.0, 20.0, 20.0, 20.0, 20.0, 20.0, 20.0, 20.0, 20.0, 20.0, 20.0, 20.0, 20.0, 20.0, 20.0, 20.0, 20.0, 20.0, 20.0, 20.0, 20.0, 20.0, 20.0, 20.0, 20.0, 20.0, 20.0, 20.0, 20.0, 20.0, 20.0, 20.0, 20.0, 20.0, 20.0, 20.0, 20.0]",-0.038111213594675064,24.91838284338153,-0.068,-1.2787,-0.065,0.1109,-0.3647,-0.213,-0.0115,-9.7917,15.427,,59.0,,,,0.0248,-0.1618,0.1637,98.73,14.94,1.22389,1.8468,357.7,15.327,1,24.51,10.835,1,3,10,0.7,9.679,0,1.765,0,0
1790743390.8127387,47.3980612,8.5461707,9.447000503540039,1.8460040092468262,-0.0761876255273819,0.0004120803496334702,357.09000000000003,1.7916371294539626,-0.09165963725462936,0.0,-3.143526097150186,20.0,20.0,1.5192598700523376,0.233526097150218,-0.546650083549911,1.843473528365179,14.0,0.0,0.0004772181952403191,"[20.0, 20.0, 20.0, 20.0, 20.0, 20.0, 20.0, 20.0, 20.0, 20.0, 20.0, 20.0, 20.0, 20.0, 20.0, 20.0, 20.0, 20.0, 20.0, 20.0, 20.0, 20.0, 20.0, 20.0, 20.0, 20.0, 20.0, 20.0, 20.0, 20.0, 20.0, 20.0, 20.0, 20.0, 20.0, 20.0, 20.0, 20.0, 20.0, 20.0, 20.0, 20.0, 20.0, 20.0, 20.0, 20.0, 20.0, 20.0, 20.0, 20.0, 20.0, 20.0, 20.0, 20.0, 20.0, 20.0, 20.0, 20.0, 20.0, 20.0, 20.0, 20.0, 20.0, 20.0, 20.0, 20.0, 20.0, 20.0, 20.0, 20.0, 20.0, 20.0]",-0.038111213594675064,24.91838284338153,-0.0784,-1.2456,-0.1167,0.2172,-0.4336,-0.2156,-0.0085,-9.8016,15.427,,59.0,,,,-0.0554,-0.0403,0.0686,36.03,14.94,1.22389,1.8476,357.64,14.955,1,24.72,11.208,1,3,10,0.7,9.712,0,1.8133,0,0
1790743391.0138035,47.3980645,8.546170499999999,9.450000762939453,1.843613862991333,-0.07747509330511093,0.0005089403712190688,356.91,1.7923267390962305,-0.0972458536492442,0.0,-3.285482640574685,20.0,20.0,1.5080090165138245,0.19548264057470988,-0.6836470929343686,1.8409785902763849,14.0,0.0,0.0027608396627678065,"[20.0, 20.0, 20.0, 20.0, 20.0, 20.0, 20.0, 20.0, 20.0, 20.0, 20.0, 20.0, 20.0, 20.0, 20.0, 20.0, 20.0, 20.0, 20.0, 20.0, 20.0, 20.0, 20.0, 20.0, 20.0, 20.0, 20.0, 20.0, 20.0, 20.0, 20.0, 20.0, 20.0, 20.0, 20.0, 20.0, 20.0, 20.0, 20.0, 20.0, 20.0, 20.0, 20.0, 20.0, 20.0, 20.0, 20.0, 20.0, 20.0, 20.0, 20.0, 20.0, 20.0, 20.0, 20.0, 20.0, 20.0, 20.0, 20.0, 20.0, 20.0, 20.0, 20.0, 20.0, 20.0, 20.0, 20.0, 20.0, 20.0, 20.0, 20.0, 20.0]",-0.038111213594675064,24.91838284338153,-0.1034,-1.227,-0.1659,0.0079,-0.4136,-0.2219,-0.004,-9.8013,15.427,,59.0,,,,-0.0935,0.0921,0.1312,315.41,14.94,1.22389,1.8452,357.59,14.585,1,24.92,11.578,1,3,10,0.7,9.736,0,1.7796,0,0
1790743391.2137861,47.3980678,8.5461704,9.452000617980957,1.8411409854888916,-0.07986551523208618,0.00040455354610458016,356.76,1.7921363280028788,-0.10193500486742509,0.0,-3.4327697109128508,20.0,20.0,1.4962479770183563,0.19276971091284167,-0.7561652096803385,1.8385136896290026,14.0,0.0,0.00019782930746474584,"[20.0, 20.0, 20.0, 20.0, 20.0, 20.0, 20.0, 20.0, 20.0, 20.0, 20.0, 20.0, 20.0, 20.0, 20.0, 20.0, 20.0, 20.0, 20.0, 20.0, 20.0, 20.0, 20.0, 20.0, 20.0, 20.0, 20.0, 20.0, 20.0, 20.0, 20.0, 20.0, 20.0, 20.0, 20.0, 20.0, 20.0, 20.0, 20.0, 20.0, 20.0, 20.0, 20.0, 20.0, 20.0, 20.0, 20.0, 20.0, 20.0, 20.0, 20.0, 20.0, 20.0, 20.0, 20.0, 20.0, 20.0, 20.0, 20.0, 20.0, 20.0, 20.0, 20.0, 20.0, 20.0, 20.0, 20.0, 20.0, 20.0, 20.0, 20.0, 20.0]",-0.038111213594675064,24.91838284338153,-0.1324,-1.2351,-0.175,-0.0317,-0.3123,-0.2167,-0.01,-9.8078,15.427,,59.0,,,,0.0024,0.0358,0.0359,266.2,14.94,1.22389,1.8429,357.52,14.215,1,25.12,11.948,1,3,10,0.7,9.744,0,1.8249,0,0
1790743391.4142601,47.3980712,8.546170199999999,9.456000328063965,1.8398712873458862,-0.08485796302556992,0.00040531251579523087,356.66,1.7906597326566582,-0.1051121018627512,0.0,-3.5827395540324005,20.0,20.0,1.4825028479099274,0.24273955403242553,-0.6992935190050135,1.8375465822266743,14.0,0.0,0.003632131531647353,"[20.0, 20.0, 20.0, 20.0, 20.0, 20.0, 20.0, 20.0, 20.0, 20.0, 20.0, 20.0, 20.0, 20.0, 20.0, 20.0, 20.0, 20.0, 20.0, 20.0, 20.0, 20.0, 20.0, 20.0, 20.0, 20.0, 20.0, 20.0, 20.0, 20.0, 20.0, 20.0, 20.0, 20.0, 20.0, 20.0, 20.0, 20.0, 20.0, 20.0, 20.0, 20.0, 20.0, 20.0, 20.0, 20.0, 20.0, 20.0, 20.0, 20.0, 20.0, 20.0, 20.0, 20.0, 20.0, 20.0, 20.0, 20.0, 20.0, 20.0, 20.0, 20.0, 20.0, 20.0, 20.0, 20.0, 20.0, 20.0, 20.0, 20.0, 20.0, 20.0]",-0.038111213594675064,24.91838284338153,-0.1586,-1.2328,-0.0161,0.0238,-0.3783,-0.2189,-0.0016,-9.8116,15.427,,59.0,,,,0.0477,0.0244,0.0536,207.03,14.94,1.22389,1.8418,357.36,13.844,1,25.32,12.318,1,3,10,0.7,9.701,0,1.815,0,0
1790743391.6152706,47.3980745,8.54617,9.458000183105469,1.837384819984436,-0.08904147148132324,0.00042599119478836656,356.56,1.788983752187828,-0.10829101824037415,0.0,-3.740116102300874,20.0,20.0,1.4689705967903137,0.30011610230087626,-0.6655608321626642,1.8352733045289469,14.0,0.0,0.004156225347279461,"[20.0, 20.0, 20.0, 20.0, 20.0, 20.0, 20.0, 20.0, 20.0, 20.0, 20.0, 20.0, 20.0, 20.0, 20.0, 20.0, 20.0, 20.0, 20.0, 20.0, 20.0, 20.0, 20.0, 20.0, 20.0, 20.0, 20.0, 20.0, 20.0, 20.0, 20.0, 20.0, 20.0, 20.0, 20.0, 20.0, 20.0, 20.0, 20.0, 20.0, 20.0, 20.0, 20.0, 20.0, 20.0, 20.0, 20.0, 20.0, 20.0, 20.0, 20.0, 20.0, 20.0, 20.0, 20.0, 20.0, 20.0, 20.0, 20.0, 20.0, 20.0, 20.0, 20.0, 20.0, 20.0, 20.0, 20.0, 20.0, 20.0, 20.0, 20.0, 20.0]",-0.038111213594675064,24.91838284338153,-0.1599,-1.22,-0.1372,0.0072,-0.4146,-0.222,-0.0207,-9.7898,15.427,,59.0,,,,0.1363,-0.0295,0.1395,167.8,14.94,1.22389,1.8395,357.23,13.474,1,25.52,12.688,1,3,10,0.7,9.663,0,1.7698,0,0
1790743391.8164406,47.398077799999996,8.5461698,9.458000183105469,1.8349978923797607,-0.09415606409311295,0.0011603350285440683,356.44,1.7876734388807194,-0.11207407585615178,0.0,-3.9016487140653453,20.0,20.0,1.4540446102619171,0.34164871406534303,-0.6226570937035694,1.833217002662494,14.0,0.0,0.003017345754079402,"[20.0, 20.0, 20.0, 20.0, 20.0, 20.0, 20.0, 20.0, 20.0, 20.0, 20.0, 20.0, 20.0, 20.0, 20.0, 20.0, 20.0, 20.0, 20.0, 20.0, 20.0, 20.0, 20.0, 20.0, 20.0, 20.0, 20.0, 20.0, 20.0, 20.0, 20.0, 20.0, 20.0, 20.0, 20.0, 20.0, 20.0, 20.0, 20.0, 20.0, 20.0, 20.0, 20.0, 20.0, 20.0, 20.0, 20.0, 20.0, 20.0, 20.0, 20.0, 20.0, 20.0, 20.0, 20.0, 20.0, 20.0, 20.0, 20.0, 20.0, 20.0, 20.0, 20.0, 20.0, 20.0, 20.0, 20.0, 20.0, 20.0, 20.0, 20.0, 20.0]",-0.038111213594675064,24.91838284338153,-0.1551,-1.2102,0.0399,0.0439,-0.4843,-0.2194,-0.0116,-9.8064,15.427,,59.0,,,,-0.0846,-0.1206,0.1473,54.93,14.94,1.22389,1.8374,357.06,13.104,1,25.72,13.058,1,3,10,0.7,9.68,0,1.7638,0,0
1790743392.016801,47.3980811,8.546169599999999,9.455000877380371,1.831274390220642,-0.09761150181293488,0.001767809852026403,356.29,1.7868899079971718,-0.1167688121906552,0.0,-4.070255367189077,20.0,20.0,1.439041554927826,0.36025536718909734,-0.6588791399633048,1.8296333277019063,14.0,0.0,0.0013452291883405206,"[20.0, 20.0, 20.0, 20.0, 20.0, 20.0, 20.0, 20.0, 20.0, 20.0, 20.0, 20.0, 20.0, 20.0, 20.0, 20.0, 20.0, 20.0, 20.0, 20.0, 20.0, 20.0, 20.0, 20.0, 20.0, 20.0, 20.0, 20.0, 20.0, 20.0, 20.0, 20.0, 20.0, 20.0, 20.0, 20.0, 20.0, 20.0, 20.0, 20.0, 20.0, 20.0, 20.0, 20.0, 20.0, 20.0, 20.0, 20.0, 20.0, 20.0, 20.0, 20.0, 20.0, 20.0, 20.0, 20.0, 20.0, 20.0, 20.0, 20.0, 20.0, 20.0, 20.0, 20.0, 20.0, 20.0, 20.0, 20.0, 20.0, 20.0, 20.0, 20.0]",-0.038111213594675064,24.91838284338153,-0.1505,-1.2031,0.0308,-0.0284,-0.6227,-0.2219,-0.0085,-9.8075,15.427,,59.0,,,,-0.141,0.0412,0.1469,343.71,14.94,1.22389,1.8339,356.95,12.735,1,25.92,13.427,1,3,10,0.7,9.702,0,1.7604,0,0
1790743392.2178059,47.398084399999995,8.5461694,9.454000473022461,1.8289326429367065,-0.10199832916259766,0.0007947803824208677,356.11,1.7867323732053466,-0.12237583457185842,0.0,-4.241871552580335,20.0,20.0,1.4221035540103912,0.35187155258034863,-0.6979599305462142,1.8275456973933482,14.0,0.0,0.0006062743976046751,"[20.0, 20.0, 20.0, 20.0, 20.0, 20.0, 20.0, 20.0, 20.0, 20.0, 20.0, 20.0, 20.0, 20.0, 20.0, 20.0, 20.0, 20.0, 20.0, 20.0, 20.0, 20.0, 20.0, 20.0, 20.0, 20.0, 20.0, 20.0, 20.0, 20.0, 20.0, 20.0, 20.0, 20.0, 20.0, 20.0, 20.0, 20.0, 20.0, 20.0, 20.0, 20.0, 20.0, 20.0, 20.0, 20.0, 20.0, 20.0, 20.0, 20.0, 20.0, 20.0, 20.0, 20.0, 20.0, 20.0, 20.0, 20.0, 20.0, 20.0, 20.0, 20.0, 20.0, 20.0, 20.0, 20.0, 20.0, 20.0, 20.0, 20.0, 20.0, 20.0]",-0.038111213594675064,24.91838284338153,-0.1562,-1.2066,-0.0077,-0.0252,-0.6426,-0.2203,-0.0093,-9.8063,15.367,,55.0,,,,-0.0311,0.1378,0.1413,282.73,14.94,1.22389,1.8318,356.81,12.367,1,26.12,13.796,1,3,10,0.7,9.693,0,1.7611,0,0
1790743392.418454,47.3980877,8.5461691,9.455000877380371,1.8272682428359985,-0.10829942673444748,0.00028380443109199405,355.96,1.7858631029425796,-0.12706673649861439,0.0,-4.4127294198782465,20.0,20.0,1.4020463228225708,0.37272941987822605,-0.6481336376062394,1.826397432001751,14.0,0.0,0.0015073796995355283,"[20.0, 20.0, 20.0, 20.0, 20.0, 20.0, 20.0, 20.0, 20.0, 20.0, 20.0, 20.0, 20.0, 20.0, 20.0, 20.0, 20.0, 20.0, 20.0, 20.0, 20.0, 20.0, 20.0, 20.0, 20.0, 20.0, 20.0, 20.0, 20.0, 20.0, 20.0, 20.0, 20.0, 20.0, 20.0, 20.0, 20.0, 20.0, 20.0, 20.0, 20.0, 20.0, 20.0, 20.0, 20.0, 20.0, 20.0, 20.0, 20.0, 20.0, 20.0, 20.0, 20.0, 20.0, 20.0, 20.0, 20.0, 20.0, 20.0, 20.0, 20.0, 20.0, 20.0, 20.0, 20.0, 20.0, 20.0, 20.0, 20.0, 20.0, 20.0, 20.0]",-0.038111213594675064,24.91838284338153,-0.1564,-1.2063,0.1384,-0.0037,-0.6711,-0.2187,-0.0133,-9.8021,15.367,,55.0,,,,-0.0068,0.1583,0.1584,272.45,14.94,1.22389,1.8305,356.61,11.999,1,26.32,14.164,1,3,10,0.7,9.687,0,1.7513,0,0
1790743392.6193655,47.398091099999995,8.5461688,9.456000328063965,1.8263295888900757,-0.11419500410556793,0.00019714300287887454,355.81,1.7848872269576452,-0.13175598544098724,0.0,-4.587199300291047,20.0,20.0,1.3803251087665558,0.39719930029104944,-0.6121217265478007,1.825936468945823,14.0,0.0,0.0017684863307142313,"[20.0, 20.0, 20.0, 20.0, 20.0, 20.0, 20.0, 20.0, 20.0, 20.0, 20.0, 20.0, 20.0, 20.0, 20.0, 20.0, 20.0, 20.0, 20.0, 20.0, 20.0, 20.0, 20.0, 20.0, 20.0, 20.0, 20.0, 20.0, 20.0, 20.0, 20.0, 20.0, 20.0, 20.0, 20.0, 20.0, 20.0, 20.0, 20.0, 20.0, 20.0, 20.0, 20.0, 20.0, 20.0, 20.0, 20.0, 20.0, 20.0, 20.0, 20.0, 20.0, 20.0, 20.0, 20.0, 20.0, 20.0, 20.0, 20.0, 20.0, 20.0, 20.0, 20.0, 20.0, 20.0, 20.0, 20.0, 20.0, 20.0, 20.0, 20.0, 20.0]",-0.038111213594675064,24.91838284338153,-0.1486,-1.196,0.0269,0.0656,-0.7607,-0.2219,-0.01,-9.793,15.367,,55.0,,,,-0.0383,0.0604,0.0715,302.4,14.94,1.22389,1.8299,356.42,11.63,1,26.52,14.533,1,3,10,0.7,9.641,0,1.7941,0,0
1790743392.8196032,47.3980944,8.5461685,9.456000328063965,1.8251376152038574,-0.11941210180521011,0.00041283207247033715,355.64,1.7841932443613635,-0.13705699449884826,0.0,-4.768532572577101,20.0,20.0,1.3580430150032043,0.4085325725770872,-0.6166811246197923,1.8251418222465852,14.0,0.0,0.0008211026418329592,"[20.0, 20.0, 20.0, 20.0, 20.0, 20.0, 20.0, 20.0, 20.0, 20.0, 20.0, 20.0, 20.0, 20.0, 20.0, 20.0, 20.0, 20.0, 20.0, 20.0, 20.0, 20.0, 20.0, 20.0, 20.0, 20.0, 20.0, 20.0, 20.0, 20.0, 20.0, 20.0, 20.0, 20.0, 20.0, 20.0, 20.0, 20.0, 20.0, 20.0, 20.0, 20.0, 20.0, 20.0, 20.0, 20.0, 20.0, 20.0, 20.0, 20.0, 20.0, 20.0, 20.0, 20.0, 20.0, 20.0, 20.0, 20.0, 20.0, 20.0, 20.0, 20.0, 20.0, 20.0, 20.0, 20.0, 20.0, 20.0, 20.0, 20.0, 20.0, 20.0]",-0.038111213594675064,24.91838284338153,-0.142,-1.1765,0.0016,0.013,-0.7869,-0.2225,-0.0075,-9.8095,15.367,,55.0,,,,0.0304,0.0205,0.0367,213.92,14.94,1.22389,1.829,356.26,11.262,1,26.72,14.901,1,3,10,0.7,9.657,0,1.8107,0,0
1790743393.0206773,47.3980976,8.5461682,9.456000328063965,1.8193310499191284,-0.1248115599155426,0.00034870277158915997,355.46,1.7836740568591767,-0.14266281283485172,0.0,-4.951595876499027,20.0,20.0,1.3346251249313354,0.41159587649900686,-0.6154869234808729,1.8198136822358066,14.0,0.0,0.00022130254468937497,"[20.0, 20.0, 20.0, 20.0, 20.0, 20.0, 20.0, 20.0, 20.0, 20.0, 20.0, 20.0, 20.0, 20.0, 20.0, 20.0, 20.0, 20.0, 20.0, 20.0, 20.0, 20.0, 20.0, 20.0, 20.0, 20.0, 20.0, 20.0, 20.0, 20.0, 20.0, 20.0, 20.0, 20.0, 20.0, 20.0, 20.0, 20.0, 20.0, 20.0, 20.0, 20.0, 20.0, 20.0, 20.0, 20.0, 20.0, 20.0, 20.0, 20.0, 20.0, 20.0, 20.0, 20.0, 20.0, 20.0, 20.0, 20.0, 20.0, 20.0, 20.0, 20.0, 20.0, 20.0, 20.0, 20.0, 20.0, 20.0, 20.0, 20.0, 20.0, 20.0]",-0.038111213594675064,24.91838284338153,-0.1447,-1.1812,-0.0669,-0.154,-0.8194,-0.2243,-0.0002,-9.7967,15.367,,55.0,,,,-0.0637,0.1805,0.1914,289.44,14.94,1.22389,1.8236,356.08,10.9,1,26.92,15.263,1,3,10,0.7,9.652,0,1.7279,0,0
1790743393.2213655,47.398100799999995,8.5461679,9.454000473022461,1.8132520914077759,-0.13033154606819153,0.0006442919839173555,355.29,1.7828895351778011,-0.14795911849177354,0.0,-5.135157278974418,20.0,20.0,1.3095273077487946,0.42515727897443867,-0.5988080176092242,1.8142565044952506,14.0,0.0,0.0009823586385212845,"[20.0, 20.0, 20.0, 20.0, 20.0, 20.0, 20.0, 20.0, 20.0, 20.0, 20.0, 20.0, 20.0, 20.0, 20.0, 20.0, 20.0, 20.0, 20.0, 20.0, 20.0, 20.0, 20.0, 20.0, 20.0, 20.0, 20.0, 20.0, 20.0, 20.0, 20.0, 20.0, 20.0, 20.0, 20.0, 20.0, 20.0, 20.0, 20.0, 20.0, 20.0, 20.0, 20.0, 20.0, 20.0, 20.0, 20.0, 20.0, 20.0, 20.0, 20.0, 20.0, 20.0, 20.0, 20.0, 20.0, 20.0, 20.0, 20.0, 20.0, 20.0, 20.0, 20.0, 20.0, 20.0, 20.0, 20.0, 20.0, 20.0, 20.0, 20.0, 20.0]",-0.038111213594675064,24.91838284338153,-0.1461,-1.2185,0.0355,-0.2462,-0.8443,-0.2187,-0.0045,-9.8025,15.367,,55.0,,,,-0.1144,0.3319,0.3511,289.02,14.94,1.22389,1.8179,355.89,10.541,1,27.12,15.622,1,3,10,0.7,9.673,0,1.6424,0,0
1790743393.4218972,47.3981044,8.5461675,9.451000213623047,1.8094816207885742,-0.13756424188613892,0.0007654759101569653,355.1,1.7820871478393014,-0.15325202373375843,0.0,-5.318797119544399,20.0,20.0,1.281842976808548,0.4387971195444038,-0.5325017987362965,1.811250416574066,14.0,0.0,0.00098490221822497,"[20.0, 20.0, 20.0, 20.0, 20.0, 20.0, 20.0, 20.0, 20.0, 20.0, 20.0, 20.0, 20.0, 20.0, 20.0, 20.0, 20.0, 20.0, 20.0, 20.0, 20.0, 20.0, 20.0, 20.0, 20.0, 20.0, 20.0, 20.0, 20.0, 20.0, 20.0, 20.0, 20.0, 20.0, 20.0, 20.0, 20.0, 20.0, 20.0, 20.0, 20.0, 20.0, 20.0, 20.0, 20.0, 20.0, 20.0, 20.0, 20.0, 20.0, 20.0, 20.0, 20.0, 20.0, 20.0, 20.0, 20.0, 20.0, 20.0, 20.0, 20.0, 20.0, 20.0, 20.0, 20.0, 20.0, 20.0, 20.0, 20.0, 20.0, 20.0, 20.0]",-0.038111213594675064,24.91838284338153,-0.1404,-1.2466,0.1544,-0.151,-0.8696,-0.2237,-0.0032,-9.8057,15.367,,55.0,,,,-0.234,0.2727,0.3594,310.64,14.94,1.22389,1.8147,355.65,10.182,1,27.33,15.982,1,3,10,0.7,9.695,0,1.635,0,0
1790743393.6227393,47.3981077,8.5461671,9.451000213623047,1.807295799255371,-0.14322616159915924,0.00032785465009510517,354.93,1.7815279976079041,-0.1591610766029736,0.0,-5.510375501146086,20.0,20.0,1.2534327507019043,0.44037550114609303,-0.5388438116817165,1.8096074594223566,14.0,0.0,0.00011382817853447867,"[20.0, 20.0, 20.0, 20.0, 20.0, 20.0, 20.0, 20.0, 20.0, 20.0, 20.0, 20.0, 20.0, 20.0, 20.0, 20.0, 20.0, 20.0, 20.0, 20.0, 20.0, 20.0, 20.0, 20.0, 20.0, 20.0, 20.0, 20.0, 20.0, 20.0, 20.0, 20.0, 20.0, 20.0, 20.0, 20.0, 20.0, 20.0, 20.0, 20.0, 20.0, 20.0, 20.0, 20.0, 20.0, 20.0, 20.0, 20.0, 20.0, 20.0, 20.0, 20.0, 20.0, 20.0, 20.0, 20.0, 20.0, 20.0, 20.0, 20.0, 20.0, 20.0, 20.0, 20.0, 20.0, 20.0, 20.0, 20.0, 20.0, 20.0, 20.0, 20.0]",-0.038111213594675064,24.91838284338153,-0.1245,-1.2591,0.0101,-0.0314,-0.8301,-0.2129,-0.0071,-9.8106,15.367,,55.0,,,,-0.2692,0.35,0.4416,307.56,14.94,1.22389,1.813,355.47,9.822,1,27.53,16.342,1,3,10,0.7,9.666,0,1.5922,0,0
1790743393.8228633,47.3981109,8.5461668,9.450000762939453,1.8057918548583984,-0.1469108909368515,0.0005308527033776045,354.72,1.7808686504801523,-0.16568983687865318,0.0,-5.72283122250326,20.0,20.0,1.2270753979682922,0.4428312225032869,-0.6289231293418627,1.8083285084994012,14.0,0.0,0.00017786518321827674,"[20.0, 20.0, 20.0, 20.0, 20.0, 20.0, 20.0, 20.0, 20.0, 20.0, 20.0, 20.0, 20.0, 20.0, 20.0, 20.0, 20.0, 20.0, 20.0, 20.0, 20.0, 20.0, 20.0, 20.0, 20.0, 20.0, 20.0, 20.0, 20.0, 20.0, 20.0, 20.0, 20.0, 20.0, 20.0, 20.0, 20.0, 20.0, 20.0, 20.0, 20.0, 20.0, 20.0, 20.0, 20.0, 20.0, 20.0, 20.0, 20.0, 20.0, 20.0, 20.0, 20.0, 20.0, 20.0, 20.0, 20.0, 20.0, 20.0, 20.0, 20.0, 20.0, 20.0, 20.0, 20.0, 20.0, 20.0, 20.0, 20.0, 20.0, 20.0, 20.0]",-0.038111213594675064,24.91838284338153,-0.1329,-1.2615,-0.0564,0.034,-0.9518,-0.2163,-0.0028,-9.8045,15.367,,55.0,,,,-0.1523,0.1777,0.234,310.6,14.94,1.22389,1.8118,355.35,9.462,1,27.73,16.703,1,3,10,0.7,9.697,0,1.6948,0,0
1790743394.0232606,47.3981141,8.546166399999999,9.451000213623047,1.8040740489959717,-0.14982366561889648,-0.00021149410167708993,354.49,1.7801567683678008,-0.1728373199094791,0.0,-5.95407438697589,20.0,20.0,1.2017408311367035,0.44407438697589896,-0.7626282792235729,1.8066921759936267,14.0,0.0,9.005775489033126e-05,"[20.0, 20.0, 20.0, 20.0, 20.0, 20.0, 20.0, 20.0, 20.0, 20.0, 20.0, 20.0, 20.0, 20.0, 20.0, 20.0, 20.0, 20.0, 20.0, 20.0, 20.0, 20.0, 20.0, 20.0, 20.0, 20.0, 20.0, 20.0, 20.0, 20.0, 20.0, 20.0, 20.0, 20.0, 20.0, 20.0, 20.0, 20.0, 20.0, 20.0, 20.0, 20.0, 20.0, 20.0, 20.0, 20.0, 20.0, 20.0, 20.0, 20.0, 20.0, 20.0, 20.0, 20.0, 20.0, 20.0, 20.0, 20.0, 20.0, 20.0, 20.0, 20.0, 20.0, 20.0, 20.0, 20.0, 20.0, 20.0, 20.0, 20.0, 20.0, 20.0]",-0.038111213594675064,24.91838284338153,-0.1573,-1.2612,-0.1751,0.0289,-0.9193,-0.2254,-0.0045,-9.8114,15.367,,55.0,,,,-0.0756,0.2484,0.2597,286.93,14.94,1.22389,1.8103,355.25,9.102,1,27.93,17.063,1,3,10,0.7,9.713,0,1.6804,0,0
1790743394.2240524,47.3981174,8.546166099999999,9.45300006866455,1.8037142753601074,-0.15470248460769653,-0.00013792629761155695,354.28000000000003,1.7787040200277426,-0.1793570487821798,0.0,-6.195027550319082,20.0,20.0,1.1748307943344116,0.4750275503191119,-0.8178045163995731,1.8066793578611133,14.0,0.0,0.0022305811404100314,"[20.0, 20.0, 20.0, 20.0, 20.0, 20.0, 20.0, 20.0, 20.0, 20.0, 20.0, 20.0, 20.0, 20.0, 20.0, 20.0, 20.0, 20.0, 20.0, 20.0, 20.0, 20.0, 20.0, 20.0, 20.0, 20.0, 20.0, 20.0, 20.0, 20.0, 20.0, 20.0, 20.0, 20.0, 20.0, 20.0, 20.0, 20.0, 20.0, 20.0, 20.0, 20.0, 20.0, 20.0, 20.0, 20.0, 20.0, 20.0, 20.0, 20.0, 20.0, 20.0, 20.0, 20.0, 20.0, 20.0, 20.0, 20.0, 20.0, 20.0, 20.0, 20.0, 20.0, 20.0, 20.0, 20.0, 20.0, 20.0, 20.0, 20.0, 20.0, 20.0]",-0.038111213594675064,24.91838284338153,-0.1978,-1.263,-0.1806,0.0442,-0.9143,-0.2195,-0.0136,-9.8035,15.307,,52.0,,,,-0.1506,0.1496,0.2122,315.19,14.94,1.22389,1.8103,355.1,8.74,1,28.13,17.425,1,3,10,0.7,9.737,0,1.7042,0,0
1790743394.4250739,47.3981207,8.5461656,9.455000877380371,1.8052066564559937,-0.16427136957645416,-0.00037303753197193146,354.1,1.776757427669316,-0.18493321224359024,0.0,-6.4276781324596755,20.0,20.0,1.14255952835083,0.5276781324596982,-0.7004818084374301,1.809258801528727,14.0,0.0,0.003788039699759358,"[20.0, 20.0, 20.0, 20.0, 20.0, 20.0, 20.0, 20.0, 20.0, 20.0, 20.0, 20.0, 20.0, 20.0, 20.0, 20.0, 20.0, 20.0, 20.0, 20.0, 20.0, 20.0, 20.0, 20.0, 20.0, 20.0, 20.0, 20.0, 20.0, 20.0, 20.0, 20.0, 20.0, 20.0, 20.0, 20.0, 20.0, 20.0, 20.0, 20.0, 20.0, 20.0, 20.0, 20.0, 20.0, 20.0, 20.0, 20.0, 20.0, 20.0, 20.0, 20.0, 20.0, 20.0, 20.0, 20.0, 20.0, 20.0, 20.0, 20.0, 20.0, 20.0, 20.0, 20.0, 20.0, 20.0, 20.0, 20.0, 20.0, 20.0, 20.0, 20.0]",-0.038111213594675064,24.91838284338153,-0.2065,-1.24,0.1104,0.239,-0.9322,-0.2235,-0.0048,-9.7989,15.307,,52.0,,,,-0.0601,0.1479,0.1596,292.13,14.94,1.22389,1.8127,354.8,8.376,1,28.33,17.79,1,3,10,0.7,9.777,0,1.7329,0,0
1790743394.6254125,47.398123899999995,8.546165199999999,9.460000038146973,1.8058300018310547,-0.1742803007364273,-0.0006436461699195206,353.91,1.775073730268662,-0.1908119687930266,0.0,-6.658274947442749,20.0,20.0,1.1068677380681038,0.5682749474427737,-0.5774680436979573,1.811102690436452,14.0,0.0,0.002921735443409226,"[20.0, 20.0, 20.0, 20.0, 20.0, 20.0, 20.0, 20.0, 20.0, 20.0, 20.0, 20.0, 20.0, 20.0, 20.0, 20.0, 20.0, 20.0, 20.0, 20.0, 20.0, 20.0, 20.0, 20.0, 20.0, 20.0, 20.0, 20.0, 20.0, 20.0, 20.0, 20.0, 20.0, 20.0, 20.0, 20.0, 20.0, 20.0, 20.0, 20.0, 20.0, 20.0, 20.0, 20.0, 20.0, 20.0, 20.0, 20.0, 20.0, 20.0, 20.0, 20.0, 20.0, 20.0, 20.0, 20.0, 20.0, 20.0, 20.0, 20.0, 20.0, 20.0, 20.0, 20.0, 20.0, 20.0, 20.0, 20.0, 20.0, 20.0, 20.0, 20.0]",-0.038111213594675064,24.91838284338153,-0.1813,-1.1994,0.0997,0.2461,-1.0578,-0.2148,-0.0185,-9.7938,15.307,,52.0,,,,-0.1911,0.0266,0.193,352.07,14.94,1.22389,1.8142,354.49,8.011,1,28.53,18.156,1,3,10,0.7,9.773,0,1.7177,0,0
1790743394.8265073,47.3981272,8.5461647,9.46500015258789,1.8047471046447754,-0.1815473884344101,-0.0007618312374688685,353.68,1.7738524219254328,-0.19792912567248416,0.0,-6.905146849876928,20.0,20.0,1.0710865333676338,0.585146849876935,-0.5756914358691955,1.810842247221864,14.0,0.0,0.0012114737807197217,"[20.0, 20.0, 20.0, 20.0, 20.0, 20.0, 20.0, 20.0, 20.0, 20.0, 20.0, 20.0, 20.0, 20.0, 20.0, 20.0, 20.0, 20.0, 20.0, 20.0, 20.0, 20.0, 20.0, 20.0, 20.0, 20.0, 20.0, 20.0, 20.0, 20.0, 20.0, 20.0, 20.0, 20.0, 20.0, 20.0, 20.0, 20.0, 20.0, 20.0, 20.0, 20.0, 20.0, 20.0, 20.0, 20.0, 20.0, 20.0, 20.0, 20.0, 20.0, 20.0, 20.0, 20.0, 20.0, 20.0, 20.0, 20.0, 20.0, 20.0, 20.0, 20.0, 20.0, 20.0, 20.0, 20.0, 20.0, 20.0, 20.0, 20.0, 20.0, 20.0]",-0.038111213594675064,24.91838284338153,-0.1554,-1.1684,0.0242,0.1393,-1.1221,-0.2176,-0.0057,-9.8,15.307,,52.0,,,,-0.128,0.0943,0.159,323.63,14.94,1.22389,1.8139,354.26,7.646,1,28.73,18.522,1,3,10,0.7,9.742,0,1.7344,0,0
1790743395.0274043,47.3981305,8.5461642,9.470000267028809,1.800447940826416,-0.18785007297992706,-0.0008098444668576121,353.43,1.7727561710411208,-0.20566278400070417,0.0,-7.163398474741939,20.0,20.0,1.034673124551773,0.5933984747419458,-0.613585240156204,1.8072623176691953,14.0,0.0,0.0005926711911787844,"[20.0, 20.0, 20.0, 20.0, 20.0, 20.0, 20.0, 20.0, 20.0, 20.0, 20.0, 20.0, 20.0, 20.0, 20.0, 20.0, 20.0, 20.0, 20.0, 20.0, 20.0, 20.0, 20.0, 20.0, 20.0, 20.0, 20.0, 20.0, 20.0, 20.0, 20.0, 20.0, 20.0, 20.0, 20.0, 20.0, 20.0, 20.0, 20.0, 20.0, 20.0, 20.0, 20.0, 20.0, 20.0, 20.0, 20.0, 20.0, 20.0, 20.0, 20.0, 20.0, 20.0, 20.0, 20.0, 20.0, 20.0, 20.0, 20.0, 20.0, 20.0, 20.0, 20.0, 20.0, 20.0, 20.0, 20.0, 20.0, 20.0, 20.0, 20.0, 20.0]",-0.038111213594675064,24.91838284338153,-0.1492,-1.1623,-0.0897,0.0138,-1.231,-0.2143,-0.015,-9.7907,15.307,,52.0,,,,-0.2361,0.0505,0.2415,347.93,14.94,1.22389,1.8102,354.04,7.284,1,28.93,18.886,1,3,10,0.7,9.759,0,1.6895,0,0
1790743395.2281055,47.398133699999995,8.5461637,9.475000381469727,1.795567512512207,-0.19283609092235565,-0.0007377436268143356,353.16,1.7715779075794156,-0.21400968950424332,0.0,-7.440643109377504,20.0,20.0,0.9984009484760463,0.6006431093775291,-0.7101787887211309,1.8028843522231481,14.0,0.0,0.0005221521690649098,"[20.0, 20.0, 20.0, 20.0, 20.0, 20.0, 20.0, 20.0, 20.0, 20.0, 20.0, 20.0, 20.0, 20.0, 20.0, 20.0, 20.0, 20.0, 20.0, 20.0, 20.0, 20.0, 20.0, 20.0, 20.0, 20.0, 20.0, 20.0, 20.0, 20.0, 20.0, 20.0, 20.0, 20.0, 20.0, 20.0, 20.0, 20.0, 20.0, 20.0, 20.0, 20.0, 20.0, 20.0, 20.0, 20.0, 20.0, 20.0, 20.0, 20.0, 20.0, 20.0, 20.0, 20.0, 20.0, 20.0, 20.0, 20.0, 20.0, 20.0, 20.0, 20.0, 20.0, 20.0, 20.0, 20.0, 20.0, 20.0, 20.0, 20.0, 20.0, 20.0]",-0.038111213594675064,24.91838284338153,-0.1631,-1.184,-0.1478,-0.0912,-1.2674,-0.2203,-0.0074,-9.7903,15.307,,52.0,,,,-0.2108,0.1571,0.2629,323.3,14.94,1.22389,1.8059,353.87,6.925,1,29.13,19.246,1,3,10,0.7,9.741,0,1.6745,0,0
1790743395.4287422,47.3981369,8.546163199999999,9.479000091552734,1.7909473180770874,-0.19970737397670746,-0.00031586061231791973,352.90000000000003,1.7701220815241947,-0.22203291289976146,0.0,-7.718480592224864,20.0,20.0,0.9594402238726616,0.6184805922248984,-0.7372700100191466,1.799105167039517,14.0,0.0,0.0012792837714439443,"[20.0, 20.0, 20.0, 20.0, 20.0, 20.0, 20.0, 20.0, 20.0, 20.0, 20.0, 20.0, 20.0, 20.0, 20.0, 20.0, 20.0, 20.0, 20.0, 20.0, 20.0, 20.0, 20.0, 20.0, 20.0, 20.0, 20.0, 20.0, 20.0, 20.0, 20.0, 20.0, 20.0, 20.0, 20.0, 20.0, 20.0, 20.0, 20.0, 20.0, 20.0, 20.0, 20.0, 20.0, 20.0, 20.0, 20.0, 20.0, 20.0, 20.0, 20.0, 20.0, 20.0, 20.0, 20.0, 20.0, 20.0, 20.0, 20.0, 20.0, 20.0, 20.0, 20.0, 20.0, 20.0, 20.0, 20.0, 20.0, 20.0, 20.0, 20.0, 20.0]",-0.038111213594675064,24.91838284338153,-0.1828,-1.2142,-0.1138,-0.1422,-1.3144,-0.2158,-0.0111,-9.8095,15.307,,52.0,,,,-0.2549,0.2147,0.3333,319.89,14.94,1.22389,1.802,353.64,6.569,1,29.33,19.605,1,3,10,0.7,9.721,0,1.6354,0,0
1790743395.629387,47.3981401,8.5461627,9.481000900268555,1.7884492874145508,-0.20713180303573608,0.0003261106030549854,352.64,1.7682249147321452,-0.23003348147892091,0.0,-8.0117916965105,20.0,20.0,0.9190622866153717,0.651791696510486,-0.753640732097749,1.7975197889298427,14.0,0.0,0.0023917743800499114,"[20.0, 20.0, 20.0, 20.0, 20.0, 20.0, 20.0, 20.0, 20.0, 20.0, 20.0, 20.0, 20.0, 20.0, 20.0, 20.0, 20.0, 20.0, 20.0, 20.0, 20.0, 20.0, 20.0, 20.0, 20.0, 20.0, 20.0, 20.0, 20.0, 20.0, 20.0, 20.0, 20.0, 20.0, 20.0, 20.0, 20.0, 20.0, 20.0, 20.0, 20.0, 20.0, 20.0, 20.0, 20.0, 20.0, 20.0, 20.0, 20.0, 20.0, 20.0, 20.0, 20.0, 20.0, 20.0, 20.0, 20.0, 20.0, 20.0, 20.0, 20.0, 20.0, 20.0, 20.0, 20.0, 20.0, 20.0, 20.0, 20.0, 20.0, 20.0, 20.0]",-0.038111213594675064,24.91838284338153,-0.1912,-1.23,-0.0151,-0.0763,-1.3344,-0.2229,-0.0118,-9.797,15.307,,52.0,,,,-0.1686,0.1794,0.2461,313.22,14.94,1.22389,1.8004,353.39,6.212,1,29.53,19.964,1,3,10,0.7,9.709,0,1.6773,0,0
1790743395.8304243,47.3981433,8.5461621,9.483000755310059,1.785989761352539,-0.21470054984092712,0.00015933369286358356,352.37,1.7659938277346205,-0.23831954125985585,0.0,-8.3248660731781,20.0,20.0,0.8778094351291656,0.6948660731781047,-0.7751530402457011,1.7959985112275048,14.0,0.0,0.003083993393664314,"[20.0, 20.0, 20.0, 20.0, 20.0, 20.0, 20.0, 20.0, 20.0, 20.0, 20.0, 20.0, 20.0, 20.0, 20.0, 20.0, 20.0, 20.0, 20.0, 20.0, 20.0, 20.0, 20.0, 20.0, 20.0, 20.0, 20.0, 20.0, 20.0, 20.0, 20.0, 20.0, 20.0, 20.0, 20.0, 20.0, 20.0, 20.0, 20.0, 20.0, 20.0, 20.0, 20.0, 20.0, 20.0, 20.0, 20.0, 20.0, 20.0, 20.0, 20.0, 20.0, 20.0, 20.0, 20.0, 20.0, 20.0, 20.0, 20.0, 20.0, 20.0, 20.0, 20.0, 20.0, 20.0, 20.0, 20.0, 20.0, 20.0, 20.0, 20.0, 20.0]",-0.038111213594675064,24.91838284338153,-0.1998,-1.2342,-0.0169,-0.036,-1.4201,-0.2159,-0.0037,-9.8108,15.307,,52.0,,,,-0.0393,0.2739,0.2767,278.16,14.94,1.22389,1.7988,353.15,5.857,1,29.73,20.322,1,3,10,0.7,9.701,0,1.6605,0,0
1790743396.0304852,47.398146499999996,8.5461615,9.483000755310059,1.7838187217712402,-0.22355730831623077,0.00019942897779401392,352.08,1.7639188794725902,-0.24721755115461985,0.0,-8.647173727351344,20.0,20.0,0.8339735567569733,0.7271737273513281,-0.7766425568802081,1.7950189042643308,14.0,0.0,0.0023218755555058294,"[20.0, 20.0, 20.0, 20.0, 20.0, 20.0, 20.0, 20.0, 20.0, 20.0, 20.0, 20.0, 20.0, 20.0, 20.0, 20.0, 20.0, 20.0, 20.0, 20.0, 20.0, 20.0, 20.0, 20.0, 20.0, 20.0, 20.0, 20.0, 20.0, 20.0, 20.0, 20.0, 20.0, 20.0, 20.0, 20.0, 20.0, 20.0, 20.0, 20.0, 20.0, 20.0, 20.0, 20.0, 20.0, 20.0, 20.0, 20.0, 20.0, 20.0, 20.0, 20.0, 20.0, 20.0, 20.0, 20.0, 20.0, 20.0, 20.0, 20.0, 20.0, 20.0, 20.0, 20.0, 20.0, 20.0, 20.0, 20.0, 20.0, 20.0, 20.0, 20.0]",-0.038111213594675064,24.91838284338153,-0.2035,-1.233,0.0164,0.0141,-1.3882,-0.2188,-0.011,-9.8069,15.307,,52.0,,,,-0.0093,0.2569,0.2571,272.08,14.94,1.22389,1.7978,352.86,5.502,1,29.93,20.68,1,3,10,0.7,9.685,0,1.6692,0,0
1790743396.2315829,47.3981497,8.5461609,9.481000900268555,1.779241919517517,-0.23378732800483704,0.0006384038715623319,351.79,1.7618957795740204,-0.25610531921830154,0.0,-8.965772492980534,20.0,20.0,0.7870548516511917,0.7557724929805545,-0.7243812194618021,1.7919865838952742,14.0,0.0,0.0020449729462760566,"[20.0, 20.0, 20.0, 20.0, 20.0, 20.0, 20.0, 20.0, 20.0, 20.0, 20.0, 20.0, 20.0, 20.0, 20.0, 20.0, 20.0, 20.0, 20.0, 20.0, 20.0, 20.0, 20.0, 20.0, 20.0, 20.0, 20.0, 20.0, 20.0, 20.0, 20.0, 20.0, 20.0, 20.0, 20.0, 20.0, 20.0, 20.0, 20.0, 20.0, 20.0, 20.0, 20.0, 20.0, 20.0, 20.0, 20.0, 20.0, 20.0, 20.0, 20.0, 20.0, 20.0, 20.0, 20.0, 20.0, 20.0, 20.0, 20.0, 20.0, 20.0, 20.0, 20.0, 20.0, 20.0, 20.0, 20.0, 20.0, 20.0, 20.0, 20.0, 20.0]",-0.038111213594675064,24.91838284338153,-0.1977,-1.2347,0.0793,-0.072,-1.506,-0.2162,-0.0146,-9.807,15.3,,50.0,,,,-0.093,0.2163,0.2355,293.27,14.94,1.22389,1.7945,352.51,5.151,1,30.14,21.035,1,3,10,0.7,9.667,0,1.6768,0,0
1790743396.431794,47.3981528,8.5461603,9.47800064086914,1.773371934890747,-0.24200919270515442,0.0006802540156058967,351.47,1.7593491273907227,-0.2658814771815755,0.0,-9.327317159433903,20.0,20.0,0.7409228980541229,0.7973171594339306,-0.7589423300717983,1.787293495595214,14.0,0.0,0.002979381897734284,"[20.0, 20.0, 20.0, 20.0, 20.0, 20.0, 20.0, 20.0, 20.0, 20.0, 20.0, 20.0, 20.0, 20.0, 20.0, 20.0, 20.0, 20.0, 20.0, 20.0, 20.0, 20.0, 20.0, 20.0, 20.0, 20.0, 20.0, 20.0, 20.0, 20.0, 20.0, 20.0, 20.0, 20.0, 20.0, 20.0, 20.0, 20.0, 20.0, 20.0, 20.0, 20.0, 20.0, 20.0, 20.0, 20.0, 20.0, 20.0, 20.0, 20.0, 20.0, 20.0, 20.0, 20.0, 20.0, 20.0, 20.0, 20.0, 20.0, 20.0, 20.0, 20.0, 20.0, 20.0, 20.0, 20.0, 20.0, 20.0, 20.0, 20.0, 20.0, 20.0]",-0.038111213594675064,24.91838284338153,-0.1882,-1.2592,0.0896,-0.1658,-1.5469,-0.217,-0.0243,-9.8035,15.3,,50.0,,,,-0.0204,0.1654,0.1667,277.01,14.94,1.22389,1.7898,352.23,4.804,1,30.34,21.388,1,3,10,0.7,9.698,0,1.7065,0,0
1790743396.631783,47.398156,8.5461597,9.473999977111816,1.770595669746399,-0.24830307066440582,0.0011961071286350489,351.15000000000003,1.7549587631723376,-0.2755273992706598,0.0,-9.757001847614276,20.0,20.0,0.6957331001758575,0.9070018476143105,-0.8670705225030073,1.78519345680774,14.0,0.0,0.007846560923979902,"[20.0, 20.0, 20.0, 20.0, 20.0, 20.0, 20.0, 20.0, 20.0, 20.0, 20.0, 20.0, 20.0, 20.0, 20.0, 20.0, 20.0, 20.0, 20.0, 20.0, 20.0, 20.0, 20.0, 20.0, 20.0, 20.0, 20.0, 20.0, 20.0, 20.0, 20.0, 20.0, 20.0, 20.0, 20.0, 20.0, 20.0, 20.0, 20.0, 20.0, 20.0, 20.0, 20.0, 20.0, 20.0, 20.0, 20.0, 20.0, 20.0, 20.0, 20.0, 20.0, 20.0, 20.0, 20.0, 20.0, 20.0, 20.0, 20.0, 20.0, 20.0, 20.0, 20.0, 20.0, 20.0, 20.0, 20.0, 20.0, 20.0, 20.0, 20.0, 20.0]",-0.038111213594675064,24.91838284338153,-0.2005,-1.2795,-0.1256,0.042,-1.6575,-0.2141,-0.0141,-9.8106,15.3,,50.0,,,,-0.0764,0.1126,0.1361,304.14,14.94,1.22389,1.7879,352.02,4.457,1,30.54,21.741,1,3,10,0.7,9.703,0,1.7199,0,0
1790743396.832883,47.3981591,8.546159099999999,9.471000671386719,1.7704880237579346,-0.2541762590408325,0.0008712112903594971,350.8,1.7485597230838223,-0.285924485993269,0.0,-10.285061165930756,20.0,20.0,0.6513305902481079,1.0850611659307674,-1.0302777141023736,1.7854583736717184,14.0,0.0,0.012631509230601934,"[20.0, 20.0, 20.0, 20.0, 20.0, 20.0, 20.0, 20.0, 20.0, 20.0, 20.0, 20.0, 20.0, 20.0, 20.0, 20.0, 20.0, 20.0, 20.0, 20.0, 20.0, 20.0, 20.0, 20.0, 20.0, 20.0, 20.0, 20.0, 20.0, 20.0, 20.0, 20.0, 20.0, 20.0, 20.0, 20.0, 20.0, 20.0, 20.0, 20.0, 20.0, 20.0, 20.0, 20.0, 20.0, 20.0, 20.0, 20.0, 20.0, 20.0, 20.0, 20.0, 20.0, 20.0, 20.0, 20.0, 20.0, 20.0, 20.0, 20.0, 20.0, 20.0, 20.0, 20.0, 20.0, 20.0, 20.0, 20.0, 20.0, 20.0, 20.0, 20.0]",-0.038111213594675064,24.91838284338153,-0.2407,-1.263,-0.3052,0.2044,-1.6862,-0.2151,-0.0094,-9.8115,15.3,,50.0,,,,0.133,0.0979,0.1651,216.35,14.94,1.22389,1.7886,351.83,4.107,1,30.74,22.098,1,3,10,0.7,9.694,0,1.7061,0,0
1790743397.033809,47.398162299999996,8.546158499999999,9.470000267028809,1.7701678276062012,-0.26057425141334534,0.0003037679707631469,350.42,1.7394614308202978,-0.29697323962683886,0.0,-10.936387488823812,20.0,20.0,0.6071589887142181,1.3563874888238274,-1.206020708823011,1.7853580283818071,14.0,0.0,0.019144372388067425,"[20.0, 20.0, 20.0, 20.0, 20.0, 20.0, 20.0, 20.0, 20.0, 20.0, 20.0, 20.0, 20.0, 20.0, 20.0, 20.0, 20.0, 20.0, 20.0, 20.0, 20.0, 20.0, 20.0, 20.0, 20.0, 20.0, 20.0, 20.0, 20.0, 20.0, 20.0, 20.0, 20.0, 20.0, 20.0, 20.0, 20.0, 20.0, 20.0, 20.0, 20.0, 20.0, 20.0, 20.0, 20.0, 20.0, 20.0, 20.0, 20.0, 20.0, 20.0, 20.0, 20.0, 20.0, 20.0, 20.0, 20.0, 20.0, 20.0, 20.0, 20.0, 20.0, 20.0, 20.0, 20.0, 20.0, 20.0, 20.0, 20.0, 20.0, 20.0, 20.0]",-0.038111213594675064,24.91838284338153,-0.2948,-1.2174,-0.3218,0.2721,-2.048,-0.2255,-0.0069,-9.8063,15.3,,50.0,,,,0.27,0.081,0.2819,196.7,14.94,1.22389,1.7892,351.63,3.755,1,30.94,22.457,1,3,10,0.7,9.684,0,1.6483,0,0
1790743397.2345867,47.3981656,8.546157899999999,9.468000411987305,1.7676498889923096,-0.26876649260520935,7.566677959403023e-05,349.97,1.6977436573255136,-0.3044059407534546,0.0,-11.718727376715606,20.0,20.0,0.5614252686500549,1.688727376715633,-1.3845453915414807,1.7831729928188813,14.0,0.0,0.02107940611368113,"[20.0, 20.0, 20.0, 20.0, 20.0, 20.0, 20.0, 20.0, 20.0, 20.0, 20.0, 20.0, 20.0, 20.0, 20.0, 20.0, 20.0, 20.0, 20.0, 20.0, 20.0, 20.0, 20.0, 20.0, 20.0, 20.0, 20.0, 20.0, 20.0, 20.0, 20.0, 20.0, 20.0, 20.0, 20.0, 20.0, 20.0, 20.0, 20.0, 20.0, 20.0, 20.0, 20.0, 20.0, 20.0, 20.0, 20.0, 20.0, 20.0, 20.0, 20.0, 20.0, 20.0, 20.0, 20.0, 20.0, 20.0, 20.0, 20.0, 20.0, 20.0, 20.0, 20.0, 20.0, 20.0, 20.0, 20.0, 20.0, 20.0, 20.0, 20.0, 20.0]",-0.038111213594675064,24.91838284338153,-0.3573,-1.159,-0.2545,0.2208,-2.4971,-0.2108,-0.011,-9.7906,15.3,,50.0,,,,0.3817,0.0863,0.3914,192.75,14.94,1.22389,1.788,351.35,3.405,1,31.14,22.817,1,3,10,0.7,9.66,0,1.5923,0,0
1790743397.4348292,47.3981687,8.5461572,9.467000007629395,1.7602933645248413,-0.2803342342376709,-1.3461826711136382e-05,349.42,1.4472107406096137,-0.2746045168487998,0.0,-12.629123802874119,20.0,20.0,0.5120190978050232,2.049123802874135,-1.5313886040461975,1.776722879111894,14.0,0.0,0.004321684585727917,"[20.0, 20.0, 20.0, 20.0, 20.0, 20.0, 20.0, 20.0, 20.0, 20.0, 20.0, 20.0, 20.0, 20.0, 20.0, 20.0, 20.0, 20.0, 20.0, 20.0, 20.0, 20.0, 20.0, 20.0, 20.0, 20.0, 20.0, 20.0, 20.0, 20.0, 20.0, 20.0, 20.0, 20.0, 20.0, 20.0, 20.0, 20.0, 20.0, 20.0, 20.0, 20.0, 20.0, 20.0, 20.0, 20.0, 20.0, 20.0, 20.0, 20.0, 20.0, 20.0, 20.0, 20.0, 20.0, 20.0, 20.0, 20.0, 20.0, 20.0, 20.0, 20.0, 20.0, 20.0, 20.0, 20.0, 20.0, 20.0, 20.0, 20.0, 20.0, 20.0]",-0.038111213594675064,24.91838284338153,-0.4051,-0.9384,-0.1798,1.0261,-3.103,-0.2181,-0.0005,-9.8023,15.3,,50.0,,,,0.4287,-0.0066,0.4287,179.12,14.94,1.22389,1.7825,350.95,3.06,1,31.34,23.175,1,3,10,0.7,9.697,0,1.5681,0,0
1790743397.8403628,47.3981749,8.5461558,9.467000007629395,1.6500873565673828,-0.2913771867752075,0.00011477067891974002,347.92,0.653960688061608,-0.13995827482622525,0.0,-7.254455642700179,20.0,20.0,-0.6263456849012395,-97.52058019702943,-2.1346080915847403,-0.19513260317301545,14.0,0.0,0.12247554943751082,"[20.0, 20.0, 20.0, 20.0, 20.0, 20.0, 20.0, 20.0, 20.0, 20.0, 20.0, 20.0, 20.0, 20.0, 20.0, 20.0, 20.0, 20.0, 20.0, 20.0, 20.0, 20.0, 20.0, 20.0, 20.0, 20.0, 20.0, 20.0, 20.0, 20.0, 20.0, 20.0, 20.0, 20.0, 20.0, 20.0, 20.0, 20.0, 20.0, 20.0, 20.0, 20.0, 20.0, 20.0, 20.0, 20.0, 20.0, 20.0, 20.0, 20.0, 20.0, 20.0, 20.0, 20.0, 20.0, 20.0, 20.0, 20.0, 20.0, 20.0, 20.0, 20.0, 20.0, 20.0, 20.0, 20.0, 20.0, 20.0, 20.0, 20.0, 20.0, 20.0]",24.972379677612526,24.866748065095578,-0.3991,0.9189,0.6656,-0.5371,-3.7243,-0.2085,-0.0115,-9.7977,15.3,,50.0,,,,0.5538,-0.1568,0.5755,164.19,14.94,1.22389,1.6756,349.99,25.668,1,31.74,23.87,1,3,10,0.7,9.697,0,1.3878,0,0
1790743398.0377166,47.3981778,8.5461551,9.471000671386719,1.5204957723617554,-0.2745838463306427,-0.024448541924357414,347.53000000000003,0.0,-0.0,0.0,-7.644833297729463,20.0,20.0,-0.9487637506652566,-98.01273088574922,-2.2276686179612963,-0.21076950983278253,14.0,0.0,0.0,"[20.0, 20.0, 20.0, 20.0, 20.0, 20.0, 20.0, 20.0, 20.0, 20.0, 20.0, 20.0, 20.0, 20.0, 20.0, 20.0, 20.0, 20.0, 20.0, 20.0, 20.0, 20.0, 20.0, 20.0, 20.0, 20.0, 20.0, 20.0, 20.0, 20.0, 20.0, 20.0, 20.0, 20.0, 20.0, 20.0, 20.0, 20.0, 20.0, 20.0, 20.0, 20.0, 20.0, 20.0, 20.0, 20.0, 20.0, 20.0, 20.0, 20.0, 20.0, 20.0, 20.0, 20.0, 20.0, 20.0, 20.0, 20.0, 20.0, 20.0, 20.0, 20.0, 20.0, 20.0, 20.0, 20.0, 20.0, 20.0, 20.0, 20.0, 20.0, 20.0]",24.972379677612526,24.866748065095578,-0.1601,4.8661,1.4406,18.7148,1.8953,-0.1834,-0.0234,-9.8115,15.3,,50.0,,,,0.7401,-0.1522,0.7556,168.38,14.94,1.22389,1.5451,349.76,25.695,1,31.94,24.194,1,3,10,0.7,9.692,0,1.1673,0,0
1790743398.2385392,47.3981802,8.5461545,9.480000495910645,1.234204649925232,-0.2160830795764923,-0.041112929582595825,348.59000000000003,0.0,-0.0,0.0,-6.589588317871062,20.0,20.0,-1.2693871325180353,-97.05227998091422,-1.4793733313842494,-0.17679898881414652,14.0,0.0,0.0,"[20.0, 20.0, 20.0, 20.0, 20.0, 20.0, 20.0, 20.0, 20.0, 20.0, 20.0, 20.0, 20.0, 20.0, 20.0, 20.0, 20.0, 20.0, 20.0, 20.0, 20.0, 20.0, 20.0, 20.0, 20.0, 20.0, 20.0, 20.0, 20.0, 20.0, 20.0, 20.0, 20.0, 20.0, 20.0, 20.0, 20.0, 20.0, 20.0, 20.0, 20.0, 20.0, 20.0, 20.0, 20.0, 20.0, 20.0, 20.0, 20.0, 20.0, 20.0, 20.0, 20.0, 20.0, 20.0, 20.0, 20.0, 20.0, 20.0, 20.0, 20.0, 20.0, 20.0, 20.0, 20.0, 20.0, 20.0, 20.0, 20.0, 20.0, 20.0, 20.0]",24.972379677612526,24.866748065095578,-0.0191,9.5202,-0.6043,14.8199,8.615,-0.1533,0.0055,-9.8353,15.3,,50.0,,,,0.6811,-0.1469,0.6968,167.83,14.94,1.22389,1.253,350.07,25.723,1,32.14,24.515,1,3,10,0.7,9.716,0,0.9046,0,0
1790743398.43941,47.398182,8.5461542,9.487000465393066,0.8603783845901489,-0.14400140941143036,-0.008439842611551285,350.56,0.0,-0.0,0.0,-4.635913314819334,20.0,20.0,-1.43589126007192,-95.13328154084084,0.12986303985868675,-0.13193586605425353,14.0,0.0,0.0,"[20.0, 20.0, 20.0, 20.0, 20.0, 20.0, 20.0, 20.0, 20.0, 20.0, 20.0, 20.0, 20.0, 20.0, 20.0, 20.0, 20.0, 20.0, 20.0, 20.0, 20.0, 20.0, 20.0, 20.0, 20.0, 20.0, 20.0, 20.0, 20.0, 20.0, 20.0, 20.0, 20.0, 20.0, 20.0, 20.0, 20.0, 20.0, 20.0, 20.0, 20.0, 20.0, 20.0, 20.0, 20.0, 20.0, 20.0, 20.0, 20.0, 20.0, 20.0, 20.0, 20.0, 20.0, 20.0, 20.0, 20.0, 20.0, 20.0, 20.0, 20.0, 20.0, 20.0, 20.0, 20.0, 20.0, 20.0, 20.0, 20.0, 20.0, 20.0, 20.0]",24.972379677612526,24.866748065095578,0.1527,9.648,-1.075,-7.6651,10.8225,-0.116,-0.0013,-9.8189,15.3,,50.0,,,,0.6518,-0.0456,0.6533,176.0,14.94,1.22388,0.8723,350.5,25.737,1,32.34,24.682,1,3,10,0.7,9.756,0,0.5457,0,0
1790743398.6396525,47.3981831,8.546154,9.488000869750977,0.5316934585571289,-0.08639927208423615,0.008871139027178288,352.72,0.0,-0.0,0.0,-2.4570648956298555,20.0,20.0,-1.573334575990047,-93.0152725831592,1.9497901863714988,-0.07600812242435812,14.0,0.0,0.0,"[20.0, 20.0, 20.0, 20.0, 20.0, 20.0, 20.0, 20.0, 20.0, 20.0, 20.0, 20.0, 20.0, 20.0, 20.0, 20.0, 20.0, 20.0, 20.0, 20.0, 20.0, 20.0, 20.0, 20.0, 20.0, 20.0, 20.0, 20.0, 20.0, 20.0, 20.0, 20.0, 20.0, 20.0, 20.0, 20.0, 20.0, 20.0, 20.0, 20.0, 20.0, 20.0, 20.0, 20.0, 20.0, 20.0, 20.0, 20.0, 20.0, 20.0, 20.0, 20.0, 20.0, 20.0, 20.0, 20.0, 20.0, 20.0, 20.0, 20.0, 20.0, 20.0, 20.0, 20.0, 20.0, 20.0, 20.0, 20.0, 20.0, 20.0, 20.0, 20.0]",24.972379677612526,24.866748065095578,0.2375,7.3982,-1.0152,-12.7073,10.8699,-0.0889,0.0064,-9.8632,15.3,,50.0,,,,0.6383,-0.1679,0.66,165.26,14.94,1.22388,0.5387,350.77,25.747,1,32.54,24.82,1,3,10,0.7,9.729,0,0.2087,0,0
1790743398.8406792,47.398183599999996,8.5461539,9.487000465393066,0.28969812393188477,-0.050375185906887054,0.011169074103236198,354.90000000000003,0.0,-0.0,0.0,-0.2751880645751612,20.0,20.0,-1.6281689236119163,-90.85179759297267,4.654231579220009,-0.04535283653015914,14.0,0.0,0.0,"[20.0, 20.0, 20.0, 20.0, 20.0, 20.0, 20.0, 20.0, 20.0, 20.0, 20.0, 20.0, 20.0, 20.0, 20.0, 20.0, 20.0, 20.0, 20.0, 20.0, 20.0, 20.0, 20.0, 20.0, 20.0, 20.0, 20.0, 20.0, 20.0, 20.0, 20.0, 20.0, 20.0, 20.0, 20.0, 20.0, 20.0, 20.0, 20.0, 20.0, 20.0, 20.0, 20.0, 20.0, 20.0, 20.0, 20.0, 20.0, 20.0, 20.0, 20.0, 20.0, 20.0, 20.0, 20.0, 20.0, 20.0, 20.0, 20.0, 20.0, 20.0, 20.0, 20.0, 20.0, 20.0, 20.0, 20.0, 20.0, 20.0, 20.0, 20.0, 20.0]",24.972379677612526,24.866748065095578,0.286,5.0099,-0.64,-11.1084,10.5802,-0.0505,0.0142,-9.8537,15.3,,50.0,,,,0.6325,-0.0843,0.6381,172.41,14.94,1.22388,0.294,350.14,25.752,1,32.74,24.875,1,3,10,0.7,9.763,0,0.0,0,0
1790743399.0408044,47.3981838,8.546153799999999,9.486000061035156,0.13065998256206512,-0.028722161427140236,0.009319423697888851,357.0,0.012273750683942465,-0.0006432400168191329,0.0,1.8029251098632812,20.0,20.0,-1.6490965209938007,-88.75792883169362,4.164658095489818,-0.0265658975396864,14.0,0.0,0.0,"[20.0, 20.0, 20.0, 20.0, 20.0, 20.0, 20.0, 20.0, 20.0, 20.0, 20.0, 20.0, 20.0, 20.0, 20.0, 20.0, 20.0, 20.0, 20.0, 20.0, 20.0, 20.0, 20.0, 20.0, 20.0, 20.0, 20.0, 20.0, 20.0, 20.0, 20.0, 20.0, 20.0, 20.0, 20.0, 20.0, 20.0, 20.0, 20.0, 20.0, 20.0, 20.0, 20.0, 20.0, 20.0, 20.0, 20.0, 20.0, 20.0, 20.0, 20.0, 20.0, 20.0, 20.0, 20.0, 20.0, 20.0, 20.0, 20.0, 20.0, 20.0, 20.0, 20.0, 20.0, 20.0, 20.0, 20.0, 20.0, 20.0, 20.0, 20.0, 20.0]",24.972379677612526,24.866748065095578,0.3076,3.1528,-0.4603,-7.8296,10.3358,-0.0363,-0.0026,-9.8386,15.3,,50.0,,,,0.6719,-0.0257,0.6723,177.81,14.94,1.22388,0.1338,347.6,25.755,1,32.94,24.896,1,3,10,0.7,9.715,0,0.0,0,0
1790743399.2414916,47.3981838,8.546153799999999,9.484000205993652,0.03532629460096359,-0.01445891335606575,0.007634459063410759,359.18,0.03224829841002506,-0.0005516360013057824,0.0,3.8370986175536927,20.0,20.0,-1.653320317028494,-86.73904806537269,2.643773592497318,-0.01388095741047891,14.0,0.0,0.0,"[20.0, 20.0, 20.0, 20.0, 20.0, 20.0, 20.0, 20.0, 20.0, 20.0, 20.0, 20.0, 20.0, 20.0, 20.0, 20.0, 20.0, 20.0, 20.0, 20.0, 20.0, 20.0, 20.0, 20.0, 20.0, 20.0, 20.0, 20.0, 20.0, 20.0, 20.0, 20.0, 20.0, 20.0, 20.0, 20.0, 20.0, 20.0, 20.0, 20.0, 20.0, 20.0, 20.0, 20.0, 20.0, 20.0, 20.0, 20.0, 20.0, 20.0, 20.0, 20.0, 20.0, 20.0, 20.0, 20.0, 20.0, 20.0, 20.0, 20.0, 20.0, 20.0, 20.0, 20.0, 20.0, 20.0, 20.0, 20.0, 20.0, 20.0, 20.0, 20.0]",24.972379677612526,24.866748065095578,0.2841,1.843,-0.5529,-5.2122,10.3095,-0.0285,-0.003,-9.8205,15.3,,50.0,,,,0.8468,-0.1121,0.8542,172.46,14.94,1.22389,0.0382,337.74,25.756,1,33.15,24.9,1,3,10,0.7,9.708,0,0.0,0,0
1790743399.4423249,47.3981838,8.546153799999999,9.482000350952148,-0.014663451351225376,-0.0027235844172537327,0.006157739087939262,1.1,0.051195245841724864,0.000839989430418324,0.0,5.760800781249998,20.0,20.0,-1.6518754373407805,-84.81892726899767,0.4741420617299774,-0.0029630938414080175,14.0,0.0,0.0,"[20.0, 20.0, 20.0, 20.0, 20.0, 20.0, 20.0, 20.0, 20.0, 20.0, 20.0, 20.0, 20.0, 20.0, 20.0, 20.0, 20.0, 20.0, 20.0, 20.0, 20.0, 20.0, 20.0, 20.0, 20.0, 20.0, 20.0, 20.0, 20.0, 20.0, 20.0, 20.0, 20.0, 20.0, 20.0, 20.0, 20.0, 20.0, 20.0, 20.0, 20.0, 20.0, 20.0, 20.0, 20.0, 20.0, 20.0, 20.0, 20.0, 20.0, 20.0, 20.0, 20.0, 20.0, 20.0, 20.0, 20.0, 20.0, 20.0, 20.0, 20.0, 20.0, 20.0, 20.0, 20.0, 20.0, 20.0, 20.0, 20.0, 20.0, 20.0, 20.0]",24.972379677612526,24.866748065095578,0.2088,0.9486,-0.6259,-3.3596,10.409,-0.0144,0.0086,-9.8127,15.3,,50.0,,,,0.8674,0.0053,0.8674,180.35,14.94,1.22389,0.0149,190.52,25.754,1,33.35,24.903,1,3,10,0.7,9.693,0,0.0,0,0
1790743399.6428592,47.3981838,8.5461539,9.480000495910645,-0.034539613872766495,0.004779050592333078,0.004666937980800867,3.02,0.06990278436539178,0.0036879178360610747,0.0,7.822101135253888,20.0,20.0,-1.650976001579015,-82.73926572843368,-1.2587990620781961,0.004212508328579832,14.0,0.0,0.0,"[20.0, 20.0, 20.0, 20.0, 20.0, 20.0, 20.0, 20.0, 20.0, 20.0, 20.0, 20.0, 20.0, 20.0, 20.0, 20.0, 20.0, 20.0, 20.0, 20.0, 20.0, 20.0, 20.0, 20.0, 20.0, 20.0, 20.0, 20.0, 20.0, 20.0, 20.0, 20.0, 20.0, 20.0, 20.0, 20.0, 20.0, 20.0, 20.0, 20.0, 20.0, 20.0, 20.0, 20.0, 20.0, 20.0, 20.0, 20.0, 20.0, 20.0, 20.0, 20.0, 20.0, 20.0, 20.0, 20.0, 20.0, 20.0, 20.0, 20.0, 20.0, 20.0, 20.0, 20.0, 20.0, 20.0, 20.0, 20.0, 20.0, 20.0, 20.0, 20.0]",24.972379677612526,24.866748065095578,0.1136,0.386,-0.4551,-2.0039,10.3303,-0.0133,-0.0029,-9.8057,15.3,,50.0,,,,0.9398,0.0102,0.9398,180.62,14.94,1.22389,0.0349,172.12,25.75,1,33.55,24.907,1,3,10,0.7,9.711,0,0.0,0,0
1790743399.8436675,47.3981838,8.5461539,9.479000091552734,-0.03566010668873787,0.008726147934794426,0.004063473083078861,4.98,0.06973575423450551,0.006076559992680569,0.0,9.805790405273456,20.0,20.0,-1.6544789046124535,-80.78120001781062,-2.25033517649589,0.008146303237149473,14.0,0.0,0.0,"[20.0, 20.0, 20.0, 20.0, 20.0, 20.0, 20.0, 20.0, 20.0, 20.0, 20.0, 20.0, 20.0, 20.0, 20.0, 20.0, 20.0, 20.0, 20.0, 20.0, 20.0, 20.0, 20.0, 20.0, 20.0, 20.0, 20.0, 20.0, 20.0, 20.0, 20.0, 20.0, 20.0, 20.0, 20.0, 20.0, 20.0, 20.0, 20.0, 20.0, 20.0, 20.0, 20.0, 20.0, 20.0, 20.0, 20.0, 20.0, 20.0, 20.0, 20.0, 20.0, 20.0, 20.0, 20.0, 20.0, 20.0, 20.0, 20.0, 20.0, 20.0, 20.0, 20.0, 20.0, 20.0, 20.0, 20.0, 20.0, 20.0, 20.0, 20.0, 20.0]",24.972379677612526,24.866748065095578,0.0542,0.053,-0.1494,-0.9506,10.4299,-0.0157,-0.0075,-9.8164,15.3,,50.0,,,,0.9631,0.0527,0.9645,183.13,14.94,1.22389,0.0367,166.25,25.745,1,33.75,24.913,1,3,10,0.7,9.769,0,0.0,0,0
1790743400.0439878,47.3981839,8.546154,9.479000091552734,-0.026877038180828094,0.009804687462747097,0.0034183384850621223,7.0200000000000005,0.06947524855227766,0.008555105995792244,0.0,11.824395675659161,20.0,20.0,-1.6624452430114591,-78.74437841730133,-2.484312142859141,0.009376249447778665,14.0,0.0,0.0,"[20.0, 20.0, 20.0, 20.0, 20.0, 20.0, 20.0, 20.0, 20.0, 20.0, 20.0, 20.0, 20.0, 20.0, 20.0, 20.0, 20.0, 20.0, 20.0, 20.0, 20.0, 20.0, 20.0, 20.0, 20.0, 20.0, 20.0, 20.0, 20.0, 20.0, 20.0, 20.0, 20.0, 20.0, 20.0, 20.0, 20.0, 20.0, 20.0, 20.0, 20.0, 20.0, 20.0, 20.0, 20.0, 20.0, 20.0, 20.0, 20.0, 20.0, 20.0, 20.0, 20.0, 20.0, 20.0, 20.0, 20.0, 20.0, 20.0, 20.0, 20.0, 20.0, 20.0, 20.0, 20.0, 20.0, 20.0, 20.0, 20.0, 20.0, 20.0, 20.0]",24.972379677612526,24.866748065095578,0.0386,-0.0431,0.0291,0.0868,10.538,-0.002,-0.0004,-9.8094,15.3,,50.0,,,,1.02,0.0649,1.022,183.64,14.94,1.22389,0.0286,159.96,25.741,1,33.95,24.922,1,3,10,0.7,9.725,0,0.0,0,0
1790743400.243841,47.398184,8.546154,9.479000091552734,-0.01623523235321045,0.009898691438138485,0.003335553454235196,9.1,0.06911896647256378,0.011071064707813874,0.0,13.903915023803734,20.0,20.0,-1.6750044070660164,-76.66884462365155,-2.35578892340423,0.009647850573087997,14.0,0.0,0.0,"[20.0, 20.0, 20.0, 20.0, 20.0, 20.0, 20.0, 20.0, 20.0, 20.0, 20.0, 20.0, 20.0, 20.0, 20.0, 20.0, 20.0, 20.0, 20.0, 20.0, 20.0, 20.0, 20.0, 20.0, 20.0, 20.0, 20.0, 20.0, 20.0, 20.0, 20.0, 20.0, 20.0, 20.0, 20.0, 20.0, 20.0, 20.0, 20.0, 20.0, 20.0, 20.0, 20.0, 20.0, 20.0, 20.0, 20.0, 20.0, 20.0, 20.0, 20.0, 20.0, 20.0, 20.0, 20.0, 20.0, 20.0, 20.0, 20.0, 20.0, 20.0, 20.0, 20.0, 20.0, 20.0, 20.0, 20.0, 20.0, 20.0, 20.0, 20.0, 20.0]",24.972379677612526,24.866748065095578,0.0593,-0.0158,0.1836,0.3731,10.5326,-0.018,0.0021,-9.8136,15.3,,50.0,,,,0.9887,-0.0032,0.9887,179.82,14.94,1.22389,0.019,148.63,25.737,1,34.15,24.935,1,3,10,0.7,9.736,0,0.0,0,0
1790743400.444345,47.398184199999996,8.546154,9.481000900268555,-0.008371368050575256,0.01068276260048151,0.002521430142223835,11.16,0.06867633622103339,0.013548462763560183,0.0,15.972532424926726,20.0,20.0,-1.688764514967402,-74.61374367232523,-2.3098744438417467,0.010557589317734744,14.0,0.0,0.0,"[20.0, 20.0, 20.0, 20.0, 20.0, 20.0, 20.0, 20.0, 20.0, 20.0, 20.0, 20.0, 20.0, 20.0, 20.0, 20.0, 20.0, 20.0, 20.0, 20.0, 20.0, 20.0, 20.0, 20.0, 20.0, 20.0, 20.0, 20.0, 20.0, 20.0, 20.0, 20.0, 20.0, 20.0, 20.0, 20.0, 20.0, 20.0, 20.0, 20.0, 20.0, 20.0, 20.0, 20.0, 20.0, 20.0, 20.0, 20.0, 20.0, 20.0, 20.0, 20.0, 20.0, 20.0, 20.0, 20.0, 20.0, 20.0, 20.0, 20.0, 20.0, 20.0, 20.0, 20.0, 20.0, 20.0, 20.0, 20.0, 20.0, 20.0, 20.0, 20.0]",24.972379677612526,24.866748065095578,0.085,0.0372,0.1761,0.3486,10.4212,-0.0127,-0.0015,-9.8099,15.3,,50.0,,,,1.1402,-0.0421,1.141,177.88,14.94,1.22389,0.0136,128.08,25.734,1,34.35,24.95,1,3,10,0.7,9.708,0,0.0,0,0
1790743400.6451964,47.3981843,8.546154099999999,9.480000495910645,-0.0022676861844956875,0.010764804668724537,0.002548431046307087,13.21,0.06814773233097028,0.015996455174394932,0.0,18.02053543090824,20.0,20.0,-1.7035349214585862,-72.56876025259376,-2.0995556666497412,0.010731495245937023,14.0,0.0,0.0,"[20.0, 20.0, 20.0, 20.0, 20.0, 20.0, 20.0, 20.0, 20.0, 20.0, 20.0, 20.0, 20.0, 20.0, 20.0, 20.0, 20.0, 20.0, 20.0, 20.0, 20.0, 20.0, 20.0, 20.0, 20.0, 20.0, 20.0, 20.0, 20.0, 20.0, 20.0, 20.0, 20.0, 20.0, 20.0, 20.0, 20.0, 20.0, 20.0, 20.0, 20.0, 20.0, 20.0, 20.0, 20.0, 20.0, 20.0, 20.0, 20.0, 20.0, 20.0, 20.0, 20.0, 20.0, 20.0, 20.0, 20.0, 20.0, 20.0, 20.0, 20.0, 20.0, 20.0, 20.0, 20.0, 20.0, 20.0, 20.0, 20.0, 20.0, 20.0, 20.0]",24.972379677612526,24.866748065095578,0.114,0.0719,0.245,0.1696,10.3605,-0.0076,-0.0074,-9.8112,15.3,,50.0,,,,1.1006,-0.096,1.1047,175.01,14.94,1.22389,0.011,101.9,25.732,1,34.55,24.965,1,3,10,0.7,9.687,0,0.0,0,0
1790743400.8456292,47.3981844,8.546154,9.47700023651123,0.0003332881606183946,0.008981219492852688,0.002798604778945446,15.26,0.06753189810690517,0.018423971832332395,0.0,20.07703567504882,20.0,20.0,-1.7171736084030738,-70.52290215715672,-1.637608363515475,0.008984934484335716,14.0,0.0,0.0,"[20.0, 20.0, 20.0, 20.0, 20.0, 20.0, 20.0, 20.0, 20.0, 20.0, 20.0, 20.0, 20.0, 20.0, 20.0, 20.0, 20.0, 20.0, 20.0, 20.0, 20.0, 20.0, 20.0, 20.0, 20.0, 20.0, 20.0, 20.0, 20.0, 20.0, 20.0, 20.0, 20.0, 20.0, 20.0, 20.0, 20.0, 20.0, 20.0, 20.0, 20.0, 20.0, 20.0, 20.0, 20.0, 20.0, 20.0, 20.0, 20.0, 20.0, 20.0, 20.0, 20.0, 20.0, 20.0, 20.0, 20.0, 20.0, 20.0, 20.0, 20.0, 20.0, 20.0, 20.0, 20.0, 20.0, 20.0, 20.0, 20.0, 20.0, 20.0, 20.0]",24.972379677612526,24.866748065095578,0.1474,0.0817,0.2074,0.0878,10.4049,-0.0149,-0.0165,-9.815,15.3,,50.0,,,,1.0155,-0.0691,1.0179,176.11,14.94,1.22389,0.009,87.87,25.733,1,34.75,24.978,1,3,10,0.7,9.688,0,0.0,0,0
1790743401.0467546,47.3981845,8.546154,9.475000381469727,0.0010539698414504528,0.006565610878169537,0.0029120042454451323,17.3,0.0668332559651958,0.020816241185445027,0.0,22.12469177246095,20.0,20.0,-1.7291169162564326,-68.48608884957667,-1.137203142096073,0.006578940303998788,14.0,0.0,0.0,"[20.0, 20.0, 20.0, 20.0, 20.0, 20.0, 20.0, 20.0, 20.0, 20.0, 20.0, 20.0, 20.0, 20.0, 20.0, 20.0, 20.0, 20.0, 20.0, 20.0, 20.0, 20.0, 20.0, 20.0, 20.0, 20.0, 20.0, 20.0, 20.0, 20.0, 20.0, 20.0, 20.0, 20.0, 20.0, 20.0, 20.0, 20.0, 20.0, 20.0, 20.0, 20.0, 20.0, 20.0, 20.0, 20.0, 20.0, 20.0, 20.0, 20.0, 20.0, 20.0, 20.0, 20.0, 20.0, 20.0, 20.0, 20.0, 20.0, 20.0, 20.0, 20.0, 20.0, 20.0, 20.0, 20.0, 20.0, 20.0, 20.0, 20.0, 20.0, 20.0]",24.972379677612526,24.866748065095578,0.1918,0.057,0.3409,-0.1215,10.4521,-0.007,-0.0073,-9.8086,15.3,,50.0,,,,0.9957,0.0111,0.9957,180.64,14.94,1.22389,0.0066,80.88,25.737,1,34.95,24.991,1,3,10,0.7,9.665,0,0.0,0,0
1790743401.24806,47.3981846,8.5461539,9.471000671386719,0.0035717268474400043,0.006652654614299536,0.0027767103165388107,19.34,0.06604989853198034,0.023182124663522537,0.0,24.164428558349613,20.0,20.0,-1.741434332324281,-66.44946694408407,-0.972862346995114,0.00669747831612414,14.0,0.0,0.0,"[20.0, 20.0, 20.0, 20.0, 20.0, 20.0, 20.0, 20.0, 20.0, 20.0, 20.0, 20.0, 20.0, 20.0, 20.0, 20.0, 20.0, 20.0, 20.0, 20.0, 20.0, 20.0, 20.0, 20.0, 20.0, 20.0, 20.0, 20.0, 20.0, 20.0, 20.0, 20.0, 20.0, 20.0, 20.0, 20.0, 20.0, 20.0, 20.0, 20.0, 20.0, 20.0, 20.0, 20.0, 20.0, 20.0, 20.0, 20.0, 20.0, 20.0, 20.0, 20.0, 20.0, 20.0, 20.0, 20.0, 20.0, 20.0, 20.0, 20.0, 20.0, 20.0, 20.0, 20.0, 20.0, 20.0, 20.0, 20.0, 20.0, 20.0, 20.0, 20.0]",24.972379677612526,24.866748065095578,0.2354,0.0275,0.2631,0.0105,10.4943,-0.0137,-0.0154,-9.8217,15.3,,50.0,,,,1.071,0.0838,1.0743,184.47,14.94,1.22389,0.0076,61.77,25.74,1,35.15,25.003,1,3,10,0.7,9.655,0,0.0,0,0
1790743401.448562,47.398184699999995,8.5461539,9.4660005569458,0.005419023800641298,0.01074157003313303,0.002886030590161681,21.41,0.0651694483068687,0.025552749507212882,0.0,26.232929382324215,20.0,20.0,-1.752470522176775,-64.3830256883681,-1.5317547707937818,0.01080716023230579,14.0,0.0,0.0,"[20.0, 20.0, 20.0, 20.0, 20.0, 20.0, 20.0, 20.0, 20.0, 20.0, 20.0, 20.0, 20.0, 20.0, 20.0, 20.0, 20.0, 20.0, 20.0, 20.0, 20.0, 20.0, 20.0, 20.0, 20.0, 20.0, 20.0, 20.0, 20.0, 20.0, 20.0, 20.0, 20.0, 20.0, 20.0, 20.0, 20.0, 20.0, 20.0, 20.0, 20.0, 20.0, 20.0, 20.0, 20.0, 20.0, 20.0, 20.0, 20.0, 20.0, 20.0, 20.0, 20.0, 20.0, 20.0, 20.0, 20.0, 20.0, 20.0, 20.0, 20.0, 20.0, 20.0, 20.0, 20.0, 20.0, 20.0, 20.0, 20.0, 20.0, 20.0, 20.0]",24.972379677612526,24.866748065095578,0.2585,0.0185,0.0313,0.1456,10.3567,-0.0072,-0.0011,-9.8103,15.3,,50.0,,,,0.9642,0.1113,0.9706,186.59,14.94,1.22389,0.012,63.23,25.739,1,35.35,25.014,1,3,10,0.7,9.673,0,0.0,0,0
1790743401.6491337,47.398184799999996,8.546154,9.462000846862793,0.004218545276671648,0.015778180211782455,0.002425369806587696,23.48,0.06420394457362502,0.027890025119868305,0.0,28.289997558593768,20.0,20.0,-1.7589388981998573,-62.31560627305308,-2.441411668355685,0.015827592854272494,14.0,0.0,0.0,"[20.0, 20.0, 20.0, 20.0, 20.0, 20.0, 20.0, 20.0, 20.0, 20.0, 20.0, 20.0, 20.0, 20.0, 20.0, 20.0, 20.0, 20.0, 20.0, 20.0, 20.0, 20.0, 20.0, 20.0, 20.0, 20.0, 20.0, 20.0, 20.0, 20.0, 20.0, 20.0, 20.0, 20.0, 20.0, 20.0, 20.0, 20.0, 20.0, 20.0, 20.0, 20.0, 20.0, 20.0, 20.0, 20.0, 20.0, 20.0, 20.0, 20.0, 20.0, 20.0, 20.0, 20.0, 20.0, 20.0, 20.0, 20.0, 20.0, 20.0, 20.0, 20.0, 20.0, 20.0, 20.0, 20.0, 20.0, 20.0, 20.0, 20.0, 20.0, 20.0]",24.972379677612526,24.866748065095578,0.2405,0.0094,-0.0893,-0.0309,10.4013,-0.0239,-0.0117,-9.8174,15.3,,50.0,,,,0.9975,0.0584,0.9992,183.35,14.94,1.22389,0.0163,75.03,25.736,1,35.55,25.022,1,3,10,0.7,9.671,0,0.0,0,0
1790743401.8501673,47.398184799999996,8.546154099999999,9.459000587463379,0.0012599745532497764,0.021811585873365402,0.001822242047637701,25.560000000000002,0.06314937715577419,0.030201923197667128,0.0,30.381704864501955,20.0,20.0,-1.7604992936181514,-60.23711522196521,-3.6492578600127654,0.021825036025087678,14.0,0.0,0.0,"[20.0, 20.0, 20.0, 20.0, 20.0, 20.0, 20.0, 20.0, 20.0, 20.0, 20.0, 20.0, 20.0, 20.0, 20.0, 20.0, 20.0, 20.0, 20.0, 20.0, 20.0, 20.0, 20.0, 20.0, 20.0, 20.0, 20.0, 20.0, 20.0, 20.0, 20.0, 20.0, 20.0, 20.0, 20.0, 20.0, 20.0, 20.0, 20.0, 20.0, 20.0, 20.0, 20.0, 20.0, 20.0, 20.0, 20.0, 20.0, 20.0, 20.0, 20.0, 20.0, 20.0, 20.0, 20.0, 20.0, 20.0, 20.0, 20.0, 20.0, 20.0, 20.0, 20.0, 20.0, 20.0, 20.0, 20.0, 20.0, 20.0, 20.0, 20.0, 20.0]",24.972379677612526,24.866748065095578,0.1965,-0.0212,-0.2569,-0.1226,10.3137,-0.0129,-0.016,-9.8155,15.3,,50.0,,,,1.1066,-0.0053,1.1066,179.73,14.94,1.22389,0.0218,86.69,25.73,1,35.75,25.028,1,3,10,0.7,9.722,0,0.0,0,0
1790743402.0512831,47.398184799999996,8.5461542,9.458000183105469,0.0008999222191050649,0.028295449912548065,0.0013899847399443388,27.650000000000002,0.06200592578460196,0.03248484519886823,0.0,32.465753936767584,20.0,20.0,-1.7618595399784682,-58.149093482771804,-4.696578413140306,0.028304109675527985,14.0,0.0,0.0,"[20.0, 20.0, 20.0, 20.0, 20.0, 20.0, 20.0, 20.0, 20.0, 20.0, 20.0, 20.0, 20.0, 20.0, 20.0, 20.0, 20.0, 20.0, 20.0, 20.0, 20.0, 20.0, 20.0, 20.0, 20.0, 20.0, 20.0, 20.0, 20.0, 20.0, 20.0, 20.0, 20.0, 20.0, 20.0, 20.0, 20.0, 20.0, 20.0, 20.0, 20.0, 20.0, 20.0, 20.0, 20.0, 20.0, 20.0, 20.0, 20.0, 20.0, 20.0, 20.0, 20.0, 20.0, 20.0, 20.0, 20.0, 20.0, 20.0, 20.0, 20.0, 20.0, 20.0, 20.0, 20.0, 20.0, 20.0, 20.0, 20.0, 20.0, 20.0, 20.0]",24.972379677612526,24.866748065095578,0.1453,-0.0423,-0.2417,0.0021,10.1465,-0.0048,-0.0118,-9.8114,15.3,,50.0,,,,1.2114,-0.0188,1.2115,179.11,14.94,1.22389,0.0283,88.18,25.721,1,35.95,25.038,1,3,10,0.7,9.686,0,0.0,0,0
1790743402.2519984,47.398184799999996,8.5461543,9.458000183105469,0.0008752376306802034,0.03282509744167328,0.001135827973484993,29.7,0.060804206010673385,0.03468210679026851,0.0,34.524108123779286,20.0,20.0,-1.7622045873516226,-56.10101030503853,-5.347167232549641,0.032833126883603486,14.0,0.0,0.0,"[20.0, 20.0, 20.0, 20.0, 20.0, 20.0, 20.0, 20.0, 20.0, 20.0, 20.0, 20.0, 20.0, 20.0, 20.0, 20.0, 20.0, 20.0, 20.0, 20.0, 20.0, 20.0, 20.0, 20.0, 20.0, 20.0, 20.0, 20.0, 20.0, 20.0, 20.0, 20.0, 20.0, 20.0, 20.0, 20.0, 20.0, 20.0, 20.0, 20.0, 20.0, 20.0, 20.0, 20.0, 20.0, 20.0, 20.0, 20.0, 20.0, 20.0, 20.0, 20.0, 20.0, 20.0, 20.0, 20.0, 20.0, 20.0, 20.0, 20.0, 20.0, 20.0, 20.0, 20.0, 20.0, 20.0, 20.0, 20.0, 20.0, 20.0, 20.0, 20.0]",24.972379677612526,24.866748065095578,0.1022,-0.044,-0.2053,0.0436,10.0889,-0.015,-0.0068,-9.8022,15.3,,50.0,,,,1.2861,-0.1705,1.2973,172.45,14.94,1.22389,0.0328,88.47,25.71,1,36.16,25.049,1,3,10,0.7,9.711,0,0.0,0,0
1790743402.4519672,47.398184799999996,8.5461545,9.457000732421875,-0.00045658033923245966,0.03419262543320656,0.0008447071304544806,31.7,0.05955677765968359,0.03678301557505873,0.0,36.50476188659667,20.0,20.0,-1.7600183220918608,-54.101928995942075,-5.584133810506472,0.034184828245639634,14.0,0.0,0.0,"[20.0, 20.0, 20.0, 20.0, 20.0, 20.0, 20.0, 20.0, 20.0, 20.0, 20.0, 20.0, 20.0, 20.0, 20.0, 20.0, 20.0, 20.0, 20.0, 20.0, 20.0, 20.0, 20.0, 20.0, 20.0, 20.0, 20.0, 20.0, 20.0, 20.0, 20.0, 20.0, 20.0, 20.0, 20.0, 20.0, 20.0, 20.0, 20.0, 20.0, 20.0, 20.0, 20.0, 20.0, 20.0, 20.0, 20.0, 20.0, 20.0, 20.0, 20.0, 20.0, 20.0, 20.0, 20.0, 20.0, 20.0, 20.0, 20.0, 20.0, 20.0, 20.0, 20.0, 20.0, 20.0, 20.0, 20.0, 20.0, 20.0, 20.0, 20.0, 20.0]",24.972379677612526,24.866748065095578,0.0841,-0.0632,0.0039,-0.1083,10.0175,-0.0063,-0.0164,-9.8141,15.3,,50.0,,,,1.4015,-0.1165,1.4063,175.25,14.94,1.22389,0.0342,90.77,25.7,1,36.36,25.059,1,3,10,0.7,9.666,0,0.0,0,0
1790743402.6525013,47.398184799999996,8.5461546,9.457000732421875,-0.0023699405137449503,0.03631393238902092,0.00036674868897534907,33.72,0.05822322759448765,0.038859436028852654,0.0,38.52976295471191,20.0,20.0,-1.754702880871133,-52.08192888901692,-5.997895011504429,0.036282824561300074,14.0,0.0,0.0,"[20.0, 20.0, 20.0, 20.0, 20.0, 20.0, 20.0, 20.0, 20.0, 20.0, 20.0, 20.0, 20.0, 20.0, 20.0, 20.0, 20.0, 20.0, 20.0, 20.0, 20.0, 20.0, 20.0, 20.0, 20.0, 20.0, 20.0, 20.0, 20.0, 20.0, 20.0, 20.0, 20.0, 20.0, 20.0, 20.0, 20.0, 20.0, 20.0, 20.0, 20.0, 20.0, 20.0, 20.0, 20.0, 20.0, 20.0, 20.0, 20.0, 20.0, 20.0, 20.0, 20.0, 20.0, 20.0, 20.0, 20.0, 20.0, 20.0, 20.0, 20.0, 20.0, 20.0, 20.0, 20.0, 20.0, 20.0, 20.0, 20.0, 20.0, 20.0, 20.0]",24.972379677612526,24.866748065095578,0.0762,-0.0894,-0.1323,-0.1939,10.1161,-0.0072,-0.0169,-9.8117,15.3,,50.0,,,,1.3554,-0.1091,1.3597,175.4,14.94,1.22389,0.0364,93.73,25.69,1,36.56,25.07,1,3,10,0.7,9.705,0,0.0,0,0
1790743402.8528116,47.398184699999995,8.5461548,9.459000587463379,-0.003965561278164387,0.03939303755760193,-0.00019837520085275173,35.75,0.05681017873755086,0.040897476594620404,0.0,40.56707572937012,20.0,20.0,-1.7474486098082311,-50.051557154480236,-6.5200897999612835,0.03934137513711899,14.0,0.0,0.0,"[20.0, 20.0, 20.0, 20.0, 20.0, 20.0, 20.0, 20.0, 20.0, 20.0, 20.0, 20.0, 20.0, 20.0, 20.0, 20.0, 20.0, 20.0, 20.0, 20.0, 20.0, 20.0, 20.0, 20.0, 20.0, 20.0, 20.0, 20.0, 20.0, 20.0, 20.0, 20.0, 20.0, 20.0, 20.0, 20.0, 20.0, 20.0, 20.0, 20.0, 20.0, 20.0, 20.0, 20.0, 20.0, 20.0, 20.0, 20.0, 20.0, 20.0, 20.0, 20.0, 20.0, 20.0, 20.0, 20.0, 20.0, 20.0, 20.0, 20.0, 20.0, 20.0, 20.0, 20.0, 20.0, 20.0, 20.0, 20.0, 20.0, 20.0, 20.0, 20.0]",24.972379677612526,24.866748065095578,0.0521,-0.1163,-0.1338,-0.1069,10.1106,-0.014,-0.0195,-9.8014,15.3,,50.0,,,,1.4612,-0.0699,1.4629,177.26,14.94,1.22389,0.0396,95.75,25.678,1,36.76,25.084,1,3,10,0.7,9.669,0,0.0,0,0
1790743403.0534558,47.398184699999995,8.546154999999999,9.460000038146973,-0.005194219294935465,0.04490840807557106,0.0001062308219843544,37.82,0.05529587135233984,0.04292279827067991,0.0,42.636028594970696,20.0,20.0,-1.7383143334711046,-47.98115506839753,-7.343046805472827,0.04483936876519577,14.0,0.0,0.0,"[20.0, 20.0, 20.0, 20.0, 20.0, 20.0, 20.0, 20.0, 20.0, 20.0, 20.0, 20.0, 20.0, 20.0, 20.0, 20.0, 20.0, 20.0, 20.0, 20.0, 20.0, 20.0, 20.0, 20.0, 20.0, 20.0, 20.0, 20.0, 20.0, 20.0, 20.0, 20.0, 20.0, 20.0, 20.0, 20.0, 20.0, 20.0, 20.0, 20.0, 20.0, 20.0, 20.0, 20.0, 20.0, 20.0, 20.0, 20.0, 20.0, 20.0, 20.0, 20.0, 20.0, 20.0, 20.0, 20.0, 20.0, 20.0, 20.0, 20.0, 20.0, 20.0, 20.0, 20.0, 20.0, 20.0, 20.0, 20.0, 20.0, 20.0, 20.0, 20.0]",24.972379677612526,24.866748065095578,0.0187,-0.1233,-0.3433,0.0069,10.0957,-0.0087,-0.0211,-9.8061,15.3,,50.0,,,,1.3914,0.0237,1.3916,180.98,14.94,1.22389,0.0452,96.6,25.662,1,36.96,25.101,1,3,10,0.7,9.678,0,0.0,0,0
1790743403.2544358,47.3981846,8.5461552,9.460000038146973,-0.0061484649777412415,0.04741477966308594,0.0002924781874753535,39.85,0.05374072410225839,0.04485459366625611,0.0,44.66278419494628,20.0,20.0,-1.7279299410170383,-45.950230149169755,-7.658680034713649,0.047330955776204976,14.0,0.0,0.0,"[20.0, 20.0, 20.0, 20.0, 20.0, 20.0, 20.0, 20.0, 20.0, 20.0, 20.0, 20.0, 20.0, 20.0, 20.0, 20.0, 20.0, 20.0, 20.0, 20.0, 20.0, 20.0, 20.0, 20.0, 20.0, 20.0, 20.0, 20.0, 20.0, 20.0, 20.0, 20.0, 20.0, 20.0, 20.0, 20.0, 20.0, 20.0, 20.0, 20.0, 20.0, 20.0, 20.0, 20.0, 20.0, 20.0, 20.0, 20.0, 20.0, 20.0, 20.0, 20.0, 20.0, 20.0, 20.0, 20.0, 20.0, 20.0, 20.0, 20.0, 20.0, 20.0, 20.0, 20.0, 20.0, 20.0, 20.0, 20.0, 20.0, 20.0, 20.0, 20.0]",24.972379677612526,24.866748065095578,-0.0266,-0.1282,-0.127,-0.0562,10.0442,-0.0058,-0.0109,-9.8004,15.3,,50.0,,,,1.4361,0.0166,1.4362,180.66,14.94,1.22389,0.0478,97.39,25.647,1,37.16,25.119,1,3,10,0.7,9.687,0,0.0,0,0
1790743403.45514,47.3981845,8.5461554,9.459000587463379,-0.0061990669928491116,0.04809867963194847,0.0004185691650491208,41.84,0.07450104906055961,0.06670527482048245,0.0,46.656434860229496,20.0,20.0,-1.7178610648546404,-43.959216065751065,-7.588849708402091,0.048011618997335005,14.0,0.0,0.0,"[20.0, 20.0, 20.0, 20.0, 20.0, 20.0, 20.0, 20.0, 20.0, 20.0, 20.0, 20.0, 20.0, 20.0, 20.0, 20.0, 20.0, 20.0, 20.0, 20.0, 20.0, 20.0, 20.0, 20.0, 20.0, 20.0, 20.0, 20.0, 20.0, 20.0, 20.0, 20.0, 20.0, 20.0, 20.0, 20.0, 20.0, 20.0, 20.0, 20.0, 20.0, 20.0, 20.0, 20.0, 20.0, 20.0, 20.0, 20.0, 20.0, 20.0, 20.0, 20.0, 20.0, 20.0, 20.0, 20.0, 20.0, 20.0, 20.0, 20.0, 20.0, 20.0, 20.0, 20.0, 20.0, 20.0, 20.0, 20.0, 20.0, 20.0, 20.0, 20.0]",24.972379677612526,24.866748065095578,-0.041,-0.1376,0.0042,-0.1516,10.0836,-0.0046,-0.015,-9.7991,15.3,,50.0,,,,1.2125,0.0035,1.2125,180.16,14.94,1.22389,0.0485,97.34,25.633,1,37.36,25.136,1,3,10,0.7,9.662,0,0.0,0,0
1790743403.6555574,47.3981844,8.546155599999999,9.457000732421875,-0.005480371881276369,0.05168191343545914,0.0011529490584507585,43.86,0.07210350218447885,0.06928986197657529,0.0,48.68052040100099,20.0,20.0,-1.7067699113533323,-41.93790860506266,-7.793799116328003,0.05160159584394102,14.0,0.0,0.0,"[20.0, 20.0, 20.0, 20.0, 20.0, 20.0, 20.0, 20.0, 20.0, 20.0, 20.0, 20.0, 20.0, 20.0, 20.0, 20.0, 20.0, 20.0, 20.0, 20.0, 20.0, 20.0, 20.0, 20.0, 20.0, 20.0, 20.0, 20.0, 20.0, 20.0, 20.0, 20.0, 20.0, 20.0, 20.0, 20.0, 20.0, 20.0, 20.0, 20.0, 20.0, 20.0, 20.0, 20.0, 20.0, 20.0, 20.0, 20.0, 20.0, 20.0, 20.0, 20.0, 20.0, 20.0, 20.0, 20.0, 20.0, 20.0, 20.0, 20.0, 20.0, 20.0, 20.0, 20.0, 20.0, 20.0, 20.0, 20.0, 20.0, 20.0, 20.0, 20.0]",24.972379677612526,24.866748065095578,-0.0593,-0.3074,-0.0727,-0.8696,10.0699,-0.019,-0.0164,-9.8055,15.3,,50.0,,,,1.1518,-0.1454,1.161,172.81,14.94,1.22389,0.052,96.05,25.619,1,37.56,25.154,1,3,10,0.7,9.696,0,0.0,0,0
1790743403.8559182,47.3981843,8.5461557,9.454000473022461,0.0011768986005336046,0.057295262813568115,0.0015351666370406747,45.89,0.06960381226757315,0.07180048271300433,0.0,50.69956840515135,20.0,20.0,-1.6988795489130482,-39.907513383292496,-7.413423150193756,0.05730614086796207,14.0,0.0,0.0,"[20.0, 20.0, 20.0, 20.0, 20.0, 20.0, 20.0, 20.0, 20.0, 20.0, 20.0, 20.0, 20.0, 20.0, 20.0, 20.0, 20.0, 20.0, 20.0, 20.0, 20.0, 20.0, 20.0, 20.0, 20.0, 20.0, 20.0, 20.0, 20.0, 20.0, 20.0, 20.0, 20.0, 20.0, 20.0, 20.0, 20.0, 20.0, 20.0, 20.0, 20.0, 20.0, 20.0, 20.0, 20.0, 20.0, 20.0, 20.0, 20.0, 20.0, 20.0, 20.0, 20.0, 20.0, 20.0, 20.0, 20.0, 20.0, 20.0, 20.0, 20.0, 20.0, 20.0, 20.0, 20.0, 20.0, 20.0, 20.0, 20.0, 20.0, 20.0, 20.0]",24.972379677612526,24.866748065095578,-0.0734,-0.377,0.0465,0.0498,10.2101,-0.0113,-0.0122,-9.8119,15.3,,50.0,,,,1.1804,-0.1568,1.1908,172.43,14.94,1.22389,0.0573,88.82,25.605,1,37.76,25.17,1,3,10,0.7,9.669,0,0.0,0,0
1790743404.0573614,47.3981843,8.546156,9.451000213623047,0.009464824572205544,0.06503041088581085,0.0013220811961218715,47.93,0.06700380294340622,0.07423267738079496,0.0,52.742343597412116,20.0,20.0,-1.6947171662420824,-37.86870034821351,-6.9457102337883025,0.06515799201169455,14.0,0.0,0.0,"[20.0, 20.0, 20.0, 20.0, 20.0, 20.0, 20.0, 20.0, 20.0, 20.0, 20.0, 20.0, 20.0, 20.0, 20.0, 20.0, 20.0, 20.0, 20.0, 20.0, 20.0, 20.0, 20.0, 20.0, 20.0, 20.0, 20.0, 20.0, 20.0, 20.0, 20.0, 20.0, 20.0, 20.0, 20.0, 20.0, 20.0, 20.0, 20.0, 20.0, 20.0, 20.0, 20.0, 20.0, 20.0, 20.0, 20.0, 20.0, 20.0, 20.0, 20.0, 20.0, 20.0, 20.0, 20.0, 20.0, 20.0, 20.0, 20.0, 20.0, 20.0, 20.0, 20.0, 20.0, 20.0, 20.0, 20.0, 20.0, 20.0, 20.0, 20.0, 20.0]",24.972379677612526,24.866748065095578,-0.0597,-0.3354,0.1294,0.2747,10.1015,-0.0107,-0.0085,-9.8121,15.3,,50.0,,,,1.1876,-0.0196,1.1878,179.06,14.94,1.22389,0.0657,81.72,25.59,1,37.96,25.186,1,3,10,0.7,9.688,0,0.0,0,0
1790743404.2576659,47.3981843,8.5461562,9.450000762939453,0.017543692141771317,0.07356711477041245,0.0003596710739657283,49.99,0.06429212998731357,0.07659322438502231,0.0,54.816305389404306,20.0,20.0,-1.694191358554863,-35.81172043890399,-6.439642200238415,0.07380774348263985,14.0,0.0,0.0,"[20.0, 20.0, 20.0, 20.0, 20.0, 20.0, 20.0, 20.0, 20.0, 20.0, 20.0, 20.0, 20.0, 20.0, 20.0, 20.0, 20.0, 20.0, 20.0, 20.0, 20.0, 20.0, 20.0, 20.0, 20.0, 20.0, 20.0, 20.0, 20.0, 20.0, 20.0, 20.0, 20.0, 20.0, 20.0, 20.0, 20.0, 20.0, 20.0, 20.0, 20.0, 20.0, 20.0, 20.0, 20.0, 20.0, 20.0, 20.0, 20.0, 20.0, 20.0, 20.0, 20.0, 20.0, 20.0, 20.0, 20.0, 20.0, 20.0, 20.0, 20.0, 20.0, 20.0, 20.0, 20.0, 20.0, 20.0, 20.0, 20.0, 20.0, 20.0, 20.0]",24.972379677612526,24.866748065095578,-0.0434,-0.248,0.084,0.4412,10.0398,-0.01,-0.0081,-9.8082,15.3,,50.0,,,,1.1012,0.0597,1.1028,183.11,14.94,1.22389,0.0756,76.59,25.57,1,38.16,25.206,1,3,10,0.7,9.705,0,0.0,0,0
1790743404.4591722,47.3981844,8.5461565,9.45300006866455,0.025324078276753426,0.08125095814466476,-8.663522748975083e-05,52.050000000000004,0.06149735718768641,0.07885477194774021,0.0,56.87324981689454,20.0,20.0,-1.6977485273017332,-33.75661268154178,-5.710205071908797,0.08159572680340438,14.0,0.0,0.0,"[20.0, 20.0, 20.0, 20.0, 20.0, 20.0, 20.0, 20.0, 20.0, 20.0, 20.0, 20.0, 20.0, 20.0, 20.0, 20.0, 20.0, 20.0, 20.0, 20.0, 20.0, 20.0, 20.0, 20.0, 20.0, 20.0, 20.0, 20.0, 20.0, 20.0, 20.0, 20.0, 20.0, 20.0, 20.0, 20.0, 20.0, 20.0, 20.0, 20.0, 20.0, 20.0, 20.0, 20.0, 20.0, 20.0, 20.0, 20.0, 20.0, 20.0, 20.0, 20.0, 20.0, 20.0, 20.0, 20.0, 20.0, 20.0, 20.0, 20.0, 20.0, 20.0, 20.0, 20.0, 20.0, 20.0, 20.0, 20.0, 20.0, 20.0, 20.0, 20.0]",24.972379677612526,24.866748065095578,-0.021,-0.156,0.1189,0.4712,10.0378,-0.0106,-0.0054,-9.8033,15.3,,50.0,,,,1.1947,0.105,1.1993,185.02,14.94,1.22389,0.0851,72.69,25.547,1,38.36,25.229,1,3,10,0.7,9.73,0,0.0,0,0
1790743404.6601093,47.3981844,8.5461569,9.457000732421875,0.02877569943666458,0.0883505642414093,-0.0010621765395626426,54.1,0.05863723567357894,0.08100416404457961,0.0,58.924937820434565,20.0,20.0,-1.7013899581337761,-31.711994328778815,-5.426209420702084,0.08873661946763453,14.0,0.0,0.0,"[20.0, 20.0, 20.0, 20.0, 20.0, 20.0, 20.0, 20.0, 20.0, 20.0, 20.0, 20.0, 20.0, 20.0, 20.0, 20.0, 20.0, 20.0, 20.0, 20.0, 20.0, 20.0, 20.0, 20.0, 20.0, 20.0, 20.0, 20.0, 20.0, 20.0, 20.0, 20.0, 20.0, 20.0, 20.0, 20.0, 20.0, 20.0, 20.0, 20.0, 20.0, 20.0, 20.0, 20.0, 20.0, 20.0, 20.0, 20.0, 20.0, 20.0, 20.0, 20.0, 20.0, 20.0, 20.0, 20.0, 20.0, 20.0, 20.0, 20.0, 20.0, 20.0, 20.0, 20.0, 20.0, 20.0, 20.0, 20.0, 20.0, 20.0, 20.0, 20.0]",24.972379677612526,24.866748065095578,-0.0042,-0.0755,-0.026,0.3876,9.938,-0.012,-0.0135,-9.797,15.3,,50.0,,,,1.0979,-0.0457,1.0988,177.62,14.94,1.22389,0.0929,71.96,25.521,1,38.56,25.255,1,3,10,0.7,9.673,0,0.0,0,0
1790743404.8600297,47.3981845,8.5461572,9.461000442504883,0.029978755861520767,0.09227725863456726,-0.0007134151528589427,56.11,0.11662194256638879,0.17592086101019058,0.0,60.916261062622084,20.0,20.0,-1.705121944844171,-29.707345382628603,-5.060942863471252,0.09267300818669873,14.0,0.0,0.037462561948863174,"[20.0, 20.0, 20.0, 20.0, 20.0, 20.0, 20.0, 20.0, 20.0, 20.0, 20.0, 20.0, 20.0, 20.0, 20.0, 20.0, 20.0, 20.0, 20.0, 20.0, 20.0, 20.0, 20.0, 20.0, 20.0, 20.0, 20.0, 20.0, 20.0, 20.0, 20.0, 20.0, 20.0, 20.0, 20.0, 20.0, 20.0, 20.0, 20.0, 20.0, 20.0, 20.0, 20.0, 20.0, 20.0, 20.0, 20.0, 20.0, 20.0, 20.0, 20.0, 20.0, 20.0, 20.0, 20.0, 20.0, 20.0, 20.0, 20.0, 20.0, 20.0, 20.0, 20.0, 20.0, 20.0, 20.0, 20.0, 20.0, 20.0, 20.0, 20.0, 20.0]",24.972379677612526,24.866748065095578,0.0034,-0.0252,0.0643,0.1821,9.839,-0.0213,-0.0145,-9.7937,15.3,,50.0,,,,1.126,-0.1219,1.1326,173.82,14.94,1.22389,0.097,72.0,25.496,1,38.76,25.281,1,3,10,0.7,9.718,0,0.0,0,0
1790743405.0606961,47.3981845,8.5461575,9.463000297546387,0.034027326852083206,0.09944825619459152,-0.0010949437273666263,58.09,0.11266749973302201,0.18321942279804432,0.0,62.90620597839356,20.0,20.0,-1.7097873161802895,-27.732916784204292,-4.513551310893151,0.09988942760055913,14.0,0.0,0.002279714781259464,"[20.0, 20.0, 20.0, 20.0, 20.0, 20.0, 20.0, 20.0, 20.0, 20.0, 20.0, 20.0, 20.0, 20.0, 20.0, 20.0, 20.0, 20.0, 20.0, 20.0, 20.0, 20.0, 20.0, 20.0, 20.0, 20.0, 20.0, 20.0, 20.0, 20.0, 20.0, 20.0, 20.0, 20.0, 20.0, 20.0, 20.0, 20.0, 20.0, 20.0, 20.0, 20.0, 20.0, 20.0, 20.0, 20.0, 20.0, 20.0, 20.0, 20.0, 20.0, 20.0, 20.0, 20.0, 20.0, 20.0, 20.0, 20.0, 20.0, 20.0, 20.0, 20.0, 20.0, 20.0, 20.0, 20.0, 20.0, 20.0, 20.0, 20.0, 20.0, 20.0]",24.972379677612526,24.866748065095578,-0.0052,-0.5889,0.0659,-2.8505,9.8821,-0.0236,-0.0103,-9.8105,15.3,,50.0,,,,1.0016,0.0026,1.0016,180.15,14.94,1.22389,0.1051,71.11,25.471,1,38.96,25.306,1,3,10,0.7,9.725,0,0.0,0,0
1790743405.2614949,47.3981846,8.546157899999999,9.46500015258789,0.04491713270545006,0.1213083490729332,-0.0003066165081690997,60.07,0.10821933760096225,0.19022899314178568,0.0,64.89312393188476,20.0,20.0,-1.7132070584804884,-25.758315083597353,-4.117998141652552,0.12188232689417061,14.0,0.0,0.0023182741369722317,"[20.0, 20.0, 20.0, 20.0, 20.0, 20.0, 20.0, 20.0, 20.0, 20.0, 20.0, 20.0, 20.0, 20.0, 20.0, 20.0, 20.0, 20.0, 20.0, 20.0, 20.0, 20.0, 20.0, 20.0, 20.0, 20.0, 20.0, 20.0, 20.0, 20.0, 20.0, 20.0, 20.0, 20.0, 20.0, 20.0, 20.0, 20.0, 20.0, 20.0, 20.0, 20.0, 20.0, 20.0, 20.0, 20.0, 20.0, 20.0, 20.0, 20.0, 20.0, 20.0, 20.0, 20.0, 20.0, 20.0, 20.0, 20.0, 20.0, 20.0, 20.0, 20.0, 20.0, 20.0, 20.0, 20.0, 20.0, 20.0, 20.0, 20.0, 20.0, 20.0]",24.972379677612526,24.866748065095578,-0.0096,-0.8381,0.0652,-0.1205,9.9301,-0.0154,-0.0114,-9.8036,15.3,,50.0,,,,0.9923,-0.0482,0.9934,177.22,14.94,1.22389,0.1294,69.68,25.446,1,39.17,25.332,1,3,10,0.7,9.717,0,0.0,0,0
1790743405.4622583,47.3981846,8.5461583,9.4660005569458,0.05464794859290123,0.14497648179531097,0.000406332517741248,62.29,0.10329808502592144,0.19691538281315718,0.0,66.85527114868165,20.0,20.0,-1.7162442554679085,-23.78405905218716,-3.7526469144027157,0.14566414135547504,14.0,0.0,0.0023654924827268397,"[20.0, 20.0, 20.0, 20.0, 20.0, 20.0, 20.0, 20.0, 20.0, 20.0, 20.0, 20.0, 20.0, 20.0, 20.0, 20.0, 20.0, 20.0, 20.0, 20.0, 20.0, 20.0, 20.0, 20.0, 20.0, 20.0, 20.0, 20.0, 20.0, 20.0, 20.0, 20.0, 20.0, 20.0, 20.0, 20.0, 20.0, 20.0, 20.0, 20.0, 20.0, 20.0, 20.0, 20.0, 20.0, 20.0, 20.0, 20.0, 20.0, 20.0, 20.0, 20.0, 20.0, 20.0, 20.0, 20.0, 20.0, 20.0, 20.0, 20.0, 20.0, 20.0, 20.0, 20.0, 20.0, 20.0, 20.0, 20.0, 20.0, 20.0, 20.0, 20.0]",24.972379677612526,24.866748065095578,-0.0083,-0.7676,0.0633,0.6158,9.8935,-0.017,-0.0023,-9.8115,15.3,,50.0,,,,1.0737,-0.1264,1.0812,173.28,14.94,1.22389,0.1549,69.35,25.417,1,39.37,25.361,1,3,10,0.7,9.692,0,0.0,0,0
1790743405.6628213,47.398184699999995,8.5461587,9.4660005569458,0.06230415031313896,0.16261576116085052,0.0005054863286204636,64.25,0.1159782571558157,0.24306456493205694,0.0,69.06888961791992,20.0,20.0,-1.7210266002790755,-21.59068526935542,-2.772936450665393,0.1633829580102861,14.0,0.0,0.0026617487248871727,"[20.0, 20.0, 20.0, 20.0, 20.0, 20.0, 20.0, 20.0, 20.0, 20.0, 20.0, 20.0, 20.0, 20.0, 20.0, 20.0, 20.0, 20.0, 20.0, 20.0, 20.0, 20.0, 20.0, 20.0, 20.0, 20.0, 20.0, 20.0, 20.0, 20.0, 20.0, 20.0, 20.0, 20.0, 20.0, 20.0, 20.0, 20.0, 20.0, 20.0, 20.0, 20.0, 20.0, 20.0, 20.0, 20.0, 20.0, 20.0, 20.0, 20.0, 20.0, 20.0, 20.0, 20.0, 20.0, 20.0, 20.0, 20.0, 20.0, 20.0, 20.0, 20.0, 20.0, 20.0, 20.0, 20.0, 20.0, 20.0, 20.0, 20.0, 20.0, 20.0]",24.972379677612526,24.866748065095578,-0.0053,-0.6423,0.1389,0.518,9.79,-0.0255,-0.0082,-9.8095,15.3,,50.0,,,,1.0288,-0.1543,1.0403,171.47,14.94,1.22389,0.1741,69.04,25.387,1,39.57,25.391,1,3,10,0.7,9.677,0,0.0,0,0
1790743405.8634923,47.398184799999996,8.546159099999999,9.468000411987305,0.06868940591812134,0.17574162781238556,-0.000271825265372172,66.18,0.13112463316783118,0.30011016117564865,0.0,71.00469177246094,20.0,20.0,-1.7281638780673432,-19.668118674859414,-1.5537622885806346,0.1765625265392594,14.0,0.0,0.003247514128903492,"[20.0, 20.0, 20.0, 20.0, 20.0, 20.0, 20.0, 20.0, 20.0, 20.0, 20.0, 20.0, 20.0, 20.0, 20.0, 20.0, 20.0, 20.0, 20.0, 20.0, 20.0, 20.0, 20.0, 20.0, 20.0, 20.0, 20.0, 20.0, 20.0, 20.0, 20.0, 20.0, 20.0, 20.0, 20.0, 20.0, 20.0, 20.0, 20.0, 20.0, 20.0, 20.0, 20.0, 20.0, 20.0, 20.0, 20.0, 20.0, 20.0, 20.0, 20.0, 20.0, 20.0, 20.0, 20.0, 20.0, 20.0, 20.0, 20.0, 20.0, 20.0, 20.0, 20.0, 20.0, 20.0, 20.0, 20.0, 20.0, 20.0, 20.0, 20.0, 20.0]",24.972379677612526,24.866748065095578,0.026,-0.7776,0.4365,-1.0241,9.9871,-0.0225,-0.0091,-9.808,15.3,,50.0,,,,0.9759,-0.2045,0.9971,168.17,14.94,1.22389,0.1887,68.65,25.358,1,39.77,25.422,1,3,10,0.7,9.678,0,0.0,0,0
1790743406.063786,47.3981849,8.5461595,9.468000411987305,0.07776420563459396,0.19608628749847412,-0.0005929592880420387,68.17,0.39437605379838936,1.057124316340266,0.0,72.97279922485353,20.0,20.0,-1.7387027716354606,-17.687230603534232,-0.13896615731490466,0.1969761049429771,14.0,0.0,0.7515296993277513,"[20.0, 20.0, 20.0, 20.0, 20.0, 20.0, 20.0, 20.0, 20.0, 20.0, 20.0, 20.0, 20.0, 20.0, 20.0, 20.0, 20.0, 20.0, 20.0, 20.0, 20.0, 20.0, 20.0, 20.0, 20.0, 20.0, 20.0, 20.0, 20.0, 20.0, 20.0, 20.0, 20.0, 20.0, 20.0, 20.0, 20.0, 20.0, 20.0, 20.0, 20.0, 20.0, 20.0, 20.0, 20.0, 20.0, 20.0, 20.0, 20.0, 20.0, 20.0, 20.0, 20.0, 20.0, 20.0, 20.0, 20.0, 20.0, 20.0, 20.0, 20.0, 20.0, 20.0, 20.0, 20.0, 20.0, 20.0, 20.0, 20.0, 20.0, 20.0, 20.0]",24.972379677612526,24.866748065095578,0.0712,-1.1135,0.4855,-1.3751,10.2364,-0.0203,-0.0067,-9.7935,15.3,,50.0,,,,0.9603,-0.3025,1.0068,162.51,14.94,1.22389,0.2109,68.37,25.325,1,39.97,25.456,1,3,10,0.7,9.695,0,0.0,0,0
1790743406.264413,47.3981851,8.54616,9.472000122070312,0.1051727682352066,0.266360342502594,-0.02708338387310505,70.21000000000001,0.4301304058609679,1.2751340403299185,0.0,75.03185935974122,20.0,20.0,-1.754787291453195,-15.659721373152024,1.6761193312246845,0.26748406143434184,14.0,0.0,0.0,"[20.0, 20.0, 20.0, 20.0, 20.0, 20.0, 20.0, 20.0, 20.0, 20.0, 20.0, 20.0, 20.0, 20.0, 20.0, 20.0, 20.0, 20.0, 20.0, 20.0, 20.0, 20.0, 20.0, 20.0, 20.0, 20.0, 20.0, 20.0, 20.0, 20.0, 20.0, 20.0, 20.0, 20.0, 20.0, 20.0, 20.0, 20.0, 20.0, 20.0, 20.0, 20.0, 20.0, 20.0, 20.0, 20.0, 20.0, 20.0, 20.0, 20.0, 20.0, 20.0, 20.0, 20.0, 20.0, 20.0, 20.0, 20.0, 20.0, 20.0, 20.0, 20.0, 20.0, 20.0, 20.0, 20.0, 20.0, 20.0, 20.0, 20.0, 20.0, 20.0]",24.972379677612526,24.866748065095578,0.1117,-5.3613,0.7685,-21.03,10.4689,-0.0448,0.0,-9.8215,15.3,,50.0,,,,0.8849,-0.3483,0.951,158.51,14.94,1.22389,0.2864,68.45,25.286,1,40.17,25.5,1,3,10,0.7,9.74,0,0.0,0,0
1790743406.4649484,47.398185399999996,8.546161099999999,9.479000091552734,0.17547209560871124,0.4731176793575287,-0.023063689470291138,72.34,0.40236619726533224,1.3528263317961897,0.0,77.14468177795413,20.0,20.0,-1.7792140361346802,-13.550995217721066,2.68904526974378,0.4747819871150585,14.0,0.0,0.0,"[20.0, 20.0, 20.0, 20.0, 20.0, 20.0, 20.0, 20.0, 20.0, 20.0, 20.0, 20.0, 20.0, 20.0, 20.0, 20.0, 20.0, 20.0, 20.0, 20.0, 20.0, 20.0, 20.0, 20.0, 20.0, 20.0, 20.0, 20.0, 20.0, 20.0, 20.0, 20.0, 20.0, 20.0, 20.0, 20.0, 20.0, 20.0, 20.0, 20.0, 20.0, 20.0, 20.0, 20.0, 20.0, 20.0, 20.0, 20.0, 20.0, 20.0, 20.0, 20.0, 20.0, 20.0, 20.0, 20.0, 20.0, 20.0, 20.0, 20.0, 20.0, 20.0, 20.0, 20.0, 20.0, 20.0, 20.0, 20.0, 20.0, 20.0, 20.0, 20.0]",24.972379677612526,24.866748065095578,0.0484,-8.0123,0.9193,-5.0077,10.4365,-0.0563,0.0003,-9.8105,15.3,,50.0,,,,0.8882,-0.4816,1.0104,151.53,14.94,1.22389,0.5046,69.65,25.214,1,40.37,25.577,1,3,10,0.7,9.743,0,0.0,0,0
1790743406.6657946,47.3981858,8.5461628,9.485000610351562,0.2509092092514038,0.7303268909454346,-0.00804276391863823,74.61,0.3698409037299719,1.4328792281720957,0.0,79.43365036010744,20.0,20.0,-1.8142720437809015,-11.317045047515819,3.5705383204543195,0.732251062913462,14.0,0.0,0.09619630244607959,"[20.0, 20.0, 20.0, 20.0, 20.0, 20.0, 20.0, 20.0, 20.0, 20.0, 20.0, 20.0, 20.0, 20.0, 20.0, 20.0, 20.0, 20.0, 20.0, 20.0, 20.0, 20.0, 20.0, 20.0, 20.0, 20.0, 20.0, 20.0, 20.0, 20.0, 20.0, 20.0, 20.0, 20.0, 20.0, 20.0, 20.0, 20.0, 20.0, 20.0, 20.0, 20.0, 20.0, 20.0, 20.0, 20.0, 20.0, 20.0, 20.0, 20.0, 20.0, 20.0, 20.0, 20.0, 20.0, 20.0, 20.0, 20.0, 20.0, 20.0, 20.0, 20.0, 20.0, 20.0, 20.0, 20.0, 20.0, 20.0, 20.0, 20.0, 20.0, 20.0]",24.972379677612526,24.866748065095578,0.0727,-7.7964,1.6891,5.1697,10.2065,-0.0846,-0.0056,-9.8258,15.3,,50.0,,,,0.8747,-0.4609,0.9887,152.21,14.94,1.22388,0.7722,71.04,25.083,1,40.57,25.713,1,3,10,0.7,9.748,0,0.2779,0,0
1790743406.8669748,47.3981864,8.5461654,9.486000061035156,0.3022211194038391,0.9682527780532837,-9.74518625298515e-05,76.94,0.33064797925890227,1.512557120992054,0.0,81.76454872131347,20.0,20.0,-1.8558109816247643,-9.037373815027934,4.274729713666617,0.9698789765162209,14.0,0.0,0.11594408815082477,"[20.0, 20.0, 20.0, 20.0, 20.0, 20.0, 20.0, 20.0, 20.0, 20.0, 20.0, 20.0, 20.0, 20.0, 20.0, 20.0, 20.0, 20.0, 20.0, 20.0, 20.0, 20.0, 20.0, 20.0, 20.0, 20.0, 20.0, 20.0, 20.0, 20.0, 20.0, 20.0, 20.0, 20.0, 20.0, 20.0, 20.0, 20.0, 20.0, 20.0, 20.0, 20.0, 20.0, 20.0, 20.0, 20.0, 20.0, 20.0, 20.0, 20.0, 20.0, 20.0, 20.0, 20.0, 20.0, 20.0, 20.0, 20.0, 20.0, 20.0, 20.0, 20.0, 20.0, 20.0, 20.0, 20.0, 20.0, 20.0, 20.0, 20.0, 20.0, 20.0]",24.972379677612526,24.866748065095578,0.2225,-6.6218,1.8034,6.708,9.9766,-0.1161,0.0093,-9.8327,15.3,,50.0,,,,0.7902,-0.3234,0.8538,157.74,14.94,1.22388,1.0143,72.67,24.896,1,40.77,25.907,1,3,10,0.7,9.713,0,0.5874,0,0
1790743407.0684416,47.3981869,8.5461685,9.486000061035156,0.3268257975578308,1.1657228469848633,0.0018812831258401275,79.22,0.2865614731508236,1.5875722492651685,0.0,84.04450866699221,20.0,20.0,-1.8988909477988052,-6.819278828157223,4.881542032900357,1.1666475679090427,14.0,0.0,0.12395915257608453,"[20.0, 20.0, 20.0, 20.0, 20.0, 20.0, 20.0, 20.0, 20.0, 20.0, 20.0, 20.0, 20.0, 20.0, 20.0, 20.0, 20.0, 20.0, 20.0, 20.0, 20.0, 20.0, 20.0, 20.0, 20.0, 20.0, 20.0, 20.0, 20.0, 20.0, 20.0, 20.0, 20.0, 20.0, 20.0, 20.0, 20.0, 20.0, 20.0, 20.0, 20.0, 20.0, 20.0, 20.0, 20.0, 20.0, 20.0, 20.0, 20.0, 20.0, 20.0, 20.0, 20.0, 20.0, 20.0, 20.0, 20.0, 20.0, 20.0, 20.0, 20.0, 20.0, 20.0, 20.0, 20.0, 20.0, 20.0, 20.0, 20.0, 20.0, 20.0, 20.0]",24.972379677612526,24.866748065095578,0.4019,-5.4898,1.6314,5.6495,9.895,-0.1249,-0.003,-9.8223,15.3,,50.0,,,,0.802,-0.3874,0.8907,154.22,14.94,1.22388,1.2107,74.34,24.664,1,40.97,26.145,1,3,10,0.7,9.732,0,0.7653,0,0
1790743407.2687342,47.3981875,8.5461721,9.486000061035156,0.3302145302295685,1.3255976438522339,0.002311363350600004,81.42,0.23884681336942987,1.6566750824790941,0.0,86.11031339337507,20.0,20.0,-1.9400066552757673,-4.69031339337505,5.40803227757337,1.3256533753647481,14.0,0.0,0.12936782612847994,"[20.0, 20.0, 20.0, 20.0, 20.0, 20.0, 20.0, 20.0, 20.0, 20.0, 20.0, 20.0, 20.0, 20.0, 20.0, 20.0, 20.0, 20.0, 20.0, 20.0, 20.0, 20.0, 20.0, 20.0, 20.0, 20.0, 20.0, 20.0, 20.0, 20.0, 20.0, 20.0, 20.0, 20.0, 20.0, 20.0, 20.0, 20.0, 20.0, 20.0, 20.0, 20.0, 20.0, 20.0, 20.0, 20.0, 20.0, 20.0, 20.0, 20.0, 20.0, 20.0, 20.0, 20.0, 20.0, 20.0, 20.0, 20.0, 20.0, 20.0, 20.0, 20.0, 20.0, 20.0, 20.0, 20.0, 20.0, 20.0, 20.0, 20.0, 20.0, 20.0]",24.972379677612526,24.866748065095578,0.5875,-4.6343,1.6438,4.1905,9.8313,-0.1431,0.0046,-9.8238,15.3,,50.0,,,,0.8635,-0.4221,0.9612,153.95,14.94,1.22388,1.3661,76.01,24.396,1,41.17,26.418,1,3,10,0.7,9.749,0,0.8855,0,0
1790743407.46977,47.398188,8.546175999999999,9.486000061035156,0.31443530321121216,1.4721646308898926,0.00240603880956769,83.56,0.18779300462743287,1.7203870603911642,0.0,86.18823258667572,20.0,20.0,-1.9774653026230342,-2.628232586675722,5.876304076118246,1.4531201486922645,14.0,0.0,0.1345201933550629,"[20.0, 20.0, 20.0, 20.0, 20.0, 20.0, 20.0, 20.0, 20.0, 20.0, 20.0, 20.0, 20.0, 20.0, 20.0, 20.0, 20.0, 20.0, 20.0, 20.0, 20.0, 20.0, 20.0, 20.0, 20.0, 20.0, 20.0, 20.0, 20.0, 20.0, 20.0, 20.0, 20.0, 20.0, 20.0, 20.0, 20.0, 20.0, 20.0, 20.0, 20.0, 20.0, 20.0, 20.0, 20.0, 20.0, 20.0, 20.0, 20.0, 20.0, 20.0, 20.0, 20.0, 20.0, 20.0, 20.0, 20.0, 20.0, 20.0, 20.0, 20.0, 20.0, 20.0, 20.0, 20.0, 20.0, 20.0, 20.0, 20.0, 20.0, 20.0, 20.0]",24.972379677612526,24.866748065095578,0.7578,-4.0479,1.1103,3.0605,9.7643,-0.1696,0.0092,-9.8079,15.3,,50.0,,,,0.8603,-0.3847,0.9424,155.9,14.94,1.22388,1.5054,77.94,24.105,1,41.37,26.714,1,3,10,0.7,9.772,0,1.0342,0,0
1790743407.6706417,47.3981886,8.546180099999999,9.486000061035156,0.2894604504108429,1.5742019414901733,0.0020145075395703316,85.5,0.1376768631172364,1.7742686581090192,0.0,86.28676215808429,20.0,20.0,-2.0172583953265053,-0.7867621580842865,5.919024168952105,1.5725540880828905,14.0,0.0,0.12783120498728762,"[20.0, 20.0, 20.0, 20.0, 20.0, 20.0, 20.0, 20.0, 20.0, 20.0, 20.0, 20.0, 20.0, 20.0, 20.0, 20.0, 20.0, 20.0, 20.0, 20.0, 20.0, 20.0, 20.0, 20.0, 20.0, 20.0, 20.0, 20.0, 20.0, 20.0, 20.0, 20.0, 20.0, 20.0, 20.0, 20.0, 20.0, 20.0, 20.0, 20.0, 20.0, 20.0, 20.0, 20.0, 20.0, 20.0, 20.0, 20.0, 20.0, 20.0, 20.0, 20.0, 20.0, 20.0, 20.0, 20.0, 20.0, 20.0, 20.0, 20.0, 20.0, 20.0, 20.0, 20.0, 20.0, 20.0, 20.0, 20.0, 20.0, 20.0, 20.0, 20.0]",24.972379677612526,24.866748065095578,0.8968,-3.6445,0.5063,2.1555,7.976,-0.1736,0.019,-9.8119,15.3,,50.0,,,,0.8114,-0.4638,0.9346,150.25,14.94,1.22388,1.6006,79.58,23.743,1,41.57,27.08,1,3,10,0.7,9.763,0,1.1333,0,0
1790743407.87053,47.398189099999996,8.5461844,9.488000869750977,0.25862982869148254,1.6596384048461914,0.0015578510938212276,86.86,0.09911722366413957,1.7847501807817412,0.0,86.37636245658643,20.0,20.0,-2.0453712226173235,0.4836375434136073,5.717449235187069,1.6574747913111523,14.0,0.0,0.09231405813941881,"[20.0, 20.0, 20.0, 20.0, 20.0, 20.0, 20.0, 20.0, 20.0, 20.0, 20.0, 20.0, 20.0, 20.0, 20.0, 20.0, 20.0, 20.0, 20.0, 20.0, 20.0, 20.0, 20.0, 20.0, 20.0, 20.0, 20.0, 20.0, 20.0, 20.0, 20.0, 20.0, 20.0, 20.0, 20.0, 20.0, 20.0, 20.0, 20.0, 20.0, 20.0, 20.0, 20.0, 20.0, 20.0, 20.0, 20.0, 20.0, 20.0, 20.0, 20.0, 20.0, 20.0, 20.0, 20.0, 20.0, 20.0, 20.0, 20.0, 20.0, 20.0, 20.0, 20.0, 20.0, 20.0, 20.0, 20.0, 20.0, 20.0, 20.0, 20.0, 20.0]",24.972379677612526,24.866748065095578,0.9656,-3.3625,0.5252,1.6649,4.2368,-0.1846,0.0122,-9.8129,15.3,,50.0,,,,0.8077,-0.5334,0.9679,146.56,14.94,1.22388,1.6797,81.14,23.417,1,41.77,27.41,1,3,10,0.7,9.765,0,1.1957,0,0
1790743408.0713003,47.398189599999995,8.546188899999999,9.491000175476074,0.22636136412620544,1.7292540073394775,0.0016836244612932205,87.39,0.08315802108139625,1.774185128632686,0.0,86.47067091565418,20.0,20.0,-2.0696912512464234,0.9193290843458044,4.847681121964242,1.726745863560177,14.0,0.0,0.03131545577909662,"[20.0, 20.0, 20.0, 20.0, 20.0, 20.0, 20.0, 20.0, 20.0, 20.0, 20.0, 20.0, 20.0, 20.0, 20.0, 20.0, 20.0, 20.0, 20.0, 20.0, 20.0, 20.0, 20.0, 20.0, 20.0, 20.0, 20.0, 20.0, 20.0, 20.0, 20.0, 20.0, 20.0, 20.0, 20.0, 20.0, 20.0, 20.0, 20.0, 20.0, 20.0, 20.0, 20.0, 20.0, 20.0, 20.0, 20.0, 20.0, 20.0, 20.0, 20.0, 20.0, 20.0, 20.0, 20.0, 20.0, 20.0, 20.0, 20.0, 20.0, 20.0, 20.0, 20.0, 20.0, 20.0, 20.0, 20.0, 20.0, 20.0, 20.0, 20.0, 20.0]",24.972379677612526,24.866748065095578,1.0759,-2.9618,0.5003,2.1646,0.6309,-0.189,0.0123,-9.8045,15.3,,50.0,,,,0.8417,-0.4425,0.9509,152.27,14.94,1.22388,1.744,82.54,23.08,1,41.97,27.75,1,3,10,0.7,9.802,0,1.2685,0,0
1790743408.271989,47.39819,8.5461934,9.493000030517578,0.1917654275894165,1.778730869293213,0.002450797474011779,87.29,0.08601507082195135,1.7792088079862631,0.0,86.5677326262022,20.0,20.0,-2.0881464348117853,0.7222673737977914,3.4433059497576934,1.7760907619550903,14.0,0.0,0.014055618345070065,"[20.0, 20.0, 20.0, 20.0, 20.0, 20.0, 20.0, 20.0, 20.0, 20.0, 20.0, 20.0, 20.0, 20.0, 20.0, 20.0, 20.0, 20.0, 20.0, 20.0, 20.0, 20.0, 20.0, 20.0, 20.0, 20.0, 20.0, 20.0, 20.0, 20.0, 20.0, 20.0, 20.0, 20.0, 20.0, 20.0, 20.0, 20.0, 20.0, 20.0, 20.0, 20.0, 20.0, 20.0, 20.0, 20.0, 20.0, 20.0, 20.0, 20.0, 20.0, 20.0, 20.0, 20.0, 20.0, 20.0, 20.0, 20.0, 20.0, 20.0, 20.0, 20.0, 20.0, 20.0, 20.0, 20.0, 20.0, 20.0, 20.0, 20.0, 20.0, 20.0]",24.972379677612526,24.866748065095578,1.1261,-2.4447,-0.132,2.3213,-1.6813,-0.2065,0.008,-9.8038,15.3,,50.0,,,,0.763,-0.4923,0.908,147.17,14.94,1.22388,1.789,83.85,22.734,1,42.18,28.097,1,3,10,0.7,9.797,0,1.335,0,0
1790743408.4725342,47.398190299999996,8.546198,9.495000839233398,0.15819352865219116,1.8074674606323242,0.002865076530724764,86.89,0.0979040558009111,1.7915202659067575,0.0,86.66472484866819,20.0,20.0,-2.099163775459066,0.22527515133180032,1.8919068991098942,1.8048796141124437,14.0,0.0,0.035811552004458486,"[20.0, 20.0, 20.0, 20.0, 20.0, 20.0, 20.0, 20.0, 20.0, 20.0, 20.0, 20.0, 20.0, 20.0, 20.0, 20.0, 20.0, 20.0, 20.0, 20.0, 20.0, 20.0, 20.0, 20.0, 20.0, 20.0, 20.0, 20.0, 20.0, 20.0, 20.0, 20.0, 20.0, 20.0, 20.0, 20.0, 20.0, 20.0, 20.0, 20.0, 20.0, 20.0, 20.0, 20.0, 20.0, 20.0, 20.0, 20.0, 20.0, 20.0, 20.0, 20.0, 20.0, 20.0, 20.0, 20.0, 20.0, 20.0, 20.0, 20.0, 20.0, 20.0, 20.0, 20.0, 20.0, 20.0, 20.0, 20.0, 20.0, 20.0, 20.0, 20.0]",24.972379677612526,24.866748065095578,1.0021,-2.0768,-0.9612,1.3046,-2.2925,-0.2088,0.0066,-9.7949,15.3,,50.0,,,,0.7347,-0.5624,0.9252,142.56,14.94,1.22388,1.8144,85.0,22.386,1,42.38,28.446,1,3,10,0.7,9.763,0,1.3518,0,0
1790743408.6740665,47.3981907,8.5462027,9.498000144958496,0.1327754557132721,1.8247755765914917,0.003032372798770666,86.49,0.10909060973863151,1.7896561491937066,0.0,86.7622977094876,20.0,20.0,-2.1050799509477143,-0.27229770948756027,0.6516570026025612,1.8222593177235746,14.0,0.0,0.03620786379799327,"[20.0, 20.0, 20.0, 20.0, 20.0, 20.0, 20.0, 20.0, 20.0, 20.0, 20.0, 20.0, 20.0, 20.0, 20.0, 20.0, 20.0, 20.0, 20.0, 20.0, 20.0, 20.0, 20.0, 20.0, 20.0, 20.0, 20.0, 20.0, 20.0, 20.0, 20.0, 20.0, 20.0, 20.0, 20.0, 20.0, 20.0, 20.0, 20.0, 20.0, 20.0, 20.0, 20.0, 20.0, 20.0, 20.0, 20.0, 20.0, 20.0, 20.0, 20.0, 20.0, 20.0, 20.0, 20.0, 20.0, 20.0, 20.0, 20.0, 20.0, 20.0, 20.0, 20.0, 20.0, 20.0, 20.0, 20.0, 20.0, 20.0, 20.0, 20.0, 20.0]",24.972379677612526,24.866748065095578,0.7469,-1.9317,-1.2747,0.436,-1.7216,-0.2107,-0.0022,-9.7984,15.3,,50.0,,,,0.7335,-0.5828,0.9369,141.53,14.94,1.22388,1.8296,85.84,22.037,1,42.58,28.797,1,3,10,0.7,9.747,0,1.3612,0,0
1790743408.8743503,47.398190899999996,8.546207299999999,9.5,0.11564662307500839,1.838458776473999,0.0029425984248518944,86.27,0.11464039221497085,1.7810617867801661,0.0,86.85950388416165,20.0,20.0,-2.1045580338790075,-0.589503884161644,-0.13060219215485966,1.8359822321758246,14.0,0.0,0.02294559470516786,"[20.0, 20.0, 20.0, 20.0, 20.0, 20.0, 20.0, 20.0, 20.0, 20.0, 20.0, 20.0, 20.0, 20.0, 20.0, 20.0, 20.0, 20.0, 20.0, 20.0, 20.0, 20.0, 20.0, 20.0, 20.0, 20.0, 20.0, 20.0, 20.0, 20.0, 20.0, 20.0, 20.0, 20.0, 20.0, 20.0, 20.0, 20.0, 20.0, 20.0, 20.0, 20.0, 20.0, 20.0, 20.0, 20.0, 20.0, 20.0, 20.0, 20.0, 20.0, 20.0, 20.0, 20.0, 20.0, 20.0, 20.0, 20.0, 20.0, 20.0, 20.0, 20.0, 20.0, 20.0, 20.0, 20.0, 20.0, 20.0, 20.0, 20.0, 20.0, 20.0]",24.972379677612526,24.866748065095578,0.4803,-1.8151,-1.2256,0.588,-0.6152,-0.2022,-0.0029,-9.7982,15.3,,50.0,,,,0.5796,-0.5344,0.7884,137.32,14.94,1.22388,1.8421,86.4,21.685,1,42.78,29.15,1,3,10,0.7,9.726,0,1.4479,0,0
1790743409.0748127,47.3981911,8.546211999999999,9.50100040435791,0.10469231754541397,1.8469308614730835,0.0029023869428783655,86.29,0.11370201452553375,1.7791294269008542,0.0,86.9558315304007,20.0,20.0,-2.0980458908726027,-0.6658315304006805,-0.46569029237767423,1.844452922518998,14.0,0.0,0.0054784004679719845,"[20.0, 20.0, 20.0, 20.0, 20.0, 20.0, 20.0, 20.0, 20.0, 20.0, 20.0, 20.0, 20.0, 20.0, 20.0, 20.0, 20.0, 20.0, 20.0, 20.0, 20.0, 20.0, 20.0, 20.0, 20.0, 20.0, 20.0, 20.0, 20.0, 20.0, 20.0, 20.0, 20.0, 20.0, 20.0, 20.0, 20.0, 20.0, 20.0, 20.0, 20.0, 20.0, 20.0, 20.0, 20.0, 20.0, 20.0, 20.0, 20.0, 20.0, 20.0, 20.0, 20.0, 20.0, 20.0, 20.0, 20.0, 20.0, 20.0, 20.0, 20.0, 20.0, 20.0, 20.0, 20.0, 20.0, 20.0, 20.0, 20.0, 20.0, 20.0, 20.0]",24.972379677612526,24.866748065095578,0.2443,-1.6557,-1.0338,0.7232,0.5185,-0.2141,-0.0064,-9.8055,15.3,,50.0,,,,0.6446,-0.6741,0.9327,133.72,14.94,1.22388,1.8499,86.76,21.33,1,42.98,29.505,1,3,10,0.7,9.702,0,1.3835,0,0
1790743409.2758605,47.3981913,8.5462168,9.5,0.09933794289827347,1.8496575355529785,0.0032298103906214237,86.47,0.10844904437750089,1.7816187915266957,0.0,87.05301201780958,20.0,20.0,-2.0885904603118917,-0.5830120178096081,-0.4558189763526145,1.8470984927297567,14.0,0.0,0.005946696788625989,"[20.0, 20.0, 20.0, 20.0, 20.0, 20.0, 20.0, 20.0, 20.0, 20.0, 20.0, 20.0, 20.0, 20.0, 20.0, 20.0, 20.0, 20.0, 20.0, 20.0, 20.0, 20.0, 20.0, 20.0, 20.0, 20.0, 20.0, 20.0, 20.0, 20.0, 20.0, 20.0, 20.0, 20.0, 20.0, 20.0, 20.0, 20.0, 20.0, 20.0, 20.0, 20.0, 20.0, 20.0, 20.0, 20.0, 20.0, 20.0, 20.0, 20.0, 20.0, 20.0, 20.0, 20.0, 20.0, 20.0, 20.0, 20.0, 20.0, 20.0, 20.0, 20.0, 20.0, 20.0, 20.0, 20.0, 20.0, 20.0, 20.0, 20.0, 20.0, 20.0]",24.972379677612526,24.866748065095578,0.0918,-1.5442,-0.5545,0.3978,1.0804,-0.2255,-0.001,-9.8049,15.3,,50.0,,,,0.7012,-0.7413,1.0204,133.41,14.94,1.22388,1.8523,86.93,20.974,1,43.18,29.861,1,3,10,0.7,9.758,0,1.3421,0,0
1790743409.4769647,47.398191499999996,8.5462215,9.498000144958496,0.09985264390707016,1.8500016927719116,0.003075507702305913,86.71000000000001,0.10152943478803927,1.7856002763785024,0.0,87.15573625220259,20.0,20.0,-2.081639380298805,-0.44573625220257895,-0.20049520656314315,1.8472129682805734,14.0,0.0,0.009873091612148707,"[20.0, 20.0, 20.0, 20.0, 20.0, 20.0, 20.0, 20.0, 20.0, 20.0, 20.0, 20.0, 20.0, 20.0, 20.0, 20.0, 20.0, 20.0, 20.0, 20.0, 20.0, 20.0, 20.0, 20.0, 20.0, 20.0, 20.0, 20.0, 20.0, 20.0, 20.0, 20.0, 20.0, 20.0, 20.0, 20.0, 20.0, 20.0, 20.0, 20.0, 20.0, 20.0, 20.0, 20.0, 20.0, 20.0, 20.0, 20.0, 20.0, 20.0, 20.0, 20.0, 20.0, 20.0, 20.0, 20.0, 20.0, 20.0, 20.0, 20.0, 20.0, 20.0, 20.0, 20.0, 20.0, 20.0, 20.0, 20.0, 20.0, 20.0, 20.0, 20.0]",24.972379677612526,24.866748065095578,0.0424,-1.5011,0.0266,0.0805,1.1749,-0.2148,-0.0119,-9.8006,15.3,,50.0,,,,0.7261,-0.887,1.1463,129.3,14.94,1.22388,1.8527,86.91,20.616,1,43.38,30.219,1,3,10,0.7,9.769,0,1.2796,0,0
1790743409.678632,47.3981917,8.546226299999999,9.498000144958496,0.10211169719696045,1.8509873151779175,0.0028961882926523685,86.93,0.09510286375756162,1.788841121393957,0.0,87.26453290001115,20.0,20.0,-2.076876708850589,-0.33453290001114055,0.08758246995857498,1.8478928579575458,14.0,0.0,0.008033809156341762,"[20.0, 20.0, 20.0, 20.0, 20.0, 20.0, 20.0, 20.0, 20.0, 20.0, 20.0, 20.0, 20.0, 20.0, 20.0, 20.0, 20.0, 20.0, 20.0, 20.0, 20.0, 20.0, 20.0, 20.0, 20.0, 20.0, 20.0, 20.0, 20.0, 20.0, 20.0, 20.0, 20.0, 20.0, 20.0, 20.0, 20.0, 20.0, 20.0, 20.0, 20.0, 20.0, 20.0, 20.0, 20.0, 20.0, 20.0, 20.0, 20.0, 20.0, 20.0, 20.0, 20.0, 20.0, 20.0, 20.0, 20.0, 20.0, 20.0, 20.0, 20.0, 20.0, 20.0, 20.0, 20.0, 20.0, 20.0, 20.0, 20.0, 20.0, 20.0, 20.0]",24.972379677612526,24.866748065095578,0.0872,-1.4895,0.3747,0.0237,1.0372,-0.2204,-0.0074,-9.8088,15.3,,50.0,,,,0.7565,-0.9953,1.2501,127.24,14.94,1.22388,1.8538,86.84,20.257,1,43.58,30.579,1,3,10,0.7,9.784,0,1.2287,0,0
1790743409.8785636,47.398191999999995,8.5462311,9.499000549316406,0.10165399312973022,1.852698802947998,0.0023497315123677254,87.11,0.08973641233912771,1.7908520842549485,0.0,87.37761873243642,20.0,20.0,-2.071879333118137,-0.26761873243637524,0.2505593635688245,1.8493467996805342,14.0,0.0,0.004850123784287333,"[20.0, 20.0, 20.0, 20.0, 20.0, 20.0, 20.0, 20.0, 20.0, 20.0, 20.0, 20.0, 20.0, 20.0, 20.0, 20.0, 20.0, 20.0, 20.0, 20.0, 20.0, 20.0, 20.0, 20.0, 20.0, 20.0, 20.0, 20.0, 20.0, 20.0, 20.0, 20.0, 20.0, 20.0, 20.0, 20.0, 20.0, 20.0, 20.0, 20.0, 20.0, 20.0, 20.0, 20.0, 20.0, 20.0, 20.0, 20.0, 20.0, 20.0, 20.0, 20.0, 20.0, 20.0, 20.0, 20.0, 20.0, 20.0, 20.0, 20.0, 20.0, 20.0, 20.0, 20.0, 20.0, 20.0, 20.0, 20.0, 20.0, 20.0, 20.0, 20.0]",24.972379677612526,24.866748065095578,0.1575,-1.4747,0.3766,-0.0087,0.7655,-0.22,-0.0062,-9.8012,15.3,,50.0,,,,0.6311,-1.0303,1.2082,121.49,14.94,1.22388,1.8555,86.86,19.895,1,43.78,30.942,1,3,10,0.7,9.775,0,1.2514,0,0
1790743410.0795538,47.3981922,8.5462359,9.5,0.09792952984571457,1.853417992591858,0.0020440968219190836,87.23,0.086003137176015,1.7911575343790094,0.0,87.49289515137184,20.0,20.0,-2.0652966837884525,-0.26289515137182207,0.25453952479427294,1.8498995184281533,14.0,0.0,0.0003421606212226963,"[20.0, 20.0, 20.0, 20.0, 20.0, 20.0, 20.0, 20.0, 20.0, 20.0, 20.0, 20.0, 20.0, 20.0, 20.0, 20.0, 20.0, 20.0, 20.0, 20.0, 20.0, 20.0, 20.0, 20.0, 20.0, 20.0, 20.0, 20.0, 20.0, 20.0, 20.0, 20.0, 20.0, 20.0, 20.0, 20.0, 20.0, 20.0, 20.0, 20.0, 20.0, 20.0, 20.0, 20.0, 20.0, 20.0, 20.0, 20.0, 20.0, 20.0, 20.0, 20.0, 20.0, 20.0, 20.0, 20.0, 20.0, 20.0, 20.0, 20.0, 20.0, 20.0, 20.0, 20.0, 20.0, 20.0, 20.0, 20.0, 20.0, 20.0, 20.0, 20.0]",24.972379677612526,24.866748065095578,0.2027,-1.4579,0.135,0.063,0.588,-0.2173,-0.0042,-9.8013,15.3,,50.0,,,,0.6808,-1.0444,1.2467,123.1,14.94,1.22388,1.856,86.98,19.533,1,43.98,31.304,1,3,10,0.7,9.793,0,1.2327,0,0
1790743410.2810714,47.3981924,8.5462407,9.50100040435791,0.09361623972654343,1.854276180267334,0.0017280607717111707,87.33,0.0828048899233321,1.7908041533221868,0.0,87.61236571212419,20.0,20.0,-2.058320418702854,-0.282365712124232,0.22021946136397255,1.8506073376611916,14.0,0.0,0.001410266807824815,"[20.0, 20.0, 20.0, 20.0, 20.0, 20.0, 20.0, 20.0, 20.0, 20.0, 20.0, 20.0, 20.0, 20.0, 20.0, 20.0, 20.0, 20.0, 20.0, 20.0, 20.0, 20.0, 20.0, 20.0, 20.0, 20.0, 20.0, 20.0, 20.0, 20.0, 20.0, 20.0, 20.0, 20.0, 20.0, 20.0, 20.0, 20.0, 20.0, 20.0, 20.0, 20.0, 20.0, 20.0, 20.0, 20.0, 20.0, 20.0, 20.0, 20.0, 20.0, 20.0, 20.0, 20.0, 20.0, 20.0, 20.0, 20.0, 20.0, 20.0, 20.0, 20.0, 20.0, 20.0, 20.0, 20.0, 20.0, 20.0, 20.0, 20.0, 20.0, 20.0]",24.972379677612526,24.866748065095578,0.2161,-1.4361,-0.0285,0.0284,0.3988,-0.2243,-0.0083,-9.8073,15.3,,50.0,,,,0.6043,-1.04,1.2029,120.16,14.94,1.22388,1.8566,87.11,19.17,1,44.18,31.667,1,3,10,0.7,9.808,0,1.2552,0,0
1790743410.4816287,47.398192599999994,8.546245899999999,9.504000663757324,0.08774317055940628,1.8552303314208984,0.0015282474923878908,87.41,0.08043072295166251,1.7895951291581493,0.0,87.73321018662341,20.0,20.0,-2.0482796530016962,-0.33321018662337565,0.1077877576314634,1.851482713161603,14.0,0.0,0.0036793286351917962,"[20.0, 20.0, 20.0, 20.0, 20.0, 20.0, 20.0, 20.0, 20.0, 20.0, 20.0, 20.0, 20.0, 20.0, 20.0, 20.0, 20.0, 20.0, 20.0, 20.0, 20.0, 20.0, 20.0, 20.0, 20.0, 20.0, 20.0, 20.0, 20.0, 20.0, 20.0, 20.0, 20.0, 20.0, 20.0, 20.0, 20.0, 20.0, 20.0, 20.0, 20.0, 20.0, 20.0, 20.0, 20.0, 20.0, 20.0, 20.0, 20.0, 20.0, 20.0, 20.0, 20.0, 20.0, 20.0, 20.0, 20.0, 20.0, 20.0, 20.0, 20.0, 20.0, 20.0, 20.0, 20.0, 20.0, 20.0, 20.0, 20.0, 20.0, 20.0, 20.0]",24.972379677612526,24.866748065095578,0.2131,-1.4047,-0.1083,0.1568,0.4184,-0.224,-0.0104,-9.8067,15.3,,50.0,,,,0.707,-1.0777,1.2889,123.26,14.94,1.22388,1.8573,87.29,18.804,1,44.39,32.033,1,3,10,0.7,9.783,0,1.2128,0,0
1790743410.6827266,47.398192699999996,8.5462508,9.506000518798828,0.08067059516906738,1.856264591217041,0.0016800995217636228,87.49,0.07750732218839533,1.7889204845877247,0.0,87.85420629312887,20.0,20.0,-2.034491221793528,-0.3642062931288308,-0.021573446884890865,1.852511707410746,14.0,0.0,0.002243940576576501,"[20.0, 20.0, 20.0, 20.0, 20.0, 20.0, 20.0, 20.0, 20.0, 20.0, 20.0, 20.0, 20.0, 20.0, 20.0, 20.0, 20.0, 20.0, 20.0, 20.0, 20.0, 20.0, 20.0, 20.0, 20.0, 20.0, 20.0, 20.0, 20.0, 20.0, 20.0, 20.0, 20.0, 20.0, 20.0, 20.0, 20.0, 20.0, 20.0, 20.0, 20.0, 20.0, 20.0, 20.0, 20.0, 20.0, 20.0, 20.0, 20.0, 20.0, 20.0, 20.0, 20.0, 20.0, 20.0, 20.0, 20.0, 20.0, 20.0, 20.0, 20.0, 20.0, 20.0, 20.0, 20.0, 20.0, 20.0, 20.0, 20.0, 20.0, 20.0, 20.0]",24.972379677612526,24.866748065095578,0.1837,-1.3617,-0.2469,0.1929,0.4672,-0.2221,-0.0082,-9.8035,15.3,,50.0,,,,0.6994,-1.1753,1.3677,120.76,14.94,1.22388,1.858,87.51,18.437,1,44.59,32.401,1,3,10,0.7,9.808,0,1.1742,0,0
1790743410.882599,47.3981929,8.5462557,9.507000923156738,0.07498709112405777,1.8544191122055054,0.0019916563760489225,87.59,0.07430409091870235,1.7884695176103376,0.0,87.97683111393928,20.0,20.0,-2.0192111294274606,-0.38683111393925174,-0.0943938184088759,1.850635192439019,14.0,0.0,0.0016411222753283572,"[20.0, 20.0, 20.0, 20.0, 20.0, 20.0, 20.0, 20.0, 20.0, 20.0, 20.0, 20.0, 20.0, 20.0, 20.0, 20.0, 20.0, 20.0, 20.0, 20.0, 20.0, 20.0, 20.0, 20.0, 20.0, 20.0, 20.0, 20.0, 20.0, 20.0, 20.0, 20.0, 20.0, 20.0, 20.0, 20.0, 20.0, 20.0, 20.0, 20.0, 20.0, 20.0, 20.0, 20.0, 20.0, 20.0, 20.0, 20.0, 20.0, 20.0, 20.0, 20.0, 20.0, 20.0, 20.0, 20.0, 20.0, 20.0, 20.0, 20.0, 20.0, 20.0, 20.0, 20.0, 20.0, 20.0, 20.0, 20.0, 20.0, 20.0, 20.0, 20.0]",24.972379677612526,24.866748065095578,0.1415,-1.3269,-0.1548,0.0613,0.5916,-0.2197,-0.0036,-9.808,15.3,,50.0,,,,0.6982,-1.1219,1.3214,121.9,14.94,1.22388,1.8559,87.68,18.07,1,44.79,32.767,1,3,10,0.7,9.791,0,1.1952,0,0
1790743411.0837529,47.398193,8.5462606,9.506000518798828,0.07166174054145813,1.8510074615478516,0.0024467739276587963,87.72,0.07025766932624417,1.788719213685054,0.0,88.10350961173265,20.0,20.0,-2.0042561858513137,-0.38350961173264864,-0.06290156626801954,1.8471090627766553,14.0,0.0,0.00023994439641778867,"[20.0, 20.0, 20.0, 20.0, 20.0, 20.0, 20.0, 20.0, 20.0, 20.0, 20.0, 20.0, 20.0, 20.0, 20.0, 20.0, 20.0, 20.0, 20.0, 20.0, 20.0, 20.0, 20.0, 20.0, 20.0, 20.0, 20.0, 20.0, 20.0, 20.0, 20.0, 20.0, 20.0, 20.0, 20.0, 20.0, 20.0, 20.0, 20.0, 20.0, 20.0, 20.0, 20.0, 20.0, 20.0, 20.0, 20.0, 20.0, 20.0, 20.0, 20.0, 20.0, 20.0, 20.0, 20.0, 20.0, 20.0, 20.0, 20.0, 20.0, 20.0, 20.0, 20.0, 20.0, 20.0, 20.0, 20.0, 20.0, 20.0, 20.0, 20.0, 20.0]",24.972379677612526,24.866748065095578,0.1194,-1.3214,-0.0438,-0.029,0.6595,-0.2241,-0.0139,-9.82,15.3,,50.0,,,,0.6995,-1.0771,1.2843,123.0,14.94,1.22388,1.8524,87.78,17.705,1,44.99,33.133,1,3,10,0.7,9.768,0,1.2102,0,0
1790743411.2850814,47.3981931,8.5462654,9.503000259399414,0.06946775317192078,1.8493716716766357,0.002146926475688815,87.86,0.06591764752796282,1.7891161835037357,0.0,88.23457345612604,20.0,20.0,-1.988946116913091,-0.3745734561260292,0.011183954281296125,1.8453112230430493,14.0,0.0,0.0006455812684749424,"[20.0, 20.0, 20.0, 20.0, 20.0, 20.0, 20.0, 20.0, 20.0, 20.0, 20.0, 20.0, 20.0, 20.0, 20.0, 20.0, 20.0, 20.0, 20.0, 20.0, 20.0, 20.0, 20.0, 20.0, 20.0, 20.0, 20.0, 20.0, 20.0, 20.0, 20.0, 20.0, 20.0, 20.0, 20.0, 20.0, 20.0, 20.0, 20.0, 20.0, 20.0, 20.0, 20.0, 20.0, 20.0, 20.0, 20.0, 20.0, 20.0, 20.0, 20.0, 20.0, 20.0, 20.0, 20.0, 20.0, 20.0, 20.0, 20.0, 20.0, 20.0, 20.0, 20.0, 20.0, 20.0, 20.0, 20.0, 20.0, 20.0, 20.0, 20.0, 20.0]",24.972379677612526,24.866748065095578,0.1207,-1.3188,0.1511,-0.0108,0.7761,-0.2215,-0.0022,-9.8118,15.3,,50.0,,,,0.7893,-1.1571,1.4006,124.3,14.94,1.22388,1.8507,87.85,17.338,1,45.19,33.5,1,3,10,0.7,9.77,0,1.1504,0,0
1790743411.4855123,47.398193299999996,8.5462703,9.50100040435791,0.06890077143907547,1.8477710485458374,0.0020409871358424425,88.03,0.06071548311658748,1.7901181449074057,0.0,88.37302378994991,20.0,20.0,-1.9753826881923575,-0.34302378994988203,0.1654892682886497,1.8434578314535004,14.0,0.0,0.0022800329374467808,"[20.0, 20.0, 20.0, 20.0, 20.0, 20.0, 20.0, 20.0, 20.0, 20.0, 20.0, 20.0, 20.0, 20.0, 20.0, 20.0, 20.0, 20.0, 20.0, 20.0, 20.0, 20.0, 20.0, 20.0, 20.0, 20.0, 20.0, 20.0, 20.0, 20.0, 20.0, 20.0, 20.0, 20.0, 20.0, 20.0, 20.0, 20.0, 20.0, 20.0, 20.0, 20.0, 20.0, 20.0, 20.0, 20.0, 20.0, 20.0, 20.0, 20.0, 20.0, 20.0, 20.0, 20.0, 20.0, 20.0, 20.0, 20.0, 20.0, 20.0, 20.0, 20.0, 20.0, 20.0, 20.0, 20.0, 20.0, 20.0, 20.0, 20.0, 20.0, 20.0]",24.972379677612526,24.866748065095578,0.1389,-1.3086,0.2036,0.1107,0.7577,-0.2256,-0.0084,-9.8106,15.3,,50.0,,,,0.821,-1.1572,1.4189,125.35,14.94,1.22388,1.8491,87.86,16.971,1,45.39,33.867,1,3,10,0.7,9.747,0,1.1396,0,0
1790743411.6865933,47.3981935,8.5462752,9.499000549316406,0.06877300888299942,1.8469226360321045,0.0019201809773221612,88.2,0.055477253010500986,1.79086421685405,0.0,88.52078672540023,20.0,20.0,-1.96401115276351,-0.32078672540023945,0.33251133994489296,1.8422975678336517,14.0,0.0,0.001608947491309313,"[20.0, 20.0, 20.0, 20.0, 20.0, 20.0, 20.0, 20.0, 20.0, 20.0, 20.0, 20.0, 20.0, 20.0, 20.0, 20.0, 20.0, 20.0, 20.0, 20.0, 20.0, 20.0, 20.0, 20.0, 20.0, 20.0, 20.0, 20.0, 20.0, 20.0, 20.0, 20.0, 20.0, 20.0, 20.0, 20.0, 20.0, 20.0, 20.0, 20.0, 20.0, 20.0, 20.0, 20.0, 20.0, 20.0, 20.0, 20.0, 20.0, 20.0, 20.0, 20.0, 20.0, 20.0, 20.0, 20.0, 20.0, 20.0, 20.0, 20.0, 20.0, 20.0, 20.0, 20.0, 20.0, 20.0, 20.0, 20.0, 20.0, 20.0, 20.0, 20.0]",24.972379677612526,24.866748065095578,0.1759,-1.3018,0.2345,0.0961,0.6514,-0.2214,-0.0067,-9.8125,15.3,,50.0,,,,0.7212,-1.1641,1.3695,121.78,14.94,1.22388,1.8482,87.87,16.603,1,45.59,34.236,1,3,10,0.7,9.789,0,1.1635,0,0
1790743411.8875515,47.3981937,8.546280099999999,9.498000144958496,0.06869804114103317,1.8451800346374512,0.001514752279035747,88.36,0.05048384462048598,1.791074772704168,0.0,88.67836031145498,20.0,20.0,-1.9548781584495316,-0.3183603114549385,0.4921987950716535,1.8401957564517943,14.0,0.0,0.0001755677249335719,"[20.0, 20.0, 20.0, 20.0, 20.0, 20.0, 20.0, 20.0, 20.0, 20.0, 20.0, 20.0, 20.0, 20.0, 20.0, 20.0, 20.0, 20.0, 20.0, 20.0, 20.0, 20.0, 20.0, 20.0, 20.0, 20.0, 20.0, 20.0, 20.0, 20.0, 20.0, 20.0, 20.0, 20.0, 20.0, 20.0, 20.0, 20.0, 20.0, 20.0, 20.0, 20.0, 20.0, 20.0, 20.0, 20.0, 20.0, 20.0, 20.0, 20.0, 20.0, 20.0, 20.0, 20.0, 20.0, 20.0, 20.0, 20.0, 20.0, 20.0, 20.0, 20.0, 20.0, 20.0, 20.0, 20.0, 20.0, 20.0, 20.0, 20.0, 20.0, 20.0]",24.972379677612526,24.866748065095578,0.2273,-1.2962,0.3561,-0.0141,0.6241,-0.2307,-0.0055,-9.8139,15.3,,50.0,,,,0.7733,-1.1397,1.3773,124.16,14.94,1.22388,1.8465,87.87,16.235,1,45.79,34.604,1,3,10,0.7,9.756,0,1.1578,0,0
1790743412.088436,47.3981938,8.546285,9.499000549316406,0.06549055129289627,1.8448408842086792,0.0012346614385023713,88.51,0.045759402780525205,1.7909130117094616,0.0,88.83950751857134,20.0,20.0,-1.9435190571602572,-0.3295075185713472,0.5431060419842355,1.8396370832832696,14.0,0.0,0.0008068801110214251,"[20.0, 20.0, 20.0, 20.0, 20.0, 20.0, 20.0, 20.0, 20.0, 20.0, 20.0, 20.0, 20.0, 20.0, 20.0, 20.0, 20.0, 20.0, 20.0, 20.0, 20.0, 20.0, 20.0, 20.0, 20.0, 20.0, 20.0, 20.0, 20.0, 20.0, 20.0, 20.0, 20.0, 20.0, 20.0, 20.0, 20.0, 20.0, 20.0, 20.0, 20.0, 20.0, 20.0, 20.0, 20.0, 20.0, 20.0, 20.0, 20.0, 20.0, 20.0, 20.0, 20.0, 20.0, 20.0, 20.0, 20.0, 20.0, 20.0, 20.0, 20.0, 20.0, 20.0, 20.0, 20.0, 20.0, 20.0, 20.0, 20.0, 20.0, 20.0, 20.0]",24.972379677612526,24.866748065095578,0.2697,-1.2892,0.2153,0.0819,0.5951,-0.2259,-0.0002,-9.8066,15.3,,50.0,,,,0.8187,-1.1867,1.4417,124.6,14.94,1.22388,1.846,87.97,15.866,1,45.99,34.974,1,3,10,0.7,9.748,0,1.1252,0,0
1790743412.2895167,47.398194,8.5462899,9.498000144958496,0.06083718687295914,1.844889760017395,0.0007974553154781461,88.64,0.04158594906804249,1.7900970830366871,0.0,89.00492754566972,20.0,20.0,-1.9303498777821675,-0.36492754566975805,0.5287043908263036,1.8395412978136496,14.0,0.0,0.002561300074254138,"[20.0, 20.0, 20.0, 20.0, 20.0, 20.0, 20.0, 20.0, 20.0, 20.0, 20.0, 20.0, 20.0, 20.0, 20.0, 20.0, 20.0, 20.0, 20.0, 20.0, 20.0, 20.0, 20.0, 20.0, 20.0, 20.0, 20.0, 20.0, 20.0, 20.0, 20.0, 20.0, 20.0, 20.0, 20.0, 20.0, 20.0, 20.0, 20.0, 20.0, 20.0, 20.0, 20.0, 20.0, 20.0, 20.0, 20.0, 20.0, 20.0, 20.0, 20.0, 20.0, 20.0, 20.0, 20.0, 20.0, 20.0, 20.0, 20.0, 20.0, 20.0, 20.0, 20.0, 20.0, 20.0, 20.0, 20.0, 20.0, 20.0, 20.0, 20.0, 20.0]",24.972379677612526,24.866748065095578,0.2874,-1.2678,0.0694,0.1099,0.6677,-0.2225,-0.0068,-9.8105,15.3,,50.0,,,,0.6427,-1.027,1.2116,122.04,14.94,1.22388,1.8459,88.11,15.495,1,46.19,35.345,1,3,10,0.7,9.705,0,1.2401,0,0
1790743412.4897404,47.3981941,8.5462948,9.499000549316406,0.05529918149113655,1.8445179462432861,0.0002945326850749552,88.78,0.03712466010987629,1.7894514087680784,0.0,89.17361640189301,20.0,20.0,-1.9152042246003385,-0.39361640189301283,0.4972296717096446,1.8390852978929566,14.0,0.0,0.0020807192280190337,"[20.0, 20.0, 20.0, 20.0, 20.0, 20.0, 20.0, 20.0, 20.0, 20.0, 20.0, 20.0, 20.0, 20.0, 20.0, 20.0, 20.0, 20.0, 20.0, 20.0, 20.0, 20.0, 20.0, 20.0, 20.0, 20.0, 20.0, 20.0, 20.0, 20.0, 20.0, 20.0, 20.0, 20.0, 20.0, 20.0, 20.0, 20.0, 20.0, 20.0, 20.0, 20.0, 20.0, 20.0, 20.0, 20.0, 20.0, 20.0, 20.0, 20.0, 20.0, 20.0, 20.0, 20.0, 20.0, 20.0, 20.0, 20.0, 20.0, 20.0, 20.0, 20.0, 20.0, 20.0, 20.0, 20.0, 20.0, 20.0, 20.0, 20.0, 20.0, 20.0]",24.972379677612526,24.866748065095578,0.2883,-1.2388,-0.0633,0.1205,0.653,-0.229,-0.0026,-9.8099,15.3,,50.0,,,,0.5039,-1.1356,1.2424,113.93,14.94,1.22388,1.8453,88.28,15.124,1,46.39,35.716,1,3,10,0.7,9.746,0,1.2242,0,0
1790743412.6911662,47.3981943,8.5462998,9.50100040435791,0.04918667674064636,1.8438138961791992,-0.0003946750075556338,88.92,0.03265844885908255,1.7887211770376599,0.0,89.34512465866669,20.0,20.0,-1.8978676285067184,-0.42512465866664684,0.4480938949241351,1.8383492302582587,14.0,0.0,0.002273651398965727,"[20.0, 20.0, 20.0, 20.0, 20.0, 20.0, 20.0, 20.0, 20.0, 20.0, 20.0, 20.0, 20.0, 20.0, 20.0, 20.0, 20.0, 20.0, 20.0, 20.0, 20.0, 20.0, 20.0, 20.0, 20.0, 20.0, 20.0, 20.0, 20.0, 20.0, 20.0, 20.0, 20.0, 20.0, 20.0, 20.0, 20.0, 20.0, 20.0, 20.0, 20.0, 20.0, 20.0, 20.0, 20.0, 20.0, 20.0, 20.0, 20.0, 20.0, 20.0, 20.0, 20.0, 20.0, 20.0, 20.0, 20.0, 20.0, 20.0, 20.0, 20.0, 20.0, 20.0, 20.0, 20.0, 20.0, 20.0, 20.0, 20.0, 20.0, 20.0, 20.0]",24.972379677612526,24.866748065095578,0.2783,-1.2163,-0.0094,0.0917,0.7579,-0.2235,-0.0027,-9.808,15.3,,50.0,,,,0.5304,-1.217,1.3276,113.55,14.94,1.22388,1.8445,88.47,14.752,1,46.59,36.087,1,3,10,0.7,9.725,0,1.1807,0,0
1790743412.890961,47.3981944,8.5463047,9.504000663757324,0.041961655020713806,1.8417725563049316,-0.00027424722793512046,89.07000000000001,0.027906020081627764,1.7881805740604562,0.0,89.51905443640447,20.0,20.0,-1.8785102867366117,-0.44905443640448084,0.3751610858338497,1.8363646812739576,14.0,0.0,0.0017333975952113743,"[20.0, 20.0, 20.0, 20.0, 20.0, 20.0, 20.0, 20.0, 20.0, 20.0, 20.0, 20.0, 20.0, 20.0, 20.0, 20.0, 20.0, 20.0, 20.0, 20.0, 20.0, 20.0, 20.0, 20.0, 20.0, 20.0, 20.0, 20.0, 20.0, 20.0, 20.0, 20.0, 20.0, 20.0, 20.0, 20.0, 20.0, 20.0, 20.0, 20.0, 20.0, 20.0, 20.0, 20.0, 20.0, 20.0, 20.0, 20.0, 20.0, 20.0, 20.0, 20.0, 20.0, 20.0, 20.0, 20.0, 20.0, 20.0, 20.0, 20.0, 20.0, 20.0, 20.0, 20.0, 20.0, 20.0, 20.0, 20.0, 20.0, 20.0, 20.0, 20.0]",24.972379677612526,24.866748065095578,0.2607,-1.2015,-0.1264,0.073,0.831,-0.2263,-0.0199,-9.8057,15.3,,50.0,,,,0.6438,-1.2654,1.4198,116.97,14.94,1.22388,1.8423,88.69,14.382,1,46.79,36.458,1,3,10,0.7,9.724,0,1.1324,0,0
1790743413.091812,47.3981944,8.546309599999999,9.506000518798828,0.034224748611450195,1.8391603231430054,-0.00022866585641168058,89.22,0.023159898486168742,1.787656480327676,0.0,89.69184914868913,20.0,20.0,-1.8556168182289197,-0.47184914868913097,0.2860883237718723,1.8338856292088899,14.0,0.0,0.0016426128154219287,"[20.0, 20.0, 20.0, 20.0, 20.0, 20.0, 20.0, 20.0, 20.0, 20.0, 20.0, 20.0, 20.0, 20.0, 20.0, 20.0, 20.0, 20.0, 20.0, 20.0, 20.0, 20.0, 20.0, 20.0, 20.0, 20.0, 20.0, 20.0, 20.0, 20.0, 20.0, 20.0, 20.0, 20.0, 20.0, 20.0, 20.0, 20.0, 20.0, 20.0, 20.0, 20.0, 20.0, 20.0, 20.0, 20.0, 20.0, 20.0, 20.0, 20.0, 20.0, 20.0, 20.0, 20.0, 20.0, 20.0, 20.0, 20.0, 20.0, 20.0, 20.0, 20.0, 20.0, 20.0, 20.0, 20.0, 20.0, 20.0, 20.0, 20.0, 20.0, 20.0]",24.972379677612526,24.866748065095578,0.2337,-1.1946,-0.1524,0.0292,1.0106,-0.2264,-0.0084,-9.7985,15.3,,50.0,,,,0.72,-1.3205,1.504,118.6,14.94,1.22388,1.8395,88.93,14.012,1,47.0,36.828,1,3,10,0.7,9.723,0,1.0875,0,0
1790743413.29309,47.398194499999995,8.5463145,9.507000923156738,0.029513437300920486,1.8361023664474487,-6.14177988609299e-05,89.4,0.01754576057076056,1.7877398013505654,0.0,89.8711019702834,20.0,20.0,-1.832587366169336,-0.4711019702833994,0.3208908034378361,1.8307859242691558,14.0,0.0,5.387675921575726e-05,"[20.0, 20.0, 20.0, 20.0, 20.0, 20.0, 20.0, 20.0, 20.0, 20.0, 20.0, 20.0, 20.0, 20.0, 20.0, 20.0, 20.0, 20.0, 20.0, 20.0, 20.0, 20.0, 20.0, 20.0, 20.0, 20.0, 20.0, 20.0, 20.0, 20.0, 20.0, 20.0, 20.0, 20.0, 20.0, 20.0, 20.0, 20.0, 20.0, 20.0, 20.0, 20.0, 20.0, 20.0, 20.0, 20.0, 20.0, 20.0, 20.0, 20.0, 20.0, 20.0, 20.0, 20.0, 20.0, 20.0, 20.0, 20.0, 20.0, 20.0, 20.0, 20.0, 20.0, 20.0, 20.0, 20.0, 20.0, 20.0, 20.0, 20.0, 20.0, 20.0]",24.972379677612526,24.866748065095578,0.2106,-1.1937,-0.0135,-0.0197,1.0004,-0.23,-0.0098,-9.8078,15.3,,50.0,,,,0.578,-1.2959,1.419,114.04,14.94,1.22388,1.8363,89.08,13.643,1,47.2,37.196,1,3,10,0.7,9.731,0,1.1268,0,0
1790743413.4938498,47.3981946,8.5463194,9.507000923156738,0.02628331072628498,1.833172082901001,0.0003103884228039533,89.61,0.011054453401656807,1.788389811914026,0.0,90.05806555450334,20.0,20.0,-1.8096672078206495,-0.4480655545033301,0.4314283937723761,1.8277117956983997,14.0,0.0,0.0016596312322478964,"[20.0, 20.0, 20.0, 20.0, 20.0, 20.0, 20.0, 20.0, 20.0, 20.0, 20.0, 20.0, 20.0, 20.0, 20.0, 20.0, 20.0, 20.0, 20.0, 20.0, 20.0, 20.0, 20.0, 20.0, 20.0, 20.0, 20.0, 20.0, 20.0, 20.0, 20.0, 20.0, 20.0, 20.0, 20.0, 20.0, 20.0, 20.0, 20.0, 20.0, 20.0, 20.0, 20.0, 20.0, 20.0, 20.0, 20.0, 20.0, 20.0, 20.0, 20.0, 20.0, 20.0, 20.0, 20.0, 20.0, 20.0, 20.0, 20.0, 20.0, 20.0, 20.0, 20.0, 20.0, 20.0, 20.0, 20.0, 20.0, 20.0, 20.0, 20.0, 20.0]",24.972379677612526,24.866748065095578,0.222,-1.2021,0.1104,-0.0451,1.0157,-0.2341,-0.0063,-9.8059,15.3,,50.0,,,,0.6898,-1.3102,1.4807,117.77,14.94,1.22388,1.8334,89.18,13.275,1,47.4,37.565,1,3,10,0.7,9.678,0,1.093,0,0
1790743413.694125,47.3981946,8.5463243,9.504000663757324,0.021786488592624664,1.8314634561538696,0.000475876237032935,89.81,0.004836855569357355,1.7886713165703,0.0,90.24828342980169,20.0,20.0,-1.7847572703468972,-0.438283429801686,0.4915396549341067,1.8259485051687414,14.0,0.0,0.0007080829678191295,"[20.0, 20.0, 20.0, 20.0, 20.0, 20.0, 20.0, 20.0, 20.0, 20.0, 20.0, 20.0, 20.0, 20.0, 20.0, 20.0, 20.0, 20.0, 20.0, 20.0, 20.0, 20.0, 20.0, 20.0, 20.0, 20.0, 20.0, 20.0, 20.0, 20.0, 20.0, 20.0, 20.0, 20.0, 20.0, 20.0, 20.0, 20.0, 20.0, 20.0, 20.0, 20.0, 20.0, 20.0, 20.0, 20.0, 20.0, 20.0, 20.0, 20.0, 20.0, 20.0, 20.0, 20.0, 20.0, 20.0, 20.0, 20.0, 20.0, 20.0, 20.0, 20.0, 20.0, 20.0, 20.0, 20.0, 20.0, 20.0, 20.0, 20.0, 20.0, 20.0]",24.972379677612526,24.866748065095578,0.244,-1.2078,0.0964,-0.0079,0.9246,-0.2148,-0.0024,-9.8048,15.3,,50.0,,,,0.5854,-1.2049,1.3396,115.91,14.94,1.22388,1.8316,89.32,12.907,1,47.6,37.933,1,3,10,0.7,9.744,0,1.1618,0,0
1790743413.8949144,47.3981946,8.546329199999999,9.50100040435791,0.014494369737803936,1.831023097038269,0.0009013264789246023,89.98,-0.0005169500662719346,1.7881910277361366,0.0,90.43703659345738,20.0,20.0,-1.7561013305313005,-0.45703659345736014,0.43354363261644396,1.8256769917157993,14.0,0.0,0.0013516799393825693,"[20.0, 20.0, 20.0, 20.0, 20.0, 20.0, 20.0, 20.0, 20.0, 20.0, 20.0, 20.0, 20.0, 20.0, 20.0, 20.0, 20.0, 20.0, 20.0, 20.0, 20.0, 20.0, 20.0, 20.0, 20.0, 20.0, 20.0, 20.0, 20.0, 20.0, 20.0, 20.0, 20.0, 20.0, 20.0, 20.0, 20.0, 20.0, 20.0, 20.0, 20.0, 20.0, 20.0, 20.0, 20.0, 20.0, 20.0, 20.0, 20.0, 20.0, 20.0, 20.0, 20.0, 20.0, 20.0, 20.0, 20.0, 20.0, 20.0, 20.0, 20.0, 20.0, 20.0, 20.0, 20.0, 20.0, 20.0, 20.0, 20.0, 20.0, 20.0, 20.0]",24.972379677612526,24.866748065095578,0.2557,-1.2037,-0.1135,0.0625,0.8263,-0.225,-0.0097,-9.8055,15.3,,50.0,,,,0.5894,-1.2196,1.3546,115.79,14.94,1.22388,1.8311,89.55,12.538,1,47.8,38.302,1,3,10,0.7,9.789,0,1.1538,0,0
1790743414.0956187,47.3981946,8.5463341,9.5,0.005413420498371124,1.8303816318511963,0.0009007470798678696,90.14,-0.0055779821301403095,1.7874571800887922,0.0,90.62496368778636,20.0,20.0,-1.7242193254840343,-0.48496368778634746,0.3094538655492898,1.8253733030353034,14.0,0.0,0.0020169982797893535,"[20.0, 20.0, 20.0, 20.0, 20.0, 20.0, 20.0, 20.0, 20.0, 20.0, 20.0, 20.0, 20.0, 20.0, 20.0, 20.0, 20.0, 20.0, 20.0, 20.0, 20.0, 20.0, 20.0, 20.0, 20.0, 20.0, 20.0, 20.0, 20.0, 20.0, 20.0, 20.0, 20.0, 20.0, 20.0, 20.0, 20.0, 20.0, 20.0, 20.0, 20.0, 20.0, 20.0, 20.0, 20.0, 20.0, 20.0, 20.0, 20.0, 20.0, 20.0, 20.0, 20.0, 20.0, 20.0, 20.0, 20.0, 20.0, 20.0, 20.0, 20.0, 20.0, 20.0, 20.0, 20.0, 20.0, 20.0, 20.0, 20.0, 20.0, 20.0, 20.0]",24.972379677612526,24.866748065095578,0.2374,-1.1904,-0.117,0.1257,0.8985,-0.2224,-0.0065,-9.8087,15.3,,50.0,,,,0.587,-1.2213,1.355,115.67,14.94,1.22388,1.8304,89.83,12.168,1,48.0,38.672,1,3,10,0.7,9.771,0,1.1529,0,0
1790743414.2968056,47.3981946,8.546339,9.5,-0.004840703681111336,1.8288376331329346,0.0008427117136307061,90.3,-0.010621083000292034,1.7868616749248671,0.0,90.80700399771126,20.0,20.0,-1.6880790632238478,-0.5070039977112515,0.14834561686883707,1.8243186369306374,14.0,0.0,0.0015862877200725801,"[20.0, 20.0, 20.0, 20.0, 20.0, 20.0, 20.0, 20.0, 20.0, 20.0, 20.0, 20.0, 20.0, 20.0, 20.0, 20.0, 20.0, 20.0, 20.0, 20.0, 20.0, 20.0, 20.0, 20.0, 20.0, 20.0, 20.0, 20.0, 20.0, 20.0, 20.0, 20.0, 20.0, 20.0, 20.0, 20.0, 20.0, 20.0, 20.0, 20.0, 20.0, 20.0, 20.0, 20.0, 20.0, 20.0, 20.0, 20.0, 20.0, 20.0, 20.0, 20.0, 20.0, 20.0, 20.0, 20.0, 20.0, 20.0, 20.0, 20.0, 20.0, 20.0, 20.0, 20.0, 20.0, 20.0, 20.0, 20.0, 20.0, 20.0, 20.0, 20.0]",24.972379677612526,24.866748065095578,0.1981,-1.1777,-0.3113,0.0514,0.9831,-0.2228,-0.0183,-9.7953,15.3,,50.0,,,,0.4032,-1.2191,1.2841,108.3,14.94,1.22388,1.8288,90.15,11.798,1,48.2,39.042,1,3,10,0.7,9.736,0,1.1868,0,0
1790743414.4970343,47.398194499999995,8.5463439,9.50100040435791,-0.013567308895289898,1.826581358909607,0.0005990762729197741,90.48,-0.016241572280946564,1.7867393543047707,0.0,90.99008496666869,20.0,20.0,-1.6501711731857451,-0.5100849666686713,0.05443163423120718,1.8224776317148683,14.0,0.0,0.00022267880930088908,"[20.0, 20.0, 20.0, 20.0, 20.0, 20.0, 20.0, 20.0, 20.0, 20.0, 20.0, 20.0, 20.0, 20.0, 20.0, 20.0, 20.0, 20.0, 20.0, 20.0, 20.0, 20.0, 20.0, 20.0, 20.0, 20.0, 20.0, 20.0, 20.0, 20.0, 20.0, 20.0, 20.0, 20.0, 20.0, 20.0, 20.0, 20.0, 20.0, 20.0, 20.0, 20.0, 20.0, 20.0, 20.0, 20.0, 20.0, 20.0, 20.0, 20.0, 20.0, 20.0, 20.0, 20.0, 20.0, 20.0, 20.0, 20.0, 20.0, 20.0, 20.0, 20.0, 20.0, 20.0, 20.0, 20.0, 20.0, 20.0, 20.0, 20.0, 20.0, 20.0]",24.972379677612526,24.866748065095578,0.1513,-1.169,-0.2349,0.043,1.0977,-0.2393,-0.0104,-9.802,15.3,,50.0,,,,0.3746,-1.1891,1.2467,107.49,14.94,1.22388,1.8266,90.43,11.429,1,48.4,39.411,1,3,10,0.7,9.736,0,1.2033,0,0
1790743414.6980667,47.3981944,8.546348799999999,9.50200080871582,-0.019836630672216415,1.8227574825286865,-0.0001259729906450957,90.66,-0.02187362372586123,1.7864531778903943,0.0,91.17878344992585,20.0,20.0,-1.6121541478334276,-0.5187834499258202,0.036488445520933985,1.8189007302925275,14.0,0.0,0.0006256182061372155,"[20.0, 20.0, 20.0, 20.0, 20.0, 20.0, 20.0, 20.0, 20.0, 20.0, 20.0, 20.0, 20.0, 20.0, 20.0, 20.0, 20.0, 20.0, 20.0, 20.0, 20.0, 20.0, 20.0, 20.0, 20.0, 20.0, 20.0, 20.0, 20.0, 20.0, 20.0, 20.0, 20.0, 20.0, 20.0, 20.0, 20.0, 20.0, 20.0, 20.0, 20.0, 20.0, 20.0, 20.0, 20.0, 20.0, 20.0, 20.0, 20.0, 20.0, 20.0, 20.0, 20.0, 20.0, 20.0, 20.0, 20.0, 20.0, 20.0, 20.0, 20.0, 20.0, 20.0, 20.0, 20.0, 20.0, 20.0, 20.0, 20.0, 20.0, 20.0, 20.0]",24.972379677612526,24.866748065095578,0.1261,-1.1801,-0.0848,-0.1249,1.0884,-0.2252,-0.0076,-9.8048,15.3,,50.0,,,,0.4335,-1.1507,1.2297,110.64,14.94,1.22388,1.8229,90.62,11.063,1,48.6,39.778,1,3,10,0.7,9.698,0,1.208,0,0
1790743414.8989997,47.3981944,8.5463537,9.50200080871582,-0.024467704817652702,1.8205054998397827,0.00020923676493111998,90.87,-0.028398268409966537,1.7866472023008309,0.0,91.37778748493292,20.0,20.0,-1.5746240338829927,-0.5077874849329191,0.09998759461302131,1.8167571122714907,14.0,0.0,0.0007921235841077133,"[20.0, 20.0, 20.0, 20.0, 20.0, 20.0, 20.0, 20.0, 20.0, 20.0, 20.0, 20.0, 20.0, 20.0, 20.0, 20.0, 20.0, 20.0, 20.0, 20.0, 20.0, 20.0, 20.0, 20.0, 20.0, 20.0, 20.0, 20.0, 20.0, 20.0, 20.0, 20.0, 20.0, 20.0, 20.0, 20.0, 20.0, 20.0, 20.0, 20.0, 20.0, 20.0, 20.0, 20.0, 20.0, 20.0, 20.0, 20.0, 20.0, 20.0, 20.0, 20.0, 20.0, 20.0, 20.0, 20.0, 20.0, 20.0, 20.0, 20.0, 20.0, 20.0, 20.0, 20.0, 20.0, 20.0, 20.0, 20.0, 20.0, 20.0, 20.0, 20.0]",24.972379677612526,24.866748065095578,0.1164,-1.1907,-0.0123,-0.0261,1.1025,-0.2237,-0.0059,-9.8035,15.3,,50.0,,,,0.4139,-1.2671,1.333,108.09,14.94,1.22388,1.8207,90.77,10.696,1,48.8,40.145,1,3,10,0.7,9.695,0,1.1542,0,0
1790743415.099521,47.3981943,8.5463585,9.5,-0.028405945748090744,1.8181508779525757,0.0006292855250649154,91.07000000000001,-0.034653081637545685,1.7862962335170132,0.0,91.58704294519907,19.836049551160162,19.836049551160162,-1.5374906244237796,-0.5170429451990515,0.174910148669522,1.8144442600004937,14.0,0.0,0.0006662649039073828,"[20.0, 20.0, 20.0, 20.0, 20.0, 20.0, 20.0, 20.0, 20.0, 20.0, 20.0, 20.0, 20.0, 20.0, 20.0, 20.0, 20.0, 20.0, 20.0, 20.0, 20.0, 20.0, 20.0, 20.0, 20.0, 20.0, 20.0, 20.0, 20.0, 20.0, 20.0, 20.0, 20.0, 20.0, 20.0, 19.96912710949455, 19.860632312801254, 19.836049551160162, 19.927663162419517, 20.0, 20.0, 20.0, 20.0, 20.0, 20.0, 20.0, 20.0, 20.0, 20.0, 20.0, 20.0, 20.0, 20.0, 20.0, 20.0, 20.0, 20.0, 20.0, 20.0, 20.0, 20.0, 20.0, 20.0, 20.0, 20.0, 20.0, 20.0, 20.0, 20.0, 20.0, 20.0, 20.0]",24.972379677612526,24.866748065095578,0.1291,-1.1993,0.1397,0.0256,0.9902,-0.2159,-0.0054,-9.8166,15.3,,50.0,,,,0.3187,-1.2069,1.2483,104.79,14.94,1.22388,1.8184,90.9,10.33,1,49.0,40.511,1,3,10,0.7,9.685,0,1.1942,0,0
1790743415.3005664,47.3981943,8.546363399999999,9.5,-0.03226105868816376,1.8168060779571533,9.020781726576388e-05,91.27,-0.04092503346386475,1.7856591207523143,0.0,91.80644029149471,19.470911576517555,19.470911576517555,-1.500211094024997,-0.5364402914947277,0.25270471008788986,1.813119447943773,14.0,0.0,0.001395212240526859,"[20.0, 20.0, 20.0, 20.0, 20.0, 20.0, 20.0, 20.0, 20.0, 20.0, 20.0, 20.0, 20.0, 20.0, 20.0, 20.0, 20.0, 20.0, 20.0, 20.0, 20.0, 20.0, 20.0, 20.0, 20.0, 20.0, 20.0, 20.0, 20.0, 20.0, 20.0, 20.0, 20.0, 20.0, 19.874727556720767, 19.608779905989977, 19.49627482949617, 19.470911576517555, 19.554861784314276, 19.79081128616567, 20.0, 20.0, 20.0, 20.0, 20.0, 20.0, 20.0, 20.0, 20.0, 20.0, 20.0, 20.0, 20.0, 20.0, 20.0, 20.0, 20.0, 20.0, 20.0, 20.0, 20.0, 20.0, 20.0, 20.0, 20.0, 20.0, 20.0, 20.0, 20.0, 20.0, 20.0, 20.0]",24.972379677612526,24.866748065095578,0.1502,-1.2042,0.0815,-0.0202,1.0628,-0.2168,-0.0077,-9.8088,15.3,,50.0,,,,0.3767,-1.1557,1.2156,108.05,14.94,1.22388,1.8171,91.02,9.964,1,49.2,40.876,1,3,10,0.7,9.724,0,1.2093,0,0
1790743415.5006785,47.3981942,8.5463682,9.5,-0.03788008540868759,1.816701889038086,-0.0004472712753340602,91.47,-0.04720228578068025,1.7848645973755026,0.0,92.03102314874263,19.10513721852889,19.10513721852889,-1.4611690837404792,-0.5610231487426347,0.27549770815864,1.813187824450938,14.0,0.0,0.0017745971551169065,"[20.0, 20.0, 20.0, 20.0, 20.0, 20.0, 20.0, 20.0, 20.0, 20.0, 20.0, 20.0, 20.0, 20.0, 20.0, 20.0, 20.0, 20.0, 20.0, 20.0, 20.0, 20.0, 20.0, 20.0, 20.0, 20.0, 20.0, 20.0, 20.0, 20.0, 20.0, 20.0, 20.0, 19.943111630097142, 19.514537757937177, 19.24739895365565, 19.131108285580968, 19.10513721852889, 19.18164945956375, 19.407070406535674, 19.790259506272943, 20.0, 20.0, 20.0, 20.0, 20.0, 20.0, 20.0, 20.0, 20.0, 20.0, 20.0, 20.0, 20.0, 20.0, 20.0, 20.0, 20.0, 20.0, 20.0, 20.0, 20.0, 20.0, 20.0, 20.0, 20.0, 20.0, 20.0, 20.0, 20.0, 20.0, 20.0]",24.972379677612526,24.866748065095578,0.1691,-1.1941,-0.0041,0.0627,1.0823,-0.2188,-0.0047,-9.8019,15.3,,50.0,,,,0.5195,-1.2534,1.3568,112.51,14.94,1.22388,1.8171,91.19,9.598,1,49.4,41.243,1,3,10,0.7,9.709,0,1.1387,0,0
1790743415.702083,47.3981941,8.5463737,9.499000549316406,-0.044532276690006256,1.8166213035583496,1.170354153146036e-06,91.71000000000001,-0.05378248194169863,1.784089215150675,0.0,92.26365594186211,18.13961834179932,18.13961834179932,-1.420942899857888,-0.583655941862105,0.2757444208199703,1.8133767464554238,14.0,0.0,0.0016258601604851228,"[20.0, 20.0, 20.0, 20.0, 20.0, 20.0, 20.0, 20.0, 20.0, 20.0, 20.0, 20.0, 20.0, 20.0, 20.0, 20.0, 20.0, 20.0, 20.0, 20.0, 20.0, 20.0, 20.0, 20.0, 20.0, 20.0, 20.0, 20.0, 20.0, 20.0, 20.0, 20.0, 20.0, 19.58128729199408, 19.153971458096493, 18.885568638679235, 18.13961834179932, 18.738895830307726, 18.80790923465811, 19.022742574280528, 19.391829270250675, 19.93020376830478, 20.0, 20.0, 20.0, 20.0, 20.0, 20.0, 20.0, 20.0, 20.0, 20.0, 20.0, 20.0, 20.0, 20.0, 20.0, 20.0, 20.0, 20.0, 20.0, 20.0, 20.0, 20.0, 20.0, 20.0, 20.0, 20.0, 20.0, 20.0, 20.0, 20.0]",24.972379677612526,24.866748065095578,0.1699,-1.1761,-0.0273,0.1417,1.1466,-0.2235,-0.0047,-9.8027,15.3,,50.0,,,,0.5276,-1.212,1.3218,113.52,14.94,1.22388,1.8172,91.4,9.231,1,49.61,41.611,1,3,10,0.7,9.711,0,1.1563,0,0
1790743415.9025264,47.398194,8.546378599999999,9.496000289916992,-0.0494198240339756,1.8159581422805786,0.0006420374847948551,91.93,-0.061567004923678496,1.7838293400083292,0.0,92.51397098627285,17.69836451887002,17.69836451887002,-1.3813735078191183,-0.5839709862728455,0.37112671981101697,1.812807327075187,14.0,0.0,2.2643889233887313e-05,"[20.0, 20.0, 20.0, 20.0, 20.0, 20.0, 20.0, 20.0, 20.0, 20.0, 20.0, 20.0, 20.0, 20.0, 20.0, 20.0, 20.0, 20.0, 20.0, 20.0, 20.0, 20.0, 20.0, 20.0, 20.0, 20.0, 20.0, 20.0, 20.0, 20.0, 20.0, 20.0, 19.824250129086614, 19.222879593837995, 18.7957555886571, 18.52512280548089, 17.69836451887002, 18.372808956746514, 18.433438146730598, 18.636775525826437, 18.990792420432854, 19.50987633564455, 20.0, 20.0, 20.0, 20.0, 20.0, 20.0, 20.0, 20.0, 20.0, 20.0, 20.0, 20.0, 20.0, 20.0, 20.0, 20.0, 20.0, 20.0, 20.0, 20.0, 20.0, 20.0, 20.0, 20.0, 20.0, 20.0, 20.0, 20.0, 20.0, 20.0]",24.972379677612526,24.866748065095578,0.1675,-1.1587,0.0306,0.0321,1.1842,-0.222,-0.0066,-9.8098,15.3,,50.0,,,,0.4449,-1.254,1.3306,109.54,14.94,1.22388,1.8166,91.56,8.863,1,49.81,41.978,1,3,10,0.7,9.766,0,1.1513,0,0
1790743416.103179,47.398193899999995,8.5463835,9.496000289916992,-0.052544523030519485,1.8146207332611084,0.00031943817157298326,92.16,-0.068794870244316,1.782379387803085,0.0,92.78947488979054,17.304222673782146,17.304222673782146,-1.3435385594532887,-0.6294748897905436,0.5013953364144911,1.8113523698089775,14.0,0.0,0.0032787753162613112,"[20.0, 20.0, 20.0, 20.0, 20.0, 20.0, 20.0, 20.0, 20.0, 20.0, 20.0, 20.0, 20.0, 20.0, 20.0, 20.0, 20.0, 20.0, 20.0, 20.0, 20.0, 20.0, 20.0, 20.0, 20.0, 20.0, 20.0, 20.0, 20.0, 20.0, 20.0, 20.0, 19.460485233599382, 18.862700989492602, 18.43668010456694, 18.16466862792687, 17.304222673782146, 18.00770105526646, 18.060785304574537, 18.253514444964924, 18.59343482823004, 19.094332483000493, 19.777652226237585, 20.0, 20.0, 20.0, 20.0, 20.0, 20.0, 20.0, 20.0, 20.0, 20.0, 20.0, 20.0, 20.0, 20.0, 20.0, 20.0, 20.0, 20.0, 20.0, 20.0, 20.0, 20.0, 20.0, 20.0, 20.0, 20.0, 20.0, 20.0, 20.0]",24.972379677612526,24.866748065095578,0.1972,-1.1502,0.1848,-0.0119,1.1394,-0.2133,-0.0033,-9.8003,15.3,,50.0,,,,0.4839,-1.1892,1.2839,112.14,14.94,1.22388,1.8154,91.66,8.497,1,50.01,42.345,1,3,10,0.7,9.758,0,1.1734,0,0
1790743416.3040614,47.398193899999995,8.5463883,9.498000144958496,-0.05696747824549675,1.8119784593582153,-0.00023571208294015378,92.42,-0.07692629768866266,1.7812058584251873,0.0,93.08171894955001,16.932472692488638,16.932472692488638,-1.3056633783301144,-0.6617189495499645,0.619249401708181,1.8086922040763145,14.0,0.0,0.0023116491003993427,"[20.0, 20.0, 20.0, 20.0, 20.0, 20.0, 20.0, 20.0, 20.0, 20.0, 20.0, 20.0, 20.0, 20.0, 20.0, 20.0, 20.0, 20.0, 20.0, 20.0, 20.0, 20.0, 20.0, 20.0, 20.0, 20.0, 20.0, 20.0, 20.0, 20.0, 20.0, 19.89350565315869, 19.10246221558355, 18.507388604804138, 18.08172549713491, 17.80768258670956, 16.932472692488638, 17.645303412994423, 17.69030116311848, 17.871892638682457, 18.197178745952044, 18.679321779111728, 19.338895831902203, 20.0, 20.0, 20.0, 20.0, 20.0, 20.0, 20.0, 20.0, 20.0, 20.0, 20.0, 20.0, 20.0, 20.0, 20.0, 20.0, 20.0, 20.0, 20.0, 20.0, 20.0, 20.0, 20.0, 20.0, 20.0, 20.0, 20.0, 20.0, 20.0]",24.972379677612526,24.866748065095578,0.2355,-1.1468,0.1459,-0.0235,1.2168,-0.222,-0.0056,-9.8028,15.3,,50.0,,,,0.4028,-1.1011,1.1725,110.09,14.94,1.22388,1.8129,91.8,8.132,1,50.21,42.71,1,3,10,0.7,9.773,0,1.2266,0,0
1790743416.5037692,47.3981938,8.5463931,9.499000549316406,-0.06218530237674713,1.8081655502319336,0.0001259908458450809,92.67,-0.08477083734783138,1.7793124861897265,0.0,93.39058498086558,16.582768018635264,16.582768018635264,-1.2673526063301737,-0.7205849808655387,0.7002955918970596,1.8049246381079749,14.0,0.0,0.004231550898914556,"[20.0, 20.0, 20.0, 20.0, 20.0, 20.0, 20.0, 20.0, 20.0, 20.0, 20.0, 20.0, 20.0, 20.0, 20.0, 20.0, 20.0, 20.0, 20.0, 20.0, 20.0, 20.0, 20.0, 20.0, 20.0, 20.0, 20.0, 20.0, 20.0, 20.0, 20.0, 19.529943154843338, 18.744649400220247, 18.15288131900504, 17.728126583808265, 17.452582654281763, 16.582768018635264, 17.28552906104355, 17.323002956669285, 17.494069385298577, 17.805409546261306, 18.269594288508983, 18.90636981393218, 19.744834026575166, 20.0, 20.0, 20.0, 20.0, 20.0, 20.0, 20.0, 20.0, 20.0, 20.0, 20.0, 20.0, 20.0, 20.0, 20.0, 20.0, 20.0, 20.0, 20.0, 20.0, 20.0, 20.0, 20.0, 20.0, 20.0, 20.0, 20.0, 20.0]",24.972379677612526,24.866748065095578,0.265,-1.1568,0.1887,-0.0982,1.3622,-0.215,-0.0055,-9.8059,15.3,,50.0,,,,0.3507,-1.1424,1.195,107.06,14.94,1.22388,1.8092,91.97,7.77,1,50.41,43.072,1,3,10,0.7,9.75,0,1.2117,0,0
1790743416.704376,47.3981937,8.546397899999999,9.499000549316406,-0.06759148836135864,1.802839994430542,0.00035082027898170054,92.96000000000001,-0.09381509592110562,1.7779273497975636,0.0,93.71619976658633,16.265783190525323,16.265783190525323,-1.2285791576207672,-0.7561997665863203,0.8128909778364789,1.7996540514929327,14.0,0.0,0.0025572334706789233,"[20.0, 20.0, 20.0, 20.0, 20.0, 20.0, 20.0, 20.0, 20.0, 20.0, 20.0, 20.0, 20.0, 20.0, 20.0, 20.0, 20.0, 20.0, 20.0, 20.0, 20.0, 20.0, 20.0, 20.0, 20.0, 20.0, 20.0, 20.0, 20.0, 20.0, 20.0, 19.176215035040855, 18.395188283178673, 17.805499899888844, 17.380612390810338, 17.102658147147963, 16.265783190525323, 16.929904019645495, 16.959106031132166, 17.118919384178803, 17.415577332786718, 17.861028688468814, 18.47415557719474, 19.28284411514973, 20.0, 20.0, 20.0, 20.0, 20.0, 20.0, 20.0, 20.0, 20.0, 20.0, 20.0, 20.0, 20.0, 20.0, 20.0, 20.0, 20.0, 20.0, 20.0, 20.0, 20.0, 20.0, 20.0, 20.0, 20.0, 20.0, 20.0, 20.0]",24.972379677612526,24.866748065095578,0.2933,-1.1738,0.168,-0.1302,1.4816,-0.2279,-0.0074,-9.8015,15.3,,50.0,,,,0.2404,-1.0875,1.1137,102.46,14.94,1.22388,1.8041,92.15,7.412,1,50.61,43.431,1,3,10,0.7,9.746,0,1.2473,0,0
1790743416.9055147,47.3981936,8.5464026,9.50100040435791,-0.07451584935188293,1.7965781688690186,-0.0007058206829242408,93.25,-0.10299803708165998,1.7723807893242471,0.0,94.19839474680123,16.013658570961038,16.013658570961038,-1.1886215353132872,-0.9483947468012275,0.9007203652137633,1.7943724612658265,13.855685714249082,0.005153569271591824,0.013686834579825688,"[20.0, 20.0, 20.0, 20.0, 20.0, 20.0, 20.0, 20.0, 20.0, 20.0, 20.0, 20.0, 20.0, 20.0, 20.0, 20.0, 20.0, 20.0, 20.0, 20.0, 20.0, 20.0, 20.0, 20.0, 20.0, 20.0, 20.0, 20.0, 20.0, 20.0, 19.828454558565312, 18.824425459356238, 18.047911055328083, 17.460542588368863, 17.035766783660474, 16.75565988188335, 16.013658570961038, 16.577660606265148, 16.598914908811846, 16.747848651175026, 17.030263252494724, 17.457506801912704, 18.047626600235446, 18.827338524719803, 19.83523883596105, 20.0, 20.0, 20.0, 20.0, 20.0, 20.0, 20.0, 20.0, 20.0, 20.0, 20.0, 20.0, 20.0, 20.0, 20.0, 20.0, 20.0, 20.0, 20.0, 20.0, 20.0, 20.0, 20.0, 20.0, 20.0, 20.0, 20.0]",24.972379677612526,24.866748065095578,0.3205,-1.2033,0.2131,-0.2338,1.5953,-0.2119,-0.0048,-9.8032,15.3,,50.0,,,,0.2746,-1.0908,1.1248,104.13,14.94,1.22388,1.7981,92.38,7.057,1,50.81,43.786,1,3,10,0.7,9.79,0,1.2357,0,0
1790743417.105552,47.3981935,8.5464073,9.504000663757324,-0.07928776741027832,1.790567398071289,-0.0006579540786333382,93.59,-0.11381836921595848,1.7613807334175158,0.0,94.9303334751769,16.229243563128957,16.229243563128957,-1.1503091793465223,-1.340333475176891,1.0868897293078328,1.7882531124770165,13.50311200225765,0.01774257186233441,0.027742344708727055,"[20.0, 20.0, 20.0, 20.0, 20.0, 20.0, 20.0, 20.0, 20.0, 20.0, 20.0, 20.0, 20.0, 20.0, 20.0, 20.0, 20.0, 20.0, 20.0, 20.0, 20.0, 20.0, 20.0, 20.0, 20.0, 20.0, 20.0, 20.0, 20.0, 20.0, 19.48308096133268, 18.483512715530274, 17.70970792265914, 17.123170958154894, 16.697242457543634, 16.413876733830612, 16.26166420935723, 16.229243563128957, 16.24163173240534, 16.378786506478477, 16.64604282471257, 17.054110637147662, 17.620158355295608, 18.369675681717972, 19.33951553956592, 20.0, 20.0, 20.0, 20.0, 20.0, 20.0, 20.0, 20.0, 20.0, 20.0, 20.0, 20.0, 20.0, 20.0, 20.0, 20.0, 20.0, 20.0, 20.0, 20.0, 20.0, 20.0, 20.0, 20.0, 20.0, 20.0, 20.0]",24.972379677612526,24.866748065095578,0.3576,-1.2191,0.2749,-0.141,1.7901,-0.2212,-0.0087,-9.8013,15.3,,50.0,,,,0.2906,-1.0954,1.1333,104.86,14.94,1.22388,1.7923,92.54,6.705,1,51.01,44.139,1,3,10,0.7,9.788,0,1.2257,0,0
1790743417.3070061,47.3981934,8.546412,9.506000518798828,-0.08707719296216965,1.7862372398376465,-0.00021459785057231784,94.0,-0.12651886009923446,1.7557835460194617,0.0,95.51859019165033,15.878618112738422,15.878618112738422,-1.1105604822632076,-1.5185901916503326,1.25910560031782,1.7838386468257301,13.149437710986941,0.030366558220998204,0.012532939830610183,"[20.0, 20.0, 20.0, 20.0, 20.0, 20.0, 20.0, 20.0, 20.0, 20.0, 20.0, 20.0, 20.0, 20.0, 20.0, 20.0, 20.0, 20.0, 20.0, 20.0, 20.0, 20.0, 20.0, 20.0, 20.0, 20.0, 20.0, 20.0, 20.0, 20.0, 19.150157059058962, 18.15211753484959, 17.378664180826302, 16.790997164944024, 16.36222781607318, 16.07409854886384, 15.914967783928205, 15.878618112738422, 15.883288731580391, 16.0073257274943, 16.258022491027223, 16.64539377624613, 17.185660659051734, 17.902998813999663, 18.832398565172724, 20.0, 20.0, 20.0, 20.0, 20.0, 20.0, 20.0, 20.0, 20.0, 20.0, 20.0, 20.0, 20.0, 20.0, 20.0, 20.0, 20.0, 20.0, 20.0, 20.0, 20.0, 20.0, 20.0, 20.0, 20.0, 20.0, 20.0]",24.972379677612526,24.866748065095578,0.4183,-1.1891,0.3388,0.1828,2.3031,-0.2175,0.0017,-9.7967,15.3,,50.0,,,,0.2301,-1.0361,1.0613,102.52,14.94,1.22388,1.7884,92.79,6.352,1,51.21,44.493,1,3,10,0.7,9.801,0,1.2577,0,0
1790743417.5069385,47.398193299999996,8.5464167,9.509000778198242,-0.09751340001821518,1.781985878944397,-0.0004180452669970691,94.53,-0.14288103144249228,1.7422645726486214,0.0,96.5075547794321,15.465186689773052,15.465186689773052,-1.0604143101498347,-1.9775547794320971,1.397798155706972,1.7795557060860483,12.737596526804577,0.07714750849831331,0.03183294410666488,"[20.0, 20.0, 20.0, 20.0, 20.0, 20.0, 20.0, 20.0, 20.0, 20.0, 20.0, 20.0, 20.0, 20.0, 20.0, 20.0, 20.0, 20.0, 20.0, 20.0, 20.0, 20.0, 20.0, 20.0, 20.0, 20.0, 20.0, 20.0, 20.0, 20.0, 18.771683039917384, 17.773481736256176, 16.99892073032107, 16.4087158929342, 15.975624196711365, 15.681080207808694, 15.513127577711417, 15.465186689773052, 15.467205665242655, 15.575317321076321, 15.806091600568635, 16.168711664747942, 16.67827285686136, 17.357396012541674, 18.238874192234473, 19.36997649725838, 20.0, 20.0, 20.0, 20.0, 20.0, 20.0, 20.0, 20.0, 20.0, 20.0, 20.0, 20.0, 20.0, 20.0, 20.0, 20.0, 20.0, 20.0, 20.0, 20.0, 20.0, 20.0, 20.0, 20.0, 20.0, 20.0]",24.972379677612526,24.866748065095578,0.4572,-1.1578,0.1702,0.1411,2.9183,-0.2183,-0.0049,-9.8014,15.3,,50.0,,,,0.1508,-0.9851,0.9966,98.71,14.94,1.22388,1.7847,93.13,5.941,1,51.41,44.905,1,3,10,0.7,9.816,0,1.2863,0,0
1790743417.7092154,47.3981931,8.5464214,9.51400089263916,-0.10951568186283112,1.7758854627609253,-0.0010176814394071698,95.18,-0.16262271583132176,1.7349255396901975,0.0,97.3658925831462,15.166382821531302,15.166382821531302,-1.0218971472726484,-2.1858925831462273,1.7175407806786875,1.7751120911747866,12.440501950013443,0.11897287998889787,0.014297419171654755,"[20.0, 20.0, 20.0, 20.0, 20.0, 20.0, 20.0, 20.0, 20.0, 20.0, 20.0, 20.0, 20.0, 20.0, 20.0, 20.0, 20.0, 20.0, 20.0, 20.0, 20.0, 20.0, 20.0, 20.0, 20.0, 20.0, 20.0, 20.0, 20.0, 19.852714161907095, 18.55749600733564, 17.546289974566882, 16.760557849496, 16.159895753602658, 15.716269005201305, 15.410498160957374, 15.230096369933582, 15.167971121627659, 15.166382821531302, 15.257186698025324, 15.467510575858036, 15.805686468745884, 16.285694808151195, 16.928643827921693, 17.76520701422609, 18.8395837724332, 20.0, 20.0, 20.0, 20.0, 20.0, 20.0, 20.0, 20.0, 20.0, 20.0, 20.0, 20.0, 20.0, 20.0, 20.0, 20.0, 20.0, 20.0, 20.0, 20.0, 20.0, 20.0, 20.0, 20.0, 20.0, 20.0]",24.972379677612526,24.866748065095578,0.499,-1.1047,0.3253,0.2555,3.6003,-0.2174,-0.0055,-9.7981,15.3,,50.0,,,,0.1976,-0.8367,0.8597,103.29,14.94,1.22388,1.7793,93.53,5.645,1,51.61,45.202,1,3,10,0.7,9.813,0,1.3494,0,0
1790743417.9089625,47.398193,8.5464261,9.518000602722168,-0.12397905439138412,1.7685176134109497,-0.0009927010396495461,95.97,-0.18630373153620894,1.719893871516624,0.0,98.62229144886066,14.755136205943748,14.755136205943748,-0.9636416986040388,-2.6522914488606375,1.9599330010467384,1.7681638859488735,12.030147400056851,0.17646865566395134,0.03169575073460741,"[20.0, 20.0, 20.0, 20.0, 20.0, 20.0, 20.0, 20.0, 20.0, 20.0, 20.0, 20.0, 20.0, 20.0, 20.0, 20.0, 20.0, 20.0, 20.0, 20.0, 20.0, 20.0, 20.0, 20.0, 20.0, 20.0, 20.0, 20.0, 20.0, 19.545925192173307, 18.235215350699487, 17.212007061157646, 16.41582226593878, 15.805007436713169, 15.350654099056031, 15.032906180999172, 14.838686995611809, 14.76032443972206, 14.755136205943748, 14.825549246190791, 15.011431410923912, 15.320109639692268, 15.76424325628687, 16.363148248350864, 17.144993571983665, 18.150369117279126, 19.438150529245366, 20.0, 20.0, 20.0, 20.0, 20.0, 20.0, 20.0, 20.0, 20.0, 20.0, 20.0, 20.0, 20.0, 20.0, 20.0, 20.0, 20.0, 20.0, 20.0, 20.0, 20.0, 20.0, 20.0, 20.0, 20.0]",24.972379677612526,24.866748065095578,0.5558,-1.0744,0.2711,0.1279,4.3443,-0.2223,0.0008,-9.7913,15.3,,50.0,,,,0.1826,-0.9696,0.9866,100.67,14.94,1.22388,1.7729,94.01,5.237,1,51.81,45.612,1,3,10,0.7,9.81,0,1.2796,0,0
1790743418.1096997,47.398192699999996,8.5464308,9.523000717163086,-0.14136768877506256,1.7613099813461304,-0.0012517869472503662,96.91,-0.21426030407908317,1.7100503346022526,0.0,99.8030924135179,13.708807190933133,13.708807190933133,-0.909208203486513,-2.893092413517934,2.321116894285869,1.7627526097301225,11.675484531138274,0.22571239991660663,0.01617760745604067,"[20.0, 20.0, 20.0, 20.0, 20.0, 20.0, 20.0, 20.0, 20.0, 20.0, 20.0, 20.0, 20.0, 20.0, 20.0, 20.0, 20.0, 20.0, 20.0, 20.0, 20.0, 20.0, 20.0, 20.0, 20.0, 20.0, 20.0, 20.0, 20.0, 19.355539112396226, 18.01482980071797, 16.968599081656148, 16.153409556350343, 15.52569845003171, 15.055240943893704, 14.721198490516532, 14.50968813363755, 13.708807190933133, 14.402700800916232, 14.450669966695916, 14.610526235825871, 14.88853703691043, 15.296002988493802, 15.85042496558373, 16.577459340694276, 17.51409660018317, 18.713866051965468, 20.0, 20.0, 20.0, 20.0, 20.0, 20.0, 20.0, 20.0, 20.0, 20.0, 20.0, 20.0, 20.0, 20.0, 20.0, 20.0, 20.0, 20.0, 20.0, 20.0, 20.0, 20.0, 20.0, 20.0, 20.0]",24.972379677612526,24.866748065095578,0.6244,-1.0268,0.2896,0.2213,5.1695,-0.212,0.0021,-9.8033,15.3,,50.0,,,,0.055,-0.9848,0.9864,93.19,14.94,1.22388,1.767,94.59,4.885,1,52.01,45.967,1,3,10,0.7,9.804,0,1.2738,0,0
1790743418.311098,47.3981925,8.5464354,9.528000831604004,-0.16170954704284668,1.7506153583526611,-0.0010905819945037365,97.99000000000001,-0.24618348864276374,1.7008280270234692,0.0,101.06185521854871,13.375373313150185,13.375373313150185,-0.8501184794913847,-3.0718552185487056,2.7123952986652986,1.7545381108457863,11.32331042869041,0.27404649586787716,0.011972201668971078,"[20.0, 20.0, 20.0, 20.0, 20.0, 20.0, 20.0, 20.0, 20.0, 20.0, 20.0, 20.0, 20.0, 20.0, 20.0, 20.0, 20.0, 20.0, 20.0, 20.0, 20.0, 20.0, 20.0, 20.0, 20.0, 20.0, 20.0, 20.0, 20.0, 19.21201685005743, 17.831165866164525, 16.754461606795676, 15.91460531350333, 15.265563644835536, 14.775430622861013, 14.422138715780601, 14.190825910708122, 13.375373313150185, 14.05784812145376, 14.081452101823613, 14.21349066174298, 14.459113042951241, 14.828209979013298, 15.336421339619331, 16.006850366185517, 16.87285704618639, 17.982615643806408, 19.40672851376605, 20.0, 20.0, 20.0, 20.0, 20.0, 20.0, 20.0, 20.0, 20.0, 20.0, 20.0, 20.0, 20.0, 20.0, 20.0, 20.0, 20.0, 20.0, 20.0, 20.0, 20.0, 20.0, 20.0, 20.0]",24.972379677612526,24.866748065095578,0.6958,-1.0044,0.2891,-0.0347,5.8082,-0.2156,-0.0041,-9.7971,15.3,,50.0,,,,0.1778,-0.9454,0.9619,100.65,14.94,1.22388,1.7581,95.28,4.536,1,52.21,46.319,1,3,10,0.7,9.789,0,1.2771,0,0
1790743418.510849,47.398192099999996,8.54644,9.532000541687012,-0.1859075129032135,1.7373582124710083,-0.001100168563425541,99.19,-0.28141208168562365,1.6909344730987037,0.0,102.42151331114655,13.70833243279261,13.70833243279261,-0.7859326590314615,-3.2315133111465286,3.0822567136468866,1.7446749491440259,10.976055457274141,0.32309535977340664,0.010605527010494824,"[20.0, 20.0, 20.0, 20.0, 20.0, 20.0, 20.0, 20.0, 20.0, 20.0, 20.0, 20.0, 20.0, 20.0, 20.0, 20.0, 20.0, 20.0, 20.0, 20.0, 20.0, 20.0, 20.0, 20.0, 20.0, 20.0, 20.0, 20.0, 20.0, 19.11624213224765, 17.68515312527169, 16.570740018353273, 15.70085837109358, 15.026406594856875, 14.51341878525821, 14.138349803150312, 13.885190747662367, 13.743696124702833, 13.70833243279261, 13.72232288063843, 13.825449615297716, 14.037783119395085, 14.36779361579932, 14.829270686229954, 15.442804959804532, 16.238214347031615, 17.2584914677998, 18.566350864152376, 20.0, 20.0, 20.0, 20.0, 20.0, 20.0, 20.0, 20.0, 20.0, 20.0, 20.0, 20.0, 20.0, 20.0, 20.0, 20.0, 20.0, 20.0, 20.0, 20.0, 20.0, 20.0, 20.0, 20.0]",24.972379677612526,24.866748065095578,0.7712,-1.0303,0.2832,-0.1824,6.3574,-0.2078,0.0043,-9.8015,15.3,,50.0,,,,0.1793,-0.9437,0.9606,100.76,14.94,1.22388,1.7473,96.11,4.194,1,52.41,46.667,1,3,10,0.7,9.803,0,1.267,0,0
1790743418.7119284,47.3981918,8.5464446,9.535000801086426,-0.21473492681980133,1.7235339879989624,-0.0008451202302239835,100.48,-0.3190757283685063,1.6808577745319682,0.0,103.83264830699056,13.36561375200998,13.36561375200998,-0.7143533566243394,-3.3526483069905453,3.3781203373396025,1.73537243128325,10.63282839586148,0.37242022000856184,0.008036020644954189,"[20.0, 20.0, 20.0, 20.0, 20.0, 20.0, 20.0, 20.0, 20.0, 20.0, 20.0, 20.0, 20.0, 20.0, 20.0, 20.0, 20.0, 20.0, 20.0, 20.0, 20.0, 20.0, 20.0, 20.0, 20.0, 20.0, 20.0, 20.0, 20.0, 19.06152543557735, 17.571090679866444, 16.412681411078857, 15.508293638484268, 14.805161245563836, 14.266892552876849, 13.868233219431533, 13.591878191266673, 13.426509325675084, 13.36561375200998, 13.374156889591198, 13.44805366744635, 13.627057949138829, 13.918247144518439, 14.333622042635689, 14.89137108860915, 15.617958240708758, 16.551514978629562, 17.747428535036928, 19.287845100607544, 20.0, 20.0, 20.0, 20.0, 20.0, 20.0, 20.0, 20.0, 20.0, 20.0, 20.0, 20.0, 20.0, 20.0, 20.0, 20.0, 20.0, 20.0, 20.0, 20.0, 20.0, 20.0, 20.0]",24.972379677612526,24.866748065095578,0.839,-1.0828,0.233,-0.2182,6.6688,-0.2082,-0.0015,-9.7929,15.3,,50.0,,,,0.1249,-0.9913,0.9991,97.18,14.94,1.22388,1.7369,97.1,3.857,1,52.62,47.012,1,3,10,0.7,9.789,0,1.2373,0,0
1790743418.9115603,47.3981913,8.5464491,9.53700065612793,-0.2474355846643448,1.711614966392517,-0.00024660889175720513,101.84,-0.3573077412564509,1.6649644377200952,0.0,105.2383138246737,12.292783245142425,12.292783245142425,-0.6342481943871097,-3.3983138246736644,3.614156950607571,1.728928982405305,10.291649926788294,0.42163650954659426,0.0020766981496294803,"[20.0, 20.0, 20.0, 20.0, 20.0, 20.0, 20.0, 20.0, 20.0, 20.0, 20.0, 20.0, 20.0, 20.0, 20.0, 20.0, 20.0, 20.0, 20.0, 20.0, 20.0, 20.0, 20.0, 20.0, 20.0, 20.0, 20.0, 20.0, 20.0, 19.042222521656686, 17.483786352402586, 16.275637904427526, 15.332815821031625, 14.59826302047013, 14.03278891058889, 13.609201057418112, 13.308756220827808, 13.118977196393203, 12.292783245142425, 13.035925789620897, 13.080740340722874, 13.226875846534789, 13.480063944663392, 13.850602839927225, 14.354421830827338, 15.014863248065447, 15.865579063875611, 16.955275092681305, 18.35569797632976, 20.0, 20.0, 20.0, 20.0, 20.0, 20.0, 20.0, 20.0, 20.0, 20.0, 20.0, 20.0, 20.0, 20.0, 20.0, 20.0, 20.0, 20.0, 20.0, 20.0, 20.0, 20.0, 20.0]",24.972379677612526,24.866748065095578,0.8968,-1.1341,0.1633,-0.2617,6.974,-0.2126,0.0012,-9.7982,15.3,,50.0,,,,0.1408,-1.0418,1.0513,97.7,14.94,1.22388,1.7294,98.23,3.526,1,52.82,47.355,1,3,10,0.7,9.73,0,1.2038,0,0
1790743419.113071,47.3981907,8.5464536,9.53600025177002,-0.282888263463974,1.701486349105835,0.0003290617896709591,103.24000000000001,-0.3445491864938933,1.4341614783230003,0.0,106.59829935123742,12.692654303694153,12.706977956176768,-0.5462079919453493,-3.358299351237406,3.8003779124944863,1.7248415527305843,9.950961890446758,0.470876809781328,0.033860479941782984,"[20.0, 20.0, 20.0, 20.0, 20.0, 20.0, 20.0, 20.0, 20.0, 20.0, 20.0, 20.0, 20.0, 20.0, 20.0, 20.0, 20.0, 20.0, 20.0, 20.0, 20.0, 20.0, 20.0, 20.0, 20.0, 20.0, 20.0, 20.0, 20.0, 19.048709353365815, 17.415004988252182, 16.152614131062656, 15.16851025120518, 14.400738353364329, 13.806962125933138, 13.357848003321093, 13.033095998784328, 12.819004559872056, 12.706977956176768, 12.692654303694153, 12.722787658313367, 12.837140552150816, 13.053816165791206, 13.381521744801574, 13.834101630895745, 14.432048245209353, 15.204966243042167, 16.195590126014995, 17.466485515004713, 19.111661224102495, 20.0, 20.0, 20.0, 20.0, 20.0, 20.0, 20.0, 20.0, 20.0, 20.0, 20.0, 20.0, 20.0, 20.0, 20.0, 20.0, 20.0, 20.0, 20.0, 20.0, 20.0, 20.0]",24.972379677612526,24.866748065095578,0.9463,-1.1403,0.12,0.0639,7.2207,-0.2169,0.013,-9.8079,15.3,,50.0,,,,0.2555,-1.1718,1.1993,102.3,14.94,1.22388,1.7248,99.44,3.199,1,53.02,47.7,1,3,10,0.7,9.735,0,1.1252,0,0
1790743419.5153506,47.3981895,8.5464624,9.535000801086426,-0.33961021900177,1.6175211668014526,0.0007811737013980746,106.03,-0.18555383516824775,0.6458266856387368,0.0,110.84799125671384,11.283335057669012,12.088298016726949,-0.57889441454449,-82.8574111207071,4.172569450121309,0.43636541247425126,9.282469418812417,0.567455438994918,0.20144646630403576,"[20.0, 20.0, 20.0, 20.0, 20.0, 20.0, 20.0, 20.0, 20.0, 20.0, 20.0, 20.0, 20.0, 20.0, 20.0, 20.0, 20.0, 20.0, 20.0, 20.0, 20.0, 20.0, 20.0, 20.0, 20.0, 20.0, 20.0, 20.0, 20.0, 19.114577545267238, 17.314895406781257, 15.935784963233779, 14.864941556855689, 14.028998408873628, 13.378466700123065, 12.879267590481568, 12.507749619759297, 12.247663150997004, 12.088298016726949, 11.283335057669012, 12.045752803077082, 12.102126443271596, 12.252719270276124, 12.503465074096583, 12.864641244423746, 13.351942968487887, 13.988265788445577, 14.806601455852576, 15.85479670994856, 17.203612036223273, 18.960984673781407, 20.0, 20.0, 20.0, 20.0, 20.0, 20.0, 20.0, 20.0, 20.0, 20.0, 20.0, 20.0, 20.0, 20.0, 20.0, 20.0, 20.0, 20.0, 20.0, 20.0, 20.0]",24.93745447460534,-0.10269531126931497,0.8763,0.5319,-1.4208,0.0229,5.9358,-0.2053,0.0072,-9.8088,15.3,,50.0,,,,0.0765,-1.3151,1.3173,93.33,14.94,1.22388,1.6528,101.86,24.454,1,53.42,48.379,1,3,10,0.7,9.775,0,0.9941,0,0
1790743419.713984,47.3981889,8.5464665,9.538000106811523,-0.34151169657707214,1.5064952373504639,-0.021784743294119835,107.22,-0.020722904095288666,0.06686225576405172,0.0,112.02422401428225,11.719924557916098,11.804729215746706,-0.8821985595900672,-81.8796736250941,4.4473306416199145,0.41356069296864,8.971026386899215,0.6122678652510471,0.0,"[20.0, 20.0, 20.0, 20.0, 20.0, 20.0, 20.0, 20.0, 20.0, 20.0, 20.0, 20.0, 20.0, 20.0, 20.0, 20.0, 20.0, 20.0, 20.0, 20.0, 20.0, 20.0, 20.0, 20.0, 20.0, 20.0, 20.0, 20.0, 20.0, 19.116114607438092, 17.242909917025784, 15.813666535318358, 14.706582179306302, 13.842824908212158, 13.169568945129296, 12.65057735051268, 12.260713717666421, 11.982629841355314, 11.804729215746706, 11.719924557916098, 11.72492696987101, 11.773911048271362, 11.898448031598695, 12.118865610955073, 12.444098412822617, 12.888059924721153, 13.471188253938395, 14.222960301254295, 15.186003869801436, 16.42300231890603, 18.02877254855581, 20.0, 20.0, 20.0, 20.0, 20.0, 20.0, 20.0, 20.0, 20.0, 20.0, 20.0, 20.0, 20.0, 20.0, 20.0, 20.0, 20.0, 20.0, 20.0, 20.0, 20.0]",24.93745447460534,-0.10269531126931497,1.1385,4.4153,2.0954,19.2222,6.5715,-0.1847,0.0147,-9.8047,15.3,,50.0,,,,0.1696,-1.3491,1.3597,97.16,14.94,1.22388,1.5447,102.77,24.354,1,53.62,48.697,1,3,10,0.7,9.781,0,0.8649,0,0
1790743419.915671,47.3981883,8.546470099999999,9.545000076293945,-0.30673858523368835,1.2415046691894531,-0.035385847091674805,108.84,-0.022604855175046026,0.06624968318803641,0.0,113.66113838195804,11.444033873317577,11.579234367769741,-1.1451467146717769,-80.13342798219232,4.961865514143381,0.3530872933848984,8.700860106306045,0.6511535750234021,0.0,"[20.0, 20.0, 20.0, 20.0, 20.0, 20.0, 20.0, 20.0, 20.0, 20.0, 20.0, 20.0, 20.0, 20.0, 20.0, 20.0, 20.0, 20.0, 20.0, 20.0, 20.0, 20.0, 20.0, 20.0, 20.0, 20.0, 20.0, 20.0, 20.0, 19.391306807328565, 17.384251155989105, 15.863102516612052, 14.689541394219157, 13.775276941140163, 13.061733531859568, 12.508983572259803, 12.089389097282028, 11.783801574208484, 11.579234367769741, 11.467433416115124, 11.444033873317577, 11.487926826719379, 11.580485931961261, 11.764813265155073, 12.048281220840117, 12.442781604004885, 12.966010639010776, 13.643569582933267, 14.512384706366879, 15.6263911022713, 17.066329678731485, 18.95750094394757, 20.0, 20.0, 20.0, 20.0, 20.0, 20.0, 20.0, 20.0, 20.0, 20.0, 20.0, 20.0, 20.0, 20.0, 20.0, 20.0, 20.0, 20.0, 20.0, 20.0]",24.93745447460534,-0.10269531126931497,1.5074,8.8313,-0.3277,13.6839,8.9281,-0.1541,0.009,-9.8395,15.3,,50.0,,,,0.2329,-1.3735,1.3931,99.62,14.94,1.22388,1.2788,103.88,24.265,1,53.82,48.975,1,3,10,0.7,9.778,0,0.5823,0,0
1790743420.1167328,47.398187799999995,8.5464728,9.550000190734863,-0.23932188749313354,0.8894942402839661,-0.007404574658721685,110.67,-0.024708949859922134,0.06549402871117223,0.0,115.4941596221924,10.518884876580087,11.441294445135945,-1.3382972132306779,-78.21685908792989,5.610961624657317,0.2656184062678524,8.50234071710804,0.6793528264969663,0.0,"[20.0, 20.0, 20.0, 20.0, 20.0, 20.0, 20.0, 20.0, 20.0, 20.0, 20.0, 20.0, 20.0, 20.0, 20.0, 20.0, 20.0, 20.0, 20.0, 20.0, 20.0, 20.0, 20.0, 20.0, 20.0, 20.0, 20.0, 20.0, 20.0, 19.93670232729182, 17.740173541607547, 16.08991864712554, 14.823775494663185, 13.84001217123956, 13.071989881818933, 12.474673958506814, 12.01702092841693, 11.67748669154237, 11.441294445135945, 11.298752910497848, 10.518884876580087, 11.275656730773145, 11.34045631685516, 11.48800498593724, 11.729892096548681, 12.076067392520043, 12.541648967010246, 13.148652238009431, 13.928798740014939, 14.928139370734442, 16.21490502787309, 17.89345274022734, 20.0, 20.0, 20.0, 20.0, 20.0, 20.0, 20.0, 20.0, 20.0, 20.0, 20.0, 20.0, 20.0, 20.0, 20.0, 20.0, 20.0, 20.0, 20.0, 20.0]",24.93745447460534,-0.10269531126931497,1.5387,9.0318,-2.0181,-7.2895,10.0444,-0.1209,0.0108,-9.8276,15.3,,50.0,,,,0.2762,-1.3237,1.3522,101.79,14.94,1.22388,0.9211,105.06,24.198,1,54.02,49.18,1,3,10,0.7,9.779,0,0.245,0,0
1790743420.3167536,47.3981875,8.5464744,9.54900074005127,-0.1721794456243515,0.5771394968032837,0.008570531383156776,112.51,-0.0267991271753107,0.0646668909306882,0.0,117.33360458374023,11.130741058359007,11.390666364166677,-1.4581919388952969,-76.33140230840868,5.898450097720736,0.18643949846748692,8.379036034124576,0.6961357494225087,0.0,"[20.0, 20.0, 20.0, 20.0, 20.0, 20.0, 20.0, 20.0, 20.0, 20.0, 20.0, 20.0, 20.0, 20.0, 20.0, 20.0, 20.0, 20.0, 20.0, 20.0, 20.0, 20.0, 20.0, 20.0, 20.0, 20.0, 20.0, 20.0, 20.0, 20.0, 18.271134148378156, 16.463160860403395, 15.08524673853476, 14.018622846107505, 13.186603262519956, 12.537887717263734, 12.03732238841645, 11.66052859742618, 11.390666364166677, 11.216445567687682, 11.130910698204127, 11.130741058359007, 11.187392903022623, 11.300660710801267, 11.50469881675981, 11.80775691437467, 12.2227525946237, 12.768699078943126, 13.473028797724135, 14.375390029107876, 15.534009412898294, 17.03679113357162, 19.02174859623857, 20.0, 20.0, 20.0, 20.0, 20.0, 20.0, 20.0, 20.0, 20.0, 20.0, 20.0, 20.0, 20.0, 20.0, 20.0, 20.0, 20.0, 20.0, 20.0]",24.93745447460534,-0.10269531126931497,1.328,6.9259,-2.5291,-11.7782,10.4534,-0.0882,-0.0008,-9.8731,15.3,,50.0,,,,0.3151,-1.3312,1.3679,103.32,14.94,1.22388,0.6023,106.61,24.155,1,54.22,49.308,1,3,10,0.7,9.762,0,0.0,0,0
1790743420.5172668,47.398187199999995,8.546475299999999,9.543000221252441,-0.1230098158121109,0.34672123193740845,0.011427801102399826,114.36,-0.02887279864504975,0.06376802881070115,0.0,119.17181144714357,10.329972895809867,11.408986462420422,-1.5235245513362325,-74.46323712324876,4.826324370889763,0.13064816408002058,8.311361779917558,0.7042160631661477,0.0,"[20.0, 20.0, 20.0, 20.0, 20.0, 20.0, 20.0, 20.0, 20.0, 20.0, 20.0, 20.0, 20.0, 20.0, 20.0, 20.0, 20.0, 20.0, 20.0, 20.0, 20.0, 20.0, 20.0, 20.0, 20.0, 20.0, 20.0, 20.0, 20.0, 20.0, 18.968098286045063, 16.969845237521415, 15.458928341919389, 14.294963875061269, 13.388766743649798, 12.681372514798907, 12.132680508369525, 11.714960704545026, 11.408986462420422, 11.201669947340225, 11.084608377927308, 10.329972895809867, 11.101390937931043, 11.181902608988981, 11.35060666126456, 11.614224519569753, 11.983750728917135, 12.475631133473689, 13.113693876785494, 13.932290190175703, 14.98149876859281, 16.33605670384312, 18.111449385854133, 20.0, 20.0, 20.0, 20.0, 20.0, 20.0, 20.0, 20.0, 20.0, 20.0, 20.0, 20.0, 20.0, 20.0, 20.0, 20.0, 20.0, 20.0, 20.0]",24.93745447460534,-0.10269531126931497,1.0372,4.6797,-2.3409,-10.1002,10.6198,-0.0566,0.0067,-9.8607,15.3,,50.0,,,,0.181,-1.3115,1.324,97.86,14.94,1.22388,0.3679,109.53,24.125,1,54.42,49.381,1,3,10,0.7,9.757,0,0.0,0,0
1790743420.7184584,47.398187,8.5464757,9.540000915527344,-0.09296704083681107,0.1931484192609787,0.0089406818151474,116.22,-0.03092733197002037,0.06279729402781743,0.0,121.03720161437991,11.021070194898183,11.47533325399384,-1.5554878930799416,-72.59960873534575,0.3696527355493964,0.09696003842071672,8.27747926752222,0.7066748820063653,0.0,"[20.0, 20.0, 20.0, 20.0, 20.0, 20.0, 20.0, 20.0, 20.0, 20.0, 20.0, 20.0, 20.0, 20.0, 20.0, 20.0, 20.0, 20.0, 20.0, 20.0, 20.0, 20.0, 20.0, 20.0, 20.0, 20.0, 20.0, 20.0, 20.0, 20.0, 19.81737876654692, 17.592229922902824, 15.925295790900465, 14.648753665082424, 13.657906190435401, 12.884455052491877, 12.282376839565321, 11.819997041974565, 11.47533325399384, 11.233270029808656, 11.083820035333925, 11.021070194898183, 11.042594560305924, 11.109193961791696, 11.244110901256853, 11.470717492968829, 11.79828461583733, 12.241010326231406, 12.819626566294463, 13.564009517062395, 14.517465676559732, 15.743979885630063, 17.341018794234703, 19.463486111493857, 20.0, 20.0, 20.0, 20.0, 20.0, 20.0, 20.0, 20.0, 20.0, 20.0, 20.0, 20.0, 20.0, 20.0, 20.0, 20.0, 20.0, 20.0]",24.93745447460534,-0.10269531126931497,0.7127,2.9045,-2.0217,-7.1204,10.7106,-0.0453,-0.0061,-9.8407,15.3,,50.0,,,,0.1912,-1.3394,1.353,98.13,14.94,1.22388,0.2144,115.7,24.1,1,54.62,49.422,1,3,10,0.7,9.797,0,0.0,0,0
1790743420.9190435,47.3981868,8.546476,9.538000106811523,-0.07511921226978302,0.09841764718294144,0.006451996508985758,118.14,-0.03301393249811594,0.06172584759247817,0.0,122.95679534912108,11.007693741206879,11.577302036194988,-1.5702940229729172,-70.68402143560844,-3.7805095558268698,0.07708482640564833,8.260921189753395,0.7057557599978337,0.0,"[20.0, 20.0, 20.0, 20.0, 20.0, 20.0, 20.0, 20.0, 20.0, 20.0, 20.0, 20.0, 20.0, 20.0, 20.0, 20.0, 20.0, 20.0, 20.0, 20.0, 20.0, 20.0, 20.0, 20.0, 20.0, 20.0, 20.0, 20.0, 20.0, 20.0, 20.0, 18.34071466150912, 16.486862786990812, 15.07759202406185, 13.98834994734425, 13.139142976414277, 12.476662692231935, 11.964466816617579, 11.577302036194988, 11.297695949903357, 11.11386565076598, 11.018436274630897, 11.007693741206879, 11.065136816744403, 11.166310569846292, 11.35657954865267, 11.643596057029377, 12.039499978547855, 12.562245983356082, 13.23776725095627, 14.103504204783947, 15.214294029465554, 16.65258532065639, 18.547099786042935, 20.0, 20.0, 20.0, 20.0, 20.0, 20.0, 20.0, 20.0, 20.0, 20.0, 20.0, 20.0, 20.0, 20.0, 20.0, 20.0, 20.0, 20.0]",24.93745447460534,-0.10269531126931497,0.4474,1.7744,-1.5002,-4.3796,10.5398,-0.028,0.0052,-9.8141,15.3,,50.0,,,,0.3247,-1.2716,1.3124,104.32,14.94,1.22388,0.1238,127.35,24.077,1,54.82,49.449,1,3,10,0.7,9.803,0,0.0,0,0
1790743421.119849,47.398186599999995,8.5464761,9.538000106811523,-0.06643224507570267,0.04174122214317322,0.004660412203520536,120.06,-0.03506346377524969,0.060585093117711326,0.0,124.8610196685791,10.275575510449412,11.666888261911922,-1.576114467466603,-68.7716120259342,-6.95359277013219,0.06724710076551214,8.253356411656505,0.7027129282193464,0.0,"[20.0, 20.0, 20.0, 20.0, 20.0, 20.0, 20.0, 20.0, 20.0, 20.0, 20.0, 20.0, 20.0, 20.0, 20.0, 20.0, 20.0, 20.0, 20.0, 20.0, 20.0, 20.0, 20.0, 20.0, 20.0, 20.0, 20.0, 20.0, 20.0, 20.0, 20.0, 19.196445670274837, 17.125251989900022, 15.564391881916116, 14.364481218528757, 13.43124202420276, 12.702644697929063, 12.136642012745513, 11.704203777895108, 11.385188587641744, 11.16582634229666, 11.03716902721608, 10.275575510449412, 11.035146806938547, 11.110801759777488, 11.266078415805408, 11.514632018441926, 11.866750869829366, 12.337945981384397, 12.950746493740409, 13.73761738170363, 14.745776256427797, 16.045411907612404, 17.744378157509136, 20.0, 20.0, 20.0, 20.0, 20.0, 20.0, 20.0, 20.0, 20.0, 20.0, 20.0, 20.0, 20.0, 20.0, 20.0, 20.0, 20.0, 20.0]",24.93745447460534,-0.10269531126931497,0.2541,1.0768,-1.0379,-2.6842,10.4381,-0.0206,0.0038,-9.8207,15.3,,50.0,,,,0.4879,-1.2207,1.3146,111.79,14.94,1.22388,0.0785,147.86,24.054,1,55.02,49.473,1,3,10,0.7,9.795,0,0.0,0,0
1790743421.320219,47.3981864,8.546476199999999,9.539000511169434,-0.06048012524843216,0.011861720122396946,0.0038652431685477495,122.03,-0.037125425996226806,0.05934393603898116,0.0,126.85377624511716,10.994149118863886,11.718898524346423,-1.581245727994904,-66.81306582239685,-8.52744956849423,0.06070072091504774,8.246654755183936,0.6985846556604913,0.0,"[20.0, 20.0, 20.0, 20.0, 20.0, 20.0, 20.0, 20.0, 20.0, 20.0, 20.0, 20.0, 20.0, 20.0, 20.0, 20.0, 20.0, 20.0, 20.0, 20.0, 20.0, 20.0, 20.0, 20.0, 20.0, 20.0, 20.0, 20.0, 20.0, 20.0, 20.0, 20.0, 17.858221848079815, 16.119428187244786, 14.79177798429516, 13.762958925847194, 12.960169269899335, 12.33457064483867, 11.852639199177998, 11.491117172816862, 11.233962877871607, 11.070474936074413, 10.994149118863886, 11.002027287474844, 11.068110121645935, 11.18846941280689, 11.399183606749961, 11.70880853157716, 12.13062216924737, 12.684104871909447, 13.397346159072677, 14.310983886472489, 15.484827154042673, 17.009462551285257, 19.02774624369974, 20.0, 20.0, 20.0, 20.0, 20.0, 20.0, 20.0, 20.0, 20.0, 20.0, 20.0, 20.0, 20.0, 20.0, 20.0, 20.0, 20.0]",24.93745447460534,-0.10269531126931497,0.1211,0.6694,-0.4915,-1.3628,10.4202,-0.0129,-0.01,-9.8075,15.3,,50.0,,,,0.4206,-1.1046,1.182,110.85,14.94,1.22388,0.0616,168.9,24.033,1,55.22,49.495,1,3,10,0.7,9.804,0,0.0,0,0
1790743421.5218058,47.3981863,8.5464763,9.540000915527344,-0.054276470094919205,-0.0009798628743737936,0.003135967766866088,124.21000000000001,-0.03919413135520761,0.05799844883538464,0.0,128.87465171813966,10.24100459456142,11.803465877200214,-1.5896475632226452,-64.80936048849766,-8.627750660225898,0.05424766885644255,8.23699390320109,0.6938641364660926,0.0,"[20.0, 20.0, 20.0, 20.0, 20.0, 20.0, 20.0, 20.0, 20.0, 20.0, 20.0, 20.0, 20.0, 20.0, 20.0, 20.0, 20.0, 20.0, 20.0, 20.0, 20.0, 20.0, 20.0, 20.0, 20.0, 20.0, 20.0, 20.0, 20.0, 20.0, 20.0, 20.0, 18.6983178834253, 16.74914163362954, 15.27324522494417, 14.13525630422941, 13.248928819328288, 12.557122828093412, 12.020924784538526, 11.613409043550226, 11.315914468916905, 11.115765454639266, 11.004871694340235, 10.24100459456142, 11.035090198037125, 11.120412160403314, 11.293685312989828, 11.561828917955598, 11.936065073431427, 12.433127235243855, 13.077237748901775, 13.903326081556205, 14.962370836060161, 16.330590974798092, 18.1260622192757, 20.0, 20.0, 20.0, 20.0, 20.0, 20.0, 20.0, 20.0, 20.0, 20.0, 20.0, 20.0, 20.0, 20.0, 20.0, 20.0, 20.0]",24.93745447460534,-0.10269531126931497,0.0756,0.4481,-0.1091,-0.7446,10.2338,-0.0078,-0.0068,-9.8102,15.3,,50.0,,,,0.3754,-1.2418,1.2973,106.82,14.94,1.22388,0.0543,181.03,24.015,1,55.43,49.515,1,3,10,0.7,9.782,0,0.0,0,0
1790743421.7212322,47.3981862,8.5464764,9.541000366210938,-0.04839930310845375,-0.005857223179191351,0.002955267671495676,126.09,-0.04123387292794812,0.0565664894028419,0.0,130.89318260192874,10.967726749007182,11.917260528284148,-1.600121227056967,-62.79010100183601,-8.074732734435383,0.04828108244240369,8.225524420969027,0.6884346648924682,0.0,"[20.0, 20.0, 20.0, 20.0, 20.0, 20.0, 20.0, 20.0, 20.0, 20.0, 20.0, 20.0, 20.0, 20.0, 20.0, 20.0, 20.0, 20.0, 20.0, 20.0, 20.0, 20.0, 20.0, 20.0, 20.0, 20.0, 20.0, 20.0, 20.0, 20.0, 20.0, 20.0, 19.655743605406734, 17.458623968860117, 15.811544436398242, 14.549635847173429, 13.569906067846935, 12.805102600419929, 12.20987534535712, 11.753000993756087, 11.412809951829981, 11.1744102493693, 11.027978778883664, 10.967726749007182, 10.991325600554166, 11.064377863641246, 11.201012730934165, 11.429134623558816, 11.758088168040306, 12.202156624497828, 12.78218223079789, 13.528198576201733, 14.483755261917066, 15.713238222995177, 17.314817901227805, 19.44471639435362, 20.0, 20.0, 20.0, 20.0, 20.0, 20.0, 20.0, 20.0, 20.0, 20.0, 20.0, 20.0, 20.0, 20.0, 20.0, 20.0]",24.93745447460534,-0.10269531126931497,0.0863,0.3285,0.1635,-0.3819,10.0669,-0.0133,-0.0116,-9.8058,15.3,,50.0,,,,0.3018,-1.2719,1.3072,103.35,14.94,1.22388,0.0488,186.9,24.001,1,55.62,49.533,1,3,10,0.7,9.759,0,0.0,0,0
1790743421.9230735,47.3981861,8.5464766,9.539000511169434,-0.043357279151678085,-0.008552229963243008,0.0029834371525794268,128.28,-0.04320212482693678,0.05507791218299558,0.0,132.93470321655275,10.308023976718989,12.057885804987556,-1.6104699159088272,-60.79571189728516,-7.480690820235454,0.04319360000833758,8.214468716139956,0.6821340592623794,0.0,"[20.0, 20.0, 20.0, 20.0, 20.0, 20.0, 20.0, 20.0, 20.0, 20.0, 20.0, 20.0, 20.0, 20.0, 20.0, 20.0, 20.0, 20.0, 20.0, 20.0, 20.0, 20.0, 20.0, 20.0, 20.0, 20.0, 20.0, 20.0, 20.0, 20.0, 20.0, 20.0, 20.0, 18.24904396890634, 16.40632708575302, 15.005345857803727, 13.922429543041908, 13.078130337116876, 12.419493659367745, 11.910314825768946, 11.525504139368698, 11.24770359323781, 11.065210490820975, 10.970705354985927, 10.308023976718989, 11.02316482416259, 11.124468989449941, 11.314561773569778, 11.601090272301509, 11.996178093323131, 12.517751461013221, 13.19170093262204, 14.055407152122495, 15.163626502763508, 16.598701824240962, 18.489223548526944, 20.0, 20.0, 20.0, 20.0, 20.0, 20.0, 20.0, 20.0, 20.0, 20.0, 20.0, 20.0, 20.0, 20.0, 20.0, 20.0]",24.93745447460534,-0.10269531126931497,0.1271,0.2479,0.2517,-0.268,10.1027,-0.0115,-0.0047,-9.8057,15.3,,50.0,,,,0.311,-1.2428,1.2811,104.05,14.94,1.22388,0.0442,191.16,23.99,1,55.83,49.548,1,3,10,0.7,9.702,0,0.0,0,0
1790743422.1227865,47.398185999999995,8.546476799999999,9.534000396728516,-0.04026620835065842,-0.008576999418437481,0.0036320460494607687,130.29,-0.04526596612477973,0.053394684293385355,0.0,135.1084375762939,10.330320461549466,12.229707336283193,-1.622580292663011,-58.6467169929404,-6.891847952792013,0.04010735711691961,8.20171658276194,0.6744572862610457,0.0,"[20.0, 20.0, 20.0, 20.0, 20.0, 20.0, 20.0, 20.0, 20.0, 20.0, 20.0, 20.0, 20.0, 20.0, 20.0, 20.0, 20.0, 20.0, 20.0, 20.0, 20.0, 20.0, 20.0, 20.0, 20.0, 20.0, 20.0, 20.0, 20.0, 20.0, 20.0, 20.0, 20.0, 19.21534908164616, 17.125725441751488, 15.552765060764779, 14.344430322346883, 13.404982410312865, 12.671534131043403, 12.101504866121944, 11.66551308051013, 11.343170854870971, 11.120521750820972, 10.988463847989363, 10.330320461549466, 10.978736251160276, 11.057280534320642, 11.207782920791733, 11.450788827762677, 11.796332824112069, 12.25958629990938, 12.862605538190861, 13.637171979256367, 14.629475789959995, 15.908092486771348, 17.57820939116177, 19.80857510636412, 20.0, 20.0, 20.0, 20.0, 20.0, 20.0, 20.0, 20.0, 20.0, 20.0, 20.0, 20.0, 20.0, 20.0, 20.0]",24.93745447460534,-0.10269531126931497,0.1595,0.1859,0.2031,-0.1016,10.0521,0.0002,-0.0146,-9.8092,15.3,,50.0,,,,0.2336,-1.2475,1.2691,100.6,14.94,1.22388,0.0412,192.02,23.981,1,56.03,49.563,1,3,10,0.7,9.713,0,0.0,0,0
1790743422.323293,47.398185899999994,8.546477,9.528000831604004,-0.03925011307001114,-0.006913903634995222,0.0037088985554873943,132.29,-0.04710183892969007,0.051782398258882645,0.0,137.09109977722164,10.936164900484778,12.424792268450581,-1.6360001347910942,-56.67591810247539,-6.406992452889992,0.03912529435181998,8.187633730778675,0.6668170860781798,0.0,"[20.0, 20.0, 20.0, 20.0, 20.0, 20.0, 20.0, 20.0, 20.0, 20.0, 20.0, 20.0, 20.0, 20.0, 20.0, 20.0, 20.0, 20.0, 20.0, 20.0, 20.0, 20.0, 20.0, 20.0, 20.0, 20.0, 20.0, 20.0, 20.0, 20.0, 20.0, 20.0, 20.0, 20.0, 17.865054998693914, 16.110313455897156, 14.771818285347646, 13.735188959374932, 12.926439236881006, 12.296010681082608, 11.809916080146671, 11.44458097295311, 11.183731586975048, 11.016481685708834, 10.936164900484778, 10.939665611551856, 11.007826241410621, 11.123056264123116, 11.327848041412802, 11.630497669055549, 12.043941038931413, 12.587189189671657, 13.287663208424636, 14.185012197112762, 15.337520982037102, 16.83331135829356, 18.811017362107318, 20.0, 20.0, 20.0, 20.0, 20.0, 20.0, 20.0, 20.0, 20.0, 20.0, 20.0, 20.0, 20.0, 20.0, 20.0]",24.93745447460534,-0.10269531126931497,0.1984,0.1573,0.2093,0.0158,10.0693,-0.0148,-0.0023,-9.8105,15.3,,50.0,,,,0.2525,-1.3219,1.3459,100.81,14.94,1.22388,0.0399,189.99,23.971,1,56.23,49.58,1,3,10,0.7,9.757,0,0.0,0,0
1790743422.5243752,47.3981858,8.546477099999999,9.52500057220459,-0.03978107124567032,-0.008496131747961044,0.002728826832026243,134.31,-0.04889781307174791,0.050089957843867244,0.0,139.13546997070313,10.182901043099742,12.646323700429555,-1.6462183047766075,-54.68879054997609,-6.541546851120162,0.03963295699242538,8.176757416388854,0.6577636601348112,0.0,"[20.0, 20.0, 20.0, 20.0, 20.0, 20.0, 20.0, 20.0, 20.0, 20.0, 20.0, 20.0, 20.0, 20.0, 20.0, 20.0, 20.0, 20.0, 20.0, 20.0, 20.0, 20.0, 20.0, 20.0, 20.0, 20.0, 20.0, 20.0, 20.0, 20.0, 20.0, 20.0, 20.0, 20.0, 18.711698933498486, 16.743808634249454, 15.25550621340787, 14.108797765997489, 13.215975954089773, 12.519033741239818, 11.978512656144009, 11.567123970716967, 11.265948187182138, 11.062110885174379, 10.947353953159086, 10.182901043099742, 10.970447797313684, 11.055510476789996, 11.223188154807964, 11.48478268687268, 11.851210274357644, 12.33879106565102, 12.971167387703089, 13.782424021338331, 14.822260020280485, 16.164867503341757, 17.9249365144443, 20.0, 20.0, 20.0, 20.0, 20.0, 20.0, 20.0, 20.0, 20.0, 20.0, 20.0, 20.0, 20.0, 20.0, 20.0]",24.93745447460534,-0.10269531126931497,0.2218,0.1302,-0.0118,-0.0759,10.2006,-0.002,-0.0072,-9.8179,15.3,,50.0,,,,0.4088,-1.294,1.357,107.53,14.94,1.22388,0.0407,192.06,23.961,1,56.43,49.595,1,3,10,0.7,9.73,0,0.0,0,0
1790743422.7247002,47.3981857,8.5464772,9.52400016784668,-0.04129026457667351,-0.011338743381202221,0.0014768814435228705,136.35,-0.050514759073320224,0.04845883939762085,0.0,140.99844688415527,10.911088541866501,12.889994955907632,-1.6530347476096037,-52.841840058401175,-6.987034564231834,0.04109788621738799,8.169273559652204,0.6481923420588795,0.0,"[20.0, 20.0, 20.0, 20.0, 20.0, 20.0, 20.0, 20.0, 20.0, 20.0, 20.0, 20.0, 20.0, 20.0, 20.0, 20.0, 20.0, 20.0, 20.0, 20.0, 20.0, 20.0, 20.0, 20.0, 20.0, 20.0, 20.0, 20.0, 20.0, 20.0, 20.0, 20.0, 20.0, 20.0, 19.60449052067018, 17.40552441880024, 15.757939702251498, 14.496082944781499, 13.516578184279831, 12.751973642327359, 12.156809051988597, 11.699794631479962, 11.359214882218394, 11.120139800450689, 10.972708378597382, 10.911088541866501, 10.932898225417734, 11.008178363292428, 11.142387734986238, 11.36749124524875, 11.692700944001468, 12.132118415938537, 12.706331478439969, 13.445008236071155, 14.391156944008555, 15.608331299372871, 17.19336226650021, 19.300188595653225, 20.0, 20.0, 20.0, 20.0, 20.0, 20.0, 20.0, 20.0, 20.0, 20.0, 20.0, 20.0, 20.0, 20.0]",24.93745447460534,-0.10269531126931497,0.2067,0.0976,-0.107,-0.1049,10.33,0.0033,-0.0156,-9.8041,15.3,,50.0,,,,0.4851,-1.2883,1.3766,110.63,14.94,1.22388,0.0428,195.36,23.951,1,56.63,49.607,1,3,10,0.7,9.733,0,0.0,0,0
1790743422.9249375,47.3981856,8.5464773,9.527000427246094,-0.043596602976322174,-0.013054843060672283,0.0005881948163732886,138.4,-0.05234586633489723,0.04647483488565691,0.0,143.21491279602049,10.180655094713124,13.1762998022319,-1.657672285678676,-50.67545627139566,-7.351935411353973,0.04337864323478044,8.163895410891866,0.6355536797263669,0.0,"[20.0, 20.0, 20.0, 20.0, 20.0, 20.0, 20.0, 20.0, 20.0, 20.0, 20.0, 20.0, 20.0, 20.0, 20.0, 20.0, 20.0, 20.0, 20.0, 20.0, 20.0, 20.0, 20.0, 20.0, 20.0, 20.0, 20.0, 20.0, 20.0, 20.0, 20.0, 20.0, 20.0, 20.0, 20.0, 18.28696737460772, 16.422223778257038, 15.006227538671418, 13.912512264208596, 13.060038021545111, 12.394887200117195, 11.880239588332143, 11.490589605621441, 11.208280427856996, 11.021378515428168, 10.922370087259678, 10.180655094713124, 10.971407165395766, 11.067291888030962, 11.251251124493683, 11.530667887878602, 11.917324129805184, 12.428683173849763, 13.08998233910935, 13.93764338753904, 15.024955447233861, 16.431908396892172, 18.28310325903842, 20.0, 20.0, 20.0, 20.0, 20.0, 20.0, 20.0, 20.0, 20.0, 20.0, 20.0, 20.0, 20.0, 20.0]",24.93745447460534,-0.10269531126931497,0.1758,0.0673,-0.2193,-0.0911,10.2426,-0.0056,0.0003,-9.8028,15.3,,50.0,,,,0.592,-1.1703,1.3116,116.83,14.94,1.22388,0.0455,196.67,23.939,1,56.83,49.62,1,3,10,0.7,9.749,0,0.0,0,0
1790743423.125863,47.3981855,8.546477399999999,9.529000282287598,-0.04698565602302551,-0.013011627830564976,0.000541182525921613,140.41,-0.05394371377592118,0.04461026500774783,0.0,145.23457160949704,10.89776093354337,13.49428290442519,-1.6622309421998829,-48.706805690296676,-7.58911591915499,0.04677097800329889,8.158494511727227,0.6232260317539471,0.0,"[20.0, 20.0, 20.0, 20.0, 20.0, 20.0, 20.0, 20.0, 20.0, 20.0, 20.0, 20.0, 20.0, 20.0, 20.0, 20.0, 20.0, 20.0, 20.0, 20.0, 20.0, 20.0, 20.0, 20.0, 20.0, 20.0, 20.0, 20.0, 20.0, 20.0, 20.0, 20.0, 20.0, 20.0, 20.0, 19.195843819099796, 17.099735546313415, 15.522842338042567, 14.311953738636515, 13.370705757339373, 12.635855484413202, 12.064606981215542, 11.627439328298655, 11.30386676599252, 11.079856925088158, 10.946241684384477, 10.89776093354337, 10.932544110997924, 11.013541305858302, 11.161358546042841, 11.401147626753732, 11.742798057076854, 12.20128479801878, 12.798389612399976, 13.565497721861146, 14.54820676836682, 15.814168978744059, 17.467060119194738, 19.67299805299243, 20.0, 20.0, 20.0, 20.0, 20.0, 20.0, 20.0, 20.0, 20.0, 20.0, 20.0, 20.0, 20.0]",24.93745447460534,-0.10269531126931497,0.1569,0.0553,0.0009,0.0508,10.1386,-0.0053,-0.0073,-9.7956,15.3,,50.0,,,,0.4476,-1.2868,1.3624,109.18,14.94,1.22388,0.0488,195.48,23.926,1,57.03,49.634,1,3,10,0.7,9.678,0,0.0,0,0
1790743423.3267932,47.398185399999996,8.546477399999999,9.528000831604004,-0.05078021064400673,-0.014724512584507465,0.0011292834533378482,142.45000000000002,-0.05549752555951487,0.042661746996237655,0.0,147.27190513610844,10.331222835305784,13.849818510357856,-1.664517239914515,-46.7122659489188,-8.08610415147037,0.050539668582615035,8.15524470890922,0.6095743204591051,0.0,"[20.0, 20.0, 20.0, 20.0, 20.0, 20.0, 20.0, 20.0, 20.0, 20.0, 20.0, 20.0, 20.0, 20.0, 20.0, 20.0, 20.0, 20.0, 20.0, 20.0, 20.0, 20.0, 20.0, 20.0, 20.0, 20.0, 20.0, 20.0, 20.0, 20.0, 20.0, 20.0, 20.0, 20.0, 20.0, 20.0, 17.874868739290807, 16.10967854090473, 14.764052925613282, 13.722279256963118, 12.909607914701693, 12.276016169296804, 11.787218134736248, 11.419435639628766, 11.156246374301025, 10.986646818801082, 10.90386898328644, 10.331222835305784, 10.975515912033053, 11.087666040146576, 11.288934350583524, 11.587462785260199, 11.995985411993138, 12.533237366561991, 13.226247545654628, 14.114085521801469, 15.254143240449071, 16.733099395891912, 18.687117751166976, 20.0, 20.0, 20.0, 20.0, 20.0, 20.0, 20.0, 20.0, 20.0, 20.0, 20.0, 20.0, 20.0]",24.93745447460534,-0.10269531126931497,0.1494,0.0567,-0.0926,0.0769,10.2825,-0.0075,-0.014,-9.8082,15.3,,50.0,,,,0.446,-1.2401,1.3179,109.78,14.94,1.22388,0.0529,196.17,23.91,1,57.23,49.65,1,3,10,0.7,9.705,0,0.0,0,0
1790743423.5272453,47.3981852,8.546477399999999,9.526000022888184,-0.055295828729867935,-0.017172424122691154,0.0012073953403159976,144.5,-0.08141155183563192,0.05807029557109398,0.0,149.30240440368652,10.211027771153791,14.247915660677911,-1.6644613258856065,-44.71221960910839,-8.734397154371608,0.05501662954527564,8.154224109089379,0.5947274633511107,0.0,"[20.0, 20.0, 20.0, 20.0, 20.0, 20.0, 20.0, 20.0, 20.0, 20.0, 20.0, 20.0, 20.0, 20.0, 20.0, 20.0, 20.0, 20.0, 20.0, 20.0, 20.0, 20.0, 20.0, 20.0, 20.0, 20.0, 20.0, 20.0, 20.0, 20.0, 20.0, 20.0, 20.0, 20.0, 20.0, 20.0, 18.75738913734508, 16.771890132678877, 15.271594047215194, 14.116283420694746, 13.216994513533631, 12.514965277171823, 11.97025814404619, 11.555264028168496, 11.250837020294274, 11.043932200266822, 10.926152996746316, 10.211027771153791, 10.942850024286088, 11.030863574174173, 11.19483062804977, 11.452219178785242, 11.813747450965804, 12.295471827549841, 12.920666674359593, 13.722881230951142, 14.751001077327507, 16.077923683530553, 17.81616402020342, 20.0, 20.0, 20.0, 20.0, 20.0, 20.0, 20.0, 20.0, 20.0, 20.0, 20.0, 20.0, 20.0]",24.93745447460534,-0.10269531126931497,0.113,0.0553,-0.0985,0.1057,10.2613,-0.0049,-0.0127,-9.813,15.3,,50.0,,,,0.5099,-1.3288,1.4232,110.99,14.94,1.22388,0.0579,197.25,23.892,1,57.43,49.668,1,3,10,0.7,9.741,0,0.0,0,0
1790743423.7270901,47.3981851,8.5464775,9.52400016784668,-0.05886826664209366,-0.016452575102448463,0.0011190403020009398,146.55,-0.08343671603687318,0.055120907258337015,0.0,151.3539894104004,10.894258342654016,14.692382851296752,-1.6652046815163926,-42.65392406454012,-8.750334832234126,0.05860138160914586,8.15245559137091,0.5791797526094739,0.0,"[20.0, 20.0, 20.0, 20.0, 20.0, 20.0, 20.0, 20.0, 20.0, 20.0, 20.0, 20.0, 20.0, 20.0, 20.0, 20.0, 20.0, 20.0, 20.0, 20.0, 20.0, 20.0, 20.0, 20.0, 20.0, 20.0, 20.0, 20.0, 20.0, 20.0, 20.0, 20.0, 20.0, 20.0, 20.0, 20.0, 19.757062577840244, 17.513221989615072, 15.835298484316633, 14.551849357813818, 13.556285491192533, 12.779251610052386, 12.174095797471693, 11.708744011020688, 11.360938560249044, 11.115354170170386, 10.961823371600468, 10.894258342654016, 10.910044487721825, 10.987836619076786, 11.115585248689811, 11.333609574125424, 11.650801419104502, 12.08084867341839, 12.643774710452822, 13.36843997830705, 14.296643877356308, 15.490044635423853, 17.04234291487349, 19.101980423229964, 20.0, 20.0, 20.0, 20.0, 20.0, 20.0, 20.0, 20.0, 20.0, 20.0, 20.0, 20.0]",24.93745447460534,-0.10269531126931497,0.0738,-0.0968,-0.0657,-0.8122,10.2988,0.0024,-0.0024,-9.8104,15.3,,50.0,,,,0.473,-1.3004,1.3838,109.99,14.94,1.22388,0.0611,195.61,23.875,1,57.63,49.685,1,3,10,0.7,9.727,0,0.0,0,0
1790743423.9287398,47.3981849,8.5464775,9.523000717163086,-0.06581662595272064,-0.0122207747772336,0.0010926282266154885,148.6,-0.08535507972753274,0.05210096318405765,0.0,153.4212356567383,10.152030804089392,15.188415384414899,-1.666265780892194,-42.22064886956781,-8.478860477095088,0.06561682434413693,8.150422404658032,0.5628897586551734,0.0,"[20.0, 20.0, 20.0, 20.0, 20.0, 20.0, 20.0, 20.0, 20.0, 20.0, 20.0, 20.0, 20.0, 20.0, 20.0, 20.0, 20.0, 20.0, 20.0, 20.0, 20.0, 20.0, 20.0, 20.0, 20.0, 20.0, 20.0, 20.0, 20.0, 20.0, 20.0, 20.0, 20.0, 20.0, 20.0, 20.0, 20.0, 18.347563459338886, 16.46392761243299, 15.034815987353582, 13.93154890265862, 13.071812973156204, 12.400913212040688, 11.881529364614059, 11.48781766193444, 11.201880192158775, 11.011600924792445, 10.909317726468233, 10.152030804089392, 10.95606979256103, 11.05117471852588, 11.231322145804397, 11.5064624369146, 11.888170069672617, 12.393631052156106, 13.047693452748454, 13.886207624352636, 14.96158536757591, 16.352402167453686, 18.18084603536588, 20.0, 20.0, 20.0, 20.0, 20.0, 20.0, 20.0, 20.0, 20.0, 20.0, 20.0, 20.0]",24.93745447460534,-0.10269531126931497,0.0675,-0.1675,0.0507,0.0438,10.2489,-0.0086,0.0012,-9.8089,15.3,,50.0,,,,0.4233,-1.2082,1.2802,109.31,14.94,1.22388,0.0669,190.52,23.858,1,57.83,49.703,1,3,10,0.7,9.765,0,0.0,0,0
1790743424.1296723,47.398184699999995,8.5464775,9.523000717163086,-0.07354186475276947,-0.008474742993712425,0.0007961370283737779,150.66,-0.08717274065385089,0.04899911516442368,0.0,155.48126426696774,10.886081046823133,15.743672466910379,-1.6671531191073365,-39.68268734698188,-8.2358954544657,0.07340070967882818,8.148509999457648,0.5457169500382594,0.0,"[20.0, 20.0, 20.0, 20.0, 20.0, 20.0, 20.0, 20.0, 20.0, 20.0, 20.0, 20.0, 20.0, 20.0, 20.0, 20.0, 20.0, 20.0, 20.0, 20.0, 20.0, 20.0, 20.0, 20.0, 20.0, 20.0, 20.0, 20.0, 20.0, 20.0, 20.0, 20.0, 20.0, 20.0, 20.0, 20.0, 20.0, 19.296769944012233, 17.171476393327332, 15.574658580783412, 14.349473881489322, 13.397517749967042, 12.65432620051753, 12.076332079897567, 11.63350268037779, 11.304995418101868, 11.076515353781172, 10.93868857367055, 10.886081046823133, 10.916661841598511, 11.001431886759041, 11.144743153573982, 11.379586003972399, 11.715621395737102, 12.167526637124487, 12.756674278904923, 13.513859548959259, 14.483789895298342, 15.732709169098872, 17.361942880850712, 19.533429336929945, 20.0, 20.0, 20.0, 20.0, 20.0, 20.0, 20.0, 20.0, 20.0, 20.0, 20.0]",24.93745447460534,-0.10269531126931497,0.0698,-0.1376,-0.0137,0.3576,10.2488,-0.0051,-0.012,-9.8067,15.3,,50.0,,,,0.3511,-1.164,1.2158,106.79,14.94,1.22388,0.074,186.57,23.839,1,58.03,49.721,1,3,10,0.7,9.739,0,0.0,0,0
1790743424.32988,47.3981846,8.5464776,9.523000717163086,-0.07955606281757355,-0.005491041112691164,0.0006581894122064114,152.71,-0.08886972685685136,0.04584944545344723,0.0,157.5338792419434,10.165282004093283,16.364860224288247,-1.668502658841898,-37.139281321398755,-7.848923220735567,0.07946144806257774,8.146121667898184,0.5279234289481586,0.0,"[20.0, 20.0, 20.0, 20.0, 20.0, 20.0, 20.0, 20.0, 20.0, 20.0, 20.0, 20.0, 20.0, 20.0, 20.0, 20.0, 20.0, 20.0, 20.0, 20.0, 20.0, 20.0, 20.0, 20.0, 20.0, 20.0, 20.0, 20.0, 20.0, 20.0, 20.0, 20.0, 20.0, 20.0, 20.0, 20.0, 20.0, 20.0, 17.962200171831334, 16.172773412387507, 14.810080181120087, 13.755732558009163, 12.933417923597565, 12.292146780794988, 11.797004192432382, 11.423782261510839, 11.155749696240033, 10.981667450202568, 10.894575053375272, 10.165282004093283, 10.965880399736912, 11.073485995455963, 11.269844643194167, 11.562881931878442, 11.965057378713961, 12.49473670953084, 13.178426266946763, 14.054421616737395, 15.17891393086044, 16.63662252229521, 18.560320047387563, 20.0, 20.0, 20.0, 20.0, 20.0, 20.0, 20.0, 20.0, 20.0, 20.0, 20.0]",24.93745447460534,-0.10269531126931497,0.0731,-0.0912,0.0445,0.2314,10.1258,-0.0146,-0.0052,-9.7992,15.3,,50.0,,,,0.4718,-1.0902,1.188,113.4,14.94,1.22388,0.0797,183.95,23.819,1,58.23,49.741,1,3,10,0.7,9.702,0,0.0,0,0
1790743424.5308726,47.3981844,8.5464776,9.523000717163086,-0.08211897313594818,-0.00407241377979517,0.0011544600129127502,154.72,-0.09042316706138986,0.04270422530134436,0.0,159.5460593414307,10.879823900735065,17.057038501384035,-1.6697216797101126,-35.31819746537491,-7.360081300403981,0.08204655273491361,8.879693984985352,0.5097771753686253,0.0,"[20.0, 20.0, 20.0, 20.0, 20.0, 20.0, 20.0, 20.0, 20.0, 20.0, 20.0, 20.0, 20.0, 20.0, 20.0, 20.0, 20.0, 20.0, 20.0, 20.0, 20.0, 20.0, 20.0, 20.0, 20.0, 20.0, 20.0, 20.0, 20.0, 20.0, 20.0, 20.0, 20.0, 20.0, 20.0, 20.0, 20.0, 20.0, 18.836925499630347, 16.827994142944792, 15.311567486418134, 14.144599417327262, 13.23651867970221, 12.527592063237764, 11.97726334018664, 11.55750932618903, 11.24889258807058, 11.038151113019282, 10.916715578727231, 10.879823900735065, 10.926054535250104, 11.0182217865386, 11.178147590226406, 11.431062936319758, 11.787474638193927, 12.263160556892101, 12.881008508191275, 13.67400572151562, 14.690182811638849, 16.001072567501865, 17.716888999799508, 20.0, 20.0, 20.0, 20.0, 20.0, 20.0, 20.0, 20.0, 20.0, 20.0, 20.0]",24.93745447460534,-0.10269531126931497,0.0831,-0.0619,0.1114,0.0055,10.0496,-0.0057,-0.0053,-9.8106,15.3,,50.0,,,,0.5197,-1.0212,1.1458,116.97,14.94,1.22388,0.0822,182.84,23.802,1,58.43,49.759,1,3,10,0.7,9.707,0,0.0,0,0
1790743424.7311125,47.3981843,8.5464776,9.521000862121582,-0.08191313594579697,-0.004306847229599953,0.0010206830920651555,156.72,-0.0918584396812554,0.03952248802043166,0.0,161.52453300476077,10.883128788230934,17.831880249632473,-1.66991207252243,-32.74462782997807,-6.904954707725499,0.08183740936713493,8.878225326538086,0.49097837662533333,0.0,"[20.0, 20.0, 20.0, 20.0, 20.0, 20.0, 20.0, 20.0, 20.0, 20.0, 20.0, 20.0, 20.0, 20.0, 20.0, 20.0, 20.0, 20.0, 20.0, 20.0, 20.0, 20.0, 20.0, 20.0, 20.0, 20.0, 20.0, 20.0, 20.0, 20.0, 20.0, 20.0, 20.0, 20.0, 20.0, 20.0, 20.0, 20.0, 19.82433045941417, 17.559542463024332, 15.867549979044352, 14.574141126497338, 13.571199328139052, 12.78846924270905, 12.178738056923752, 11.70956398349675, 11.35843581347003, 11.109843739373831, 10.953477212748036, 10.883128788230934, 10.896074737610968, 10.978186008640078, 11.102896047934093, 11.3175954469625, 11.631026569426856, 12.056684790157753, 12.6143314927108, 13.332453149333373, 14.252290777914087, 15.434629390754411, 16.971731976489796, 19.00952492362172, 20.0, 20.0, 20.0, 20.0, 20.0, 20.0, 20.0, 20.0, 20.0, 20.0]",24.93745447460534,-0.10269531126931497,0.1005,-0.0669,0.0702,-0.1137,10.0758,-0.0029,-0.0121,-9.8102,15.3,,50.0,,,,0.3972,-1.063,1.1348,110.49,14.94,1.22388,0.082,183.01,23.786,1,58.63,49.774,1,3,10,0.7,9.74,0,0.0,0,0
1790743424.9324234,47.398184099999995,8.546477699999999,9.519000053405762,-0.08222173899412155,-0.0028064267244189978,0.0008735626470297575,158.71,-0.09317546126945951,0.0363088614145838,0.0,163.5301541900635,10.180205644157171,18.43895377973538,-1.672149900852229,-30.174639342263788,-6.17701748872627,0.0821695405916391,8.874700546264648,0.4718519374803187,0.0,"[20.0, 20.0, 20.0, 20.0, 20.0, 20.0, 20.0, 20.0, 20.0, 20.0, 20.0, 20.0, 20.0, 20.0, 20.0, 20.0, 20.0, 20.0, 20.0, 20.0, 20.0, 20.0, 20.0, 20.0, 20.0, 20.0, 20.0, 20.0, 20.0, 20.0, 20.0, 20.0, 20.0, 20.0, 20.0, 20.0, 20.0, 20.0, 20.0, 18.373383431851785, 16.4800516569615, 15.044272534143623, 13.936183677206923, 13.072796172474808, 12.399005299477016, 11.877228594538407, 11.48144550440612, 11.193632096041082, 11.001576538380586, 10.897538080257716, 10.180205644157171, 10.940561715059793, 11.040202820606355, 11.21822661155539, 11.490972319720058, 11.869899062976016, 12.372038564371575, 13.022022492378142, 13.855384079858785, 14.924049429480567, 16.305813403484926, 18.121537079582556, 20.0, 20.0, 20.0, 20.0, 20.0, 20.0, 20.0, 20.0, 20.0, 20.0]",24.93745447460534,-0.10269531126931497,0.1195,-0.0813,0.1876,0.0688,10.1208,-0.0098,-0.0092,-9.813,15.3,,50.0,,,,0.3953,-1.1331,1.2001,109.23,14.94,1.22388,0.0823,181.95,23.771,1,58.84,49.79,1,3,10,0.7,9.744,0,0.0,0,0
1790743425.133052,47.398184,8.546477699999999,9.517000198364258,-0.08485865592956543,-0.0013595010386779904,0.0012830005725845695,160.72,-0.20373142453536644,0.06999518797724913,0.0,165.54656860351565,10.870786671602152,18.876046721409473,-1.6753965576526175,-27.564714740438717,-5.578632171414953,0.08482864321825741,8.869928359985352,0.45196348527131375,0.03483436733107121,"[20.0, 20.0, 20.0, 20.0, 20.0, 20.0, 20.0, 20.0, 20.0, 20.0, 20.0, 20.0, 20.0, 20.0, 20.0, 20.0, 20.0, 20.0, 20.0, 20.0, 20.0, 20.0, 20.0, 20.0, 20.0, 20.0, 20.0, 20.0, 20.0, 20.0, 20.0, 20.0, 20.0, 20.0, 20.0, 20.0, 20.0, 20.0, 20.0, 19.299008727785083, 17.169079813826205, 15.569273504918435, 14.342040868389304, 13.388593466784844, 12.644244542273348, 12.065289820122139, 11.621607073817094, 11.292291330854725, 11.06300065720293, 10.924322306381537, 10.870786671602152, 10.900326697451, 10.989892346873285, 11.13201305272186, 11.36548919251316, 11.699919718468498, 12.149899664792844, 12.73668768252287, 13.490914995486541, 14.457043283366868, 15.700931617393524, 17.323271656468584, 19.484891037187033, 20.0, 20.0, 20.0, 20.0, 20.0, 20.0, 20.0, 20.0, 20.0]",24.93745447460534,-0.10269531126931497,0.1465,-0.0824,0.0881,0.15,10.0914,-0.0138,-0.0099,-9.8089,15.3,,50.0,,,,0.2362,-1.0112,1.0385,103.15,14.94,1.22388,0.0849,180.92,23.752,1,59.04,49.809,1,3,10,0.7,9.768,0,0.0,0,0
1790743425.3347952,47.3981838,8.546477699999999,9.51400089263916,-0.09504825621843338,-0.001789796631783247,0.0005951606435701251,162.75,-0.21081818021478987,0.06431798395905357,0.0,167.57135009765625,10.135130975739006,19.190753639414822,-1.6751922259322436,-24.901776551275617,-5.690747136308939,0.09501079987302033,8.868265151977539,0.4308646545821269,0.0031414054173117736,"[20.0, 20.0, 20.0, 20.0, 20.0, 20.0, 20.0, 20.0, 20.0, 20.0, 20.0, 20.0, 20.0, 20.0, 20.0, 20.0, 20.0, 20.0, 20.0, 20.0, 20.0, 20.0, 20.0, 20.0, 20.0, 20.0, 20.0, 20.0, 20.0, 20.0, 20.0, 20.0, 20.0, 20.0, 20.0, 20.0, 20.0, 20.0, 20.0, 20.0, 17.95534957668761, 16.164190486208046, 14.800397662233749, 13.745299688874473, 12.922426884420492, 12.28069714412413, 11.785137389620221, 11.411500508557753, 11.143026323630835, 10.96845211914084, 10.880795623271789, 10.135130975739006, 10.95585778628074, 11.063364344577614, 11.258829363670058, 11.55081523331886, 11.95173065436561, 12.47987191794792, 13.16164688112368, 14.03520608824454, 15.156518305875696, 16.60994542864291, 18.527652484729522, 20.0, 20.0, 20.0, 20.0, 20.0, 20.0, 20.0, 20.0, 20.0]",24.93745447460534,-0.10269531126931497,0.1319,-0.6738,-0.086,-2.8474,10.0603,-0.0185,-0.014,-9.8069,15.3,,50.0,,,,0.2434,-0.9704,1.0004,104.08,14.94,1.22388,0.0951,181.08,23.73,1,59.24,49.831,1,3,10,0.7,9.778,0,0.0,0,0
1790743425.5347545,47.398183499999995,8.546477699999999,9.51300048828125,-0.12442897260189056,0.0011761400382965803,0.0009478233405388892,164.78,-0.24293189552423317,0.0649591457616138,0.0,169.60229423522946,10.870307946723099,19.417342620378673,-1.6709068036882804,-22.211412227686424,-5.999940528223125,0.12443256645709691,8.870227813720703,0.4087272367505148,0.00011182461947847968,"[20.0, 20.0, 20.0, 20.0, 20.0, 20.0, 20.0, 20.0, 20.0, 20.0, 20.0, 20.0, 20.0, 20.0, 20.0, 20.0, 20.0, 20.0, 20.0, 20.0, 20.0, 20.0, 20.0, 20.0, 20.0, 20.0, 20.0, 20.0, 20.0, 20.0, 20.0, 20.0, 20.0, 20.0, 20.0, 20.0, 20.0, 20.0, 20.0, 20.0, 18.84844393736306, 16.834163478250577, 15.314134580927009, 14.144606340116976, 13.234612906127712, 12.524185861548704, 11.972620763253028, 11.551795858680501, 11.242204280555763, 11.030531743344055, 10.90816633314383, 10.870307946723099, 10.915497643944231, 11.013269810895887, 11.17207438391206, 11.423739226654394, 11.778712459017104, 12.252694466321879, 12.868465542985154, 13.658856824381242, 14.671662062441907, 15.9780372074187, 17.68756337073709, 19.97698260252353, 20.0, 20.0, 20.0, 20.0, 20.0, 20.0, 20.0, 20.0]",24.93745447460534,-0.10269531126931497,0.0864,-0.9241,-0.1326,0.0038,10.1202,-0.0112,-0.0087,-9.8081,15.3,,50.0,,,,0.2406,-0.8918,0.9237,105.1,14.94,1.22388,0.1244,179.46,23.702,1,59.44,49.859,1,3,10,0.7,9.805,0,0.0,0,0
1790743425.7360504,47.3981832,8.546477699999999,9.51400089263916,-0.15756456553936005,0.005874563939869404,0.0003572847635950893,166.82,-0.3245168344205967,0.07470383136011763,0.0,171.6217807006836,10.164211976174,19.580486686672643,-1.6668843199372014,-19.493571652310152,-5.749664446050995,0.15763544350986783,8.871379852294922,0.3858546187229951,0.004733265940015272,"[20.0, 20.0, 20.0, 20.0, 20.0, 20.0, 20.0, 20.0, 20.0, 20.0, 20.0, 20.0, 20.0, 20.0, 20.0, 20.0, 20.0, 20.0, 20.0, 20.0, 20.0, 20.0, 20.0, 20.0, 20.0, 20.0, 20.0, 20.0, 20.0, 20.0, 20.0, 20.0, 20.0, 20.0, 20.0, 20.0, 20.0, 20.0, 20.0, 20.0, 19.864706480989785, 17.58741489011174, 15.8870339299186, 14.587692355223725, 13.580359836769048, 12.794243328173286, 12.181795333706672, 11.710354896780595, 11.357259921562123, 11.106890962040818, 10.948852654517578, 10.876866850395425, 10.164211976174, 10.976790962648046, 11.099765382251544, 11.31259758557194, 11.623945924195677, 12.047198604354548, 12.601971913741915, 13.316545584583624, 14.231851848101744, 15.408192056617372, 16.937031126496883, 18.962895815931205, 20.0, 20.0, 20.0, 20.0, 20.0, 20.0, 20.0, 20.0]",24.93745447460534,-0.10269531126931497,0.0488,-0.9552,-0.006,0.2188,10.0567,-0.0103,-0.0098,-9.813,15.3,,50.0,,,,0.1773,-0.945,0.9615,100.63,14.94,1.22388,0.1577,177.86,23.667,1,59.64,49.894,1,3,10,0.7,9.727,0,0.0,0,0
1790743425.9359362,47.3981828,8.546477699999999,9.51300048828125,-0.19322648644447327,0.011355262249708176,-0.0003461723681539297,168.85,-1.1209063064260814,0.19340962565091957,0.0,173.6748863220215,10.873274324554052,19.697950414404303,-1.66384864751785,-16.778454322134166,-4.995882100265446,0.19337635705046216,8.871084213256836,0.3625485453492818,0.7478349054880984,"[20.0, 20.0, 20.0, 20.0, 20.0, 20.0, 20.0, 20.0, 20.0, 20.0, 20.0, 20.0, 20.0, 20.0, 20.0, 20.0, 20.0, 20.0, 20.0, 20.0, 20.0, 20.0, 20.0, 20.0, 20.0, 20.0, 20.0, 20.0, 20.0, 20.0, 20.0, 20.0, 20.0, 20.0, 20.0, 20.0, 20.0, 20.0, 20.0, 20.0, 20.0, 18.428651322413845, 16.520585994007444, 15.074526246910214, 13.958926414719562, 13.089826991239795, 12.411529576627812, 11.88606944171586, 11.487167788926108, 11.196617463564248, 11.002069351611892, 10.895672985390283, 10.873274324554052, 10.934011278154127, 11.041463610324506, 11.217034739530932, 11.487116111834105, 11.863036652571116, 12.361656555102236, 13.007368229000464, 13.835353948636568, 14.896999558487602, 16.269225089254878, 18.071391462789414, 20.0, 20.0, 20.0, 20.0, 20.0, 20.0, 20.0, 20.0]",24.93745447460534,-0.10269531126931497,0.0287,-1.2479,0.1158,-1.1955,10.0224,-0.0217,-0.0076,-9.806,15.3,,50.0,,,,0.1465,-0.9854,0.9963,98.45,14.94,1.22388,0.1936,176.64,23.627,1,59.84,49.934,1,3,10,0.7,9.716,0,0.0,0,0
1790743426.135986,47.398182399999996,8.546477699999999,9.515000343322754,-0.27393439412117004,0.023369193077087402,-0.02701055072247982,170.87,-1.3818635545349551,0.19473439169318904,0.0,175.67499076843262,10.23175928575651,19.782524298371097,-1.6612042149041755,-14.063466505056283,-3.888875274253473,0.2742564983082386,8.869665145874023,0.33870934005067466,0.0,"[20.0, 20.0, 20.0, 20.0, 20.0, 20.0, 20.0, 20.0, 20.0, 20.0, 20.0, 20.0, 20.0, 20.0, 20.0, 20.0, 20.0, 20.0, 20.0, 20.0, 20.0, 20.0, 20.0, 20.0, 20.0, 20.0, 20.0, 20.0, 20.0, 20.0, 20.0, 20.0, 20.0, 20.0, 20.0, 20.0, 20.0, 20.0, 20.0, 20.0, 20.0, 19.373013928911494, 17.223853870729428, 15.610859361276676, 14.374133766226393, 13.413567658509493, 12.663682468455656, 12.080273245428014, 11.632885578954804, 11.300383530946842, 11.068256359048812, 10.926960633256211, 10.870918348032037, 10.23175928575651, 10.997111240949623, 11.13672481869996, 11.367555320820987, 11.699078766884305, 12.145733366475586, 12.728564358443814, 13.477896077079889, 14.437726114124345, 15.673175582741305, 17.283696736750624, 19.427898198081508, 20.0, 20.0, 20.0, 20.0, 20.0, 20.0, 20.0]",24.93745447460534,-0.10269531126931497,0.0123,-5.4531,0.4827,-19.5478,10.1039,-0.0418,-0.0177,-9.8263,15.3,,50.0,,,,0.0312,-1.0142,1.0147,91.76,14.94,1.22388,0.2749,175.12,23.578,1,60.04,49.983,1,3,10,0.7,9.715,0,0.0,0,0
1790743426.3382876,47.3981816,8.5464778,9.520000457763672,-0.5377448797225952,0.062203165143728256,-0.022237000986933708,172.91,-1.4717326580187697,0.15920739114181948,0.0,177.73549858093259,10.868997153689934,19.84341749482719,-1.6624482624482186,-11.301252263060007,-0.5939872862288544,0.495205665357113,8.861766815185547,0.31378139462697424,0.09692232293517511,"[20.0, 20.0, 20.0, 20.0, 20.0, 20.0, 20.0, 20.0, 20.0, 20.0, 20.0, 20.0, 20.0, 20.0, 20.0, 20.0, 20.0, 20.0, 20.0, 20.0, 20.0, 20.0, 20.0, 20.0, 20.0, 20.0, 20.0, 20.0, 20.0, 20.0, 20.0, 20.0, 20.0, 20.0, 20.0, 20.0, 20.0, 20.0, 20.0, 20.0, 20.0, 20.0, 18.0108261034638, 16.204406464965324, 14.829887657017995, 13.766901627013068, 12.937990136454218, 12.29146104361332, 11.791945209144286, 11.414925599493133, 11.143448512524602, 10.96610425768654, 10.87579101894556, 10.868997153689934, 10.94546133675611, 11.065965260509456, 11.258621416089953, 11.547545579403689, 11.944992327706327, 12.469052797555555, 13.145845923348528, 14.013094385289085, 15.12610164596215, 16.568140106637372, 18.469481752628543, 20.0, 20.0, 20.0, 20.0, 20.0, 20.0, 20.0]",24.93745447460534,-0.10269531126931497,-0.0819,-8.2885,0.8062,-5.1005,9.9762,-0.0578,-0.0124,-9.8022,15.3,,50.0,,,,0.086,-0.8958,0.8999,95.48,14.94,1.22388,0.5413,173.4,23.498,1,60.24,50.063,1,3,10,0.7,9.697,0,0.0914,0,0
1790743426.537867,47.3981804,8.5464781,9.521000862121582,-0.8156711459159851,0.09419767558574677,-0.007376312743872404,174.97,-1.7705534071888813,0.15364951015484213,0.0,175.84829455227464,10.172603307886376,19.887260596275578,-1.6679528639570786,-0.8782945522746104,1.6330414064162178,0.7731557715485794,14.0,0.0,0.6248626607141251,"[20.0, 20.0, 20.0, 20.0, 20.0, 20.0, 20.0, 20.0, 20.0, 20.0, 20.0, 20.0, 20.0, 20.0, 20.0, 20.0, 20.0, 20.0, 20.0, 20.0, 20.0, 20.0, 20.0, 20.0, 20.0, 20.0, 20.0, 20.0, 20.0, 20.0, 20.0, 20.0, 20.0, 20.0, 20.0, 20.0, 20.0, 20.0, 20.0, 20.0, 20.0, 20.0, 18.893440757725056, 16.861203854009236, 15.329029242025124, 14.150841247148785, 13.234370136050508, 12.518868927174484, 11.963141961400412, 11.538740793575839, 11.225928893166817, 11.0112199614548, 10.885863173514027, 10.844935950101325, 10.172603307886376, 11.00385302273059, 11.159204713320733, 11.40706354554299, 11.757698810728737, 12.226576240249013, 12.8361514253832, 13.618784516859423, 14.621554276678568, 15.91447786878704, 17.60522114984056, 19.867087517899847, 20.0, 20.0, 20.0, 20.0, 20.0, 20.0]",24.93745447460534,-0.10269531126931497,-0.0554,-8.1452,1.7137,4.9573,9.8972,-0.0787,0.0048,-9.8285,15.3,,50.0,,,,-0.024,-0.888,0.8883,88.45,14.94,1.22388,0.8211,173.41,23.362,1,60.44,50.2,1,3,10,0.7,9.705,0,0.3769,0,0
1790743426.7392075,47.3981786,8.5464784,9.520000457763672,-1.0822396278381348,0.11056527495384216,-0.009433303028345108,176.87,-1.7717092169508253,0.09931955963466578,0.0,175.88804998629456,10.826513154709367,19.918827629318415,-1.673058147429456,0.9819500137054433,2.703292828832738,1.0836207604507835,14.0,0.0,0.13423249681463625,"[20.0, 20.0, 20.0, 20.0, 20.0, 20.0, 20.0, 20.0, 20.0, 20.0, 20.0, 20.0, 20.0, 20.0, 20.0, 20.0, 20.0, 20.0, 20.0, 20.0, 20.0, 20.0, 20.0, 20.0, 20.0, 20.0, 20.0, 20.0, 20.0, 20.0, 20.0, 20.0, 20.0, 20.0, 20.0, 20.0, 20.0, 20.0, 20.0, 20.0, 20.0, 20.0, 19.798618923629498, 17.524958177155135, 15.827766451128602, 14.531102910672569, 13.52595234162559, 12.74155965175617, 12.130416236209664, 11.659893308982966, 11.30735174754016, 11.0571851647402, 10.899001011015052, 10.826513154709367, 10.836913689892004, 10.930602705807189, 11.078996515568036, 11.290529471228446, 11.600301069143073, 12.021623061028802, 12.574005701807014, 13.28557714685322, 14.197045601581774, 15.368368298285798, 16.890456577517497, 18.906894550984898, 20.0, 20.0, 20.0, 20.0, 20.0, 20.0]",24.93745447460534,-0.10269531126931497,-0.0236,-8.1369,0.4027,1.1145,6.6394,-0.1089,0.0037,-9.8563,15.3,,50.0,,,,-0.04,-0.9915,0.9923,87.69,14.94,1.22388,1.0879,174.17,23.132,1,60.64,50.43,1,3,10,0.7,9.729,0,0.5917,0,0
1790743426.9391477,47.398176299999996,8.5464787,9.519000053405762,-1.33074951171875,0.11910008639097214,-0.0005654785200022161,177.8,-1.7495701482778598,0.07178364388971367,0.0,175.93205639238613,10.13577623320073,19.941555893109257,-1.6759237018118451,1.8679436076138813,2.914260376536918,1.3321340798948764,14.0,0.0,0.06226782527128522,"[20.0, 20.0, 20.0, 20.0, 20.0, 20.0, 20.0, 20.0, 20.0, 20.0, 20.0, 20.0, 20.0, 20.0, 20.0, 20.0, 20.0, 20.0, 20.0, 20.0, 20.0, 20.0, 20.0, 20.0, 20.0, 20.0, 20.0, 20.0, 20.0, 20.0, 20.0, 20.0, 20.0, 20.0, 20.0, 20.0, 20.0, 20.0, 20.0, 20.0, 20.0, 20.0, 20.0, 17.857692866041724, 16.07326836769248, 14.71487780807189, 13.66408506076717, 12.844604169844827, 12.205491190524151, 11.71187424260168, 11.339577774401308, 11.071888888222354, 10.897571369073466, 10.80965053842294, 10.804709274186981, 10.13577623320073, 11.040740733045208, 11.234915528053039, 11.525327508728996, 11.92431091681749, 12.450059120857816, 13.128833621179494, 13.998570177237285, 15.114910563975045, 16.56169643314793, 18.470218974423496, 20.0, 20.0, 20.0, 20.0, 20.0, 20.0]",24.93745447460534,-0.10269531126931497,0.099,-7.0412,1.4538,7.8052,1.0443,-0.1392,0.0029,-9.8254,15.3,,50.0,,,,-0.0375,-0.9717,0.9724,87.79,14.94,1.22388,1.3361,174.89,22.878,1,60.84,50.685,1,3,10,0.7,9.763,0,0.8499,0,0
1790743427.1406054,47.3981737,8.546479,9.518000602722168,-1.5205624103546143,0.11578580737113953,0.004124479368329048,177.67000000000002,-1.7542566517803597,0.07551718603675599,0.0,175.98367053446987,10.313919525534846,19.957920243038664,-1.6770628907520997,1.6863294655301502,2.02448119564021,1.521799034206071,14.0,0.0,0.012582389853826873,"[20.0, 20.0, 20.0, 20.0, 20.0, 20.0, 20.0, 20.0, 20.0, 20.0, 20.0, 20.0, 20.0, 20.0, 20.0, 20.0, 20.0, 20.0, 20.0, 20.0, 20.0, 20.0, 20.0, 20.0, 20.0, 20.0, 20.0, 20.0, 20.0, 20.0, 20.0, 20.0, 20.0, 20.0, 20.0, 20.0, 20.0, 20.0, 20.0, 20.0, 20.0, 20.0, 20.0, 17.762058508044525, 15.994955362009867, 14.649046178266028, 13.607586162568355, 12.795296641829342, 12.161866856128354, 11.672841465170844, 11.304330171697824, 11.039822973954541, 10.868233709339366, 10.78270367277319, 10.77991034382063, 10.313919525534846, 11.02530890011249, 11.232814965713427, 11.525653010579987, 11.927372590979955, 12.456330564764327, 13.139018780156452, 14.01371463763927, 15.13659234522521, 16.592367886278574, 18.513856508042853, 20.0, 20.0, 20.0, 20.0, 20.0, 20.0]",24.93745447460534,-0.10269531126931497,0.4644,-5.2793,1.4666,8.6098,-3.0683,-0.1641,-0.0032,-9.8313,15.3,,50.0,,,,0.075,-0.8419,0.8453,95.09,14.94,1.22388,1.525,175.65,22.582,1,61.04,50.981,1,3,10,0.7,9.749,0,1.1023,0,0
1790743427.3406212,47.398170799999995,8.5464793,9.515000343322754,-1.6459323167800903,0.1035025343298912,0.005241463426500559,176.91,-1.7747265210471974,0.0979672078360329,0.0,176.04013236661172,10.751508283804917,19.96970257498784,-1.6757754425170623,0.8698676333882531,0.5082403376442441,1.646938429297727,14.0,0.0,0.05750314287184031,"[20.0, 20.0, 20.0, 20.0, 20.0, 20.0, 20.0, 20.0, 20.0, 20.0, 20.0, 20.0, 20.0, 20.0, 20.0, 20.0, 20.0, 20.0, 20.0, 20.0, 20.0, 20.0, 20.0, 20.0, 20.0, 20.0, 20.0, 20.0, 20.0, 20.0, 20.0, 20.0, 20.0, 20.0, 20.0, 20.0, 20.0, 20.0, 20.0, 20.0, 20.0, 20.0, 19.682062201376763, 17.41864270084759, 15.729477696353298, 14.439139259970478, 13.438976549645183, 12.658493455742741, 12.050365983249804, 11.582096511315534, 11.23113747020701, 10.981943403586252, 10.82415769272761, 10.751508283804917, 10.761180645714102, 10.853546849487525, 11.032201007427652, 11.26432241661704, 11.572601721766366, 11.992064553427841, 12.542121929038757, 13.250759994158477, 14.158477783823066, 15.324913293613811, 16.840468740503677, 18.847870264339917, 20.0, 20.0, 20.0, 20.0, 20.0, 20.0]",24.93745447460534,-0.10269531126931497,0.646,-3.8599,0.0648,5.9218,-4.4983,-0.1904,-0.003,-9.8182,15.3,,50.0,,,,0.1913,-0.7243,0.7492,104.79,14.94,1.22388,1.6492,176.4,22.26,1,61.24,51.303,1,3,10,0.7,9.76,0,1.2746,0,0
1790743427.5412247,47.398167799999996,8.546479699999999,9.51300048828125,-1.7252123355865479,0.09232167899608612,0.004649953916668892,176.03,-1.7938996185838112,0.12432202604921545,0.0,176.09985571274945,10.722241074710453,19.978185853991242,-1.6728989587635834,-0.06985571274947233,-0.9068396820423781,1.7260248025434626,14.0,0.0,0.06805096805714068,"[20.0, 20.0, 20.0, 20.0, 20.0, 20.0, 20.0, 20.0, 20.0, 20.0, 20.0, 20.0, 20.0, 20.0, 20.0, 20.0, 20.0, 20.0, 20.0, 20.0, 20.0, 20.0, 20.0, 20.0, 20.0, 20.0, 20.0, 20.0, 20.0, 20.0, 20.0, 20.0, 20.0, 20.0, 20.0, 20.0, 20.0, 20.0, 20.0, 20.0, 20.0, 20.0, 19.186292285863427, 17.046080922452486, 15.441152574197144, 14.211283477376305, 13.256322096871449, 12.51084108828907, 11.930707097688318, 11.485529149119316, 11.154215240764318, 10.922274200850795, 10.780154869751193, 10.722241074710453, 10.746294977384048, 10.853242492819735, 11.047261569708144, 11.305913261651055, 11.632496847056817, 12.0731259840099, 12.648503334705675, 13.38846078008506, 14.33626241378057, 15.555891452169295, 17.14494716519665, 19.258835021514056, 20.0, 20.0, 20.0, 20.0, 20.0, 20.0]",24.93745447460534,-0.10269531126931497,0.5477,-3.0253,-0.948,3.0896,-3.5834,-0.1773,-0.0095,-9.8123,15.3,,50.0,,,,0.296,-0.7554,0.8113,111.4,14.94,1.22388,1.7277,176.94,21.924,1,61.44,51.639,1,3,10,0.7,9.759,0,1.322,0,0
1790743427.742233,47.3981644,8.546479999999999,9.511000633239746,-1.7786312103271484,0.08818458020687103,0.004631599877029657,175.37,-1.7749396259561163,0.14061995260319565,0.0,176.16235361855763,10.28944367524494,19.984293814873695,-1.668907995952314,-0.7523536185576631,-1.7515980525940504,1.7793328162701083,14.0,0.0,0.04928723193373718,"[20.0, 20.0, 20.0, 20.0, 20.0, 20.0, 20.0, 20.0, 20.0, 20.0, 20.0, 20.0, 20.0, 20.0, 20.0, 20.0, 20.0, 20.0, 20.0, 20.0, 20.0, 20.0, 20.0, 20.0, 20.0, 20.0, 20.0, 20.0, 20.0, 20.0, 20.0, 20.0, 20.0, 20.0, 20.0, 20.0, 20.0, 20.0, 20.0, 20.0, 20.0, 20.0, 18.84061404039926, 16.78329541837746, 15.23558349698763, 14.047103065373088, 13.123273402085278, 12.402021942646526, 11.841344711089034, 11.412267089017583, 11.094682417151942, 10.874818003088988, 10.743675386815548, 10.696091799264309, 10.730231294651738, 10.847409093516788, 10.28944367524494, 11.336408489878647, 11.676118926554091, 12.132002242222619, 12.72571651632028, 13.488468755782904, 14.465597685483422, 15.724371382607487, 17.367876911250967, 19.56128886761996, 20.0, 20.0, 20.0, 20.0, 20.0, 20.0]",24.93745447460534,-0.10269531126931497,0.2972,-2.584,-1.3677,1.6579,-1.7481,-0.1939,0.0013,-9.8146,15.3,,50.0,,,,0.2311,-0.8274,0.859,105.61,14.94,1.22388,1.7808,177.16,21.579,1,61.65,51.984,1,3,10,0.7,9.698,0,1.3513,0,0
1790743427.9433293,47.3981612,8.5464804,9.508000373840332,-1.8166835308074951,0.09273631870746613,0.005290620494633913,175.22,-1.7678458920998215,0.14532341108452182,0.0,176.22793607772928,10.469947611884493,19.98869154670906,-1.6642161278211578,-1.007936077729255,-1.85775649295146,1.8173471093357072,14.0,0.0,0.018207165286760266,"[20.0, 20.0, 20.0, 20.0, 20.0, 20.0, 20.0, 20.0, 20.0, 20.0, 20.0, 20.0, 20.0, 20.0, 20.0, 20.0, 20.0, 20.0, 20.0, 20.0, 20.0, 20.0, 20.0, 20.0, 20.0, 20.0, 20.0, 20.0, 20.0, 20.0, 20.0, 20.0, 20.0, 20.0, 20.0, 20.0, 20.0, 20.0, 20.0, 20.0, 20.0, 20.0, 18.70715162825544, 16.677665985291103, 15.14944248724663, 13.975212538521086, 13.062177123256884, 12.349349398860001, 11.795421219101124, 11.371884004029376, 11.05895630873085, 10.843102012727696, 10.715502861586108, 10.671141134280353, 10.708305875757022, 10.82842929531427, 10.469947611884493, 11.340142760126263, 11.687248211453165, 12.147767228569792, 12.747059382198225, 13.516759445851779, 14.50285438346634, 15.773643900156706, 17.43394877128871, 19.65205172783264, 20.0, 20.0, 20.0, 20.0, 20.0, 20.0]",24.93745447460534,-0.10269531126931497,0.0504,-2.1296,-0.9876,2.2116,0.3364,-0.1915,-0.0102,-9.8089,15.3,,50.0,,,,0.1553,-0.8137,0.8284,100.8,14.94,1.22388,1.819,177.08,21.224,1,61.85,52.339,1,3,10,0.7,9.714,0,1.4049,0,0
1790743428.14292,47.398157999999995,8.5464807,9.503000259399414,-1.8358865976333618,0.10266538709402084,0.0052064466290175915,175.42000000000002,-1.7717470173506684,0.13974627660387035,0.0,176.29669382662507,10.645053763338904,19.991857913630522,-1.660858276549682,-0.8766938266250577,-1.3792722663043149,1.8365296278532375,14.0,0.0,0.009367080843553234,"[20.0, 20.0, 20.0, 20.0, 20.0, 20.0, 20.0, 20.0, 20.0, 20.0, 20.0, 20.0, 20.0, 20.0, 20.0, 20.0, 20.0, 20.0, 20.0, 20.0, 20.0, 20.0, 20.0, 20.0, 20.0, 20.0, 20.0, 20.0, 20.0, 20.0, 20.0, 20.0, 20.0, 20.0, 20.0, 20.0, 20.0, 20.0, 20.0, 20.0, 20.0, 20.0, 18.755436649231036, 16.706716435707246, 15.165550688360494, 13.982135336066642, 13.062258150532205, 12.344092899023462, 11.785804387842783, 11.358535184035844, 11.042259866265077, 10.823260670464492, 10.692573681271279, 10.645053763338904, 10.678867387790424, 10.795317200851818, 10.998966371787317, 11.298085305131085, 11.665930843348411, 12.121196043397447, 12.714129605504251, 13.475890535487927, 14.4517464559263, 15.708856364276201, 17.350132311826574, 19.540451526457915, 20.0, 20.0, 20.0, 20.0, 20.0, 20.0]",24.93745447460534,-0.10269531126931497,-0.0876,-1.755,-0.3417,1.3831,1.5724,-0.1995,-0.0122,-9.816,15.3,,50.0,,,,0.1845,-0.8471,0.867,102.29,14.94,1.22388,1.8388,176.8,20.867,1,62.05,52.695,1,3,10,0.7,9.707,0,1.4053,0,0
1790743428.343794,47.3981548,8.5464811,9.5,-1.8426477909088135,0.11401639878749847,0.00445643812417984,175.76,-1.7794467866945132,0.1304000053338762,0.0,176.369826643765,10.516543162544298,19.994137697813976,-1.660919892859159,-0.6098266437650182,-0.6992580265842255,1.8432346785597695,14.0,0.0,0.0190829591186095,"[20.0, 20.0, 20.0, 20.0, 20.0, 20.0, 20.0, 20.0, 20.0, 20.0, 20.0, 20.0, 20.0, 20.0, 20.0, 20.0, 20.0, 20.0, 20.0, 20.0, 20.0, 20.0, 20.0, 20.0, 20.0, 20.0, 20.0, 20.0, 20.0, 20.0, 20.0, 20.0, 20.0, 20.0, 20.0, 20.0, 20.0, 20.0, 20.0, 20.0, 20.0, 20.0, 18.865831062827198, 16.780843367904946, 15.215116494964247, 14.014187292324246, 13.081241031057264, 12.352902151670333, 11.786361075593879, 11.352115524244343, 11.029690629485197, 10.805036820206803, 10.668928042790192, 10.615994718907453, 10.644192852112853, 10.754608232048065, 10.951560007338793, 10.516543162544298, 11.630293305690799, 12.076721632135733, 12.658978465627836, 13.407431677456104, 14.36615566118523, 15.600422253460268, 17.209995469188012, 19.35415700476566, 20.0, 20.0, 20.0, 20.0, 20.0, 20.0]",24.93745447460534,-0.10269531126931497,-0.0772,-1.5785,0.4254,0.4834,1.9624,-0.1988,-0.0087,-9.8033,15.3,,50.0,,,,0.279,-0.83,0.8756,108.58,14.94,1.22388,1.8462,176.46,20.511,1,62.25,53.052,1,3,10,0.7,9.744,0,1.4084,0,0
1790743428.545364,47.3981516,8.5464816,9.498000144958496,-1.8453620672225952,0.12317241728305817,0.003844692837446928,176.1,-1.7869460207943082,0.12095102039151487,0.0,176.447379292503,10.584727660318924,19.995779142426063,-1.6635207663851572,-0.34737929250303523,-0.08134170170544058,1.8458327057799029,14.0,0.0,0.01890180035215008,"[20.0, 20.0, 20.0, 20.0, 20.0, 20.0, 20.0, 20.0, 20.0, 20.0, 20.0, 20.0, 20.0, 20.0, 20.0, 20.0, 20.0, 20.0, 20.0, 20.0, 20.0, 20.0, 20.0, 20.0, 20.0, 20.0, 20.0, 20.0, 20.0, 20.0, 20.0, 20.0, 20.0, 20.0, 20.0, 20.0, 20.0, 20.0, 20.0, 20.0, 20.0, 20.0, 18.97421752863958, 16.85254712742191, 15.262112950625133, 14.043645340827986, 13.097660297750698, 12.359201017583263, 11.784467770215162, 11.34330556483176, 11.014786257091881, 10.784526789654123, 10.643038501905673, 10.584727660318924, 10.60734066659501, 10.711747905947503, 10.902026723714377, 11.185858574569151, 11.575314454728012, 12.030099137906147, 12.601699577336927, 13.33689308457876, 14.278586197634596, 15.49021091990621, 17.068476151561313, 19.167262981194167, 20.0, 20.0, 20.0, 20.0, 20.0, 20.0]",24.93745447460534,-0.10269531126931497,0.0327,-1.5311,0.7843,0.0333,1.7433,-0.204,-0.0158,-9.8071,15.3,,50.0,,,,0.2891,-0.8288,0.8778,109.23,14.94,1.22388,1.8495,176.18,20.153,1,62.45,53.41,1,3,10,0.7,9.765,0,1.4106,0,0
1790743428.7459285,47.3981484,8.546482,9.496000289916992,-1.8464469909667969,0.1259518414735794,0.0037819575518369675,176.36,-1.7921063100218177,0.11358675542929242,0.0,176.5268361612761,10.554364734057595,19.996960982546764,-1.6653559503481419,-0.16683616127608047,0.2622767801165237,1.8467544322118083,14.0,0.0,0.013082027777395935,"[20.0, 20.0, 20.0, 20.0, 20.0, 20.0, 20.0, 20.0, 20.0, 20.0, 20.0, 20.0, 20.0, 20.0, 20.0, 20.0, 20.0, 20.0, 20.0, 20.0, 20.0, 20.0, 20.0, 20.0, 20.0, 20.0, 20.0, 20.0, 20.0, 20.0, 20.0, 20.0, 20.0, 20.0, 20.0, 20.0, 20.0, 20.0, 20.0, 20.0, 20.0, 20.0, 19.046764820576236, 16.89777119137399, 15.289103384854194, 14.057790051625277, 13.102307563082116, 12.35649915048833, 11.775818140047697, 11.329619530299755, 10.996636022029673, 10.762235344361558, 10.616732312704121, 10.554364734057595, 10.572720488050502, 10.672505923063548, 10.8576131701094, 11.135498572960387, 10.711564558538184, 11.992924152543443, 12.556387487174753, 13.281470585887464, 14.210203424562437, 15.404641793151029, 16.95921845896748, 19.023810241804657, 20.0, 20.0, 20.0, 20.0, 20.0, 20.0]",24.93745447460534,-0.10269531126931497,0.1647,-1.5433,0.6056,-0.224,1.1179,-0.2109,-0.0092,-9.8067,15.3,,50.0,,,,0.3335,-0.9034,0.963,110.27,14.94,1.22388,1.8507,176.1,19.798,1,62.65,53.766,1,3,10,0.7,9.76,0,1.3692,0,0
1790743428.9470615,47.398145199999995,8.5464823,9.496000289916992,-1.8478245735168457,0.12256713956594467,0.0031726735178381205,176.51,-1.7941915610177799,0.10917994685876786,0.0,176.60671903117867,10.526419599765171,19.997811907433668,-1.6645417914002962,-0.09671903117867942,0.30489906225221125,1.8479607446464237,14.0,0.0,0.005100601743938551,"[20.0, 20.0, 20.0, 20.0, 20.0, 20.0, 20.0, 20.0, 20.0, 20.0, 20.0, 20.0, 20.0, 20.0, 20.0, 20.0, 20.0, 20.0, 20.0, 20.0, 20.0, 20.0, 20.0, 20.0, 20.0, 20.0, 20.0, 20.0, 20.0, 20.0, 20.0, 20.0, 20.0, 20.0, 20.0, 20.0, 20.0, 20.0, 20.0, 20.0, 20.0, 20.0, 19.070183972175077, 16.907351469317796, 15.28964930810025, 14.052085035054176, 13.092036713012776, 12.342709594741793, 11.759164221285696, 11.310499953782259, 10.975273065545327, 10.738721030308605, 10.591054447480932, 10.526419599765171, 10.542315581698887, 10.639354014543605, 10.821317322527475, 11.095526128633137, 11.473584073525489, 11.96983663096932, 12.528562169328504, 13.247761904445449, 14.168962895192266, 15.353433499741868, 16.89430835202167, 18.939189321472973, 20.0, 20.0, 20.0, 20.0, 20.0, 20.0]",24.93745447460534,-0.10269531126931497,0.2541,-1.5622,0.3224,-0.1462,0.6075,-0.2108,-0.0094,-9.804,15.3,,50.0,,,,0.292,-0.9495,0.9934,107.1,14.94,1.22388,1.8519,176.21,19.443,1,62.85,54.12,1,3,10,0.7,9.743,0,1.3552,0,0
1790743429.1483777,47.398142,8.5464827,9.497000694274902,-1.8500690460205078,0.11593374609947205,0.002250623656436801,176.57,-1.7938068584953175,0.10722228313831587,0.0,176.68619209251108,10.501892034106579,19.998424573352242,-1.6598464385421257,-0.11619209251108487,0.15572567174962595,1.8500571284635852,14.0,0.0,0.001418610184500739,"[20.0, 20.0, 20.0, 20.0, 20.0, 20.0, 20.0, 20.0, 20.0, 20.0, 20.0, 20.0, 20.0, 20.0, 20.0, 20.0, 20.0, 20.0, 20.0, 20.0, 20.0, 20.0, 20.0, 20.0, 20.0, 20.0, 20.0, 20.0, 20.0, 20.0, 20.0, 20.0, 20.0, 20.0, 20.0, 20.0, 20.0, 20.0, 20.0, 20.0, 20.0, 20.0, 19.055383202714523, 16.88973352666579, 15.270458970557916, 14.031960268991584, 13.071302917098752, 12.321520085813779, 11.737571415130628, 11.288492821958961, 10.952797036006254, 10.71568810185576, 10.567347374211586, 10.501892034106579, 10.516788972729303, 10.61261134716982, 10.793093188257565, 11.065491953210003, 11.441326390933106, 11.937635400581813, 12.516701151433722, 13.233515402332364, 14.151664463864137, 15.33210118591367, 16.867441156219652, 18.90437887471417, 20.0, 20.0, 20.0, 20.0, 20.0, 20.0]",24.93745447460534,-0.10269531126931497,0.2827,-1.5597,-0.0003,0.0453,0.2344,-0.2056,-0.0066,-9.8113,15.3,,50.0,,,,0.2462,-0.985,1.0153,104.04,14.94,1.22388,1.8537,176.41,19.088,1,63.05,54.476,1,3,10,0.7,9.731,0,1.3461,0,0
1790743429.347866,47.3981388,8.546483,9.5,-1.8535597324371338,0.10844532400369644,0.0017506000585854053,176.6,-1.792591967481828,0.10608304747071426,0.0,176.76583700243793,10.480400695279883,19.998865692813613,-1.6516923357257522,-0.16583700243796784,-0.0516405127056166,1.8534273619277075,14.0,0.0,0.003625439893672582,"[20.0, 20.0, 20.0, 20.0, 20.0, 20.0, 20.0, 20.0, 20.0, 20.0, 20.0, 20.0, 20.0, 20.0, 20.0, 20.0, 20.0, 20.0, 20.0, 20.0, 20.0, 20.0, 20.0, 20.0, 20.0, 20.0, 20.0, 20.0, 20.0, 20.0, 20.0, 20.0, 20.0, 20.0, 20.0, 20.0, 20.0, 20.0, 20.0, 20.0, 20.0, 20.0, 19.03120996215084, 16.866058090047, 15.247423916077814, 14.00954974048346, 13.049435106259734, 12.300086007281573, 11.716451270990028, 11.267562369755248, 10.931929210292118, 10.694752188729401, 10.546206728695475, 10.480400695279883, 10.494787176010975, 10.589919676920434, 10.769504856516022, 11.040762350521685, 11.415158530930837, 11.100552197125504, 12.512549788859031, 13.2282752149783, 14.145031836191047, 15.32362404750052, 16.856422257921228, 18.889690481569456, 20.0, 20.0, 20.0, 20.0, 20.0, 20.0]",24.93745447460534,-0.10269531126931497,0.2638,-1.529,-0.2499,0.1601,0.0869,-0.1984,-0.0132,-9.8051,15.3,,50.0,,,,0.1827,-1.0052,1.0217,100.3,14.94,1.22388,1.8567,176.65,18.73,1,63.25,54.834,1,3,10,0.7,9.778,0,1.3459,0,0
1790743429.5496335,47.398135599999996,8.546483199999999,9.503000259399414,-1.8560688495635986,0.10122446715831757,0.0012913807295262814,176.61,-1.7908238713952718,0.1054898640796509,0.0,176.84554130130437,10.461535026395754,19.999183298825802,-1.6406364056867069,-0.23554130130432327,-0.26835127028837114,1.8558402609685072,14.0,0.0,0.005067738230911873,"[20.0, 20.0, 20.0, 20.0, 20.0, 20.0, 20.0, 20.0, 20.0, 20.0, 20.0, 20.0, 20.0, 20.0, 20.0, 20.0, 20.0, 20.0, 20.0, 20.0, 20.0, 20.0, 20.0, 20.0, 20.0, 20.0, 20.0, 20.0, 20.0, 20.0, 20.0, 20.0, 20.0, 20.0, 20.0, 20.0, 20.0, 20.0, 20.0, 20.0, 20.0, 20.0, 19.0018891190177, 16.839323699887487, 15.222712530265396, 13.98643041201726, 13.027570068060985, 12.279203343008307, 11.696325836673314, 11.248002171330945, 10.912765347351135, 10.67583110043664, 10.527383872807881, 10.461535026395754, 10.475735913989558, 10.570532897472637, 10.749619400638275, 11.020194425926247, 11.393694129880211, 11.88704080708711, 12.514217040046034, 13.229754240812547, 14.146270567501235, 15.324535834568897, 16.85686139587928, 18.889403734167317, 20.0, 20.0, 20.0, 20.0, 20.0, 20.0]",24.93745447460534,-0.10269531126931497,0.2137,-1.4698,-0.3234,0.2541,0.0917,-0.2183,-0.0009,-9.7949,15.3,,50.0,,,,0.0541,-0.9395,0.9411,93.3,14.94,1.22388,1.8588,176.88,18.369,1,63.45,55.195,1,3,10,0.7,9.799,0,1.3883,0,0
1790743429.7490306,47.3981323,8.5464834,9.508000373840332,-1.8564770221710205,0.09509103000164032,0.001260182703845203,176.65,-1.7898796154661147,0.10408096664494246,0.0,176.92518759471568,10.445031373230588,19.999411975154576,-1.6273637140766293,-0.2751875947156748,-0.4178024280216643,1.8561692737215205,14.0,0.0,0.0028855739685765707,"[20.0, 20.0, 20.0, 20.0, 20.0, 20.0, 20.0, 20.0, 20.0, 20.0, 20.0, 20.0, 20.0, 20.0, 20.0, 20.0, 20.0, 20.0, 20.0, 20.0, 20.0, 20.0, 20.0, 20.0, 20.0, 20.0, 20.0, 20.0, 20.0, 20.0, 20.0, 20.0, 20.0, 20.0, 20.0, 20.0, 20.0, 20.0, 20.0, 20.0, 20.0, 20.0, 18.991655786333855, 16.827255973358817, 15.209632111414244, 13.972755808492925, 13.01351280773186, 12.264861387305103, 11.681730777431977, 11.233143992487546, 10.897605533843295, 10.660309265676414, 10.51142046623946, 10.445031373230588, 10.458572114038493, 10.552563638741338, 10.730667349987682, 11.000040419719477, 11.372062770389418, 11.86357907582233, 12.498924256240675, 13.229093233692081, 14.144193658212288, 15.320567056625245, 16.850243283543808, 18.878877308265068, 20.0, 20.0, 20.0, 20.0, 20.0, 20.0]",24.93745447460534,-0.10269531126931497,0.1639,-1.4231,-0.2573,0.1867,0.2867,-0.2097,-0.0109,-9.801,15.3,,50.0,,,,0.0313,-0.9712,0.9717,91.84,14.94,1.22388,1.8589,177.07,18.009,1,63.65,55.555,1,3,10,0.7,9.769,0,1.3731,0,0
1790743429.950536,47.3981291,8.5464836,9.511000633239746,-1.8559694290161133,0.08842933923006058,0.0016366052441298962,176.71,-1.7895439259028063,0.10213790885930867,0.0,177.0024634945413,10.432794335595577,19.999576622111295,-1.6098917680178473,-0.2924634945412663,-0.562153794087849,1.8556124549387962,14.0,0.0,0.0012507486039866353,"[20.0, 20.0, 20.0, 20.0, 20.0, 20.0, 20.0, 20.0, 20.0, 20.0, 20.0, 20.0, 20.0, 20.0, 20.0, 20.0, 20.0, 20.0, 20.0, 20.0, 20.0, 20.0, 20.0, 20.0, 20.0, 20.0, 20.0, 20.0, 20.0, 20.0, 20.0, 20.0, 20.0, 20.0, 20.0, 20.0, 20.0, 20.0, 20.0, 20.0, 20.0, 20.0, 18.999064505640696, 16.829310112966134, 15.208225527178284, 13.968975252317389, 13.00800954388893, 12.25803533027456, 11.673827970693862, 11.224310810169849, 10.887919793019435, 10.649798232142377, 10.500070904298115, 10.432794335595577, 10.445363814550445, 10.538262906423123, 10.715109519016346, 10.983006863681464, 11.353264446982521, 11.842631136646323, 11.615242843911826, 13.230325747871401, 14.143459074263337, 15.317197677064515, 16.84316650005768, 18.86629659017788, 20.0, 20.0, 20.0, 20.0, 20.0, 20.0]",24.93745447460534,-0.10269531126931497,0.1028,-1.3861,-0.2479,0.0691,0.451,-0.2156,-0.0072,-9.7973,15.3,,50.0,,,,-0.0318,-1.0425,1.043,88.25,14.94,1.22388,1.8581,177.27,17.647,1,63.85,55.917,1,3,10,0.7,9.783,0,1.3366,0,0
1790743430.1507092,47.398125799999995,8.5464837,9.51200008392334,-1.8556917905807495,0.08285506069660187,0.0017686288338154554,176.79,-1.7897753857529102,0.0996530182055191,0.0,177.07893745507454,10.423180862154673,19.999695167920134,-1.5897375325382828,-0.2889374550745174,-0.6534900972988609,1.8552992294573443,14.0,0.0,0.0002556243149970103,"[20.0, 20.0, 20.0, 20.0, 20.0, 20.0, 20.0, 20.0, 20.0, 20.0, 20.0, 20.0, 20.0, 20.0, 20.0, 20.0, 20.0, 20.0, 20.0, 20.0, 20.0, 20.0, 20.0, 20.0, 20.0, 20.0, 20.0, 20.0, 20.0, 20.0, 20.0, 20.0, 20.0, 20.0, 20.0, 20.0, 20.0, 20.0, 20.0, 20.0, 20.0, 20.0, 19.02121331967325, 16.842890129525124, 15.216131614371365, 13.97291033303262, 13.009025356785447, 12.256803249998024, 11.670784107916178, 11.219737851145519, 10.88199485350315, 10.642621323746022, 10.491681628345102, 10.423180862154673, 10.434466246977408, 10.525971927854004, 10.701260328207024, 10.967367553691819, 11.3355169055446, 11.822340902827811, 12.451875187033261, 13.231565181549996, 14.14205290157858, 15.312251886407948, 16.833247792070033, 18.849009037831042, 20.0, 20.0, 20.0, 20.0, 20.0, 20.0]",24.93745447460534,-0.10269531126931497,0.0462,-1.3585,-0.3123,0.2203,0.5563,-0.2233,-0.0112,-9.7971,15.3,,50.0,,,,-0.2735,-0.9628,1.0009,74.14,14.94,1.22388,1.8575,177.44,17.284,1,64.05,56.28,1,3,10,0.7,9.74,0,1.3571,0,0
1790743430.351884,47.3981225,8.5464839,9.515000343322754,-1.8559855222702026,0.08125469088554382,0.0013629215536639094,176.9,-1.7907196871724278,0.09633118475819931,0.0,177.1594999835632,10.412006780268866,19.999780520902497,-1.5711290902828479,-0.25949998356318815,-0.5932024921502979,1.85553184185624,14.0,0.0,0.0021323247965800325,"[20.0, 20.0, 20.0, 20.0, 20.0, 20.0, 20.0, 20.0, 20.0, 20.0, 20.0, 20.0, 20.0, 20.0, 20.0, 20.0, 20.0, 20.0, 20.0, 20.0, 20.0, 20.0, 20.0, 20.0, 20.0, 20.0, 20.0, 20.0, 20.0, 20.0, 20.0, 20.0, 20.0, 20.0, 20.0, 20.0, 20.0, 20.0, 20.0, 20.0, 20.0, 20.0, 20.0, 16.864955254916154, 15.230033444527022, 13.981084234981052, 13.012982448124266, 12.257514092121951, 11.668884561200196, 11.21564541286014, 10.875976886528212, 10.634835840413219, 10.482201425679634, 10.412006780268866, 10.421532562772214, 10.511145207305807, 10.684331825967197, 10.948038079396877, 11.3133716218059, 11.796809309193325, 12.422167749705094, 13.22381408186714, 14.132441756636442, 15.297157594006121, 16.810524050286087, 18.815121389845856, 20.0, 20.0, 20.0, 20.0, 20.0, 20.0]",24.93745447460534,-0.10269531126931497,0.0113,-1.3321,-0.0016,0.1699,0.5757,-0.2154,-0.0116,-9.7967,15.3,,50.0,,,,-0.1714,-0.8817,0.8983,79.0,14.94,1.22388,1.8578,177.49,16.918,1,64.26,56.646,1,3,10,0.7,9.754,0,1.4086,0,0
1790743430.5528603,47.3981192,8.546484099999999,9.517000198364258,-1.854645848274231,0.08123570680618286,0.0010525063844397664,177.01,-1.7915376942938614,0.09298822885881024,0.0,177.24472299397303,10.39862332332487,19.999841975049797,-1.5547865125700073,-0.23472299397300844,-0.48197941312668113,1.8541080615375631,14.0,0.0,0.0017964020084545048,"[20.0, 20.0, 20.0, 20.0, 20.0, 20.0, 20.0, 20.0, 20.0, 20.0, 20.0, 20.0, 20.0, 20.0, 20.0, 20.0, 20.0, 20.0, 20.0, 20.0, 20.0, 20.0, 20.0, 20.0, 20.0, 20.0, 20.0, 20.0, 20.0, 20.0, 20.0, 20.0, 20.0, 20.0, 20.0, 20.0, 20.0, 20.0, 20.0, 20.0, 20.0, 20.0, 20.0, 16.883543795909294, 15.240756346954615, 13.986316615493704, 13.014187646600751, 12.255624384388181, 11.664504572880091, 11.209166597534109, 10.867644355479884, 10.62478808137548, 10.47049360498909, 10.39862332332487, 10.406391966704438, 10.494098362994912, 10.665153898756166, 10.926412830905724, 11.288865599752068, 11.768831118005844, 12.389903817230465, 12.248371782275656, 14.11997895326408, 15.279001705130822, 16.78447679935636, 18.77758398513806, 20.0, 20.0, 20.0, 20.0, 20.0, 20.0]",24.93745447460534,-0.10269531126931497,0.0206,-1.3115,0.0422,0.0864,0.5534,-0.2173,-0.0105,-9.7979,15.3,,50.0,,,,-0.3451,-0.876,0.9416,68.5,14.94,1.22388,1.8564,177.49,16.552,1,64.46,57.012,1,3,10,0.7,9.721,0,1.3856,0,0
1790743430.7531054,47.398115999999995,8.5464843,9.519000053405762,-1.851724624633789,0.08060935139656067,0.0005838103825226426,177.11,-1.7920099684454147,0.08990749464944031,0.0,177.33254603267267,10.384730385060612,19.999886222035855,-1.539053445291274,-0.22254603267265338,-0.397371551892057,1.8510993217650131,14.0,0.0,0.0008873073991534538,"[20.0, 20.0, 20.0, 20.0, 20.0, 20.0, 20.0, 20.0, 20.0, 20.0, 20.0, 20.0, 20.0, 20.0, 20.0, 20.0, 20.0, 20.0, 20.0, 20.0, 20.0, 20.0, 20.0, 20.0, 20.0, 20.0, 20.0, 20.0, 20.0, 20.0, 20.0, 20.0, 20.0, 20.0, 20.0, 20.0, 20.0, 20.0, 20.0, 20.0, 20.0, 20.0, 20.0, 16.897715736744, 15.248010593849752, 13.988765931721192, 13.01312521713303, 12.251867855299883, 11.658579174957978, 11.201407811601273, 10.858257595184124, 10.613883979649252, 10.45810855345623, 10.384730385060612, 10.390904804139815, 10.47686930752833, 10.645966177936657, 10.904965910866428, 11.264751278089797, 11.741495989696183, 12.358590287110482, 12.52802420489209, 14.10889369012514, 15.26278334174282, 16.7611489883404, 18.743913874178798, 20.0, 20.0, 20.0, 20.0, 20.0, 20.0]",24.93745447460534,-0.10269531126931497,0.041,-1.3093,0.0757,-0.0702,0.5139,-0.2186,-0.0019,-9.7926,15.3,,50.0,,,,-0.422,-0.8898,0.9848,64.63,14.94,1.22388,1.8535,177.51,16.188,1,64.66,57.376,1,3,10,0.7,9.688,0,1.3611,0,0
1790743430.954127,47.3981127,8.5464845,9.520000457763672,-1.8494048118591309,0.07944228500127792,0.0009960103780031204,177.19,-1.7918423288816328,0.0873626220387764,0.0,177.42389208991455,10.370121245641304,19.999918079865814,-1.5238409487094469,-0.2338920899145478,-0.3503377705599239,1.8486883277074884,14.0,0.0,0.0008235062285303324,"[20.0, 20.0, 20.0, 20.0, 20.0, 20.0, 20.0, 20.0, 20.0, 20.0, 20.0, 20.0, 20.0, 20.0, 20.0, 20.0, 20.0, 20.0, 20.0, 20.0, 20.0, 20.0, 20.0, 20.0, 20.0, 20.0, 20.0, 20.0, 20.0, 20.0, 20.0, 20.0, 20.0, 20.0, 20.0, 20.0, 20.0, 20.0, 20.0, 20.0, 20.0, 20.0, 20.0, 16.90340468590154, 15.248696635331456, 13.986019318118366, 13.007891128214894, 12.244731674463308, 11.649906586012513, 11.191422670584549, 10.847086736952503, 10.60158333781057, 10.444678009392247, 10.370121245641304, 10.375021886148293, 10.459568428389257, 10.62704697928892, 10.884159096335896, 11.241698276312812, 11.715717414609287, 12.32943675544828, 13.11635059526193, 14.101218819780977, 15.251114484950994, 16.74394499479308, 18.718649778529468, 20.0, 20.0, 20.0, 20.0, 20.0, 20.0]",24.93745447460534,-0.10269531126931497,0.0571,-1.3137,0.0211,-0.0219,0.4404,-0.2194,-0.0154,-9.8053,15.3,,50.0,,,,-0.3207,-0.8212,0.8816,68.67,14.94,1.22388,1.8511,177.54,15.823,1,64.86,57.741,1,3,10,0.7,9.682,0,1.4103,0,0
1790743431.1550708,47.398109399999996,8.546484699999999,9.519000053405762,-1.8492357730865479,0.07793904095888138,0.00130366999655962,177.27,-1.7915828961999765,0.08480563228646057,0.0,177.51866646503208,10.355366603405452,19.999941017503385,-1.5086000991214592,-0.24866646503210177,-0.3166047689717273,1.8484259706768367,14.0,0.0,0.00107217306341322,"[20.0, 20.0, 20.0, 20.0, 20.0, 20.0, 20.0, 20.0, 20.0, 20.0, 20.0, 20.0, 20.0, 20.0, 20.0, 20.0, 20.0, 20.0, 20.0, 20.0, 20.0, 20.0, 20.0, 20.0, 20.0, 20.0, 20.0, 20.0, 20.0, 20.0, 20.0, 20.0, 20.0, 20.0, 20.0, 20.0, 20.0, 20.0, 20.0, 20.0, 20.0, 20.0, 20.0, 16.908879107044843, 15.249172780117224, 13.983071374636086, 13.002465199079557, 12.237412834507902, 11.64105973275241, 11.181270726667043, 10.835755603898672, 10.589128081322405, 10.43109773783124, 10.355366603405452, 10.358997151926939, 10.442129026011274, 10.607992335559075, 10.863219937723624, 11.21851639246017, 11.689814290455741, 12.300164687309142, 13.082814760722698, 14.086322079767669, 15.239470316141418, 16.726789083635943, 18.693475231046804, 20.0, 20.0, 20.0, 20.0, 20.0, 20.0]",24.93745447460534,-0.10269531126931497,0.0698,-1.3039,0.0766,0.0928,0.3983,-0.2242,-0.0069,-9.7995,15.3,,50.0,,,,-0.3886,-0.8037,0.8928,64.19,14.94,1.22388,1.8509,177.59,15.455,1,65.06,58.109,1,3,10,0.7,9.735,0,1.4045,0,0
1790743431.3563979,47.3981061,8.5464849,9.518000602722168,-1.8488510847091675,0.07472047954797745,0.0011862543178722262,177.35,-1.7913180027341649,0.0822493045655525,0.0,177.61350676841596,10.342518472849239,19.999957532602437,-1.4914307699245175,-0.2635067684159935,-0.33567648482410933,1.8479732136662064,14.0,0.0,0.0010762598663944794,"[20.0, 20.0, 20.0, 20.0, 20.0, 20.0, 20.0, 20.0, 20.0, 20.0, 20.0, 20.0, 20.0, 20.0, 20.0, 20.0, 20.0, 20.0, 20.0, 20.0, 20.0, 20.0, 20.0, 20.0, 20.0, 20.0, 20.0, 20.0, 20.0, 20.0, 20.0, 20.0, 20.0, 20.0, 20.0, 20.0, 20.0, 20.0, 20.0, 20.0, 20.0, 20.0, 20.0, 16.9174945187735, 15.25246437299161, 13.982695679044632, 12.999426059172434, 12.232337885376076, 11.634346616579034, 11.173168562420404, 10.82641205027875, 10.578616962057586, 10.419434963262285, 10.342518472849239, 10.344883132685416, 10.426619894194866, 10.590903679768058, 10.844300187042899, 11.197427483922366, 11.666101503331886, 12.273209458913575, 13.051759294088681, 13.113605424039415, 15.230564537572704, 16.71265888858485, 18.67171662020375, 20.0, 20.0, 20.0, 20.0, 20.0, 20.0]",24.93745447460534,-0.10269531126931497,0.0689,-1.2823,-0.1262,0.1179,0.4506,-0.2098,-0.0117,-9.814,15.3,,50.0,,,,-0.4609,-0.8585,0.9744,61.77,14.94,1.22388,1.8504,177.69,15.087,1,65.26,58.477,1,3,10,0.7,9.696,0,1.3632,0,0
1790743431.556841,47.3981028,8.546484999999999,9.517000198364258,-1.8483787775039673,0.07214075326919556,0.0009896851843222976,177.44,-1.7912565307863502,0.07940869136087786,0.0,177.7108333172469,10.329979517389479,19.999969423473754,-1.4740512483299508,-0.27083331724691107,-0.32492572516441737,1.8474268984378936,14.0,0.0,0.0005308157424302228,"[20.0, 20.0, 20.0, 20.0, 20.0, 20.0, 20.0, 20.0, 20.0, 20.0, 20.0, 20.0, 20.0, 20.0, 20.0, 20.0, 20.0, 20.0, 20.0, 20.0, 20.0, 20.0, 20.0, 20.0, 20.0, 20.0, 20.0, 20.0, 20.0, 20.0, 20.0, 20.0, 20.0, 20.0, 20.0, 20.0, 20.0, 20.0, 20.0, 20.0, 20.0, 20.0, 20.0, 16.93036601040242, 15.259011007306567, 13.984867075153376, 12.9984114148735, 12.228887164187563, 11.628940764464112, 11.166114616703297, 10.817898299952683, 10.568745528505735, 10.40824079414581, 10.329979517389479, 10.33092416798014, 10.411111079563902, 10.573653909748586, 10.825044371964978, 11.175805728206942, 11.641626405585447, 12.24521478378846, 13.019317785201483, 14.0117320548901, 15.21942780993264, 16.695559195730326, 18.645934029933006, 20.0, 20.0, 20.0, 20.0, 20.0, 20.0]",24.93745447460534,-0.10269531126931497,0.0571,-1.2593,-0.0992,0.0911,0.4754,-0.2119,-0.0042,-9.8054,15.3,,50.0,,,,-0.415,-0.8325,0.9302,63.5,14.94,1.22388,1.8498,177.76,14.72,1,65.46,58.845,1,3,10,0.7,9.752,0,1.3847,0,0
1790743431.7587526,47.3980994,8.5464852,9.518000602722168,-1.8482097387313843,0.0715714767575264,0.0009325434803031385,177.54,-1.7912841720582915,0.07626709260521285,0.0,177.81503912718085,10.314815117816295,19.999977984901104,-1.4587048273531031,-0.2750391271808894,-0.24234284037108703,1.8471438028847595,14.0,0.0,0.00030460549886429785,"[20.0, 20.0, 20.0, 20.0, 20.0, 20.0, 20.0, 20.0, 20.0, 20.0, 20.0, 20.0, 20.0, 20.0, 20.0, 20.0, 20.0, 20.0, 20.0, 20.0, 20.0, 20.0, 20.0, 20.0, 20.0, 20.0, 20.0, 20.0, 20.0, 20.0, 20.0, 20.0, 20.0, 20.0, 20.0, 20.0, 20.0, 20.0, 20.0, 20.0, 20.0, 20.0, 20.0, 19.898512595471356, 15.265421344220874, 13.986471610771469, 12.996523428078252, 12.22433222193136, 11.622246296148646, 11.157615632402731, 10.807798587166298, 10.55715372535041, 10.395191366668284, 10.315443950667417, 10.314815117816295, 10.393280681634183, 10.553886325411199, 10.803041606526794, 11.151164476062279, 11.61380174887818, 12.213463292021862, 12.982606528126723, 13.96858820144757, 15.202937954529709, 16.6720752076801, 18.612330482566726, 20.0, 20.0, 20.0, 20.0, 20.0, 20.0]",24.93745447460534,-0.10269531126931497,0.058,-1.2356,0.1415,0.1459,0.479,-0.2182,-0.0194,-9.796,15.3,,50.0,,,,-0.3144,-0.8113,0.8701,68.82,14.94,1.22388,1.8496,177.78,14.351,1,65.66,59.213,1,3,10,0.7,9.808,0,1.4146,0,0
1790743431.9587493,47.3980961,8.5464855,9.520000457763672,-1.8475338220596313,0.0718025267124176,0.0006796650704927742,177.65,-1.7914117115953956,0.07282578534755642,0.0,177.92564445870005,10.297323985089465,19.855378717500145,-1.4445967516397302,-0.2756444587000715,-0.1243777680887193,1.8463258768292687,14.0,0.0,4.3898995259889116e-05,"[20.0, 20.0, 20.0, 20.0, 20.0, 20.0, 20.0, 20.0, 20.0, 20.0, 20.0, 20.0, 20.0, 20.0, 20.0, 20.0, 20.0, 20.0, 20.0, 20.0, 20.0, 20.0, 20.0, 20.0, 20.0, 20.0, 20.0, 20.0, 20.0, 20.0, 20.0, 20.0, 20.0, 20.0, 20.0, 20.0, 19.886345309823653, 19.855378717500145, 20.0, 20.0, 20.0, 20.0, 20.0, 19.565140353436966, 15.272836273320802, 13.98854960910756, 12.99472603113549, 12.219578284251416, 11.615123254370502, 11.148497235386522, 10.796913025651481, 10.544623804322173, 10.381057902072634, 10.299678311892126, 10.297323985089465, 10.37390436767794, 10.532390776814394, 10.779103056035899, 11.12434431993461, 11.58350712935585, 12.178885310330127, 12.942621480726899, 13.92159443273077, 15.182233868507115, 16.643469176046313, 18.572336323929267, 20.0, 20.0, 20.0, 20.0, 20.0, 20.0]",24.93745447460534,-0.10269531126931497,0.0786,-1.2156,0.1567,0.1179,0.5883,-0.219,-0.0083,-9.7934,15.3,,50.0,,,,-0.2791,-0.7601,0.8097,69.84,14.94,1.22388,1.8489,177.77,13.981,1,65.86,59.583,1,3,10,0.7,9.747,0,1.4441,0,0
1790743432.159954,47.3980928,8.5464857,9.521000862121582,-1.8482073545455933,0.07346488535404205,0.0007736759725958109,177.77,-1.7915386102847373,0.06907075669533123,0.0,178.04648716635188,10.277014788959475,19.429314639252937,-1.433057157330792,-0.276487166351842,0.046266835682365955,1.8468028243158459,14.0,0.0,6.10619883364034e-05,"[20.0, 20.0, 20.0, 20.0, 20.0, 20.0, 20.0, 20.0, 20.0, 20.0, 20.0, 20.0, 20.0, 20.0, 20.0, 20.0, 20.0, 20.0, 20.0, 20.0, 20.0, 20.0, 20.0, 20.0, 20.0, 20.0, 20.0, 20.0, 20.0, 20.0, 20.0, 20.0, 20.0, 20.0, 20.0, 20.0, 19.548325947925203, 19.429314639252937, 20.0, 20.0, 20.0, 20.0, 20.0, 19.267558614538068, 15.279130683824537, 13.989149134340025, 12.99120291582413, 12.212915808111186, 11.605946007696124, 11.137199071725773, 10.78373088772997, 10.52968110878161, 10.3643896919355, 10.281244627587817, 10.277014788959475, 10.351537481594974, 10.507702949349445, 10.751733031637658, 11.093805265575023, 11.549143502965721, 12.13980540546568, 12.89758981773841, 13.868854350361508, 14.112265880603204, 16.607736979469227, 18.52373843785142, 20.0, 20.0, 20.0, 20.0, 20.0, 20.0]",24.93745447460534,-0.10269531126931497,0.1116,-1.1891,0.275,0.2145,0.5133,-0.2189,-0.003,-9.803,15.3,,50.0,,,,-0.1314,-0.6645,0.6774,78.81,14.94,1.22388,1.8497,177.72,13.608,1,66.06,59.956,1,3,10,0.7,9.718,0,1.511,0,0
1790743432.3608437,47.398089399999996,8.546486,9.521000862121582,-1.8489073514938354,0.0744830071926117,0.0011077738599851727,177.89000000000001,-1.7914459288724265,0.06528721173454419,0.0,178.1755489120494,10.255482825653113,19.009753184529284,-1.422627844567559,-0.2855489120493644,0.19690609313287685,1.8472869663850875,14.0,0.0,0.000656400725756115,"[20.0, 20.0, 20.0, 20.0, 20.0, 20.0, 20.0, 20.0, 20.0, 20.0, 20.0, 20.0, 20.0, 20.0, 20.0, 20.0, 20.0, 20.0, 20.0, 20.0, 20.0, 20.0, 20.0, 20.0, 20.0, 20.0, 20.0, 20.0, 20.0, 20.0, 20.0, 20.0, 20.0, 20.0, 20.0, 20.0, 19.208381887471894, 19.009753184529284, 20.0, 20.0, 20.0, 20.0, 20.0, 19.007988178738852, 15.283626996357915, 13.988078662332505, 12.986115810571425, 12.204776218463683, 11.595362229435612, 11.12455104601443, 10.769243539929475, 10.51346729784897, 10.346474994145156, 10.261580398385117, 10.255482825653113, 10.327947734982073, 10.481784392145514, 10.723116552368566, 11.061995947460792, 11.513477391026237, 12.099382045869644, 12.851164856852684, 13.814662821793677, 15.05823502125424, 16.570495701004976, 18.473545421720885, 20.0, 20.0, 20.0, 20.0, 20.0, 20.0]",24.93745447460534,-0.10269531126931497,0.1576,-1.1571,0.2989,0.1648,0.5312,-0.2182,-0.0088,-9.8043,15.3,,50.0,,,,-0.1787,-0.6143,0.6398,73.78,14.94,1.22388,1.8504,177.69,13.234,1,66.26,60.331,1,3,10,0.7,9.72,0,1.5305,0,0
1790743432.5621245,47.3980858,8.5464863,9.517000198364258,-1.846935749053955,0.07465825229883194,0.001820227364078164,178.03,-1.7913885664658986,0.06119599995835474,0.0,178.31334400668345,10.232420013181947,18.597401648565057,-1.4138592418215814,-0.2933440066834123,0.3347936676076744,1.8450827531714347,14.0,0.0,0.0005645590664543947,"[20.0, 20.0, 20.0, 20.0, 20.0, 20.0, 20.0, 20.0, 20.0, 20.0, 20.0, 20.0, 20.0, 20.0, 20.0, 20.0, 20.0, 20.0, 20.0, 20.0, 20.0, 20.0, 20.0, 20.0, 20.0, 20.0, 20.0, 20.0, 20.0, 20.0, 20.0, 20.0, 20.0, 20.0, 20.0, 20.0, 18.873174484439005, 18.597401648565057, 20.0, 20.0, 20.0, 20.0, 20.0, 18.79345669994156, 15.288909666051472, 13.987269323339948, 12.980915537101914, 12.196242996252407, 11.584164006951244, 11.111105789776268, 10.753799759471946, 10.496151215144245, 10.327317807061908, 10.240532728379263, 10.232420013181947, 10.30266759506026, 10.453997584590626, 10.69242838360238, 11.027876802735097, 11.475216587292307, 12.056015828586938, 12.80136182633922, 13.756535576264758, 14.98901668446978, 16.527784643353172, 18.416632173486622, 20.0, 20.0, 20.0, 20.0, 20.0, 20.0]",24.93745447460534,-0.10269531126931497,0.1981,-1.1347,0.2289,0.1452,0.5507,-0.2219,-0.0067,-9.8085,15.3,,50.0,,,,-0.1175,-0.544,0.5566,77.81,14.94,1.22388,1.8484,177.69,12.861,1,66.47,60.704,1,3,10,0.7,9.672,0,1.5702,0,0
1790743432.76187,47.3980825,8.5464866,9.51200008392334,-1.8433266878128052,0.0720328614115715,0.0021356437355279922,178.14000000000001,-1.7907225493573462,0.05765578802995789,0.0,178.45359942594456,10.211160875402559,18.195442132629452,-1.4036216682424665,-0.3235994259445647,0.36784534536293134,1.8412953662371123,14.0,0.0,0.0021989251470898165,"[20.0, 20.0, 20.0, 20.0, 20.0, 20.0, 20.0, 20.0, 20.0, 20.0, 20.0, 20.0, 20.0, 20.0, 20.0, 20.0, 20.0, 20.0, 20.0, 20.0, 20.0, 20.0, 20.0, 20.0, 20.0, 20.0, 20.0, 20.0, 20.0, 20.0, 20.0, 20.0, 20.0, 20.0, 20.0, 20.0, 18.53507457494004, 18.195442132629452, 20.0, 20.0, 20.0, 20.0, 20.0, 18.63060785402277, 18.542706859875942, 13.984188908376659, 12.974280777820185, 12.186917532443214, 11.572687185775465, 11.097809770820707, 10.73887654797264, 10.479691718695026, 10.30933423339141, 10.220970269842171, 10.211160875402559, 10.279528700913254, 10.428722057864405, 10.664669789707222, 10.997173759149335, 11.440953324815608, 12.017360857408303, 12.757170603287786, 13.705190895497614, 14.928155281506436, 16.494157962738857, 18.371356277966978, 20.0, 20.0, 20.0, 20.0, 20.0, 20.0]",24.93745447460534,-0.10269531126931497,0.2313,-1.1376,0.0767,0.0206,0.5866,-0.2095,-0.0027,-9.8089,15.3,,50.0,,,,-0.0324,-0.5286,0.5296,86.49,14.94,1.22388,1.8447,177.76,12.49,1,66.67,61.074,1,3,10,0.7,9.69,0,1.5799,0,0
1790743432.9623454,47.3980791,8.5464868,9.507000923156738,-1.839907169342041,0.06758873909711838,0.0017189269419759512,178.25,-1.7900122864177959,0.054113736661281664,0.0,178.59527867806804,10.192037294556409,17.798445678973845,-1.3914001762155372,-0.35527867806803215,0.3438066641804331,1.8377495135849407,14.0,0.0,0.002298978909476745,"[20.0, 20.0, 20.0, 20.0, 20.0, 20.0, 20.0, 20.0, 20.0, 20.0, 20.0, 20.0, 20.0, 20.0, 20.0, 20.0, 20.0, 20.0, 20.0, 20.0, 20.0, 20.0, 20.0, 20.0, 20.0, 20.0, 20.0, 20.0, 20.0, 20.0, 20.0, 20.0, 20.0, 20.0, 20.0, 20.0, 18.20152047234027, 17.798445678973845, 20.0, 20.0, 20.0, 20.0, 20.0, 18.542569457172714, 18.132710255875857, 13.984023836014583, 12.970340299936712, 12.180117608509132, 11.563606701548654, 11.086812068227681, 10.726179234649154, 10.465407573929035, 10.293494916605338, 10.203539002300436, 10.192037294556409, 10.258547319315806, 10.405644515371094, 10.639169962806701, 10.96881344770305, 11.40914425245287, 11.981305387469522, 12.715767493523126, 13.656880598403156, 14.870654822577611, 15.261670967933556, 18.329760484576806, 20.0, 20.0, 20.0, 20.0, 20.0, 20.0]",24.93745447460534,-0.10269531126931497,0.2374,-1.1447,-0.0225,-0.0374,0.6422,-0.2074,-0.005,-9.8092,15.3,,50.0,,,,0.1046,-0.4809,0.4921,102.27,14.94,1.22388,1.8411,177.9,12.12,1,66.87,61.444,1,3,10,0.7,9.725,0,1.5951,0,0
1790743433.1626756,47.3980758,8.546486999999999,9.505000114440918,-1.8371059894561768,0.06352855265140533,0.0006090789684094489,178.38,-1.789748640216795,0.050004546711629426,0.0,178.74006045900848,10.174302036179082,17.402987910019622,-1.3777500253111565,-0.37006045900847084,0.35054336475605224,1.8348221168906902,14.0,0.0,0.0010709898608485618,"[20.0, 20.0, 20.0, 20.0, 20.0, 20.0, 20.0, 20.0, 20.0, 20.0, 20.0, 20.0, 20.0, 20.0, 20.0, 20.0, 20.0, 20.0, 20.0, 20.0, 20.0, 20.0, 20.0, 20.0, 20.0, 20.0, 20.0, 20.0, 20.0, 20.0, 20.0, 20.0, 20.0, 20.0, 20.0, 20.0, 17.880010229828926, 17.402987910019622, 20.0, 20.0, 20.0, 20.0, 20.0, 18.606836976201443, 17.77700249430342, 13.99051424025327, 12.971867403773649, 12.177879213043106, 11.55837494901855, 11.079086223196681, 10.716274036541899, 10.45350553197378, 10.27967715577629, 10.187802409282442, 10.174302036179082, 10.238656632813377, 10.383357164695777, 10.61414442552527, 10.940581344115962, 11.37706826600844, 11.944513144950381, 12.673045994409136, 13.606502415987931, 14.81007961248348, 15.477422824987986, 18.282302926849432, 20.0, 20.0, 20.0, 20.0, 20.0, 20.0]",24.93745447460534,-0.10269531126931497,0.2317,-1.1488,0.0139,-0.0714,0.6785,-0.2224,-0.0046,-9.8052,15.3,,50.0,,,,0.0984,-0.4129,0.4245,103.4,14.94,1.22388,1.8382,178.02,11.751,1,67.07,61.813,1,3,10,0.7,9.777,0,1.626,0,0
1790743433.3637557,47.3980725,8.546487299999999,9.507000923156738,-1.835788607597351,0.0603364072740078,-0.0002073929936159402,178.52,-1.789805228627332,0.045310504794148804,0.0,178.8926990281235,10.156418560982203,17.00842475666692,-1.3640689870536966,-0.37269902812346345,0.40244849900484525,1.8333474730797032,14.0,0.0,0.00019055574807668935,"[20.0, 20.0, 20.0, 20.0, 20.0, 20.0, 20.0, 20.0, 20.0, 20.0, 20.0, 20.0, 20.0, 20.0, 20.0, 20.0, 20.0, 20.0, 20.0, 20.0, 20.0, 20.0, 20.0, 20.0, 20.0, 20.0, 20.0, 20.0, 20.0, 20.0, 20.0, 20.0, 20.0, 20.0, 20.0, 20.0, 17.56901316842643, 17.00842475666692, 20.0, 20.0, 20.0, 20.0, 20.0, 20.0, 17.46918159792884, 14.001591092049354, 12.976929506655978, 12.178378694679294, 11.555254795437985, 11.07296298243335, 10.707543704369058, 10.442406464736937, 10.26632745098099, 10.172221026413148, 10.156418560982203, 10.218312018000484, 10.360296017513948, 10.587997879180875, 10.910837785593309, 11.343026646091058, 11.905209360295016, 12.627135140424851, 13.552064783416892, 14.744287418531004, 16.302552351862666, 18.22674098373491, 20.0, 20.0, 20.0, 20.0, 20.0, 20.0]",24.93745447460534,-0.10269531126931497,0.2322,-1.1444,0.0807,-0.007,0.7335,-0.22,-0.0007,-9.7968,15.3,,50.0,,,,0.2164,-0.2756,0.3504,128.13,14.94,1.22388,1.8368,178.12,11.38,1,67.27,62.184,1,3,10,0.7,9.764,0,1.6616,0,0
1790743433.564736,47.398069199999995,8.5464875,9.510000228881836,-1.8330223560333252,0.05615242198109627,-0.0006051126401871443,178.67000000000002,-1.7897850223654501,0.040608810607181176,0.0,179.0478315694545,10.14033563493099,16.619760849948644,-1.3487782425107337,-0.3778315694544858,0.4246381488561677,1.8304616238587,14.0,0.0,0.0003709291730920414,"[20.0, 20.0, 20.0, 20.0, 20.0, 20.0, 20.0, 20.0, 20.0, 20.0, 20.0, 20.0, 20.0, 20.0, 20.0, 20.0, 20.0, 20.0, 20.0, 20.0, 20.0, 20.0, 20.0, 20.0, 20.0, 20.0, 20.0, 20.0, 20.0, 20.0, 20.0, 20.0, 20.0, 20.0, 20.0, 20.0, 17.267414532009028, 16.619760849948644, 20.0, 20.0, 20.0, 20.0, 20.0, 20.0, 17.212636663690787, 14.01520839795211, 12.984315189168832, 12.181039908561491, 11.55417458980985, 11.068788539276008, 10.700695541551257, 10.433143467161154, 10.254785695472345, 10.158435963907023, 10.14033563493099, 10.19978817126262, 10.339092754432526, 10.563765016554905, 10.88308528549091, 11.311079432587654, 11.868135897617748, 12.583633078398961, 13.500272498813908, 14.681460370800641, 16.224476839866277, 18.174416839838752, 20.0, 20.0, 20.0, 20.0, 20.0, 20.0]",24.93745447460534,-0.10269531126931497,0.2447,-1.1402,0.0175,-0.0783,0.8387,-0.2179,-0.0145,-9.795,15.3,,50.0,,,,0.2202,-0.3487,0.4125,122.27,14.94,1.22388,1.8339,178.25,11.01,1,67.47,62.554,1,3,10,0.7,9.745,0,1.6277,0,0
1790743433.7648885,47.3980659,8.546487599999999,9.511000633239746,-1.8275870084762573,0.04919044300913811,0.00039062529685907066,178.82,-1.7898920308279396,0.03592382774446161,0.0,179.1975675453068,10.128343796614363,16.239510619242406,-1.329840414354123,-0.37756754530681746,0.361773095589167,1.8250327005242029,14.0,0.0,1.9156825953667583e-05,"[20.0, 20.0, 20.0, 20.0, 20.0, 20.0, 20.0, 20.0, 20.0, 20.0, 20.0, 20.0, 20.0, 20.0, 20.0, 20.0, 20.0, 20.0, 20.0, 20.0, 20.0, 20.0, 20.0, 20.0, 20.0, 20.0, 20.0, 20.0, 20.0, 20.0, 20.0, 20.0, 20.0, 20.0, 20.0, 20.0, 16.98607427787728, 16.239510619242406, 20.0, 20.0, 20.0, 20.0, 20.0, 20.0, 17.01355754680132, 17.246461013721486, 12.996979176664452, 12.188631357017162, 11.557757519322491, 11.06907343908939, 10.698154435328862, 10.42807881093463, 10.247371909327612, 10.148743639796175, 10.128343796614363, 10.1853872436824, 10.322079073987418, 10.543826176945224, 10.859773904132638, 11.283770508779496, 11.835958961946382, 12.545363156789284, 13.454150025276823, 14.62488150838921, 16.153432131647374, 18.128785362174447, 20.0, 20.0, 20.0, 20.0, 20.0, 20.0]",24.93745447460534,-0.10269531126931497,0.2402,-1.1612,-0.0788,-0.141,0.8012,-0.2206,-0.0225,-9.8104,15.3,,50.0,,,,0.3167,-0.3459,0.469,132.47,14.94,1.22388,1.8282,178.46,10.645,1,67.67,62.919,1,3,10,0.7,9.786,0,1.5937,0,0
1790743433.96608,47.398062599999996,8.5464877,9.511000633239746,-1.823243260383606,0.04138634726405144,0.0005827039130963385,178.96,-1.7845567566470912,0.030933827182805927,0.0,179.54653125007002,10.120914680886674,15.865660988342634,-1.3066124120530749,-0.58653125007001,0.2603508276262684,1.8207733398301615,13.852885750391984,0.007271601345463794,0.015054046776951416,"[20.0, 20.0, 20.0, 20.0, 20.0, 20.0, 20.0, 20.0, 20.0, 20.0, 20.0, 20.0, 20.0, 20.0, 20.0, 20.0, 20.0, 20.0, 20.0, 20.0, 20.0, 20.0, 20.0, 20.0, 20.0, 20.0, 20.0, 20.0, 20.0, 20.0, 20.0, 20.0, 20.0, 20.0, 20.0, 20.0, 16.72526162806624, 15.865660988342634, 20.0, 20.0, 20.0, 20.0, 20.0, 20.0, 16.878877635310744, 16.79490352947004, 13.013684507439702, 12.20027579852173, 11.565409948470572, 11.07345611092386, 10.69975590282581, 10.427221866362224, 10.24425488522334, 10.143464894434034, 10.120914680886674, 10.175736220992066, 10.310047921360162, 10.529157755716115, 10.842089419004159, 11.262531988278393, 11.810409120454299, 12.514428359879643, 13.416279631662936, 14.577771178441294, 16.0935218244607, 18.094876209314332, 20.0, 20.0, 20.0, 20.0, 20.0, 20.0]",24.93745447460534,-0.10269531126931497,0.2199,-1.1946,-0.0928,-0.251,0.7673,-0.2058,-0.011,-9.8146,15.3,,50.0,,,,0.2881,-0.3185,0.4294,132.13,14.94,1.22388,1.8237,178.7,10.282,1,67.87,63.282,1,3,10,0.7,9.764,0,1.609,0,0
1790743434.1672473,47.3980594,8.5464877,9.51200008392334,-1.820698857307434,0.03228205069899559,0.0006802481948398054,179.12,-1.7718383001347977,0.024551591332477477,0.0,-179.80352395035038,10.118686129745097,15.495775093484946,-1.2782358047869966,-1.0764760496496137,0.13578109075687522,1.8184159753742701,13.491598608972229,0.025120121008746648,0.03506900811765862,"[20.0, 20.0, 20.0, 20.0, 20.0, 20.0, 20.0, 20.0, 20.0, 20.0, 20.0, 20.0, 20.0, 20.0, 20.0, 20.0, 20.0, 20.0, 20.0, 20.0, 20.0, 20.0, 20.0, 20.0, 20.0, 20.0, 20.0, 20.0, 20.0, 20.0, 20.0, 20.0, 20.0, 20.0, 20.0, 20.0, 16.543804766526765, 15.495775093484946, 20.0, 20.0, 20.0, 20.0, 20.0, 20.0, 16.841104856845543, 16.425845110058212, 13.040926581255988, 12.221192775069662, 11.58134707254652, 11.0853357425637, 10.708215291590413, 10.432696587875723, 10.247030107091135, 10.143706398430924, 10.118686129745097, 10.17100602158599, 10.302686980965232, 10.518927770541318, 10.828619575006991, 11.245279549448597, 11.788595483117248, 12.486935151362783, 13.381475907223845, 14.533214867795476, 16.035416798847884, 16.907630967131656, 20.0, 20.0, 20.0, 20.0, 20.0, 20.0]",24.93745447460534,-0.10269531126931497,0.1883,-1.1856,-0.1756,0.1197,0.9758,-0.2201,-0.0046,-9.8125,15.3,,50.0,,,,0.2884,-0.2715,0.3961,136.73,14.94,1.22388,1.821,178.98,9.92,1,68.07,63.645,1,3,10,0.7,9.748,0,1.6229,0,0
1790743434.3668616,47.3980561,8.5464877,9.510000228881836,-1.8188518285751343,0.023812202736735344,0.0008317285683006048,179.35,-1.7604685706866472,0.016257926070632495,0.0,-179.13924102624674,10.119078436675439,15.129083612726053,-1.2470476564072484,-1.5107589737532976,0.10006702372431915,1.8167676980004996,13.129063863796556,0.04301064552992641,0.03056227238510876,"[20.0, 20.0, 20.0, 20.0, 20.0, 20.0, 20.0, 20.0, 20.0, 20.0, 20.0, 20.0, 20.0, 20.0, 20.0, 20.0, 20.0, 20.0, 20.0, 20.0, 20.0, 20.0, 20.0, 20.0, 20.0, 20.0, 20.0, 20.0, 20.0, 20.0, 20.0, 20.0, 20.0, 20.0, 20.0, 20.0, 20.0, 15.129083612726053, 20.0, 20.0, 20.0, 20.0, 20.0, 20.0, 17.03599045658098, 16.122396145091855, 13.084954023607008, 12.255754795453546, 11.608468549102906, 11.106411242931424, 10.724214972928504, 10.444291089121451, 10.254667562499513, 10.147659410235663, 10.119078436675439, 10.167823949264413, 10.295777741156986, 10.507984279309758, 10.813148961667094, 11.224549158947667, 11.761544754656384, 12.452032054325255, 13.33647791139657, 14.474755905756428, 15.958256564629512, 17.932628654854476, 20.0, 20.0, 20.0, 20.0, 20.0, 20.0]",24.93745447460534,-0.10269531126931497,0.1694,-1.11,-0.0802,0.436,1.5534,-0.214,-0.009,-9.8135,15.3,,50.0,,,,0.2063,-0.2558,0.3286,128.89,14.94,1.22388,1.819,179.25,9.556,1,68.27,64.009,1,3,10,0.7,9.747,0,1.6547,0,0
1790743434.567771,47.398052799999995,8.5464877,9.510000228881836,-1.8146302700042725,0.016821879893541336,0.00025093008298426867,179.75,-1.7519298773120076,0.003155078473064645,0.0,-178.41543284377792,10.119904531218857,14.773214809424955,-1.2154041175654262,-1.8345671562220787,0.28112478605648,1.812704668562894,12.766527989981807,0.060862462547543385,0.022514005055417483,"[20.0, 20.0, 20.0, 20.0, 20.0, 20.0, 20.0, 20.0, 20.0, 20.0, 20.0, 20.0, 20.0, 20.0, 20.0, 20.0, 20.0, 20.0, 20.0, 20.0, 20.0, 20.0, 20.0, 20.0, 20.0, 20.0, 20.0, 20.0, 20.0, 20.0, 20.0, 20.0, 20.0, 20.0, 20.0, 20.0, 20.0, 14.773214809424955, 15.536154946715575, 20.0, 20.0, 20.0, 20.0, 20.0, 20.0, 15.895646923695534, 16.383763269057177, 12.316492315259897, 11.656095387524909, 11.143406115576523, 10.752301411192368, 10.464661284226787, 10.268120320515562, 10.154684435350717, 10.119904531218857, 10.162440370393465, 10.283932586555485, 10.489159576496563, 10.786507836454385, 11.188844740263633, 11.7149713528237, 12.39198291228024, 13.259142656633786, 14.374426905405462, 15.826072800809152, 17.75415030591811, 20.0, 20.0, 20.0, 20.0, 20.0, 20.0]",24.93745447460534,-0.10269531126931497,0.1714,-1.0107,-0.0151,0.4045,2.4636,-0.2142,-0.013,-9.8102,15.3,,50.0,,,,0.1902,-0.2315,0.2996,129.39,14.94,1.22388,1.8147,179.47,9.193,1,68.47,64.374,1,3,10,0.7,9.754,0,1.6649,0,0
1790743434.7680786,47.3980496,8.546487599999999,9.510000228881836,-1.8060574531555176,0.009228157810866833,1.7191825463669375e-05,180.35,-1.747766770699622,-0.015530094059235264,0.0,-177.66206182430835,10.122453724362048,14.445114884281534,-1.1828158217110705,-1.987938175691653,0.6427536402912087,1.8043337471116268,12.405716085316302,0.07856118052806842,0.010626357004519022,"[20.0, 20.0, 20.0, 20.0, 20.0, 20.0, 20.0, 20.0, 20.0, 20.0, 20.0, 20.0, 20.0, 20.0, 20.0, 20.0, 20.0, 20.0, 20.0, 20.0, 20.0, 20.0, 20.0, 20.0, 20.0, 20.0, 20.0, 20.0, 20.0, 20.0, 20.0, 20.0, 20.0, 20.0, 20.0, 20.0, 20.0, 14.445114884281534, 14.834066057667727, 20.0, 20.0, 20.0, 20.0, 20.0, 20.0, 15.7916211209493, 15.792584869317402, 12.41031789903374, 11.729772216963685, 11.200797922468425, 10.796094241516489, 10.49671655644061, 10.289692262864708, 10.166553311432898, 10.122453724362048, 10.155692199486758, 10.267549366591894, 10.46241005370293, 10.748192775142652, 11.137167183033396, 11.647324097806079, 12.304602849386855, 13.146537936563837, 14.228393947777443, 15.633925917218104, 17.495327330526436, 19.924584504341308, 20.0, 20.0, 20.0, 20.0, 20.0]",24.93745447460534,-0.10269531126931497,0.2007,-0.9553,0.1407,0.1444,3.3874,-0.2104,-0.0011,-9.8022,15.3,,50.0,,,,0.2677,-0.2948,0.3982,132.24,14.94,1.22388,1.8061,179.71,8.831,1,68.67,64.737,1,3,10,0.7,9.757,0,1.607,0,0
1790743434.9693098,47.3980463,8.546487599999999,9.510000228881836,-1.7956172227859497,0.0005844105617143214,0.00030407827580347657,181.1,-1.7474832039181853,-0.038401515971822064,0.0,-176.9146535270034,10.128487803866218,14.162902191566575,-1.148508525860314,-1.9853464729966106,1.1186477702941793,1.7941636817149729,12.047289700941441,0.09604522925354297,0.00017849223434371204,"[20.0, 20.0, 20.0, 20.0, 20.0, 20.0, 20.0, 20.0, 20.0, 20.0, 20.0, 20.0, 20.0, 20.0, 20.0, 20.0, 20.0, 20.0, 20.0, 20.0, 20.0, 20.0, 20.0, 20.0, 20.0, 20.0, 20.0, 20.0, 20.0, 20.0, 20.0, 20.0, 20.0, 20.0, 20.0, 20.0, 20.0, 14.162902191566575, 14.259801507674021, 20.0, 20.0, 20.0, 20.0, 20.0, 20.0, 15.912907567699184, 15.398884077524865, 20.0, 11.826474973126638, 11.276514797177356, 10.85436827058284, 10.540009327343135, 10.319674871652682, 10.18428523832064, 10.128487803866218, 10.150126108187896, 10.250033019764043, 10.432110135674252, 10.703707812250158, 11.07637674232768, 11.56714056826392, 12.2005679050574, 13.012155989445635, 14.053994341529135, 15.404628195430664, 17.187175582392378, 18.192139429332123, 20.0, 20.0, 20.0, 20.0, 20.0]",24.93745447460534,-0.10269531126931497,0.2548,-0.9639,0.3057,-0.1752,3.995,-0.2104,-0.0056,-9.799,15.3,,50.0,,,,0.2494,-0.3585,0.4367,124.83,14.94,1.22388,1.7956,179.98,8.471,1,68.87,65.097,1,3,10,0.7,9.745,0,1.5773,0,0
1790743435.1706548,47.398043099999995,8.5464875,9.508000373840332,-1.7859141826629639,-0.01328948512673378,0.000669311557430774,181.93,-1.7488777380197849,-0.06359396341286166,0.0,-176.16428313351508,10.138806286162318,13.768774954055958,-1.1120606572427891,-1.9057168664849087,1.5782069434912624,1.7861357493108998,11.688358784772472,0.11343348697514903,0.005489280078382468,"[20.0, 20.0, 20.0, 20.0, 20.0, 20.0, 20.0, 20.0, 20.0, 20.0, 20.0, 20.0, 20.0, 20.0, 20.0, 20.0, 20.0, 20.0, 20.0, 20.0, 20.0, 20.0, 20.0, 20.0, 20.0, 20.0, 20.0, 20.0, 20.0, 20.0, 20.0, 20.0, 20.0, 20.0, 20.0, 20.0, 20.0, 13.939646635969218, 13.768774954055958, 20.0, 20.0, 20.0, 20.0, 20.0, 20.0, 20.0, 15.166371595470858, 15.638561604405034, 11.939573282396413, 11.365526606739866, 10.923467787421638, 10.59210334098265, 10.35675142192154, 10.207628581461202, 10.138806286162318, 10.147618097049522, 10.234402979038315, 10.402537586353262, 10.6587633703853, 11.01386910712578, 11.483862863420967, 12.091885244623747, 12.871326578406855, 13.871017351590844, 15.16419982452057, 16.86484590124611, 19.15935829790253, 20.0, 20.0, 20.0, 20.0, 20.0]",24.93745447460534,-0.10269531126931497,0.3346,-1.0162,0.2536,-0.2335,4.3624,-0.2088,0.0045,-9.816,15.3,,50.0,,,,0.4254,-0.3508,0.5514,140.48,14.94,1.22388,1.786,180.43,8.11,1,69.07,65.459,1,3,10,0.7,9.749,0,1.5103,0,0
1790743435.3715858,47.3980398,8.5464874,9.505000114440918,-1.7798519134521484,-0.0282069593667984,0.0005095346132293344,182.78,-1.7471521479305276,-0.08955479789555518,0.0,-175.29228246732157,10.150686854173365,13.286813142859682,-1.067331216078681,-1.9277175326784004,1.872056799032338,1.7794838133485318,11.273558916958816,0.13340838930564822,0.0015178062062689045,"[20.0, 20.0, 20.0, 20.0, 20.0, 20.0, 20.0, 20.0, 20.0, 20.0, 20.0, 20.0, 20.0, 20.0, 20.0, 20.0, 20.0, 20.0, 20.0, 20.0, 20.0, 20.0, 20.0, 20.0, 20.0, 20.0, 20.0, 20.0, 20.0, 20.0, 20.0, 20.0, 20.0, 20.0, 20.0, 20.0, 20.0, 13.746938563342633, 13.286813142859682, 20.0, 20.0, 20.0, 20.0, 20.0, 20.0, 20.0, 15.093555322535495, 14.991134635456008, 12.064228631174958, 11.464414014135944, 11.001178213494898, 10.65184246408886, 10.400729433057807, 10.237301095869626, 10.155019468860342, 10.150686854173365, 10.224136603884627, 10.378217249437487, 10.619067122973759, 10.956730017755772, 11.406231303439652, 11.9893417509675, 12.73744635979537, 13.69629780661993, 14.934172840236311, 16.55656504354629, 18.73437701459703, 20.0, 20.0, 20.0, 20.0, 20.0]",24.93745447460534,-0.10269531126931497,0.4121,-1.0788,0.2992,-0.3116,4.2609,-0.2162,-0.0109,-9.8121,15.3,,50.0,,,,0.4557,-0.1787,0.4895,158.59,14.94,1.22388,1.7801,180.91,7.694,1,69.28,65.878,1,3,10,0.7,9.756,0,1.5354,0,0
1790743435.5719254,47.3980366,8.5464872,9.504000663757324,-1.776216983795166,-0.04482659697532654,0.00029576136148534715,183.6,-1.7475333613586141,-0.11450179698053767,0.0,-174.54098856849032,10.156907291570258,12.917512446740819,-1.0265999843740654,-1.859011431509714,2.1543265423145757,1.7765285018097603,10.916349706893273,0.1504251149496923,0.0047424108559974455,"[20.0, 20.0, 20.0, 20.0, 20.0, 20.0, 20.0, 20.0, 20.0, 20.0, 20.0, 20.0, 20.0, 20.0, 20.0, 20.0, 20.0, 20.0, 20.0, 20.0, 20.0, 20.0, 20.0, 20.0, 20.0, 20.0, 20.0, 20.0, 20.0, 20.0, 20.0, 20.0, 20.0, 20.0, 20.0, 20.0, 20.0, 13.775264123588151, 12.917512446740819, 13.535833060906493, 20.0, 20.0, 20.0, 20.0, 20.0, 20.0, 15.325353037846265, 14.663412652393877, 15.641939123296856, 11.565002551447597, 11.08062890751003, 10.713456202712488, 10.446792973080397, 10.269339895637476, 10.173951319863784, 10.156907291570258, 10.217551960752365, 10.358231083220867, 10.584517290932219, 10.905764378417656, 11.336096947346254, 11.896041083161034, 12.61517405688521, 13.536495809819781, 14.723879917829176, 16.27537653821047, 18.34844670981263, 20.0, 20.0, 20.0, 20.0, 20.0]",24.93745447460534,-0.10269531126931497,0.5043,-1.1207,0.3693,-0.172,4.1414,-0.2152,0.0017,-9.8024,15.3,,50.0,,,,0.4313,-0.1171,0.4469,164.81,14.94,1.22388,1.7768,181.45,7.335,1,69.48,66.239,1,3,10,0.7,9.76,0,1.5533,0,0
1790743435.7733479,47.398033299999994,8.5464871,9.505000114440918,-1.7751065492630005,-0.06319554895162582,-0.0005798579659312963,184.41,-1.7471578119638569,-0.1391776620039374,0.0,-173.78392244706384,10.16611783136459,12.590432032047625,-0.9849437952422226,-1.8060775529361592,2.3710746845055497,1.776187529460589,10.559062157408851,0.1672823770026571,0.0036614546839019825,"[20.0, 20.0, 20.0, 20.0, 20.0, 20.0, 20.0, 20.0, 20.0, 20.0, 20.0, 20.0, 20.0, 20.0, 20.0, 20.0, 20.0, 20.0, 20.0, 20.0, 20.0, 20.0, 20.0, 20.0, 20.0, 20.0, 20.0, 20.0, 20.0, 20.0, 20.0, 20.0, 20.0, 20.0, 20.0, 20.0, 20.0, 20.0, 12.590432032047625, 12.867384451230874, 20.0, 20.0, 20.0, 20.0, 20.0, 20.0, 20.0, 14.500283780092664, 14.743047559845115, 11.669441751035347, 11.163463586631005, 10.77815906364929, 10.495778751669055, 10.304236347501726, 10.195764963835739, 10.16611783136459, 10.214153102652444, 10.341724894562637, 10.553860789564542, 10.85925816049429, 11.271193600482425, 11.809031638668415, 12.500675709527481, 13.386596370390407, 14.526654390873002, 16.01218038777265, 17.988640753693453, 19.44741312739888, 20.0, 20.0, 20.0, 20.0]",24.93745447460534,-0.10269531126931497,0.5902,-1.1476,0.3888,-0.0367,4.0462,-0.2057,0.0081,-9.8068,15.3,,50.0,,,,0.419,-0.1359,0.4405,162.03,14.94,1.22388,1.7762,182.04,6.976,1,69.68,66.6,1,3,10,0.7,9.737,0,1.556,0,0
1790743435.9736044,47.3980301,8.5464869,9.508000373840332,-1.7762107849121094,-0.08296896517276764,-0.0013887896202504635,185.20000000000002,-1.7458834125157092,-0.1632549433711427,0.0,-173.024208950946,10.179141070596934,12.300946648399982,-0.9413507314772556,-1.7757910490539643,2.525588484802306,1.7781345161105997,10.200462661641959,0.18402487827803715,0.0021064934772233044,"[20.0, 20.0, 20.0, 20.0, 20.0, 20.0, 20.0, 20.0, 20.0, 20.0, 20.0, 20.0, 20.0, 20.0, 20.0, 20.0, 20.0, 20.0, 20.0, 20.0, 20.0, 20.0, 20.0, 20.0, 20.0, 20.0, 20.0, 20.0, 20.0, 20.0, 20.0, 20.0, 20.0, 20.0, 20.0, 20.0, 20.0, 20.0, 12.300946648399982, 12.34201574510737, 20.0, 20.0, 20.0, 20.0, 20.0, 20.0, 20.0, 14.514885576021442, 14.293079759361502, 20.0, 11.249751019318033, 10.846195772298286, 10.548088156101661, 10.34253655814348, 10.221145215180096, 10.179141070596934, 10.214904162436621, 10.329812731815318, 10.528374857044891, 10.81867053898872, 11.213187478760654, 11.730219284793906, 12.396138171435195, 13.249117992502448, 14.345404244643932, 15.770327396177086, 17.65875848776631, 20.0, 20.0, 20.0, 20.0, 20.0]",24.93745447460534,-0.10269531126931497,0.664,-1.1514,0.2681,0.0919,3.9642,-0.2089,0.0037,-9.792,15.3,,50.0,,,,0.423,-0.293,0.5145,145.29,14.94,1.22388,1.7781,182.67,6.616,1,69.88,66.963,1,3,10,0.7,9.76,0,1.5209,0,0
1790743436.174455,47.3980268,8.546486699999999,9.51200008392334,-1.7760082483291626,-0.10673840343952179,-0.00101935223210603,185.95000000000002,-1.7441187991061478,-0.18610146735809877,0.0,-172.29371963365236,10.199628923412373,12.052217669707233,-0.8921557314420563,-1.756280366347596,2.5106507547802313,1.7789348010094892,9.843149744282519,0.20051235781522836,0.0013524330824662418,"[20.0, 20.0, 20.0, 20.0, 20.0, 20.0, 20.0, 20.0, 20.0, 20.0, 20.0, 20.0, 20.0, 20.0, 20.0, 20.0, 20.0, 20.0, 20.0, 20.0, 20.0, 20.0, 20.0, 20.0, 20.0, 20.0, 20.0, 20.0, 20.0, 20.0, 20.0, 20.0, 20.0, 20.0, 20.0, 20.0, 20.0, 20.0, 12.052217669707233, 11.89250828127258, 20.0, 20.0, 20.0, 20.0, 20.0, 20.0, 20.0, 14.864437801457502, 14.039455929729549, 14.643444046977008, 11.341744037290198, 10.920125803615422, 10.606559653221872, 10.387345993409774, 10.253465062548909, 10.199628923412373, 10.223757733161374, 10.326780373579767, 10.51272302601051, 10.789101755582177, 11.16769246740818, 11.665831750315007, 12.308534096074519, 13.131951009016051, 14.18916669962633, 15.560305568006099, 17.37113138321235, 19.829725871652215, 20.0, 20.0, 20.0, 20.0]",24.93745447460534,-0.10269531126931497,0.7155,-1.1391,0.181,0.1256,3.7539,-0.2035,0.0116,-9.7974,15.3,,50.0,,,,0.5711,-0.2459,0.6218,156.71,14.94,1.22388,1.7792,183.44,6.257,1,70.08,67.326,1,3,10,0.7,9.732,0,1.4683,0,0
1790743436.3750288,47.398023599999995,8.5464863,9.51300048828125,-1.7735384702682495,-0.13171923160552979,-0.0005712382844649255,186.69,-1.7428825146926514,-0.2086472603195297,0.0,-171.6028377262166,10.227120074565915,11.85903227285035,-0.8378203630693146,-1.7071622737834105,2.4424881405192176,1.7774468412953985,9.48851656800901,0.21663375371585403,0.003408463554879081,"[20.0, 20.0, 20.0, 20.0, 20.0, 20.0, 20.0, 20.0, 20.0, 20.0, 20.0, 20.0, 20.0, 20.0, 20.0, 20.0, 20.0, 20.0, 20.0, 20.0, 20.0, 20.0, 20.0, 20.0, 20.0, 20.0, 20.0, 20.0, 20.0, 20.0, 20.0, 20.0, 20.0, 20.0, 20.0, 20.0, 20.0, 20.0, 11.85903227285035, 11.494808144079027, 12.23540196849662, 20.0, 20.0, 20.0, 20.0, 20.0, 20.0, 20.0, 13.947330473538557, 14.0296079179267, 20.0, 11.001618079507232, 10.67226596163043, 10.439199412425001, 10.29275490476143, 10.227120074565915, 10.239753931279816, 10.331142522638936, 10.504845237777861, 10.767840135591292, 11.131232399346937, 11.611465533870934, 12.232296898831265, 13.028018316055709, 14.048826603824777, 15.370126332051008, 17.10949740843852, 19.459777353482686, 20.0, 20.0, 20.0, 20.0]",24.93745447460534,-0.10269531126931497,0.7267,-1.1342,-0.0865,0.0485,3.7953,-0.2036,0.0022,-9.7955,15.3,,50.0,,,,0.5244,-0.2351,0.5747,155.85,14.94,1.22388,1.7784,184.25,5.9,1,70.28,67.688,1,3,10,0.7,9.728,0,1.4911,0,0
1790743436.5765924,47.3980203,8.5464859,9.51400089263916,-1.7708325386047363,-0.15686486661434174,-7.599274977110326e-05,187.42000000000002,-1.7424560253547372,-0.23093004645148935,0.0,-170.96179133972578,10.26173064065008,11.757171008091033,-0.778137601895055,-1.6182086602741776,2.357806789076669,1.7755699993842733,9.13620458286177,0.2323746983336244,0.006187671993957613,"[20.0, 20.0, 20.0, 20.0, 20.0, 20.0, 20.0, 20.0, 20.0, 20.0, 20.0, 20.0, 20.0, 20.0, 20.0, 20.0, 20.0, 20.0, 20.0, 20.0, 20.0, 20.0, 20.0, 20.0, 20.0, 20.0, 20.0, 20.0, 20.0, 20.0, 20.0, 20.0, 20.0, 20.0, 20.0, 20.0, 20.0, 20.0, 11.757171008091033, 11.13950610930428, 11.512595760672184, 20.0, 20.0, 20.0, 20.0, 20.0, 20.0, 20.0, 14.054083867486293, 13.692491840739946, 14.990101477219897, 11.090907629105129, 10.745407327877553, 10.49826692498091, 10.339157352003495, 10.26173064065008, 10.26298187261337, 10.342959173482928, 10.504768295759957, 10.754872620701985, 11.103743941650547, 11.566990900088427, 12.167205117857021, 12.936965817958985, 13.923828387006635, 15.198910358876525, 16.872420528562383, 19.123610893583688, 20.0, 20.0, 20.0, 20.0]",24.93745447460534,-0.10269531126931497,0.7182,-1.1411,-0.2355,-0.0491,3.6475,-0.2016,0.0073,-9.8117,15.3,,50.0,,,,0.4644,-0.2083,0.509,155.84,14.94,1.22388,1.7778,185.06,5.547,1,70.48,68.049,1,3,10,0.7,9.72,0,1.5233,0,0
1790743436.7774925,47.3980171,8.5464855,9.51400089263916,-1.7687859535217285,-0.18137840926647186,-0.0001104627808672376,188.13,-1.7492882642385639,-0.25300695733029904,0.0,-170.62193975695925,10.292808361579834,14.495673208085773,-0.7136088526176054,-1.2480602430407828,2.2751254993464456,1.774072393201031,8.784852957804214,0.24778010670858694,0.025921061452432302,"[20.0, 20.0, 20.0, 20.0, 20.0, 20.0, 20.0, 20.0, 20.0, 20.0, 20.0, 20.0, 20.0, 20.0, 20.0, 20.0, 20.0, 20.0, 20.0, 20.0, 20.0, 20.0, 20.0, 20.0, 20.0, 20.0, 20.0, 20.0, 20.0, 20.0, 20.0, 20.0, 20.0, 20.0, 20.0, 20.0, 20.0, 20.0, 20.0, 10.821098667408787, 10.969087430637193, 20.0, 20.0, 20.0, 20.0, 20.0, 20.0, 20.0, 14.734216841336305, 13.526857179277886, 13.87565396604753, 20.0, 10.824743599252006, 10.563486352349795, 10.391766704546122, 10.302696191018825, 10.292808361579834, 10.361722849821286, 10.512109142884018, 10.749943490696289, 11.085106130742084, 11.532434116259502, 12.11345054950748, 12.85917574483855, 13.814776318531402, 15.047519413251253, 16.661046219086362, 18.82262437525638, 20.0, 20.0, 20.0, 20.0]",24.93745447460534,-0.10269531126931497,0.7027,-1.1545,-0.1295,0.0748,3.4849,-0.2085,0.0061,-9.8059,15.3,,50.0,,,,0.4272,-0.144,0.4508,161.37,14.94,1.22388,1.7781,185.85,5.194,1,70.68,68.411,1,3,10,0.7,9.76,0,1.5526,0,0
1790743436.9776328,47.3980138,8.546484999999999,9.515000343322754,-1.7675189971923828,-0.20584715902805328,-5.031433465774171e-05,188.79,-1.749734909383863,-0.2733542642008696,0.0,-170.09360894403642,10.329636823953754,16.036884709821756,-0.6438496468894639,-1.116391055963561,2.1471966949999657,1.7729567511190736,8.435056901220797,0.26282864914353743,0.00932595073373586,"[20.0, 20.0, 20.0, 20.0, 20.0, 20.0, 20.0, 20.0, 20.0, 20.0, 20.0, 20.0, 20.0, 20.0, 20.0, 20.0, 20.0, 20.0, 20.0, 20.0, 20.0, 20.0, 20.0, 20.0, 20.0, 20.0, 20.0, 20.0, 20.0, 20.0, 20.0, 20.0, 20.0, 20.0, 20.0, 20.0, 20.0, 20.0, 20.0, 10.537055069025243, 10.510417795739375, 20.0, 20.0, 20.0, 20.0, 20.0, 20.0, 20.0, 20.0, 13.522790991476791, 13.443203892122847, 20.0, 10.908707661642913, 10.633844478201691, 10.450068803448492, 10.349968623950213, 10.329636823953754, 10.388290908908177, 10.528198419950407, 10.754894519435293, 11.077731545140427, 11.510865713845467, 12.074885300332019, 12.799455960642565, 13.727680912309198, 14.923521501573285, 16.48501926549559, 18.569311898530838, 20.0, 20.0, 20.0, 20.0]",24.93745447460534,-0.10269531126931497,0.6815,-1.2036,-0.1958,-0.1414,3.1056,-0.2101,0.0061,-9.8008,15.3,,50.0,,,,0.3567,-0.0821,0.366,167.03,14.94,1.22388,1.7795,186.64,4.844,1,70.88,68.773,1,3,10,0.7,9.708,0,1.5965,0,0
1790743437.1783695,47.3980106,8.5464843,9.51300048828125,-1.7675923109054565,-0.22989819943904877,0.000615035358350724,189.34,-1.7497854223785048,-0.2903324469099717,0.0,-169.64824095354527,10.106968274101854,17.146556991071666,-0.568499157067986,-1.0117590464547561,1.929543332554237,1.7725782867053161,8.086424326319753,0.2776109618361376,0.0074155677272722395,"[20.0, 20.0, 20.0, 20.0, 20.0, 20.0, 20.0, 20.0, 20.0, 20.0, 20.0, 20.0, 20.0, 20.0, 20.0, 20.0, 20.0, 20.0, 20.0, 20.0, 20.0, 20.0, 20.0, 20.0, 20.0, 20.0, 20.0, 20.0, 20.0, 20.0, 20.0, 20.0, 20.0, 20.0, 20.0, 20.0, 20.0, 20.0, 20.0, 10.280407109503741, 10.106968274101854, 10.807414825997395, 20.0, 20.0, 20.0, 20.0, 20.0, 20.0, 20.0, 13.724949778603197, 13.213516431892941, 13.91598640441706, 20.0, 10.706489104636693, 10.512272459441647, 10.402737013660577, 10.373595874149892, 10.42372679096985, 10.555065085380228, 10.772788969886337, 11.08583106151841, 11.50781333521747, 12.058597166346113, 12.766801409720028, 13.6739422031659, 14.84144875460553, 16.36309300846755, 18.388333893035114, 20.0, 20.0, 20.0, 20.0]",24.93745447460534,-0.10269531126931497,0.6458,-1.2271,-0.2032,0.0361,2.5945,-0.2104,0.0014,-9.8104,15.3,,50.0,,,,0.4439,0.1094,0.4572,193.85,14.94,1.22388,1.7825,187.41,4.497,1,71.08,69.136,1,3,10,0.7,9.687,0,1.5539,0,0
1790743437.378745,47.3980074,8.5464837,9.508000373840332,-1.7682398557662964,-0.2510642409324646,0.0010278361150994897,189.81,-1.7499374085084787,-0.3048795467082884,0.0,-169.27694835260257,9.739689719041031,17.9455210335716,-0.4908816147287951,-0.913051647397424,1.7288519238640359,1.7720255673507352,7.73894769487252,0.2921091784693293,0.0070163727225377925,"[20.0, 20.0, 20.0, 20.0, 20.0, 20.0, 20.0, 20.0, 20.0, 20.0, 20.0, 20.0, 20.0, 20.0, 20.0, 20.0, 20.0, 20.0, 20.0, 20.0, 20.0, 20.0, 20.0, 20.0, 20.0, 20.0, 20.0, 20.0, 20.0, 20.0, 20.0, 20.0, 20.0, 20.0, 20.0, 20.0, 20.0, 20.0, 20.0, 10.0507164466986, 9.739689719041031, 10.136857484100315, 20.0, 20.0, 20.0, 20.0, 20.0, 20.0, 20.0, 20.0, 13.121067478522479, 13.326771213850588, 20.0, 10.77882773258956, 10.575373278410765, 10.457571095372941, 10.420799332003536, 10.463640850658749, 10.587747874994877, 10.797999961530833, 11.102984049475364, 11.515887362984916, 12.055984661892346, 12.751054772408747, 13.641345406469133, 14.786269050837031, 16.276209706688334, 18.254561629565316, 20.0, 20.0, 20.0, 20.0]",24.93745447460534,-0.10269531126931497,0.6208,-1.2276,-0.0785,0.0709,2.229,-0.1989,0.0043,-9.8083,15.3,,50.0,,,,0.4005,0.2259,0.4598,209.43,14.94,1.22388,1.786,188.08,4.152,1,71.28,69.5,1,3,10,0.7,9.677,0,1.5561,0,0
1790743437.579596,47.398004099999994,8.546483,9.504000663757324,-1.768152117729187,-0.27100706100463867,0.0007974963518790901,190.21,-1.7514764033113361,-0.3174040612523076,0.0,-169.01861911182027,9.400128667050577,18.52077514417155,-0.409764159093547,-0.771380888179749,1.4960129064126686,1.769760747473607,7.393867091252613,0.30623218211592623,0.010092743855161911,"[20.0, 20.0, 20.0, 20.0, 20.0, 20.0, 20.0, 20.0, 20.0, 20.0, 20.0, 20.0, 20.0, 20.0, 20.0, 20.0, 20.0, 20.0, 20.0, 20.0, 20.0, 20.0, 20.0, 20.0, 20.0, 20.0, 20.0, 20.0, 20.0, 20.0, 20.0, 20.0, 20.0, 20.0, 20.0, 20.0, 20.0, 20.0, 20.0, 9.855920568529555, 9.400128667050577, 9.6173359379666, 20.0, 20.0, 20.0, 20.0, 20.0, 20.0, 20.0, 20.0, 13.163194725897554, 13.014445874535873, 20.0, 20.0, 10.640643005189142, 10.515589554471664, 10.472215420411922, 10.50884777145003, 10.626898324228055, 10.830998171500116, 11.129451894592698, 11.535096457057577, 12.066738253764013, 12.75148897342725, 13.628591957572583, 14.755865760744076, 16.221021229574795, 18.162678616261893, 20.0, 20.0, 20.0, 20.0]",24.93745447460534,-0.10269531126931497,0.5996,-1.2175,-0.1658,0.0468,1.9987,-0.2006,0.0071,-9.8014,15.3,,50.0,,,,0.4727,0.3042,0.5621,212.77,14.94,1.22388,1.7888,188.71,3.813,1,71.48,69.864,1,3,10,0.7,9.653,0,1.5077,0,0
1790743437.7798538,47.3980009,8.5464823,9.50200080871582,-1.767473816871643,-0.29070571064949036,0.0002342138614039868,190.57,-1.756416105083595,-0.3290320125871757,0.0,-168.92592631475782,9.08604575084378,18.934958103803517,-0.3241668294870308,-0.5040736852421617,1.2298860745882076,1.7655010596478216,7.0529957393944365,0.3198067922650967,0.019235647276967742,"[20.0, 20.0, 20.0, 20.0, 20.0, 20.0, 20.0, 20.0, 20.0, 20.0, 20.0, 20.0, 20.0, 20.0, 20.0, 20.0, 20.0, 20.0, 20.0, 20.0, 20.0, 20.0, 20.0, 20.0, 20.0, 20.0, 20.0, 20.0, 20.0, 20.0, 20.0, 20.0, 20.0, 20.0, 20.0, 20.0, 20.0, 20.0, 20.0, 9.72703811626875, 9.08604575084378, 9.1671553081228, 20.0, 20.0, 20.0, 20.0, 20.0, 20.0, 20.0, 20.0, 13.40030658481046, 12.849551155445845, 13.418346907388768, 20.0, 10.709948747831465, 10.57816361896382, 10.528738327044106, 10.559765188989042, 10.67243922603732, 10.871172200120254, 11.164024006430243, 11.56353233906642, 12.088107087743305, 12.764298081634642, 13.630504922621757, 14.74320870342123, 16.187879034467773, 18.09913849977723, 20.0, 20.0, 20.0, 20.0]",24.93745447460534,-0.10269531126931497,0.5554,-1.2187,-0.2303,-0.0202,1.7278,-0.208,-0.0052,-9.7978,15.3,,50.0,,,,0.4801,0.3254,0.58,214.13,14.94,1.22388,1.7912,189.34,3.481,1,71.68,70.226,1,3,10,0.7,9.656,0,1.5012,0,0
1790743437.9808202,47.3979977,8.546481499999999,9.50100040435791,-1.7683433294296265,-0.30664387345314026,-4.731979424832389e-05,190.88,-1.7645910483239506,-0.3394707858763609,0.0,-169.0014582857001,8.761493289840068,19.233169834738533,-0.23663684255906015,-0.11854171429990856,1.0423144498323234,1.7611042248185782,6.713606082514675,0.3329747681294466,0.028013914380627884,"[20.0, 20.0, 20.0, 20.0, 20.0, 20.0, 20.0, 20.0, 20.0, 20.0, 20.0, 20.0, 20.0, 20.0, 20.0, 20.0, 20.0, 20.0, 20.0, 20.0, 20.0, 20.0, 20.0, 20.0, 20.0, 20.0, 20.0, 20.0, 20.0, 20.0, 20.0, 20.0, 20.0, 20.0, 20.0, 20.0, 20.0, 20.0, 20.0, 9.789745695881406, 8.792143144887428, 8.761493289840068, 9.453615606566874, 20.0, 20.0, 20.0, 20.0, 20.0, 20.0, 20.0, 20.0, 12.800887051873147, 12.961720109094212, 20.0, 20.0, 10.642187393693044, 10.587443733901003, 10.613623089947986, 10.721733366103525, 10.916001020359518, 11.204283385857705, 11.598874294636456, 12.117863813654456, 12.787350967122746, 13.645059708997996, 14.746400259579895, 16.175046800597855, 18.062418541091798, 20.0, 20.0, 20.0, 20.0]",24.93745447460534,-0.10269531126931497,0.4941,-1.2417,-0.2855,-0.0135,1.3616,-0.208,-0.0051,-9.7958,15.3,,50.0,,,,0.5438,0.3102,0.6261,209.7,14.94,1.22388,1.7947,189.84,3.157,1,71.88,70.589,1,3,10,0.7,9.667,0,1.4817,0,0
1790743438.1806285,47.397994499999996,8.5464808,9.497000694274902,-1.7699174880981445,-0.31888115406036377,0.0003955800202675164,191.08,-1.7580009548378652,-0.34340240337525463,0.0,-169.25997112950267,8.3904497791892,19.447882281011744,-0.14934134211988703,0.33997112950268615,0.8667449579676686,1.7554324755554749,6.376639859144868,0.34585764714505934,0.033435086048175605,"[20.0, 20.0, 20.0, 20.0, 20.0, 20.0, 20.0, 20.0, 20.0, 20.0, 20.0, 20.0, 20.0, 20.0, 20.0, 20.0, 20.0, 20.0, 20.0, 20.0, 20.0, 20.0, 20.0, 20.0, 20.0, 20.0, 20.0, 20.0, 20.0, 20.0, 20.0, 20.0, 20.0, 20.0, 20.0, 20.0, 20.0, 20.0, 20.0, 20.0, 8.512440176156076, 8.3904497791892, 8.81165165135016, 20.0, 20.0, 20.0, 20.0, 20.0, 20.0, 20.0, 20.0, 12.861874142794813, 12.713910683623476, 20.0, 20.0, 10.704214369533355, 10.645894132175451, 10.668963207363872, 10.774309553210786, 10.966047581679877, 11.251918974673545, 11.644084470364461, 12.160464157078255, 12.826919582051461, 13.680817395738812, 14.776995076641045, 16.19815234263339, 18.073942642848028, 20.0, 20.0, 20.0, 20.0]",24.93745447460534,-0.10269531126931497,0.4509,-1.2843,-0.1248,-0.1223,0.7336,-0.2109,0.0008,-9.7999,15.3,,50.0,,,,0.4824,0.4089,0.6324,220.29,14.94,1.22388,1.7984,190.21,2.843,1,72.08,70.951,1,3,10,0.7,9.716,0,1.4822,0,0
1790743438.381574,47.3979912,8.546479999999999,9.495000839233398,-1.7725887298583984,-0.32946327328681946,0.00035371709964238107,191.15,-1.7423385109267198,-0.34101863103916397,0.0,-169.7973750526607,8.042302100739622,19.602475242328456,-0.059937977828873557,0.9473750526607034,0.6208351193481184,1.7477731968718868,6.041375881637871,0.3585183994088916,0.043551602949147686,"[20.0, 20.0, 20.0, 20.0, 20.0, 20.0, 20.0, 20.0, 20.0, 20.0, 20.0, 20.0, 20.0, 20.0, 20.0, 20.0, 20.0, 20.0, 20.0, 20.0, 20.0, 20.0, 20.0, 20.0, 20.0, 20.0, 20.0, 20.0, 20.0, 20.0, 20.0, 20.0, 20.0, 20.0, 20.0, 20.0, 20.0, 20.0, 20.0, 20.0, 8.241373263132127, 8.042302100739622, 8.312311583208476, 20.0, 20.0, 20.0, 20.0, 20.0, 20.0, 20.0, 20.0, 13.05426739718699, 12.583313379557271, 13.181286028339033, 20.0, 10.7658299263853, 10.706027197444312, 10.728081333571229, 10.83284116547444, 11.024396838181962, 11.310478067506407, 11.703244019730072, 12.220621796434958, 12.888485988216937, 13.744217370257571, 14.842657618189723, 16.266474816160336, 18.14519126262112, 20.0, 20.0, 20.0, 20.0]",24.93745447460534,-0.10269531126931497,0.4129,-1.2507,-0.1896,0.3519,-0.1345,-0.2037,-0.0079,-9.8083,15.3,,50.0,,,,0.4116,0.2715,0.4931,213.41,14.94,1.22388,1.8029,190.53,2.542,1,72.29,71.314,1,3,10,0.7,9.696,0,1.5564,0,0
1790743438.5825644,47.3979876,8.546479,9.493000030517578,-1.7729729413986206,-0.34100955724716187,0.00021169506362639368,190.99,-1.7215141935563782,-0.33077614796201255,0.0,-170.77438018743345,7.711554726397036,19.71378217447649,0.034531456855815934,1.794380187433461,0.13281434810955928,1.7324420111086152,5.709917909007778,0.37103577156307166,0.05963496112086178,"[20.0, 20.0, 20.0, 20.0, 20.0, 20.0, 20.0, 20.0, 20.0, 20.0, 20.0, 20.0, 20.0, 20.0, 20.0, 20.0, 20.0, 20.0, 20.0, 20.0, 20.0, 20.0, 20.0, 20.0, 20.0, 20.0, 20.0, 20.0, 20.0, 20.0, 20.0, 20.0, 20.0, 20.0, 20.0, 20.0, 20.0, 20.0, 20.0, 20.0, 7.97178201733054, 7.711554726397036, 7.882729264870114, 20.0, 20.0, 20.0, 20.0, 20.0, 20.0, 20.0, 20.0, 13.481015431153944, 12.53734985419227, 12.806413592477453, 20.0, 20.0, 10.770562728224023, 10.794889662041198, 10.902489096505718, 11.097564650258864, 11.387996805901768, 11.786149492714342, 12.310234207867577, 12.98653059069018, 13.853013575316348, 14.96542782678703, 16.407874419144353, 18.312275226691067, 20.0, 20.0, 20.0, 20.0]",24.93745447460534,-0.10269531126931497,0.3457,-1.1125,-0.4671,0.6881,-1.2201,-0.2102,-0.0037,-9.8056,15.3,,50.0,,,,0.4438,0.2807,0.5251,212.31,14.94,1.22388,1.8055,190.89,2.262,1,72.49,71.678,1,3,10,0.7,9.632,0,1.5429,0,0
1790743438.7835398,47.3979844,8.5464781,9.48900032043457,-1.767432451248169,-0.34782499074935913,0.0006360955885611475,190.59,-1.6344175095604745,-0.29880768885519043,0.0,-172.276149072296,7.391345469513892,19.79392316562307,0.13017529404322947,2.8661490722960252,-0.5433513904842484,1.7041303351825081,5.383784486119678,0.383791429305649,0.06578117887210014,"[20.0, 20.0, 20.0, 20.0, 20.0, 20.0, 20.0, 20.0, 20.0, 20.0, 20.0, 20.0, 20.0, 20.0, 20.0, 20.0, 20.0, 20.0, 20.0, 20.0, 20.0, 20.0, 20.0, 20.0, 20.0, 20.0, 20.0, 20.0, 20.0, 20.0, 20.0, 20.0, 20.0, 20.0, 20.0, 20.0, 20.0, 20.0, 20.0, 20.0, 7.685196570380164, 7.391345469513892, 7.502681222656371, 8.428302294632132, 20.0, 20.0, 20.0, 20.0, 20.0, 20.0, 20.0, 20.0, 12.540059195443748, 12.610368510580814, 20.0, 20.0, 10.835802460979322, 10.867402573856305, 10.983019420480636, 11.187179522585181, 11.488161404778928, 11.898847545507175, 12.438156604284673, 13.133372771988654, 14.023956116496489, 15.167942263963596, 16.65314126186574, 18.61783643195884, 20.0, 20.0, 20.0, 20.0]",24.93745447460534,-0.10269531126931497,0.2219,-0.9317,-0.6856,0.7582,-2.6053,-0.2048,-0.001,-9.8065,15.3,,50.0,,,,0.4363,0.2986,0.5286,214.39,14.94,1.22388,1.8013,191.13,2.012,1,72.69,72.039,1,3,10,0.7,9.699,0,1.537,0,0
1790743438.983162,47.3979813,8.5464772,9.487000465393066,-1.7504228353500366,-0.34607136249542236,-0.00017176025721710175,189.87,-1.383755007653013,-0.2320874718100032,0.0,-174.48170442366734,7.077986667513978,19.851624679248612,0.22428486136516157,4.351704423667343,-1.3135669967335755,1.6549200198033753,5.0656640750397095,0.3968099398796433,0.05508402864690837,"[20.0, 20.0, 20.0, 20.0, 20.0, 20.0, 20.0, 20.0, 20.0, 20.0, 20.0, 20.0, 20.0, 20.0, 20.0, 20.0, 20.0, 20.0, 20.0, 20.0, 20.0, 20.0, 20.0, 20.0, 20.0, 20.0, 20.0, 20.0, 20.0, 20.0, 20.0, 20.0, 20.0, 20.0, 20.0, 20.0, 20.0, 20.0, 20.0, 20.0, 7.377959148849886, 7.077986667513978, 7.156209914818419, 7.79547076047365, 20.0, 20.0, 20.0, 20.0, 20.0, 20.0, 20.0, 20.0, 12.559776754046066, 12.498771795342119, 20.0, 20.0, 10.900561734368788, 10.944372631004228, 11.073150548273636, 11.291956957623986, 11.609723089495485, 12.040177874966295, 12.603394552607087, 13.328303754398588, 14.256815726168403, 15.450779007926583, 17.0042432220875, 19.066331406003815, 20.0, 20.0, 20.0, 20.0]",24.93745447460534,-0.10269531126931497,0.0448,-0.4294,-0.9006,2.324,-4.5197,-0.2008,-0.0149,-9.8038,15.3,,50.0,,,,0.5138,0.359,0.6268,214.94,14.94,1.22388,1.7843,191.18,1.803,1,72.89,72.395,1,3,10,0.7,9.692,0,1.4709,0,0
1790743439.3863392,47.3979753,8.546475599999999,9.488000869750977,-1.6217710971832275,-0.30856332182884216,-0.0010549554135650396,187.06,-0.5946638480066373,-0.0736477398225056,0.0,-168.11689895629883,6.469528188925311,19.893169769059,0.3711461637549008,-84.56933700892733,-3.712519951464804,0.4030019362996179,4.465591873364297,0.42537531482529234,0.24824135748083653,"[20.0, 20.0, 20.0, 20.0, 20.0, 20.0, 20.0, 20.0, 20.0, 20.0, 20.0, 20.0, 20.0, 20.0, 20.0, 20.0, 20.0, 20.0, 20.0, 20.0, 20.0, 20.0, 20.0, 20.0, 20.0, 20.0, 20.0, 20.0, 20.0, 20.0, 20.0, 20.0, 20.0, 20.0, 20.0, 20.0, 20.0, 20.0, 20.0, 20.0, 6.6779178807087805, 6.469528188925311, 6.567229876518471, 7.150655132628419, 20.0, 20.0, 20.0, 20.0, 20.0, 20.0, 20.0, 20.0, 12.498209108532713, 12.442280883917604, 20.0, 20.0, 11.042833984074141, 11.135048059113412, 11.315659385152195, 11.591902297535851, 11.975390822444961, 12.48337757438704, 13.140809998863372, 13.983679509906842, 15.064593797835993, 16.462397492303392, 18.299644281690853, 20.0, 20.0, 20.0, 20.0, 20.0]",-0.05908616457600502,-0.04879857467295068,-0.2532,1.462,0.664,-0.8153,-8.2466,-0.1825,-0.0235,-9.8052,15.3,,50.0,,,,0.5478,0.3659,0.6588,213.74,14.94,1.22388,1.6509,190.77,23.536,1,73.29,73.077,1,3,10,0.7,9.722,0,1.3215,0,0
1790743439.5857925,47.397972599999996,8.5464748,9.492000579833984,-1.4950298070907593,-0.2797316312789917,-0.027362307533621788,185.92000000000002,-0.029457089692043213,-0.003054486746265181,0.0,-169.25554283142088,6.196864363299287,19.92308223372248,0.06566007144673014,-85.49460283783213,-4.677941553187177,0.3483860220302847,4.1931696880997595,0.43750583259189757,0.0,"[20.0, 20.0, 20.0, 20.0, 20.0, 20.0, 20.0, 20.0, 20.0, 20.0, 20.0, 20.0, 20.0, 20.0, 20.0, 20.0, 20.0, 20.0, 20.0, 20.0, 20.0, 20.0, 20.0, 20.0, 20.0, 20.0, 20.0, 20.0, 20.0, 20.0, 20.0, 20.0, 20.0, 20.0, 20.0, 20.0, 20.0, 20.0, 20.0, 20.0, 6.3883665078167375, 6.196864363299287, 6.286511789999153, 6.797658911416312, 20.0, 20.0, 20.0, 20.0, 20.0, 20.0, 20.0, 20.0, 12.494480437320027, 12.412761295568105, 20.0, 20.0, 12.265761925806302, 11.224360788868458, 11.42700952663247, 11.72800853248815, 12.140187526802517, 12.682430482566911, 13.381983375011878, 14.27822494862016, 15.428985847200467, 16.92157204845877, 18.893056940039028, 20.0, 20.0, 20.0, 20.0, 20.0]",-0.05908616457600502,-0.04879857467295068,-0.1135,5.0544,1.2008,19.6571,-1.7628,-0.1653,-0.0261,-9.8608,15.3,,50.0,,,,0.555,0.3442,0.6531,211.81,14.94,1.22388,1.521,190.6,23.476,1,73.49,73.39,1,3,10,0.7,9.718,0,1.1944,0,0
1790743439.7869432,47.397970199999996,8.5464742,9.50100040435791,-1.2232871055603027,-0.23936869204044342,-0.04059097543358803,186.69,-0.0329880815910529,-0.0038693721149738966,0.0,-168.48489624023438,5.986543333074274,19.944619208280184,-0.1984609840251803,-84.44522052558341,-4.3815518569698,0.2824069324520317,3.960164047184845,0.4407546440096303,0.0,"[20.0, 20.0, 20.0, 20.0, 20.0, 20.0, 20.0, 20.0, 20.0, 20.0, 20.0, 20.0, 20.0, 20.0, 20.0, 20.0, 20.0, 20.0, 20.0, 20.0, 20.0, 20.0, 20.0, 20.0, 20.0, 20.0, 20.0, 20.0, 20.0, 20.0, 20.0, 20.0, 20.0, 20.0, 20.0, 20.0, 20.0, 20.0, 20.0, 20.0, 6.3005986834939, 5.995145624130268, 5.986543333074274, 6.264251689836632, 20.0, 20.0, 20.0, 20.0, 20.0, 20.0, 20.0, 20.0, 12.796807169425277, 12.331896188346418, 12.882351373331943, 20.0, 19.729403257237372, 11.249454694070701, 11.438597455378119, 11.724969381933269, 12.120662771927341, 12.64358275658353, 13.319598434179213, 14.18604974995117, 15.297595405180084, 16.736342513488506, 18.630322397815977, 20.0, 20.0, 20.0, 20.0, 20.0]",-0.05908616457600502,-0.04879857467295068,-0.1298,9.1715,-1.225,13.8253,7.5141,-0.123,-0.0108,-9.8375,15.3,,50.0,,,,0.5459,0.4,0.6768,216.23,14.94,1.22388,1.2465,191.07,23.428,1,73.69,73.661,1,3,10,0.7,9.771,0,0.9081,0,0
1790743439.9883485,47.3979686,8.5464737,9.508000373840332,-0.864312469959259,-0.18389828503131866,-0.010294749401509762,188.62,-0.04262256374794085,-0.006461275894828036,0.0,-166.55832946777343,5.798071450955845,19.960125829961733,-0.38652634456171425,-82.24415854878703,-3.3916061658818197,0.2076543397382015,3.79723042819552,0.43609725957327783,0.0,"[20.0, 20.0, 20.0, 20.0, 20.0, 20.0, 20.0, 20.0, 20.0, 20.0, 20.0, 20.0, 20.0, 20.0, 20.0, 20.0, 20.0, 20.0, 20.0, 20.0, 20.0, 20.0, 20.0, 20.0, 20.0, 20.0, 20.0, 20.0, 20.0, 20.0, 20.0, 20.0, 20.0, 20.0, 20.0, 20.0, 20.0, 20.0, 20.0, 20.0, 6.581880560980792, 5.942866855122457, 5.798071450955845, 5.898008074759835, 6.378660327616747, 20.0, 20.0, 20.0, 20.0, 20.0, 20.0, 20.0, 20.0, 12.443656460069528, 12.432248594468295, 20.0, 20.0, 11.960174131739402, 11.393382365037297, 11.641905908463805, 11.994836915446413, 12.467688634715518, 13.083006984286573, 13.87327955461876, 14.885734411263103, 16.190518102242503, 17.895293563189096, 20.0, 20.0, 20.0, 20.0, 20.0]",-0.05908616457600502,-0.04879857467295068,-0.0543,9.267,-1.2573,-7.441,10.908,-0.1081,-0.0178,-9.8224,15.3,,50.0,,,,0.5597,0.2545,0.6149,204.46,14.94,1.22388,0.8837,192.01,23.391,1,73.89,73.854,1,3,10,0.7,9.794,0,0.5762,0,0
1790743440.1899495,47.3979676,8.5464734,9.508000373840332,-0.5457581877708435,-0.12795841693878174,0.008011517114937305,190.83,-0.05306443668680474,-0.010151381087997945,0.0,-164.34342567443844,5.717614706237673,19.971290597572448,-0.4981729572372811,-79.82132292376355,-2.365222418432615,0.1404523950505774,3.702849222019485,0.42720100048748155,0.0,"[20.0, 20.0, 20.0, 20.0, 20.0, 20.0, 20.0, 20.0, 20.0, 20.0, 20.0, 20.0, 20.0, 20.0, 20.0, 20.0, 20.0, 20.0, 20.0, 20.0, 20.0, 20.0, 20.0, 20.0, 20.0, 20.0, 20.0, 20.0, 20.0, 20.0, 20.0, 20.0, 20.0, 20.0, 20.0, 20.0, 20.0, 20.0, 20.0, 20.0, 20.0, 6.065816978826687, 5.748922524990653, 5.717614706237673, 5.937033514413446, 20.0, 20.0, 20.0, 20.0, 20.0, 20.0, 20.0, 20.0, 12.91397392398169, 12.337730829195522, 12.7814785807252, 20.0, 19.830294525003957, 11.341676150577369, 11.548093990884192, 11.85405357564001, 12.272610760955827, 12.82297016457533, 13.532836869727168, 14.44226015720024, 15.610078782022832, 17.125173977918745, 19.12720693400032, 20.0, 20.0, 20.0, 20.0]",-0.05908616457600502,-0.04879857467295068,0.0422,7.0565,-0.8109,-12.541,11.1921,-0.0759,-0.0117,-9.8562,15.3,,50.0,,,,0.4614,0.3558,0.5827,217.64,14.94,1.22388,0.5606,193.2,23.366,1,74.09,73.971,1,3,10,0.7,9.779,0,0.2692,0,0
1790743440.3908782,47.397967099999995,8.5464731,9.508000373840332,-0.31492242217063904,-0.08509404957294464,0.011115826666355133,192.98000000000002,-0.06296938552436214,-0.014514477973575211,0.0,-162.19753982543943,5.657352539734234,19.979329230252162,-0.5570780667388437,-77.51100848126055,-2.1405961251329613,0.09153554727147166,3.6553789595548043,0.41657919861209863,0.0,"[20.0, 20.0, 20.0, 20.0, 20.0, 20.0, 20.0, 20.0, 20.0, 20.0, 20.0, 20.0, 20.0, 20.0, 20.0, 20.0, 20.0, 20.0, 20.0, 20.0, 20.0, 20.0, 20.0, 20.0, 20.0, 20.0, 20.0, 20.0, 20.0, 20.0, 20.0, 20.0, 20.0, 20.0, 20.0, 20.0, 20.0, 20.0, 20.0, 20.0, 20.0, 6.446843994785614, 5.808056191422966, 5.657352539734234, 5.741120294077833, 6.160870000101719, 20.0, 20.0, 20.0, 20.0, 20.0, 20.0, 20.0, 20.0, 12.467695824208906, 12.439326495007668, 20.0, 20.0, 12.288322631969445, 11.468573806484564, 11.73090771894208, 12.09976614804651, 12.591513897548253, 13.229877990079649, 14.049058438039195, 15.09887695134201, 16.45359685342343, 18.227776048564323, 20.0, 20.0, 20.0, 20.0]",-0.05908616457600502,-0.04879857467295068,0.1426,4.5703,-0.5366,-10.5395,10.7266,-0.0463,-0.0029,-9.8454,15.3,,50.0,,,,0.4338,0.4897,0.6542,228.47,14.94,1.22388,0.3262,195.12,23.346,1,74.29,74.034,1,3,10,0.7,9.698,0,0.0,0,0
1790743440.5917354,47.3979668,8.5464729,9.508000373840332,-0.1667628288269043,-0.05824046581983566,0.009139270521700382,195.02,-0.0676084795787281,-0.018140934073324413,0.0,-160.15897033691408,5.6538754838761935,19.985117045781557,-0.5853740079824626,-75.3436919480082,-2.487571453645565,0.06145292514291747,3.6350464744096884,0.40527705805079756,0.0,"[20.0, 20.0, 20.0, 20.0, 20.0, 20.0, 20.0, 20.0, 20.0, 20.0, 20.0, 20.0, 20.0, 20.0, 20.0, 20.0, 20.0, 20.0, 20.0, 20.0, 20.0, 20.0, 20.0, 20.0, 20.0, 20.0, 20.0, 20.0, 20.0, 20.0, 20.0, 20.0, 20.0, 20.0, 20.0, 20.0, 20.0, 20.0, 20.0, 20.0, 20.0, 20.0, 5.961856621214685, 5.673044705156286, 5.6538754838761935, 5.883824757163199, 20.0, 20.0, 20.0, 20.0, 20.0, 20.0, 20.0, 20.0, 12.822450845216583, 12.357576891765412, 12.913454180524873, 20.0, 17.635158322411073, 11.406350592207886, 11.628950139613309, 11.953192541721474, 12.393058743878557, 12.969007976756401, 13.710530175878914, 14.660330187000254, 15.881383456977767, 17.46935133095037, 19.57569339011759, 20.0, 20.0, 20.0]",-0.05908616457600502,-0.04879857467295068,0.171,2.7863,-0.5376,-7.2998,10.527,-0.0219,-0.0108,-9.8283,15.3,,50.0,,,,0.3921,0.549,0.6747,234.47,14.94,1.22388,0.1766,199.25,23.33,1,74.5,74.067,1,3,10,0.7,9.7,0,0.0,0,0
1790743440.7910402,47.3979667,8.546472699999999,9.505000114440918,-0.08029475808143616,-0.041807882487773895,0.007256857119500637,197.02,-0.06693418485081645,-0.020489385016557508,0.0,-158.17713783264162,5.627965991707464,19.98928427296272,-0.5982199052155119,-73.2341299217619,-3.1431626131497405,0.043308887082230955,3.6279431852052566,0.3934454215298716,0.0,"[20.0, 20.0, 20.0, 20.0, 20.0, 20.0, 20.0, 20.0, 20.0, 20.0, 20.0, 20.0, 20.0, 20.0, 20.0, 20.0, 20.0, 20.0, 20.0, 20.0, 20.0, 20.0, 20.0, 20.0, 20.0, 20.0, 20.0, 20.0, 20.0, 20.0, 20.0, 20.0, 20.0, 20.0, 20.0, 20.0, 20.0, 20.0, 20.0, 20.0, 20.0, 20.0, 6.259061791044859, 5.746800020828236, 5.627965991707464, 5.739662167164313, 6.230079321167019, 20.0, 20.0, 20.0, 20.0, 20.0, 20.0, 20.0, 20.0, 12.428416625214744, 12.538386432260447, 20.0, 20.0, 11.357241701431274, 11.54218466867857, 11.824733706866668, 12.216773489443451, 12.7359522977168, 13.407787225395717, 14.269093380077784, 15.373690767519669, 16.80226076185227, 18.680254730655257, 20.0, 20.0, 20.0]",-0.05908616457600502,-0.04879857467295068,0.1513,1.6194,-0.3763,-4.3835,10.4531,-0.0123,-0.0067,-9.8174,15.3,,50.0,,,,0.2712,0.5682,0.6296,244.48,14.94,1.22388,0.0905,207.51,23.317,1,74.69,74.086,1,3,10,0.7,9.786,0,0.0,0,0
1790743440.9914668,47.3979666,8.5464725,9.503000259399414,-0.035438887774944305,-0.03241363912820816,0.006112728267908096,199.06,-0.06616239861343068,-0.022859068435032638,0.0,-156.13657135009765,5.645604362276746,19.99228467653316,-0.6070343170712021,-71.08844915270163,-3.6360236325592417,0.0330605805441039,3.623864723014461,0.3808651664647277,0.0,"[20.0, 20.0, 20.0, 20.0, 20.0, 20.0, 20.0, 20.0, 20.0, 20.0, 20.0, 20.0, 20.0, 20.0, 20.0, 20.0, 20.0, 20.0, 20.0, 20.0, 20.0, 20.0, 20.0, 20.0, 20.0, 20.0, 20.0, 20.0, 20.0, 20.0, 20.0, 20.0, 20.0, 20.0, 20.0, 20.0, 20.0, 20.0, 20.0, 20.0, 20.0, 20.0, 20.0, 5.884628730224824, 5.645604362276746, 5.657709927175469, 5.933797586237864, 20.0, 20.0, 20.0, 20.0, 20.0, 20.0, 20.0, 20.0, 12.671933576412052, 12.395007565515314, 13.264521431168133, 20.0, 15.012897247328176, 11.467112708700153, 11.708925001586724, 12.054876633472427, 12.520080001173639, 13.12654027093205, 13.905964181242174, 14.904383725477292, 16.19000869656545, 17.867179008682893, 20.0, 20.0, 20.0]",-0.05908616457600502,-0.04879857467295068,0.1353,0.9514,-0.1543,-2.3018,10.3786,-0.011,-0.0113,-9.8208,15.3,,50.0,,,,0.3373,0.5641,0.6573,239.12,14.94,1.22388,0.048,222.45,23.306,1,74.9,74.101,1,3,10,0.7,9.815,0,0.0,0,0
1790743441.1919239,47.397966499999995,8.546472399999999,9.504000663757324,-0.01349611859768629,-0.028229542076587677,0.004730694927275181,201.1,-0.06530674743778424,-0.025199776568403578,0.0,-154.09427680969236,5.620555392853022,19.994444967103874,-0.6167552754536956,-68.94087126145803,-4.095064291017477,0.028467860824348813,3.618926595149973,0.36775411531278684,0.0,"[20.0, 20.0, 20.0, 20.0, 20.0, 20.0, 20.0, 20.0, 20.0, 20.0, 20.0, 20.0, 20.0, 20.0, 20.0, 20.0, 20.0, 20.0, 20.0, 20.0, 20.0, 20.0, 20.0, 20.0, 20.0, 20.0, 20.0, 20.0, 20.0, 20.0, 20.0, 20.0, 20.0, 20.0, 20.0, 20.0, 20.0, 20.0, 20.0, 20.0, 20.0, 20.0, 20.0, 6.12530289895911, 5.706027165909489, 5.620555392853022, 5.766371018138838, 6.376245488057922, 20.0, 20.0, 20.0, 20.0, 20.0, 20.0, 20.0, 13.301063598649973, 12.405950976703089, 12.674166713573893, 20.0, 20.0, 11.407356093083944, 11.609991391290746, 11.91225494544532, 12.327001627921934, 12.873177206992198, 13.57812432042729, 14.481348169723102, 15.640819661252193, 17.143952509031422, 19.127765903257593, 20.0, 20.0]",-0.05908616457600502,-0.04879857467295068,0.1282,0.6055,-0.1177,-1.0732,10.2715,-0.0055,-0.0096,-9.813,15.3,,50.0,,,,0.392,0.5594,0.683,234.98,14.94,1.22388,0.0313,244.45,23.295,1,75.1,74.116,1,3,10,0.7,9.793,0,0.0,0,0
1790743441.392647,47.3979664,8.5464722,9.507000923156738,-0.0038028708659112453,-0.026489799842238426,0.0035377549938857555,203.14000000000001,-0.06436831591474022,-0.027508542424130714,0.0,-152.04452072143556,5.62231931438887,19.99600037631479,-0.6285535819207245,-66.79149197848099,-4.358310618589936,0.02655228794591266,3.6119408830815987,0.3541568797838876,0.0,"[20.0, 20.0, 20.0, 20.0, 20.0, 20.0, 20.0, 20.0, 20.0, 20.0, 20.0, 20.0, 20.0, 20.0, 20.0, 20.0, 20.0, 20.0, 20.0, 20.0, 20.0, 20.0, 20.0, 20.0, 20.0, 20.0, 20.0, 20.0, 20.0, 20.0, 20.0, 20.0, 20.0, 20.0, 20.0, 20.0, 20.0, 20.0, 20.0, 20.0, 20.0, 20.0, 20.0, 20.0, 5.818737060482924, 5.62231931438887, 5.664802219834038, 5.992331042534876, 20.0, 20.0, 20.0, 20.0, 20.0, 20.0, 20.0, 20.0, 12.573423204236285, 12.452520246466703, 20.0, 20.0, 13.195670042610866, 11.526900442766705, 11.78750278238575, 12.154806352885746, 12.645068645974332, 13.281874130975138, 14.099213881216194, 15.146578377710112, 16.497670179298282, 18.266036738917464, 20.0, 20.0]",-0.05908616457600502,-0.04879857467295068,0.1324,0.4327,-0.036,-0.3999,10.3031,-0.0045,-0.0118,-9.8105,15.3,,50.0,,,,0.4023,0.4091,0.5738,225.48,14.94,1.22388,0.0268,261.83,23.284,1,75.3,74.133,1,3,10,0.7,9.845,0,0.0,0,0
1790743441.592921,47.3979663,8.546472099999999,9.51200008392334,0.0019121465738862753,-0.026732319965958595,0.0027523201424628496,205.17000000000002,-0.06335349061578861,-0.029771382681951196,0.0,-150.0051022338867,5.612904496807356,19.99712027094665,-0.6398154376778845,-64.65127158834247,-4.765031769094435,0.026695900870972348,3.6056008216263953,0.34007601762301515,0.0,"[20.0, 20.0, 20.0, 20.0, 20.0, 20.0, 20.0, 20.0, 20.0, 20.0, 20.0, 20.0, 20.0, 20.0, 20.0, 20.0, 20.0, 20.0, 20.0, 20.0, 20.0, 20.0, 20.0, 20.0, 20.0, 20.0, 20.0, 20.0, 20.0, 20.0, 20.0, 20.0, 20.0, 20.0, 20.0, 20.0, 20.0, 20.0, 20.0, 20.0, 20.0, 20.0, 20.0, 20.0, 6.0144808515225945, 5.666430775226054, 5.612904496807356, 5.794858926242226, 6.63787524180712, 20.0, 20.0, 20.0, 20.0, 20.0, 20.0, 20.0, 12.9893204622908, 12.405512890198793, 12.855262644823322, 20.0, 18.85873572624751, 11.46024607104966, 11.681097225643038, 12.003778840997997, 12.442177205570754, 13.016631073857626, 13.756460203153326, 14.704107968889303, 15.92211946970544, 17.505402236876833, 19.604007304920703, 20.0]",-0.05908616457600502,-0.04879857467295068,0.1375,0.3402,0.0245,-0.2967,10.2815,-0.0012,-0.0004,-9.8061,15.3,,50.0,,,,0.4045,0.3208,0.5163,218.42,14.94,1.22388,0.0268,274.09,23.273,1,75.5,74.149,1,3,10,0.7,9.823,0,0.0,0,0
1790743441.7931428,47.3979662,8.546472,9.519000053405762,0.005804961081594229,-0.027550922706723213,0.0021724591497331858,207.21,-0.0622535606774763,-0.03200772067760802,0.0,-147.9833040618896,5.602907303854384,19.997926595081587,-0.650186431435678,-62.50197372203755,-5.172389613240378,0.027450883831191503,3.599784210368388,0.32547848879707003,0.0,"[20.0, 20.0, 20.0, 20.0, 20.0, 20.0, 20.0, 20.0, 20.0, 20.0, 20.0, 20.0, 20.0, 20.0, 20.0, 20.0, 20.0, 20.0, 20.0, 20.0, 20.0, 20.0, 20.0, 20.0, 20.0, 20.0, 20.0, 20.0, 20.0, 20.0, 20.0, 20.0, 20.0, 20.0, 20.0, 20.0, 20.0, 20.0, 20.0, 20.0, 20.0, 20.0, 20.0, 20.0, 6.420484634742349, 5.760187719692702, 5.602907303854384, 5.676778002943362, 6.066833180708061, 20.0, 20.0, 20.0, 20.0, 20.0, 20.0, 20.0, 20.0, 12.507061284233018, 12.535925174001619, 20.0, 20.0, 11.794994531537258, 11.589822218714623, 11.869838896511324, 12.259332236755279, 12.775784436541286, 13.444484511385877, 14.301910024125974, 15.401348619252394, 16.822590983225954, 18.689503998557967, 20.0]",-0.05908616457600502,-0.04879857467295068,0.1344,0.273,-0.0442,-0.1991,10.2712,-0.0041,-0.0078,-9.7927,15.3,,50.0,,,,0.5114,0.2978,0.5918,210.21,14.94,1.22388,0.0282,281.9,23.263,1,75.7,74.164,1,3,10,0.7,9.829,0,0.0,0,0
1790743441.9941745,47.3979661,8.546471799999999,9.52500057220459,0.00630931556224823,-0.028910204768180847,0.001960985828191042,209.24,-0.061080689199465805,-0.034192826834268324,0.0,-145.94182563781737,5.609435808568465,19.998507148458742,-0.6624765739250897,-60.361868501507615,-5.3905462474558865,0.02880513890994397,3.5921242560487014,0.31050170019464157,0.0,"[20.0, 20.0, 20.0, 20.0, 20.0, 20.0, 20.0, 20.0, 20.0, 20.0, 20.0, 20.0, 20.0, 20.0, 20.0, 20.0, 20.0, 20.0, 20.0, 20.0, 20.0, 20.0, 20.0, 20.0, 20.0, 20.0, 20.0, 20.0, 20.0, 20.0, 20.0, 20.0, 20.0, 20.0, 20.0, 20.0, 20.0, 20.0, 20.0, 20.0, 20.0, 20.0, 20.0, 20.0, 20.0, 5.920703238324844, 5.631465041195604, 5.609435808568465, 5.831410030556846, 20.0, 20.0, 20.0, 20.0, 20.0, 20.0, 20.0, 20.0, 12.801353143308466, 12.425784788356259, 13.115445885145489, 20.0, 16.05651435123564, 11.514660922487991, 11.75406893949246, 12.097669187959674, 12.560433948884667, 13.1641827836394, 13.940355541988675, 14.934573334685338, 16.214373930501242, 17.882930395336555, 20.0]",-0.05908616457600502,-0.04879857467295068,0.1327,0.2314,-0.0171,-0.0338,10.2263,0.0017,-0.0065,-9.7915,15.3,,50.0,,,,0.5239,0.2457,0.5786,205.12,14.94,1.22388,0.0296,282.31,23.254,1,75.9,74.18,1,3,10,0.7,9.794,0,0.0,0,0
1790743442.1955636,47.397966,8.5464717,9.530000686645508,0.005069972947239876,-0.03010590746998787,0.0016591466264799237,211.28,-0.059824808711717206,-0.036345457248553696,0.0,-143.89622947692874,5.583668354065967,19.998925146890294,-0.6752776752364302,-58.2126783435435,-5.400719820441182,0.030023585374320563,3.5835746150709866,0.2950731350136247,0.0,"[20.0, 20.0, 20.0, 20.0, 20.0, 20.0, 20.0, 20.0, 20.0, 20.0, 20.0, 20.0, 20.0, 20.0, 20.0, 20.0, 20.0, 20.0, 20.0, 20.0, 20.0, 20.0, 20.0, 20.0, 20.0, 20.0, 20.0, 20.0, 20.0, 20.0, 20.0, 20.0, 20.0, 20.0, 20.0, 20.0, 20.0, 20.0, 20.0, 20.0, 20.0, 20.0, 20.0, 20.0, 20.0, 6.216216583968976, 5.704416453459358, 5.583668354065967, 5.690070715612695, 6.159084807246672, 20.0, 20.0, 20.0, 20.0, 20.0, 20.0, 20.0, 13.8430221931732, 12.46612450656644, 12.645526307367115, 20.0, 20.0, 11.45331330271434, 11.653439471083551, 11.95327317049095, 12.365537800928797, 12.909010892220724, 13.610800463401425, 14.510060314675089, 15.664201541982813, 17.159692115127932, 19.13185054944498]",-0.05908616457600502,-0.04879857467295068,0.1433,0.211,0.0407,-0.0075,10.2148,0.0025,-0.0147,-9.7961,15.3,,50.0,,,,0.7064,0.2103,0.737,196.58,14.94,1.22388,0.0305,279.56,23.245,1,76.1,74.196,1,3,10,0.7,9.761,0,0.0,0,0
1790743442.5964808,47.3979657,8.546471499999999,9.535000801086426,0.0021181516349315643,-0.03203137591481209,0.0017628391506150365,215.25,-0.057164908861317525,-0.040400163302606346,0.0,-139.94661712646484,5.5680110610858335,19.999442796147928,0.3488960862159729,-56.12984973787616,-5.214867924644569,0.0319974552658501,3.5661057843594977,0.263824801794443,0.0,"[19.643960996725365, 20.0, 20.0, 20.0, 20.0, 20.0, 20.0, 20.0, 20.0, 20.0, 20.0, 20.0, 20.0, 20.0, 20.0, 20.0, 20.0, 20.0, 20.0, 20.0, 20.0, 20.0, 20.0, 20.0, 20.0, 20.0, 20.0, 20.0, 20.0, 20.0, 20.0, 20.0, 20.0, 20.0, 20.0, 20.0, 20.0, 20.0, 20.0, 20.0, 20.0, 20.0, 20.0, 20.0, 20.0, 20.0, 6.052569172410667, 5.649417082095344, 5.5680110610858335, 5.714024821935665, 6.3153450763405505, 20.0, 20.0, 20.0, 20.0, 20.0, 20.0, 20.0, 13.1534575413823, 12.444841435868959, 12.81157151225965, 20.0, 19.938892090384673, 11.503574554018302, 11.72376321157166, 12.046012030439195, 12.48417422418767, 13.058549969582858, 13.798405469548664, 14.746098780764338, 15.964025720170486, 17.546814481028722]",-0.06020235785728545,-0.08092263087725371,0.1123,0.1865,-0.3887,0.0527,8.528,0.0082,-0.009,-9.8051,15.3,,50.0,,,,0.8243,0.2598,0.8643,197.49,14.94,1.22388,0.0321,273.78,23.23,1,76.5,74.227,1,3,10,0.7,9.745,0,0.0,0,0
1790743442.7970588,47.3979656,8.5464714,9.532999992370605,-0.0006215822650119662,-0.03210427239537239,0.001108551281504333,216.83,-0.05602923292244628,-0.04196099448442876,0.0,-138.34891311645504,5.561979112917713,19.99959881322651,0.335670530796051,-54.4606300496896,-4.825130976910661,0.032109810065724,3.557561526643978,0.25079955074216265,0.0,"[18.92764285126473, 20.0, 20.0, 20.0, 20.0, 20.0, 20.0, 20.0, 20.0, 20.0, 20.0, 20.0, 20.0, 20.0, 20.0, 20.0, 20.0, 20.0, 20.0, 20.0, 20.0, 20.0, 20.0, 20.0, 20.0, 20.0, 20.0, 20.0, 20.0, 20.0, 20.0, 20.0, 20.0, 20.0, 20.0, 20.0, 20.0, 20.0, 20.0, 20.0, 20.0, 20.0, 20.0, 20.0, 20.0, 20.0, 6.412708784211527, 5.725760133271595, 5.561979112917713, 5.627217747502193, 5.99370865162483, 20.0, 20.0, 20.0, 20.0, 20.0, 20.0, 20.0, 20.0, 12.532553752621743, 12.577192227975868, 20.0, 20.0, 11.711502634696508, 11.652519498370289, 11.941496031095516, 12.341484699516515, 12.87054512992909, 13.55477759936122, 14.431848177308161, 15.556862025600177, 17.012524333167093]",-0.06020235785728545,-0.08092263087725371,0.145,0.1808,0.7794,0.0366,8.0748,0.0011,-0.0116,-9.7932,15.3,,50.0,,,,0.8101,0.3497,0.8824,203.35,14.94,1.22388,0.0321,268.89,23.221,1,76.7,74.243,1,3,10,0.7,9.731,0,0.0,0,0
1790743442.997777,47.3979655,8.5464712,9.528000831604004,-0.00033859506947919726,-0.03618926182389259,0.0030168259982019663,218.57,-0.05472929195074009,-0.04364292156318886,0.0,-136.6074311065674,5.570352602142331,19.999711145523086,0.32374489307403564,-52.622059293316,-5.3479421093587,0.0361905485622374,3.551222871768025,0.23608488108720713,0.0,"[18.215909251313164, 20.0, 20.0, 20.0, 20.0, 20.0, 20.0, 20.0, 20.0, 20.0, 20.0, 20.0, 20.0, 20.0, 20.0, 20.0, 20.0, 20.0, 20.0, 20.0, 20.0, 20.0, 20.0, 20.0, 20.0, 20.0, 20.0, 20.0, 20.0, 20.0, 20.0, 20.0, 20.0, 20.0, 20.0, 20.0, 20.0, 20.0, 20.0, 20.0, 20.0, 20.0, 20.0, 20.0, 20.0, 20.0, 20.0, 5.863368833447382, 5.587051616456786, 5.570352602142331, 5.796043638204267, 20.0, 20.0, 20.0, 20.0, 20.0, 20.0, 20.0, 20.0, 12.764481148456724, 12.468850423376328, 13.319985779299545, 20.0, 14.967999772149374, 11.586874698834652, 11.840576543460852, 12.200569313628462, 12.68268797586548, 13.30994136227318, 14.115484573259598, 15.147523590336103, 16.477676922337874]",-0.06020235785728545,-0.08092263087725371,0.2565,0.1743,0.1687,0.0984,9.394,0.0109,-0.0104,-9.8129,15.3,,50.0,,,,0.9235,0.1973,0.9443,192.06,14.94,1.22388,0.0362,269.46,23.211,1,76.9,74.259,1,3,10,0.7,9.744,0,0.0,0,0
1790743443.198415,47.3979655,8.5464711,9.523000717163086,0.0026239491999149323,-0.04138815775513649,0.0034728064201772213,220.54,-0.053196666604199,-0.04549851274714041,0.0,-134.6492185211182,5.548258118043708,19.99979202477662,0.315113365650177,-50.54424714826496,-6.3072137256027325,0.04135036771656759,3.548254846426522,0.21918806319485937,0.0,"[17.491246266575207, 19.5587514993419, 20.0, 20.0, 20.0, 20.0, 20.0, 20.0, 20.0, 20.0, 20.0, 20.0, 20.0, 20.0, 20.0, 20.0, 20.0, 20.0, 20.0, 20.0, 20.0, 20.0, 20.0, 20.0, 20.0, 20.0, 20.0, 20.0, 20.0, 20.0, 20.0, 20.0, 20.0, 20.0, 20.0, 20.0, 20.0, 20.0, 20.0, 20.0, 20.0, 20.0, 20.0, 20.0, 20.0, 20.0, 20.0, 6.135924672420384, 5.659102684306168, 5.548258118043708, 5.661763665609451, 6.1463440554375, 20.0, 20.0, 20.0, 20.0, 20.0, 20.0, 20.0, 13.39546340172467, 12.4830189260026, 12.755661510636527, 20.0, 20.0, 11.52568095129859, 11.740863128954683, 12.057745572032998, 12.489899979895014, 13.057250607987022, 13.788530236228107, 14.725298351507517, 15.928692214617922]",-0.06020235785728545,-0.08092263087725371,0.2157,0.1632,-0.3964,-0.0449,10.0842,0.0069,-0.0124,-9.8174,15.3,,50.0,,,,0.9596,0.1789,0.9761,190.56,14.94,1.22388,0.0415,273.63,23.199,1,77.1,74.274,1,3,10,0.7,9.742,0,0.0,0,0
1790743443.399388,47.3979654,8.5464709,9.522000312805176,0.0044221291318535805,-0.04260309785604477,0.0020486260764300823,222.57,-0.051551597834093174,-0.04735433201674287,0.0,-132.61208885192872,5.5656459719818665,19.999850257839167,0.3090023398399353,-47.314056438634594,-6.535057526459516,0.042542957405026276,14.0,0.0,0.0,"[16.82064441258294, 18.66236036131257, 20.0, 20.0, 20.0, 20.0, 20.0, 20.0, 20.0, 20.0, 20.0, 20.0, 20.0, 20.0, 20.0, 20.0, 20.0, 20.0, 20.0, 20.0, 20.0, 20.0, 20.0, 20.0, 20.0, 20.0, 20.0, 20.0, 20.0, 20.0, 20.0, 20.0, 20.0, 20.0, 20.0, 20.0, 20.0, 20.0, 20.0, 20.0, 20.0, 20.0, 20.0, 20.0, 20.0, 20.0, 20.0, 20.0, 5.789887003771072, 5.5656459719818665, 5.583091233576236, 5.860195280347292, 20.0, 20.0, 20.0, 20.0, 20.0, 20.0, 20.0, 20.0, 12.648183686706425, 12.533211321618962, 20.0, 20.0, 13.076596350243289, 11.65213486047818, 11.92663325280247, 12.310326184886149, 12.820341224944872, 13.481479160798902, 14.329499713935803, 15.416572135478747]",-0.06020235785728545,-0.08092263087725371,0.1518,0.1421,-0.1725,-0.0626,10.1559,0.0062,-0.0073,-9.8139,15.3,,50.0,,,,0.9474,0.2353,0.9761,193.95,14.94,1.22388,0.0428,275.93,23.189,1,77.3,74.286,1,3,10,0.7,9.761,0,0.0,0,0
1790743443.6001549,47.397965299999996,8.5464709,9.522000312805176,0.004473627544939518,-0.04064565151929855,0.0013465529773384333,224.6,-0.04984182321936975,-0.04915071370966136,0.0,-130.57522239685056,5.547273742350859,19.9998921856442,0.30355197191238403,-45.28591105746594,-6.103999868044013,0.040586122752108,14.0,0.0,0.0,"[16.214883851361336, 17.861471145264066, 20.0, 20.0, 20.0, 20.0, 20.0, 20.0, 20.0, 20.0, 20.0, 20.0, 20.0, 20.0, 20.0, 20.0, 20.0, 20.0, 20.0, 20.0, 20.0, 20.0, 20.0, 20.0, 20.0, 20.0, 20.0, 20.0, 20.0, 20.0, 20.0, 20.0, 20.0, 20.0, 20.0, 20.0, 20.0, 20.0, 20.0, 20.0, 20.0, 20.0, 20.0, 20.0, 20.0, 20.0, 20.0, 20.0, 6.007189584213015, 5.621924154936247, 5.547273742350859, 5.699115101710721, 6.322269382450894, 20.0, 20.0, 20.0, 20.0, 20.0, 20.0, 20.0, 13.050784828978978, 12.478802357234724, 12.952250009196398, 20.0, 18.026548009057436, 11.575498617075551, 11.809339770932699, 12.14717697324729, 12.603659228355005, 13.200173639751878, 13.96754013279501, 14.950436619560445]",-0.06020235785728545,-0.08092263087725371,0.1397,0.1081,0.0578,-0.1774,10.2161,0.0096,-0.0075,-9.8163,15.3,,50.0,,,,0.8799,0.2888,0.9261,198.17,14.94,1.22388,0.0409,276.28,23.183,1,77.5,74.294,1,3,10,0.7,9.779,0,0.0,0,0
1790743443.8017986,47.397965299999996,8.5464708,9.523000717163086,0.003593449480831623,-0.03809015825390816,0.0007798490114510059,226.78,-0.06868338465444083,-0.07268144654869028,0.0,-128.5565727996826,5.548167544882364,19.999922373663825,0.2982098460197449,-43.26779590231254,-5.526350893881827,0.03832232531174739,14.0,0.0,0.0,"[15.670396772369124, 17.14798328403235, 19.09367000420898, 20.0, 20.0, 20.0, 20.0, 20.0, 20.0, 20.0, 20.0, 20.0, 20.0, 20.0, 20.0, 20.0, 20.0, 20.0, 20.0, 20.0, 20.0, 20.0, 20.0, 20.0, 20.0, 20.0, 20.0, 20.0, 20.0, 20.0, 20.0, 20.0, 20.0, 20.0, 20.0, 20.0, 20.0, 20.0, 20.0, 20.0, 20.0, 20.0, 20.0, 20.0, 20.0, 20.0, 20.0, 20.0, 6.488782248590627, 5.724066336646283, 5.548167544882364, 5.602153105117903, 5.9440273251330735, 20.0, 20.0, 20.0, 20.0, 20.0, 20.0, 20.0, 20.0, 12.567286657911207, 12.617756834887885, 20.0, 20.0, 11.677075813009115, 11.707244127093173, 12.001725441942263, 12.408274783432844, 12.945308916504553, 13.639432257157239, 14.529050142335729]",-0.06020235785728545,-0.08092263087725371,0.1691,0.0727,0.2099,-0.0886,10.1318,0.0049,-0.0121,-9.8056,15.3,,50.0,,,,0.9071,0.4436,1.0097,206.06,14.94,1.22388,0.0383,275.39,23.179,1,77.71,74.301,1,3,10,0.7,9.776,0,0.0,0,0
1790743444.002344,47.397965299999996,8.5464708,9.52500057220459,0.0013968078419566154,-0.03951525315642357,0.0006574209546670318,228.78,-0.06610499868811327,-0.07503418653150405,0.0,-126.55817497253418,5.550385585691165,19.999944109037955,0.2930017113685608,-41.269640589064096,-5.1540745504731795,0.038661605733530724,14.0,0.0,0.0,"[15.184289119828874, 16.515242115179774, 18.254209287925807, 20.0, 20.0, 20.0, 20.0, 20.0, 20.0, 20.0, 20.0, 20.0, 20.0, 20.0, 20.0, 20.0, 20.0, 20.0, 20.0, 20.0, 20.0, 20.0, 20.0, 20.0, 20.0, 20.0, 20.0, 20.0, 20.0, 20.0, 20.0, 20.0, 20.0, 20.0, 20.0, 20.0, 20.0, 20.0, 20.0, 20.0, 20.0, 20.0, 20.0, 20.0, 20.0, 20.0, 20.0, 20.0, 20.0, 5.892346368573009, 5.585682950359301, 5.550385585691165, 5.749641893788813, 20.0, 20.0, 20.0, 20.0, 20.0, 20.0, 20.0, 20.0, 12.83359976497503, 12.494014638057699, 13.263186490937198, 20.0, 15.361474337306797, 11.62189295494802, 11.875400993732937, 12.235410537186935, 12.717745974446759, 13.345405414182126, 14.151528031976165]",-0.06020235785728545,-0.08092263087725371,0.1854,-0.1162,0.1754,-0.9853,10.0488,0.0048,-0.0028,-9.8055,15.3,,50.0,,,,0.9089,0.5047,1.0396,209.04,14.94,1.22388,0.0395,272.02,23.175,1,77.91,74.307,1,3,10,0.7,9.764,0,0.0,0,0
1790743444.203017,47.397965199999994,8.5464707,9.527000427246094,-0.0029847293626517057,-0.04652530699968338,0.0007276147953234613,230.78,-0.0634460739635787,-0.07729550891615956,0.0,-124.574580078125,5.537462254548638,19.999959758507327,0.28836607933044434,-39.27119810845193,-5.134782886041936,0.04534730862090209,14.0,0.0,0.0,"[14.748592484067293, 15.950371653334738, 17.510465400060163, 19.5739479582878, 20.0, 20.0, 20.0, 20.0, 20.0, 20.0, 20.0, 20.0, 20.0, 20.0, 20.0, 20.0, 20.0, 20.0, 20.0, 20.0, 20.0, 20.0, 20.0, 20.0, 20.0, 20.0, 20.0, 20.0, 20.0, 20.0, 20.0, 20.0, 20.0, 20.0, 20.0, 20.0, 20.0, 20.0, 20.0, 20.0, 20.0, 20.0, 20.0, 20.0, 20.0, 20.0, 20.0, 20.0, 20.0, 6.202912537678441, 5.667460412983819, 5.537462254548638, 5.6314665678616045, 6.061469095944418, 20.0, 20.0, 20.0, 20.0, 20.0, 20.0, 20.0, 13.576167216198785, 12.517667196982854, 12.749372072339783, 20.0, 20.0, 11.554493444530987, 11.768714487735474, 12.084738463994341, 12.51608651361446, 13.082619168201033, 13.812979995416326]",-0.06020235785728545,-0.08092263087725371,0.1964,-0.2019,0.051,-0.0738,9.9802,0.0044,-0.0118,-9.8064,15.3,,50.0,,,,0.9634,0.4709,1.0723,206.05,14.94,1.22388,0.0466,266.33,23.169,1,78.11,74.315,1,3,10,0.7,9.792,0,0.0,0,0
1790743444.4030113,47.397965199999994,8.5464706,9.528000831604004,-0.005379848647862673,-0.05367026478052139,0.0009936433052644134,232.76,-0.0607375839723287,-0.0794414620535418,0.0,-122.58397140502927,5.563423506572405,19.999971026125277,0.2852722406387329,-37.29209790176296,-5.393534078681111,0.05373020418973571,14.0,0.0,0.0,"[14.362121298253067, 15.450466011343568, 16.856085386787264, 18.699614151299922, 20.0, 20.0, 20.0, 20.0, 20.0, 20.0, 20.0, 20.0, 20.0, 20.0, 20.0, 20.0, 20.0, 20.0, 20.0, 20.0, 20.0, 20.0, 20.0, 20.0, 20.0, 20.0, 20.0, 20.0, 20.0, 20.0, 20.0, 20.0, 20.0, 20.0, 20.0, 20.0, 20.0, 20.0, 20.0, 20.0, 20.0, 20.0, 20.0, 20.0, 20.0, 20.0, 20.0, 20.0, 20.0, 20.0, 5.808336412473579, 5.563423506572405, 5.566039166894869, 5.818854665988155, 20.0, 20.0, 20.0, 20.0, 20.0, 20.0, 20.0, 20.0, 12.693339976039551, 12.550434573433693, 20.0, 20.0, 13.313558886530917, 11.681993432531527, 11.956609671879672, 12.340628510034419, 12.85118430278434, 13.513089874945898]",-0.06020235785728545,-0.08092263087725371,0.1934,-0.1879,0.0078,0.1774,9.9737,0.0061,-0.0127,-9.8107,15.3,,50.0,,,,1.0236,0.5797,1.1763,209.53,14.94,1.22388,0.0539,264.28,23.159,1,78.31,74.325,1,3,10,0.7,9.786,0,0.0,0,0
1790743444.6043632,47.397965199999994,8.5464704,9.527000427246094,-0.0037922142073512077,-0.05891242250800133,0.0011196295963600278,234.73000000000002,-0.057743021654867256,-0.08164400437365583,0.0,-120.46765853881834,5.544922293524795,19.9999791388102,0.2880696654319763,-35.16078552744392,-5.884827943929175,0.0589535680832554,14.0,0.0,0.0,"[13.985644080922507, 14.965054853967978, 16.2247497151852, 17.864463891915264, 20.0, 20.0, 20.0, 20.0, 20.0, 20.0, 20.0, 20.0, 20.0, 20.0, 20.0, 20.0, 20.0, 20.0, 20.0, 20.0, 20.0, 20.0, 20.0, 20.0, 20.0, 20.0, 20.0, 20.0, 20.0, 20.0, 20.0, 20.0, 20.0, 20.0, 20.0, 20.0, 20.0, 20.0, 20.0, 20.0, 20.0, 20.0, 20.0, 20.0, 20.0, 20.0, 20.0, 20.0, 20.0, 20.0, 6.071501338802646, 5.639388650109743, 5.544922293524795, 5.675020257743237, 6.211959093158557, 20.0, 20.0, 20.0, 20.0, 20.0, 20.0, 20.0, 13.15316056974358, 12.511023555120822, 12.933988534262607, 20.0, 18.63848637658807, 11.604358825223844, 11.836315665250384, 12.172262466779676, 12.626740803305516, 13.220995673361903]",-0.06020235785728545,-0.08092263087725371,0.1801,-0.1715,-0.0081,0.0652,9.9085,-0.0026,-0.009,-9.8136,15.3,,50.0,,,,1.0454,0.6153,1.2131,210.48,14.94,1.22388,0.059,266.32,23.15,1,78.51,74.335,1,3,10,0.7,9.747,0,0.0,0,0
1790743444.8029375,47.397965299999996,8.5464703,9.527000427246094,-0.001079206238500774,-0.06432074308395386,0.0010940046049654484,236.71,-0.055120907258337015,-0.08343671603687319,0.0,-118.64723510742186,5.56309869666417,19.999984979943346,0.29318660497665405,-33.338540920059756,-6.57032259088702,0.06432911632519325,14.0,0.0,0.0,"[13.6978007708207, 14.593601484097208, 15.742964043692034, 17.231198214119793, 19.191491907439406, 20.0, 20.0, 20.0, 20.0, 20.0, 20.0, 20.0, 20.0, 20.0, 20.0, 20.0, 20.0, 20.0, 20.0, 20.0, 20.0, 20.0, 20.0, 20.0, 20.0, 20.0, 20.0, 20.0, 20.0, 20.0, 20.0, 20.0, 20.0, 20.0, 20.0, 20.0, 20.0, 20.0, 20.0, 20.0, 20.0, 20.0, 20.0, 20.0, 20.0, 20.0, 20.0, 20.0, 20.0, 20.0, 6.709142743083341, 5.753234691551427, 5.56309869666417, 5.606486694133256, 5.929433902369677, 20.0, 20.0, 20.0, 20.0, 20.0, 20.0, 20.0, 20.0, 12.604083721946928, 12.659257075820259, 20.0, 20.0, 11.615220499755896, 11.751294724325705, 12.048274074999858, 12.457923713143732, 12.998821500656502]",-0.06020235785728545,-0.08092263087725371,0.1517,-0.172,-0.1355,0.0117,10.0833,0.0117,-0.011,-9.8249,15.3,,50.0,,,,0.8679,0.5653,1.0358,213.08,14.94,1.22388,0.0643,269.04,23.14,1,78.71,74.346,1,3,10,0.7,9.691,0,0.0,0,0
1790743445.0047908,47.397965299999996,8.546470099999999,9.528000831604004,0.0002447181032039225,-0.07112429291009903,0.0004510900762397796,238.74,-0.05189224605279716,-0.0854821314638092,0.0,-116.43850112915038,5.570111328238848,19.99998918555921,0.29782235622406006,-31.14634162413799,-7.053017290110407,0.07111581340243132,14.0,0.0,0.0,"[13.387432810895788, 14.192329789097641, 15.223475607216393, 16.5520373233712, 18.28714333631146, 20.0, 20.0, 20.0, 20.0, 20.0, 20.0, 20.0, 20.0, 20.0, 20.0, 20.0, 20.0, 20.0, 20.0, 20.0, 20.0, 20.0, 20.0, 20.0, 20.0, 20.0, 20.0, 20.0, 20.0, 20.0, 20.0, 20.0, 20.0, 20.0, 20.0, 20.0, 20.0, 20.0, 20.0, 20.0, 20.0, 20.0, 20.0, 20.0, 20.0, 20.0, 20.0, 20.0, 20.0, 20.0, 20.0, 5.977389076213637, 5.627095029652748, 5.570111328238848, 5.7442727666916165, 6.501438345096827, 20.0, 20.0, 20.0, 20.0, 20.0, 20.0, 20.0, 12.914210391578077, 12.541533947621987, 13.266436017409273, 20.0, 15.610527213315049, 11.668466712968124, 11.920678114315413, 12.279552822212503, 12.760838431963865]",-0.06020235785728545,-0.08092263087725371,0.1137,-0.162,-0.2539,0.1306,10.0955,-0.001,-0.0124,-9.8046,15.3,,50.0,,,,0.8586,0.5214,1.0045,211.27,14.94,1.22388,0.0711,270.2,23.125,1,78.91,74.362,1,3,10,0.7,9.712,0,0.0,0,0
1790743445.2054439,47.397965299999996,8.5464699,9.529000282287598,0.0007651727646589279,-0.07716286182403564,0.0003621882642619312,240.75,-0.051980659567868744,-0.09412643839190893,0.0,-114.44007110595703,5.579226956928472,19.99999221360263,0.30261582136154175,-29.13399137821878,-7.288751352102231,0.0771471166078109,14.0,0.0,0.01862958702005152,"[13.136196409491411, 13.86574044440721, 14.800345797433598, 16.000625184134872, 17.558188709037786, 19.617091099060644, 20.0, 20.0, 20.0, 20.0, 20.0, 20.0, 20.0, 20.0, 20.0, 20.0, 20.0, 20.0, 20.0, 20.0, 20.0, 20.0, 20.0, 20.0, 20.0, 20.0, 20.0, 20.0, 20.0, 20.0, 20.0, 20.0, 20.0, 20.0, 20.0, 20.0, 20.0, 20.0, 20.0, 20.0, 20.0, 20.0, 20.0, 20.0, 20.0, 20.0, 20.0, 20.0, 20.0, 20.0, 20.0, 6.404721323662469, 5.738564344406804, 5.579226956928472, 5.6495691065040745, 6.029025965188075, 20.0, 20.0, 20.0, 20.0, 20.0, 20.0, 20.0, 13.789971070269976, 12.585935692448842, 12.797421527085252, 20.0, 20.0, 11.612280757779105, 11.825127325822635, 12.14004047058704, 12.570471644596635]",-0.06020235785728545,-0.08092263087725371,0.0794,-0.1351,-0.128,0.2319,10.0651,-0.0122,-0.0198,-9.8006,15.3,,50.0,,,,0.8203,0.4539,0.9375,208.96,14.94,1.22388,0.0772,270.57,23.107,1,79.11,74.38,1,3,10,0.7,9.737,0,0.0,0,0
1790743445.4053247,47.3979654,8.5464696,9.528000831604004,0.000669049215503037,-0.08202599734067917,0.0009969944367185235,242.79,-0.049863460114195665,-0.09829743523776568,0.0,-112.39244934082035,5.602994292888185,19.999994393793894,0.30684101581573486,-27.091836290544478,-7.2381282664698166,0.08201076044475335,14.0,0.0,0.0011011881344119502,"[12.907262731887194, 13.56683476053479, 14.413045542166167, 15.49763330766038, 16.89780256984199, 18.73283138837193, 20.0, 20.0, 20.0, 20.0, 20.0, 20.0, 20.0, 20.0, 20.0, 20.0, 20.0, 20.0, 20.0, 20.0, 20.0, 20.0, 20.0, 20.0, 20.0, 20.0, 20.0, 20.0, 20.0, 20.0, 20.0, 20.0, 20.0, 20.0, 20.0, 20.0, 20.0, 20.0, 20.0, 20.0, 20.0, 20.0, 20.0, 20.0, 20.0, 20.0, 20.0, 20.0, 20.0, 20.0, 20.0, 20.0, 5.922427926732402, 5.628249917605416, 5.602994292888185, 5.82004692458904, 20.0, 20.0, 20.0, 20.0, 20.0, 20.0, 20.0, 20.0, 12.787793478184426, 12.61428016540165, 20.0, 20.0, 13.490619932898612, 11.744574984009013, 12.016938458083239, 12.39883729117774]",-0.06020235785728545,-0.08092263087725371,0.0696,-0.1485,-0.0199,-0.0248,10.1917,0.0025,-0.0091,-9.8011,15.3,,50.0,,,,0.8462,0.5604,1.015,213.52,14.94,1.22388,0.082,270.47,23.089,1,79.31,74.398,1,3,10,0.7,9.725,0,0.0,0,0
1790743445.6059363,47.3979654,8.5464694,9.526000022888184,-0.0009006900363601744,-0.0871707946062088,0.0005950024933554232,244.84,-0.04740746409184385,-0.10224982212354204,0.0,-110.33699623107907,5.596746241022993,19.999995963531603,0.3088493347167969,-25.040512080399196,-6.888935628386977,0.08717516772719378,14.0,0.0,0.0011565579438287,"[12.701980162348145, 13.29692983090224, 14.062636616525515, 15.043403903492273, 16.30462144585758, 17.945745093030787, 20.0, 20.0, 20.0, 20.0, 20.0, 20.0, 20.0, 20.0, 20.0, 20.0, 20.0, 20.0, 20.0, 20.0, 20.0, 20.0, 20.0, 20.0, 20.0, 20.0, 20.0, 20.0, 20.0, 20.0, 20.0, 20.0, 20.0, 20.0, 20.0, 20.0, 20.0, 20.0, 20.0, 20.0, 20.0, 20.0, 20.0, 20.0, 20.0, 20.0, 20.0, 20.0, 20.0, 20.0, 20.0, 20.0, 6.254822555686637, 5.723011414228377, 5.596746241022993, 5.6987848964633026, 6.15750904757552, 20.0, 20.0, 20.0, 20.0, 20.0, 20.0, 20.0, 13.273287290748844, 12.592982287372466, 13.003201205892674, 20.0, 18.803662895704075, 11.680022607915948, 11.911392923014205, 12.247207277980163]",-0.06020235785728545,-0.08092263087725371,0.0653,-0.1612,0.1115,0.0102,10.2185,0.0075,-0.0176,-9.817,15.3,,50.0,,,,0.9478,0.6291,1.1376,213.57,14.94,1.22388,0.0872,269.41,23.071,1,79.51,74.416,1,3,10,0.7,9.721,0,0.0,0,0
1790743445.8081024,47.3979654,8.5464691,9.52400016784668,-0.0028196305502206087,-0.09442438185214996,0.0008120718412101269,246.9,-0.04590065494757828,-0.10897587664088867,0.0,-108.27629241943362,5.631579467313703,19.999997093742753,0.308366060256958,-22.98005612831571,-6.551267872093282,0.09445282933691766,14.0,0.0,0.0007772386491982672,"[12.521793271593582, 13.056868665872583, 13.749023876052496, 14.636296917531705, 15.774321688509852, 17.246560596475454, 19.18292247730171, 20.0, 20.0, 20.0, 20.0, 20.0, 20.0, 20.0, 20.0, 20.0, 20.0, 20.0, 20.0, 20.0, 20.0, 20.0, 20.0, 20.0, 20.0, 20.0, 20.0, 20.0, 20.0, 20.0, 20.0, 20.0, 20.0, 20.0, 20.0, 20.0, 20.0, 20.0, 20.0, 20.0, 20.0, 20.0, 20.0, 20.0, 20.0, 20.0, 20.0, 20.0, 20.0, 20.0, 20.0, 20.0, 20.0, 5.884517234568271, 5.631579467313703, 5.633100546448072, 5.890678636721049, 20.0, 20.0, 20.0, 20.0, 20.0, 20.0, 20.0, 20.0, 12.72599012610828, 12.716862748441192, 20.0, 20.0, 12.005813692902395, 11.825563487369422, 12.117437148047935]",-0.06020235785728545,-0.08092263087725371,0.0699,-0.1486,0.0422,0.1983,10.294,0.0005,-0.0128,-9.8105,15.3,,50.0,,,,1.0818,0.6983,1.2876,212.84,14.94,1.22388,0.0945,268.29,23.05,1,79.71,74.437,1,3,10,0.7,9.727,0,0.0,0,0
1790743446.0084455,47.3979654,8.5464688,9.520000457763672,-0.00532133923843503,-0.09942895174026489,0.0011340782511979342,248.96,-0.05294644951853936,-0.13933584548506406,0.0,-106.2179804229736,5.611241074515293,19.99999790749478,0.3049170970916748,-20.920773392087312,-5.848670644062346,0.09948861203424367,14.0,0.0,0.002119754971993914,"[12.362532344343773, 12.841935774874523, 13.466644583803813, 14.269392124621964, 15.297714718758305, 16.62208830209739, 18.35040059165754, 20.0, 20.0, 20.0, 20.0, 20.0, 20.0, 20.0, 20.0, 20.0, 20.0, 20.0, 20.0, 20.0, 20.0, 20.0, 20.0, 20.0, 20.0, 20.0, 20.0, 20.0, 20.0, 20.0, 20.0, 20.0, 20.0, 20.0, 20.0, 20.0, 20.0, 20.0, 20.0, 20.0, 20.0, 20.0, 20.0, 20.0, 20.0, 20.0, 20.0, 20.0, 20.0, 20.0, 20.0, 20.0, 20.0, 6.164824014138856, 5.710817108886912, 5.611241074515293, 5.741218479679512, 6.288066234998864, 20.0, 20.0, 20.0, 20.0, 20.0, 20.0, 20.0, 13.071660242756696, 12.631702225647333, 13.280106952584015, 20.0, 16.109472366442468, 11.755879883829277, 12.0057166366457]",-0.06020235785728545,-0.08092263087725371,0.0789,-0.139,0.163,0.0403,10.2131,-0.003,-0.0147,-9.8165,15.3,,50.0,,,,1.1053,0.7014,1.3091,212.4,14.94,1.22388,0.0996,266.94,23.03,1,79.91,74.458,1,3,10,0.7,9.707,0,0.0,0,0
1790743446.2097967,47.397965299999996,8.546468599999999,9.517000198364258,-0.006858818233013153,-0.10197962820529938,0.001318085938692093,251.0,-0.0586895350297585,-0.17248840677309704,0.0,-104.17395782470703,5.630477484372335,19.99999849339624,0.30205458402633667,-18.88139529997207,-5.088989809915848,0.10205802854172101,14.0,0.0,0.0016524985800484954,"[12.220585396222564, 12.648292868362834, 13.211216717970183, 13.937595688474092, 14.868237203682547, 16.06304905051327, 17.61242508102631, 19.65818375292731, 20.0, 20.0, 20.0, 20.0, 20.0, 20.0, 20.0, 20.0, 20.0, 20.0, 20.0, 20.0, 20.0, 20.0, 20.0, 20.0, 20.0, 20.0, 20.0, 20.0, 20.0, 20.0, 20.0, 20.0, 20.0, 20.0, 20.0, 20.0, 20.0, 20.0, 20.0, 20.0, 20.0, 20.0, 20.0, 20.0, 20.0, 20.0, 20.0, 20.0, 20.0, 20.0, 20.0, 20.0, 20.0, 20.0, 5.845737148987365, 5.630477484372335, 5.65894184142229, 5.96157831773529, 20.0, 20.0, 20.0, 20.0, 20.0, 20.0, 20.0, 20.0, 12.695738351648266, 12.848382304005277, 20.0, 20.0, 11.69882241382313, 11.908524570311734]",-0.06020235785728545,-0.08092263087725371,0.0956,-0.3049,0.1575,-0.8676,10.2842,0.0015,-0.0075,-9.812,15.3,,50.0,,,,1.0289,0.8124,1.311,218.29,14.94,1.22388,0.1022,266.15,23.014,1,80.11,74.475,1,3,10,0.7,9.722,0,0.0,0,0
1790743446.409106,47.3979654,8.5464684,9.51400089263916,-0.007037448696792126,-0.10922445356845856,0.0009630760177969933,253.03,-0.26108358339405596,-0.9480745220911763,0.0,-102.16521522521975,5.628032953859474,19.999998915245293,0.3040042519569397,-16.850180638183673,-4.791791628112667,0.10930503538395459,14.0,0.0,0.7682514513347828,"[12.096283785277306, 12.475560721582374, 12.981386077276252, 13.638143193016637, 14.480976913582555, 15.561076610871671, 16.954722450002173, 18.779536282883107, 20.0, 20.0, 20.0, 20.0, 20.0, 20.0, 20.0, 20.0, 20.0, 20.0, 20.0, 20.0, 20.0, 20.0, 20.0, 20.0, 20.0, 20.0, 20.0, 20.0, 20.0, 20.0, 20.0, 20.0, 20.0, 20.0, 20.0, 20.0, 20.0, 20.0, 20.0, 20.0, 20.0, 20.0, 20.0, 20.0, 20.0, 20.0, 20.0, 20.0, 20.0, 20.0, 20.0, 20.0, 20.0, 20.0, 6.073756829920856, 5.695309724013197, 5.628032953859474, 5.79496571509217, 6.5162560896042665, 20.0, 20.0, 20.0, 20.0, 20.0, 20.0, 20.0, 12.926880278071673, 12.688208915459224, 13.817524052469723, 20.0, 13.97610966948453, 11.826740651095262]",-0.06020235785728545,-0.08092263087725371,0.096,-0.551,0.0623,-1.2416,10.2315,-0.0036,-0.0102,-9.8139,15.3,,50.0,,,,1.1602,0.8723,1.4515,216.94,14.94,1.22388,0.1095,266.31,22.999,1,80.31,74.49,1,3,10,0.7,9.741,0,0.0,0,0
1790743446.6098833,47.3979654,8.5464682,9.517000198364258,-0.022677859291434288,-0.17507676780223846,-0.025203529745340347,255.04,-0.3278650759367351,-1.3316275359336727,0.0,-100.14367385864261,5.639594434522229,19.999999218976612,0.3063599467277527,-14.83867527457491,-4.438381378640548,0.17535292928072657,14.0,0.0,0.0,"[11.994967293409221, 12.329002002425423, 12.782241214534388, 13.375758944833386, 14.13993172910395, 15.118746205870846, 16.377061814207345, 18.01338782563986, 20.0, 20.0, 20.0, 20.0, 20.0, 20.0, 20.0, 20.0, 20.0, 20.0, 20.0, 20.0, 20.0, 20.0, 20.0, 20.0, 20.0, 20.0, 20.0, 20.0, 20.0, 20.0, 20.0, 20.0, 20.0, 20.0, 20.0, 20.0, 20.0, 20.0, 20.0, 20.0, 20.0, 20.0, 20.0, 20.0, 20.0, 20.0, 20.0, 20.0, 20.0, 20.0, 20.0, 20.0, 20.0, 20.0, 6.592609290896894, 5.813993187878273, 5.639594434522229, 5.701334005759277, 6.069274055154785, 20.0, 20.0, 20.0, 20.0, 20.0, 20.0, 20.0, 13.490610796985106, 12.688654471355255, 13.042047645802546, 20.0, 19.58865631894496, 11.765737703385978]",-0.06020235785728545,-0.08092263087725371,0.0715,-5.0168,0.3594,-19.3149,10.1382,-0.0216,-0.0049,-9.8033,15.3,,50.0,,,,1.1303,0.8463,1.412,216.82,14.94,1.22388,0.1765,262.62,22.98,1,80.51,74.509,1,3,10,0.7,9.731,0,0.0,0,0
1790743446.811371,47.397965299999996,8.5464675,9.523000717163086,-0.07640327513217926,-0.3906104862689972,-0.029587337747216225,257.06,-0.2956147538625774,-1.4031443680598477,0.0,-98.11271614074707,5.660774832143169,19.99999943766316,0.3006608486175537,-12.819390745594603,-1.8726957940428306,0.3915421409649683,14.0,0.0,0.026154931021429823,"[11.942711156400831, 12.23426193566252, 12.639001291001653, 13.175137882182803, 13.869001605288101, 14.758578321085789, 15.899390949513178, 17.37465325709716, 19.313710185363306, 20.0, 20.0, 20.0, 20.0, 20.0, 20.0, 20.0, 20.0, 20.0, 20.0, 20.0, 20.0, 20.0, 20.0, 20.0, 20.0, 20.0, 20.0, 20.0, 20.0, 20.0, 20.0, 20.0, 20.0, 20.0, 20.0, 20.0, 20.0, 20.0, 20.0, 20.0, 20.0, 20.0, 20.0, 20.0, 20.0, 20.0, 20.0, 20.0, 20.0, 20.0, 20.0, 20.0, 20.0, 20.0, 20.0, 6.049032121794531, 5.708063504881011, 5.660774832143169, 5.854545997625564, 20.0, 20.0, 20.0, 20.0, 20.0, 20.0, 20.0, 20.0, 12.874930440209246, 12.814150592535452, 20.0, 20.0, 12.301926530884627]",-0.06020235785728545,-0.08092263087725371,-0.0836,-8.5026,0.4728,-8.6395,10.0438,-0.0446,-0.0095,-9.8098,15.3,,50.0,,,,1.2226,0.7369,1.4275,211.08,14.94,1.22388,0.398,258.93,22.929,1,80.71,74.56,1,3,10,0.7,9.736,0,0.0,0,0
1790743447.0120687,47.3979651,8.546465999999999,9.527000427246094,-0.14167633652687073,-0.6798720359802246,-0.010618881322443485,259.05,-0.2613804558466019,-1.4714216747090405,0.0,-96.14867706298827,5.694398935131196,19.999999595117476,0.28007811307907104,-10.834390896333304,0.8212231518347594,0.6814956880365561,14.0,0.0,0.09403437889799043,"[11.972231772026031, 12.224892725510164, 12.586302332040582, 13.072250447764189, 13.705727635505566, 14.519860459236217, 15.56274361563759, 16.905647125395355, 18.657600301697162, 20.0, 20.0, 20.0, 20.0, 20.0, 20.0, 20.0, 20.0, 20.0, 20.0, 20.0, 20.0, 20.0, 20.0, 20.0, 20.0, 20.0, 20.0, 20.0, 20.0, 20.0, 20.0, 20.0, 20.0, 20.0, 20.0, 20.0, 20.0, 20.0, 20.0, 20.0, 20.0, 20.0, 20.0, 20.0, 20.0, 20.0, 20.0, 20.0, 20.0, 20.0, 20.0, 20.0, 20.0, 20.0, 20.0, 20.0, 5.889803889868261, 5.694398935131196, 5.742753864748606, 6.089546972749617, 20.0, 20.0, 20.0, 20.0, 20.0, 20.0, 20.0, 13.385922461143412, 12.838634294174438, 13.40860929634082, 20.0, 16.59186702329061]",-0.06020235785728545,-0.08092263087725371,-0.1045,-8.692,1.6486,5.2416,9.9956,-0.0594,-0.0068,-9.8201,15.3,,50.0,,,,1.1582,0.7567,1.3835,213.16,14.94,1.22388,0.6945,258.23,22.815,1,80.92,74.677,1,3,10,0.7,9.735,0,0.0027,0,0
1790743447.21272,47.3979648,8.5464636,9.526000022888184,-0.18983185291290283,-0.951617956161499,0.0010641183471307158,260.99,-0.223859126670717,-1.53600974052864,0.0,-94.18505073547362,5.74107971341009,19.999999708484584,0.24628949165344238,-8.903752844008437,2.2714614006150553,0.9535499714789356,14.0,0.0,0.09952025104328066,"[12.084956613377344, 12.301775517761225, 12.624350744623326, 13.066419694678, 13.648212517793041, 14.398920487286594, 15.360728304386953, 16.595568383903604, 18.196895685405227, 20.0, 20.0, 20.0, 20.0, 20.0, 20.0, 20.0, 20.0, 20.0, 20.0, 20.0, 20.0, 20.0, 20.0, 20.0, 20.0, 20.0, 20.0, 20.0, 20.0, 20.0, 20.0, 20.0, 20.0, 20.0, 20.0, 20.0, 20.0, 20.0, 20.0, 20.0, 20.0, 20.0, 20.0, 20.0, 20.0, 20.0, 20.0, 20.0, 20.0, 20.0, 20.0, 20.0, 20.0, 20.0, 20.0, 20.0, 6.351651469949272, 5.850800848261124, 5.74107971341009, 5.870932158044416, 6.438474263491911, 20.0, 20.0, 20.0, 20.0, 20.0, 20.0, 20.0, 13.09904767352472, 13.169963009895287, 20.0, 20.0]",-0.06020235785728545,-0.08092263087725371,0.0608,-7.3613,1.9584,8.2876,9.9863,-0.0922,-0.0019,-9.8507,15.3,,50.0,,,,1.0673,0.7788,1.3212,216.12,14.94,1.22388,0.9704,258.72,22.634,1,81.12,74.861,1,3,10,0.7,9.738,0,0.3097,0,0
1790743447.4127693,47.3979645,8.5464605,9.523000717163086,-0.21427221596240997,-1.1732208728790283,0.004337456077337265,262.92,-0.1825852250484374,-1.5979919452329316,0.0,-92.26084144592284,5.8308222583664,19.9999997901089,0.20485270023345947,-6.986636557188319,3.270190866781244,1.1750569805535396,14.0,0.0,0.10718707175661843,"[14.564489345144063, 12.44498624438759, 12.730897442266235, 13.132551412864048, 13.667783805778855, 14.362449013847458, 15.253815011867376, 16.39618405724059, 17.870525936010452, 19.8018042479175, 20.0, 20.0, 20.0, 20.0, 20.0, 20.0, 20.0, 20.0, 20.0, 20.0, 20.0, 20.0, 20.0, 20.0, 20.0, 20.0, 20.0, 20.0, 20.0, 20.0, 20.0, 20.0, 20.0, 20.0, 20.0, 20.0, 20.0, 20.0, 20.0, 20.0, 20.0, 20.0, 20.0, 20.0, 20.0, 20.0, 20.0, 20.0, 20.0, 20.0, 20.0, 20.0, 20.0, 20.0, 20.0, 20.0, 20.0, 6.242480689925464, 5.879495751745707, 5.8308222583664, 6.038102688427457, 20.0, 20.0, 20.0, 20.0, 20.0, 20.0, 20.0, 13.663625051436766, 13.244728010429487, 14.104068585063064, 20.0]",-0.06020235785728545,-0.08092263087725371,0.294,-5.917,1.8206,7.2841,10.0543,-0.1221,-0.0049,-9.8379,15.3,,50.0,,,,1.0168,0.7584,1.2684,216.72,14.94,1.22388,1.1926,259.65,22.402,1,81.32,75.098,1,3,10,0.7,9.759,0,0.5584,0,0
1790743447.6141016,47.397964099999996,8.546456899999999,9.52400016784668,-0.21775437891483307,-1.3439332246780396,0.0036923554725944996,264.86,-0.13727556406943947,-1.6576807554564013,0.0,-90.31453575134276,5.953471836554846,19.99999984887841,0.16036856174468994,-5.062294720275588,4.063518403498007,1.345415008986939,14.0,0.0,0.11561712808360028,"[20.0, 12.636849515844641, 12.886761040360867, 13.249628815536143, 13.74113245233299, 14.38419601781325, 15.211858707971524, 16.27198381165683, 17.63520844290373, 19.40895418242703, 20.0, 20.0, 20.0, 20.0, 20.0, 20.0, 20.0, 20.0, 20.0, 20.0, 20.0, 20.0, 20.0, 20.0, 20.0, 20.0, 20.0, 20.0, 20.0, 20.0, 20.0, 20.0, 20.0, 20.0, 20.0, 20.0, 20.0, 20.0, 20.0, 20.0, 20.0, 20.0, 20.0, 20.0, 20.0, 20.0, 20.0, 20.0, 20.0, 20.0, 20.0, 20.0, 20.0, 20.0, 20.0, 20.0, 20.0, 20.0, 6.2377126525341104, 5.953471836554846, 5.955516475816198, 6.246310254842758, 20.0, 20.0, 20.0, 20.0, 20.0, 20.0, 20.0, 13.550816546229136, 13.740879188097677, 20.0]",-0.06020235785728545,-0.08092263087725371,0.5183,-4.7908,1.5283,5.2712,10.1487,-0.1434,0.0056,-9.8264,15.3,,50.0,,,,1.0889,0.8141,1.3595,216.78,14.94,1.22388,1.3615,260.8,22.134,1,81.52,75.372,1,3,10,0.7,9.749,0,0.6817,0,0
1790743447.8138745,47.3979637,8.546453,9.52400016784668,-0.2056989222764969,-1.473005771636963,0.0032094703055918217,266.8,-0.08830626215746022,-1.71442687818584,0.0,-90.06025972146602,6.061095208598454,19.999999891192456,0.11666363477706909,-3.1397402785339636,4.74969976859139,1.474040443001084,14.0,0.0,0.12416035412040483,"[20.0, 13.204448187991673, 13.077918592731436, 13.402905501210487, 13.85256892167033, 14.44722088123288, 15.216214925256157, 16.201913791108183, 17.46630123221403, 19.10242366828854, 20.0, 20.0, 20.0, 20.0, 20.0, 20.0, 20.0, 20.0, 20.0, 20.0, 20.0, 20.0, 20.0, 20.0, 20.0, 20.0, 20.0, 20.0, 20.0, 20.0, 20.0, 20.0, 20.0, 20.0, 20.0, 20.0, 20.0, 20.0, 20.0, 20.0, 20.0, 20.0, 20.0, 20.0, 20.0, 20.0, 20.0, 20.0, 20.0, 20.0, 20.0, 20.0, 20.0, 20.0, 20.0, 20.0, 20.0, 20.0, 20.0, 6.285387937490494, 6.061095208598454, 6.11341120614258, 6.512086818602658, 20.0, 20.0, 20.0, 20.0, 20.0, 20.0, 14.134189149828378, 13.807090508234353, 20.0]",-0.06020235785728545,-0.08092263087725371,0.7195,-4.0407,1.4051,3.5647,10.1635,-0.1551,0.0098,-9.8171,15.3,,50.0,,,,1.1055,0.928,1.4433,220.01,14.94,1.22388,1.4873,262.05,21.843,1,81.72,75.668,1,3,10,0.7,9.742,0,0.7656,0,0
1790743448.015437,47.3979633,8.5464489,9.523000717163086,-0.18173232674598694,-1.5739989280700684,0.0026563142891973257,268.66,-0.038101320215907515,-1.7657574220634924,0.0,-90.04184860218686,6.199254819962843,19.999999921658567,0.07591068744659424,-1.2981513978131147,5.24614999153786,1.5746042227124155,14.0,0.0,0.12588579635529973,"[20.0, 17.423894562293594, 13.302180176866912, 13.591461138933143, 14.002540544812035, 14.553477279472318, 15.270521214281391, 16.19149677369749, 17.37138348858391, 18.891823233418545, 20.0, 20.0, 20.0, 20.0, 20.0, 20.0, 20.0, 20.0, 20.0, 20.0, 20.0, 20.0, 20.0, 20.0, 20.0, 20.0, 20.0, 20.0, 20.0, 20.0, 20.0, 20.0, 20.0, 20.0, 20.0, 20.0, 20.0, 20.0, 20.0, 20.0, 20.0, 20.0, 20.0, 20.0, 20.0, 20.0, 20.0, 20.0, 20.0, 20.0, 20.0, 20.0, 20.0, 20.0, 20.0, 20.0, 20.0, 20.0, 20.0, 7.271228361583499, 6.365116866829646, 6.199254819962843, 6.311979503770379, 6.8978655768828405, 20.0, 20.0, 20.0, 20.0, 20.0, 20.0, 14.107196329440464, 14.466617719622162]",-0.06020235785728545,-0.08092263087725371,0.8801,-3.5942,0.7814,2.3334,8.8091,-0.1631,-0.0012,-9.8284,15.3,,50.0,,,,0.9982,1.0112,1.4209,225.37,14.94,1.22388,1.5845,263.41,21.534,1,81.92,75.981,1,3,10,0.7,9.766,0,0.874,0,0
1790743448.216289,47.397963,8.5464445,9.522000312805176,-0.1481090933084488,-1.6566463708877563,0.0022510597482323647,270.08,0.002245142963889445,-1.7972868924317689,0.0,-90.02533783712892,6.377452443731586,19.99999994359417,0.0430414080619812,0.10533783712889999,5.188829878197302,1.6569312596668648,14.0,0.0,0.10088064508311409,"[20.0, 20.0, 13.569746844212073, 13.83323914290081, 14.217513393277507, 14.739125967966693, 15.422313400095058, 16.302011813561656, 17.42880552831572, 18.877268158779398, 20.0, 20.0, 20.0, 20.0, 20.0, 20.0, 20.0, 20.0, 20.0, 20.0, 20.0, 20.0, 20.0, 20.0, 20.0, 20.0, 20.0, 20.0, 20.0, 20.0, 20.0, 20.0, 20.0, 20.0, 20.0, 20.0, 20.0, 20.0, 20.0, 20.0, 20.0, 20.0, 20.0, 20.0, 20.0, 20.0, 20.0, 20.0, 20.0, 20.0, 20.0, 20.0, 20.0, 20.0, 20.0, 20.0, 20.0, 20.0, 20.0, 20.0, 6.974639217167707, 6.458709365428174, 6.377452443731586, 6.596419405726559, 20.0, 20.0, 20.0, 20.0, 20.0, 20.0, 14.57815514252946, 14.518148564187769]",-0.06020235785728545,-0.08092263087725371,0.9716,-3.3141,0.3422,1.6358,5.5806,-0.1805,0.012,-9.823,15.3,,50.0,,,,0.997,1.0121,1.4206,225.43,14.94,1.22388,1.6633,264.89,21.211,1,82.12,76.307,1,3,10,0.7,9.799,0,0.9529,0,0
1790743448.4159656,47.397962799999995,8.5464401,9.522000312805176,-0.11002293974161148,-1.7246367931365967,0.0021230927668511868,270.79,0.022540569598941886,-1.7790780209284474,0.0,-90.01135495220956,6.581999137736584,19.9999999593878,0.018067598342895508,0.8013549522095786,4.440228951087508,1.7247273942610226,14.0,0.0,0.05039265912709001,"[20.0, 20.0, 13.880806995732044, 14.134335461531942, 14.509780106323912, 15.023169895372952, 15.698076204597585, 16.568501868979556, 17.68360381071568, 19.11561419944556, 20.0, 20.0, 20.0, 20.0, 20.0, 20.0, 20.0, 20.0, 20.0, 20.0, 20.0, 20.0, 20.0, 20.0, 20.0, 20.0, 20.0, 20.0, 20.0, 20.0, 20.0, 20.0, 20.0, 20.0, 20.0, 20.0, 20.0, 20.0, 20.0, 20.0, 20.0, 20.0, 20.0, 20.0, 20.0, 20.0, 20.0, 20.0, 20.0, 20.0, 20.0, 20.0, 20.0, 20.0, 20.0, 20.0, 20.0, 20.0, 20.0, 20.0, 20.0, 6.8607005583974185, 6.581999137736584, 6.63407615979528, 7.104727355445294, 20.0, 20.0, 20.0, 20.0, 20.0, 15.090778717289332, 14.770180418002075]",-0.06020235785728545,-0.08092263087725371,1.0449,-3.0486,0.2666,1.5651,1.8341,-0.1837,0.0053,-9.8054,15.3,,50.0,,,,0.9859,1.0159,1.4156,225.86,14.94,1.22388,1.7281,266.35,20.878,1,82.32,76.643,1,3,10,0.7,9.769,0,1.0203,0,0
1790743448.6162636,47.3979626,8.5464355,9.52400016784668,-0.06876344978809357,-1.778056025505066,0.0023839916102588177,270.84000000000003,0.023977875948955053,-1.7779969830215716,0.0,-90.00196629651879,6.797352899301737,19.999999970759216,0.002931833267211914,0.8419662965188195,3.0547181933582266,1.778065406021147,14.0,0.0,0.0029058142811374536,"[20.0, 20.0, 14.227738088731547, 14.486451874651262, 14.870014448980681, 15.394791076294776, 16.084856059818723, 16.974940097205064, 18.115247412168845, 19.579532713644866, 20.0, 20.0, 20.0, 20.0, 20.0, 20.0, 20.0, 20.0, 20.0, 20.0, 20.0, 20.0, 20.0, 20.0, 20.0, 20.0, 20.0, 20.0, 20.0, 20.0, 20.0, 20.0, 20.0, 20.0, 20.0, 20.0, 20.0, 20.0, 20.0, 20.0, 20.0, 20.0, 20.0, 20.0, 20.0, 20.0, 20.0, 20.0, 20.0, 20.0, 20.0, 20.0, 20.0, 20.0, 20.0, 20.0, 20.0, 20.0, 20.0, 20.0, 20.0, 7.417311507144064, 6.8660122693202315, 6.797352899301737, 7.077434049578756, 20.0, 20.0, 20.0, 20.0, 20.0, 15.514280895952236, 15.097538931652341]",-0.06020235785728545,-0.08092263087725371,1.0616,-2.5551,-0.335,2.5051,-0.9198,-0.1886,0.0024,-9.7958,15.3,,50.0,,,,1.065,1.0983,1.5298,225.88,14.94,1.22388,1.7794,267.79,20.534,1,82.52,76.988,1,3,10,0.7,9.779,0,1.0145,0,0
1790743448.8172472,47.3979626,8.546430899999999,9.52400016784668,-0.03012184426188469,-1.8120179176330566,0.003604927798733115,270.49,0.014069055175413762,-1.787342962071767,0.0,-89.99756412195916,7.022669157851255,19.999999978946637,-0.0034062862396240234,0.4875641219591671,1.4423612237797292,1.8120130318819554,14.0,0.0,0.02540523716670395,"[20.0, 20.0, 14.598081768120998, 14.871809456582621, 15.274467942537003, 15.823313647279795, 16.5436720190121, 17.472062857045323, 18.661314540344236, 20.0, 20.0, 20.0, 20.0, 20.0, 20.0, 20.0, 20.0, 20.0, 20.0, 20.0, 20.0, 20.0, 20.0, 20.0, 20.0, 20.0, 20.0, 20.0, 20.0, 20.0, 20.0, 20.0, 20.0, 20.0, 20.0, 20.0, 20.0, 20.0, 20.0, 20.0, 20.0, 20.0, 20.0, 20.0, 20.0, 20.0, 20.0, 20.0, 20.0, 20.0, 20.0, 20.0, 20.0, 20.0, 20.0, 20.0, 20.0, 20.0, 20.0, 20.0, 20.0, 20.0, 7.200996540960448, 7.022669157851255, 7.199050106292711, 20.0, 20.0, 20.0, 20.0, 20.0, 15.833674529282751, 15.457763281915966]",-0.06020235785728545,-0.08092263087725371,0.9237,-2.1067,-1.0936,1.7654,-2.1075,-0.1934,0.0063,-9.8069,15.3,,50.0,,,,1.0616,1.1669,1.5775,227.71,14.94,1.22388,1.8123,269.05,20.184,1,82.72,77.339,1,3,10,0.7,9.732,0,1.0235,0,0
1790743449.0178032,47.3979626,8.5464261,9.521000862121582,-0.0007077756454236805,-1.8331434726715088,0.0042711058631539345,270.04,0.0011636362127832745,-1.7990539867956872,0.0,-89.996760459982,7.285428608692667,19.99999998484158,-0.004253745079040527,0.03676045998201971,0.062121866572062194,1.8331432890321857,14.0,0.0,0.03279015828995086,"[20.0, 20.0, 14.978229851828116, 15.270047804494219, 15.695286644273327, 16.272277332657946, 17.027847889274664, 18.000668795015404, 19.246736707195048, 20.0, 20.0, 20.0, 20.0, 20.0, 20.0, 20.0, 20.0, 20.0, 20.0, 20.0, 20.0, 20.0, 20.0, 20.0, 20.0, 20.0, 20.0, 20.0, 20.0, 20.0, 20.0, 20.0, 20.0, 20.0, 20.0, 20.0, 20.0, 20.0, 20.0, 20.0, 20.0, 20.0, 20.0, 20.0, 20.0, 20.0, 20.0, 20.0, 20.0, 20.0, 20.0, 20.0, 20.0, 20.0, 20.0, 20.0, 20.0, 20.0, 20.0, 20.0, 20.0, 20.0, 7.591717534238962, 7.285428608692667, 7.3776061064967795, 8.130056477079437, 20.0, 20.0, 20.0, 20.0, 16.126651191488097, 15.835726616135775]",-0.06020235785728545,-0.08092263087725371,0.6522,-1.859,-1.429,0.8648,-1.9553,-0.1947,-0.0045,-9.8071,15.3,,50.0,,,,1.0619,1.2314,1.6261,229.23,14.94,1.22388,1.8331,269.98,19.829,1,82.92,77.694,1,3,10,0.7,9.748,0,1.0201,0,0
1790743449.2179554,47.3979626,8.5464214,9.518000602722168,0.015858706086874008,-1.8488192558288574,0.004192139487713575,269.68,-0.009200059463398982,-1.7916579684559937,0.0,-89.99760225064296,7.585053280889607,19.999999989085936,-0.002959012985229492,-0.32239774935703736,-0.8114567177280537,1.8488215380516972,14.0,0.0,0.026158649548498107,"[20.0, 20.0, 15.360869008872735, 15.669169550237346, 16.115257908145168, 16.71845613748333, 17.50698583253493, 18.521517234225954, 19.820995444372077, 20.0, 20.0, 20.0, 20.0, 20.0, 20.0, 20.0, 20.0, 20.0, 20.0, 20.0, 20.0, 20.0, 20.0, 20.0, 20.0, 20.0, 20.0, 20.0, 20.0, 20.0, 20.0, 20.0, 20.0, 20.0, 20.0, 20.0, 20.0, 20.0, 20.0, 20.0, 20.0, 20.0, 20.0, 20.0, 20.0, 20.0, 20.0, 20.0, 20.0, 20.0, 20.0, 20.0, 20.0, 20.0, 20.0, 20.0, 20.0, 20.0, 20.0, 20.0, 20.0, 20.0, 8.090520551907797, 7.585053280889607, 7.587083424997733, 8.101973413675113, 20.0, 20.0, 20.0, 20.0, 16.446708157671594, 16.21868440212796]",-0.06020235785728545,-0.08092263087725371,0.3807,-1.751,-1.2296,0.43,-1.1087,-0.2089,-0.0069,-9.8054,15.3,,50.0,,,,1.0001,1.1683,1.5379,229.43,14.94,1.22388,1.8489,270.49,19.47,1,83.12,78.054,1,3,10,0.7,9.724,0,1.08,0,0
1790743449.4188185,47.3979626,8.5464165,9.51400089263916,0.022334109991788864,-1.8594605922698975,0.00376161839812994,269.53000000000003,-0.013489676779895722,-1.7877770417444563,0.0,-89.99897633911183,7.822168588364773,19.999999992141873,-0.0011887550354003906,-0.47102366088813596,-1.1581504860999094,1.8594619147829208,14.0,0.0,0.010747237641296726,"[20.0, 20.0, 15.736361197392077, 16.056060914643346, 16.517333743602403, 17.140199956468507, 17.95387788816482, 19.00047151420897, 20.0, 20.0, 20.0, 20.0, 20.0, 20.0, 20.0, 20.0, 20.0, 20.0, 20.0, 20.0, 20.0, 20.0, 20.0, 20.0, 20.0, 20.0, 20.0, 20.0, 20.0, 20.0, 20.0, 20.0, 20.0, 20.0, 20.0, 20.0, 20.0, 20.0, 20.0, 20.0, 20.0, 20.0, 20.0, 20.0, 20.0, 20.0, 20.0, 20.0, 20.0, 20.0, 20.0, 20.0, 20.0, 20.0, 20.0, 20.0, 20.0, 20.0, 20.0, 20.0, 20.0, 20.0, 20.0, 7.934234533779939, 7.822168588364773, 8.171843886836143, 20.0, 20.0, 20.0, 20.0, 16.816027923697952, 16.585538226300148]",-0.06020235785728545,-0.08092263087725371,0.159,-1.6102,-0.937,0.7164,-0.053,-0.2073,-0.0091,-9.8058,15.3,,50.0,,,,0.9439,1.2117,1.536,232.08,14.94,1.22388,1.8596,270.69,19.108,1,83.32,78.416,1,3,10,0.7,9.709,0,1.0916,0,0
1790743449.6184633,47.3979626,8.5464117,9.51200008392334,0.02039821818470955,-1.863837718963623,0.0033718065824359655,269.56,-0.012631992639465356,-1.7885428036313478,0.0,-89.99823144364058,8.08965667966455,19.999999994342147,-0.001935124397277832,-0.4417685563594205,-1.0670316032295546,1.8638397174426211,14.0,0.0,0.0021186952205606256,"[20.0, 20.0, 16.103837861042855, 16.430212161080203, 16.901379842326353, 17.537782324246354, 18.369257219860362, 19.438801380997177, 20.0, 20.0, 20.0, 20.0, 20.0, 20.0, 20.0, 20.0, 20.0, 20.0, 20.0, 20.0, 20.0, 20.0, 20.0, 20.0, 20.0, 20.0, 20.0, 20.0, 20.0, 20.0, 20.0, 20.0, 20.0, 20.0, 20.0, 20.0, 20.0, 20.0, 20.0, 20.0, 20.0, 20.0, 20.0, 20.0, 20.0, 20.0, 20.0, 20.0, 20.0, 20.0, 20.0, 20.0, 20.0, 20.0, 20.0, 20.0, 20.0, 20.0, 20.0, 20.0, 20.0, 20.0, 20.0, 8.358630674446218, 8.08965667966455, 8.295130238118876, 20.0, 20.0, 20.0, 20.0, 17.23373180522868, 16.933083989536897]",-0.06020235785728545,-0.08092263087725371,0.0326,-1.4791,-0.3009,0.475,0.6221,-0.1962,-0.0056,-9.8096,15.3,,50.0,,,,0.9314,1.1655,1.4919,231.37,14.94,1.22388,1.8639,270.63,18.746,1,83.52,78.779,1,3,10,0.7,9.72,0,1.118,0,0
1790743449.8187673,47.3979626,8.5464069,9.51200008392334,0.01514977402985096,-1.8640787601470947,0.0024010692723095417,269.7,-0.008622106143334361,-1.7921285480923845,0.0,-89.9956714143006,8.400087286348725,19.999999995926345,-0.004468560218811035,-0.3043285856994089,-0.765645025550308,1.8640822178148855,14.0,0.0,0.009969134044576134,"[20.0, 20.0, 16.465222762250946, 16.795149787892356, 17.272712923865626, 17.918591978243423, 18.762994910775987, 19.849454943535132, 20.0, 20.0, 20.0, 20.0, 20.0, 20.0, 20.0, 20.0, 20.0, 20.0, 20.0, 20.0, 20.0, 20.0, 20.0, 20.0, 20.0, 20.0, 20.0, 20.0, 20.0, 20.0, 20.0, 20.0, 20.0, 20.0, 20.0, 20.0, 20.0, 20.0, 20.0, 20.0, 20.0, 20.0, 20.0, 20.0, 20.0, 20.0, 20.0, 20.0, 20.0, 20.0, 20.0, 20.0, 20.0, 20.0, 20.0, 20.0, 20.0, 20.0, 20.0, 20.0, 20.0, 20.0, 20.0, 8.919727665763059, 8.400087286348725, 8.467378917216966, 20.0, 20.0, 20.0, 20.0, 17.696981480485245, 17.270327583868173]",-0.06020235785728545,-0.08092263087725371,0.0084,-1.4128,0.0669,0.1212,0.8304,-0.2104,-0.0047,-9.8021,15.3,,50.0,,,,0.9773,1.0902,1.4642,228.13,14.94,1.22388,1.8641,270.47,18.384,1,83.72,79.141,1,3,10,0.7,9.702,0,1.132,0,0
1790743450.0199785,47.3979626,8.5464021,9.511000633239746,0.011404704302549362,-1.8634345531463623,0.002508221659809351,269.87,-0.0037334534882190874,-1.7964785766195037,0.0,-89.9934038951709,8.688384067884083,19.99999999706697,-0.00643157958984375,-0.13659610482909557,-0.4806606998521437,1.8634383190346877,14.0,0.0,0.012176735586630709,"[20.0, 20.0, 16.825167152061137, 17.157633905331817, 17.640465621625555, 18.29452281026191, 19.150305877856187, 20.0, 20.0, 20.0, 20.0, 20.0, 20.0, 20.0, 20.0, 20.0, 20.0, 20.0, 20.0, 20.0, 20.0, 20.0, 20.0, 20.0, 20.0, 20.0, 20.0, 20.0, 20.0, 20.0, 20.0, 20.0, 20.0, 20.0, 20.0, 20.0, 20.0, 20.0, 20.0, 20.0, 20.0, 20.0, 20.0, 20.0, 20.0, 20.0, 20.0, 20.0, 20.0, 20.0, 20.0, 20.0, 20.0, 20.0, 20.0, 20.0, 20.0, 20.0, 20.0, 20.0, 20.0, 20.0, 20.0, 20.0, 8.764268498281488, 8.688384067884083, 9.248844210698264, 20.0, 20.0, 20.0, 18.200153963954456, 17.609441458405744]",-0.06020235785728545,-0.08092263087725371,0.0373,-1.4014,0.1538,-0.0584,0.7544,-0.2043,-0.005,-9.8037,15.3,,50.0,,,,1.0085,0.9089,1.3576,222.02,14.94,1.22388,1.8635,270.35,18.021,1,83.92,79.504,1,3,10,0.7,9.667,0,1.1847,0,0
1790743450.2207782,47.3979626,8.546397299999999,9.508000373840332,0.009980559349060059,-1.862712025642395,0.002803160110488534,269.99,-0.0002672017934456973,-1.7995201741661468,0.0,-89.99134456370871,8.95294462972108,19.999999997888217,-0.007979750633239746,-0.018655436291282967,-0.31699241092781216,1.8627161415105336,14.0,0.0,0.008592928302624632,"[20.0, 20.0, 17.18730363732806, 17.523561432636942, 18.01306498282966, 18.67692945116231, 19.546048666464944, 20.0, 20.0, 20.0, 20.0, 20.0, 20.0, 20.0, 20.0, 20.0, 20.0, 20.0, 20.0, 20.0, 20.0, 20.0, 20.0, 20.0, 20.0, 20.0, 20.0, 20.0, 20.0, 20.0, 20.0, 20.0, 20.0, 20.0, 20.0, 20.0, 20.0, 20.0, 20.0, 20.0, 20.0, 20.0, 20.0, 20.0, 20.0, 20.0, 20.0, 20.0, 20.0, 20.0, 20.0, 20.0, 20.0, 20.0, 20.0, 20.0, 20.0, 20.0, 20.0, 20.0, 20.0, 20.0, 20.0, 20.0, 9.18921875217304, 8.95294462972108, 9.307985834712103, 20.0, 20.0, 20.0, 18.72353438341064, 17.955904304185953]",-0.06020235785728545,-0.08092263087725371,0.085,-1.4104,0.2172,-0.0788,0.4298,-0.2172,-0.0103,-9.7994,15.3,,50.0,,,,0.8955,0.8449,1.2312,223.34,14.94,1.22388,1.8627,270.31,17.659,1,84.12,79.867,1,3,10,0.7,9.672,0,1.2471,0,0
1790743450.421791,47.3979626,8.5463918,9.505000114440918,0.011295899748802185,-1.8635081052780151,0.0025992400478571653,270.04,0.0011771227753975548,-1.7991912166774913,0.0,-89.99142725185698,9.256483175766519,19.999999998479517,-0.007478117942810059,0.03142725185699646,-0.3073016580335523,1.8635125869010265,14.0,0.0,0.0036672313247428727,"[20.0, 20.0, 17.554492907843116, 17.89650369490773, 18.394883828667705, 19.071117205197382, 19.95664627697113, 20.0, 20.0, 20.0, 20.0, 20.0, 20.0, 20.0, 20.0, 20.0, 20.0, 20.0, 20.0, 20.0, 20.0, 20.0, 20.0, 20.0, 20.0, 20.0, 20.0, 20.0, 20.0, 20.0, 20.0, 20.0, 20.0, 20.0, 20.0, 20.0, 20.0, 20.0, 20.0, 20.0, 20.0, 20.0, 20.0, 20.0, 20.0, 20.0, 20.0, 20.0, 20.0, 20.0, 20.0, 20.0, 20.0, 20.0, 20.0, 20.0, 20.0, 20.0, 20.0, 20.0, 20.0, 20.0, 20.0, 20.0, 9.696831004186446, 9.256483175766519, 9.4660199701769, 20.0, 20.0, 20.0, 19.254959085171212, 18.310701110638007]",-0.06020235785728545,-0.08092263087725371,0.1189,-1.4202,0.1143,-0.035,0.0051,-0.2132,-0.0025,-9.8108,15.3,,50.0,,,,0.8357,0.8771,1.2115,226.39,14.94,1.22388,1.8635,270.35,17.295,1,84.33,80.232,1,3,10,0.7,9.76,0,1.2578,0,0
1790743450.6217678,47.3979626,8.546387,9.50200080871582,0.013018401339650154,-1.866115927696228,0.0022719644475728273,270.04,0.0011766184733757227,-1.7991860859032696,0.0,-89.99162666164466,9.595376681371878,19.999999998905253,-0.006913661956787109,0.03162666164467964,-0.35970043753739434,1.8661208319104854,14.0,0.0,1.4574716366249449e-05,"[20.0, 20.0, 17.92731262125695, 18.276586982626284, 18.785551639654177, 19.476146760209282, 20.0, 20.0, 20.0, 20.0, 20.0, 20.0, 20.0, 20.0, 20.0, 20.0, 20.0, 20.0, 20.0, 20.0, 20.0, 20.0, 20.0, 20.0, 20.0, 20.0, 20.0, 20.0, 20.0, 20.0, 20.0, 20.0, 20.0, 20.0, 20.0, 20.0, 20.0, 20.0, 20.0, 20.0, 20.0, 20.0, 20.0, 20.0, 20.0, 20.0, 20.0, 20.0, 20.0, 20.0, 20.0, 20.0, 20.0, 20.0, 20.0, 20.0, 20.0, 20.0, 20.0, 20.0, 20.0, 20.0, 20.0, 20.0, 10.387102830810115, 9.595376681371878, 9.677580266894376, 20.0, 20.0, 20.0, 19.81820085581745, 18.671909864902606]",-0.06020235785728545,-0.08092263087725371,0.1274,-1.3901,0.0178,0.1785,-0.1298,-0.2057,-0.0091,-9.8138,15.3,,50.0,,,,0.7091,0.8689,1.1215,230.78,14.94,1.22388,1.8662,270.4,16.928,1,84.53,80.599,1,3,10,0.7,9.726,0,1.3054,0,0
1790743450.8233697,47.3979626,8.546382,9.5,0.013807431794703007,-1.868516445159912,0.002113866154104471,270.0,2.1132442343784933e-05,-1.7997837403940502,0.0,-89.99159065807987,9.92639493473559,19.99999999921178,-0.006574749946594238,-0.0084093419201281,-0.4233803618966116,1.8685215082470348,14.0,0.0,0.0029258617422733037,"[20.0, 20.0, 18.304729916287556, 18.662550941007492, 19.183549534823396, 19.890196461067717, 20.0, 20.0, 20.0, 20.0, 20.0, 20.0, 20.0, 20.0, 20.0, 20.0, 20.0, 20.0, 20.0, 20.0, 20.0, 20.0, 20.0, 20.0, 20.0, 20.0, 20.0, 20.0, 20.0, 20.0, 20.0, 20.0, 20.0, 20.0, 20.0, 20.0, 20.0, 20.0, 20.0, 20.0, 20.0, 20.0, 20.0, 20.0, 20.0, 20.0, 20.0, 20.0, 20.0, 20.0, 20.0, 20.0, 20.0, 20.0, 20.0, 20.0, 20.0, 20.0, 20.0, 20.0, 20.0, 20.0, 20.0, 20.0, 20.0, 9.969138992396424, 9.92639493473559, 20.0, 20.0, 20.0, 20.0, 19.037590345171036]",-0.06020235785728545,-0.08092263087725371,0.1252,-1.3392,-0.0229,0.2293,-0.1893,-0.2122,-0.0008,-9.8074,15.3,,50.0,,,,0.7629,0.8608,1.1502,228.45,14.94,1.22388,1.8686,270.42,16.559,1,84.73,80.968,1,3,10,0.7,9.753,0,1.2935,0,0
1790743451.022462,47.3979626,8.546377099999999,9.5,0.015790726989507675,-1.8685743808746338,0.0015433116350322962,269.97,-0.0008524036282115726,-1.7990823159067584,0.0,-89.9943336071301,10.203191688436384,19.999999999432482,-0.004197478294372559,-0.03566639286987083,-0.5141768596623317,1.8685781999134154,14.0,0.0,0.0019985853594406315,"[20.0, 20.0, 18.68205946669499, 19.048170420483892, 19.58091887224025, 20.0, 20.0, 20.0, 20.0, 20.0, 20.0, 20.0, 20.0, 20.0, 20.0, 20.0, 20.0, 20.0, 20.0, 20.0, 20.0, 20.0, 20.0, 20.0, 20.0, 20.0, 20.0, 20.0, 20.0, 20.0, 20.0, 20.0, 20.0, 20.0, 20.0, 20.0, 20.0, 20.0, 20.0, 20.0, 20.0, 20.0, 20.0, 20.0, 20.0, 20.0, 20.0, 20.0, 20.0, 20.0, 20.0, 20.0, 20.0, 20.0, 20.0, 20.0, 20.0, 20.0, 20.0, 20.0, 20.0, 20.0, 20.0, 20.0, 20.0, 10.38407265343066, 10.203191688436384, 10.915277858062714, 20.0, 20.0, 20.0, 19.403964714458212]",-0.06020235785728545,-0.08092263087725371,0.1127,-1.2998,0.0044,0.0875,-0.121,-0.2052,-0.013,-9.8036,15.3,,50.0,,,,0.6756,0.8988,1.1244,233.07,14.94,1.22388,1.8686,270.48,16.19,1,84.93,81.338,1,3,10,0.7,9.742,0,1.3064,0,0
1790743451.2232268,47.3979626,8.5463722,9.50100040435791,0.01786760799586773,-1.8671046495437622,0.0010613580234348774,269.94,-0.0017361579989668375,-1.7984907222991366,0.0,-90.00137483377404,10.504397990111004,19.999999999591388,0.0009656548500061035,-0.058625166225965586,-0.6082859673499637,1.8671036154191862,14.0,0.0,0.0016816922457647474,"[20.0, 20.0, 19.058121600789427, 19.432534762721957, 19.977038152078546, 20.0, 20.0, 20.0, 20.0, 20.0, 20.0, 20.0, 20.0, 20.0, 20.0, 20.0, 20.0, 20.0, 20.0, 20.0, 20.0, 20.0, 20.0, 20.0, 20.0, 20.0, 20.0, 20.0, 20.0, 20.0, 20.0, 20.0, 20.0, 20.0, 20.0, 20.0, 20.0, 20.0, 20.0, 20.0, 20.0, 20.0, 20.0, 20.0, 20.0, 20.0, 20.0, 20.0, 20.0, 20.0, 20.0, 20.0, 20.0, 20.0, 20.0, 20.0, 20.0, 20.0, 20.0, 20.0, 20.0, 20.0, 20.0, 20.0, 20.0, 10.848981224256946, 10.504397990111004, 11.008867234177032, 20.0, 20.0, 20.0, 19.76984617570387]",-0.06020235785728545,-0.08092263087725371,0.0801,-1.2734,-0.2047,0.1394,-0.054,-0.2098,-0.0071,-9.7985,15.3,,50.0,,,,0.6222,0.8158,1.026,232.67,14.94,1.22388,1.8672,270.55,15.822,1,85.13,81.707,1,3,10,0.7,9.741,0,1.3542,0,0
1790743451.4242616,47.3979627,8.5463674,9.504000663757324,0.01877610944211483,-1.8650027513504028,0.0005701601039618254,269.94,-0.0017586184438950214,-1.7987186735619987,0.0,-90.01023029291332,10.827452338923763,19.9999999997058,0.006817340850830078,-0.04976970708671047,-0.6368117403153631,1.8649947689002855,14.0,0.0,0.0006456386171975912,"[20.0, 20.0, 19.431466855624727, 19.813214705638458, 20.0, 20.0, 20.0, 20.0, 20.0, 20.0, 20.0, 20.0, 20.0, 20.0, 20.0, 20.0, 20.0, 20.0, 20.0, 20.0, 20.0, 20.0, 20.0, 20.0, 20.0, 20.0, 20.0, 20.0, 20.0, 20.0, 20.0, 20.0, 20.0, 20.0, 20.0, 20.0, 20.0, 20.0, 20.0, 20.0, 20.0, 20.0, 20.0, 20.0, 20.0, 20.0, 20.0, 20.0, 20.0, 20.0, 20.0, 20.0, 20.0, 20.0, 20.0, 20.0, 20.0, 20.0, 20.0, 20.0, 20.0, 20.0, 20.0, 20.0, 20.0, 11.402589456811201, 10.827452338923763, 11.174718422249386, 20.0, 20.0, 20.0, 20.0]",-0.06020235785728545,-0.08092263087725371,0.0461,-1.2605,-0.1147,0.1065,-0.0463,-0.2084,0.0001,-9.8027,15.3,,50.0,,,,0.5946,0.7914,0.9899,233.08,14.94,1.22388,1.8651,270.58,15.454,1,85.33,82.074,1,3,10,0.7,9.731,0,1.3702,0,0
1790743451.6246212,47.3979627,8.546362499999999,9.504000663757324,0.017284225672483444,-1.8624624013900757,0.0009062316967174411,269.95,-0.0014899989769243422,-1.7991793869969377,0.0,-90.01812202570727,11.17245241735888,19.999999999788177,0.011464118957519531,-0.031877974292712,-0.5817072462576468,1.8624495398778904,14.0,0.0,0.0013061369529090206,"[20.0, 20.0, 19.80285197458191, 20.0, 20.0, 20.0, 20.0, 20.0, 20.0, 20.0, 20.0, 20.0, 20.0, 20.0, 20.0, 20.0, 20.0, 20.0, 20.0, 20.0, 20.0, 20.0, 20.0, 20.0, 20.0, 20.0, 20.0, 20.0, 20.0, 20.0, 20.0, 20.0, 20.0, 20.0, 20.0, 20.0, 20.0, 20.0, 20.0, 20.0, 20.0, 20.0, 20.0, 20.0, 20.0, 20.0, 20.0, 20.0, 20.0, 20.0, 20.0, 20.0, 20.0, 20.0, 20.0, 20.0, 20.0, 20.0, 20.0, 20.0, 20.0, 20.0, 20.0, 20.0, 20.0, 12.259673624733992, 11.17245241735888, 11.3817593486166, 20.0, 20.0, 20.0, 20.0]",-0.06020235785728545,-0.08092263087725371,0.0302,-1.2507,0.0212,-0.0003,0.0123,-0.2138,-0.0108,-9.8015,15.3,,50.0,,,,0.6259,0.7959,1.0126,231.82,14.94,1.22388,1.8625,270.53,15.089,1,85.53,82.441,1,3,10,0.7,9.705,0,1.3563,0,0
1790743451.825525,47.397962799999995,8.5463577,9.503000259399414,0.015866057947278023,-1.8584686517715454,0.0010821748292073607,269.97,-0.0009364739998132464,-1.799938653366707,0.0,-90.02762383131414,11.54151789150744,19.999999999847486,0.016598880290985107,-0.0023761686857994846,-0.5191317768301089,1.8584507622488913,14.0,0.0,0.0021528102118679726,"[20.0, 20.0, 20.0, 20.0, 20.0, 20.0, 20.0, 20.0, 20.0, 20.0, 20.0, 20.0, 20.0, 20.0, 20.0, 20.0, 20.0, 20.0, 20.0, 20.0, 20.0, 20.0, 20.0, 20.0, 20.0, 20.0, 20.0, 20.0, 20.0, 20.0, 20.0, 20.0, 20.0, 20.0, 20.0, 20.0, 20.0, 20.0, 20.0, 20.0, 20.0, 20.0, 20.0, 20.0, 20.0, 20.0, 20.0, 20.0, 20.0, 20.0, 20.0, 20.0, 20.0, 20.0, 20.0, 20.0, 20.0, 20.0, 20.0, 20.0, 20.0, 20.0, 20.0, 20.0, 20.0, 20.0, 11.54151789150744, 11.618572182474567, 20.0, 20.0, 20.0, 20.0]",-0.06020235785728545,-0.08092263087725371,0.0381,-1.2563,0.1257,-0.1147,0.0042,-0.2097,-0.0078,-9.8074,15.3,,50.0,,,,0.5722,0.7805,0.9677,233.75,14.94,1.22388,1.8585,270.49,14.725,1,85.73,82.805,1,3,10,0.7,9.742,0,1.3747,0,0
1790743452.0260644,47.397962799999995,8.5463528,9.50200080871582,0.015517910942435265,-1.8550999164581299,0.0013051468413323164,269.97,-0.0009626306577109636,-1.7997923979633381,0.0,-90.038062712623,11.881438068557834,19.99999999989019,0.021731972694396973,0.00806271262302971,-0.5092680215552401,1.8550759579152352,14.0,0.0,0.0007647666183286399,"[20.0, 20.0, 20.0, 20.0, 20.0, 20.0, 20.0, 20.0, 20.0, 20.0, 20.0, 20.0, 20.0, 20.0, 20.0, 20.0, 20.0, 20.0, 20.0, 20.0, 20.0, 20.0, 20.0, 20.0, 20.0, 20.0, 20.0, 20.0, 20.0, 20.0, 20.0, 20.0, 20.0, 20.0, 20.0, 20.0, 20.0, 20.0, 20.0, 20.0, 20.0, 20.0, 20.0, 20.0, 20.0, 20.0, 20.0, 20.0, 20.0, 20.0, 20.0, 20.0, 20.0, 20.0, 20.0, 20.0, 20.0, 20.0, 20.0, 20.0, 20.0, 20.0, 20.0, 20.0, 20.0, 20.0, 11.936403436725508, 11.881438068557834, 20.0, 20.0, 20.0, 20.0]",-0.06020235785728545,-0.08092263087725371,0.0411,-1.2728,0.0058,-0.1057,0.0126,-0.2125,-0.0036,-9.8053,15.3,,50.0,,,,0.6874,0.8662,1.1058,231.56,14.94,1.22388,1.8552,270.48,14.361,1,85.93,83.169,1,3,10,0.7,9.719,0,1.3023,0,0
1790743452.226446,47.397962899999996,8.546348,9.50100040435791,0.015242606401443481,-1.8530610799789429,0.0007437840104103088,269.97,-0.0009862600364963017,-1.799549166027196,0.0,-90.04751867165248,12.164242184057473,19.999999999920938,0.025780320167541504,0.017518671652538842,-0.5012836122016134,1.8530319509177904,14.0,0.0,0.0006914625936455879,"[20.0, 20.0, 20.0, 20.0, 20.0, 20.0, 20.0, 20.0, 20.0, 20.0, 20.0, 20.0, 20.0, 20.0, 20.0, 20.0, 20.0, 20.0, 20.0, 20.0, 20.0, 20.0, 20.0, 20.0, 20.0, 20.0, 20.0, 20.0, 20.0, 20.0, 20.0, 20.0, 20.0, 20.0, 20.0, 20.0, 20.0, 20.0, 20.0, 20.0, 20.0, 20.0, 20.0, 20.0, 20.0, 20.0, 20.0, 20.0, 20.0, 20.0, 20.0, 20.0, 20.0, 20.0, 20.0, 20.0, 20.0, 20.0, 20.0, 20.0, 20.0, 20.0, 20.0, 20.0, 20.0, 20.0, 12.365422883374318, 12.164242184057473, 20.0, 20.0, 20.0, 20.0]",-0.06020235785728545,-0.08092263087725371,0.0373,-1.2758,0.0239,-0.0244,-0.1027,-0.2164,-0.006,-9.8051,15.3,,50.0,,,,0.5976,0.9495,1.1219,237.82,14.94,1.22388,1.8531,270.47,13.997,1,86.13,83.534,1,3,10,0.7,9.715,0,1.2922,0,0
1790743452.4270508,47.397962899999996,8.5463431,9.503000259399414,0.013419614173471928,-1.8520163297653198,0.00033448138856329024,269.96,-0.001287997830147443,-1.7996762635540389,0.0,-90.05257015327845,12.465317820145312,19.999999999943075,0.02709794044494629,0.012570153278460339,-0.45515497806852606,1.8519881080133684,14.0,0.0,0.0003623070137293494,"[20.0, 20.0, 20.0, 20.0, 20.0, 20.0, 20.0, 20.0, 20.0, 20.0, 20.0, 20.0, 20.0, 20.0, 20.0, 20.0, 20.0, 20.0, 20.0, 20.0, 20.0, 20.0, 20.0, 20.0, 20.0, 20.0, 20.0, 20.0, 20.0, 20.0, 20.0, 20.0, 20.0, 20.0, 20.0, 20.0, 20.0, 20.0, 20.0, 20.0, 20.0, 20.0, 20.0, 20.0, 20.0, 20.0, 20.0, 20.0, 20.0, 20.0, 20.0, 20.0, 20.0, 20.0, 20.0, 20.0, 20.0, 20.0, 20.0, 20.0, 20.0, 20.0, 20.0, 20.0, 20.0, 20.0, 12.840320613958074, 12.465317820145312, 20.0, 20.0, 20.0, 20.0]",-0.06020235785728545,-0.08092263087725371,0.0398,-1.2696,0.061,0.0984,-0.1506,-0.2106,0.0064,-9.8017,15.3,,50.0,,,,0.4664,0.9869,1.0916,244.7,14.94,1.22388,1.8521,270.42,13.631,1,86.33,83.9,1,3,10,0.7,9.76,0,1.3063,0,0
1790743452.6283367,47.397962899999996,8.5463382,9.505000114440918,0.011887910775840282,-1.8521130084991455,0.00020623258023988456,269.95,-0.0015893087226732294,-1.7998081465881899,0.0,-90.05743309189995,12.78504165999574,19.999999999959012,0.02812129259109497,0.007433091899940791,-0.4177517290242354,1.8520857774743462,14.0,0.0,0.00037575731389184904,"[20.0, 20.0, 20.0, 20.0, 20.0, 20.0, 20.0, 20.0, 20.0, 20.0, 20.0, 20.0, 20.0, 20.0, 20.0, 20.0, 20.0, 20.0, 20.0, 20.0, 20.0, 20.0, 20.0, 20.0, 20.0, 20.0, 20.0, 20.0, 20.0, 20.0, 20.0, 20.0, 20.0, 20.0, 20.0, 20.0, 20.0, 20.0, 20.0, 20.0, 20.0, 20.0, 20.0, 20.0, 20.0, 20.0, 20.0, 20.0, 20.0, 20.0, 20.0, 20.0, 20.0, 20.0, 20.0, 20.0, 20.0, 20.0, 20.0, 20.0, 20.0, 20.0, 20.0, 20.0, 20.0, 20.0, 13.392327286864855, 12.78504165999574, 13.60123348476161, 20.0, 20.0, 20.0]",-0.06020235785728545,-0.08092263087725371,0.0521,-1.2529,0.0853,0.0837,-0.0972,-0.216,-0.0176,-9.8048,15.3,,50.0,,,,0.3365,1.115,1.1647,253.21,14.94,1.22388,1.8522,270.37,13.264,1,86.53,84.268,1,3,10,0.7,9.816,0,1.2698,0,0
1790743452.8283293,47.397962899999996,8.546333299999999,9.508000373840332,0.012363869696855545,-1.8532315492630005,0.0003419503045734018,269.93,-0.0021891004185425984,-1.7998974677725093,0.0,-90.06606456975169,13.124026004303568,19.999999999970488,0.030716419219970703,-0.003935430248333205,-0.45224421690867256,1.8531994482356626,14.0,0.0,0.0008305157290269275,"[20.0, 20.0, 20.0, 20.0, 20.0, 20.0, 20.0, 20.0, 20.0, 20.0, 20.0, 20.0, 20.0, 20.0, 20.0, 20.0, 20.0, 20.0, 20.0, 20.0, 20.0, 20.0, 20.0, 20.0, 20.0, 20.0, 20.0, 20.0, 20.0, 20.0, 20.0, 20.0, 20.0, 20.0, 20.0, 20.0, 20.0, 20.0, 20.0, 20.0, 20.0, 20.0, 20.0, 20.0, 20.0, 20.0, 20.0, 20.0, 20.0, 20.0, 20.0, 20.0, 20.0, 20.0, 20.0, 20.0, 20.0, 20.0, 20.0, 20.0, 20.0, 20.0, 20.0, 20.0, 20.0, 20.0, 14.15765956408506, 13.124026004303568, 13.717017377826615, 20.0, 20.0, 20.0]",-0.06020235785728545,-0.08092263087725371,0.0501,-1.2253,-0.057,0.1921,-0.1008,-0.219,-0.0073,-9.799,15.3,,50.0,,,,0.3645,1.2076,1.2615,253.2,14.94,1.22388,1.8533,270.38,12.894,1,86.73,84.638,1,3,10,0.7,9.771,0,1.2225,0,0
1790743453.0285,47.397962899999996,8.5463284,9.510000228881836,0.01168821845203638,-1.853232741355896,0.0004081699007656425,269.92,-0.002495030693220309,-1.7998142196836915,0.0,-90.0728430066896,13.479305136867843,19.99999999997875,0.032157063484191895,-0.007156993310388771,-0.4413559663280718,1.8531994516553882,14.0,0.0,0.00023627086652125767,"[20.0, 20.0, 20.0, 20.0, 20.0, 20.0, 20.0, 20.0, 20.0, 20.0, 20.0, 20.0, 20.0, 20.0, 20.0, 20.0, 20.0, 20.0, 20.0, 20.0, 20.0, 20.0, 20.0, 20.0, 20.0, 20.0, 20.0, 20.0, 20.0, 20.0, 20.0, 20.0, 20.0, 20.0, 20.0, 20.0, 20.0, 20.0, 20.0, 20.0, 20.0, 20.0, 20.0, 20.0, 20.0, 20.0, 20.0, 20.0, 20.0, 20.0, 20.0, 20.0, 20.0, 20.0, 20.0, 20.0, 20.0, 20.0, 20.0, 20.0, 20.0, 20.0, 20.0, 20.0, 20.0, 20.0, 20.0, 13.479305136867843, 13.901304644456587, 20.0, 20.0, 20.0]",-0.06020235785728545,-0.08092263087725371,0.0395,-1.1967,0.0411,0.114,-0.0834,-0.2154,-0.0087,-9.8014,15.3,,50.0,,,,0.2476,1.1244,1.1513,257.58,14.94,1.22388,1.8533,270.36,12.525,1,86.93,85.009,1,3,10,0.7,9.75,0,1.2776,0,0
1790743453.2298203,47.397962899999996,8.5463235,9.511000633239746,0.00949527695775032,-1.8501418828964233,0.000780153670348227,269.92,-0.0025095360439230372,-1.7999605503589278,0.0,-90.07853390299749,13.849811849443842,19.999999999984702,0.03292578458786011,-0.0014660970024920061,-0.3740501609865011,1.8501120802297804,14.0,0.0,0.00041552468829512317,"[20.0, 20.0, 20.0, 20.0, 20.0, 20.0, 20.0, 20.0, 20.0, 20.0, 20.0, 20.0, 20.0, 20.0, 20.0, 20.0, 20.0, 20.0, 20.0, 20.0, 20.0, 20.0, 20.0, 20.0, 20.0, 20.0, 20.0, 20.0, 20.0, 20.0, 20.0, 20.0, 20.0, 20.0, 20.0, 20.0, 20.0, 20.0, 20.0, 20.0, 20.0, 20.0, 20.0, 20.0, 20.0, 20.0, 20.0, 20.0, 20.0, 20.0, 20.0, 20.0, 20.0, 20.0, 20.0, 20.0, 20.0, 20.0, 20.0, 20.0, 20.0, 20.0, 20.0, 20.0, 20.0, 20.0, 20.0, 13.849811849443842, 14.120703343904319, 20.0, 20.0, 20.0]",-0.06020235785728545,-0.08092263087725371,0.0446,-1.1852,0.091,-0.0774,-0.0575,-0.2142,-0.0027,-9.8056,15.3,,50.0,,,,0.3935,1.1149,1.1823,250.56,14.94,1.22388,1.8502,270.29,12.158,1,87.13,85.376,1,3,10,0.7,9.762,0,1.259,0,0
1790743453.430545,47.397962899999996,8.5463187,9.511000633239746,0.0092939967289567,-1.8449422121047974,0.0008381655788980424,269.92,-0.002534265253902855,-1.7997802794357558,0.0,-90.08847454061066,14.236688011825855,19.999999999988987,0.03523463010787964,0.00847454061067765,-0.3686281637904902,1.8449093307749553,14.0,0.0,0.000726217159603453,"[20.0, 20.0, 20.0, 20.0, 20.0, 20.0, 20.0, 20.0, 20.0, 20.0, 20.0, 20.0, 20.0, 20.0, 20.0, 20.0, 20.0, 20.0, 20.0, 20.0, 20.0, 20.0, 20.0, 20.0, 20.0, 20.0, 20.0, 20.0, 20.0, 20.0, 20.0, 20.0, 20.0, 20.0, 20.0, 20.0, 20.0, 20.0, 20.0, 20.0, 20.0, 20.0, 20.0, 20.0, 20.0, 20.0, 20.0, 20.0, 20.0, 20.0, 20.0, 20.0, 20.0, 20.0, 20.0, 20.0, 20.0, 20.0, 20.0, 20.0, 20.0, 20.0, 20.0, 20.0, 20.0, 20.0, 20.0, 14.236688011825855, 14.366957704729714, 20.0, 20.0, 20.0]",-0.06020235785728545,-0.08092263087725371,0.0502,-1.2036,-0.016,-0.163,-0.0178,-0.2138,-0.011,-9.8003,15.3,,50.0,,,,0.4035,1.1849,1.2517,251.19,14.94,1.22388,1.845,270.29,11.795,1,87.33,85.741,1,3,10,0.7,9.758,0,1.2191,0,0
1790743453.6318536,47.397963,8.5463138,9.51200008392334,0.011123494245111942,-1.8407845497131348,0.0005991013604216278,269.91,-0.0028699203777884856,-1.7995557055534608,0.0,-90.10718599346018,14.63647575145351,19.99999999999207,0.040540874004364014,0.017185993460202553,-0.43622276490699513,1.8407380616329547,14.0,0.0,0.0006357919071997566,"[20.0, 20.0, 20.0, 20.0, 20.0, 20.0, 20.0, 20.0, 20.0, 20.0, 20.0, 20.0, 20.0, 20.0, 20.0, 20.0, 20.0, 20.0, 20.0, 20.0, 20.0, 20.0, 20.0, 20.0, 20.0, 20.0, 20.0, 20.0, 20.0, 20.0, 20.0, 20.0, 20.0, 20.0, 20.0, 20.0, 20.0, 20.0, 20.0, 20.0, 20.0, 20.0, 20.0, 20.0, 20.0, 20.0, 20.0, 20.0, 20.0, 20.0, 20.0, 20.0, 20.0, 20.0, 20.0, 20.0, 20.0, 20.0, 20.0, 20.0, 20.0, 20.0, 20.0, 20.0, 20.0, 20.0, 20.0, 14.642136619341635, 14.63647575145351, 20.0, 20.0, 20.0]",-0.06020235785728545,-0.08092263087725371,0.0388,-1.23,-0.1139,-0.1409,-0.0509,-0.2086,-0.0112,-9.8045,15.3,,50.0,,,,0.4447,1.2728,1.3482,250.74,14.94,1.22388,1.8408,270.35,11.432,1,87.54,86.104,1,3,10,0.7,9.731,0,1.1667,0,0
1790743453.832614,47.3979631,8.546308999999999,9.511000633239746,0.013849319890141487,-1.8386471271514893,0.0006976244039833546,269.9,-0.0032256375512570157,-1.799120804024145,0.0,-90.13406621522057,14.923576352668753,19.99999999999429,0.048133671283721924,0.0340662152205482,-0.5315632732138398,1.8385765947417887,14.0,0.0,0.001231244406835443,"[20.0, 20.0, 20.0, 20.0, 20.0, 20.0, 20.0, 20.0, 20.0, 20.0, 20.0, 20.0, 20.0, 20.0, 20.0, 20.0, 20.0, 20.0, 20.0, 20.0, 20.0, 20.0, 20.0, 20.0, 20.0, 20.0, 20.0, 20.0, 20.0, 20.0, 20.0, 20.0, 20.0, 20.0, 20.0, 20.0, 20.0, 20.0, 20.0, 20.0, 20.0, 20.0, 20.0, 20.0, 20.0, 20.0, 20.0, 20.0, 20.0, 20.0, 20.0, 20.0, 20.0, 20.0, 20.0, 20.0, 20.0, 20.0, 20.0, 20.0, 20.0, 20.0, 20.0, 20.0, 20.0, 20.0, 20.0, 15.072122639118593, 14.923576352668753, 20.0, 20.0, 20.0]",-0.06020235785728545,-0.08092263087725371,0.0056,-1.2415,-0.2705,-0.0371,-0.0756,-0.2132,-0.0054,-9.811,15.3,,50.0,,,,0.4168,1.1572,1.23,250.19,14.94,1.22388,1.8387,270.43,11.068,1,87.74,86.469,1,3,10,0.7,9.757,0,1.2237,0,0
1790743454.0326571,47.3979631,8.5463041,9.510000228881836,0.013553550466895103,-1.8385297060012817,0.0007077372865751386,269.88,-0.0038712120033876952,-1.7989355490415304,0.0,-90.16121534617366,15.225340383755661,19.99999999999589,0.0549013614654541,0.041215346173686385,-0.5423740141469436,1.8384450278569229,14.0,0.0,0.0005238257284949217,"[20.0, 20.0, 20.0, 20.0, 20.0, 20.0, 20.0, 20.0, 20.0, 20.0, 20.0, 20.0, 20.0, 20.0, 20.0, 20.0, 20.0, 20.0, 20.0, 20.0, 20.0, 20.0, 20.0, 20.0, 20.0, 20.0, 20.0, 20.0, 20.0, 20.0, 20.0, 20.0, 20.0, 20.0, 20.0, 20.0, 20.0, 20.0, 20.0, 20.0, 20.0, 20.0, 20.0, 20.0, 20.0, 20.0, 20.0, 20.0, 20.0, 20.0, 20.0, 20.0, 20.0, 20.0, 20.0, 20.0, 20.0, 20.0, 20.0, 20.0, 20.0, 20.0, 20.0, 20.0, 20.0, 20.0, 20.0, 15.532631886854855, 15.225340383755661, 20.0, 20.0, 20.0]",-0.06020235785728545,-0.08092263087725371,-0.0183,-1.2312,-0.0461,0.1372,-0.1039,-0.2135,-0.0073,-9.8072,15.3,,50.0,,,,0.3948,1.1551,1.2207,251.13,14.94,1.22388,1.8386,270.42,10.702,1,87.94,86.835,1,3,10,0.7,9.792,0,1.2282,0,0
1790743454.2340739,47.3979632,8.5462992,9.51200008392334,0.012541123665869236,-1.8383934497833252,0.00015190342674031854,269.87,-0.004232793534499666,-1.7984347631604383,0.0,-90.19063769312498,15.537749680045753,19.99999999999704,0.0615423321723938,0.060637693124988346,-0.5208533890952319,1.8382972230131043,14.0,0.0,0.0014165269859380157,"[20.0, 20.0, 20.0, 20.0, 20.0, 20.0, 20.0, 20.0, 20.0, 20.0, 20.0, 20.0, 20.0, 20.0, 20.0, 20.0, 20.0, 20.0, 20.0, 20.0, 20.0, 20.0, 20.0, 20.0, 20.0, 20.0, 20.0, 20.0, 20.0, 20.0, 20.0, 20.0, 20.0, 20.0, 20.0, 20.0, 20.0, 20.0, 20.0, 20.0, 20.0, 20.0, 20.0, 20.0, 20.0, 20.0, 20.0, 20.0, 20.0, 20.0, 20.0, 20.0, 20.0, 20.0, 20.0, 20.0, 20.0, 20.0, 20.0, 20.0, 20.0, 20.0, 20.0, 20.0, 20.0, 20.0, 20.0, 16.040570129446387, 15.537749680045753, 20.0, 20.0, 20.0]",-0.06020235785728545,-0.08092263087725371,-0.0253,-1.21,0.0479,0.0529,-0.0416,-0.2206,-0.0085,-9.8097,15.3,,50.0,,,,0.51,1.1096,1.2212,245.32,14.94,1.22388,1.8384,270.39,10.335,1,88.14,87.203,1,3,10,0.7,9.804,0,1.2278,0,0
1790743454.4345946,47.3979632,8.546294399999999,9.515000343322754,0.00935254618525505,-1.8356297016143799,-0.0005167052731849253,269.86,-0.004576903871247551,-1.7981156690703348,0.0,-90.21299662072653,15.85805327305899,19.99999999999787,0.06515520811080933,0.072996620726542,-0.43191987190614956,1.8355407116024909,14.0,0.0,0.0009016044649335502,"[20.0, 20.0, 20.0, 20.0, 20.0, 20.0, 20.0, 20.0, 20.0, 20.0, 20.0, 20.0, 20.0, 20.0, 20.0, 20.0, 20.0, 20.0, 20.0, 20.0, 20.0, 20.0, 20.0, 20.0, 20.0, 20.0, 20.0, 20.0, 20.0, 20.0, 20.0, 20.0, 20.0, 20.0, 20.0, 20.0, 20.0, 20.0, 20.0, 20.0, 20.0, 20.0, 20.0, 20.0, 20.0, 20.0, 20.0, 20.0, 20.0, 20.0, 20.0, 20.0, 20.0, 20.0, 20.0, 20.0, 20.0, 20.0, 20.0, 20.0, 20.0, 20.0, 20.0, 20.0, 20.0, 20.0, 20.0, 16.63621512149494, 15.85805327305899, 20.0, 20.0, 20.0]",-0.06020235785728545,-0.08092263087725371,-0.0183,-1.2047,0.1351,0.0128,-0.1792,-0.2103,-0.0114,-9.8001,15.3,,50.0,,,,0.4678,1.1171,1.2111,247.28,14.94,1.22388,1.8357,270.29,9.971,1,88.34,87.568,1,3,10,0.7,9.77,0,1.2301,0,0
1790743454.6347842,47.3979632,8.5462895,9.519000053405762,0.0057991137728095055,-1.8327308893203735,-0.00028317284886725247,269.83,-0.005483026975951991,-1.7984875848998478,0.0,-90.22845494236395,16.187828738371497,19.999999999998465,0.06617724895477295,0.058454942363937334,-0.35129428447461103,1.832658031325931,14.0,0.0,0.0010643147820680204,"[20.0, 20.0, 20.0, 20.0, 20.0, 20.0, 20.0, 20.0, 20.0, 20.0, 20.0, 20.0, 20.0, 20.0, 20.0, 20.0, 20.0, 20.0, 20.0, 20.0, 20.0, 20.0, 20.0, 20.0, 20.0, 20.0, 20.0, 20.0, 20.0, 20.0, 20.0, 20.0, 20.0, 20.0, 20.0, 20.0, 20.0, 20.0, 20.0, 20.0, 20.0, 20.0, 20.0, 20.0, 20.0, 20.0, 20.0, 20.0, 20.0, 20.0, 20.0, 20.0, 20.0, 20.0, 20.0, 20.0, 20.0, 20.0, 20.0, 20.0, 20.0, 20.0, 20.0, 20.0, 20.0, 20.0, 20.0, 20.0, 16.187828738371497, 20.0, 20.0, 20.0]",-0.06020235785728545,-0.08092263087725371,0.0085,-1.2128,0.2314,-0.0248,-0.2221,-0.2176,-0.0085,-9.8055,15.3,,50.0,,,,0.2698,1.1041,1.1366,256.27,14.94,1.22388,1.8327,270.18,9.607,1,88.54,87.933,1,3,10,0.7,9.776,0,1.2645,0,0
1790743454.8357284,47.3979632,8.5462846,9.521000862121582,0.0026271995157003403,-1.8320189714431763,-5.696187145076692e-05,269.8,-0.0063718656100442755,-1.799046758071339,0.0,-90.23661750432723,16.528276636065648,19.999999999998895,0.06483423709869385,0.036617504327267625,-0.28216472828554945,1.8319647397661616,14.0,0.0,0.0015944420569276292,"[20.0, 20.0, 20.0, 20.0, 20.0, 20.0, 20.0, 20.0, 20.0, 20.0, 20.0, 20.0, 20.0, 20.0, 20.0, 20.0, 20.0, 20.0, 20.0, 20.0, 20.0, 20.0, 20.0, 20.0, 20.0, 20.0, 20.0, 20.0, 20.0, 20.0, 20.0, 20.0, 20.0, 20.0, 20.0, 20.0, 20.0, 20.0, 20.0, 20.0, 20.0, 20.0, 20.0, 20.0, 20.0, 20.0, 20.0, 20.0, 20.0, 20.0, 20.0, 20.0, 20.0, 20.0, 20.0, 20.0, 20.0, 20.0, 20.0, 20.0, 20.0, 20.0, 20.0, 20.0, 20.0, 20.0, 20.0, 20.0, 16.528276636065648, 20.0, 20.0, 20.0]",-0.06020235785728545,-0.08092263087725371,0.0334,-1.2157,0.0717,0.0657,-0.1804,-0.217,-0.0144,-9.808,15.3,,50.0,,,,0.341,1.0348,1.0895,251.76,14.94,1.22388,1.832,270.08,9.241,1,88.74,88.301,1,3,10,0.7,9.744,0,1.2873,0,0
1790743455.0365424,47.3979632,8.5462797,9.520000457763672,0.001305903890170157,-1.832446813583374,0.0007088890997692943,269.77,-0.007258003693632426,-1.7996399726011063,0.0,-90.24342998454068,16.87967359933013,19.999999999999204,0.06302309036254883,0.013429984540664464,-0.27083216393234893,1.8324002922031635,14.0,0.0,0.0016924679655458941,"[20.0, 20.0, 20.0, 20.0, 20.0, 20.0, 20.0, 20.0, 20.0, 20.0, 20.0, 20.0, 20.0, 20.0, 20.0, 20.0, 20.0, 20.0, 20.0, 20.0, 20.0, 20.0, 20.0, 20.0, 20.0, 20.0, 20.0, 20.0, 20.0, 20.0, 20.0, 20.0, 20.0, 20.0, 20.0, 20.0, 20.0, 20.0, 20.0, 20.0, 20.0, 20.0, 20.0, 20.0, 20.0, 20.0, 20.0, 20.0, 20.0, 20.0, 20.0, 20.0, 20.0, 20.0, 20.0, 20.0, 20.0, 20.0, 20.0, 20.0, 20.0, 20.0, 20.0, 20.0, 20.0, 20.0, 20.0, 20.0, 16.87967359933013, 20.0, 20.0, 20.0]",-0.06020235785728545,-0.08092263087725371,0.046,-1.2064,-0.017,0.0978,-0.1752,-0.212,-0.0123,-9.8107,15.3,,50.0,,,,0.3767,0.9449,1.0173,248.27,14.94,1.22388,1.8324,270.04,8.875,1,88.94,88.669,1,3,10,0.7,9.704,0,1.3238,0,0
1790743455.2366877,47.3979632,8.546274799999999,9.518000602722168,-9.258457430405542e-05,-1.8345671892166138,0.0007278713746927679,269.75,-0.007842039845852477,-1.7998661868672572,0.0,-90.24546074625289,17.243885875420865,19.999999999999428,0.0599590539932251,-0.004539253747083194,-0.24710847038891223,1.8345304766347803,14.0,0.0,0.0013167908371547708,"[20.0, 20.0, 20.0, 20.0, 20.0, 20.0, 20.0, 20.0, 20.0, 20.0, 20.0, 20.0, 20.0, 20.0, 20.0, 20.0, 20.0, 20.0, 20.0, 20.0, 20.0, 20.0, 20.0, 20.0, 20.0, 20.0, 20.0, 20.0, 20.0, 20.0, 20.0, 20.0, 20.0, 20.0, 20.0, 20.0, 20.0, 20.0, 20.0, 20.0, 20.0, 20.0, 20.0, 20.0, 20.0, 20.0, 20.0, 20.0, 20.0, 20.0, 20.0, 20.0, 20.0, 20.0, 20.0, 20.0, 20.0, 20.0, 20.0, 20.0, 20.0, 20.0, 20.0, 20.0, 20.0, 20.0, 20.0, 20.0, 17.243885875420865, 18.410402424903168, 20.0, 20.0]",-0.06020235785728545,-0.08092263087725371,0.045,-1.1885,-0.0243,0.2044,-0.0792,-0.2113,-0.0046,-9.8108,15.3,,50.0,,,,0.3921,0.9445,1.0226,247.46,14.94,1.22388,1.8346,270.0,8.506,1,89.14,89.04,1,3,10,0.7,9.715,0,1.3232,0,0
1790743455.4384356,47.3979631,8.5462698,9.516000747680664,-0.00025179420481435955,-1.8391742706298828,0.0007006574305705726,269.74,-0.008145212601664172,-1.7997576141054492,0.0,-90.25129146230375,17.625445858077995,19.999999999999588,0.05780041217803955,-0.008708537696236363,-0.2521558574508241,1.83913817586299,14.0,0.0,0.00030431313023249136,"[20.0, 20.0, 20.0, 20.0, 20.0, 20.0, 20.0, 20.0, 20.0, 20.0, 20.0, 20.0, 20.0, 20.0, 20.0, 20.0, 20.0, 20.0, 20.0, 20.0, 20.0, 20.0, 20.0, 20.0, 20.0, 20.0, 20.0, 20.0, 20.0, 20.0, 20.0, 20.0, 20.0, 20.0, 20.0, 20.0, 20.0, 20.0, 20.0, 20.0, 20.0, 20.0, 20.0, 20.0, 20.0, 20.0, 20.0, 20.0, 20.0, 20.0, 20.0, 20.0, 20.0, 20.0, 20.0, 20.0, 20.0, 20.0, 20.0, 20.0, 20.0, 20.0, 20.0, 20.0, 20.0, 20.0, 20.0, 20.0, 17.625445858077995, 18.399647023234326, 20.0, 20.0]",-0.06020235785728545,-0.08092263087725371,0.0467,-1.1455,0.0058,0.3236,-0.0684,-0.2088,-0.0089,-9.7979,15.3,,50.0,,,,0.4247,1.0977,1.177,248.85,14.94,1.22388,1.8392,269.99,8.132,1,89.34,89.416,1,3,10,0.7,9.755,0,1.2507,0,0
1790743455.638303,47.3979631,8.5462648,9.515000343322754,-0.0011475520441308618,-1.8434035778045654,0.00033423412241972983,269.74,-0.008165866973732217,-1.7999595173362204,0.0,-90.25914601799263,18.024307707467997,19.9999999999997,0.05602198839187622,-0.0008539820073849569,-0.2387550896165998,1.842826571728359,14.0,0.0,0.0005746813555919972,"[20.0, 20.0, 20.0, 20.0, 20.0, 20.0, 20.0, 20.0, 20.0, 20.0, 20.0, 20.0, 20.0, 20.0, 20.0, 20.0, 20.0, 20.0, 20.0, 20.0, 20.0, 20.0, 20.0, 20.0, 20.0, 20.0, 20.0, 20.0, 20.0, 20.0, 20.0, 20.0, 20.0, 20.0, 20.0, 20.0, 20.0, 20.0, 20.0, 20.0, 20.0, 20.0, 20.0, 20.0, 20.0, 20.0, 20.0, 20.0, 20.0, 20.0, 20.0, 20.0, 20.0, 20.0, 20.0, 20.0, 20.0, 20.0, 20.0, 20.0, 20.0, 20.0, 20.0, 20.0, 20.0, 20.0, 20.0, 20.0, 18.024307707467997, 18.57049236189614, 20.0, 20.0]",-0.06020235785728545,-0.08092263087725371,0.032,-1.0876,-0.0302,0.3026,-0.0208,-0.2088,-0.004,-9.7973,15.3,,50.0,,,,0.4506,0.9273,1.031,244.08,14.94,1.22388,1.8434,269.96,7.756,1,89.54,89.795,1,3,10,0.7,9.798,0,1.3279,0,0
1790743455.8386333,47.3979631,8.5462597,9.517000198364258,-0.002010603668168187,-1.8442381620407104,-0.0001283425954170525,269.74,-0.008176090875871782,-1.7998958212289724,0.0,-90.26332911273096,18.523002993434822,19.999999999999787,0.05273348093032837,0.0033291127309951207,-0.19753569295409407,1.8442128992647764,14.0,0.0,0.00030680470680678653,"[20.0, 20.0, 20.0, 20.0, 20.0, 20.0, 20.0, 20.0, 20.0, 20.0, 20.0, 20.0, 20.0, 20.0, 20.0, 20.0, 20.0, 20.0, 20.0, 20.0, 20.0, 20.0, 20.0, 20.0, 20.0, 20.0, 20.0, 20.0, 20.0, 20.0, 20.0, 20.0, 20.0, 20.0, 20.0, 20.0, 20.0, 20.0, 20.0, 20.0, 20.0, 20.0, 20.0, 20.0, 20.0, 20.0, 20.0, 20.0, 20.0, 20.0, 20.0, 20.0, 20.0, 20.0, 20.0, 20.0, 20.0, 20.0, 20.0, 20.0, 20.0, 20.0, 20.0, 20.0, 20.0, 20.0, 20.0, 20.0, 18.523002993434822, 18.842409102718946, 20.0, 20.0]",-0.06020235785728545,-0.08092263087725371,0.0403,-1.0452,-0.0008,0.2403,-0.0068,-0.2101,-0.0059,-9.7956,15.3,,50.0,,,,0.3087,0.7447,0.8061,247.48,14.94,1.22388,1.8442,269.94,7.304,1,89.74,90.25,1,3,10,0.7,9.808,0,1.4412,0,0
1790743456.0398235,47.3979631,8.5462547,9.520000457763672,-0.0017153596272692084,-1.8426439762115479,-0.00030842097476124763,269.74,-0.008213935911998505,-1.799489342294154,0.0,-90.27912600469722,18.955269981167152,19.999999999999847,0.05235928297042847,0.019126004697227472,-0.20666205742004554,1.8426141179383135,14.0,0.0,0.0011534035878714,"[20.0, 20.0, 20.0, 20.0, 20.0, 20.0, 20.0, 20.0, 20.0, 20.0, 20.0, 20.0, 20.0, 20.0, 20.0, 20.0, 20.0, 20.0, 20.0, 20.0, 20.0, 20.0, 20.0, 20.0, 20.0, 20.0, 20.0, 20.0, 20.0, 20.0, 20.0, 20.0, 20.0, 20.0, 20.0, 20.0, 20.0, 20.0, 20.0, 20.0, 20.0, 20.0, 20.0, 20.0, 20.0, 20.0, 20.0, 20.0, 20.0, 20.0, 20.0, 20.0, 20.0, 20.0, 20.0, 20.0, 20.0, 20.0, 20.0, 20.0, 20.0, 20.0, 20.0, 20.0, 20.0, 20.0, 20.0, 20.0, 18.955269981167152, 19.1022802084422, 20.0, 20.0]",-0.06020235785728545,-0.08092263087725371,0.0414,-1.0252,0.0568,0.1094,0.0447,-0.2104,-0.0112,-9.7877,15.3,,50.0,,,,0.364,0.85,0.9246,246.82,14.94,1.22388,1.8426,269.95,6.93,1,89.94,90.627,1,3,10,0.7,9.842,0,1.3803,0,0
1790743456.2403834,47.3979631,8.5462498,9.52400016784668,-0.0020769035909324884,-1.838113784790039,-0.0004106958513148129,269.74,-0.008261079024588499,-1.7989825262323969,0.0,-90.29881484106761,19.377982989300556,19.99999999999989,0.05244100093841553,0.038814841067647876,-0.19526093946993792,1.838082792865116,14.0,0.0,0.001437085242452588,"[20.0, 20.0, 20.0, 20.0, 20.0, 20.0, 20.0, 20.0, 20.0, 20.0, 20.0, 20.0, 20.0, 20.0, 20.0, 20.0, 20.0, 20.0, 20.0, 20.0, 20.0, 20.0, 20.0, 20.0, 20.0, 20.0, 20.0, 20.0, 20.0, 20.0, 20.0, 20.0, 20.0, 20.0, 20.0, 20.0, 20.0, 20.0, 20.0, 20.0, 20.0, 20.0, 20.0, 20.0, 20.0, 20.0, 20.0, 20.0, 20.0, 20.0, 20.0, 20.0, 20.0, 20.0, 20.0, 20.0, 20.0, 20.0, 20.0, 20.0, 20.0, 20.0, 20.0, 20.0, 20.0, 20.0, 20.0, 20.0, 19.40310087073584, 19.377982989300556, 20.0, 20.0]",-0.06020235785728545,-0.08092263087725371,0.0358,-1.0247,-0.0293,-0.0929,-0.0346,-0.2125,-0.0076,-9.7946,15.3,,50.0,,,,0.4016,0.9178,1.0018,246.36,14.94,1.22388,1.8381,269.94,6.56,1,90.14,90.999,1,3,10,0.7,9.853,0,1.3372,0,0
1790743456.440942,47.3979631,8.5462449,9.530000686645508,-0.0013108279090374708,-1.8311351537704468,-0.0007394137792289257,269.74,-0.00832917492014197,-1.7982495332137265,0.0,-90.32727566021515,19.664616346591586,19.999999999999922,0.053669512271881104,0.06727566021513098,-0.21898451631380808,1.8310924161662092,14.0,0.0,0.0020826266410713208,"[20.0, 20.0, 20.0, 20.0, 20.0, 20.0, 20.0, 20.0, 20.0, 20.0, 20.0, 20.0, 20.0, 20.0, 20.0, 20.0, 20.0, 20.0, 20.0, 20.0, 20.0, 20.0, 20.0, 20.0, 20.0, 20.0, 20.0, 20.0, 20.0, 20.0, 20.0, 20.0, 20.0, 20.0, 20.0, 20.0, 20.0, 20.0, 20.0, 20.0, 20.0, 20.0, 20.0, 20.0, 20.0, 20.0, 20.0, 20.0, 20.0, 20.0, 20.0, 20.0, 20.0, 20.0, 20.0, 20.0, 20.0, 20.0, 20.0, 20.0, 20.0, 20.0, 20.0, 20.0, 20.0, 20.0, 20.0, 20.0, 19.870116063969775, 19.664616346591586, 20.0, 20.0]",-0.06020235785728545,-0.08092263087725371,0.0354,-1.0548,-0.0874,-0.2903,-0.0649,-0.2103,-0.0147,-9.7934,15.3,,50.0,,,,0.4119,0.8436,0.9388,243.97,14.94,1.22388,1.8311,269.96,6.196,1,90.34,91.367,1,3,10,0.7,9.824,0,1.3617,0,0
1790743456.6419666,47.3979631,8.5462397,9.535000801086426,0.0012930192751809955,-1.8236093521118164,-0.00044538185466080904,269.72,-0.00901770320380504,-1.7975884053758926,0.0,-90.37281348279362,19.964248515090937,19.999999999999943,0.05704241991043091,0.09281348279367307,-0.32062522206080424,1.8235325180274702,14.0,0.0,0.001861523137515993,"[20.0, 20.0, 20.0, 20.0, 20.0, 20.0, 20.0, 20.0, 20.0, 20.0, 20.0, 20.0, 20.0, 20.0, 20.0, 20.0, 20.0, 20.0, 20.0, 20.0, 20.0, 20.0, 20.0, 20.0, 20.0, 20.0, 20.0, 20.0, 20.0, 20.0, 20.0, 20.0, 20.0, 20.0, 20.0, 20.0, 20.0, 20.0, 20.0, 20.0, 20.0, 20.0, 20.0, 20.0, 20.0, 20.0, 20.0, 20.0, 20.0, 20.0, 20.0, 20.0, 20.0, 20.0, 20.0, 20.0, 20.0, 20.0, 20.0, 20.0, 20.0, 20.0, 20.0, 20.0, 20.0, 20.0, 20.0, 20.0, 20.0, 19.964248515090937, 20.0, 20.0]",-0.06020235785728545,-0.08092263087725371,0.0213,-1.1024,-0.2158,-0.2827,-0.1554,-0.2179,-0.0107,-9.7875,15.3,,50.0,,,,0.4126,0.8509,0.9456,244.13,14.94,1.22388,1.8236,270.04,5.837,1,90.55,91.73,1,3,10,0.7,9.848,0,1.3508,0,0
1790743456.8427,47.3979632,8.546234799999999,9.53700065612793,0.0037949581164866686,-1.8197084665298462,0.00040720560355111957,269.7,-0.009746580978573666,-1.7964817626363803,0.0,-90.43559774980878,20.0,19.999999999999957,0.062018394470214844,0.13559774980876682,-0.4194887930018301,1.8195845975197331,14.0,0.0,0.0031181673400892114,"[20.0, 20.0, 20.0, 20.0, 20.0, 20.0, 20.0, 20.0, 20.0, 20.0, 20.0, 20.0, 20.0, 20.0, 20.0, 20.0, 20.0, 20.0, 20.0, 20.0, 20.0, 20.0, 20.0, 20.0, 20.0, 20.0, 20.0, 20.0, 20.0, 20.0, 20.0, 20.0, 20.0, 20.0, 20.0, 20.0, 20.0, 20.0, 20.0, 20.0, 20.0, 20.0, 20.0, 20.0, 20.0, 20.0, 20.0, 20.0, 20.0, 20.0, 20.0, 20.0, 20.0, 20.0, 20.0, 20.0, 20.0, 20.0, 20.0, 20.0, 20.0, 20.0, 20.0, 20.0, 20.0, 20.0, 20.0, 20.0, 20.0, 20.0, 20.0, 20.0]",-0.06020235785728545,-0.08092263087725371,-0.0126,-1.1485,-0.1826,-0.1382,-0.1891,-0.2125,-0.0083,-9.8015,15.3,,50.0,,,,0.3343,0.9055,0.9652,249.74,14.94,1.22388,1.8197,270.12,5.477,1,90.75,92.093,1,3,10,0.7,9.803,0,1.3371,0,0
1790743457.0428445,47.3979632,8.54623,9.53600025177002,0.00482982536777854,-1.8189088106155396,0.0009441854781471193,269.66,-0.011082687998767786,-1.7955742917779343,0.0,-90.51047368678769,20.0,19.999999999999968,0.06739771366119385,0.17047368678774433,-0.49213954507047436,1.818739069197173,14.0,0.0,0.0025472275718129776,"[20.0, 20.0, 20.0, 20.0, 20.0, 20.0, 20.0, 20.0, 20.0, 20.0, 20.0, 20.0, 20.0, 20.0, 20.0, 20.0, 20.0, 20.0, 20.0, 20.0, 20.0, 20.0, 20.0, 20.0, 20.0, 20.0, 20.0, 20.0, 20.0, 20.0, 20.0, 20.0, 20.0, 20.0, 20.0, 20.0, 20.0, 20.0, 20.0, 20.0, 20.0, 20.0, 20.0, 20.0, 20.0, 20.0, 20.0, 20.0, 20.0, 20.0, 20.0, 20.0, 20.0, 20.0, 20.0, 20.0, 20.0, 20.0, 20.0, 20.0, 20.0, 20.0, 20.0, 20.0, 20.0, 20.0, 20.0, 20.0, 20.0, 20.0, 20.0, 20.0]",-0.06020235785728545,-0.08092263087725371,-0.0453,-1.1584,-0.2274,0.0427,-0.2058,-0.2069,-0.0076,-9.8103,15.3,,50.0,,,,0.2636,0.9155,0.9527,253.94,14.94,1.22388,1.8189,270.15,5.116,1,90.95,92.458,1,3,10,0.7,9.8,0,1.3426,0,0
1790743457.2435362,47.3979633,8.5462251,9.534000396728516,0.0036207051016390324,-1.8183846473693848,0.001197775243781507,269.6,-0.01298668102722643,-1.795298151143526,0.0,-90.5806781283361,20.0,19.99999999999998,0.07084661722183228,0.18067812833609764,-0.5140852389635112,1.8181944803241494,14.0,0.0,0.0007418647298942014,"[20.0, 20.0, 20.0, 20.0, 20.0, 20.0, 20.0, 20.0, 20.0, 20.0, 20.0, 20.0, 20.0, 20.0, 20.0, 20.0, 20.0, 20.0, 20.0, 20.0, 20.0, 20.0, 20.0, 20.0, 20.0, 20.0, 20.0, 20.0, 20.0, 20.0, 20.0, 20.0, 20.0, 20.0, 20.0, 20.0, 20.0, 20.0, 20.0, 20.0, 20.0, 20.0, 20.0, 20.0, 20.0, 20.0, 20.0, 20.0, 20.0, 20.0, 20.0, 20.0, 20.0, 20.0, 20.0, 20.0, 20.0, 20.0, 20.0, 20.0, 20.0, 20.0, 20.0, 20.0, 20.0, 20.0, 20.0, 20.0, 20.0, 20.0, 20.0, 20.0]",-0.06020235785728545,-0.08092263087725371,-0.0651,-1.1458,-0.0342,0.0687,-0.3493,-0.2122,-0.0055,-9.8084,15.3,,50.0,,,,0.2849,1.0281,1.0668,254.51,14.94,1.22388,1.8184,270.11,4.755,1,91.15,92.823,1,3,10,0.7,9.791,0,1.285,0,0
1790743457.4435728,47.3979633,8.5462203,9.532999992370605,0.0010476837633177638,-1.8174628019332886,0.0009695356129668653,269.54,-0.014901639155790382,-1.7948898462441139,0.0,-90.6559171569919,20.0,19.999999999999986,0.07366394996643066,0.1959171569918965,-0.49302837955722056,1.8172695155458574,14.0,0.0,0.0011114700560391582,"[20.0, 20.0, 20.0, 20.0, 20.0, 20.0, 20.0, 20.0, 20.0, 20.0, 20.0, 20.0, 20.0, 20.0, 20.0, 20.0, 20.0, 20.0, 20.0, 20.0, 20.0, 20.0, 20.0, 20.0, 20.0, 20.0, 20.0, 20.0, 20.0, 20.0, 20.0, 20.0, 20.0, 20.0, 20.0, 20.0, 20.0, 20.0, 20.0, 20.0, 20.0, 20.0, 20.0, 20.0, 20.0, 20.0, 20.0, 20.0, 20.0, 20.0, 20.0, 20.0, 20.0, 20.0, 20.0, 20.0, 20.0, 20.0, 20.0, 20.0, 20.0, 20.0, 20.0, 20.0, 20.0, 20.0, 20.0, 20.0, 20.0, 20.0, 20.0, 20.0]",-0.06020235785728545,-0.08092263087725371,-0.0677,-1.1363,0.0143,0.0285,-0.3884,-0.2095,-0.0071,-9.8048,15.3,,50.0,,,,0.256,1.1485,1.1767,257.43,14.94,1.22388,1.8175,270.03,4.396,1,91.35,93.188,1,3,10,0.7,9.789,0,1.2291,0,0
1790743457.6443694,47.3979633,8.546215499999999,9.532999992370605,0.0001968193391803652,-1.8158831596374512,-7.979288784554228e-05,269.46,-0.017446240281583533,-1.794426248968424,0.0,-90.75297983077803,20.0,19.99999999999999,0.07749766111373901,0.21297983077801064,-0.5462101558448972,1.8156520320089524,14.0,0.0,0.0012396407594019554,"[20.0, 20.0, 20.0, 20.0, 20.0, 20.0, 20.0, 20.0, 20.0, 20.0, 20.0, 20.0, 20.0, 20.0, 20.0, 20.0, 20.0, 20.0, 20.0, 20.0, 20.0, 20.0, 20.0, 20.0, 20.0, 20.0, 20.0, 20.0, 20.0, 20.0, 20.0, 20.0, 20.0, 20.0, 20.0, 20.0, 20.0, 20.0, 20.0, 20.0, 20.0, 20.0, 20.0, 20.0, 20.0, 20.0, 20.0, 20.0, 20.0, 20.0, 20.0, 20.0, 20.0, 20.0, 20.0, 20.0, 20.0, 20.0, 20.0, 20.0, 20.0, 20.0, 20.0, 20.0, 20.0, 20.0, 20.0, 20.0, 20.0, 20.0, 20.0, 20.0]",-0.06020235785728545,-0.08092263087725371,-0.0683,-1.1329,-0.0795,-0.0112,-0.4621,-0.2171,-0.0086,-9.8053,15.3,,50.0,,,,0.1805,1.1154,1.13,260.81,14.94,1.22388,1.8159,270.01,4.039,1,91.55,93.552,1,3,10,0.7,9.786,0,1.2509,0,0
1790743457.8446279,47.3979633,8.5462106,9.53600025177002,-0.0019095833413302898,-1.8156269788742065,-0.00023789473925717175,269.38,-0.02000897076970115,-1.7937322884004938,0.0,-90.85880245558207,20.0,19.999999999999993,0.08054107427597046,0.2388024555820607,-0.5597392597614187,1.815373333160855,14.0,0.0,0.001881036108927867,"[20.0, 20.0, 20.0, 20.0, 20.0, 20.0, 20.0, 20.0, 20.0, 20.0, 20.0, 20.0, 20.0, 20.0, 20.0, 20.0, 20.0, 20.0, 20.0, 20.0, 20.0, 20.0, 20.0, 20.0, 20.0, 20.0, 20.0, 20.0, 20.0, 20.0, 20.0, 20.0, 20.0, 20.0, 20.0, 20.0, 20.0, 20.0, 20.0, 20.0, 20.0, 20.0, 20.0, 20.0, 20.0, 20.0, 20.0, 20.0, 20.0, 20.0, 20.0, 20.0, 20.0, 20.0, 20.0, 20.0, 20.0, 20.0, 20.0, 20.0, 20.0, 20.0, 20.0, 20.0, 20.0, 20.0, 20.0, 20.0, 20.0, 20.0, 20.0, 20.0]",-0.06020235785728545,-0.08092263087725371,-0.0836,-1.1329,-0.0867,0.0928,-0.419,-0.2053,-0.0059,-9.798,15.3,,50.0,,,,0.1209,1.1285,1.135,263.89,14.94,1.22388,1.8156,269.94,3.681,1,91.75,93.918,1,3,10,0.7,9.768,0,1.2481,0,0
1790743458.0456903,47.3979633,8.5462057,9.538000106811523,-0.006527048535645008,-1.817102074623108,-0.0001832865091273561,269.29,-0.022796604701648307,-1.7940544208757556,0.0,-90.93504990352244,20.0,19.999999999999996,0.07936346530914307,0.22504990352243226,-0.5041938812311699,1.8168955767403863,14.0,0.0,0.0009982118142251536,"[20.0, 20.0, 20.0, 20.0, 20.0, 20.0, 20.0, 20.0, 20.0, 20.0, 20.0, 20.0, 20.0, 20.0, 20.0, 20.0, 20.0, 20.0, 20.0, 20.0, 20.0, 20.0, 20.0, 20.0, 20.0, 20.0, 20.0, 20.0, 20.0, 20.0, 20.0, 20.0, 20.0, 20.0, 20.0, 20.0, 20.0, 20.0, 20.0, 20.0, 20.0, 20.0, 20.0, 20.0, 20.0, 20.0, 20.0, 20.0, 20.0, 20.0, 20.0, 20.0, 20.0, 20.0, 20.0, 20.0, 20.0, 20.0, 20.0, 20.0, 20.0, 20.0, 20.0, 20.0, 20.0, 20.0, 20.0, 20.0, 20.0, 20.0, 20.0, 20.0]",-0.06020235785728545,-0.08092263087725371,-0.0891,-1.114,0.0895,0.2109,-0.5443,-0.2068,-0.0023,-9.8044,15.3,,50.0,,,,0.1736,1.2534,1.2654,262.11,14.94,1.22388,1.8171,269.79,3.325,1,91.95,94.285,1,3,10,0.7,9.82,0,1.1844,0,0
1790743458.247335,47.3979633,8.5462008,9.539000511169434,-0.0123628880828619,-1.8177375793457031,0.0002422877005301416,269.19,-0.025814305372604953,-1.795386985762251,0.0,-90.98186620516503,20.0,19.999999999999996,0.0748400092124939,0.17186620516503126,-0.42032307623691295,1.81762724506245,14.0,0.0,0.00385979603403156,"[20.0, 20.0, 20.0, 20.0, 20.0, 20.0, 20.0, 20.0, 20.0, 20.0, 20.0, 20.0, 20.0, 20.0, 20.0, 20.0, 20.0, 20.0, 20.0, 20.0, 20.0, 20.0, 20.0, 20.0, 20.0, 20.0, 20.0, 20.0, 20.0, 20.0, 20.0, 20.0, 20.0, 20.0, 20.0, 20.0, 20.0, 20.0, 20.0, 20.0, 20.0, 20.0, 20.0, 20.0, 20.0, 20.0, 20.0, 20.0, 20.0, 20.0, 20.0, 20.0, 20.0, 20.0, 20.0, 20.0, 20.0, 20.0, 20.0, 20.0, 20.0, 20.0, 20.0, 20.0, 20.0, 20.0, 20.0, 20.0, 20.0, 20.0, 20.0, 20.0]",-0.06020235785728545,-0.08092263087725371,-0.0702,-1.0899,0.1456,0.1904,-0.5479,-0.208,-0.004,-9.8065,15.3,,50.0,,,,0.1612,1.2388,1.2493,262.58,14.94,1.22388,1.8178,269.61,2.972,1,92.15,94.653,1,3,10,0.7,9.786,0,1.1932,0,0
1790743458.4478488,47.3979632,8.546196,9.538000106811523,-0.016673682257533073,-1.8156405687332153,0.000739932176657021,269.1,-0.028522087510730522,-1.7967281027552997,0.0,-91.01828911360889,20.0,19.999999999999996,0.06912738084793091,0.1182891136089097,-0.37384698027415303,1.8156072297004502,14.0,0.0,0.0038966774797961293,"[20.0, 20.0, 20.0, 20.0, 20.0, 20.0, 20.0, 20.0, 20.0, 20.0, 20.0, 20.0, 20.0, 20.0, 20.0, 20.0, 20.0, 20.0, 20.0, 20.0, 20.0, 20.0, 20.0, 20.0, 20.0, 20.0, 20.0, 20.0, 20.0, 20.0, 20.0, 20.0, 20.0, 20.0, 20.0, 20.0, 20.0, 20.0, 20.0, 20.0, 20.0, 20.0, 20.0, 20.0, 20.0, 20.0, 20.0, 20.0, 20.0, 20.0, 20.0, 20.0, 20.0, 20.0, 20.0, 20.0, 20.0, 20.0, 20.0, 20.0, 20.0, 20.0, 20.0, 20.0, 20.0, 20.0, 20.0, 20.0, 20.0, 20.0, 20.0, 20.0]",-0.06020235785728545,-0.08092263087725371,-0.0463,-1.0885,0.056,0.0244,-0.4897,-0.2064,-0.0151,-9.8042,15.3,,50.0,,,,0.2086,1.2398,1.2572,260.45,14.94,1.22388,1.8157,269.47,2.626,1,92.35,95.018,1,3,10,0.7,9.805,0,1.1871,0,0
1790743458.6490579,47.3979632,8.546191199999999,9.535000801086426,-0.019671497866511345,-1.8118267059326172,0.0011671745451167226,269.02,-0.030930795963048457,-1.797935483827581,0.0,-91.04988907180615,20.0,19.999999999999996,0.06284534931182861,0.06988907180613069,-0.3579484999994371,1.811848936434932,14.0,0.0,0.003528699993347777,"[20.0, 20.0, 20.0, 20.0, 20.0, 20.0, 20.0, 20.0, 20.0, 20.0, 20.0, 20.0, 20.0, 20.0, 20.0, 20.0, 20.0, 20.0, 20.0, 20.0, 20.0, 20.0, 20.0, 20.0, 20.0, 20.0, 20.0, 20.0, 20.0, 20.0, 20.0, 20.0, 20.0, 20.0, 20.0, 20.0, 20.0, 20.0, 20.0, 20.0, 20.0, 20.0, 20.0, 20.0, 20.0, 20.0, 20.0, 20.0, 20.0, 20.0, 20.0, 20.0, 20.0, 20.0, 20.0, 20.0, 20.0, 20.0, 20.0, 20.0, 20.0, 20.0, 20.0, 20.0, 20.0, 20.0, 20.0, 20.0, 20.0, 20.0, 20.0, 20.0]",-0.06020235785728545,-0.08092263087725371,-0.0341,-1.1147,0.0458,-0.1488,-0.3779,-0.2139,-0.014,-9.8022,15.3,,50.0,,,,0.2117,1.3625,1.3788,261.17,14.94,1.22388,1.8119,269.38,2.289,1,92.55,95.38,1,3,10,0.7,9.76,0,1.1225,0,0
1790743458.8487334,47.3979631,8.5461864,9.532999992370605,-0.022553371265530586,-1.809369683265686,0.0005067900056019425,268.97,-0.03244070600305779,-1.7986522591197132,0.0,-91.07101822698417,20.0,19.999999999999996,0.05577129125595093,0.04101822698416413,-0.3158584502620431,1.80944976726979,14.0,0.0,0.002112421818341692,"[20.0, 20.0, 20.0, 20.0, 20.0, 20.0, 20.0, 20.0, 20.0, 20.0, 20.0, 20.0, 20.0, 20.0, 20.0, 20.0, 20.0, 20.0, 20.0, 20.0, 20.0, 20.0, 20.0, 20.0, 20.0, 20.0, 20.0, 20.0, 20.0, 20.0, 20.0, 20.0, 20.0, 20.0, 20.0, 20.0, 20.0, 20.0, 20.0, 20.0, 20.0, 20.0, 20.0, 20.0, 20.0, 20.0, 20.0, 20.0, 20.0, 20.0, 20.0, 20.0, 20.0, 20.0, 20.0, 20.0, 20.0, 20.0, 20.0, 20.0, 20.0, 20.0, 20.0, 20.0, 20.0, 20.0, 20.0, 20.0, 20.0, 20.0, 20.0, 20.0]",-0.06020235785728545,-0.08092263087725371,-0.0338,-1.1568,0.032,-0.177,-0.2707,-0.2056,0.0022,-9.811,15.3,,50.0,,,,0.2284,1.2277,1.2488,259.46,14.94,1.22388,1.8095,269.29,1.962,1,92.75,95.741,1,3,10,0.7,9.777,0,1.1851,0,0
1790743459.0496566,47.397963,8.546181599999999,9.532000541687012,-0.02672179602086544,-1.8094476461410522,0.0004188971361145377,268.93,-0.030514823554077086,-1.6372573403667574,0.0,-91.04177328868258,20.0,19.999999999999996,0.04633408784866333,-0.02822671131741572,-0.22392144780379566,1.809622029171685,14.0,0.0,0.004874567229168939,"[20.0, 20.0, 20.0, 20.0, 20.0, 20.0, 20.0, 20.0, 20.0, 20.0, 20.0, 20.0, 20.0, 20.0, 20.0, 20.0, 20.0, 20.0, 20.0, 20.0, 20.0, 20.0, 20.0, 20.0, 20.0, 20.0, 20.0, 20.0, 20.0, 20.0, 20.0, 20.0, 20.0, 20.0, 20.0, 20.0, 20.0, 20.0, 20.0, 20.0, 20.0, 20.0, 20.0, 20.0, 20.0, 20.0, 20.0, 20.0, 20.0, 20.0, 20.0, 20.0, 20.0, 20.0, 20.0, 20.0, 20.0, 20.0, 20.0, 20.0, 20.0, 20.0, 20.0, 20.0, 20.0, 20.0, 20.0, 20.0, 20.0, 20.0, 20.0, 20.0]",-0.06020235785728545,-0.08092263087725371,-0.0251,-1.1717,0.1083,-0.0544,-0.1454,-0.2073,-0.0057,-9.8105,15.3,,50.0,,,,0.2286,1.263,1.2835,259.74,14.94,1.22388,1.8096,269.15,1.65,1,92.95,96.103,1,3,10,0.7,9.761,0,1.1679,0,0
1790743459.2510347,47.397962899999996,8.5461768,9.532000541687012,-0.03059643693268299,-1.7974069118499756,-0.0007789391092956066,268.92,-0.015707744373370074,-0.8332230236087377,0.0,-91.07999999999998,20.0,19.999999999999996,0.0,0.0,-0.10477430277961229,1.797665872278228,14.0,0.0,0.001874931708515127,"[20.0, 20.0, 20.0, 20.0, 20.0, 20.0, 20.0, 20.0, 20.0, 20.0, 20.0, 20.0, 20.0, 20.0, 20.0, 20.0, 20.0, 20.0, 20.0, 20.0, 20.0, 20.0, 20.0, 20.0, 20.0, 20.0, 20.0, 20.0, 20.0, 20.0, 20.0, 20.0, 20.0, 20.0, 20.0, 20.0, 20.0, 20.0, 20.0, 20.0, 20.0, 20.0, 20.0, 20.0, 20.0, 20.0, 20.0, 20.0, 20.0, 20.0, 20.0, 20.0, 20.0, 20.0, 20.0, 20.0, 20.0, 20.0, 20.0, 20.0, 20.0, 20.0, 20.0, 20.0, 20.0, 20.0, 20.0, 20.0, 20.0, 20.0, 20.0, 20.0]",0.9819377660751343,-0.9637570977210999,0.0007,-0.3225,0.1506,4.1161,-0.0197,-0.2008,-0.0111,-9.7868,15.3,,50.0,,,,0.2504,1.2106,1.2362,258.31,14.94,1.22388,1.7977,269.02,0.0,1,93.15,96.461,1,3,10,0.7,9.748,0,1.1796,0,0
1790743459.4510164,47.397962899999996,8.546172199999999,9.53600025177002,-0.031172582879662514,-1.7083221673965454,-0.02334003336727619,268.93,-0.015125889382593759,-0.8098587577290164,0.0,-91.07,20.0,19.999999999999996,0.0,0.0,-0.024612148533523587,-1.70856689422895,14.0,0.0,0.0,"[20.0, 20.0, 20.0, 20.0, 20.0, 20.0, 20.0, 20.0, 20.0, 20.0, 20.0, 20.0, 20.0, 20.0, 20.0, 20.0, 20.0, 20.0, 20.0, 20.0, 20.0, 20.0, 20.0, 20.0, 20.0, 20.0, 20.0, 20.0, 20.0, 20.0, 20.0, 20.0, 20.0, 20.0, 20.0, 20.0, 20.0, 20.0, 20.0, 20.0, 20.0, 20.0, 20.0, 20.0, 20.0, 20.0, 20.0, 20.0, 20.0, 20.0, 20.0, 20.0, 20.0, 20.0, 20.0, 20.0, 20.0, 20.0, 20.0, 20.0, 20.0, 20.0, 20.0, 20.0, 20.0, 20.0, 20.0, 20.0, 20.0, 20.0, 20.0, 20.0]",0.6345246434211731,-0.9724647402763367,0.0231,4.246,0.0546,20.4208,-0.0121,-0.1786,-0.0063,-9.7865,15.3,,50.0,,,,0.0564,1.199,1.2003,267.3,14.94,1.22388,1.7086,268.95,0.0,1,93.35,96.808,1,3,10,0.7,9.73,0,1.1085,0,0
1790743459.6520696,47.397962799999995,8.5461681,9.542000770568848,-0.028428561985492706,-1.483461618423462,-0.008360272273421288,268.95,-0.014843194430843521,-0.809863988320933,0.0,-91.05000000000001,20.0,19.999999999999996,0.0,0.0,0.04786276131301725,-1.4837196288688725,14.0,0.0,0.0,"[20.0, 20.0, 20.0, 20.0, 20.0, 20.0, 20.0, 20.0, 20.0, 20.0, 20.0, 20.0, 20.0, 20.0, 20.0, 20.0, 20.0, 20.0, 20.0, 20.0, 20.0, 20.0, 20.0, 20.0, 20.0, 20.0, 20.0, 20.0, 20.0, 20.0, 20.0, 20.0, 20.0, 20.0, 20.0, 20.0, 20.0, 20.0, 20.0, 20.0, 20.0, 20.0, 20.0, 20.0, 20.0, 20.0, 20.0, 20.0, 20.0, 20.0, 20.0, 20.0, 20.0, 20.0, 20.0, 20.0, 20.0, 20.0, 20.0, 20.0, 20.0, 20.0, 20.0, 20.0, 20.0, 20.0, 20.0, 20.0, 20.0, 20.0, 20.0, 20.0]",0.3256664276123047,-0.9797431826591492,0.048,5.8903,0.102,-1.0924,-0.0229,-0.1598,-0.0079,-9.791,15.3,,50.0,,,,0.0041,1.04,1.04,269.78,14.94,1.22388,1.4837,268.9,0.0,1,93.56,97.117,1,3,10,0.7,9.685,0,0.9637,0,0
1790743459.852487,47.397962799999995,8.5461647,9.544000625610352,-0.02546408586204052,-1.2487902641296387,0.0023266328498721123,269.03000000000003,-0.013712396882316739,-0.8098839238877025,0.0,-90.96999999999997,20.0,19.999999999999996,0.0,0.0,0.19815651876920143,-1.2490446877290415,14.0,0.0,0.0,"[20.0, 20.0, 20.0, 20.0, 20.0, 20.0, 20.0, 20.0, 20.0, 20.0, 20.0, 20.0, 20.0, 20.0, 20.0, 20.0, 20.0, 20.0, 20.0, 20.0, 20.0, 20.0, 20.0, 20.0, 20.0, 20.0, 20.0, 20.0, 20.0, 20.0, 20.0, 20.0, 20.0, 20.0, 20.0, 20.0, 20.0, 20.0, 20.0, 20.0, 20.0, 20.0, 20.0, 20.0, 20.0, 20.0, 20.0, 20.0, 20.0, 20.0, 20.0, 20.0, 20.0, 20.0, 20.0, 20.0, 20.0, 20.0, 20.0, 20.0, 20.0, 20.0, 20.0, 20.0, 20.0, 20.0, 20.0, 20.0, 20.0, 20.0, 20.0, 20.0]",0.0729665458202362,-0.985623300075531,0.0708,4.8194,0.1861,-7.9605,-0.0468,-0.1458,-0.013,-9.8096,15.3,,50.0,,,,-0.0582,1.0671,1.0687,273.12,14.94,1.22388,1.249,268.83,0.0,1,93.76,97.37,1,3,10,0.7,9.693,0,0.7147,0,0
1790743460.05342,47.3979627,8.546161999999999,9.542000770568848,-0.023435231298208237,-1.063620924949646,0.005943320691585541,269.13,-0.012298862611701466,-0.8099066229995027,0.0,-90.87,20.0,19.999999999999996,0.0,0.0,0.39221907567601794,-1.0638712890773647,14.0,0.0,0.0,"[20.0, 20.0, 20.0, 20.0, 20.0, 20.0, 20.0, 20.0, 20.0, 20.0, 20.0, 20.0, 20.0, 20.0, 20.0, 20.0, 20.0, 20.0, 20.0, 20.0, 20.0, 20.0, 20.0, 20.0, 20.0, 20.0, 20.0, 20.0, 20.0, 20.0, 20.0, 20.0, 20.0, 20.0, 20.0, 20.0, 20.0, 20.0, 20.0, 20.0, 20.0, 20.0, 20.0, 20.0, 20.0, 20.0, 20.0, 20.0, 20.0, 20.0, 20.0, 20.0, 20.0, 20.0, 20.0, 20.0, 20.0, 20.0, 20.0, 20.0, 20.0, 20.0, 20.0, 20.0, 20.0, 20.0, 20.0, 20.0, 20.0, 20.0, 20.0, 20.0]",-0.1330880969762802,-0.9909520745277405,0.0998,3.2104,0.2016,-7.8341,-0.0692,-0.1304,-0.0046,-9.8241,15.3,,50.0,,,,0.0552,0.9575,0.9591,266.7,14.94,1.22388,1.0639,268.74,0.0,1,93.96,97.576,1,3,10,0.7,9.668,0,0.5844,0,0
1790743460.2539566,47.3979627,8.5461596,9.53700065612793,-0.02132500149309635,-0.9378715753555298,0.005836135242134333,269.2,-0.011309366074707785,-0.8099210444475364,0.0,-90.80000000000001,20.0,19.999999999999996,0.0,0.0,0.502547297693746,-0.9380929450648168,14.0,0.0,0.0,"[20.0, 20.0, 20.0, 20.0, 20.0, 20.0, 20.0, 20.0, 20.0, 20.0, 20.0, 20.0, 20.0, 20.0, 20.0, 20.0, 20.0, 20.0, 20.0, 20.0, 20.0, 20.0, 20.0, 20.0, 20.0, 20.0, 20.0, 20.0, 20.0, 20.0, 20.0, 20.0, 20.0, 20.0, 20.0, 20.0, 20.0, 20.0, 20.0, 20.0, 20.0, 20.0, 20.0, 20.0, 20.0, 20.0, 20.0, 20.0, 20.0, 20.0, 20.0, 20.0, 20.0, 20.0, 20.0, 20.0, 20.0, 20.0, 20.0, 20.0, 20.0, 20.0, 20.0, 20.0, 20.0, 20.0, 20.0, 20.0, 20.0, 20.0, 20.0, 20.0]",-0.31159070134162903,-0.9962071180343628,0.1279,1.8547,0.1121,-5.8446,-0.1076,-0.117,-0.0115,-9.8236,15.3,,50.0,,,,0.0724,0.9022,0.9051,265.41,14.94,1.22388,0.9381,268.7,0.0,1,94.16,97.755,1,3,10,0.7,9.764,0,0.4856,0,0
1790743460.4556928,47.3979626,8.5461575,9.532999992370605,-0.01991339400410652,-0.8592649102210999,0.004044446162879467,269.25,-0.010602572412789155,-0.8099306053349458,0.0,-90.75,20.0,19.999999999999996,0.0,0.0,0.5775873651515683,-0.8594494159887165,14.0,0.0,0.0,"[20.0, 20.0, 20.0, 20.0, 20.0, 20.0, 20.0, 20.0, 20.0, 20.0, 20.0, 20.0, 20.0, 20.0, 20.0, 20.0, 20.0, 20.0, 20.0, 20.0, 20.0, 20.0, 20.0, 20.0, 20.0, 20.0, 20.0, 20.0, 20.0, 20.0, 20.0, 20.0, 20.0, 20.0, 20.0, 20.0, 20.0, 20.0, 20.0, 20.0, 20.0, 20.0, 20.0, 20.0, 20.0, 20.0, 20.0, 20.0, 20.0, 20.0, 20.0, 20.0, 20.0, 20.0, 20.0, 20.0, 20.0, 20.0, 20.0, 20.0, 20.0, 20.0, 20.0, 20.0, 20.0, 20.0, 20.0, 20.0, 20.0, 20.0, 20.0, 20.0]",-0.47570180892944336,-1.001713514328003,0.1443,0.912,0.0973,-3.7295,-0.121,-0.1073,-0.0135,-9.8179,15.3,,50.0,,,,-0.0134,0.8192,0.8193,270.94,14.94,1.22388,0.8595,268.67,0.0,1,94.36,97.919,1,3,10,0.7,9.748,0,0.4498,0,0
1790743460.6549716,47.3979626,8.546155299999999,9.530000686645508,-0.017433220520615578,-0.8087385892868042,0.015492954291403294,269.27,-0.010319852657069629,-0.8099342569870326,0.0,-90.73000000000002,20.0,19.999999999999996,0.0,0.0,0.5048802266484836,-0.8089025315072393,14.0,0.0,0.0,"[20.0, 20.0, 20.0, 20.0, 20.0, 20.0, 20.0, 20.0, 20.0, 20.0, 20.0, 20.0, 20.0, 20.0, 20.0, 20.0, 20.0, 20.0, 20.0, 20.0, 20.0, 20.0, 20.0, 20.0, 20.0, 20.0, 20.0, 20.0, 20.0, 20.0, 20.0, 20.0, 20.0, 20.0, 20.0, 20.0, 20.0, 20.0, 20.0, 20.0, 20.0, 20.0, 20.0, 20.0, 20.0, 20.0, 20.0, 20.0, 20.0, 20.0, 20.0, 20.0, 20.0, 20.0, 20.0, 20.0, 20.0, 20.0, 20.0, 20.0, 20.0, 20.0, 20.0, 20.0, 20.0, 20.0, 20.0, 20.0, 20.0, 20.0, 20.0, 20.0]",-0.6342468857765198,-1.0063514709472656,0.159,1.1422,0.057,5.4637,-0.1115,-0.0869,-0.0111,-9.3288,15.3,,50.0,,,,0.0002,0.8492,0.8492,269.99,14.94,1.22388,0.8089,268.77,0.0,1,94.56,98.078,1,3,10,0.7,9.789,0,0.3843,0,0
1790743460.8559399,47.3979626,8.5461533,9.511000633239746,-0.011666974052786827,-0.7440689206123352,0.208775132894516,269.27,-0.010319852657069629,-0.8099342569870326,0.0,-90.73000000000002,20.0,19.999999999999996,0.0,0.0,0.16832215669908948,-0.7441031031345796,14.0,0.0,0.0,"[20.0, 20.0, 20.0, 20.0, 20.0, 20.0, 20.0, 20.0, 20.0, 20.0, 20.0, 20.0, 20.0, 20.0, 20.0, 20.0, 20.0, 20.0, 20.0, 20.0, 20.0, 20.0, 20.0, 20.0, 20.0, 20.0, 20.0, 20.0, 20.0, 20.0, 20.0, 20.0, 20.0, 20.0, 20.0, 20.0, 20.0, 20.0, 20.0, 20.0, 20.0, 20.0, 20.0, 20.0, 20.0, 20.0, 20.0, 20.0, 20.0, 20.0, 20.0, 20.0, 20.0, 20.0, 20.0, 20.0, 20.0, 20.0, 20.0, 20.0, 20.0, 20.0, 20.0, 20.0, 20.0, 20.0, 20.0, 20.0, 20.0, 20.0, 20.0, 20.0]",-0.7889134883880615,-1.0068573951721191,0.1538,2.1532,-0.1417,4.7488,-0.0302,-0.0807,-0.0096,-8.3106,15.3,,50.0,,,,-0.0036,0.7962,0.7962,270.26,14.94,1.22388,0.7442,269.1,0.0,1,94.76,98.232,1,3,10,0.7,9.772,0,0.3461,0,0
1790743461.0569794,47.3979626,8.5461514,9.430000305175781,-0.005163440015166998,-0.6607540845870972,0.5761184096336365,269.27,-0.010319852657069629,-0.8099342569870326,0.0,-90.73000000000002,20.0,19.999999999999996,-0.0,0.0,-0.282273219670224,-0.6604262491630739,14.0,0.0,0.0,"[20.0, 20.0, 20.0, 20.0, 20.0, 20.0, 20.0, 20.0, 20.0, 20.0, 20.0, 20.0, 20.0, 20.0, 20.0, 20.0, 20.0, 20.0, 20.0, 20.0, 20.0, 20.0, 20.0, 20.0, 20.0, 20.0, 20.0, 20.0, 20.0, 20.0, 20.0, 20.0, 20.0, 20.0, 20.0, 20.0, 20.0, 20.0, 20.0, 20.0, 20.0, 20.0, 20.0, 20.0, 20.0, 20.0, 20.0, 20.0, 20.0, 20.0, 20.0, 20.0, 20.0, 20.0, 20.0, 20.0, 20.0, 20.0, 20.0, 20.0, 20.0, 20.0, 20.0, 20.0, 20.0, 20.0, 20.0, 20.0, 20.0, 20.0, 20.0, 20.0]",-0.9324591159820557,-1.0033193826675415,0.0975,3.1371,-0.4451,5.3252,-0.0242,-0.0546,-0.0156,-7.5788,15.3,,50.0,,,,0.1501,0.6855,0.7018,257.65,14.94,1.22389,0.6608,269.55,0.0,1,94.96,98.376,1,3,10,0.7,9.666,0,0.3099,0,0
1790743461.2580204,47.3979626,8.546149699999999,9.25200080871582,-0.0007180694374255836,-0.5579278469085693,1.0493582487106323,269.28000000000003,-0.01017849230551508,-0.8099360458050912,0.0,-90.71999999999997,20.0,19.999999999999996,-0.0,0.0,-0.6462586987310974,-0.5573858868439182,14.0,0.0,0.0,"[20.0, 20.0, 20.0, 20.0, 20.0, 20.0, 20.0, 20.0, 20.0, 20.0, 20.0, 20.0, 20.0, 20.0, 20.0, 20.0, 20.0, 20.0, 20.0, 20.0, 20.0, 20.0, 20.0, 20.0, 20.0, 20.0, 20.0, 20.0, 20.0, 20.0, 20.0, 20.0, 20.0, 20.0, 20.0, 20.0, 20.0, 20.0, 20.0, 20.0, 20.0, 20.0, 20.0, 20.0, 20.0, 20.0, 20.0, 20.0, 20.0, 20.0, 20.0, 20.0, 20.0, 20.0, 20.0, 20.0, 20.0, 20.0, 20.0, 20.0, 20.0, 20.0, 20.0, 20.0, 20.0, 20.0, 20.0, 20.0, 20.0, 20.0, 20.0, 20.0]",-1.0597878694534302,-0.997864842414856,0.0102,4.3534,-0.3872,5.6146,-0.0469,-0.0444,-0.0102,-7.9427,15.3,,50.0,,,,0.1157,0.7163,0.7256,260.82,14.94,1.22391,0.5579,269.93,0.0,1,95.16,98.503,1,3,10,0.7,9.483,0,0.1951,0,0
1790743461.4580314,47.3979627,8.5461484,8.99000072479248,6.721244426444173e-05,-0.4092050790786743,1.3048793077468872,269.31,-0.009754409407750688,-0.8099412642266759,0.0,-90.69,20.0,19.999999999999996,-0.0,0.0,-0.6994109031128004,-0.40862096463547054,14.0,0.0,0.0,"[20.0, 20.0, 20.0, 20.0, 20.0, 20.0, 20.0, 20.0, 20.0, 20.0, 20.0, 20.0, 20.0, 20.0, 20.0, 20.0, 20.0, 20.0, 20.0, 20.0, 20.0, 20.0, 20.0, 20.0, 20.0, 20.0, 20.0, 20.0, 20.0, 20.0, 20.0, 20.0, 20.0, 20.0, 20.0, 20.0, 20.0, 20.0, 20.0, 20.0, 20.0, 20.0, 20.0, 20.0, 20.0, 20.0, 20.0, 20.0, 20.0, 20.0, 20.0, 20.0, 20.0, 20.0, 20.0, 20.0, 20.0, 20.0, 20.0, 20.0, 20.0, 20.0, 20.0, 20.0, 20.0, 20.0, 20.0, 20.0, 20.0, 20.0, 20.0, 20.0]",-1.1606496572494507,-0.9924532771110535,-0.1318,5.1136,-0.6303,2.3441,-0.0681,-0.0275,-0.0205,-9.2521,15.3,,50.0,,,,0.1014,0.7804,0.787,262.6,14.94,1.22394,0.4092,270.01,0.0,1,95.36,98.604,1,3,10,0.7,9.257,0,0.0157,0,0
1790743461.6591854,47.3979627,8.5461475,8.70300006866455,-0.00434540631249547,-0.22782030701637268,1.3455638885498047,269.35,-0.009188961404251458,-0.8099478767107865,0.0,-90.64999999999998,20.0,19.999999999999996,-0.0,0.0,0.3362541309242951,-0.22733688082082706,14.0,0.0,0.0,"[20.0, 20.0, 20.0, 20.0, 20.0, 20.0, 20.0, 20.0, 20.0, 20.0, 20.0, 20.0, 20.0, 20.0, 20.0, 20.0, 20.0, 20.0, 20.0, 20.0, 20.0, 20.0, 20.0, 20.0, 20.0, 20.0, 20.0, 20.0, 20.0, 20.0, 20.0, 20.0, 20.0, 20.0, 20.0, 20.0, 20.0, 20.0, 20.0, 20.0, 20.0, 20.0, 20.0, 20.0, 20.0, 20.0, 20.0, 20.0, 20.0, 20.0, 20.0, 20.0, 20.0, 20.0, 20.0, 20.0, 20.0, 20.0, 20.0, 20.0, 20.0, 20.0, 20.0, 20.0, 20.0, 20.0, 20.0, 20.0, 20.0, 20.0, 20.0, 20.0]",-1.2260297536849976,-0.9892591834068298,-0.2041,5.327,-0.1489,0.2608,-0.1243,-0.0168,-0.0115,-10.1106,15.3,,50.0,,,,0.2485,0.7509,0.7909,251.69,14.94,1.22398,0.2279,268.91,0.0,1,95.56,98.67,1,3,10,0.7,8.988,0,0.0,0,0
1790743461.8592415,47.3979627,8.5461472,8.432000160217285,-0.013330096378922462,-0.03353741392493248,1.2386536598205566,269.41,-0.008340781087772706,-0.8099570552633306,0.0,-90.58999999999997,20.0,19.999999999999996,0.0,0.0,2.4782235441241003,-0.034633791914659096,14.0,0.0,0.0,"[20.0, 20.0, 20.0, 20.0, 20.0, 20.0, 20.0, 20.0, 20.0, 20.0, 20.0, 20.0, 20.0, 20.0, 20.0, 20.0, 20.0, 20.0, 20.0, 20.0, 20.0, 20.0, 20.0, 20.0, 20.0, 20.0, 20.0, 20.0, 20.0, 20.0, 20.0, 20.0, 20.0, 20.0, 20.0, 20.0, 20.0, 20.0, 20.0, 20.0, 20.0, 20.0, 20.0, 20.0, 20.0, 20.0, 20.0, 20.0, 20.0, 20.0, 20.0, 20.0, 20.0, 20.0, 20.0, 20.0, 20.0, 20.0, 20.0, 20.0, 20.0, 20.0, 20.0, 20.0, 20.0, 20.0, 20.0, 20.0, 20.0, 20.0, 20.0, 20.0]",-1.2501763105392456,-0.9915194511413574,-0.1688,4.787,0.5272,-8.4554,-0.1789,-0.0044,-0.0059,-10.7154,15.3,,50.0,,,,0.2528,0.6253,0.6745,247.99,14.95,1.22401,0.0361,248.32,0.0,1,95.76,98.694,1,3,10,0.7,8.764,0,0.0,0,0
1790743462.0605783,47.3979626,8.5461473,8.204000473022461,-0.021800680086016655,0.1065533235669136,1.0417886972427368,269.45,-0.007775322404544449,-0.8099626808449297,0.0,-90.55000000000001,20.0,19.999999999999996,0.0,0.0,4.350396538298145,-0.10354863735068741,14.0,0.0,0.0,"[20.0, 20.0, 20.0, 20.0, 20.0, 20.0, 20.0, 20.0, 20.0, 20.0, 20.0, 20.0, 20.0, 20.0, 20.0, 20.0, 20.0, 20.0, 20.0, 20.0, 20.0, 20.0, 20.0, 20.0, 20.0, 20.0, 20.0, 20.0, 20.0, 20.0, 20.0, 20.0, 20.0, 20.0, 20.0, 20.0, 20.0, 20.0, 20.0, 20.0, 20.0, 20.0, 20.0, 20.0, 20.0, 20.0, 20.0, 20.0, 20.0, 20.0, 20.0, 20.0, 20.0, 20.0, 20.0, 20.0, 20.0, 20.0, 20.0, 20.0, 20.0, 20.0, 20.0, 20.0, 20.0, 20.0, 20.0, 20.0, 20.0, 20.0, 20.0, 20.0]",-1.2395961284637451,-0.9974744319915771,-0.0285,1.8173,0.917,-14.6056,-0.3854,0.0094,-0.0121,-10.3043,15.3,,50.0,,,,0.182,0.7578,0.7794,256.5,14.95,1.22404,0.1088,101.56,0.0,1,95.96,98.706,1,3,10,0.7,8.521,0,0.0,0,0
1790743462.2610538,47.3979626,8.5461476,8.006000518798828,-0.02487971819937229,0.13623090088367462,1.0325987339019775,269.44,-0.007916687441391684,-0.809961311458736,0.0,-90.56,20.0,19.999999999999996,0.0,0.0,4.9930646721957554,-0.1382018154964403,14.0,0.0,0.0,"[20.0, 20.0, 20.0, 20.0, 20.0, 20.0, 20.0, 20.0, 20.0, 20.0, 20.0, 20.0, 20.0, 20.0, 20.0, 20.0, 20.0, 20.0, 20.0, 20.0, 20.0, 20.0, 20.0, 20.0, 20.0, 20.0, 20.0, 20.0, 20.0, 20.0, 20.0, 20.0, 20.0, 20.0, 20.0, 20.0, 20.0, 20.0, 20.0, 20.0, 20.0, 20.0, 20.0, 20.0, 20.0, 20.0, 20.0, 20.0, 20.0, 20.0, 20.0, 20.0, 20.0, 20.0, 20.0, 20.0, 20.0, 20.0, 20.0, 20.0, 20.0, 20.0, 20.0, 20.0, 20.0, 20.0, 20.0, 20.0, 20.0, 20.0, 20.0, 20.0]",-1.2157782316207886,-1.003416895866394,0.107,0.0967,0.5574,-4.0918,-0.4845,0.0048,-0.0157,-9.5241,15.3,,50.0,,,,0.1868,0.7267,0.7503,255.58,14.95,1.22406,0.1385,100.35,0.0,1,96.16,98.731,1,3,10,0.7,8.263,0,0.0,0,0
1790743462.4621887,47.3979626,8.5461479,7.77500057220459,-0.02183455415070057,0.12224366515874863,1.0696990489959717,269.36,-0.009047598692831869,-0.8099494681508801,0.0,-90.63999999999999,20.0,19.999999999999996,0.0,0.0,4.421813820524442,-0.12417826393770183,14.0,0.0,0.0,"[20.0, 20.0, 20.0, 20.0, 20.0, 20.0, 20.0, 20.0, 20.0, 20.0, 20.0, 20.0, 20.0, 20.0, 20.0, 20.0, 20.0, 20.0, 20.0, 20.0, 20.0, 20.0, 20.0, 20.0, 20.0, 20.0, 20.0, 20.0, 20.0, 20.0, 20.0, 20.0, 20.0, 20.0, 20.0, 20.0, 20.0, 20.0, 20.0, 20.0, 20.0, 20.0, 20.0, 20.0, 20.0, 20.0, 20.0, 20.0, 20.0, 20.0, 20.0, 20.0, 20.0, 20.0, 20.0, 20.0, 20.0, 20.0, 20.0, 20.0, 20.0, 20.0, 20.0, 20.0, 20.0, 20.0, 20.0, 20.0, 20.0, 20.0, 20.0, 20.0]",-1.1989578008651733,-1.0064014196395874,0.1643,-0.3081,0.0738,-0.6695,-0.5188,0.0107,-0.0098,-9.7032,15.3,,50.0,,,,0.1387,0.8032,0.8151,260.2,14.95,1.22409,0.1242,100.13,0.0,1,96.37,98.748,1,3,10,0.7,8.048,0,0.0,0,0
1790743462.6631665,47.3979626,8.5461479,7.562000274658203,-0.01367257721722126,0.0961550921201706,1.0748100280761719,269.25,-0.010602572412789155,-0.8099306053349458,0.0,-90.75,20.0,19.999999999999996,0.0,0.0,2.8490764674546627,-0.07945067075732834,14.0,0.0,0.0,"[20.0, 20.0, 20.0, 20.0, 20.0, 20.0, 20.0, 20.0, 20.0, 20.0, 20.0, 20.0, 20.0, 20.0, 20.0, 20.0, 20.0, 20.0, 20.0, 20.0, 20.0, 20.0, 20.0, 20.0, 20.0, 20.0, 20.0, 20.0, 20.0, 20.0, 20.0, 20.0, 20.0, 20.0, 20.0, 20.0, 20.0, 20.0, 20.0, 20.0, 20.0, 20.0, 20.0, 20.0, 20.0, 20.0, 20.0, 20.0, 20.0, 20.0, 20.0, 20.0, 20.0, 20.0, 20.0, 20.0, 20.0, 20.0, 20.0, 20.0, 20.0, 20.0, 20.0, 20.0, 20.0, 20.0, 20.0, 20.0, 20.0, 20.0, 20.0, 20.0]",-1.192598581314087,-1.0031588077545166,0.1303,-0.3346,-0.414,0.5685,-0.3586,0.0091,-0.0111,-9.8122,15.3,,50.0,,,,0.1856,0.7341,0.7572,255.81,14.95,1.22411,0.0971,98.09,0.0,1,96.57,98.755,1,3,10,0.7,7.849,0,0.0,0,0
1790743462.8640103,47.3979627,8.5461479,7.349000453948975,-0.004950122907757759,0.07213552296161652,1.0616605281829834,269.17,-0.011733438172270965,-0.8099150118553536,0.0,-90.82999999999998,20.0,19.999999999999996,0.0,0.0,1.1447202717404028,0.002273219321341396,14.0,0.0,0.0,"[20.0, 20.0, 20.0, 20.0, 20.0, 20.0, 20.0, 20.0, 20.0, 20.0, 20.0, 20.0, 20.0, 20.0, 20.0, 20.0, 20.0, 20.0, 20.0, 20.0, 20.0, 20.0, 20.0, 20.0, 20.0, 20.0, 20.0, 20.0, 20.0, 20.0, 20.0, 20.0, 20.0, 20.0, 20.0, 20.0, 20.0, 20.0, 20.0, 20.0, 20.0, 20.0, 20.0, 20.0, 20.0, 20.0, 20.0, 20.0, 20.0, 20.0, 20.0, 20.0, 20.0, 20.0, 20.0, 20.0, 20.0, 20.0, 20.0, 20.0, 20.0, 20.0, 20.0, 20.0, 20.0, 20.0, 20.0, 20.0, 20.0, 20.0, 20.0, 20.0]",-1.1922818422317505,-0.9946185350418091,0.0077,-0.1901,-0.7852,1.0604,-0.1084,0.0105,-0.009,-9.8857,15.3,,50.0,,,,0.1735,0.6703,0.6924,255.49,14.95,1.22414,0.0723,93.93,0.0,1,96.77,98.763,1,3,10,0.7,7.685,0,0.0,0,0
1790743463.0648966,47.397962799999995,8.5461479,7.142000198364258,1.8886057659983635e-05,0.05520639196038246,1.0408655405044556,269.15,-0.012016151124052538,-0.8099108667700193,0.0,-90.85000000000002,20.0,19.999999999999996,-0.0,0.0,0.15280543635325416,0.013939919506928024,14.0,0.0,0.0,"[20.0, 20.0, 20.0, 20.0, 20.0, 20.0, 20.0, 20.0, 20.0, 20.0, 20.0, 20.0, 20.0, 20.0, 20.0, 20.0, 20.0, 20.0, 20.0, 20.0, 20.0, 20.0, 20.0, 20.0, 20.0, 20.0, 20.0, 20.0, 20.0, 20.0, 20.0, 20.0, 20.0, 20.0, 20.0, 20.0, 20.0, 20.0, 20.0, 20.0, 20.0, 20.0, 20.0, 20.0, 20.0, 20.0, 20.0, 20.0, 20.0, 20.0, 20.0, 20.0, 20.0, 20.0, 20.0, 20.0, 20.0, 20.0, 20.0, 20.0, 20.0, 20.0, 20.0, 20.0, 20.0, 20.0, 20.0, 20.0, 20.0, 20.0, 20.0, 20.0]",-1.195297122001648,-0.9830802083015442,-0.1541,-0.0196,-0.8854,0.9538,0.0257,0.0088,0.0,-9.8969,15.3,,50.0,,,,0.1826,0.5348,0.5652,251.15,14.95,1.22416,0.0552,89.98,0.0,1,96.97,98.775,1,3,10,0.7,7.485,0,0.0,0,0
1790743463.265685,47.397962899999996,8.5461478,6.939000129699707,-0.00172599614597857,0.04575323313474655,1.0178444385528564,269.19,-0.011450723790806623,-0.8099190582550004,0.0,-90.81,20.0,19.999999999999996,-0.0,0.0,0.45312820898583006,0.014871835738054768,14.0,0.0,0.0,"[20.0, 20.0, 20.0, 20.0, 20.0, 20.0, 20.0, 20.0, 20.0, 20.0, 20.0, 20.0, 20.0, 20.0, 20.0, 20.0, 20.0, 20.0, 20.0, 20.0, 20.0, 20.0, 20.0, 20.0, 20.0, 20.0, 20.0, 20.0, 20.0, 20.0, 20.0, 20.0, 20.0, 20.0, 20.0, 20.0, 20.0, 20.0, 20.0, 20.0, 20.0, 20.0, 20.0, 20.0, 20.0, 20.0, 20.0, 20.0, 20.0, 20.0, 20.0, 20.0, 20.0, 20.0, 20.0, 20.0, 20.0, 20.0, 20.0, 20.0, 20.0, 20.0, 20.0, 20.0, 20.0, 20.0, 20.0, 20.0, 20.0, 20.0, 20.0, 20.0]",-1.1984403133392334,-0.9726654291152954,-0.2995,0.1099,-0.6406,0.6684,0.1895,0.0162,-0.0081,-9.9098,15.3,,50.0,,,,0.3091,0.4863,0.5763,237.56,14.95,1.22418,0.0458,92.16,0.0,1,97.17,98.786,1,3,10,0.7,7.292,0,0.0,0,0
1790743463.466146,47.397962899999996,8.5461479,6.741000175476074,-0.008570196107029915,0.04342086985707283,0.9929472804069519,269.24,-0.010743931808342353,-0.8099287425010288,0.0,-90.75999999999999,20.0,19.999999999999996,0.0,0.0,1.7460984523738112,0.008270509183702273,14.0,0.0,0.0,"[20.0, 20.0, 20.0, 20.0, 20.0, 20.0, 20.0, 20.0, 20.0, 20.0, 20.0, 20.0, 20.0, 20.0, 20.0, 20.0, 20.0, 20.0, 20.0, 20.0, 20.0, 20.0, 20.0, 20.0, 20.0, 20.0, 20.0, 20.0, 20.0, 20.0, 20.0, 20.0, 20.0, 20.0, 20.0, 20.0, 20.0, 20.0, 20.0, 20.0, 20.0, 20.0, 20.0, 20.0, 20.0, 20.0, 20.0, 20.0, 20.0, 20.0, 20.0, 20.0, 20.0, 20.0, 20.0, 20.0, 20.0, 20.0, 20.0, 20.0, 20.0, 20.0, 20.0, 20.0, 20.0, 20.0, 20.0, 20.0, 20.0, 20.0, 20.0, 20.0]",-1.19838547706604,-0.9647151231765747,-0.3745,0.1835,-0.2781,0.1252,0.1788,0.0094,-0.0117,-9.9149,15.3,,50.0,,,,0.2882,0.454,0.5378,237.59,14.96,1.22421,0.0443,101.17,0.0,1,97.37,98.794,1,3,10,0.7,7.101,0,0.0,0,0
1790743463.6671643,47.397963,8.5461479,6.549000263214111,-0.017860813066363335,0.04389338940382004,0.966727614402771,269.3,-0.00989577067655005,-0.8099395494249662,0.0,-90.69999999999999,20.0,19.999999999999996,0.0,0.0,3.508931314043151,0.0029843864374172156,14.0,0.0,0.0,"[20.0, 20.0, 20.0, 20.0, 20.0, 20.0, 20.0, 20.0, 20.0, 20.0, 20.0, 20.0, 20.0, 20.0, 20.0, 20.0, 20.0, 20.0, 20.0, 20.0, 20.0, 20.0, 20.0, 20.0, 20.0, 20.0, 20.0, 20.0, 20.0, 20.0, 20.0, 20.0, 20.0, 20.0, 20.0, 20.0, 20.0, 20.0, 20.0, 20.0, 20.0, 20.0, 20.0, 20.0, 20.0, 20.0, 20.0, 20.0, 20.0, 20.0, 20.0, 20.0, 20.0, 20.0, 20.0, 20.0, 20.0, 20.0, 20.0, 20.0, 20.0, 20.0, 20.0, 20.0, 20.0, 20.0, 20.0, 20.0, 20.0, 20.0, 20.0, 20.0]",-1.1967617273330688,-0.9598710536956787,-0.3925,0.1867,-0.0223,-0.0091,0.1398,0.0128,-0.0075,-9.9199,15.3,,50.0,,,,0.4089,0.5256,0.6659,232.12,14.96,1.22423,0.0474,112.14,0.0,1,97.57,98.799,1,3,10,0.7,6.906,0,0.0,0,0
1790743463.8679585,47.397962899999996,8.5461479,6.362000465393066,-0.031001469120383263,0.04325449839234352,0.9412826299667358,269.32,-0.009613047841815383,-0.8099429543561639,0.0,-90.68,20.0,19.999999999999996,0.0,0.0,5.9964784957716555,-0.04512783004707691,14.0,0.0,0.0,"[20.0, 20.0, 20.0, 20.0, 20.0, 20.0, 20.0, 20.0, 20.0, 20.0, 20.0, 20.0, 20.0, 20.0, 20.0, 20.0, 20.0, 20.0, 20.0, 20.0, 20.0, 20.0, 20.0, 20.0, 20.0, 20.0, 20.0, 20.0, 20.0, 20.0, 20.0, 20.0, 20.0, 20.0, 20.0, 20.0, 20.0, 20.0, 20.0, 20.0, 20.0, 20.0, 20.0, 20.0, 20.0, 20.0, 20.0, 20.0, 20.0, 20.0, 20.0, 20.0, 20.0, 20.0, 20.0, 20.0, 20.0, 20.0, 20.0, 20.0, 20.0, 20.0, 20.0, 20.0, 20.0, 20.0, 20.0, 20.0, 20.0, 20.0, 20.0, 20.0]",-1.1952601671218872,-0.9635205268859863,-0.3388,0.174,0.5943,0.0319,-0.0239,0.0145,0.0029,-9.9196,15.3,,50.0,,,,0.4487,0.6116,0.7585,233.73,14.96,1.22425,0.0532,125.63,0.0,1,97.77,98.803,1,3,10,0.7,6.722,0,0.0,0,0
1790743464.0690002,47.397962799999995,8.5461479,6.180000305175781,-0.043258145451545715,0.041001901030540466,0.9146488308906555,269.31,-0.009754409407750688,-0.8099412642266759,0.0,-90.69,20.0,19.999999999999996,0.0,0.0,8.296915559438345,-0.043607952024450426,14.0,0.0,0.0,"[20.0, 20.0, 20.0, 20.0, 20.0, 20.0, 20.0, 20.0, 20.0, 20.0, 20.0, 20.0, 20.0, 20.0, 20.0, 20.0, 20.0, 20.0, 20.0, 20.0, 20.0, 20.0, 20.0, 20.0, 20.0, 20.0, 20.0, 20.0, 20.0, 20.0, 20.0, 20.0, 20.0, 20.0, 20.0, 20.0, 20.0, 20.0, 20.0, 20.0, 20.0, 20.0, 20.0, 20.0, 20.0, 20.0, 20.0, 20.0, 20.0, 20.0, 20.0, 20.0, 20.0, 20.0, 20.0, 20.0, 20.0, 20.0, 20.0, 20.0, 20.0, 20.0, 20.0, 20.0, 20.0, 20.0, 20.0, 20.0, 20.0, 20.0, 20.0, 20.0]",-1.1951721906661987,-0.9737855195999146,-0.1874,0.1747,0.9199,0.1851,-0.1534,0.0041,-0.0,-9.9182,15.3,,50.0,,,,0.5929,0.6419,0.8739,227.27,14.96,1.22427,0.0596,136.53,0.0,1,97.97,98.814,1,3,10,0.7,6.539,0,0.0,0,0
1790743464.2697005,47.3979627,8.5461479,6.005000114440918,-0.0491153821349144,0.0381627157330513,0.888262152671814,269.3,-0.00989577067655005,-0.8099395494249662,0.0,-90.69999999999999,20.0,19.999999999999996,0.0,0.0,9.383877384030972,-0.0460346677108566,14.0,0.0,0.0,"[20.0, 20.0, 20.0, 20.0, 20.0, 20.0, 20.0, 20.0, 20.0, 20.0, 20.0, 20.0, 20.0, 20.0, 20.0, 20.0, 20.0, 20.0, 20.0, 20.0, 20.0, 20.0, 20.0, 20.0, 20.0, 20.0, 20.0, 20.0, 20.0, 20.0, 20.0, 20.0, 20.0, 20.0, 20.0, 20.0, 20.0, 20.0, 20.0, 20.0, 20.0, 20.0, 20.0, 20.0, 20.0, 20.0, 20.0, 20.0, 20.0, 20.0, 20.0, 20.0, 20.0, 20.0, 20.0, 20.0, 20.0, 20.0, 20.0, 20.0, 20.0, 20.0, 20.0, 20.0, 20.0, 20.0, 20.0, 20.0, 20.0, 20.0, 20.0, 20.0]",-1.1961323022842407,-0.9862315654754639,-0.0019,0.1934,0.7826,0.1835,-0.1617,0.012,-0.0017,-9.9157,15.3,,50.0,,,,0.6953,0.5766,0.9033,219.67,14.96,1.22429,0.0622,142.15,0.0,1,98.17,98.826,1,3,10,0.7,6.36,0,0.0,0,0
1790743464.4701345,47.3979626,8.5461479,5.835000514984131,-0.0473787859082222,0.03745646774768829,0.8586124181747437,269.29,-0.010037131643907,-0.8099378099510869,0.0,-90.70999999999998,20.0,19.999999999999996,0.0,0.0,9.060347369452446,-0.04545504367170786,14.0,0.0,0.0,"[20.0, 20.0, 20.0, 20.0, 20.0, 20.0, 20.0, 20.0, 20.0, 20.0, 20.0, 20.0, 20.0, 20.0, 20.0, 20.0, 20.0, 20.0, 20.0, 20.0, 20.0, 20.0, 20.0, 20.0, 20.0, 20.0, 20.0, 20.0, 20.0, 20.0, 20.0, 20.0, 20.0, 20.0, 20.0, 20.0, 20.0, 20.0, 20.0, 20.0, 20.0, 20.0, 20.0, 20.0, 20.0, 20.0, 20.0, 20.0, 20.0, 20.0, 20.0, 20.0, 20.0, 20.0, 20.0, 20.0, 20.0, 20.0, 20.0, 20.0, 20.0, 20.0, 20.0, 20.0, 20.0, 20.0, 20.0, 20.0, 20.0, 20.0, 20.0, 20.0]",-1.1968246698379517,-1.000119924545288,0.1451,0.2292,0.5201,0.1828,-0.1942,0.0018,-0.0076,-9.9215,15.3,,50.0,,,,0.9313,0.5961,1.1058,212.62,14.96,1.22431,0.0604,141.67,0.0,1,98.37,98.84,1,3,10,0.7,6.161,0,0.0,0,0
1790743464.6711452,47.3979625,8.5461479,5.668000221252441,-0.04055417329072952,0.041130777448415756,0.8340587615966797,269.28000000000003,-0.01017849230551508,-0.8099360458050912,0.0,-90.71999999999997,20.0,19.999999999999996,0.0,0.0,7.794925942828265,-0.053107889584218394,14.0,0.0,0.0,"[20.0, 20.0, 20.0, 20.0, 20.0, 20.0, 20.0, 20.0, 20.0, 20.0, 20.0, 20.0, 20.0, 20.0, 20.0, 20.0, 20.0, 20.0, 20.0, 20.0, 20.0, 20.0, 20.0, 20.0, 20.0, 20.0, 20.0, 20.0, 20.0, 20.0, 20.0, 20.0, 20.0, 20.0, 20.0, 20.0, 20.0, 20.0, 20.0, 20.0, 20.0, 20.0, 20.0, 20.0, 20.0, 20.0, 20.0, 20.0, 20.0, 20.0, 20.0, 20.0, 20.0, 20.0, 20.0, 20.0, 20.0, 20.0, 20.0, 20.0, 20.0, 20.0, 20.0, 20.0, 20.0, 20.0, 20.0, 20.0, 20.0, 20.0, 20.0, 20.0]",-1.1926932334899902,-1.0102194547653198,0.2306,0.2136,0.2186,-0.3442,-0.1609,0.012,-0.0005,-9.9284,15.3,,50.0,,,,0.9215,0.5032,1.05,208.64,14.96,1.22433,0.0578,134.6,0.0,1,98.57,98.851,1,3,10,0.7,5.951,0,0.0,0,0
1790743464.8722885,47.3979625,8.546147999999999,5.505000114440918,-0.03107128106057644,0.04409549757838249,0.8069949150085449,269.28000000000003,-0.01017849230551508,-0.8099360458050912,0.0,-90.71999999999997,20.0,19.999999999999996,0.0,0.0,6.017314515994884,-0.05295635029714594,14.0,0.0,0.0,"[20.0, 20.0, 20.0, 20.0, 20.0, 20.0, 20.0, 20.0, 20.0, 20.0, 20.0, 20.0, 20.0, 20.0, 20.0, 20.0, 20.0, 20.0, 20.0, 20.0, 20.0, 20.0, 20.0, 20.0, 20.0, 20.0, 20.0, 20.0, 20.0, 20.0, 20.0, 20.0, 20.0, 20.0, 20.0, 20.0, 20.0, 20.0, 20.0, 20.0, 20.0, 20.0, 20.0, 20.0, 20.0, 20.0, 20.0, 20.0, 20.0, 20.0, 20.0, 20.0, 20.0, 20.0, 20.0, 20.0, 20.0, 20.0, 20.0, 20.0, 20.0, 20.0, 20.0, 20.0, 20.0, 20.0, 20.0, 20.0, 20.0, 20.0, 20.0, 20.0]",-1.1862529516220093,-1.0169223546981812,0.255,0.143,0.044,-0.4446,-0.0817,0.0125,-0.0001,-9.9477,15.3,,50.0,,,,0.8715,0.4363,0.9746,206.59,14.96,1.22435,0.0539,125.17,0.0,1,98.78,98.86,1,3,10,0.7,5.793,0,0.0,0,0
1790743465.0724196,47.3979624,8.5461481,5.345000267028809,-0.022258276119828224,0.0445694662630558,0.7779967188835144,269.27,-0.010319852657069629,-0.8099342569870326,0.0,-90.73000000000002,20.0,19.999999999999996,0.0,0.0,4.350740426986407,-0.049766053607357134,14.0,0.0,0.0,"[20.0, 20.0, 20.0, 20.0, 20.0, 20.0, 20.0, 20.0, 20.0, 20.0, 20.0, 20.0, 20.0, 20.0, 20.0, 20.0, 20.0, 20.0, 20.0, 20.0, 20.0, 20.0, 20.0, 20.0, 20.0, 20.0, 20.0, 20.0, 20.0, 20.0, 20.0, 20.0, 20.0, 20.0, 20.0, 20.0, 20.0, 20.0, 20.0, 20.0, 20.0, 20.0, 20.0, 20.0, 20.0, 20.0, 20.0, 20.0, 20.0, 20.0, 20.0, 20.0, 20.0, 20.0, 20.0, 20.0, 20.0, 20.0, 20.0, 20.0, 20.0, 20.0, 20.0, 20.0, 20.0, 20.0, 20.0, 20.0, 20.0, 20.0, 20.0, 20.0]",-1.1783571243286133,-1.0213285684585571,0.2389,0.0613,-0.0414,-0.3416,-0.0181,0.0208,-0.0074,-9.9608,15.3,,50.0,,,,0.8115,0.4625,0.9341,209.68,14.97,1.22437,0.0498,116.54,0.0,1,98.98,98.869,1,3,10,0.7,5.594,0,0.0,0,0
1790743465.2732146,47.3979624,8.5461482,5.192000389099121,-0.014844225719571114,0.043346766382455826,0.7490936517715454,269.26,-0.010461212694262773,-0.8099324434969657,0.0,-90.74000000000001,20.0,19.999999999999996,0.0,0.0,2.9391400954357567,-0.04571491570403329,14.0,0.0,0.0,"[20.0, 20.0, 20.0, 20.0, 20.0, 20.0, 20.0, 20.0, 20.0, 20.0, 20.0, 20.0, 20.0, 20.0, 20.0, 20.0, 20.0, 20.0, 20.0, 20.0, 20.0, 20.0, 20.0, 20.0, 20.0, 20.0, 20.0, 20.0, 20.0, 20.0, 20.0, 20.0, 20.0, 20.0, 20.0, 20.0, 20.0, 20.0, 20.0, 20.0, 20.0, 20.0, 20.0, 20.0, 20.0, 20.0, 20.0, 20.0, 20.0, 20.0, 20.0, 20.0, 20.0, 20.0, 20.0, 20.0, 20.0, 20.0, 20.0, 20.0, 20.0, 20.0, 20.0, 20.0, 20.0, 20.0, 20.0, 20.0, 20.0, 20.0, 20.0, 20.0]",-1.169223666191101,-1.023785948753357,0.2083,-0.0192,-0.1661,-0.4276,-0.0214,0.0039,-0.0133,-9.9466,15.3,,50.0,,,,0.7277,0.5516,0.9131,217.16,14.97,1.22439,0.0458,108.9,0.0,1,99.18,98.879,1,3,10,0.7,5.447,0,0.0,0,0
1790743465.4740727,47.3979624,8.5461483,5.045000076293945,-0.009488477371633053,0.03856568783521652,0.723078727722168,269.25,-0.010602572412789155,-0.8099306053349458,0.0,-90.75,20.0,19.999999999999996,0.0,0.0,1.9077166149743199,-0.03958745331892094,14.0,0.0,0.0,"[20.0, 20.0, 20.0, 20.0, 20.0, 20.0, 20.0, 20.0, 20.0, 20.0, 20.0, 20.0, 20.0, 20.0, 20.0, 20.0, 20.0, 20.0, 20.0, 20.0, 20.0, 20.0, 20.0, 20.0, 20.0, 20.0, 20.0, 20.0, 20.0, 20.0, 20.0, 20.0, 20.0, 20.0, 20.0, 20.0, 20.0, 20.0, 20.0, 20.0, 20.0, 20.0, 20.0, 20.0, 20.0, 20.0, 20.0, 20.0, 20.0, 20.0, 20.0, 20.0, 20.0, 20.0, 20.0, 20.0, 20.0, 20.0, 20.0, 20.0, 20.0, 20.0, 20.0, 20.0, 20.0, 20.0, 20.0, 20.0, 20.0, 20.0, 20.0, 20.0]",-1.1610276699066162,-1.0251156091690063,0.1769,-0.0882,-0.138,-0.2525,-0.0291,0.0204,-0.0033,-9.9397,15.3,,50.0,,,,0.5412,0.6465,0.8431,230.06,14.97,1.22441,0.0397,103.82,0.0,1,99.38,98.887,1,3,10,0.7,5.327,0,0.0,0,0
1790743465.6752965,47.3979624,8.5461484,4.903000354766846,-0.005512760020792484,0.03117581084370613,0.7117104530334473,269.25,-0.010602572412789155,-0.8099306053349458,0.0,-90.75,20.0,19.999999999999996,0.0,0.0,1.1305599578816312,-0.031550187592294617,14.0,0.0,0.0,"[20.0, 20.0, 20.0, 20.0, 20.0, 20.0, 20.0, 20.0, 20.0, 20.0, 20.0, 20.0, 20.0, 20.0, 20.0, 20.0, 20.0, 20.0, 20.0, 20.0, 20.0, 20.0, 20.0, 20.0, 20.0, 20.0, 20.0, 20.0, 20.0, 20.0, 20.0, 20.0, 20.0, 20.0, 20.0, 20.0, 20.0, 20.0, 20.0, 20.0, 20.0, 20.0, 20.0, 20.0, 20.0, 20.0, 20.0, 20.0, 20.0, 20.0, 20.0, 20.0, 20.0, 20.0, 20.0, 20.0, 20.0, 20.0, 20.0, 20.0, 20.0, 20.0, 20.0, 20.0, 20.0, 20.0, 20.0, 20.0, 20.0, 20.0, 20.0, 20.0]",-1.154893159866333,-1.0256810188293457,0.1535,-0.1186,-0.0608,-0.0873,-0.0695,0.0098,-0.012,-9.7444,15.3,,50.0,,,,0.4879,0.697,0.8508,235.01,14.97,1.22442,0.0317,100.03,0.0,1,99.58,98.893,1,3,10,0.7,5.209,0,0.0,0,0
1790743465.8767028,47.3979624,8.5461485,4.759000301361084,-0.0007813000702299178,0.024453699588775635,0.7165024876594543,269.25,-0.010602572412789155,-0.8099306053349458,0.0,-90.75,20.0,19.999999999999996,0.0,0.0,0.21033609628907055,-0.0231347011655089,14.0,0.0,0.0,"[20.0, 20.0, 20.0, 20.0, 20.0, 20.0, 20.0, 20.0, 20.0, 20.0, 20.0, 20.0, 20.0, 20.0, 20.0, 20.0, 20.0, 20.0, 20.0, 20.0, 20.0, 20.0, 20.0, 20.0, 20.0, 20.0, 20.0, 20.0, 20.0, 20.0, 20.0, 20.0, 20.0, 20.0, 20.0, 20.0, 20.0, 20.0, 20.0, 20.0, 20.0, 20.0, 20.0, 20.0, 20.0, 20.0, 20.0, 20.0, 20.0, 20.0, 20.0, 20.0, 20.0, 20.0, 20.0, 20.0, 20.0, 20.0, 20.0, 20.0, 20.0, 20.0, 20.0, 20.0, 20.0, 20.0, 20.0, 20.0, 20.0, 20.0, 20.0, 20.0]",-1.1488982439041138,-1.0238299369812012,0.1256,-0.1272,-0.2003,-0.0031,-0.0485,0.0091,-0.0155,-9.8081,15.3,,50.0,,,,0.4428,0.7722,0.8902,240.17,14.97,1.22444,0.0245,91.83,0.0,1,99.78,98.899,1,3,10,0.7,5.094,0,0.0,0,0
1790743466.0773146,47.3979624,8.5461486,4.617000102996826,0.0036248185206204653,0.017966169863939285,0.7135851383209229,269.27,-0.010319852657069629,-0.8099342569870326,0.0,-90.73000000000002,20.0,19.999999999999996,0.0,0.0,-0.6484889635105112,-0.016274029549008456,14.0,0.0,0.0,"[20.0, 20.0, 20.0, 20.0, 20.0, 20.0, 20.0, 20.0, 20.0, 20.0, 20.0, 20.0, 20.0, 20.0, 20.0, 20.0, 20.0, 20.0, 20.0, 20.0, 20.0, 20.0, 20.0, 20.0, 20.0, 20.0, 20.0, 20.0, 20.0, 20.0, 20.0, 20.0, 20.0, 20.0, 20.0, 20.0, 20.0, 20.0, 20.0, 20.0, 20.0, 20.0, 20.0, 20.0, 20.0, 20.0, 20.0, 20.0, 20.0, 20.0, 20.0, 20.0, 20.0, 20.0, 20.0, 20.0, 20.0, 20.0, 20.0, 20.0, 20.0, 20.0, 20.0, 20.0, 20.0, 20.0, 20.0, 20.0, 20.0, 20.0, 20.0, 20.0]",-1.1438472270965576,-1.0197697877883911,0.0693,-0.1305,-0.3792,-0.0649,0.0401,0.0098,-0.0049,-9.8212,15.3,,50.0,,,,0.3037,0.8165,0.8712,249.6,14.97,1.22446,0.0183,78.59,0.0,1,99.98,98.906,1,3,10,0.7,4.981,0,0.0,0,0
1790743466.2778516,47.3979625,8.5461486,4.4770002365112305,0.008058309555053711,0.011082567274570465,0.7110495567321777,269.3,-0.00989577067655005,-0.8099395494249662,0.0,-90.69999999999999,20.0,19.999999999999996,0.0,0.0,-1.51269865014649,-0.011297579562374297,14.0,0.0,0.0,"[20.0, 20.0, 20.0, 20.0, 20.0, 20.0, 20.0, 20.0, 20.0, 20.0, 20.0, 20.0, 20.0, 20.0, 20.0, 20.0, 20.0, 20.0, 20.0, 20.0, 20.0, 20.0, 20.0, 20.0, 20.0, 20.0, 20.0, 20.0, 20.0, 20.0, 20.0, 20.0, 20.0, 20.0, 20.0, 20.0, 20.0, 20.0, 20.0, 20.0, 20.0, 20.0, 20.0, 20.0, 20.0, 20.0, 20.0, 20.0, 20.0, 20.0, 20.0, 20.0, 20.0, 20.0, 20.0, 20.0, 20.0, 20.0, 20.0, 20.0, 20.0, 20.0, 20.0, 20.0, 20.0, 20.0, 20.0, 20.0, 20.0, 20.0, 20.0, 20.0]",-1.1411972045898438,-1.0122926235198975,-0.0136,-0.1298,-0.5321,0.103,-0.0532,0.0122,-0.0079,-9.8167,15.3,,50.0,,,,0.2829,0.8487,0.8947,251.56,14.97,1.22447,0.0137,53.98,0.0,1,100.18,98.914,1,3,10,0.7,4.845,0,0.0,0,0
1790743466.4781466,47.3979626,8.5461486,4.338000297546387,0.009275383315980434,0.004392252769321203,0.7094088196754456,269.32,-0.009613047841815383,-0.8099429543561639,0.0,-90.68,20.0,19.999999999999996,0.0,0.0,-1.7608328622816383,-0.009597904269476064,14.0,0.0,0.0,"[20.0, 20.0, 20.0, 20.0, 20.0, 20.0, 20.0, 20.0, 20.0, 20.0, 20.0, 20.0, 20.0, 20.0, 20.0, 20.0, 20.0, 20.0, 20.0, 20.0, 20.0, 20.0, 20.0, 20.0, 20.0, 20.0, 20.0, 20.0, 20.0, 20.0, 20.0, 20.0, 20.0, 20.0, 20.0, 20.0, 20.0, 20.0, 20.0, 20.0, 20.0, 20.0, 20.0, 20.0, 20.0, 20.0, 20.0, 20.0, 20.0, 20.0, 20.0, 20.0, 20.0, 20.0, 20.0, 20.0, 20.0, 20.0, 20.0, 20.0, 20.0, 20.0, 20.0, 20.0, 20.0, 20.0, 20.0, 20.0, 20.0, 20.0, 20.0, 20.0]",-1.1405482292175293,-1.0042306184768677,-0.1179,-0.0978,-0.5147,0.1751,-0.095,0.0076,-0.0072,-9.8097,15.3,,50.0,,,,0.3408,0.8702,0.9346,248.61,14.97,1.22449,0.0103,25.34,0.0,1,100.38,98.922,1,3,10,0.7,4.71,0,0.0,0,0
1790743466.6782815,47.3979626,8.5461486,4.201000213623047,0.006305956281721592,-0.00012646958930417895,0.7096734046936035,269.31,-0.009754409407750688,-0.8099412642266759,0.0,-90.69,20.0,19.999999999999996,0.0,0.0,-1.2043750603847454,-0.006299755664056884,14.0,0.0,0.0,"[20.0, 20.0, 20.0, 20.0, 20.0, 20.0, 20.0, 20.0, 20.0, 20.0, 20.0, 20.0, 20.0, 20.0, 20.0, 20.0, 20.0, 20.0, 20.0, 20.0, 20.0, 20.0, 20.0, 20.0, 20.0, 20.0, 20.0, 20.0, 20.0, 20.0, 20.0, 20.0, 20.0, 20.0, 20.0, 20.0, 20.0, 20.0, 20.0, 20.0, 20.0, 20.0, 20.0, 20.0, 20.0, 20.0, 20.0, 20.0, 20.0, 20.0, 20.0, 20.0, 20.0, 20.0, 20.0, 20.0, 20.0, 20.0, 20.0, 20.0, 20.0, 20.0, 20.0, 20.0, 20.0, 20.0, 20.0, 20.0, 20.0, 20.0, 20.0, 20.0]",-1.1403759717941284,-0.9982128739356995,-0.191,-0.0595,-0.2702,0.1694,-0.1401,0.0109,0.0004,-9.8033,15.3,,50.0,,,,0.3762,0.7723,0.8591,244.03,14.97,1.22451,0.0063,358.85,0.0,1,100.58,98.928,1,3,10,0.7,4.6,0,0.0,0,0
1790743466.8790975,47.3979627,8.5461486,4.064000129699707,0.0010401437757536769,-0.0032118018716573715,0.7100590467453003,269.3,-0.00989577067655005,-0.8099395494249662,0.0,-90.69999999999999,20.0,19.999999999999996,0.0,0.0,-0.20613113119428306,-0.0008432058905186159,14.0,0.0,0.0,"[20.0, 20.0, 20.0, 20.0, 20.0, 20.0, 20.0, 20.0, 20.0, 20.0, 20.0, 20.0, 20.0, 20.0, 20.0, 20.0, 20.0, 20.0, 20.0, 20.0, 20.0, 20.0, 20.0, 20.0, 20.0, 20.0, 20.0, 20.0, 20.0, 20.0, 20.0, 20.0, 20.0, 20.0, 20.0, 20.0, 20.0, 20.0, 20.0, 20.0, 20.0, 20.0, 20.0, 20.0, 20.0, 20.0, 20.0, 20.0, 20.0, 20.0, 20.0, 20.0, 20.0, 20.0, 20.0, 20.0, 20.0, 20.0, 20.0, 20.0, 20.0, 20.0, 20.0, 20.0, 20.0, 20.0, 20.0, 20.0, 20.0, 20.0, 20.0, 20.0]",-1.1400808095932007,-0.9933607578277588,-0.2207,-0.0313,-0.1004,0.1172,-0.1668,0.0119,-0.0011,-9.8069,15.3,,50.0,,,,0.3535,0.9446,1.0086,249.48,14.97,1.22452,0.0034,287.94,0.0,1,100.78,98.933,1,3,10,0.7,4.424,0,0.0,0,0
1790743467.0800061,47.3979627,8.5461486,3.9270002841949463,-0.005605822429060936,-0.005280506797134876,0.7112534046173096,269.28000000000003,-0.01017849230551508,-0.8099360458050912,0.0,-90.71999999999997,20.0,19.999999999999996,-0.0,0.0,1.0577556195779114,0.005011473938305559,14.0,0.0,0.0,"[20.0, 20.0, 20.0, 20.0, 20.0, 20.0, 20.0, 20.0, 20.0, 20.0, 20.0, 20.0, 20.0, 20.0, 20.0, 20.0, 20.0, 20.0, 20.0, 20.0, 20.0, 20.0, 20.0, 20.0, 20.0, 20.0, 20.0, 20.0, 20.0, 20.0, 20.0, 20.0, 20.0, 20.0, 20.0, 20.0, 20.0, 20.0, 20.0, 20.0, 20.0, 20.0, 20.0, 20.0, 20.0, 20.0, 20.0, 20.0, 20.0, 20.0, 20.0, 20.0, 20.0, 20.0, 20.0, 20.0, 20.0, 20.0, 20.0, 20.0, 20.0, 20.0, 20.0, 20.0, 20.0, 20.0, 20.0, 20.0, 20.0, 20.0, 20.0, 20.0]",-1.1403515338897705,-0.990833580493927,-0.2157,-0.0091,0.1165,0.0628,-0.1055,0.0107,-0.0051,-9.7961,15.3,,50.0,,,,0.4204,0.8841,0.979,244.57,14.97,1.22454,0.0077,223.29,0.0,1,100.98,98.935,1,3,10,0.7,4.267,0,0.0,0,0
1790743467.2812588,47.3979627,8.5461486,3.7880001068115234,-0.012758416123688221,-0.0052107651717960835,0.7116818428039551,269.27,-0.010319852657069629,-0.8099342569870326,0.0,-90.73000000000002,20.0,19.999999999999996,0.0,0.0,2.422356730631481,0.007054052857180107,14.0,0.0,0.0,"[20.0, 20.0, 20.0, 20.0, 20.0, 20.0, 20.0, 20.0, 20.0, 20.0, 20.0, 20.0, 20.0, 20.0, 20.0, 20.0, 20.0, 20.0, 20.0, 20.0, 20.0, 20.0, 20.0, 20.0, 20.0, 20.0, 20.0, 20.0, 20.0, 20.0, 20.0, 20.0, 20.0, 20.0, 20.0, 20.0, 20.0, 20.0, 20.0, 20.0, 20.0, 20.0, 20.0, 20.0, 20.0, 20.0, 20.0, 20.0, 20.0, 20.0, 20.0, 20.0, 20.0, 20.0, 20.0, 20.0, 20.0, 20.0, 20.0, 20.0, 20.0, 20.0, 20.0, 20.0, 20.0, 20.0, 20.0, 20.0, 20.0, 20.0, 20.0, 20.0]",-1.1388550996780396,-0.9906080365180969,-0.1809,-0.0046,0.1632,-0.0732,-0.0883,0.0103,-0.0069,-9.8179,15.3,,50.0,,,,0.305,0.9182,0.9675,251.62,14.98,1.22455,0.0138,202.22,0.0,1,101.18,98.937,1,3,10,0.7,4.109,0,0.0,0,0
1790743467.4820137,47.3979627,8.5461487,3.63700008392334,-0.01794169843196869,-0.004119412042200565,0.7104259729385376,269.26,-0.010461212694262773,-0.8099324434969657,0.0,-90.74000000000001,20.0,19.999999999999996,0.0,0.0,3.4121257907202995,-0.006422874150645994,14.0,0.0,0.0,"[20.0, 20.0, 20.0, 20.0, 20.0, 20.0, 20.0, 20.0, 20.0, 20.0, 20.0, 20.0, 20.0, 20.0, 20.0, 20.0, 20.0, 20.0, 20.0, 20.0, 20.0, 20.0, 20.0, 20.0, 20.0, 20.0, 20.0, 20.0, 20.0, 20.0, 20.0, 20.0, 20.0, 20.0, 20.0, 20.0, 20.0, 20.0, 20.0, 20.0, 20.0, 20.0, 20.0, 20.0, 20.0, 20.0, 20.0, 20.0, 20.0, 20.0, 20.0, 20.0, 20.0, 20.0, 20.0, 20.0, 20.0, 20.0, 20.0, 20.0, 20.0, 20.0, 20.0, 20.0, 20.0, 20.0, 20.0, 20.0, 20.0, 20.0, 20.0, 20.0]",-1.1359130144119263,-0.992544412612915,-0.1244,-0.0274,0.2629,-0.2556,-0.0428,0.0087,-0.0091,-9.8182,15.3,,50.0,,,,0.4153,0.8257,0.9243,243.3,14.98,1.22457,0.0184,192.93,0.0,1,101.39,98.94,1,3,10,0.7,3.95,0,0.0,0,0
1790743467.682674,47.3979626,8.5461487,3.497000217437744,-0.02166469767689705,-0.004041085951030254,0.7077799439430237,269.27,-0.010319852657069629,-0.8099342569870326,0.0,-90.73000000000002,20.0,19.999999999999996,0.0,0.0,4.120365890340146,-0.015103925785564753,14.0,0.0,0.0,"[20.0, 20.0, 20.0, 20.0, 20.0, 20.0, 20.0, 20.0, 20.0, 20.0, 20.0, 20.0, 20.0, 20.0, 20.0, 20.0, 20.0, 20.0, 20.0, 20.0, 20.0, 20.0, 20.0, 20.0, 20.0, 20.0, 20.0, 20.0, 20.0, 20.0, 20.0, 20.0, 20.0, 20.0, 20.0, 20.0, 20.0, 20.0, 20.0, 20.0, 20.0, 20.0, 20.0, 20.0, 20.0, 20.0, 20.0, 20.0, 20.0, 20.0, 20.0, 20.0, 20.0, 20.0, 20.0, 20.0, 20.0, 20.0, 20.0, 20.0, 20.0, 20.0, 20.0, 20.0, 20.0, 20.0, 20.0, 20.0, 20.0, 20.0, 20.0, 20.0]",-1.1326720714569092,-0.9969772696495056,-0.066,-0.0655,0.2659,-0.1633,-0.0663,0.0099,-0.0125,-9.8212,15.3,,50.0,,,,0.4411,0.7052,0.8318,237.98,14.98,1.22459,0.022,190.57,0.0,1,101.59,98.946,1,3,10,0.7,3.835,0,0.0,0,0
1790743467.8830185,47.3979626,8.5461487,3.3580002784729004,-0.02374206855893135,-0.007592460140585899,0.7058296799659729,269.27,-0.010319852657069629,-0.8099342569870326,0.0,-90.73000000000002,20.0,19.999999999999996,0.0,0.0,4.506244195128444,-0.023041863386411503,14.0,0.0,0.0,"[20.0, 20.0, 20.0, 20.0, 20.0, 20.0, 20.0, 20.0, 20.0, 20.0, 20.0, 20.0, 20.0, 20.0, 20.0, 20.0, 20.0, 20.0, 20.0, 20.0, 20.0, 20.0, 20.0, 20.0, 20.0, 20.0, 20.0, 20.0, 20.0, 20.0, 20.0, 20.0, 20.0, 20.0, 20.0, 20.0, 20.0, 20.0, 20.0, 20.0, 20.0, 20.0, 20.0, 20.0, 20.0, 20.0, 20.0, 20.0, 20.0, 20.0, 20.0, 20.0, 20.0, 20.0, 20.0, 20.0, 20.0, 20.0, 20.0, 20.0, 20.0, 20.0, 20.0, 20.0, 20.0, 20.0, 20.0, 20.0, 20.0, 20.0, 20.0, 20.0]",-1.1322027444839478,-1.0026986598968506,0.0045,-0.0785,0.4036,0.1236,-0.0582,0.0208,-0.0008,-9.8108,15.3,,50.0,,,,0.3642,0.5552,0.664,236.74,14.98,1.22461,0.0249,197.73,0.0,1,101.79,98.952,1,3,10,0.7,3.657,0,0.0,0,0
1790743468.0833054,47.3979626,8.5461487,3.2180001735687256,-0.021552685648202896,-0.011192547157406807,0.7047504186630249,269.27,-0.010319852657069629,-0.8099342569870326,0.0,-90.73000000000002,20.0,19.999999999999996,0.0,0.0,4.081771893874572,-0.02257849113243958,14.0,0.0,0.0,"[20.0, 20.0, 20.0, 20.0, 20.0, 20.0, 20.0, 20.0, 20.0, 20.0, 20.0, 20.0, 20.0, 20.0, 20.0, 20.0, 20.0, 20.0, 20.0, 20.0, 20.0, 20.0, 20.0, 20.0, 20.0, 20.0, 20.0, 20.0, 20.0, 20.0, 20.0, 20.0, 20.0, 20.0, 20.0, 20.0, 20.0, 20.0, 20.0, 20.0, 20.0, 20.0, 20.0, 20.0, 20.0, 20.0, 20.0, 20.0, 20.0, 20.0, 20.0, 20.0, 20.0, 20.0, 20.0, 20.0, 20.0, 20.0, 20.0, 20.0, 20.0, 20.0, 20.0, 20.0, 20.0, 20.0, 20.0, 20.0, 20.0, 20.0, 20.0, 20.0]",-1.1326512098312378,-1.0070890188217163,0.0573,-0.0584,0.0624,0.1764,-0.0031,0.0108,0.0046,-9.82,15.3,,50.0,,,,0.352,0.5401,0.6446,236.91,14.98,1.22462,0.0243,207.44,0.0,1,101.99,98.956,1,3,10,0.7,3.514,0,0.0,0,0
1790743468.2843633,47.3979625,8.5461487,3.076000213623047,-0.018309924751520157,-0.013069686479866505,0.7024725079536438,269.28000000000003,-0.01017849230551508,-0.8099360458050912,0.0,-90.71999999999997,20.0,19.999999999999996,0.0,0.0,3.4610794934886764,-0.01634563258300975,14.0,0.0,0.0,"[20.0, 20.0, 20.0, 20.0, 20.0, 20.0, 20.0, 20.0, 20.0, 20.0, 20.0, 20.0, 20.0, 20.0, 20.0, 20.0, 20.0, 20.0, 20.0, 20.0, 20.0, 20.0, 20.0, 20.0, 20.0, 20.0, 20.0, 20.0, 20.0, 20.0, 20.0, 20.0, 20.0, 20.0, 20.0, 20.0, 20.0, 20.0, 20.0, 20.0, 20.0, 20.0, 20.0, 20.0, 20.0, 20.0, 20.0, 20.0, 20.0, 20.0, 20.0, 20.0, 20.0, 20.0, 20.0, 20.0, 20.0, 20.0, 20.0, 20.0, 20.0, 20.0, 20.0, 20.0, 20.0, 20.0, 20.0, 20.0, 20.0, 20.0, 20.0, 20.0]",-1.132277250289917,-1.0097914934158325,0.0708,-0.0361,0.009,0.0092,-0.0478,0.0081,0.0008,-9.8404,15.3,,50.0,,,,0.4552,0.5842,0.7407,232.08,14.98,1.22464,0.0225,215.52,0.0,1,102.19,98.959,1,3,10,0.7,3.411,0,0.0,0,0
1790743468.484933,47.3979625,8.5461488,2.933000087738037,-0.016021965071558952,-0.012512962333858013,0.6987450122833252,269.28000000000003,-0.01017849230551508,-0.8099360458050912,0.0,-90.71999999999997,20.0,19.999999999999996,0.0,0.0,3.0268789491580668,-0.0055835804644759545,14.0,0.0,0.0,"[20.0, 20.0, 20.0, 20.0, 20.0, 20.0, 20.0, 20.0, 20.0, 20.0, 20.0, 20.0, 20.0, 20.0, 20.0, 20.0, 20.0, 20.0, 20.0, 20.0, 20.0, 20.0, 20.0, 20.0, 20.0, 20.0, 20.0, 20.0, 20.0, 20.0, 20.0, 20.0, 20.0, 20.0, 20.0, 20.0, 20.0, 20.0, 20.0, 20.0, 20.0, 20.0, 20.0, 20.0, 20.0, 20.0, 20.0, 20.0, 20.0, 20.0, 20.0, 20.0, 20.0, 20.0, 20.0, 20.0, 20.0, 20.0, 20.0, 20.0, 20.0, 20.0, 20.0, 20.0, 20.0, 20.0, 20.0, 20.0, 20.0, 20.0, 20.0, 20.0]",-1.1298038959503174,-1.0131871700286865,0.0737,-0.0349,0.0751,-0.1602,-0.0574,0.009,-0.0073,-9.8316,15.3,,50.0,,,,0.3956,0.624,0.7388,237.63,14.98,1.22466,0.0203,217.99,0.0,1,102.39,98.963,1,3,10,0.7,3.294,0,0.0,0,0
1790743468.686487,47.3979625,8.5461488,2.7930002212524414,-0.014609256759285927,-0.013000582344830036,0.6939815282821655,269.27,-0.010319852657069629,-0.8099342569870326,0.0,-90.73000000000002,20.0,19.999999999999996,0.0,0.0,2.7561742361188717,-0.007652392200271272,14.0,0.0,0.0,"[20.0, 20.0, 20.0, 20.0, 20.0, 20.0, 20.0, 20.0, 20.0, 20.0, 20.0, 20.0, 20.0, 20.0, 20.0, 20.0, 20.0, 20.0, 20.0, 20.0, 20.0, 20.0, 20.0, 20.0, 20.0, 20.0, 20.0, 20.0, 20.0, 20.0, 20.0, 20.0, 20.0, 20.0, 20.0, 20.0, 20.0, 20.0, 20.0, 20.0, 20.0, 20.0, 20.0, 20.0, 20.0, 20.0, 20.0, 20.0, 20.0, 20.0, 20.0, 20.0, 20.0, 20.0, 20.0, 20.0, 20.0, 20.0, 20.0, 20.0, 20.0, 20.0, 20.0, 20.0, 20.0, 20.0, 20.0, 20.0, 20.0, 20.0, 20.0, 20.0]",-1.127800464630127,-1.0174256563186646,0.0911,-0.0601,0.1264,-0.1654,-0.0834,0.0066,0.0043,-9.827,15.3,,50.0,,,,0.5132,0.5922,0.7836,229.09,14.98,1.22467,0.0196,221.67,0.0,1,102.59,98.968,1,3,10,0.7,3.159,0,0.0,0,0
1790743468.8863823,47.3979624,8.5461488,2.6570000648498535,-0.01251914631575346,-0.015261066146194935,0.6929228901863098,269.26,-0.010461212694262773,-0.8099324434969657,0.0,-90.74000000000001,20.0,19.999999999999996,0.0,0.0,2.3518167798595386,-0.01295483893576233,14.0,0.0,0.0,"[20.0, 20.0, 20.0, 20.0, 20.0, 20.0, 20.0, 20.0, 20.0, 20.0, 20.0, 20.0, 20.0, 20.0, 20.0, 20.0, 20.0, 20.0, 20.0, 20.0, 20.0, 20.0, 20.0, 20.0, 20.0, 20.0, 20.0, 20.0, 20.0, 20.0, 20.0, 20.0, 20.0, 20.0, 20.0, 20.0, 20.0, 20.0, 20.0, 20.0, 20.0, 20.0, 20.0, 20.0, 20.0, 20.0, 20.0, 20.0, 20.0, 20.0, 20.0, 20.0, 20.0, 20.0, 20.0, 20.0, 20.0, 20.0, 20.0, 20.0, 20.0, 20.0, 20.0, 20.0, 20.0, 20.0, 20.0, 20.0, 20.0, 20.0, 20.0, 20.0]",-1.1279349327087402,-1.0220779180526733,0.1187,-0.0665,0.1733,0.0585,-0.0804,0.0044,-0.003,-9.8159,15.3,,50.0,,,,0.5068,0.555,0.7516,227.6,14.98,1.22469,0.0197,230.64,0.0,1,102.79,98.972,1,3,10,0.7,3.0,0,0.0,0,0
1790743469.0872774,47.3979624,8.5461488,2.5200002193450928,-0.008962497115135193,-0.0166714359074831,0.6936264634132385,269.26,-0.010461212694262773,-0.8099324434969657,0.0,-90.74000000000001,20.0,19.999999999999996,0.0,0.0,1.669973315170099,-0.01080843920804989,14.0,0.0,0.0,"[20.0, 20.0, 20.0, 20.0, 20.0, 20.0, 20.0, 20.0, 20.0, 20.0, 20.0, 20.0, 20.0, 20.0, 20.0, 20.0, 20.0, 20.0, 20.0, 20.0, 20.0, 20.0, 20.0, 20.0, 20.0, 20.0, 20.0, 20.0, 20.0, 20.0, 20.0, 20.0, 20.0, 20.0, 20.0, 20.0, 20.0, 20.0, 20.0, 20.0, 20.0, 20.0, 20.0, 20.0, 20.0, 20.0, 20.0, 20.0, 20.0, 20.0, 20.0, 20.0, 20.0, 20.0, 20.0, 20.0, 20.0, 20.0, 20.0, 20.0, 20.0, 20.0, 20.0, 20.0, 20.0, 20.0, 20.0, 20.0, 20.0, 20.0, 20.0, 20.0]",-1.1284213066101074,-1.0263073444366455,0.1435,-0.0535,0.0757,0.0612,-0.0279,0.0114,-0.0026,-9.8093,15.3,,50.0,,,,0.5454,0.6272,0.8312,228.99,14.98,1.2247,0.0189,241.74,0.0,1,102.99,98.977,1,3,10,0.7,2.881,0,0.0,0,0
1790743469.2883396,47.397962299999996,8.5461488,2.382000207901001,-0.005515452474355698,-0.017751963809132576,0.6945059299468994,269.25,-0.010602572412789155,-0.8099306053349458,0.0,-90.75,20.0,19.999999999999996,0.0,0.0,1.0088006858171346,-0.008154477384763239,14.0,0.0,0.0,"[20.0, 20.0, 20.0, 20.0, 20.0, 20.0, 20.0, 20.0, 20.0, 20.0, 20.0, 20.0, 20.0, 20.0, 20.0, 20.0, 20.0, 20.0, 20.0, 20.0, 20.0, 20.0, 20.0, 20.0, 20.0, 20.0, 20.0, 20.0, 20.0, 20.0, 20.0, 20.0, 20.0, 20.0, 20.0, 20.0, 20.0, 20.0, 20.0, 20.0, 20.0, 20.0, 20.0, 20.0, 20.0, 20.0, 20.0, 20.0, 20.0, 20.0, 20.0, 20.0, 20.0, 20.0, 20.0, 20.0, 20.0, 20.0, 20.0, 20.0, 20.0, 20.0, 20.0, 20.0, 20.0, 20.0, 20.0, 20.0, 20.0, 20.0, 20.0, 20.0]",-1.1291406154632568,-1.0309756994247437,0.1545,-0.0442,0.0816,0.0308,-0.0592,0.0068,-0.0049,-9.8,15.3,,50.0,,,,0.5972,0.6651,0.8939,228.08,14.98,1.22472,0.0186,252.74,0.0,1,103.19,98.981,1,3,10,0.7,2.722,0,0.0,0,0
1790743469.4890964,47.397962299999996,8.5461487,2.245000123977661,-0.002403591526672244,-0.02004913240671158,0.6948977112770081,269.25,-0.010602572412789155,-0.8099306053349458,0.0,-90.75,20.0,19.999999999999996,0.0,0.0,0.40888449807737215,-0.012931798949592357,14.0,0.0,0.0,"[20.0, 20.0, 20.0, 20.0, 20.0, 20.0, 20.0, 20.0, 20.0, 20.0, 20.0, 20.0, 20.0, 20.0, 20.0, 20.0, 20.0, 20.0, 20.0, 20.0, 20.0, 20.0, 20.0, 20.0, 20.0, 20.0, 20.0, 20.0, 20.0, 20.0, 20.0, 20.0, 20.0, 20.0, 20.0, 20.0, 20.0, 20.0, 20.0, 20.0, 20.0, 20.0, 20.0, 20.0, 20.0, 20.0, 20.0, 20.0, 20.0, 20.0, 20.0, 20.0, 20.0, 20.0, 20.0, 20.0, 20.0, 20.0, 20.0, 20.0, 20.0, 20.0, 20.0, 20.0, 20.0, 20.0, 20.0, 20.0, 20.0, 20.0, 20.0, 20.0]",-1.1316412687301636,-1.0348283052444458,0.1726,-0.0224,0.1805,0.1428,-0.0253,0.012,-0.0025,-9.8107,15.3,,50.0,,,,0.5127,0.5857,0.7784,228.81,14.99,1.22474,0.0202,263.16,0.0,1,103.39,98.986,1,3,10,0.7,2.536,0,0.0,0,0
1790743469.6902072,47.397962299999996,8.5461487,2.1080000400543213,0.002432136796414852,-0.021388540044426918,0.6953718066215515,269.26,-0.010461212694262773,-0.8099324434969657,0.0,-90.74000000000001,20.0,19.999999999999996,0.0,0.0,-0.5172080541414429,-0.019529417017728437,14.0,0.0,0.0,"[20.0, 20.0, 20.0, 20.0, 20.0, 20.0, 20.0, 20.0, 20.0, 20.0, 20.0, 20.0, 20.0, 20.0, 20.0, 20.0, 20.0, 20.0, 20.0, 20.0, 20.0, 20.0, 20.0, 20.0, 20.0, 20.0, 20.0, 20.0, 20.0, 20.0, 20.0, 20.0, 20.0, 20.0, 20.0, 20.0, 20.0, 20.0, 20.0, 20.0, 20.0, 20.0, 20.0, 20.0, 20.0, 20.0, 20.0, 20.0, 20.0, 20.0, 20.0, 20.0, 20.0, 20.0, 20.0, 20.0, 20.0, 20.0, 20.0, 20.0, 20.0, 20.0, 20.0, 20.0, 20.0, 20.0, 20.0, 20.0, 20.0, 20.0, 20.0, 20.0]",-1.1342090368270874,-1.0356818437576294,0.1705,0.019,-0.0797,0.2089,0.0536,0.0076,-0.0128,-9.7881,15.3,,50.0,,,,0.5505,0.4359,0.7021,218.37,14.99,1.22475,0.0215,276.49,0.0,1,103.59,98.989,1,3,10,0.7,2.437,0,0.0,0,0
1790743469.8910449,47.397962299999996,8.5461487,1.970000147819519,0.005249073728919029,-0.021084066480398178,0.696215033531189,269.26,-0.010461212694262773,-0.8099324434969657,0.0,-90.74000000000001,20.0,19.999999999999996,0.0,0.0,-1.0543025320577892,-0.017956810681213162,14.0,0.0,0.0,"[20.0, 20.0, 20.0, 20.0, 20.0, 20.0, 20.0, 20.0, 20.0, 20.0, 20.0, 20.0, 20.0, 20.0, 20.0, 20.0, 20.0, 20.0, 20.0, 20.0, 20.0, 20.0, 20.0, 20.0, 20.0, 20.0, 20.0, 20.0, 20.0, 20.0, 20.0, 20.0, 20.0, 20.0, 20.0, 20.0, 20.0, 20.0, 20.0, 20.0, 20.0, 20.0, 20.0, 20.0, 20.0, 20.0, 20.0, 20.0, 20.0, 20.0, 20.0, 20.0, 20.0, 20.0, 20.0, 20.0, 20.0, 20.0, 20.0, 20.0, 20.0, 20.0, 20.0, 20.0, 20.0, 20.0, 20.0, 20.0, 20.0, 20.0, 20.0, 20.0]",-1.1371183395385742,-1.0367571115493774,0.1515,0.0467,-0.0711,0.0418,0.0318,0.0056,-0.0006,-9.803,15.3,,50.0,,,,0.5411,0.2516,0.5967,204.94,14.99,1.22477,0.0217,283.98,0.0,1,103.79,98.992,1,3,10,0.7,2.318,0,0.0,0,0
1790743470.0919344,47.397962299999996,8.5461486,1.8340001106262207,0.008115524426102638,-0.020735541358590126,0.6973705291748047,269.26,-0.010461212694262773,-0.8099324434969657,0.0,-90.74000000000001,20.0,19.999999999999996,0.0,0.0,-1.6005515053152382,-0.019708530690157284,14.0,0.0,0.0,"[20.0, 20.0, 20.0, 20.0, 20.0, 20.0, 20.0, 20.0, 20.0, 20.0, 20.0, 20.0, 20.0, 20.0, 20.0, 20.0, 20.0, 20.0, 20.0, 20.0, 20.0, 20.0, 20.0, 20.0, 20.0, 20.0, 20.0, 20.0, 20.0, 20.0, 20.0, 20.0, 20.0, 20.0, 20.0, 20.0, 20.0, 20.0, 20.0, 20.0, 20.0, 20.0, 20.0, 20.0, 20.0, 20.0, 20.0, 20.0, 20.0, 20.0, 20.0, 20.0, 20.0, 20.0, 20.0, 20.0, 20.0, 20.0, 20.0, 20.0, 20.0, 20.0, 20.0, 20.0, 20.0, 20.0, 20.0, 20.0, 20.0, 20.0, 20.0, 20.0]",-1.140458345413208,-1.037129521369934,0.1401,0.074,-0.0273,0.1467,-0.0197,0.0085,0.001,-9.7862,15.3,,50.0,,,,0.3797,0.4268,0.5713,228.35,14.99,1.22478,0.0223,291.37,0.0,1,104.0,98.995,1,3,10,0.7,2.122,0,0.0,0,0
1790743470.2933834,47.397962299999996,8.5461486,1.696000099182129,0.011963346973061562,-0.01933852583169937,0.6992465853691101,269.26,-0.010461212694262773,-0.8099324434969657,0.0,-90.74000000000001,20.0,19.999999999999996,-0.0,0.0,-2.3310537785670316,-0.022566234698458924,14.0,0.0,0.0,"[20.0, 20.0, 20.0, 20.0, 20.0, 20.0, 20.0, 20.0, 20.0, 20.0, 20.0, 20.0, 20.0, 20.0, 20.0, 20.0, 20.0, 20.0, 20.0, 20.0, 20.0, 20.0, 20.0, 20.0, 20.0, 20.0, 20.0, 20.0, 20.0, 20.0, 20.0, 20.0, 20.0, 20.0, 20.0, 20.0, 20.0, 20.0, 20.0, 20.0, 20.0, 20.0, 20.0, 20.0, 20.0, 20.0, 20.0, 20.0, 20.0, 20.0, 20.0, 20.0, 20.0, 20.0, 20.0, 20.0, 20.0, 20.0, 20.0, 20.0, 20.0, 20.0, 20.0, 20.0, 20.0, 20.0, 20.0, 20.0, 20.0, 20.0, 20.0, 20.0]",-1.1438443660736084,-1.0355751514434814,0.1121,0.0991,-0.1982,0.1907,-0.0136,0.0118,-0.0008,-9.7869,15.3,,50.0,,,,0.3594,0.4473,0.5738,231.22,14.99,1.2248,0.0227,301.74,0.0,1,104.2,98.999,1,3,10,0.7,1.958,0,0.0,0,0
1790743470.4935462,47.397962299999996,8.5461486,1.5570000410079956,0.014770757406949997,-0.01587737537920475,0.6999861598014832,269.27,-0.010319852657069629,-0.8099342569870326,0.0,-90.73000000000002,20.0,19.999999999999996,-0.0,0.0,-2.85704143689817,-0.020096969821881208,14.0,0.0,0.0,"[20.0, 20.0, 20.0, 20.0, 20.0, 20.0, 20.0, 20.0, 20.0, 20.0, 20.0, 20.0, 20.0, 20.0, 20.0, 20.0, 20.0, 20.0, 20.0, 20.0, 20.0, 20.0, 20.0, 20.0, 20.0, 20.0, 20.0, 20.0, 20.0, 20.0, 20.0, 20.0, 20.0, 20.0, 20.0, 20.0, 20.0, 20.0, 20.0, 20.0, 20.0, 20.0, 20.0, 20.0, 20.0, 20.0, 20.0, 20.0, 20.0, 20.0, 20.0, 20.0, 20.0, 20.0, 20.0, 20.0, 20.0, 20.0, 20.0, 20.0, 20.0, 20.0, 20.0, 20.0, 20.0, 20.0, 20.0, 20.0, 20.0, 20.0, 20.0, 20.0]",-1.1451191902160645,-1.0328413248062134,0.0704,0.1074,-0.3315,0.0054,-0.0455,0.0102,-0.0043,-9.8011,15.3,,50.0,,,,0.3761,0.5155,0.6381,233.89,14.99,1.22482,0.0217,312.93,0.0,1,104.4,99.002,1,3,10,0.7,1.768,0,0.0,0,0
1790743470.6936903,47.3979624,8.5461486,1.4160000085830688,0.016173096373677254,-0.010792957618832588,0.6987987756729126,269.27,-0.010319852657069629,-0.8099342569870326,0.0,-90.73000000000002,20.0,19.999999999999996,0.0,0.0,-3.1117821410895243,-0.009920346413087665,14.0,0.0,0.0,"[20.0, 20.0, 20.0, 20.0, 20.0, 20.0, 20.0, 20.0, 20.0, 20.0, 20.0, 20.0, 20.0, 20.0, 20.0, 20.0, 20.0, 20.0, 20.0, 20.0, 20.0, 20.0, 20.0, 20.0, 20.0, 20.0, 20.0, 20.0, 20.0, 20.0, 20.0, 20.0, 20.0, 20.0, 20.0, 20.0, 20.0, 20.0, 20.0, 20.0, 20.0, 20.0, 20.0, 20.0, 20.0, 20.0, 20.0, 20.0, 20.0, 20.0, 20.0, 20.0, 20.0, 20.0, 20.0, 20.0, 20.0, 20.0, 20.0, 20.0, 20.0, 20.0, 20.0, 20.0, 20.0, 20.0, 20.0, 20.0, 20.0, 20.0, 20.0, 20.0]",-1.1436636447906494,-1.0298041105270386,0.0255,0.0766,-0.253,-0.3178,-0.0876,0.0052,-0.0113,-9.8081,15.3,,50.0,,,,0.3858,0.6017,0.7148,237.33,14.99,1.22483,0.0194,326.28,0.0,1,104.6,99.005,1,3,10,0.7,1.641,0,0.0,0,0
1790743470.894282,47.3979624,8.5461486,1.2730000019073486,0.015079781413078308,-0.007054878398776054,0.6966283321380615,269.27,-0.010319852657069629,-0.8099342569870326,0.0,-90.73000000000002,20.0,19.999999999999996,0.0,0.0,-2.894493879056391,-0.001266096318873938,14.0,0.0,0.0,"[20.0, 20.0, 20.0, 20.0, 20.0, 20.0, 20.0, 20.0, 20.0, 20.0, 20.0, 20.0, 20.0, 20.0, 20.0, 20.0, 20.0, 20.0, 20.0, 20.0, 20.0, 20.0, 20.0, 20.0, 20.0, 20.0, 20.0, 20.0, 20.0, 20.0, 20.0, 20.0, 20.0, 20.0, 20.0, 20.0, 20.0, 20.0, 20.0, 20.0, 20.0, 20.0, 20.0, 20.0, 20.0, 20.0, 20.0, 20.0, 20.0, 20.0, 20.0, 20.0, 20.0, 20.0, 20.0, 20.0, 20.0, 20.0, 20.0, 20.0, 20.0, 20.0, 20.0, 20.0, 20.0, 20.0, 20.0, 20.0, 20.0, 20.0, 20.0, 20.0]",-1.140700101852417,-1.0281319618225098,0.0027,0.026,-0.0701,-0.2735,0.0228,0.0125,-0.0011,-9.8184,15.3,,50.0,,,,0.4922,0.6993,0.8551,234.86,14.99,1.22485,0.0166,334.93,0.0,1,104.8,99.009,1,3,10,0.7,1.542,0,0.0,0,0
1790743471.0943289,47.3979624,8.5461487,1.13100004196167,0.013890169560909271,-0.004203518386930227,0.6928170919418335,269.27,-0.010319852657069629,-0.8099342569870326,0.0,-90.73000000000002,20.0,19.999999999999996,0.0,0.0,-2.660925220568288,-0.002235151005606988,14.0,0.0,0.0,"[20.0, 20.0, 20.0, 20.0, 20.0, 20.0, 20.0, 20.0, 20.0, 20.0, 20.0, 20.0, 20.0, 20.0, 20.0, 20.0, 20.0, 20.0, 20.0, 20.0, 20.0, 20.0, 20.0, 20.0, 20.0, 20.0, 20.0, 20.0, 20.0, 20.0, 20.0, 20.0, 20.0, 20.0, 20.0, 20.0, 20.0, 20.0, 20.0, 20.0, 20.0, 20.0, 20.0, 20.0, 20.0, 20.0, 20.0, 20.0, 20.0, 20.0, 20.0, 20.0, 20.0, 20.0, 20.0, 20.0, 20.0, 20.0, 20.0, 20.0, 20.0, 20.0, 20.0, 20.0, 20.0, 20.0, 20.0, 20.0, 20.0, 20.0, 20.0, 20.0]",-1.1365652084350586,-1.0261422395706177,-0.0067,-0.0384,-0.0969,-0.3814,-0.0617,0.006,-0.0008,-9.8258,15.3,,50.0,,,,0.5337,0.6712,0.8575,231.51,14.99,1.22487,0.0145,343.16,0.0,1,105.0,99.013,1,3,10,0.7,1.415,0,0.0,0,0
1790743471.2948816,47.3979624,8.5461487,0.9910000562667847,0.012233146466314793,-0.004421829711645842,0.6894547939300537,269.27,-0.010319852657069629,-0.8099342569870326,0.0,-90.73000000000002,20.0,19.999999999999996,0.0,0.0,-2.3456174588550645,-0.0003161051984416465,14.0,0.0,0.0,"[20.0, 20.0, 20.0, 20.0, 20.0, 20.0, 20.0, 20.0, 20.0, 20.0, 20.0, 20.0, 20.0, 20.0, 20.0, 20.0, 20.0, 20.0, 20.0, 20.0, 20.0, 20.0, 20.0, 20.0, 20.0, 20.0, 20.0, 20.0, 20.0, 20.0, 20.0, 20.0, 20.0, 20.0, 20.0, 20.0, 20.0, 20.0, 20.0, 20.0, 20.0, 20.0, 20.0, 20.0, 20.0, 20.0, 20.0, 20.0, 20.0, 20.0, 20.0, 20.0, 20.0, 20.0, 20.0, 20.0, 20.0, 20.0, 20.0, 20.0, 20.0, 20.0, 20.0, 20.0, 20.0, 20.0, 20.0, 20.0, 20.0, 20.0, 20.0, 20.0]",-1.1334749460220337,-1.0249395370483398,-0.0166,-0.0899,-0.0697,-0.2423,-0.0367,0.0098,-0.0069,-9.8113,15.3,,50.0,,,,0.4937,0.7963,0.937,238.2,14.99,1.22488,0.013,340.13,0.0,1,105.2,99.016,1,3,10,0.7,1.265,0,0.0,0,0
1790743471.4951737,47.3979624,8.5461488,0.8520000576972961,0.00910352822393179,-0.006787393242120743,0.6876686215400696,269.26,-0.010461212694262773,-0.8099324434969657,0.0,-90.74000000000001,20.0,19.999999999999996,0.0,0.0,-1.7546937997054857,0.007751785894965478,14.0,0.0,0.0,"[20.0, 20.0, 20.0, 20.0, 20.0, 20.0, 20.0, 20.0, 20.0, 20.0, 20.0, 20.0, 20.0, 20.0, 20.0, 20.0, 20.0, 20.0, 20.0, 20.0, 20.0, 20.0, 20.0, 20.0, 20.0, 20.0, 20.0, 20.0, 20.0, 20.0, 20.0, 20.0, 20.0, 20.0, 20.0, 20.0, 20.0, 20.0, 20.0, 20.0, 20.0, 20.0, 20.0, 20.0, 20.0, 20.0, 20.0, 20.0, 20.0, 20.0, 20.0, 20.0, 20.0, 20.0, 20.0, 20.0, 20.0, 20.0, 20.0, 20.0, 20.0, 20.0, 20.0, 20.0, 20.0, 20.0, 20.0, 20.0, 20.0, 20.0, 20.0, 20.0]",-1.1307129859924316,-1.0252466201782227,-0.0044,-0.1135,0.0983,-0.0403,-0.0541,0.0072,-0.005,-9.8112,15.3,,50.0,,,,0.6703,0.7214,0.9848,227.1,14.99,1.2249,0.0114,323.29,0.0,1,105.4,99.019,1,3,10,0.7,1.17,0,0.0,0,0
1790743471.6952121,47.3979624,8.5461488,0.7150000333786011,0.006321075838059187,-0.01012417208403349,0.6873048543930054,269.26,-0.010461212694262773,-0.8099324434969657,0.0,-90.74000000000001,20.0,19.999999999999996,0.0,0.0,-1.2319182632456467,0.011889384466637955,14.0,0.0,0.0,"[20.0, 20.0, 20.0, 20.0, 20.0, 20.0, 20.0, 20.0, 20.0, 20.0, 20.0, 20.0, 20.0, 20.0, 20.0, 20.0, 20.0, 20.0, 20.0, 20.0, 20.0, 20.0, 20.0, 20.0, 20.0, 20.0, 20.0, 20.0, 20.0, 20.0, 20.0, 20.0, 20.0, 20.0, 20.0, 20.0, 20.0, 20.0, 20.0, 20.0, 20.0, 20.0, 20.0, 20.0, 20.0, 20.0, 20.0, 20.0, 20.0, 20.0, 20.0, 20.0, 20.0, 20.0, 20.0, 20.0, 20.0, 20.0, 20.0, 20.0, 20.0, 20.0, 20.0, 20.0, 20.0, 20.0, 20.0, 20.0, 20.0, 20.0, 20.0, 20.0]",-1.1293210983276367,-1.0262960195541382,0.0279,-0.1194,0.1096,0.0381,-0.039,0.0118,-0.0009,-9.7974,15.3,,50.0,,,,0.7403,0.678,1.0039,222.48,15.0,1.22492,0.0119,301.98,0.0,1,105.6,99.021,1,3,10,0.7,1.016,0,0.0,0,0
1790743471.896142,47.3979624,8.5461487,0.5770000219345093,0.005628256592899561,-0.016321148723363876,0.6883378028869629,269.26,-0.010461212694262773,-0.8099324434969657,0.0,-90.74000000000001,20.0,19.999999999999996,0.0,0.0,-1.1149451384239635,-0.014707166766402144,14.0,0.0,0.0,"[20.0, 20.0, 20.0, 20.0, 20.0, 20.0, 20.0, 20.0, 20.0, 20.0, 20.0, 20.0, 20.0, 20.0, 20.0, 20.0, 20.0, 20.0, 20.0, 20.0, 20.0, 20.0, 20.0, 20.0, 20.0, 20.0, 20.0, 20.0, 20.0, 20.0, 20.0, 20.0, 20.0, 20.0, 20.0, 20.0, 20.0, 20.0, 20.0, 20.0, 20.0, 20.0, 20.0, 20.0, 20.0, 20.0, 20.0, 20.0, 20.0, 20.0, 20.0, 20.0, 20.0, 20.0, 20.0, 20.0, 20.0, 20.0, 20.0, 20.0, 20.0, 20.0, 20.0, 20.0, 20.0, 20.0, 20.0, 20.0, 20.0, 20.0, 20.0, 20.0]",-1.1320512294769287,-1.0269041061401367,0.0512,-0.0876,0.121,0.339,0.0008,0.0047,-0.0023,-9.7932,15.3,,50.0,,,,0.8692,0.7577,1.1531,221.08,15.0,1.22493,0.0173,289.03,0.0,1,105.8,99.024,1,3,10,0.7,0.883,0,0.0,0,0
1790743472.0961752,47.3979624,8.5461487,0.4400000274181366,0.004662691615521908,-0.02178662270307541,0.6893872022628784,269.25,-0.010602572412789155,-0.8099306053349458,0.0,-90.75,20.0,19.999999999999996,0.0,0.0,-0.9448115639442383,-0.019558671144455378,14.0,0.0,0.0,"[20.0, 20.0, 20.0, 20.0, 20.0, 20.0, 20.0, 20.0, 20.0, 20.0, 20.0, 20.0, 20.0, 20.0, 20.0, 20.0, 20.0, 20.0, 20.0, 20.0, 20.0, 20.0, 20.0, 20.0, 20.0, 20.0, 20.0, 20.0, 20.0, 20.0, 20.0, 20.0, 20.0, 20.0, 20.0, 20.0, 20.0, 20.0, 20.0, 20.0, 20.0, 20.0, 20.0, 20.0, 20.0, 20.0, 20.0, 20.0, 20.0, 20.0, 20.0, 20.0, 20.0, 20.0, 20.0, 20.0, 20.0, 20.0, 20.0, 20.0, 20.0, 20.0, 20.0, 20.0, 20.0, 20.0, 20.0, 20.0, 20.0, 20.0, 20.0, 20.0]",-1.137951135635376,-1.0286556482315063,0.0673,-0.0053,0.1199,0.3373,-0.0361,0.0093,-0.0008,-9.7927,15.3,,50.0,,,,0.7902,0.6442,1.0195,219.19,15.0,1.22495,0.0223,282.08,0.0,1,106.0,99.03,1,3,10,0.7,0.72,0,0.0,0,0
1790743472.297285,47.397962299999996,8.5461486,0.3020000159740448,0.003952217288315296,-0.02255767211318016,0.6901940703392029,269.25,-0.010602572412789155,-0.8099306053349458,0.0,-90.75,20.0,19.999999999999996,0.0,0.0,-0.8110916189778574,-0.01887455033354425,14.0,0.0,0.0,"[20.0, 20.0, 20.0, 20.0, 20.0, 20.0, 20.0, 20.0, 20.0, 20.0, 20.0, 20.0, 20.0, 20.0, 20.0, 20.0, 20.0, 20.0, 20.0, 20.0, 20.0, 20.0, 20.0, 20.0, 20.0, 20.0, 20.0, 20.0, 20.0, 20.0, 20.0, 20.0, 20.0, 20.0, 20.0, 20.0, 20.0, 20.0, 20.0, 20.0, 20.0, 20.0, 20.0, 20.0, 20.0, 20.0, 20.0, 20.0, 20.0, 20.0, 20.0, 20.0, 20.0, 20.0, 20.0, 20.0, 20.0, 20.0, 20.0, 20.0, 20.0, 20.0, 20.0, 20.0, 20.0, 20.0, 20.0, 20.0, 20.0, 20.0, 20.0, 20.0]",-1.1428327560424805,-1.0308862924575806,0.0908,0.0764,0.0878,0.2309,-0.0171,-0.0019,-0.009,-9.7935,15.3,,50.0,,,,0.7923,0.7277,1.0758,222.56,15.0,1.22496,0.0229,279.94,0.0,1,106.2,99.035,1,3,10,0.7,0.585,0,0.0,0,0
1790743472.4979775,47.397962299999996,8.5461485,0.16200000047683716,0.004311977885663509,-0.019992632791399956,0.6910299062728882,269.26,-0.010461212694262773,-0.8099324434969657,0.0,-90.74000000000001,20.0,19.999999999999996,0.0,0.0,-0.8727047235199523,-0.01519761562582273,14.0,0.0,0.0,"[20.0, 20.0, 20.0, 20.0, 20.0, 20.0, 20.0, 20.0, 20.0, 20.0, 20.0, 20.0, 20.0, 20.0, 20.0, 20.0, 20.0, 20.0, 20.0, 20.0, 20.0, 20.0, 20.0, 20.0, 20.0, 20.0, 20.0, 20.0, 20.0, 20.0, 20.0, 20.0, 20.0, 20.0, 20.0, 20.0, 20.0, 20.0, 20.0, 20.0, 20.0, 20.0, 20.0, 20.0, 20.0, 20.0, 20.0, 20.0, 20.0, 20.0, 20.0, 20.0, 20.0, 20.0, 20.0, 20.0, 20.0, 20.0, 20.0, 20.0, 20.0, 20.0, 20.0, 20.0, 20.0, 20.0, 20.0, 20.0, 20.0, 20.0, 20.0, 20.0]",-1.146526575088501,-1.0330047607421875,0.1152,0.1171,0.1098,0.1372,-0.0305,0.0155,-0.0091,-9.8013,15.3,,50.0,,,,0.7835,0.7975,1.118,225.51,15.0,1.22498,0.0205,282.17,0.0,1,106.4,99.04,1,3,10,0.7,0.457,0,0.0,0,0
1790743472.6982324,47.397962299999996,8.5461485,0.023000001907348633,0.005850882735103369,-0.016065452247858047,0.6904873251914978,269.26,-0.010461212694262773,-0.8099324434969657,0.0,-90.74000000000001,20.0,19.999999999999996,0.0,0.0,-1.1568128918032532,-0.010041844876468684,14.0,0.0,0.0,"[20.0, 20.0, 20.0, 20.0, 20.0, 20.0, 20.0, 20.0, 20.0, 20.0, 20.0, 20.0, 20.0, 20.0, 20.0, 20.0, 20.0, 20.0, 20.0, 20.0, 20.0, 20.0, 20.0, 20.0, 20.0, 20.0, 20.0, 20.0, 20.0, 20.0, 20.0, 20.0, 20.0, 20.0, 20.0, 20.0, 20.0, 20.0, 20.0, 20.0, 20.0, 20.0, 20.0, 20.0, 20.0, 20.0, 20.0, 20.0, 20.0, 20.0, 20.0, 20.0, 20.0, 20.0, 20.0, 20.0, 20.0, 20.0, 20.0, 20.0, 20.0, 20.0, 20.0, 20.0, 20.0, 20.0, 20.0, 20.0, 20.0, 20.0, 20.0, 20.0]",-1.1486001014709473,-1.0344045162200928,0.1297,0.1221,0.0199,-0.1123,0.0345,0.0044,-0.0075,-9.8107,15.3,,50.0,,,,0.9156,0.9294,1.3047,225.43,15.0,1.225,0.0171,290.01,0.0,1,106.6,99.042,1,3,10,0.7,0.332,0,0.0,0,0
