timestamp,lat,lon,rel_alt,vx,vy,vz,yaw,cmd_vx,cmd_vy,cmd_vz,cmd_yaw,lidar_min,front_lidar_min,cross_track_m,heading_error_deg,sideslip_deg,progress_mps,geom_clearance_m,geom_threat,tilt_target_deg,lidar_json,goal_x,goal_y,roll_deg,pitch_deg,roll_rate_dps,pitch_rate_dps,yaw_rate_dps,accel_fwd_ms2,accel_right_ms2,accel_down_ms2,battery_voltage_v,battery_current_a,battery_remaining_pct,power_draw_w,energy_consumed_wh,flight_time_remaining_s,wind_north_mps,wind_east_mps,wind_speed_mps,wind_dir_deg,temperature_deg_c,air_density_kg_m3,ground_speed_mps,course_over_ground_deg,distance_to_goal_m,path_wps_remaining,mission_elapsed_s,total_distance_flown_m,flight_phase,gps_fix_type,gps_num_sats,gps_hdop,altitude_msl_m,obstacle_count_near,effective_airspeed_mps,is_replanning,is_recovering
1790659230.1456764,47.3979709,8.546164,-0.013000000268220901,-0.003842685604467988,0.001870417851023376,-0.0011279152240604162,96.47,-0.09054701521043099,0.7984376376861573,0.0,96.47000000000003,20.0,20.0,0.0,0.0,-0.6889384754162677,0.0,14.0,0.0,0.0,"[20.0, 20.0, 20.0, 20.0, 20.0, 20.0, 20.0, 20.0, 20.0, 20.0, 20.0, 20.0, 20.0, 20.0, 20.0, 20.0, 20.0, 20.0, 20.0, 20.0, 20.0, 20.0, 20.0, 20.0, 20.0, 20.0, 20.0, 20.0, 20.0, 20.0, 20.0, 20.0, 20.0, 20.0, 20.0, 20.0, 20.0, 20.0, 20.0, 20.0, 20.0, 20.0, 20.0, 20.0, 20.0, 20.0, 20.0, 20.0, 20.0, 20.0, 20.0, 20.0, 20.0, 20.0, 20.0, 20.0, 20.0, 20.0, 20.0, 20.0, 20.0, 20.0, 20.0, 20.0, 20.0, 20.0, 20.0, 20.0, 20.0, 20.0, 20.0, 20.0]",0.028062989935278893,-0.011829585768282413,0.0481,0.0106,0.003,-0.0241,0.0377,0.0035,-0.0065,-9.8048,16.2,,100.0,,,,0.4466,1.2459,1.3235,250.28,15.0,1.225,0.0043,154.05,0.0,1,0.0,0.03,0,3,10,0.7,0.228,0,0.0,0,0
1790659230.346221,47.3979709,8.546164,-0.010000000707805157,-0.005512024741619825,0.0023729729000478983,-0.0026416913606226444,96.46000000000001,-0.0911327292045574,0.8048570218788731,0.0,96.46000000000004,20.0,20.0,0.0,0.0,-0.9949452490354967,-0.0026798763744151103,14.0,0.0,0.0,"[20.0, 20.0, 20.0, 20.0, 20.0, 20.0, 20.0, 20.0, 20.0, 20.0, 20.0, 20.0, 20.0, 20.0, 20.0, 20.0, 20.0, 20.0, 20.0, 20.0, 20.0, 20.0, 20.0, 20.0, 20.0, 20.0, 20.0, 20.0, 20.0, 20.0, 20.0, 20.0, 20.0, 20.0, 20.0, 20.0, 20.0, 20.0, 20.0, 20.0, 20.0, 20.0, 20.0, 20.0, 20.0, 20.0, 20.0, 20.0, 20.0, 20.0, 20.0, 20.0, 20.0, 20.0, 20.0, 20.0, 20.0, 20.0, 20.0, 20.0, 20.0, 20.0, 20.0, 20.0, 20.0, 20.0, 20.0, 20.0, 20.0, 20.0, 20.0, 20.0]",0.029719797894358635,-0.011923117563128471,0.0574,0.0075,0.0581,0.0121,0.0012,-0.0047,-0.0023,-9.8099,16.2,,100.0,,,,0.5092,1.3061,1.4018,248.7,15.0,1.225,0.006,156.71,0.0,1,0.0,0.032,0,3,10,0.7,0.237,0,0.0,0,0
1790659230.5478091,47.3979709,8.546164,-0.006000000052154064,-0.007934869267046452,0.0017999439733102918,-0.004449038300663233,96.46000000000001,-0.0911327292045574,0.8048570218788731,0.0,96.46000000000004,20.0,20.0,0.0,0.0,-1.4668290087114042,-0.008024862463732099,14.0,0.0,0.0,"[20.0, 20.0, 20.0, 20.0, 20.0, 20.0, 20.0, 20.0, 20.0, 20.0, 20.0, 20.0, 20.0, 20.0, 20.0, 20.0, 20.0, 20.0, 20.0, 20.0, 20.0, 20.0, 20.0, 20.0, 20.0, 20.0, 20.0, 20.0, 20.0, 20.0, 20.0, 20.0, 20.0, 20.0, 20.0, 20.0, 20.0, 20.0, 20.0, 20.0, 20.0, 20.0, 20.0, 20.0, 20.0, 20.0, 20.0, 20.0, 20.0, 20.0, 20.0, 20.0, 20.0, 20.0, 20.0, 20.0, 20.0, 20.0, 20.0, 20.0, 20.0, 20.0, 20.0, 20.0, 20.0, 20.0, 20.0, 20.0, 20.0, 20.0, 20.0, 20.0]",0.029751960188150406,-0.012484271079301834,0.0696,0.0045,0.0187,-0.0103,-0.03,-0.0093,-0.0149,-9.8044,16.2,,100.0,,,,0.4742,1.3006,1.3843,249.97,15.0,1.225,0.0081,167.22,0.0,1,0.0,0.033,0,3,10,0.7,0.203,0,0.0,0,0
1790659230.747473,47.3979709,8.5461639,-0.0020000000949949026,-0.0080058379098773,-0.0014601334696635604,-0.006546631455421448,96.45,-0.09099225376684364,0.8048729152819285,0.0,96.44999999999999,20.0,20.0,-0.0,0.0,-1.550272409598561,0.0019427596619436853,14.0,0.0,0.0,"[20.0, 20.0, 20.0, 20.0, 20.0, 20.0, 20.0, 20.0, 20.0, 20.0, 20.0, 20.0, 20.0, 20.0, 20.0, 20.0, 20.0, 20.0, 20.0, 20.0, 20.0, 20.0, 20.0, 20.0, 20.0, 20.0, 20.0, 20.0, 20.0, 20.0, 20.0, 20.0, 20.0, 20.0, 20.0, 20.0, 20.0, 20.0, 20.0, 20.0, 20.0, 20.0, 20.0, 20.0, 20.0, 20.0, 20.0, 20.0, 20.0, 20.0, 20.0, 20.0, 20.0, 20.0, 20.0, 20.0, 20.0, 20.0, 20.0, 20.0, 20.0, 20.0, 20.0, 20.0, 20.0, 20.0, 20.0, 20.0, 20.0, 20.0, 20.0, 20.0]",0.026174291968345642,-0.010880320332944393,0.0726,0.0141,-0.0944,-0.0046,0.038,-0.004,-0.0007,-9.8165,16.2,,100.0,,,,0.4028,1.3424,1.4015,253.3,15.0,1.225,0.0081,190.34,0.0,1,0.0,0.037,0,3,10,0.7,0.253,0,0.0,0,0
1790659230.948644,47.3979709,8.5461639,0.0020000000949949026,-0.0049726348370313644,-0.004936628974974155,-0.008363907225430012,96.45,-0.09099225376684364,0.8048729152819285,0.0,96.44999999999999,20.0,20.0,-0.0,0.0,-1.0494880273513998,0.00046012091175163345,14.0,0.0,0.0,"[20.0, 20.0, 20.0, 20.0, 20.0, 20.0, 20.0, 20.0, 20.0, 20.0, 20.0, 20.0, 20.0, 20.0, 20.0, 20.0, 20.0, 20.0, 20.0, 20.0, 20.0, 20.0, 20.0, 20.0, 20.0, 20.0, 20.0, 20.0, 20.0, 20.0, 20.0, 20.0, 20.0, 20.0, 20.0, 20.0, 20.0, 20.0, 20.0, 20.0, 20.0, 20.0, 20.0, 20.0, 20.0, 20.0, 20.0, 20.0, 20.0, 20.0, 20.0, 20.0, 20.0, 20.0, 20.0, 20.0, 20.0, 20.0, 20.0, 20.0, 20.0, 20.0, 20.0, 20.0, 20.0, 20.0, 20.0, 20.0, 20.0, 20.0, 20.0, 20.0]",0.022076701745390892,-0.00623955437913537,0.0615,0.0272,-0.0619,0.0306,0.024,-0.0065,-0.0089,-9.8043,16.2,,100.0,,,,0.3518,1.4113,1.4545,256.0,15.0,1.225,0.007,224.79,0.0,1,0.0,0.043,0,3,10,0.7,0.239,0,0.0,0,0
1790659231.1492329,47.397971,8.5461638,0.0020000000949949026,-0.0005481039988808334,-0.008101514540612698,-0.007932592183351517,96.46000000000001,-0.0911327292045574,0.8048570218788731,0.0,96.46000000000004,20.0,20.0,-0.0,0.0,-0.2780965535352199,-0.004164341009784605,14.0,0.0,0.0,"[20.0, 20.0, 20.0, 20.0, 20.0, 20.0, 20.0, 20.0, 20.0, 20.0, 20.0, 20.0, 20.0, 20.0, 20.0, 20.0, 20.0, 20.0, 20.0, 20.0, 20.0, 20.0, 20.0, 20.0, 20.0, 20.0, 20.0, 20.0, 20.0, 20.0, 20.0, 20.0, 20.0, 20.0, 20.0, 20.0, 20.0, 20.0, 20.0, 20.0, 20.0, 20.0, 20.0, 20.0, 20.0, 20.0, 20.0, 20.0, 20.0, 20.0, 20.0, 20.0, 20.0, 20.0, 20.0, 20.0, 20.0, 20.0, 20.0, 20.0, 20.0, 20.0, 20.0, 20.0, 20.0, 20.0, 20.0, 20.0, 20.0, 20.0, 20.0, 20.0]",0.017679985612630844,0.00010440195183036849,0.0488,0.0353,-0.0584,-0.0169,-0.041,-0.0047,-0.0067,-9.8115,16.2,,100.0,,,,0.3258,1.3619,1.4004,256.55,15.0,1.225,0.0081,266.13,0.0,1,0.0,0.051,0,3,10,0.7,0.183,0,0.0,0,0
1790659231.3504016,47.397971,8.5461638,0.0,0.004570557735860348,-0.009438872337341309,-0.006857323460280895,96.47,-0.09127320186620907,0.804841103958471,0.0,96.47000000000003,20.0,20.0,-0.0,0.0,0.664190229288794,-0.008063180507627716,14.0,0.0,0.0,"[20.0, 20.0, 20.0, 20.0, 20.0, 20.0, 20.0, 20.0, 20.0, 20.0, 20.0, 20.0, 20.0, 20.0, 20.0, 20.0, 20.0, 20.0, 20.0, 20.0, 20.0, 20.0, 20.0, 20.0, 20.0, 20.0, 20.0, 20.0, 20.0, 20.0, 20.0, 20.0, 20.0, 20.0, 20.0, 20.0, 20.0, 20.0, 20.0, 20.0, 20.0, 20.0, 20.0, 20.0, 20.0, 20.0, 20.0, 20.0, 20.0, 20.0, 20.0, 20.0, 20.0, 20.0, 20.0, 20.0, 20.0, 20.0, 20.0, 20.0, 20.0, 20.0, 20.0, 20.0, 20.0, 20.0, 20.0, 20.0, 20.0, 20.0, 20.0, 20.0]",0.014105196110904217,0.00797996111214161,0.0341,0.0373,-0.0428,0.0152,0.0695,0.0135,-0.0114,-9.8096,16.2,,100.0,,,,0.2682,1.3076,1.3349,258.41,15.0,1.225,0.0105,295.84,0.0,1,0.0,0.059,0,3,10,0.7,0.181,0,0.0,0,0
1790659231.5516496,47.3979711,8.5461637,-0.0020000000949949026,0.00788085162639618,-0.011492570862174034,-0.0051263477653265,96.47,-0.09127320186620907,0.804841103958471,0.0,96.47000000000003,20.0,20.0,-0.0,0.0,1.2480181593158295,-0.012720274030701379,14.0,0.0,0.0,"[20.0, 20.0, 20.0, 20.0, 20.0, 20.0, 20.0, 20.0, 20.0, 20.0, 20.0, 20.0, 20.0, 20.0, 20.0, 20.0, 20.0, 20.0, 20.0, 20.0, 20.0, 20.0, 20.0, 20.0, 20.0, 20.0, 20.0, 20.0, 20.0, 20.0, 20.0, 20.0, 20.0, 20.0, 20.0, 20.0, 20.0, 20.0, 20.0, 20.0, 20.0, 20.0, 20.0, 20.0, 20.0, 20.0, 20.0, 20.0, 20.0, 20.0, 20.0, 20.0, 20.0, 20.0, 20.0, 20.0, 20.0, 20.0, 20.0, 20.0, 20.0, 20.0, 20.0, 20.0, 20.0, 20.0, 20.0, 20.0, 20.0, 20.0, 20.0, 20.0]",0.010069428943097591,0.014576428569853306,0.028,0.0396,0.0038,0.0491,-0.0094,0.0011,-0.003,-9.8084,16.2,,100.0,,,,0.2917,1.2957,1.3281,257.31,15.0,1.225,0.0139,304.44,0.0,1,0.0,0.067,0,3,10,0.7,0.199,0,0.0,0,0
1790659231.7524967,47.3979711,8.5461637,-0.006000000052154064,0.008912643417716026,-0.01397803332656622,-0.0036296795587986708,96.46000000000001,-0.0911327292045574,0.8048570218788731,0.0,96.46000000000004,20.0,20.0,-0.0,0.0,1.3907521554035864,-0.01625880463676705,14.0,0.0,0.0,"[20.0, 20.0, 20.0, 20.0, 20.0, 20.0, 20.0, 20.0, 20.0, 20.0, 20.0, 20.0, 20.0, 20.0, 20.0, 20.0, 20.0, 20.0, 20.0, 20.0, 20.0, 20.0, 20.0, 20.0, 20.0, 20.0, 20.0, 20.0, 20.0, 20.0, 20.0, 20.0, 20.0, 20.0, 20.0, 20.0, 20.0, 20.0, 20.0, 20.0, 20.0, 20.0, 20.0, 20.0, 20.0, 20.0, 20.0, 20.0, 20.0, 20.0, 20.0, 20.0, 20.0, 20.0, 20.0, 20.0, 20.0, 20.0, 20.0, 20.0, 20.0, 20.0, 20.0, 20.0, 20.0, 20.0, 20.0, 20.0, 20.0, 20.0, 20.0, 20.0]",0.005726537201553583,0.018738048151135445,0.0316,0.04,-0.036,0.0109,-0.0363,-0.002,-0.0047,-9.8082,16.2,,100.0,,,,0.3704,1.2077,1.2632,252.95,15.0,1.225,0.0166,302.52,0.0,1,0.0,0.073,0,3,10,0.7,0.215,0,0.0,0,0
1790659231.9530468,47.3979712,8.5461636,-0.007000000216066837,0.008941654115915298,-0.014395823702216148,-0.0027157163713127375,96.46000000000001,-0.0911327292045574,0.8048570218788731,0.0,96.46000000000004,20.0,20.0,-0.0,0.0,1.3872822804164422,-0.01657402075353499,14.0,0.0,0.0,"[20.0, 20.0, 20.0, 20.0, 20.0, 20.0, 20.0, 20.0, 20.0, 20.0, 20.0, 20.0, 20.0, 20.0, 20.0, 20.0, 20.0, 20.0, 20.0, 20.0, 20.0, 20.0, 20.0, 20.0, 20.0, 20.0, 20.0, 20.0, 20.0, 20.0, 20.0, 20.0, 20.0, 20.0, 20.0, 20.0, 20.0, 20.0, 20.0, 20.0, 20.0, 20.0, 20.0, 20.0, 20.0, 20.0, 20.0, 20.0, 20.0, 20.0, 20.0, 20.0, 20.0, 20.0, 20.0, 20.0, 20.0, 20.0, 20.0, 20.0, 20.0, 20.0, 20.0, 20.0, 20.0, 20.0, 20.0, 20.0, 20.0, 20.0, 20.0, 20.0]",0.0029089623130857944,0.021448027342557907,0.0366,0.0346,0.041,0.0138,0.0008,0.0054,-0.0011,-9.8154,16.2,,100.0,,,,0.4551,1.2154,1.2978,249.47,15.0,1.225,0.0169,301.85,0.0,1,0.0,0.077,0,3,10,0.7,0.227,0,0.0,0,0
1790659232.1535108,47.3979712,8.5461636,-0.006000000052154064,0.009056968614459038,-0.012830791994929314,-0.003044671844691038,96.47,-0.09127320186620907,0.804841103958471,0.0,96.47000000000003,20.0,20.0,-0.0,0.0,1.4423023552380854,-0.010346521207377004,14.0,0.0,0.0,"[20.0, 20.0, 20.0, 20.0, 20.0, 20.0, 20.0, 20.0, 20.0, 20.0, 20.0, 20.0, 20.0, 20.0, 20.0, 20.0, 20.0, 20.0, 20.0, 20.0, 20.0, 20.0, 20.0, 20.0, 20.0, 20.0, 20.0, 20.0, 20.0, 20.0, 20.0, 20.0, 20.0, 20.0, 20.0, 20.0, 20.0, 20.0, 20.0, 20.0, 20.0, 20.0, 20.0, 20.0, 20.0, 20.0, 20.0, 20.0, 20.0, 20.0, 20.0, 20.0, 20.0, 20.0, 20.0, 20.0, 20.0, 20.0, 20.0, 20.0, 20.0, 20.0, 20.0, 20.0, 20.0, 20.0, 20.0, 20.0, 20.0, 20.0, 20.0, 20.0]",0.0026626819744706154,0.023795079439878464,0.0331,0.0252,-0.0052,0.0358,-0.0461,0.0008,-0.0119,-9.8126,16.2,,100.0,,,,0.447,1.2988,1.3736,251.01,15.0,1.225,0.0157,305.22,0.0,1,0.0,0.079,0,3,10,0.7,0.281,0,0.0,0,0
1790659232.353576,47.3979712,8.5461636,-0.003000000026077032,0.011045773513615131,-0.011549532413482666,-0.004470351617783308,96.48,-0.09141367174752042,0.8048251615212069,0.0,96.48000000000002,20.0,20.0,0.0,0.0,1.8465318713310932,-0.010217829309227664,14.0,0.0,0.0,"[20.0, 20.0, 20.0, 20.0, 20.0, 20.0, 20.0, 20.0, 20.0, 20.0, 20.0, 20.0, 20.0, 20.0, 20.0, 20.0, 20.0, 20.0, 20.0, 20.0, 20.0, 20.0, 20.0, 20.0, 20.0, 20.0, 20.0, 20.0, 20.0, 20.0, 20.0, 20.0, 20.0, 20.0, 20.0, 20.0, 20.0, 20.0, 20.0, 20.0, 20.0, 20.0, 20.0, 20.0, 20.0, 20.0, 20.0, 20.0, 20.0, 20.0, 20.0, 20.0, 20.0, 20.0, 20.0, 20.0, 20.0, 20.0, 20.0, 20.0, 20.0, 20.0, 20.0, 20.0, 20.0, 20.0, 20.0, 20.0, 20.0, 20.0, 20.0, 20.0]",0.002890633186325431,0.02707262896001339,0.0259,0.0209,-0.0198,0.0257,0.0269,-0.002,-0.0068,-9.8049,16.2,,100.0,,,,0.408,1.182,1.2504,250.96,15.0,1.225,0.016,313.72,0.0,1,0.0,0.082,0,3,10,0.7,0.293,0,0.0,0,0
1790659232.5542517,47.397971299999995,8.5461636,0.0010000000474974513,0.014282886870205402,-0.01106245443224907,-0.005452504847198725,96.49000000000001,-0.09155413884421171,0.8048091945675664,0.0,96.49000000000001,20.0,20.0,-0.0,0.0,2.4700118159756568,-0.01550059184264539,14.0,0.0,0.0,"[20.0, 20.0, 20.0, 20.0, 20.0, 20.0, 20.0, 20.0, 20.0, 20.0, 20.0, 20.0, 20.0, 20.0, 20.0, 20.0, 20.0, 20.0, 20.0, 20.0, 20.0, 20.0, 20.0, 20.0, 20.0, 20.0, 20.0, 20.0, 20.0, 20.0, 20.0, 20.0, 20.0, 20.0, 20.0, 20.0, 20.0, 20.0, 20.0, 20.0, 20.0, 20.0, 20.0, 20.0, 20.0, 20.0, 20.0, 20.0, 20.0, 20.0, 20.0, 20.0, 20.0, 20.0, 20.0, 20.0, 20.0, 20.0, 20.0, 20.0, 20.0, 20.0, 20.0, 20.0, 20.0, 20.0, 20.0, 20.0, 20.0, 20.0, 20.0, 20.0]",0.0023934843484312296,0.031210238113999367,0.017,0.0198,-0.0014,0.0774,0.0035,0.0031,-0.0019,-9.7964,16.2,,100.0,,,,0.483,1.0959,1.1976,246.21,15.0,1.225,0.0181,322.24,0.0,1,0.0,0.087,0,3,10,0.7,0.244,0,0.0,0,0
1790659232.7554839,47.397971299999995,8.5461636,0.004000000189989805,0.01745644398033619,-0.011783997528254986,-0.006195157300680876,96.5,-0.09169460315200445,0.8047932030980359,0.0,96.5,20.0,20.0,-0.0,0.0,3.0548336214279774,-0.020464129600336164,14.0,0.0,0.0,"[20.0, 20.0, 20.0, 20.0, 20.0, 20.0, 20.0, 20.0, 20.0, 20.0, 20.0, 20.0, 20.0, 20.0, 20.0, 20.0, 20.0, 20.0, 20.0, 20.0, 20.0, 20.0, 20.0, 20.0, 20.0, 20.0, 20.0, 20.0, 20.0, 20.0, 20.0, 20.0, 20.0, 20.0, 20.0, 20.0, 20.0, 20.0, 20.0, 20.0, 20.0, 20.0, 20.0, 20.0, 20.0, 20.0, 20.0, 20.0, 20.0, 20.0, 20.0, 20.0, 20.0, 20.0, 20.0, 20.0, 20.0, 20.0, 20.0, 20.0, 20.0, 20.0, 20.0, 20.0, 20.0, 20.0, 20.0, 20.0, 20.0, 20.0, 20.0, 20.0]",0.0012287587160244584,0.03435186296701431,0.0082,0.0262,-0.0037,0.0053,0.0029,-0.0063,-0.0009,-9.815,16.2,,100.0,,,,0.503,1.0796,1.191,245.02,15.0,1.225,0.0211,325.98,0.0,1,0.0,0.09,0,3,10,0.7,0.18,0,0.0,0,0
1790659232.9552038,47.397971299999995,8.5461636,0.004000000189989805,0.018269291147589684,-0.01179590541869402,-0.0064919921569526196,96.5,-0.09169460315200445,0.8047932030980359,0.0,96.5,20.0,20.0,-0.0,0.0,3.2083609750579507,-0.017699160198383294,14.0,0.0,0.0,"[20.0, 20.0, 20.0, 20.0, 20.0, 20.0, 20.0, 20.0, 20.0, 20.0, 20.0, 20.0, 20.0, 20.0, 20.0, 20.0, 20.0, 20.0, 20.0, 20.0, 20.0, 20.0, 20.0, 20.0, 20.0, 20.0, 20.0, 20.0, 20.0, 20.0, 20.0, 20.0, 20.0, 20.0, 20.0, 20.0, 20.0, 20.0, 20.0, 20.0, 20.0, 20.0, 20.0, 20.0, 20.0, 20.0, 20.0, 20.0, 20.0, 20.0, 20.0, 20.0, 20.0, 20.0, 20.0, 20.0, 20.0, 20.0, 20.0, 20.0, 20.0, 20.0, 20.0, 20.0, 20.0, 20.0, 20.0, 20.0, 20.0, 20.0, 20.0, 20.0]",0.00018522194295655936,0.03476562350988388,0.0075,0.0284,0.0925,-0.0317,-0.0069,-0.0019,-0.0102,-9.8041,16.2,,100.0,,,,0.4597,1.1221,1.2127,247.72,15.0,1.225,0.0217,327.15,0.0,1,0.0,0.091,0,3,10,0.7,0.171,0,0.0,0,0
1790659233.1563685,47.397971299999995,8.5461636,0.004000000189989805,0.015525849536061287,-0.010730544105172157,-0.006659815087914467,96.5,-0.09169460315200445,0.8047932030980359,0.0,96.5,20.0,20.0,0.0,0.0,2.7121337685299274,0.017032362581881257,14.0,0.0,0.0,"[20.0, 20.0, 20.0, 20.0, 20.0, 20.0, 20.0, 20.0, 20.0, 20.0, 20.0, 20.0, 20.0, 20.0, 20.0, 20.0, 20.0, 20.0, 20.0, 20.0, 20.0, 20.0, 20.0, 20.0, 20.0, 20.0, 20.0, 20.0, 20.0, 20.0, 20.0, 20.0, 20.0, 20.0, 20.0, 20.0, 20.0, 20.0, 20.0, 20.0, 20.0, 20.0, 20.0, 20.0, 20.0, 20.0, 20.0, 20.0, 20.0, 20.0, 20.0, 20.0, 20.0, 20.0, 20.0, 20.0, 20.0, 20.0, 20.0, 20.0, 20.0, 20.0, 20.0, 20.0, 20.0, 20.0, 20.0, 20.0, 20.0, 20.0, 20.0, 20.0]",0.0007973836036399007,0.030958164483308792,0.0156,0.0191,0.0101,0.0363,0.0248,0.0001,-0.0154,-9.8091,16.2,,100.0,,,,0.3568,1.0602,1.1186,251.4,15.0,1.225,0.0189,325.35,0.0,1,0.0,0.095,0,3,10,0.7,0.203,0,0.0,0,0
1790659233.3566391,47.3979712,8.5461636,0.004000000189989805,0.013337861746549606,-0.0076200091280043125,-0.006873808801174164,96.51,-0.09183506466661985,0.8047771871131026,0.0,96.50999999999999,20.0,20.0,0.0,0.0,2.3645768897397477,0.015361011596820741,14.0,0.0,0.0,"[20.0, 20.0, 20.0, 20.0, 20.0, 20.0, 20.0, 20.0, 20.0, 20.0, 20.0, 20.0, 20.0, 20.0, 20.0, 20.0, 20.0, 20.0, 20.0, 20.0, 20.0, 20.0, 20.0, 20.0, 20.0, 20.0, 20.0, 20.0, 20.0, 20.0, 20.0, 20.0, 20.0, 20.0, 20.0, 20.0, 20.0, 20.0, 20.0, 20.0, 20.0, 20.0, 20.0, 20.0, 20.0, 20.0, 20.0, 20.0, 20.0, 20.0, 20.0, 20.0, 20.0, 20.0, 20.0, 20.0, 20.0, 20.0, 20.0, 20.0, 20.0, 20.0, 20.0, 20.0, 20.0, 20.0, 20.0, 20.0, 20.0, 20.0, 20.0, 20.0]",0.00337018514983356,0.026488082483410835,0.0176,0.0086,0.0138,0.0185,-0.0281,-0.0018,-0.0123,-9.7995,16.2,,100.0,,,,0.3122,0.9311,0.982,251.46,15.0,1.225,0.0154,330.26,0.0,1,0.0,0.1,0,3,10,0.7,0.232,0,0.0,0,0
1790659233.5573623,47.3979712,8.5461637,0.003000000026077032,0.01135666761547327,-0.005507431924343109,-0.006849602330476046,96.52,-0.0919755233837792,0.8047611466132544,0.0,96.51999999999998,20.0,20.0,0.0,0.0,2.034643111804241,0.01247473052817406,14.0,0.0,0.0,"[20.0, 20.0, 20.0, 20.0, 20.0, 20.0, 20.0, 20.0, 20.0, 20.0, 20.0, 20.0, 20.0, 20.0, 20.0, 20.0, 20.0, 20.0, 20.0, 20.0, 20.0, 20.0, 20.0, 20.0, 20.0, 20.0, 20.0, 20.0, 20.0, 20.0, 20.0, 20.0, 20.0, 20.0, 20.0, 20.0, 20.0, 20.0, 20.0, 20.0, 20.0, 20.0, 20.0, 20.0, 20.0, 20.0, 20.0, 20.0, 20.0, 20.0, 20.0, 20.0, 20.0, 20.0, 20.0, 20.0, 20.0, 20.0, 20.0, 20.0, 20.0, 20.0, 20.0, 20.0, 20.0, 20.0, 20.0, 20.0, 20.0, 20.0, 20.0, 20.0]",0.006250966805964708,0.022315487265586853,0.0196,0.0013,-0.0014,0.0541,0.0138,-0.0002,-0.0052,-9.8071,16.2,,100.0,,,,0.4061,0.8894,0.9777,245.46,15.0,1.225,0.0126,334.13,0.0,1,0.0,0.105,0,3,10,0.7,0.225,0,0.0,0,0
1790659233.7585144,47.3979711,8.5461637,0.0010000000474974513,0.008849539794027805,-0.005228518042713404,-0.005618744064122438,96.51,-0.09183506466661985,0.8047771871131026,0.0,96.50999999999999,20.0,20.0,0.0,0.0,1.565635063028041,0.010043354160094633,14.0,0.0,0.0,"[20.0, 20.0, 20.0, 20.0, 20.0, 20.0, 20.0, 20.0, 20.0, 20.0, 20.0, 20.0, 20.0, 20.0, 20.0, 20.0, 20.0, 20.0, 20.0, 20.0, 20.0, 20.0, 20.0, 20.0, 20.0, 20.0, 20.0, 20.0, 20.0, 20.0, 20.0, 20.0, 20.0, 20.0, 20.0, 20.0, 20.0, 20.0, 20.0, 20.0, 20.0, 20.0, 20.0, 20.0, 20.0, 20.0, 20.0, 20.0, 20.0, 20.0, 20.0, 20.0, 20.0, 20.0, 20.0, 20.0, 20.0, 20.0, 20.0, 20.0, 20.0, 20.0, 20.0, 20.0, 20.0, 20.0, 20.0, 20.0, 20.0, 20.0, 20.0, 20.0]",0.007803531363606453,0.017618518322706223,0.025,0.0028,0.0033,-0.0645,-0.0301,0.0063,-0.0072,-9.8039,16.2,,100.0,,,,0.3002,0.9724,1.0177,252.84,15.0,1.225,0.0103,329.42,0.0,1,0.0,0.11,0,3,10,0.7,0.256,0,0.0,0,0
1790659233.9596405,47.3979711,8.5461637,0.0,0.0068229069001972675,-0.004638077691197395,-0.004786944016814232,96.51,-0.09183506466661985,0.8047771871131026,0.0,96.50999999999999,20.0,20.0,0.0,0.0,1.1940743080720209,0.00792155298172913,14.0,0.0,0.0,"[20.0, 20.0, 20.0, 20.0, 20.0, 20.0, 20.0, 20.0, 20.0, 20.0, 20.0, 20.0, 20.0, 20.0, 20.0, 20.0, 20.0, 20.0, 20.0, 20.0, 20.0, 20.0, 20.0, 20.0, 20.0, 20.0, 20.0, 20.0, 20.0, 20.0, 20.0, 20.0, 20.0, 20.0, 20.0, 20.0, 20.0, 20.0, 20.0, 20.0, 20.0, 20.0, 20.0, 20.0, 20.0, 20.0, 20.0, 20.0, 20.0, 20.0, 20.0, 20.0, 20.0, 20.0, 20.0, 20.0, 20.0, 20.0, 20.0, 20.0, 20.0, 20.0, 20.0, 20.0, 20.0, 20.0, 20.0, 20.0, 20.0, 20.0, 20.0, 20.0]",0.009145665913820267,0.013483811169862747,0.0308,0.0043,0.0113,0.056,-0.0182,-0.0034,-0.0008,-9.7991,16.2,,100.0,,,,0.2481,0.8229,0.8595,253.22,15.0,1.225,0.0083,325.79,0.0,1,0.0,0.114,0,3,10,0.7,0.256,0,0.0,0,0
1790659234.1606708,47.3979711,8.5461637,-0.0010000000474974513,0.004615124315023422,-0.004966757260262966,-0.004431440494954586,96.51,-0.09183506466661985,0.8047771871131026,0.0,96.50999999999999,20.0,20.0,0.0,0.0,0.7681475604174217,0.004678920247986623,14.0,0.0,0.0,"[20.0, 20.0, 20.0, 20.0, 20.0, 20.0, 20.0, 20.0, 20.0, 20.0, 20.0, 20.0, 20.0, 20.0, 20.0, 20.0, 20.0, 20.0, 20.0, 20.0, 20.0, 20.0, 20.0, 20.0, 20.0, 20.0, 20.0, 20.0, 20.0, 20.0, 20.0, 20.0, 20.0, 20.0, 20.0, 20.0, 20.0, 20.0, 20.0, 20.0, 20.0, 20.0, 20.0, 20.0, 20.0, 20.0, 20.0, 20.0, 20.0, 20.0, 20.0, 20.0, 20.0, 20.0, 20.0, 20.0, 20.0, 20.0, 20.0, 20.0, 20.0, 20.0, 20.0, 20.0, 20.0, 20.0, 20.0, 20.0, 20.0, 20.0, 20.0, 20.0]",0.00919471587985754,0.009688328020274639,0.0324,0.0026,-0.0075,-0.0538,-0.056,-0.0039,-0.0025,-9.8053,16.2,,100.0,,,,0.2397,0.7329,0.7711,251.89,15.0,1.225,0.0068,312.9,0.0,1,0.0,0.118,0,3,10,0.7,0.242,0,0.0,0,0
1790659234.361535,47.397971,8.5461637,-0.0020000000949949026,0.0029316246509552,-0.003992781043052673,-0.003316447138786316,96.51,-0.09183506466661985,0.8047771871131026,0.0,96.50999999999999,20.0,20.0,0.0,0.0,0.4698213068263456,0.003419418014003668,14.0,0.0,0.0,"[20.0, 20.0, 20.0, 20.0, 20.0, 20.0, 20.0, 20.0, 20.0, 20.0, 20.0, 20.0, 20.0, 20.0, 20.0, 20.0, 20.0, 20.0, 20.0, 20.0, 20.0, 20.0, 20.0, 20.0, 20.0, 20.0, 20.0, 20.0, 20.0, 20.0, 20.0, 20.0, 20.0, 20.0, 20.0, 20.0, 20.0, 20.0, 20.0, 20.0, 20.0, 20.0, 20.0, 20.0, 20.0, 20.0, 20.0, 20.0, 20.0, 20.0, 20.0, 20.0, 20.0, 20.0, 20.0, 20.0, 20.0, 20.0, 20.0, 20.0, 20.0, 20.0, 20.0, 20.0, 20.0, 20.0, 20.0, 20.0, 20.0, 20.0, 20.0, 20.0]",0.009604047052562237,0.006522525567561388,0.0354,-0.0006,-0.0358,-0.0308,-0.0551,-0.0057,-0.0138,-9.8097,16.2,,100.0,,,,0.0588,0.683,0.6855,265.08,15.0,1.225,0.005,306.29,0.0,1,0.0,0.121,0,3,10,0.7,0.243,0,0.0,0,0
1790659234.562705,47.397971,8.5461637,-0.006000000052154064,0.0015917255077511072,-0.002628084272146225,-0.0013596795033663511,96.52,-0.0919755233837792,0.8047611466132544,0.0,96.51999999999998,20.0,20.0,0.0,0.0,0.24503567716467584,0.0028116532555807526,14.0,0.0,0.0,"[20.0, 20.0, 20.0, 20.0, 20.0, 20.0, 20.0, 20.0, 20.0, 20.0, 20.0, 20.0, 20.0, 20.0, 20.0, 20.0, 20.0, 20.0, 20.0, 20.0, 20.0, 20.0, 20.0, 20.0, 20.0, 20.0, 20.0, 20.0, 20.0, 20.0, 20.0, 20.0, 20.0, 20.0, 20.0, 20.0, 20.0, 20.0, 20.0, 20.0, 20.0, 20.0, 20.0, 20.0, 20.0, 20.0, 20.0, 20.0, 20.0, 20.0, 20.0, 20.0, 20.0, 20.0, 20.0, 20.0, 20.0, 20.0, 20.0, 20.0, 20.0, 20.0, 20.0, 20.0, 20.0, 20.0, 20.0, 20.0, 20.0, 20.0, 20.0, 20.0]",0.010904190130531788,0.00466694263741374,0.0375,-0.0053,-0.0222,0.0536,0.0075,0.0024,-0.0075,-9.8114,16.2,,100.0,,,,0.1854,0.7066,0.7306,255.3,15.0,1.225,0.0031,301.2,0.0,1,0.0,0.124,0,3,10,0.7,0.267,0,0.0,0,0
1790659234.762757,47.397971,8.5461638,-0.009000000543892384,-9.886711632134393e-05,-0.0017318710451945662,0.0002502407878637314,96.52,-0.0919755233837792,0.8047611466132544,0.0,96.51999999999998,20.0,20.0,0.0,0.0,-0.056318234003997644,0.0006891821572064774,14.0,0.0,0.0,"[20.0, 20.0, 20.0, 20.0, 20.0, 20.0, 20.0, 20.0, 20.0, 20.0, 20.0, 20.0, 20.0, 20.0, 20.0, 20.0, 20.0, 20.0, 20.0, 20.0, 20.0, 20.0, 20.0, 20.0, 20.0, 20.0, 20.0, 20.0, 20.0, 20.0, 20.0, 20.0, 20.0, 20.0, 20.0, 20.0, 20.0, 20.0, 20.0, 20.0, 20.0, 20.0, 20.0, 20.0, 20.0, 20.0, 20.0, 20.0, 20.0, 20.0, 20.0, 20.0, 20.0, 20.0, 20.0, 20.0, 20.0, 20.0, 20.0, 20.0, 20.0, 20.0, 20.0, 20.0, 20.0, 20.0, 20.0, 20.0, 20.0, 20.0, 20.0, 20.0]",0.011836035177111626,0.0028122731018811464,0.041,-0.0083,0.0277,-0.027,-0.0087,-0.0013,-0.015,-9.8125,16.2,,100.0,,,,0.1981,0.791,0.8154,255.94,15.0,1.225,0.0017,266.73,0.0,1,0.0,0.126,0,3,10,0.7,0.2,0,0.0,0,0
1790659234.9632213,47.397971,8.5461637,-0.012000000104308128,-0.0002708780812099576,-0.002079928293824196,0.001579492469318211,96.52,-0.0919755233837792,0.8047611466132544,0.0,96.51999999999998,20.0,20.0,0.0,0.0,-0.09650548875880427,-0.002078891104889067,14.0,0.0,0.0,"[20.0, 20.0, 20.0, 20.0, 20.0, 20.0, 20.0, 20.0, 20.0, 20.0, 20.0, 20.0, 20.0, 20.0, 20.0, 20.0, 20.0, 20.0, 20.0, 20.0, 20.0, 20.0, 20.0, 20.0, 20.0, 20.0, 20.0, 20.0, 20.0, 20.0, 20.0, 20.0, 20.0, 20.0, 20.0, 20.0, 20.0, 20.0, 20.0, 20.0, 20.0, 20.0, 20.0, 20.0, 20.0, 20.0, 20.0, 20.0, 20.0, 20.0, 20.0, 20.0, 20.0, 20.0, 20.0, 20.0, 20.0, 20.0, 20.0, 20.0, 20.0, 20.0, 20.0, 20.0, 20.0, 20.0, 20.0, 20.0, 20.0, 20.0, 20.0, 20.0]",0.011504491791129112,0.0027230859268456697,0.0392,-0.0069,-0.0638,0.0229,0.0142,-0.0065,-0.0109,-9.8019,16.2,,100.0,,,,0.2923,0.8119,0.8629,250.2,15.0,1.225,0.0021,262.58,0.0,1,0.0,0.126,0,3,10,0.7,0.209,0,0.0,0,0
1790659235.164416,47.397971,8.5461638,-0.014000000432133675,0.00047154235653579235,-0.0005828451830893755,0.002211719285696745,96.52,-0.0919755233837792,0.8047611466132544,0.0,96.51999999999998,20.0,20.0,0.0,0.0,0.0768355929601325,0.00013423125387362114,14.0,0.0,0.0,"[20.0, 20.0, 20.0, 20.0, 20.0, 20.0, 20.0, 20.0, 20.0, 20.0, 20.0, 20.0, 20.0, 20.0, 20.0, 20.0, 20.0, 20.0, 20.0, 20.0, 20.0, 20.0, 20.0, 20.0, 20.0, 20.0, 20.0, 20.0, 20.0, 20.0, 20.0, 20.0, 20.0, 20.0, 20.0, 20.0, 20.0, 20.0, 20.0, 20.0, 20.0, 20.0, 20.0, 20.0, 20.0, 20.0, 20.0, 20.0, 20.0, 20.0, 20.0, 20.0, 20.0, 20.0, 20.0, 20.0, 20.0, 20.0, 20.0, 20.0, 20.0, 20.0, 20.0, 20.0, 20.0, 20.0, 20.0, 20.0, 20.0, 20.0, 20.0, 20.0]",0.013357896357774734,0.004317928571254015,0.0332,-0.0098,-0.0141,0.0101,-0.0398,-0.0057,-0.0008,-9.8053,16.2,,100.0,,,,0.2114,0.7931,0.8208,255.08,15.0,1.225,0.0007,308.97,0.0,1,0.0,0.129,0,3,10,0.7,0.256,0,0.0,0,0
1790659235.3646922,47.397971,8.5461638,-0.015000000596046448,0.0007660348783247173,0.0005842667305842042,0.0025292690843343735,96.53,-0.09211597929920431,0.8047450815989797,0.0,96.52999999999997,20.0,20.0,0.0,0.0,0.15804236816649403,-0.0009630648512271619,14.0,0.0,0.0,"[20.0, 20.0, 20.0, 20.0, 20.0, 20.0, 20.0, 20.0, 20.0, 20.0, 20.0, 20.0, 20.0, 20.0, 20.0, 20.0, 20.0, 20.0, 20.0, 20.0, 20.0, 20.0, 20.0, 20.0, 20.0, 20.0, 20.0, 20.0, 20.0, 20.0, 20.0, 20.0, 20.0, 20.0, 20.0, 20.0, 20.0, 20.0, 20.0, 20.0, 20.0, 20.0, 20.0, 20.0, 20.0, 20.0, 20.0, 20.0, 20.0, 20.0, 20.0, 20.0, 20.0, 20.0, 20.0, 20.0, 20.0, 20.0, 20.0, 20.0, 20.0, 20.0, 20.0, 20.0, 20.0, 20.0, 20.0, 20.0, 20.0, 20.0, 20.0, 20.0]",0.014697355218231678,0.005978654604405165,0.0327,-0.0156,0.0391,-0.0161,-0.0325,-0.0081,-0.0036,-9.8079,16.2,,100.0,,,,0.1171,0.8656,0.8735,262.29,15.0,1.225,0.001,37.33,0.0,1,0.0,0.131,0,3,10,0.7,0.241,0,0.0,0,0
1790659235.5656757,47.397971,8.5461638,-0.01600000075995922,0.0009022277081385255,0.001599385985173285,0.0029572159983217716,96.53,-0.09211597929920431,0.8047450815989797,0.0,96.52999999999997,20.0,20.0,0.0,0.0,0.20593200878490925,-0.001743458786763475,14.0,0.0,0.0,"[20.0, 20.0, 20.0, 20.0, 20.0, 20.0, 20.0, 20.0, 20.0, 20.0, 20.0, 20.0, 20.0, 20.0, 20.0, 20.0, 20.0, 20.0, 20.0, 20.0, 20.0, 20.0, 20.0, 20.0, 20.0, 20.0, 20.0, 20.0, 20.0, 20.0, 20.0, 20.0, 20.0, 20.0, 20.0, 20.0, 20.0, 20.0, 20.0, 20.0, 20.0, 20.0, 20.0, 20.0, 20.0, 20.0, 20.0, 20.0, 20.0, 20.0, 20.0, 20.0, 20.0, 20.0, 20.0, 20.0, 20.0, 20.0, 20.0, 20.0, 20.0, 20.0, 20.0, 20.0, 20.0, 20.0, 20.0, 20.0, 20.0, 20.0, 20.0, 20.0]",0.01565762422978878,0.0070349471643567085,0.0296,-0.0188,0.0384,-0.0307,-0.0029,-0.0063,-0.0071,-9.8024,16.2,,100.0,,,,0.0816,0.7799,0.7842,264.03,15.0,1.225,0.0018,60.57,0.0,1,0.0,0.132,0,3,10,0.7,0.298,0,0.0,0,0
1790659235.7663214,47.3979711,8.5461638,-0.014000000432133675,0.0015368697931990027,0.0010866355150938034,0.0024672846775501966,96.53,-0.09211597929920431,0.8047450815989797,0.0,96.52999999999997,20.0,20.0,-0.0,0.0,0.31521436120290486,-0.0008811715625515332,14.0,0.0,0.0,"[20.0, 20.0, 20.0, 20.0, 20.0, 20.0, 20.0, 20.0, 20.0, 20.0, 20.0, 20.0, 20.0, 20.0, 20.0, 20.0, 20.0, 20.0, 20.0, 20.0, 20.0, 20.0, 20.0, 20.0, 20.0, 20.0, 20.0, 20.0, 20.0, 20.0, 20.0, 20.0, 20.0, 20.0, 20.0, 20.0, 20.0, 20.0, 20.0, 20.0, 20.0, 20.0, 20.0, 20.0, 20.0, 20.0, 20.0, 20.0, 20.0, 20.0, 20.0, 20.0, 20.0, 20.0, 20.0, 20.0, 20.0, 20.0, 20.0, 20.0, 20.0, 20.0, 20.0, 20.0, 20.0, 20.0, 20.0, 20.0, 20.0, 20.0, 20.0, 20.0]",0.014889678917825222,0.008553683757781982,0.0284,-0.0159,0.0639,0.0466,0.0294,0.0033,-0.0064,-9.8042,16.2,,100.0,,,,0.0956,0.7844,0.7902,263.05,15.0,1.225,0.0019,35.26,0.0,1,0.0,0.134,0,3,10,0.7,0.326,0,0.0,0,0
1790659235.9673195,47.3979711,8.5461638,-0.010000000707805157,0.0012286308920010924,0.0006256612832657993,0.0017838348867371678,96.53,-0.09211597929920431,0.8047450815989797,0.0,96.52999999999997,20.0,20.0,-0.0,0.0,0.24671647589971948,-0.0003557199365204689,14.0,0.0,0.0,"[20.0, 20.0, 20.0, 20.0, 20.0, 20.0, 20.0, 20.0, 20.0, 20.0, 20.0, 20.0, 20.0, 20.0, 20.0, 20.0, 20.0, 20.0, 20.0, 20.0, 20.0, 20.0, 20.0, 20.0, 20.0, 20.0, 20.0, 20.0, 20.0, 20.0, 20.0, 20.0, 20.0, 20.0, 20.0, 20.0, 20.0, 20.0, 20.0, 20.0, 20.0, 20.0, 20.0, 20.0, 20.0, 20.0, 20.0, 20.0, 20.0, 20.0, 20.0, 20.0, 20.0, 20.0, 20.0, 20.0, 20.0, 20.0, 20.0, 20.0, 20.0, 20.0, 20.0, 20.0, 20.0, 20.0, 20.0, 20.0, 20.0, 20.0, 20.0, 20.0]",0.014311544597148895,0.009073109365999699,0.0302,-0.0138,0.0325,0.0083,-0.0136,0.0054,-0.0066,-9.8021,16.2,,100.0,,,,0.0154,0.8636,0.8637,268.98,15.0,1.225,0.0014,26.99,0.0,1,0.0,0.135,0,3,10,0.7,0.321,0,0.0,0,0
1790659236.1674962,47.3979711,8.5461638,-0.006000000052154064,0.001163755776360631,0.0009761236142367125,0.0006016011466272175,96.53,-0.09211597929920431,0.8047450815989797,0.0,96.52999999999997,20.0,20.0,0.0,0.0,0.24201860231109776,-0.001248041015896833,14.0,0.0,0.0,"[20.0, 20.0, 20.0, 20.0, 20.0, 20.0, 20.0, 20.0, 20.0, 20.0, 20.0, 20.0, 20.0, 20.0, 20.0, 20.0, 20.0, 20.0, 20.0, 20.0, 20.0, 20.0, 20.0, 20.0, 20.0, 20.0, 20.0, 20.0, 20.0, 20.0, 20.0, 20.0, 20.0, 20.0, 20.0, 20.0, 20.0, 20.0, 20.0, 20.0, 20.0, 20.0, 20.0, 20.0, 20.0, 20.0, 20.0, 20.0, 20.0, 20.0, 20.0, 20.0, 20.0, 20.0, 20.0, 20.0, 20.0, 20.0, 20.0, 20.0, 20.0, 20.0, 20.0, 20.0, 20.0, 20.0, 20.0, 20.0, 20.0, 20.0, 20.0, 20.0]",0.014363165013492107,0.009635957889258862,0.0315,-0.0155,0.01,0.025,-0.023,-0.0059,-0.0029,-9.813,16.2,,100.0,,,,-0.007,0.9538,0.9538,270.42,15.0,1.225,0.0015,39.99,0.0,1,0.0,0.135,0,3,10,0.7,0.264,0,0.0,0,0
1790659236.368362,47.3979711,8.5461638,-0.003000000026077032,0.0014778488548472524,0.00218611815944314,-0.0008108059992082417,96.53,-0.09211597929920431,0.8047450815989797,0.0,96.52999999999997,20.0,20.0,0.0,0.0,0.32789521790961773,-0.002474820955749616,14.0,0.0,0.0,"[20.0, 20.0, 20.0, 20.0, 20.0, 20.0, 20.0, 20.0, 20.0, 20.0, 20.0, 20.0, 20.0, 20.0, 20.0, 20.0, 20.0, 20.0, 20.0, 20.0, 20.0, 20.0, 20.0, 20.0, 20.0, 20.0, 20.0, 20.0, 20.0, 20.0, 20.0, 20.0, 20.0, 20.0, 20.0, 20.0, 20.0, 20.0, 20.0, 20.0, 20.0, 20.0, 20.0, 20.0, 20.0, 20.0, 20.0, 20.0, 20.0, 20.0, 20.0, 20.0, 20.0, 20.0, 20.0, 20.0, 20.0, 20.0, 20.0, 20.0, 20.0, 20.0, 20.0, 20.0, 20.0, 20.0, 20.0, 20.0, 20.0, 20.0, 20.0, 20.0]",0.015354768373072147,0.011019128374755383,0.0301,-0.0191,-0.0281,-0.0758,0.0015,-0.0079,-0.0044,-9.7994,16.2,,100.0,,,,-0.1139,1.0922,1.0981,275.95,15.0,1.225,0.0026,55.94,0.0,1,0.0,0.137,0,3,10,0.7,0.223,0,0.0,0,0
1790659236.5694885,47.3979711,8.5461638,-0.003000000026077032,0.0027587611693888903,0.0011550168273970485,-0.0001180624749395065,96.53,-0.09211597929920431,0.8047450815989797,0.0,96.52999999999997,20.0,20.0,-0.0,0.0,0.5485360959076648,-0.0019866497649653095,14.0,0.0,0.0,"[20.0, 20.0, 20.0, 20.0, 20.0, 20.0, 20.0, 20.0, 20.0, 20.0, 20.0, 20.0, 20.0, 20.0, 20.0, 20.0, 20.0, 20.0, 20.0, 20.0, 20.0, 20.0, 20.0, 20.0, 20.0, 20.0, 20.0, 20.0, 20.0, 20.0, 20.0, 20.0, 20.0, 20.0, 20.0, 20.0, 20.0, 20.0, 20.0, 20.0, 20.0, 20.0, 20.0, 20.0, 20.0, 20.0, 20.0, 20.0, 20.0, 20.0, 20.0, 20.0, 20.0, 20.0, 20.0, 20.0, 20.0, 20.0, 20.0, 20.0, 20.0, 20.0, 20.0, 20.0, 20.0, 20.0, 20.0, 20.0, 20.0, 20.0, 20.0, 20.0]",0.014305553399026394,0.013203426264226437,0.0281,-0.016,-0.0591,-0.0413,0.0359,0.0,-0.0073,-9.8085,16.2,,100.0,,,,-0.1956,1.0987,1.116,280.09,15.0,1.225,0.003,22.72,0.0,1,0.0,0.139,0,3,10,0.7,0.224,0,0.0,0,0
1790659236.7701225,47.3979711,8.5461637,-0.004000000189989805,0.003261108882725239,-0.0012048428179696202,0.0002984142047353089,96.53,-0.09211597929920431,0.8047450815989797,0.0,96.52999999999997,20.0,20.0,-0.0,0.0,0.5925954959992454,-0.002051439898114387,14.0,0.0,0.0,"[20.0, 20.0, 20.0, 20.0, 20.0, 20.0, 20.0, 20.0, 20.0, 20.0, 20.0, 20.0, 20.0, 20.0, 20.0, 20.0, 20.0, 20.0, 20.0, 20.0, 20.0, 20.0, 20.0, 20.0, 20.0, 20.0, 20.0, 20.0, 20.0, 20.0, 20.0, 20.0, 20.0, 20.0, 20.0, 20.0, 20.0, 20.0, 20.0, 20.0, 20.0, 20.0, 20.0, 20.0, 20.0, 20.0, 20.0, 20.0, 20.0, 20.0, 20.0, 20.0, 20.0, 20.0, 20.0, 20.0, 20.0, 20.0, 20.0, 20.0, 20.0, 20.0, 20.0, 20.0, 20.0, 20.0, 20.0, 20.0, 20.0, 20.0, 20.0, 20.0]",0.011527440510690212,0.013994024135172367,0.0285,-0.0093,0.0251,-0.0204,0.035,0.0018,-0.0136,-9.8148,16.2,,100.0,,,,-0.2196,1.0557,1.0783,281.75,15.0,1.225,0.0035,339.72,0.0,1,0.0,0.142,0,3,10,0.7,0.223,0,0.0,0,0
1790659236.9712057,47.3979711,8.5461637,-0.006000000052154064,0.00289632729254663,-0.004421406891196966,0.0009920861339196563,96.53,-0.09211597929920431,0.8047450815989797,0.0,96.52999999999997,20.0,20.0,0.0,0.0,0.45352857282957687,-0.003583223765046081,14.0,0.0,0.0,"[20.0, 20.0, 20.0, 20.0, 20.0, 20.0, 20.0, 20.0, 20.0, 20.0, 20.0, 20.0, 20.0, 20.0, 20.0, 20.0, 20.0, 20.0, 20.0, 20.0, 20.0, 20.0, 20.0, 20.0, 20.0, 20.0, 20.0, 20.0, 20.0, 20.0, 20.0, 20.0, 20.0, 20.0, 20.0, 20.0, 20.0, 20.0, 20.0, 20.0, 20.0, 20.0, 20.0, 20.0, 20.0, 20.0, 20.0, 20.0, 20.0, 20.0, 20.0, 20.0, 20.0, 20.0, 20.0, 20.0, 20.0, 20.0, 20.0, 20.0, 20.0, 20.0, 20.0, 20.0, 20.0, 20.0, 20.0, 20.0, 20.0, 20.0, 20.0, 20.0]",0.007699873764067888,0.013033248484134674,0.035,-0.0004,0.0246,0.0275,0.0053,-0.0082,-0.0044,-9.8078,16.2,,100.0,,,,-0.153,1.069,1.0799,278.15,15.0,1.225,0.0053,303.23,0.0,1,0.0,0.146,0,3,10,0.7,0.236,0,0.0,0,0
1790659237.1724002,47.3979711,8.5461636,-0.009000000543892384,0.002580067375674844,-0.0077793481759727,0.0019809664227068424,96.53,-0.09211597929920431,0.8047450815989797,0.0,96.52999999999997,20.0,20.0,0.0,0.0,0.320592301344706,-0.006916381917674915,14.0,0.0,0.0,"[20.0, 20.0, 20.0, 20.0, 20.0, 20.0, 20.0, 20.0, 20.0, 20.0, 20.0, 20.0, 20.0, 20.0, 20.0, 20.0, 20.0, 20.0, 20.0, 20.0, 20.0, 20.0, 20.0, 20.0, 20.0, 20.0, 20.0, 20.0, 20.0, 20.0, 20.0, 20.0, 20.0, 20.0, 20.0, 20.0, 20.0, 20.0, 20.0, 20.0, 20.0, 20.0, 20.0, 20.0, 20.0, 20.0, 20.0, 20.0, 20.0, 20.0, 20.0, 20.0, 20.0, 20.0, 20.0, 20.0, 20.0, 20.0, 20.0, 20.0, 20.0, 20.0, 20.0, 20.0, 20.0, 20.0, 20.0, 20.0, 20.0, 20.0, 20.0, 20.0]",0.0032791930716484785,0.011922799982130527,0.039,0.0023,0.0178,-0.0478,0.0517,0.0042,-0.0078,-9.8099,16.2,,100.0,,,,-0.1595,1.1907,1.2014,277.63,15.0,1.225,0.0082,288.35,0.0,1,0.0,0.151,0,3,10,0.7,0.275,0,0.0,0,0
1790659237.3723576,47.3979711,8.5461636,-0.012000000104308128,0.003516134573146701,-0.009707325138151646,0.0035082742106169462,96.52,-0.0919755233837792,0.8047611466132544,0.0,96.51999999999998,20.0,20.0,-0.0,0.0,0.4566617853116573,-0.01013883806401162,14.0,0.0,0.0,"[20.0, 20.0, 20.0, 20.0, 20.0, 20.0, 20.0, 20.0, 20.0, 20.0, 20.0, 20.0, 20.0, 20.0, 20.0, 20.0, 20.0, 20.0, 20.0, 20.0, 20.0, 20.0, 20.0, 20.0, 20.0, 20.0, 20.0, 20.0, 20.0, 20.0, 20.0, 20.0, 20.0, 20.0, 20.0, 20.0, 20.0, 20.0, 20.0, 20.0, 20.0, 20.0, 20.0, 20.0, 20.0, 20.0, 20.0, 20.0, 20.0, 20.0, 20.0, 20.0, 20.0, 20.0, 20.0, 20.0, 20.0, 20.0, 20.0, 20.0, 20.0, 20.0, 20.0, 20.0, 20.0, 20.0, 20.0, 20.0, 20.0, 20.0, 20.0, 20.0]",-0.0002161204320145771,0.012478205375373363,0.0367,0.0054,0.0026,0.0152,0.0573,-0.0021,-0.01,-9.7991,16.2,,100.0,,,,-0.2208,1.0689,1.0915,281.67,15.0,1.225,0.0103,289.91,0.0,1,0.0,0.154,0,3,10,0.7,0.245,0,0.0,0,0
1790659237.573452,47.3979711,8.5461636,-0.01600000075995922,0.004506569355726242,-0.009219017811119556,0.004851180128753185,96.52,-0.0919755233837792,0.8047611466132544,0.0,96.51999999999998,20.0,20.0,-0.0,0.0,0.6551682361342575,-0.008703205812255647,14.0,0.0,0.0,"[20.0, 20.0, 20.0, 20.0, 20.0, 20.0, 20.0, 20.0, 20.0, 20.0, 20.0, 20.0, 20.0, 20.0, 20.0, 20.0, 20.0, 20.0, 20.0, 20.0, 20.0, 20.0, 20.0, 20.0, 20.0, 20.0, 20.0, 20.0, 20.0, 20.0, 20.0, 20.0, 20.0, 20.0, 20.0, 20.0, 20.0, 20.0, 20.0, 20.0, 20.0, 20.0, 20.0, 20.0, 20.0, 20.0, 20.0, 20.0, 20.0, 20.0, 20.0, 20.0, 20.0, 20.0, 20.0, 20.0, 20.0, 20.0, 20.0, 20.0, 20.0, 20.0, 20.0, 20.0, 20.0, 20.0, 20.0, 20.0, 20.0, 20.0, 20.0, 20.0]",-0.0011657633585855365,0.014000392518937588,0.0327,0.0018,-0.0389,-0.0197,0.009,0.0007,-0.0135,-9.8007,16.2,,100.0,,,,-0.2101,0.9819,1.0042,282.08,15.0,1.225,0.0103,296.05,0.0,1,0.0,0.156,0,3,10,0.7,0.181,0,0.0,0,0
1790659237.7733216,47.3979711,8.5461636,-0.01900000125169754,0.006919668056070805,-0.007545787841081619,0.00545915262773633,96.52,-0.0919755233837792,0.8047611466132544,0.0,96.51999999999998,20.0,20.0,0.0,0.0,1.1492162261620273,-0.005343119418777548,14.0,0.0,0.0,"[20.0, 20.0, 20.0, 20.0, 20.0, 20.0, 20.0, 20.0, 20.0, 20.0, 20.0, 20.0, 20.0, 20.0, 20.0, 20.0, 20.0, 20.0, 20.0, 20.0, 20.0, 20.0, 20.0, 20.0, 20.0, 20.0, 20.0, 20.0, 20.0, 20.0, 20.0, 20.0, 20.0, 20.0, 20.0, 20.0, 20.0, 20.0, 20.0, 20.0, 20.0, 20.0, 20.0, 20.0, 20.0, 20.0, 20.0, 20.0, 20.0, 20.0, 20.0, 20.0, 20.0, 20.0, 20.0, 20.0, 20.0, 20.0, 20.0, 20.0, 20.0, 20.0, 20.0, 20.0, 20.0, 20.0, 20.0, 20.0, 20.0, 20.0, 20.0, 20.0]",-0.0005165425827726722,0.017320824787020683,0.0261,-0.0041,-0.0231,0.04,-0.0289,-0.0036,-0.0057,-9.7987,16.2,,100.0,,,,-0.1181,0.9457,0.9531,277.12,15.0,1.225,0.0102,312.52,0.0,1,0.0,0.159,0,3,10,0.7,0.154,0,0.0,0,0
1790659237.9742515,47.3979712,8.5461636,-0.02200000174343586,0.00883069634437561,-0.005938197020441294,0.005325182806700468,96.52,-0.0919755233837792,0.8047611466132544,0.0,96.51999999999998,20.0,20.0,0.0,0.0,1.5464765916256944,-0.006778688589281675,14.0,0.0,0.0,"[20.0, 20.0, 20.0, 20.0, 20.0, 20.0, 20.0, 20.0, 20.0, 20.0, 20.0, 20.0, 20.0, 20.0, 20.0, 20.0, 20.0, 20.0, 20.0, 20.0, 20.0, 20.0, 20.0, 20.0, 20.0, 20.0, 20.0, 20.0, 20.0, 20.0, 20.0, 20.0, 20.0, 20.0, 20.0, 20.0, 20.0, 20.0, 20.0, 20.0, 20.0, 20.0, 20.0, 20.0, 20.0, 20.0, 20.0, 20.0, 20.0, 20.0, 20.0, 20.0, 20.0, 20.0, 20.0, 20.0, 20.0, 20.0, 20.0, 20.0, 20.0, 20.0, 20.0, 20.0, 20.0, 20.0, 20.0, 20.0, 20.0, 20.0, 20.0, 20.0]",0.000554507365450263,0.020933687686920166,0.0201,-0.0072,-0.0013,0.0384,0.0307,-0.0018,0.0019,-9.8052,16.2,,100.0,,,,-0.0989,1.0464,1.051,275.4,15.0,1.225,0.0106,326.08,0.0,1,0.0,0.163,0,3,10,0.7,0.191,0,0.0,0,0
1790659238.1751454,47.3979712,8.5461636,-0.023000001907348633,0.009510918520390987,-0.004953637253493071,0.005159364081919193,96.52,-0.0919755233837792,0.8047611466132544,0.0,96.51999999999998,20.0,20.0,0.0,0.0,1.696780280740631,-0.003196674646842639,14.0,0.0,0.0,"[20.0, 20.0, 20.0, 20.0, 20.0, 20.0, 20.0, 20.0, 20.0, 20.0, 20.0, 20.0, 20.0, 20.0, 20.0, 20.0, 20.0, 20.0, 20.0, 20.0, 20.0, 20.0, 20.0, 20.0, 20.0, 20.0, 20.0, 20.0, 20.0, 20.0, 20.0, 20.0, 20.0, 20.0, 20.0, 20.0, 20.0, 20.0, 20.0, 20.0, 20.0, 20.0, 20.0, 20.0, 20.0, 20.0, 20.0, 20.0, 20.0, 20.0, 20.0, 20.0, 20.0, 20.0, 20.0, 20.0, 20.0, 20.0, 20.0, 20.0, 20.0, 20.0, 20.0, 20.0, 20.0, 20.0, 20.0, 20.0, 20.0, 20.0, 20.0, 20.0]",0.002093703020364046,0.022465137764811516,0.019,-0.0088,0.0038,-0.0368,-0.0099,-0.0168,-0.0109,-9.8133,16.2,,100.0,,,,-0.0302,1.1033,1.1037,271.57,15.0,1.225,0.0107,332.49,0.0,1,0.0,0.165,0,3,10,0.7,0.23,0,0.0,0,0
1790659238.3755,47.3979712,8.5461636,-0.021000001579523087,0.007954498752951622,-0.006159079261124134,0.0031745375599712133,96.52,-0.0919755233837792,0.8047611466132544,0.0,96.51999999999998,20.0,20.0,0.0,0.0,1.375538664680072,-0.00015246771499110353,14.0,0.0,0.0,"[20.0, 20.0, 20.0, 20.0, 20.0, 20.0, 20.0, 20.0, 20.0, 20.0, 20.0, 20.0, 20.0, 20.0, 20.0, 20.0, 20.0, 20.0, 20.0, 20.0, 20.0, 20.0, 20.0, 20.0, 20.0, 20.0, 20.0, 20.0, 20.0, 20.0, 20.0, 20.0, 20.0, 20.0, 20.0, 20.0, 20.0, 20.0, 20.0, 20.0, 20.0, 20.0, 20.0, 20.0, 20.0, 20.0, 20.0, 20.0, 20.0, 20.0, 20.0, 20.0, 20.0, 20.0, 20.0, 20.0, 20.0, 20.0, 20.0, 20.0, 20.0, 20.0, 20.0, 20.0, 20.0, 20.0, 20.0, 20.0, 20.0, 20.0, 20.0, 20.0]",0.0006859013228677213,0.02140882797539234,0.0268,-0.0052,-0.0127,-0.0103,0.0439,-0.0031,-0.0076,-9.7954,16.2,,100.0,,,,-0.0751,1.0517,1.0543,274.08,15.0,1.225,0.0101,322.25,0.0,1,0.0,0.167,0,3,10,0.7,0.195,0,0.0,0,0
1790659238.575515,47.3979711,8.5461636,-0.01900000125169754,0.004844900220632553,-0.007744613103568554,0.001196199911646545,96.53,-0.09211597929920431,0.8047450815989797,0.0,96.52999999999997,20.0,20.0,0.0,0.0,0.7510520697574617,0.0004974874096106575,14.0,0.0,0.0,"[20.0, 20.0, 20.0, 20.0, 20.0, 20.0, 20.0, 20.0, 20.0, 20.0, 20.0, 20.0, 20.0, 20.0, 20.0, 20.0, 20.0, 20.0, 20.0, 20.0, 20.0, 20.0, 20.0, 20.0, 20.0, 20.0, 20.0, 20.0, 20.0, 20.0, 20.0, 20.0, 20.0, 20.0, 20.0, 20.0, 20.0, 20.0, 20.0, 20.0, 20.0, 20.0, 20.0, 20.0, 20.0, 20.0, 20.0, 20.0, 20.0, 20.0, 20.0, 20.0, 20.0, 20.0, 20.0, 20.0, 20.0, 20.0, 20.0, 20.0, 20.0, 20.0, 20.0, 20.0, 20.0, 20.0, 20.0, 20.0, 20.0, 20.0, 20.0, 20.0]",-0.0011152736842632294,0.01814703270792961,0.0364,-0.005,0.0164,-0.0523,0.0612,0.0006,-0.0152,-9.8111,16.2,,100.0,,,,-0.0446,1.0568,1.0577,272.41,15.0,1.225,0.0091,302.03,0.0,1,0.0,0.171,0,3,10,0.7,0.206,0,0.0,0,0
1790659238.7761624,47.3979711,8.5461636,-0.017000000923871994,0.0015969458036124706,-0.00798434391617775,-0.00016364792827516794,96.53,-0.09211597929920431,0.8047450815989797,0.0,96.52999999999997,20.0,20.0,0.0,0.0,0.12959873479480485,-0.00021589795593749935,14.0,0.0,0.0,"[20.0, 20.0, 20.0, 20.0, 20.0, 20.0, 20.0, 20.0, 20.0, 20.0, 20.0, 20.0, 20.0, 20.0, 20.0, 20.0, 20.0, 20.0, 20.0, 20.0, 20.0, 20.0, 20.0, 20.0, 20.0, 20.0, 20.0, 20.0, 20.0, 20.0, 20.0, 20.0, 20.0, 20.0, 20.0, 20.0, 20.0, 20.0, 20.0, 20.0, 20.0, 20.0, 20.0, 20.0, 20.0, 20.0, 20.0, 20.0, 20.0, 20.0, 20.0, 20.0, 20.0, 20.0, 20.0, 20.0, 20.0, 20.0, 20.0, 20.0, 20.0, 20.0, 20.0, 20.0, 20.0, 20.0, 20.0, 20.0, 20.0, 20.0, 20.0, 20.0]",-0.0018504223553463817,0.014919046312570572,0.0421,-0.0081,-0.023,-0.054,-0.0501,0.0036,-0.0033,-9.8053,16.2,,100.0,,,,0.0104,1.1273,1.1273,269.47,15.0,1.225,0.0081,281.31,0.0,1,0.0,0.174,0,3,10,0.7,0.205,0,0.0,0,0
1790659238.9764996,47.3979711,8.5461636,-0.014000000432133675,-0.0019593494944274426,-0.006691136863082647,-0.0014424079563468695,96.53,-0.09211597929920431,0.8047450815989797,0.0,96.52999999999997,20.0,20.0,0.0,0.0,-0.5170951054166091,-0.00010659786655381649,14.0,0.0,0.0,"[20.0, 20.0, 20.0, 20.0, 20.0, 20.0, 20.0, 20.0, 20.0, 20.0, 20.0, 20.0, 20.0, 20.0, 20.0, 20.0, 20.0, 20.0, 20.0, 20.0, 20.0, 20.0, 20.0, 20.0, 20.0, 20.0, 20.0, 20.0, 20.0, 20.0, 20.0, 20.0, 20.0, 20.0, 20.0, 20.0, 20.0, 20.0, 20.0, 20.0, 20.0, 20.0, 20.0, 20.0, 20.0, 20.0, 20.0, 20.0, 20.0, 20.0, 20.0, 20.0, 20.0, 20.0, 20.0, 20.0, 20.0, 20.0, 20.0, 20.0, 20.0, 20.0, 20.0, 20.0, 20.0, 20.0, 20.0, 20.0, 20.0, 20.0, 20.0, 20.0]",-0.0007328084320761263,0.010874109342694283,0.0456,-0.0117,-0.0197,0.0607,-0.0138,-0.0049,-0.0052,-9.8054,16.2,,100.0,,,,-0.1393,1.1282,1.1368,277.04,15.0,1.225,0.007,253.68,0.0,1,0.0,0.178,0,3,10,0.7,0.235,0,0.0,0,0
1790659239.177016,47.397971,8.5461637,-0.009000000543892384,-0.004733127076178789,-0.0024170251563191414,-0.003736460581421852,96.53,-0.09211597929920431,0.8047450815989797,0.0,96.52999999999997,20.0,20.0,0.0,0.0,-0.9505057456372966,-0.0007552556581240876,14.0,0.0,0.0,"[20.0, 20.0, 20.0, 20.0, 20.0, 20.0, 20.0, 20.0, 20.0, 20.0, 20.0, 20.0, 20.0, 20.0, 20.0, 20.0, 20.0, 20.0, 20.0, 20.0, 20.0, 20.0, 20.0, 20.0, 20.0, 20.0, 20.0, 20.0, 20.0, 20.0, 20.0, 20.0, 20.0, 20.0, 20.0, 20.0, 20.0, 20.0, 20.0, 20.0, 20.0, 20.0, 20.0, 20.0, 20.0, 20.0, 20.0, 20.0, 20.0, 20.0, 20.0, 20.0, 20.0, 20.0, 20.0, 20.0, 20.0, 20.0, 20.0, 20.0, 20.0, 20.0, 20.0, 20.0, 20.0, 20.0, 20.0, 20.0, 20.0, 20.0, 20.0, 20.0]",0.003906908445060253,0.007598522584885359,0.0435,-0.0242,-0.0105,0.0313,-0.0234,-0.0084,-0.0113,-9.8153,16.2,,100.0,,,,-0.1588,0.9635,0.9764,279.36,15.0,1.225,0.0053,207.05,0.0,1,0.0,0.184,0,3,10,0.7,0.191,0,0.0,0,0
1790659239.3774354,47.397971,8.5461638,-0.004000000189989805,-0.005669674836099148,0.0037492664996534586,-0.006532717030495405,96.53,-0.09211597929920431,0.8047450815989797,0.0,96.52999999999997,20.0,20.0,0.0,0.0,-0.9942709328763465,-0.005056314510168056,14.0,0.0,0.0,"[20.0, 20.0, 20.0, 20.0, 20.0, 20.0, 20.0, 20.0, 20.0, 20.0, 20.0, 20.0, 20.0, 20.0, 20.0, 20.0, 20.0, 20.0, 20.0, 20.0, 20.0, 20.0, 20.0, 20.0, 20.0, 20.0, 20.0, 20.0, 20.0, 20.0, 20.0, 20.0, 20.0, 20.0, 20.0, 20.0, 20.0, 20.0, 20.0, 20.0, 20.0, 20.0, 20.0, 20.0, 20.0, 20.0, 20.0, 20.0, 20.0, 20.0, 20.0, 20.0, 20.0, 20.0, 20.0, 20.0, 20.0, 20.0, 20.0, 20.0, 20.0, 20.0, 20.0, 20.0, 20.0, 20.0, 20.0, 20.0, 20.0, 20.0, 20.0, 20.0]",0.011442749761044979,0.005637418944388628,0.0403,-0.0367,0.0418,0.0317,-0.0273,-0.0009,-0.0051,-9.8116,16.2,,100.0,,,,-0.161,0.9603,0.9737,279.52,15.0,1.225,0.0068,146.52,0.0,1,0.0,0.192,0,3,10,0.7,0.22,0,0.0,0,0
1790659239.5782514,47.397971,8.5461638,0.0,-0.004624826833605766,0.007137670647352934,-0.008544309064745903,96.53,-0.09211597929920431,0.8047450815989797,0.0,96.52999999999997,20.0,20.0,0.0,0.0,-0.7224810846657479,-0.006970579981487446,14.0,0.0,0.0,"[20.0, 20.0, 20.0, 20.0, 20.0, 20.0, 20.0, 20.0, 20.0, 20.0, 20.0, 20.0, 20.0, 20.0, 20.0, 20.0, 20.0, 20.0, 20.0, 20.0, 20.0, 20.0, 20.0, 20.0, 20.0, 20.0, 20.0, 20.0, 20.0, 20.0, 20.0, 20.0, 20.0, 20.0, 20.0, 20.0, 20.0, 20.0, 20.0, 20.0, 20.0, 20.0, 20.0, 20.0, 20.0, 20.0, 20.0, 20.0, 20.0, 20.0, 20.0, 20.0, 20.0, 20.0, 20.0, 20.0, 20.0, 20.0, 20.0, 20.0, 20.0, 20.0, 20.0, 20.0, 20.0, 20.0, 20.0, 20.0, 20.0, 20.0, 20.0, 20.0]",0.01664871908724308,0.005820647347718477,0.0363,-0.042,-0.0309,-0.0353,-0.0654,-0.0055,-0.0125,-9.8088,16.2,,100.0,,,,-0.0283,1.0144,1.0148,271.6,15.0,1.225,0.0085,122.94,0.0,1,0.0,0.197,0,3,10,0.7,0.222,0,0.0,0,0
1790659239.778361,47.397971,8.5461638,0.0010000000474974513,-0.0034942415077239275,0.00535705778747797,-0.009057620540261269,96.53,-0.09211597929920431,0.8047450815989797,0.0,96.52999999999997,20.0,20.0,-0.0,0.0,-0.546651886343218,0.006174324772141996,14.0,0.0,0.0,"[20.0, 20.0, 20.0, 20.0, 20.0, 20.0, 20.0, 20.0, 20.0, 20.0, 20.0, 20.0, 20.0, 20.0, 20.0, 20.0, 20.0, 20.0, 20.0, 20.0, 20.0, 20.0, 20.0, 20.0, 20.0, 20.0, 20.0, 20.0, 20.0, 20.0, 20.0, 20.0, 20.0, 20.0, 20.0, 20.0, 20.0, 20.0, 20.0, 20.0, 20.0, 20.0, 20.0, 20.0, 20.0, 20.0, 20.0, 20.0, 20.0, 20.0, 20.0, 20.0, 20.0, 20.0, 20.0, 20.0, 20.0, 20.0, 20.0, 20.0, 20.0, 20.0, 20.0, 20.0, 20.0, 20.0, 20.0, 20.0, 20.0, 20.0, 20.0, 20.0]",0.015245008282363415,0.0073928916826844215,0.0362,-0.0311,-0.0248,0.029,-0.0555,-0.0019,-0.0048,-9.8044,16.2,,100.0,,,,-0.1063,0.9163,0.9224,276.62,15.0,1.225,0.0064,123.12,0.0,1,0.0,0.199,0,3,10,0.7,0.258,0,0.0,0,0
1790659239.9790993,47.3979711,8.5461638,0.003000000026077032,-0.0013253965880721807,0.0017627945635467768,-0.009198813699185848,96.53,-0.09211597929920431,0.8047450815989797,0.0,96.52999999999997,20.0,20.0,-0.0,0.0,-0.21320176058860218,0.002200725315643083,14.0,0.0,0.0,"[20.0, 20.0, 20.0, 20.0, 20.0, 20.0, 20.0, 20.0, 20.0, 20.0, 20.0, 20.0, 20.0, 20.0, 20.0, 20.0, 20.0, 20.0, 20.0, 20.0, 20.0, 20.0, 20.0, 20.0, 20.0, 20.0, 20.0, 20.0, 20.0, 20.0, 20.0, 20.0, 20.0, 20.0, 20.0, 20.0, 20.0, 20.0, 20.0, 20.0, 20.0, 20.0, 20.0, 20.0, 20.0, 20.0, 20.0, 20.0, 20.0, 20.0, 20.0, 20.0, 20.0, 20.0, 20.0, 20.0, 20.0, 20.0, 20.0, 20.0, 20.0, 20.0, 20.0, 20.0, 20.0, 20.0, 20.0, 20.0, 20.0, 20.0, 20.0, 20.0]",0.011623559519648552,0.010507775470614433,0.0321,-0.0204,-0.0219,0.0173,0.0139,-0.0093,-0.0126,-9.801,16.2,,100.0,,,,-0.0601,0.9087,0.9107,273.78,15.0,1.225,0.0022,126.94,0.0,1,0.0,0.204,0,3,10,0.7,0.242,0,0.0,0,0
1790659240.1795235,47.3979711,8.5461637,0.004000000189989805,0.002533677499741316,-0.0023157570976763964,-0.009006422013044357,96.53,-0.09211597929920431,0.8047450815989797,0.0,96.52999999999997,20.0,20.0,-0.0,0.0,0.4304520919943505,-0.003432009685863477,14.0,0.0,0.0,"[20.0, 20.0, 20.0, 20.0, 20.0, 20.0, 20.0, 20.0, 20.0, 20.0, 20.0, 20.0, 20.0, 20.0, 20.0, 20.0, 20.0, 20.0, 20.0, 20.0, 20.0, 20.0, 20.0, 20.0, 20.0, 20.0, 20.0, 20.0, 20.0, 20.0, 20.0, 20.0, 20.0, 20.0, 20.0, 20.0, 20.0, 20.0, 20.0, 20.0, 20.0, 20.0, 20.0, 20.0, 20.0, 20.0, 20.0, 20.0, 20.0, 20.0, 20.0, 20.0, 20.0, 20.0, 20.0, 20.0, 20.0, 20.0, 20.0, 20.0, 20.0, 20.0, 20.0, 20.0, 20.0, 20.0, 20.0, 20.0, 20.0, 20.0, 20.0, 20.0]",0.006725630257278681,0.01605738326907158,0.0261,-0.0112,-0.0116,-0.0105,0.0148,-0.0038,-0.0046,-9.8084,16.2,,100.0,,,,-0.0142,0.9593,0.9594,270.85,15.0,1.225,0.0034,317.57,0.0,1,0.0,0.211,0,3,10,0.7,0.237,0,0.0,0,0
1790659240.380505,47.3979712,8.5461636,0.005000000353902578,0.007374139968305826,-0.0058195702731609344,-0.009023291990160942,96.53,-0.09211597929920431,0.8047450815989797,0.0,96.52999999999997,20.0,20.0,-0.0,0.0,1.2726122867413765,-0.009373556218741756,14.0,0.0,0.0,"[20.0, 20.0, 20.0, 20.0, 20.0, 20.0, 20.0, 20.0, 20.0, 20.0, 20.0, 20.0, 20.0, 20.0, 20.0, 20.0, 20.0, 20.0, 20.0, 20.0, 20.0, 20.0, 20.0, 20.0, 20.0, 20.0, 20.0, 20.0, 20.0, 20.0, 20.0, 20.0, 20.0, 20.0, 20.0, 20.0, 20.0, 20.0, 20.0, 20.0, 20.0, 20.0, 20.0, 20.0, 20.0, 20.0, 20.0, 20.0, 20.0, 20.0, 20.0, 20.0, 20.0, 20.0, 20.0, 20.0, 20.0, 20.0, 20.0, 20.0, 20.0, 20.0, 20.0, 20.0, 20.0, 20.0, 20.0, 20.0, 20.0, 20.0, 20.0, 20.0]",0.0015948801301419735,0.023520255461335182,0.0171,-0.0037,0.0016,-0.0167,-0.0087,-0.0036,-0.01,-9.804,16.2,,100.0,,,,-0.1565,1.1373,1.148,277.83,15.0,1.225,0.0094,321.72,0.0,1,0.0,0.22,0,3,10,0.7,0.235,0,0.0,0,0
1790659240.580965,47.3979712,8.5461636,0.004000000189989805,0.010499280877411366,-0.008168771862983704,-0.007974955253303051,96.52,-0.0919755233837792,0.8047611466132544,0.0,96.51999999999998,20.0,20.0,-0.0,0.0,1.8144872096238334,-0.013294616347562963,14.0,0.0,0.0,"[20.0, 20.0, 20.0, 20.0, 20.0, 20.0, 20.0, 20.0, 20.0, 20.0, 20.0, 20.0, 20.0, 20.0, 20.0, 20.0, 20.0, 20.0, 20.0, 20.0, 20.0, 20.0, 20.0, 20.0, 20.0, 20.0, 20.0, 20.0, 20.0, 20.0, 20.0, 20.0, 20.0, 20.0, 20.0, 20.0, 20.0, 20.0, 20.0, 20.0, 20.0, 20.0, 20.0, 20.0, 20.0, 20.0, 20.0, 20.0, 20.0, 20.0, 20.0, 20.0, 20.0, 20.0, 20.0, 20.0, 20.0, 20.0, 20.0, 20.0, 20.0, 20.0, 20.0, 20.0, 20.0, 20.0, 20.0, 20.0, 20.0, 20.0, 20.0, 20.0]",-0.002815941581502557,0.028797335922718048,0.0122,-0.0022,-0.0092,0.0295,0.029,-0.0006,-0.0061,-9.8192,16.2,,100.0,,,,-0.0216,1.1584,1.1586,271.07,15.0,1.225,0.0133,322.12,0.0,1,0.0,0.227,0,3,10,0.7,0.179,0,0.0,0,0
1790659240.7814362,47.3979712,8.5461635,0.0,0.011149803176522255,-0.009818898513913155,-0.006457643583416939,96.52,-0.0919755233837792,0.8047611466132544,0.0,96.51999999999998,20.0,20.0,-0.0,0.0,1.9020466763239297,-0.01300853586960887,14.0,0.0,0.0,"[20.0, 20.0, 20.0, 20.0, 20.0, 20.0, 20.0, 20.0, 20.0, 20.0, 20.0, 20.0, 20.0, 20.0, 20.0, 20.0, 20.0, 20.0, 20.0, 20.0, 20.0, 20.0, 20.0, 20.0, 20.0, 20.0, 20.0, 20.0, 20.0, 20.0, 20.0, 20.0, 20.0, 20.0, 20.0, 20.0, 20.0, 20.0, 20.0, 20.0, 20.0, 20.0, 20.0, 20.0, 20.0, 20.0, 20.0, 20.0, 20.0, 20.0, 20.0, 20.0, 20.0, 20.0, 20.0, 20.0, 20.0, 20.0, 20.0, 20.0, 20.0, 20.0, 20.0, 20.0, 20.0, 20.0, 20.0, 20.0, 20.0, 20.0, 20.0, 20.0]",-0.0070651532150805,0.030322637408971786,0.0128,0.0003,-0.0177,0.0056,0.0141,0.0009,-0.0026,-9.8012,16.2,,100.0,,,,-0.0963,0.9915,0.9961,275.55,15.0,1.225,0.0149,318.63,0.0,1,0.0,0.232,0,3,10,0.7,0.15,0,0.0,0,0
1790659240.9823818,47.3979712,8.5461635,-0.0020000000949949026,0.009304782375693321,-0.010268534533679485,-0.005475063808262348,96.52,-0.0919755233837792,0.8047611466132544,0.0,96.51999999999998,20.0,20.0,0.0,0.0,1.5425279301709778,-0.0018688807631652652,14.0,0.0,0.0,"[20.0, 20.0, 20.0, 20.0, 20.0, 20.0, 20.0, 20.0, 20.0, 20.0, 20.0, 20.0, 20.0, 20.0, 20.0, 20.0, 20.0, 20.0, 20.0, 20.0, 20.0, 20.0, 20.0, 20.0, 20.0, 20.0, 20.0, 20.0, 20.0, 20.0, 20.0, 20.0, 20.0, 20.0, 20.0, 20.0, 20.0, 20.0, 20.0, 20.0, 20.0, 20.0, 20.0, 20.0, 20.0, 20.0, 20.0, 20.0, 20.0, 20.0, 20.0, 20.0, 20.0, 20.0, 20.0, 20.0, 20.0, 20.0, 20.0, 20.0, 20.0, 20.0, 20.0, 20.0, 20.0, 20.0, 20.0, 20.0, 20.0, 20.0, 20.0, 20.0]",-0.009721902199089527,0.02808798849582672,0.0205,0.0006,0.0217,0.0648,-0.0372,0.001,-0.0089,-9.8105,16.2,,100.0,,,,0.0431,1.0217,1.0226,267.58,15.0,1.225,0.0139,312.18,0.0,1,0.0,0.235,0,3,10,0.7,0.175,0,0.0,0,0
1790659241.1827936,47.3979712,8.5461635,-0.006000000052154064,0.006103075109422207,-0.008021303452551365,-0.004552560858428478,96.53,-0.09211597929920431,0.8047450815989797,0.0,96.52999999999997,20.0,20.0,0.0,0.0,0.9837236055309073,0.006592409370158101,14.0,0.0,0.0,"[20.0, 20.0, 20.0, 20.0, 20.0, 20.0, 20.0, 20.0, 20.0, 20.0, 20.0, 20.0, 20.0, 20.0, 20.0, 20.0, 20.0, 20.0, 20.0, 20.0, 20.0, 20.0, 20.0, 20.0, 20.0, 20.0, 20.0, 20.0, 20.0, 20.0, 20.0, 20.0, 20.0, 20.0, 20.0, 20.0, 20.0, 20.0, 20.0, 20.0, 20.0, 20.0, 20.0, 20.0, 20.0, 20.0, 20.0, 20.0, 20.0, 20.0, 20.0, 20.0, 20.0, 20.0, 20.0, 20.0, 20.0, 20.0, 20.0, 20.0, 20.0, 20.0, 20.0, 20.0, 20.0, 20.0, 20.0, 20.0, 20.0, 20.0, 20.0, 20.0]",-0.009384623728692532,0.022701341658830643,0.023,-0.006,-0.0143,0.0196,0.0342,0.0004,-0.0046,-9.8055,16.2,,100.0,,,,-0.1217,0.9827,0.9902,277.06,15.0,1.225,0.0101,307.27,0.0,1,0.0,0.241,0,3,10,0.7,0.156,0,0.0,0,0
1790659241.383906,47.3979711,8.5461635,-0.01100000087171793,0.0039282324723899364,-0.0053403619676828384,-0.0035847541876137257,96.53,-0.09211597929920431,0.8047450815989797,0.0,96.52999999999997,20.0,20.0,0.0,0.0,0.6293542274924717,0.005102091487245886,14.0,0.0,0.0,"[20.0, 20.0, 20.0, 20.0, 20.0, 20.0, 20.0, 20.0, 20.0, 20.0, 20.0, 20.0, 20.0, 20.0, 20.0, 20.0, 20.0, 20.0, 20.0, 20.0, 20.0, 20.0, 20.0, 20.0, 20.0, 20.0, 20.0, 20.0, 20.0, 20.0, 20.0, 20.0, 20.0, 20.0, 20.0, 20.0, 20.0, 20.0, 20.0, 20.0, 20.0, 20.0, 20.0, 20.0, 20.0, 20.0, 20.0, 20.0, 20.0, 20.0, 20.0, 20.0, 20.0, 20.0, 20.0, 20.0, 20.0, 20.0, 20.0, 20.0, 20.0, 20.0, 20.0, 20.0, 20.0, 20.0, 20.0, 20.0, 20.0, 20.0, 20.0, 20.0]",-0.008046367205679417,0.01732628047466278,0.0287,-0.0176,0.0458,-0.0489,0.0219,0.0055,-0.0156,-9.8196,16.2,,100.0,,,,-0.2137,1.0679,1.0891,281.31,15.0,1.225,0.0066,306.34,0.0,1,0.0,0.246,0,3,10,0.7,0.2,0,0.0,0,0
1790659241.5846465,47.3979711,8.5461635,-0.012000000104308128,0.00338302762247622,-0.0048963455483317375,-0.0036274236626923084,96.53,-0.09211597929920431,0.8047450815989797,0.0,96.52999999999997,20.0,20.0,0.0,0.0,0.535556860262418,0.0036435892200560784,14.0,0.0,0.0,"[20.0, 20.0, 20.0, 20.0, 20.0, 20.0, 20.0, 20.0, 20.0, 20.0, 20.0, 20.0, 20.0, 20.0, 20.0, 20.0, 20.0, 20.0, 20.0, 20.0, 20.0, 20.0, 20.0, 20.0, 20.0, 20.0, 20.0, 20.0, 20.0, 20.0, 20.0, 20.0, 20.0, 20.0, 20.0, 20.0, 20.0, 20.0, 20.0, 20.0, 20.0, 20.0, 20.0, 20.0, 20.0, 20.0, 20.0, 20.0, 20.0, 20.0, 20.0, 20.0, 20.0, 20.0, 20.0, 20.0, 20.0, 20.0, 20.0, 20.0, 20.0, 20.0, 20.0, 20.0, 20.0, 20.0, 20.0, 20.0, 20.0, 20.0, 20.0, 20.0]",-0.007859312929213047,0.013882228173315525,0.0288,-0.0174,0.0014,-0.0289,0.0048,-0.0051,-0.004,-9.8129,16.2,,100.0,,,,-0.2067,0.9961,1.0173,281.72,15.0,1.225,0.006,304.64,0.0,1,0.0,0.25,0,3,10,0.7,0.201,0,0.0,0,0
1790659241.7855747,47.3979711,8.5461635,-0.01100000087171793,0.0020679153967648745,-0.0038864859379827976,-0.004633457865566015,96.53,-0.09211597929920431,0.8047450815989797,0.0,96.52999999999997,20.0,20.0,0.0,0.0,0.3079647460587211,0.0028179102266944877,14.0,0.0,0.0,"[20.0, 20.0, 20.0, 20.0, 20.0, 20.0, 20.0, 20.0, 20.0, 20.0, 20.0, 20.0, 20.0, 20.0, 20.0, 20.0, 20.0, 20.0, 20.0, 20.0, 20.0, 20.0, 20.0, 20.0, 20.0, 20.0, 20.0, 20.0, 20.0, 20.0, 20.0, 20.0, 20.0, 20.0, 20.0, 20.0, 20.0, 20.0, 20.0, 20.0, 20.0, 20.0, 20.0, 20.0, 20.0, 20.0, 20.0, 20.0, 20.0, 20.0, 20.0, 20.0, 20.0, 20.0, 20.0, 20.0, 20.0, 20.0, 20.0, 20.0, 20.0, 20.0, 20.0, 20.0, 20.0, 20.0, 20.0, 20.0, 20.0, 20.0, 20.0, 20.0]",-0.007044491823762655,0.009975692257285118,0.0295,-0.0181,-0.0077,0.0029,0.0778,-0.0052,-0.0155,-9.8077,16.2,,100.0,,,,-0.2685,0.9773,1.0135,285.36,15.0,1.225,0.0044,298.02,0.0,1,0.0,0.254,0,3,10,0.7,0.23,0,0.0,0,0
1790659241.9860303,47.397971,8.5461635,-0.006000000052154064,0.0004340423329267651,-0.001733505050651729,-0.0072076451033353806,96.53,-0.09211597929920431,0.8047450815989797,0.0,96.52999999999997,20.0,20.0,0.0,0.0,0.04470718439690681,0.0013267903550232768,14.0,0.0,0.0,"[20.0, 20.0, 20.0, 20.0, 20.0, 20.0, 20.0, 20.0, 20.0, 20.0, 20.0, 20.0, 20.0, 20.0, 20.0, 20.0, 20.0, 20.0, 20.0, 20.0, 20.0, 20.0, 20.0, 20.0, 20.0, 20.0, 20.0, 20.0, 20.0, 20.0, 20.0, 20.0, 20.0, 20.0, 20.0, 20.0, 20.0, 20.0, 20.0, 20.0, 20.0, 20.0, 20.0, 20.0, 20.0, 20.0, 20.0, 20.0, 20.0, 20.0, 20.0, 20.0, 20.0, 20.0, 20.0, 20.0, 20.0, 20.0, 20.0, 20.0, 20.0, 20.0, 20.0, 20.0, 20.0, 20.0, 20.0, 20.0, 20.0, 20.0, 20.0, 20.0]",-0.004298168700188398,0.005886340979486704,0.0343,-0.023,0.0568,0.0219,-0.014,0.0003,-0.0105,-9.8028,16.2,,100.0,,,,-0.2812,1.0784,1.1145,284.61,15.0,1.225,0.0018,284.06,0.0,1,0.0,0.259,0,3,10,0.7,0.251,0,0.0,0,0
1790659242.1870403,47.397971,8.5461636,-0.0010000000474974513,-0.0017490978352725506,0.001600954681634903,-0.009524112567305565,96.54,-0.09225643240861624,0.8047289920707682,0.0,96.54000000000002,20.0,20.0,0.0,0.0,-0.2970515209723882,-0.0023693617947009287,14.0,0.0,0.0,"[20.0, 20.0, 20.0, 20.0, 20.0, 20.0, 20.0, 20.0, 20.0, 20.0, 20.0, 20.0, 20.0, 20.0, 20.0, 20.0, 20.0, 20.0, 20.0, 20.0, 20.0, 20.0, 20.0, 20.0, 20.0, 20.0, 20.0, 20.0, 20.0, 20.0, 20.0, 20.0, 20.0, 20.0, 20.0, 20.0, 20.0, 20.0, 20.0, 20.0, 20.0, 20.0, 20.0, 20.0, 20.0, 20.0, 20.0, 20.0, 20.0, 20.0, 20.0, 20.0, 20.0, 20.0, 20.0, 20.0, 20.0, 20.0, 20.0, 20.0, 20.0, 20.0, 20.0, 20.0, 20.0, 20.0, 20.0, 20.0, 20.0, 20.0, 20.0, 20.0]",-0.0009551219991408288,0.0019354884279891849,0.0377,-0.0298,0.0074,0.0046,-0.0263,-0.0019,-0.0086,-9.8116,16.2,,100.0,,,,-0.338,1.1382,1.1874,286.54,15.0,1.225,0.0024,137.53,0.0,1,0.0,0.264,0,3,10,0.7,0.214,0,0.0,0,0
1790659242.3874702,47.397971,8.5461636,0.0010000000474974513,-0.0036590732634067535,0.0033759139478206635,-0.0109341349452734,96.54,-0.09225643240861624,0.8047289920707682,0.0,96.54000000000002,20.0,20.0,0.0,0.0,-0.620824413681285,-0.004772464410159931,14.0,0.0,0.0,"[20.0, 20.0, 20.0, 20.0, 20.0, 20.0, 20.0, 20.0, 20.0, 20.0, 20.0, 20.0, 20.0, 20.0, 20.0, 20.0, 20.0, 20.0, 20.0, 20.0, 20.0, 20.0, 20.0, 20.0, 20.0, 20.0, 20.0, 20.0, 20.0, 20.0, 20.0, 20.0, 20.0, 20.0, 20.0, 20.0, 20.0, 20.0, 20.0, 20.0, 20.0, 20.0, 20.0, 20.0, 20.0, 20.0, 20.0, 20.0, 20.0, 20.0, 20.0, 20.0, 20.0, 20.0, 20.0, 20.0, 20.0, 20.0, 20.0, 20.0, 20.0, 20.0, 20.0, 20.0, 20.0, 20.0, 20.0, 20.0, 20.0, 20.0, 20.0, 20.0]",0.0011333576403558254,-0.0023176230024546385,0.0406,-0.0296,-0.015,0.0605,0.0014,-0.0078,-0.0079,-9.811,16.2,,100.0,,,,-0.4435,1.1687,1.25,290.78,15.0,1.225,0.005,137.3,0.0,1,0.0,0.268,0,3,10,0.7,0.242,0,0.0,0,0
1790659242.5882266,47.3979709,8.5461636,0.004000000189989805,-0.006534269545227289,0.0031108183320611715,-0.011455227620899677,96.54,-0.09225643240861624,0.8047289920707682,0.0,96.54000000000002,20.0,20.0,0.0,0.0,-1.172000439605866,-0.0060928027586058895,14.0,0.0,0.0,"[20.0, 20.0, 20.0, 20.0, 20.0, 20.0, 20.0, 20.0, 20.0, 20.0, 20.0, 20.0, 20.0, 20.0, 20.0, 20.0, 20.0, 20.0, 20.0, 20.0, 20.0, 20.0, 20.0, 20.0, 20.0, 20.0, 20.0, 20.0, 20.0, 20.0, 20.0, 20.0, 20.0, 20.0, 20.0, 20.0, 20.0, 20.0, 20.0, 20.0, 20.0, 20.0, 20.0, 20.0, 20.0, 20.0, 20.0, 20.0, 20.0, 20.0, 20.0, 20.0, 20.0, 20.0, 20.0, 20.0, 20.0, 20.0, 20.0, 20.0, 20.0, 20.0, 20.0, 20.0, 20.0, 20.0, 20.0, 20.0, 20.0, 20.0, 20.0, 20.0]",0.0004768674261868,-0.007513708900660276,0.0444,-0.0287,0.0422,-0.0037,-0.011,-0.0006,-0.0036,-9.8044,16.2,,100.0,,,,-0.37,1.1751,1.2319,287.48,15.0,1.225,0.0072,154.54,0.0,1,0.0,0.274,0,3,10,0.7,0.237,0,0.0,0,0
1790659242.7887993,47.3979709,8.5461636,0.003000000026077032,-0.008132578805088997,0.0020148486364632845,-0.010906130075454712,96.54,-0.09225643240861624,0.8047289920707682,0.0,96.54000000000002,20.0,20.0,0.0,0.0,-1.4989303290500595,-0.005587269196806378,14.0,0.0,0.0,"[20.0, 20.0, 20.0, 20.0, 20.0, 20.0, 20.0, 20.0, 20.0, 20.0, 20.0, 20.0, 20.0, 20.0, 20.0, 20.0, 20.0, 20.0, 20.0, 20.0, 20.0, 20.0, 20.0, 20.0, 20.0, 20.0, 20.0, 20.0, 20.0, 20.0, 20.0, 20.0, 20.0, 20.0, 20.0, 20.0, 20.0, 20.0, 20.0, 20.0, 20.0, 20.0, 20.0, 20.0, 20.0, 20.0, 20.0, 20.0, 20.0, 20.0, 20.0, 20.0, 20.0, 20.0, 20.0, 20.0, 20.0, 20.0, 20.0, 20.0, 20.0, 20.0, 20.0, 20.0, 20.0, 20.0, 20.0, 20.0, 20.0, 20.0, 20.0, 20.0]",-0.0020758097525686026,-0.01126143615692854,0.0469,-0.0227,-0.0076,0.0308,0.0016,-0.0044,-0.001,-9.8031,16.2,,100.0,,,,-0.38,1.1511,1.2121,288.27,15.0,1.225,0.0084,166.09,0.0,1,0.0,0.278,0,3,10,0.7,0.216,0,0.0,0,0
1790659242.989852,47.3979709,8.5461635,0.0020000000949949026,-0.00769058195874095,-0.0012675209436565638,-0.009801026433706284,96.54,-0.09225643240861624,0.8047289920707682,0.0,96.54000000000002,20.0,20.0,0.0,0.0,-1.4864733084676347,-0.0023656244497612506,14.0,0.0,0.0,"[20.0, 20.0, 20.0, 20.0, 20.0, 20.0, 20.0, 20.0, 20.0, 20.0, 20.0, 20.0, 20.0, 20.0, 20.0, 20.0, 20.0, 20.0, 20.0, 20.0, 20.0, 20.0, 20.0, 20.0, 20.0, 20.0, 20.0, 20.0, 20.0, 20.0, 20.0, 20.0, 20.0, 20.0, 20.0, 20.0, 20.0, 20.0, 20.0, 20.0, 20.0, 20.0, 20.0, 20.0, 20.0, 20.0, 20.0, 20.0, 20.0, 20.0, 20.0, 20.0, 20.0, 20.0, 20.0, 20.0, 20.0, 20.0, 20.0, 20.0, 20.0, 20.0, 20.0, 20.0, 20.0, 20.0, 20.0, 20.0, 20.0, 20.0, 20.0, 20.0]",-0.006418723613023758,-0.011895713396370411,0.0446,-0.0159,-0.0098,0.0044,0.0289,-0.0056,-0.0063,-9.8026,16.2,,100.0,,,,-0.4088,1.1928,1.2609,288.92,15.0,1.225,0.0078,189.36,0.0,1,0.0,0.283,0,3,10,0.7,0.237,0,0.0,0,0
1790659243.189864,47.3979709,8.5461634,0.0,-0.005681905429810286,-0.003945519216358662,-0.008921507745981216,96.53,-0.09211597929920431,0.8047450815989797,0.0,96.52999999999997,20.0,20.0,-0.0,0.0,-1.1636589222423166,-0.0013276468430838194,14.0,0.0,0.0,"[20.0, 20.0, 20.0, 20.0, 20.0, 20.0, 20.0, 20.0, 20.0, 20.0, 20.0, 20.0, 20.0, 20.0, 20.0, 20.0, 20.0, 20.0, 20.0, 20.0, 20.0, 20.0, 20.0, 20.0, 20.0, 20.0, 20.0, 20.0, 20.0, 20.0, 20.0, 20.0, 20.0, 20.0, 20.0, 20.0, 20.0, 20.0, 20.0, 20.0, 20.0, 20.0, 20.0, 20.0, 20.0, 20.0, 20.0, 20.0, 20.0, 20.0, 20.0, 20.0, 20.0, 20.0, 20.0, 20.0, 20.0, 20.0, 20.0, 20.0, 20.0, 20.0, 20.0, 20.0, 20.0, 20.0, 20.0, 20.0, 20.0, 20.0, 20.0, 20.0]",-0.011161643080413342,-0.009812643751502037,0.0393,-0.0096,-0.0034,0.0002,0.0234,-0.0029,-0.0042,-9.8096,16.2,,100.0,,,,-0.3389,1.1059,1.1566,287.04,15.0,1.225,0.0069,214.78,0.0,1,0.0,0.288,0,3,10,0.7,0.228,0,0.0,0,0
1790659243.3904312,47.3979709,8.5461634,-0.0010000000474974513,-0.002427307888865471,-0.0047832452692091465,-0.00792241096496582,96.54,-0.09225643240861624,0.8047289920707682,0.0,96.54000000000002,20.0,20.0,-0.0,0.0,-0.5645951264257195,-0.0006768161282127297,14.0,0.0,0.0,"[20.0, 20.0, 20.0, 20.0, 20.0, 20.0, 20.0, 20.0, 20.0, 20.0, 20.0, 20.0, 20.0, 20.0, 20.0, 20.0, 20.0, 20.0, 20.0, 20.0, 20.0, 20.0, 20.0, 20.0, 20.0, 20.0, 20.0, 20.0, 20.0, 20.0, 20.0, 20.0, 20.0, 20.0, 20.0, 20.0, 20.0, 20.0, 20.0, 20.0, 20.0, 20.0, 20.0, 20.0, 20.0, 20.0, 20.0, 20.0, 20.0, 20.0, 20.0, 20.0, 20.0, 20.0, 20.0, 20.0, 20.0, 20.0, 20.0, 20.0, 20.0, 20.0, 20.0, 20.0, 20.0, 20.0, 20.0, 20.0, 20.0, 20.0, 20.0, 20.0]",-0.013551237992942333,-0.00629050238057971,0.0334,-0.0071,-0.0538,-0.0098,-0.0631,-0.0081,-0.0136,-9.8107,16.2,,100.0,,,,-0.2838,1.0925,1.1288,284.56,15.0,1.225,0.0054,243.09,0.0,1,0.0,0.292,0,3,10,0.7,0.23,0,0.0,0,0
1790659243.5902574,47.3979709,8.5461634,-0.004000000189989805,-0.00019265554146841168,-0.005387027282267809,-0.006375144701451063,96.54,-0.09225643240861624,0.8047289920707682,0.0,96.54000000000002,20.0,20.0,-0.0,0.0,-0.15373703844729492,-0.002542405439658937,14.0,0.0,0.0,"[20.0, 20.0, 20.0, 20.0, 20.0, 20.0, 20.0, 20.0, 20.0, 20.0, 20.0, 20.0, 20.0, 20.0, 20.0, 20.0, 20.0, 20.0, 20.0, 20.0, 20.0, 20.0, 20.0, 20.0, 20.0, 20.0, 20.0, 20.0, 20.0, 20.0, 20.0, 20.0, 20.0, 20.0, 20.0, 20.0, 20.0, 20.0, 20.0, 20.0, 20.0, 20.0, 20.0, 20.0, 20.0, 20.0, 20.0, 20.0, 20.0, 20.0, 20.0, 20.0, 20.0, 20.0, 20.0, 20.0, 20.0, 20.0, 20.0, 20.0, 20.0, 20.0, 20.0, 20.0, 20.0, 20.0, 20.0, 20.0, 20.0, 20.0, 20.0, 20.0]",-0.015205074101686478,-0.003447731491178274,0.031,-0.0071,0.0252,-0.0069,-0.0056,-0.0081,-0.0061,-9.8055,16.2,,100.0,,,,-0.3111,1.0483,1.0935,286.53,15.0,1.225,0.0054,267.95,0.0,1,0.0,0.295,0,3,10,0.7,0.21,0,0.0,0,0
1790659243.7915695,47.397971,8.5461634,-0.00800000037997961,0.0023324217181652784,-0.0055465386249125,-0.00515090674161911,96.53,-0.09211597929920431,0.8047450815989797,0.0,96.52999999999997,20.0,20.0,-0.0,0.0,0.32209793366906114,-0.0033300088909149466,14.0,0.0,0.0,"[20.0, 20.0, 20.0, 20.0, 20.0, 20.0, 20.0, 20.0, 20.0, 20.0, 20.0, 20.0, 20.0, 20.0, 20.0, 20.0, 20.0, 20.0, 20.0, 20.0, 20.0, 20.0, 20.0, 20.0, 20.0, 20.0, 20.0, 20.0, 20.0, 20.0, 20.0, 20.0, 20.0, 20.0, 20.0, 20.0, 20.0, 20.0, 20.0, 20.0, 20.0, 20.0, 20.0, 20.0, 20.0, 20.0, 20.0, 20.0, 20.0, 20.0, 20.0, 20.0, 20.0, 20.0, 20.0, 20.0, 20.0, 20.0, 20.0, 20.0, 20.0, 20.0, 20.0, 20.0, 20.0, 20.0, 20.0, 20.0, 20.0, 20.0, 20.0, 20.0]",-0.01591111533343792,0.00025513992295600474,0.0293,-0.0078,0.0433,0.0065,-0.0318,-0.0076,-0.0088,-9.8067,16.2,,100.0,,,,-0.3942,1.0515,1.123,290.55,15.0,1.225,0.006,292.81,0.0,1,0.0,0.299,0,3,10,0.7,0.23,0,0.0,0,0
1790659243.9921546,47.397971,8.5461634,-0.01100000087171793,0.005621678661555052,-0.005689660552889109,-0.003945143893361092,96.53,-0.09211597929920431,0.8047450815989797,0.0,96.52999999999997,20.0,20.0,-0.0,0.0,0.9430339231555029,-0.006318709636766635,14.0,0.0,0.0,"[20.0, 20.0, 20.0, 20.0, 20.0, 20.0, 20.0, 20.0, 20.0, 20.0, 20.0, 20.0, 20.0, 20.0, 20.0, 20.0, 20.0, 20.0, 20.0, 20.0, 20.0, 20.0, 20.0, 20.0, 20.0, 20.0, 20.0, 20.0, 20.0, 20.0, 20.0, 20.0, 20.0, 20.0, 20.0, 20.0, 20.0, 20.0, 20.0, 20.0, 20.0, 20.0, 20.0, 20.0, 20.0, 20.0, 20.0, 20.0, 20.0, 20.0, 20.0, 20.0, 20.0, 20.0, 20.0, 20.0, 20.0, 20.0, 20.0, 20.0, 20.0, 20.0, 20.0, 20.0, 20.0, 20.0, 20.0, 20.0, 20.0, 20.0, 20.0, 20.0]",-0.01653233729302883,0.004955459386110306,0.0234,-0.004,-0.0088,0.1146,-0.0107,-0.0072,-0.0041,-9.8015,16.2,,100.0,,,,-0.2064,1.0098,1.0307,281.55,15.0,1.225,0.008,314.66,0.0,1,0.0,0.304,0,3,10,0.7,0.265,0,0.0,0,0
1790659244.192637,47.3979711,8.5461634,-0.013000000268220901,0.007938853465020657,-0.006700984667986631,-0.0024738595820963383,96.54,-0.09225643240861624,0.8047289920707682,0.0,96.54000000000002,20.0,20.0,-0.0,0.0,1.360322605332672,-0.009532454975330699,14.0,0.0,0.0,"[20.0, 20.0, 20.0, 20.0, 20.0, 20.0, 20.0, 20.0, 20.0, 20.0, 20.0, 20.0, 20.0, 20.0, 20.0, 20.0, 20.0, 20.0, 20.0, 20.0, 20.0, 20.0, 20.0, 20.0, 20.0, 20.0, 20.0, 20.0, 20.0, 20.0, 20.0, 20.0, 20.0, 20.0, 20.0, 20.0, 20.0, 20.0, 20.0, 20.0, 20.0, 20.0, 20.0, 20.0, 20.0, 20.0, 20.0, 20.0, 20.0, 20.0, 20.0, 20.0, 20.0, 20.0, 20.0, 20.0, 20.0, 20.0, 20.0, 20.0, 20.0, 20.0, 20.0, 20.0, 20.0, 20.0, 20.0, 20.0, 20.0, 20.0, 20.0, 20.0]",-0.01776495948433876,0.009053756482899189,0.0215,0.0002,-0.0122,-0.0341,0.0289,-0.003,-0.0046,-9.8069,16.2,,100.0,,,,-0.3482,0.9864,1.0461,289.44,15.0,1.225,0.0104,319.83,0.0,1,0.0,0.308,0,3,10,0.7,0.281,0,0.0,0,0
1790659244.393122,47.3979711,8.5461633,-0.013000000268220901,0.009410552680492401,-0.007656651549041271,-0.0023760967887938023,96.54,-0.09225643240861624,0.8047289920707682,0.0,96.54000000000002,20.0,20.0,-0.0,0.0,1.6186039966407308,-0.011415314862816996,14.0,0.0,0.0,"[20.0, 20.0, 20.0, 20.0, 20.0, 20.0, 20.0, 20.0, 20.0, 20.0, 20.0, 20.0, 20.0, 20.0, 20.0, 20.0, 20.0, 20.0, 20.0, 20.0, 20.0, 20.0, 20.0, 20.0, 20.0, 20.0, 20.0, 20.0, 20.0, 20.0, 20.0, 20.0, 20.0, 20.0, 20.0, 20.0, 20.0, 20.0, 20.0, 20.0, 20.0, 20.0, 20.0, 20.0, 20.0, 20.0, 20.0, 20.0, 20.0, 20.0, 20.0, 20.0, 20.0, 20.0, 20.0, 20.0, 20.0, 20.0, 20.0, 20.0, 20.0, 20.0, 20.0, 20.0, 20.0, 20.0, 20.0, 20.0, 20.0, 20.0, 20.0, 20.0]",-0.018545670434832573,0.011277926154434681,0.0202,0.0013,0.0057,0.0184,-0.0354,0.003,-0.023,-9.8061,16.2,,100.0,,,,-0.2533,0.8876,0.923,285.93,15.0,1.225,0.0121,320.87,0.0,1,0.0,0.31,0,3,10,0.7,0.263,0,0.0,0,0
1790659244.59349,47.3979711,8.5461634,-0.012000000104308128,0.009324409998953342,-0.0072267563082277775,-0.002578559098765254,96.54,-0.09225643240861624,0.8047289920707682,0.0,96.54000000000002,20.0,20.0,0.0,0.0,1.611615951283089,0.002428777089209107,14.0,0.0,0.0,"[20.0, 20.0, 20.0, 20.0, 20.0, 20.0, 20.0, 20.0, 20.0, 20.0, 20.0, 20.0, 20.0, 20.0, 20.0, 20.0, 20.0, 20.0, 20.0, 20.0, 20.0, 20.0, 20.0, 20.0, 20.0, 20.0, 20.0, 20.0, 20.0, 20.0, 20.0, 20.0, 20.0, 20.0, 20.0, 20.0, 20.0, 20.0, 20.0, 20.0, 20.0, 20.0, 20.0, 20.0, 20.0, 20.0, 20.0, 20.0, 20.0, 20.0, 20.0, 20.0, 20.0, 20.0, 20.0, 20.0, 20.0, 20.0, 20.0, 20.0, 20.0, 20.0, 20.0, 20.0, 20.0, 20.0, 20.0, 20.0, 20.0, 20.0, 20.0, 20.0]",-0.017662279307842255,0.011706801131367683,0.0225,-0.0002,0.0599,0.02,0.0128,-0.0028,-0.0027,-9.8054,16.2,,100.0,,,,-0.3804,1.0371,1.1047,290.14,15.0,1.225,0.0118,322.22,0.0,1,0.0,0.311,0,3,10,0.7,0.253,0,0.0,0,0
1790659244.7946043,47.3979711,8.5461634,-0.01100000087171793,0.009249040856957436,-0.005675462540239096,-0.0027554300613701344,96.54,-0.09225643240861624,0.8047289920707682,0.0,96.54000000000002,20.0,20.0,0.0,0.0,1.6310444261490928,0.007794168352535729,14.0,0.0,0.0,"[20.0, 20.0, 20.0, 20.0, 20.0, 20.0, 20.0, 20.0, 20.0, 20.0, 20.0, 20.0, 20.0, 20.0, 20.0, 20.0, 20.0, 20.0, 20.0, 20.0, 20.0, 20.0, 20.0, 20.0, 20.0, 20.0, 20.0, 20.0, 20.0, 20.0, 20.0, 20.0, 20.0, 20.0, 20.0, 20.0, 20.0, 20.0, 20.0, 20.0, 20.0, 20.0, 20.0, 20.0, 20.0, 20.0, 20.0, 20.0, 20.0, 20.0, 20.0, 20.0, 20.0, 20.0, 20.0, 20.0, 20.0, 20.0, 20.0, 20.0, 20.0, 20.0, 20.0, 20.0, 20.0, 20.0, 20.0, 20.0, 20.0, 20.0, 20.0, 20.0]",-0.015085270628333092,0.011046277359127998,0.02,-0.0049,-0.0342,0.0597,0.0313,-0.0079,-0.0088,-9.8179,16.2,,100.0,,,,-0.298,0.9649,1.0099,287.16,15.0,1.225,0.0109,328.47,0.0,1,0.0,0.314,0,3,10,0.7,0.253,0,0.0,0,0
1790659244.995342,47.3979711,8.5461635,-0.01100000087171793,0.010235287249088287,-0.002586768474429846,-0.0027415005024522543,96.54,-0.09225643240861624,0.8047289920707682,0.0,96.54000000000002,20.0,20.0,0.0,0.0,1.8851254985181323,0.0018238512259470575,14.0,0.0,0.0,"[20.0, 20.0, 20.0, 20.0, 20.0, 20.0, 20.0, 20.0, 20.0, 20.0, 20.0, 20.0, 20.0, 20.0, 20.0, 20.0, 20.0, 20.0, 20.0, 20.0, 20.0, 20.0, 20.0, 20.0, 20.0, 20.0, 20.0, 20.0, 20.0, 20.0, 20.0, 20.0, 20.0, 20.0, 20.0, 20.0, 20.0, 20.0, 20.0, 20.0, 20.0, 20.0, 20.0, 20.0, 20.0, 20.0, 20.0, 20.0, 20.0, 20.0, 20.0, 20.0, 20.0, 20.0, 20.0, 20.0, 20.0, 20.0, 20.0, 20.0, 20.0, 20.0, 20.0, 20.0, 20.0, 20.0, 20.0, 20.0, 20.0, 20.0, 20.0, 20.0]",-0.010040964931249619,0.011419808492064476,0.015,-0.0113,-0.0321,-0.0522,-0.0366,-0.0062,-0.0062,-9.8096,16.2,,100.0,,,,-0.2266,1.0462,1.0705,282.22,15.0,1.225,0.0106,345.82,0.0,1,0.0,0.319,0,3,10,0.7,0.245,0,0.0,0,0
1790659245.1965768,47.3979711,8.5461635,-0.009000000543892384,0.012426973320543766,0.0007540281512774527,-0.0030788176227360964,96.55,-0.09239688270773613,0.8047128780291098,0.0,96.55000000000001,20.0,20.0,0.0,0.0,2.372954732428218,-0.005680269724328875,14.0,0.0,0.0,"[20.0, 20.0, 20.0, 20.0, 20.0, 20.0, 20.0, 20.0, 20.0, 20.0, 20.0, 20.0, 20.0, 20.0, 20.0, 20.0, 20.0, 20.0, 20.0, 20.0, 20.0, 20.0, 20.0, 20.0, 20.0, 20.0, 20.0, 20.0, 20.0, 20.0, 20.0, 20.0, 20.0, 20.0, 20.0, 20.0, 20.0, 20.0, 20.0, 20.0, 20.0, 20.0, 20.0, 20.0, 20.0, 20.0, 20.0, 20.0, 20.0, 20.0, 20.0, 20.0, 20.0, 20.0, 20.0, 20.0, 20.0, 20.0, 20.0, 20.0, 20.0, 20.0, 20.0, 20.0, 20.0, 20.0, 20.0, 20.0, 20.0, 20.0, 20.0, 20.0]",-0.00438487995415926,0.013899514451622963,0.0102,-0.0183,-0.0021,-0.0178,0.0405,-0.0028,-0.0123,-9.8089,16.2,,100.0,,,,-0.245,1.1307,1.157,282.23,15.0,1.225,0.0124,3.47,0.0,1,0.0,0.325,0,3,10,0.7,0.268,0,0.0,0,0
1790659245.3968105,47.3979711,8.5461636,-0.007000000216066837,0.014659963548183441,0.003159871557727456,-0.003960832022130489,96.55,-0.09239688270773613,0.8047128780291098,0.0,96.55000000000001,20.0,20.0,0.0,0.0,2.8480636069895575,-0.01045763317351625,14.0,0.0,0.0,"[20.0, 20.0, 20.0, 20.0, 20.0, 20.0, 20.0, 20.0, 20.0, 20.0, 20.0, 20.0, 20.0, 20.0, 20.0, 20.0, 20.0, 20.0, 20.0, 20.0, 20.0, 20.0, 20.0, 20.0, 20.0, 20.0, 20.0, 20.0, 20.0, 20.0, 20.0, 20.0, 20.0, 20.0, 20.0, 20.0, 20.0, 20.0, 20.0, 20.0, 20.0, 20.0, 20.0, 20.0, 20.0, 20.0, 20.0, 20.0, 20.0, 20.0, 20.0, 20.0, 20.0, 20.0, 20.0, 20.0, 20.0, 20.0, 20.0, 20.0, 20.0, 20.0, 20.0, 20.0, 20.0, 20.0, 20.0, 20.0, 20.0, 20.0, 20.0, 20.0]",-3.641964212874882e-05,0.016621973365545273,0.0068,-0.0203,-0.0616,-0.0209,-0.0341,0.003,-0.0042,-9.8109,16.2,,100.0,,,,-0.2125,1.0892,1.1098,281.04,15.0,1.225,0.015,12.16,0.0,1,0.0,0.331,0,3,10,0.7,0.253,0,0.0,0,0
1790659245.597614,47.3979711,8.5461637,-0.004000000189989805,0.014387848787009716,0.004769712686538696,-0.005372005049139261,96.56,-0.09253733019228604,0.8046967394744954,0.0,96.56,20.0,20.0,0.0,0.0,2.8316480269258797,-0.005713974182894091,14.0,0.0,0.0,"[20.0, 20.0, 20.0, 20.0, 20.0, 20.0, 20.0, 20.0, 20.0, 20.0, 20.0, 20.0, 20.0, 20.0, 20.0, 20.0, 20.0, 20.0, 20.0, 20.0, 20.0, 20.0, 20.0, 20.0, 20.0, 20.0, 20.0, 20.0, 20.0, 20.0, 20.0, 20.0, 20.0, 20.0, 20.0, 20.0, 20.0, 20.0, 20.0, 20.0, 20.0, 20.0, 20.0, 20.0, 20.0, 20.0, 20.0, 20.0, 20.0, 20.0, 20.0, 20.0, 20.0, 20.0, 20.0, 20.0, 20.0, 20.0, 20.0, 20.0, 20.0, 20.0, 20.0, 20.0, 20.0, 20.0, 20.0, 20.0, 20.0, 20.0, 20.0, 20.0]",0.003981184214353561,0.016889169812202454,0.0081,-0.0223,-0.0226,-0.0241,-0.0965,0.0009,-0.0064,-9.8046,16.2,,100.0,,,,-0.1972,1.0907,1.1084,280.25,15.0,1.225,0.0152,18.34,0.0,1,0.0,0.335,0,3,10,0.7,0.268,0,0.0,0,0
1790659245.7983356,47.3979711,8.5461637,0.0,0.011248551309108734,0.005456751678138971,-0.006992756854742765,96.55,-0.09239688270773613,0.8047128780291098,0.0,96.55000000000001,20.0,20.0,0.0,0.0,2.2520116612193775,0.00479815463985309,14.0,0.0,0.0,"[20.0, 20.0, 20.0, 20.0, 20.0, 20.0, 20.0, 20.0, 20.0, 20.0, 20.0, 20.0, 20.0, 20.0, 20.0, 20.0, 20.0, 20.0, 20.0, 20.0, 20.0, 20.0, 20.0, 20.0, 20.0, 20.0, 20.0, 20.0, 20.0, 20.0, 20.0, 20.0, 20.0, 20.0, 20.0, 20.0, 20.0, 20.0, 20.0, 20.0, 20.0, 20.0, 20.0, 20.0, 20.0, 20.0, 20.0, 20.0, 20.0, 20.0, 20.0, 20.0, 20.0, 20.0, 20.0, 20.0, 20.0, 20.0, 20.0, 20.0, 20.0, 20.0, 20.0, 20.0, 20.0, 20.0, 20.0, 20.0, 20.0, 20.0, 20.0, 20.0]",0.0066512580960989,0.013876862823963165,0.0166,-0.021,0.0302,0.0464,-0.0027,-0.0066,-0.0092,-9.8043,16.2,,100.0,,,,-0.096,1.1987,1.2025,274.58,15.0,1.225,0.0125,25.88,0.0,1,0.0,0.339,0,3,10,0.7,0.213,0,0.0,0,0
1790659245.9997826,47.397971,8.5461637,0.0020000000949949026,0.006557648070156574,0.003756399266421795,-0.00821163970977068,96.55,-0.09239688270773613,0.8047128780291098,0.0,96.55000000000001,20.0,20.0,0.0,0.0,1.3258430930099931,0.006754648279289257,14.0,0.0,0.0,"[20.0, 20.0, 20.0, 20.0, 20.0, 20.0, 20.0, 20.0, 20.0, 20.0, 20.0, 20.0, 20.0, 20.0, 20.0, 20.0, 20.0, 20.0, 20.0, 20.0, 20.0, 20.0, 20.0, 20.0, 20.0, 20.0, 20.0, 20.0, 20.0, 20.0, 20.0, 20.0, 20.0, 20.0, 20.0, 20.0, 20.0, 20.0, 20.0, 20.0, 20.0, 20.0, 20.0, 20.0, 20.0, 20.0, 20.0, 20.0, 20.0, 20.0, 20.0, 20.0, 20.0, 20.0, 20.0, 20.0, 20.0, 20.0, 20.0, 20.0, 20.0, 20.0, 20.0, 20.0, 20.0, 20.0, 20.0, 20.0, 20.0, 20.0, 20.0, 20.0]",0.006351034622639418,0.008435992524027824,0.0262,-0.016,-0.0268,0.0386,-0.0208,-0.005,-0.0087,-9.8148,16.2,,100.0,,,,-0.022,0.9816,0.9818,271.28,15.0,1.225,0.0076,29.81,0.0,1,0.0,0.344,0,3,10,0.7,0.16,0,0.0,0,0
1790659246.1990702,47.397971,8.5461636,0.003000000026077032,0.003453910816460848,0.00020453613251447678,-0.008604489266872406,96.54,-0.09225643240861624,0.8047289920707682,0.0,96.54000000000002,20.0,20.0,0.0,0.0,0.6597758157773044,0.0029453342076599244,14.0,0.0,0.0,"[20.0, 20.0, 20.0, 20.0, 20.0, 20.0, 20.0, 20.0, 20.0, 20.0, 20.0, 20.0, 20.0, 20.0, 20.0, 20.0, 20.0, 20.0, 20.0, 20.0, 20.0, 20.0, 20.0, 20.0, 20.0, 20.0, 20.0, 20.0, 20.0, 20.0, 20.0, 20.0, 20.0, 20.0, 20.0, 20.0, 20.0, 20.0, 20.0, 20.0, 20.0, 20.0, 20.0, 20.0, 20.0, 20.0, 20.0, 20.0, 20.0, 20.0, 20.0, 20.0, 20.0, 20.0, 20.0, 20.0, 20.0, 20.0, 20.0, 20.0, 20.0, 20.0, 20.0, 20.0, 20.0, 20.0, 20.0, 20.0, 20.0, 20.0, 20.0, 20.0]",0.003253625938668847,0.004018970765173435,0.0314,-0.0087,0.0026,-0.0295,0.0172,-0.0002,-0.0048,-9.8125,16.2,,100.0,,,,-0.0326,0.938,0.9386,271.99,15.0,1.225,0.0035,3.39,0.0,1,0.0,0.349,0,3,10,0.7,0.155,0,0.0,0,0
1790659246.3993998,47.397971,8.5461636,0.0020000000949949026,0.0025043522473424673,-0.0037235571071505547,-0.008433276787400246,96.53,-0.09211597929920431,0.8047450815989797,0.0,96.52999999999997,20.0,20.0,0.0,0.0,0.39431277108718504,-0.0026112147219286806,14.0,0.0,0.0,"[20.0, 20.0, 20.0, 20.0, 20.0, 20.0, 20.0, 20.0, 20.0, 20.0, 20.0, 20.0, 20.0, 20.0, 20.0, 20.0, 20.0, 20.0, 20.0, 20.0, 20.0, 20.0, 20.0, 20.0, 20.0, 20.0, 20.0, 20.0, 20.0, 20.0, 20.0, 20.0, 20.0, 20.0, 20.0, 20.0, 20.0, 20.0, 20.0, 20.0, 20.0, 20.0, 20.0, 20.0, 20.0, 20.0, 20.0, 20.0, 20.0, 20.0, 20.0, 20.0, 20.0, 20.0, 20.0, 20.0, 20.0, 20.0, 20.0, 20.0, 20.0, 20.0, 20.0, 20.0, 20.0, 20.0, 20.0, 20.0, 20.0, 20.0, 20.0, 20.0]",-0.001301076146773994,0.002316755708307028,0.0296,-0.0027,-0.0156,0.0127,-0.0377,-0.001,-0.0098,-9.8055,16.2,,100.0,,,,0.0036,0.7631,0.7631,269.73,15.0,1.225,0.0045,303.92,0.0,1,0.0,0.354,0,3,10,0.7,0.125,0,0.0,0,0
1790659248.9729283,47.397970799999996,8.5461638,0.007000000216066837,-0.009150627069175243,0.010769466869533062,-0.008970252238214016,96.52,0.0,0.0,0.0,34.765031356811505,20.0,20.0,0.0,130.11725346657306,-1.5024417260645122,-0.013581296341958489,14.0,0.0,0.0,"[20.0, 20.0, 20.0, 20.0, 20.0, 20.0, 20.0, 20.0, 20.0, 20.0, 20.0, 20.0, 20.0, 20.0, 20.0, 20.0, 20.0, 20.0, 20.0, 20.0, 20.0, 20.0, 20.0, 20.0, 20.0, 20.0, 20.0, 20.0, 20.0, 20.0, 20.0, 20.0, 20.0, 20.0, 20.0, 20.0, 20.0, 20.0, 20.0, 20.0, 20.0, 20.0, 20.0, 20.0, 20.0, 20.0, 20.0, 20.0, 20.0, 20.0, 20.0, 20.0, 20.0, 20.0, 20.0, 20.0, 20.0, 20.0, 20.0, 20.0, 20.0, 20.0, 20.0, 20.0, 20.0, 20.0, 20.0, 20.0, 20.0, 20.0, 20.0, 20.0]",-0.001301076146773994,0.002316755708307028,0.0366,-0.0361,-0.0298,-0.0229,0.0251,-0.0025,-0.0018,-9.8148,16.132,,98.0,,,,-0.2991,0.2579,0.3949,319.23,15.0,1.225,0.0141,130.35,0.031,1,0.0,0.385,0,3,10,0.7,0.252,0,0.0,0,0
1790659249.1735835,47.397970799999996,8.5461638,0.014000000432133675,-0.005010733846575022,0.008230797946453094,-0.011014150455594063,96.51,0.0,0.0,0.0,91.70486045837401,20.0,20.0,0.0,132.34025180497605,-0.7725380610318119,-0.008880669265331178,14.0,0.0,0.0,"[20.0, 20.0, 20.0, 20.0, 20.0, 20.0, 20.0, 20.0, 20.0, 20.0, 20.0, 20.0, 20.0, 20.0, 20.0, 20.0, 20.0, 20.0, 20.0, 20.0, 20.0, 20.0, 20.0, 20.0, 20.0, 20.0, 20.0, 20.0, 20.0, 20.0, 20.0, 20.0, 20.0, 20.0, 20.0, 20.0, 20.0, 20.0, 20.0, 20.0, 20.0, 20.0, 20.0, 20.0, 20.0, 20.0, 20.0, 20.0, 20.0, 20.0, 20.0, 20.0, 20.0, 20.0, 20.0, 20.0, 20.0, 20.0, 20.0, 20.0, 20.0, 20.0, 20.0, 20.0, 20.0, 20.0, 20.0, 20.0, 20.0, 20.0, 20.0, 20.0]",-0.001301076146773994,0.002316755708307028,0.0324,-0.0304,0.042,-0.0275,0.0031,0.0064,-0.0026,-9.8077,16.132,,98.0,,,,-0.2238,0.2659,0.3476,310.08,15.0,1.225,0.0096,121.33,0.025,1,0.0,0.392,0,3,10,0.7,0.248,0,0.0,0,0
1790659249.3735092,47.3979709,8.5461638,0.01900000125169754,-0.000893840508069843,0.007860904559493065,-0.011931807734072208,96.51,0.0,0.0,0.0,91.69729019165038,20.0,20.0,0.0,139.13255573169448,0.0006046069337550645,-0.00598085008637047,14.0,0.0,0.0,"[20.0, 20.0, 20.0, 20.0, 20.0, 20.0, 20.0, 20.0, 20.0, 20.0, 20.0, 20.0, 20.0, 20.0, 20.0, 20.0, 20.0, 20.0, 20.0, 20.0, 20.0, 20.0, 20.0, 20.0, 20.0, 20.0, 20.0, 20.0, 20.0, 20.0, 20.0, 20.0, 20.0, 20.0, 20.0, 20.0, 20.0, 20.0, 20.0, 20.0, 20.0, 20.0, 20.0, 20.0, 20.0, 20.0, 20.0, 20.0, 20.0, 20.0, 20.0, 20.0, 20.0, 20.0, 20.0, 20.0, 20.0, 20.0, 20.0, 20.0, 20.0, 20.0, 20.0, 20.0, 20.0, 20.0, 20.0, 20.0, 20.0, 20.0, 20.0, 20.0]",-0.001301076146773994,0.002316755708307028,0.0249,-0.0284,-0.015,0.0136,-0.0419,-0.0035,-0.0067,-9.8032,16.132,,98.0,,,,-0.2628,0.2902,0.3914,312.16,15.0,1.225,0.0079,96.49,0.019,1,0.0,0.398,1,3,10,0.7,0.221,0,0.0,0,0
1790659249.5740314,47.3979709,8.5461637,0.02200000174343586,0.0021268101409077644,0.006928493268787861,-0.01172731351107359,96.51,0.0,0.0,0.0,91.70750976562499,20.0,20.0,0.0,147.4806482253964,0.5535795257358496,-0.0040429246290916016,14.0,0.0,0.0,"[20.0, 20.0, 20.0, 20.0, 20.0, 20.0, 20.0, 20.0, 20.0, 20.0, 20.0, 20.0, 20.0, 20.0, 20.0, 20.0, 20.0, 20.0, 20.0, 20.0, 20.0, 20.0, 20.0, 20.0, 20.0, 20.0, 20.0, 20.0, 20.0, 20.0, 20.0, 20.0, 20.0, 20.0, 20.0, 20.0, 20.0, 20.0, 20.0, 20.0, 20.0, 20.0, 20.0, 20.0, 20.0, 20.0, 20.0, 20.0, 20.0, 20.0, 20.0, 20.0, 20.0, 20.0, 20.0, 20.0, 20.0, 20.0, 20.0, 20.0, 20.0, 20.0, 20.0, 20.0, 20.0, 20.0, 20.0, 20.0, 20.0, 20.0, 20.0, 20.0]",-0.001301076146773994,0.002316755708307028,0.0236,-0.0297,0.01,-0.0024,-0.0051,-0.0019,-0.0072,-9.8171,16.132,,98.0,,,,-0.2452,0.2239,0.332,317.61,15.0,1.225,0.0072,72.94,0.015,1,0.2,0.403,1,3,10,0.7,0.23,0,0.0,0,0
1790659249.774553,47.397971,8.5461637,0.023000001907348633,0.005694343708455563,0.0056333946995437145,-0.011419869028031826,96.52,0.0,0.0,0.0,91.69445564270018,20.0,20.0,0.0,165.23552642569086,1.2024974265227093,-0.0031820991665013143,14.0,0.0,0.0,"[20.0, 20.0, 20.0, 20.0, 20.0, 20.0, 20.0, 20.0, 20.0, 20.0, 20.0, 20.0, 20.0, 20.0, 20.0, 20.0, 20.0, 20.0, 20.0, 20.0, 20.0, 20.0, 20.0, 20.0, 20.0, 20.0, 20.0, 20.0, 20.0, 20.0, 20.0, 20.0, 20.0, 20.0, 20.0, 20.0, 20.0, 20.0, 20.0, 20.0, 20.0, 20.0, 20.0, 20.0, 20.0, 20.0, 20.0, 20.0, 20.0, 20.0, 20.0, 20.0, 20.0, 20.0, 20.0, 20.0, 20.0, 20.0, 20.0, 20.0, 20.0, 20.0, 20.0, 20.0, 20.0, 20.0, 20.0, 20.0, 20.0, 20.0, 20.0, 20.0]",-0.001301076146773994,0.002316755708307028,0.0237,-0.0266,0.0125,-0.0013,0.003,-0.0008,-0.0001,-9.8043,16.132,,98.0,,,,-0.2376,0.3419,0.4163,304.8,15.0,1.225,0.008,44.69,0.011,1,0.4,0.409,1,3,10,0.7,0.214,0,0.0,0,0
1790659249.9756255,47.397971,8.5461637,0.021000001579523087,0.007100148592144251,0.004462525714188814,-0.010654185898602009,96.52,0.0,0.0,0.0,101.3458533477783,20.0,20.0,0.0,-172.1079186080127,1.4437288246626883,-0.004631259608505922,14.0,0.0,0.0,"[20.0, 20.0, 20.0, 20.0, 20.0, 20.0, 20.0, 20.0, 20.0, 20.0, 20.0, 20.0, 20.0, 20.0, 20.0, 20.0, 20.0, 20.0, 20.0, 20.0, 20.0, 20.0, 20.0, 20.0, 20.0, 20.0, 20.0, 20.0, 20.0, 20.0, 20.0, 20.0, 20.0, 20.0, 20.0, 20.0, 20.0, 20.0, 20.0, 20.0, 20.0, 20.0, 20.0, 20.0, 20.0, 20.0, 20.0, 20.0, 20.0, 20.0, 20.0, 20.0, 20.0, 20.0, 20.0, 20.0, 20.0, 20.0, 20.0, 20.0, 20.0, 20.0, 20.0, 20.0, 20.0, 20.0, 20.0, 20.0, 20.0, 20.0, 20.0, 20.0]",-0.001301076146773994,0.002316755708307028,0.0232,-0.0254,-0.0097,0.01,-0.0184,-0.0059,-0.003,-9.8149,16.132,,98.0,,,,-0.2206,0.4683,0.5176,295.22,15.0,1.225,0.0084,32.15,0.008,1,0.6,0.413,1,3,10,0.7,0.193,0,0.0,0,0
1790659250.1768036,47.397971,8.5461636,0.018000001087784767,0.007495185360312462,0.0021286336705088615,-0.008954104036092758,96.52,0.0,0.0,0.0,101.34486343383787,20.0,20.0,0.0,-127.73034965701012,1.4680577556336432,-0.006854133495213509,14.0,0.0,0.0,"[20.0, 20.0, 20.0, 20.0, 20.0, 20.0, 20.0, 20.0, 20.0, 20.0, 20.0, 20.0, 20.0, 20.0, 20.0, 20.0, 20.0, 20.0, 20.0, 20.0, 20.0, 20.0, 20.0, 20.0, 20.0, 20.0, 20.0, 20.0, 20.0, 20.0, 20.0, 20.0, 20.0, 20.0, 20.0, 20.0, 20.0, 20.0, 20.0, 20.0, 20.0, 20.0, 20.0, 20.0, 20.0, 20.0, 20.0, 20.0, 20.0, 20.0, 20.0, 20.0, 20.0, 20.0, 20.0, 20.0, 20.0, 20.0, 20.0, 20.0, 20.0, 20.0, 20.0, 20.0, 20.0, 20.0, 20.0, 20.0, 20.0, 20.0, 20.0, 20.0]",-0.001301076146773994,0.002316755708307028,0.0246,-0.0206,0.0294,-0.065,0.006,-0.0055,-0.0015,-9.8048,16.132,,98.0,,,,-0.1594,0.3548,0.389,294.19,15.0,1.225,0.0078,15.85,0.006,1,0.8,0.419,1,3,10,0.7,0.183,0,0.0,0,0
1790659250.3772418,47.3979711,8.5461636,0.014000000432133675,0.008751469664275646,-0.0012250528670847416,-0.00703444192185998,96.51,-0.007936363613164677,0.06954864579989775,0.0,101.32327056884765,20.0,20.0,-0.0,-74.52785432304839,1.6336611496873734,-0.008835468200911465,14.0,0.0,0.0,"[20.0, 20.0, 20.0, 20.0, 20.0, 20.0, 20.0, 20.0, 20.0, 20.0, 20.0, 20.0, 20.0, 20.0, 20.0, 20.0, 20.0, 20.0, 20.0, 20.0, 20.0, 20.0, 20.0, 20.0, 20.0, 20.0, 20.0, 20.0, 20.0, 20.0, 20.0, 20.0, 20.0, 20.0, 20.0, 20.0, 20.0, 20.0, 20.0, 20.0, 20.0, 20.0, 20.0, 20.0, 20.0, 20.0, 20.0, 20.0, 20.0, 20.0, 20.0, 20.0, 20.0, 20.0, 20.0, 20.0, 20.0, 20.0, 20.0, 20.0, 20.0, 20.0, 20.0, 20.0, 20.0, 20.0, 20.0, 20.0, 20.0, 20.0, 20.0, 20.0]",-0.001301076146773994,0.002316755708307028,0.023,-0.0128,0.0609,-0.0114,-0.0149,-0.0091,-0.0057,-9.8205,16.132,,98.0,,,,-0.1491,0.3384,0.3698,293.78,15.0,1.225,0.0088,352.03,0.009,1,1.0,0.426,1,3,10,0.7,0.208,0,0.0,0,0
1790659250.577442,47.3979711,8.5461635,0.010000000707805157,0.008972757495939732,-0.00210209540091455,-0.005397368222475052,96.51,-0.007936363613164677,0.06954864579989775,0.0,101.31167198181151,20.0,20.0,-0.0,-65.19004710850486,1.6566416476961203,-0.009179007344469777,14.0,0.0,0.0,"[20.0, 20.0, 20.0, 20.0, 20.0, 20.0, 20.0, 20.0, 20.0, 20.0, 20.0, 20.0, 20.0, 20.0, 20.0, 20.0, 20.0, 20.0, 20.0, 20.0, 20.0, 20.0, 20.0, 20.0, 20.0, 20.0, 20.0, 20.0, 20.0, 20.0, 20.0, 20.0, 20.0, 20.0, 20.0, 20.0, 20.0, 20.0, 20.0, 20.0, 20.0, 20.0, 20.0, 20.0, 20.0, 20.0, 20.0, 20.0, 20.0, 20.0, 20.0, 20.0, 20.0, 20.0, 20.0, 20.0, 20.0, 20.0, 20.0, 20.0, 20.0, 20.0, 20.0, 20.0, 20.0, 20.0, 20.0, 20.0, 20.0, 20.0, 20.0, 20.0]",-0.001301076146773994,0.002316755708307028,0.0225,-0.0135,-0.0038,-0.009,-0.0244,-0.0073,-0.009,-9.8149,16.132,,98.0,,,,-0.156,0.3502,0.3834,294.01,15.0,1.225,0.0092,346.81,0.012,1,1.2,0.43,1,3,10,0.7,0.203,0,0.0,0,0
1790659250.777846,47.3979711,8.5461635,0.007000000216066837,0.008300712332129478,-0.0017697022994980216,-0.004806367214769125,96.52,-0.007948502020820425,0.06954725958386147,0.0,101.32630111694334,20.0,20.0,-0.0,-60.75740252699522,1.536319001593784,-0.008340041982219219,14.0,0.0,0.0,"[20.0, 20.0, 20.0, 20.0, 20.0, 20.0, 20.0, 20.0, 20.0, 20.0, 20.0, 20.0, 20.0, 20.0, 20.0, 20.0, 20.0, 20.0, 20.0, 20.0, 20.0, 20.0, 20.0, 20.0, 20.0, 20.0, 20.0, 20.0, 20.0, 20.0, 20.0, 20.0, 20.0, 20.0, 20.0, 20.0, 20.0, 20.0, 20.0, 20.0, 20.0, 20.0, 20.0, 20.0, 20.0, 20.0, 20.0, 20.0, 20.0, 20.0, 20.0, 20.0, 20.0, 20.0, 20.0, 20.0, 20.0, 20.0, 20.0, 20.0, 20.0, 20.0, 20.0, 20.0, 20.0, 20.0, 20.0, 20.0, 20.0, 20.0, 20.0, 20.0]",-0.001301076146773994,0.002316755708307028,0.0242,-0.0142,-0.0473,-0.0018,-0.0356,-0.0074,-0.0024,-9.8073,16.072,,95.0,,,,-0.156,0.3628,0.3949,293.27,15.0,1.225,0.0085,347.96,0.014,1,1.4,0.432,1,3,10,0.7,0.181,0,0.0,0,0
1790659250.9787292,47.3979711,8.5461635,0.003000000026077032,0.00820478517562151,-0.0012700724182650447,-0.00315391574986279,96.52,-0.007948502020820425,0.06954725958386147,0.0,101.34345008850096,20.0,20.0,-0.0,-59.831843473472986,1.528957230266571,-0.008025246146910197,14.0,0.0,0.0,"[20.0, 20.0, 20.0, 20.0, 20.0, 20.0, 20.0, 20.0, 20.0, 20.0, 20.0, 20.0, 20.0, 20.0, 20.0, 20.0, 20.0, 20.0, 20.0, 20.0, 20.0, 20.0, 20.0, 20.0, 20.0, 20.0, 20.0, 20.0, 20.0, 20.0, 20.0, 20.0, 20.0, 20.0, 20.0, 20.0, 20.0, 20.0, 20.0, 20.0, 20.0, 20.0, 20.0, 20.0, 20.0, 20.0, 20.0, 20.0, 20.0, 20.0, 20.0, 20.0, 20.0, 20.0, 20.0, 20.0, 20.0, 20.0, 20.0, 20.0, 20.0, 20.0, 20.0, 20.0, 20.0, 20.0, 20.0, 20.0, 20.0, 20.0, 20.0, 20.0]",-0.001301076146773994,0.002316755708307028,0.0266,-0.0201,0.0318,-0.0862,0.0033,-0.007,-0.0091,-9.8065,16.072,,95.0,,,,-0.1528,0.3862,0.4153,291.59,15.0,1.225,0.0083,351.2,0.014,1,1.61,0.432,1,3,10,0.7,0.207,0,0.0,0,0
1790659251.1797159,47.3979711,8.5461635,-0.0010000000474974513,0.0066958763636648655,-0.0022661846596747637,-0.0014916622312739491,96.52,-0.007948502020820425,0.06954725958386147,0.0,101.33935310363768,20.0,20.0,-0.0,-50.037772527786245,1.2212166636699255,-0.006836205010248165,14.0,0.0,0.0,"[20.0, 20.0, 20.0, 20.0, 20.0, 20.0, 20.0, 20.0, 20.0, 20.0, 20.0, 20.0, 20.0, 20.0, 20.0, 20.0, 20.0, 20.0, 20.0, 20.0, 20.0, 20.0, 20.0, 20.0, 20.0, 20.0, 20.0, 20.0, 20.0, 20.0, 20.0, 20.0, 20.0, 20.0, 20.0, 20.0, 20.0, 20.0, 20.0, 20.0, 20.0, 20.0, 20.0, 20.0, 20.0, 20.0, 20.0, 20.0, 20.0, 20.0, 20.0, 20.0, 20.0, 20.0, 20.0, 20.0, 20.0, 20.0, 20.0, 20.0, 20.0, 20.0, 20.0, 20.0, 20.0, 20.0, 20.0, 20.0, 20.0, 20.0, 20.0, 20.0]",-0.001301076146773994,0.002316755708307028,0.0294,-0.018,0.0914,-0.0403,0.038,-0.0058,0.0321,-9.8303,16.072,,95.0,,,,-0.0507,0.2279,0.2335,282.54,15.0,1.225,0.0071,341.3,0.014,1,1.81,0.435,1,3,10,0.7,0.193,0,0.0,0,0
1790659251.3795645,47.3979711,8.5461634,-0.0010000000474974513,-0.004987338557839394,-0.0038609998300671577,-0.07472041994333267,96.52,-0.011355002886886323,0.09935322797694499,0.0,101.32290794372557,20.0,20.0,-0.0,-30.62606951749956,-1.0299713745468926,-6.599785424727831e-05,14.0,0.0,0.0,"[20.0, 20.0, 20.0, 20.0, 20.0, 20.0, 20.0, 20.0, 20.0, 20.0, 20.0, 20.0, 20.0, 20.0, 20.0, 20.0, 20.0, 20.0, 20.0, 20.0, 20.0, 20.0, 20.0, 20.0, 20.0, 20.0, 20.0, 20.0, 20.0, 20.0, 20.0, 20.0, 20.0, 20.0, 20.0, 20.0, 20.0, 20.0, 20.0, 20.0, 20.0, 20.0, 20.0, 20.0, 20.0, 20.0, 20.0, 20.0, 20.0, 20.0, 20.0, 20.0, 20.0, 20.0, 20.0, 20.0, 20.0, 20.0, 20.0, 20.0, 20.0, 20.0, 20.0, 20.0, 20.0, 20.0, 20.0, 20.0, 20.0, 20.0, 20.0, 20.0]",-0.001301076146773994,0.002316755708307028,0.5821,-0.0732,2.8274,-0.3942,0.0457,-0.0026,-0.0088,-10.4758,16.072,,95.0,,,,-0.073,0.2882,0.2973,284.22,15.0,1.225,0.0063,217.75,0.013,1,2.01,0.439,1,3,10,0.7,0.217,0,0.0,0,0
1790659251.580241,47.397971,8.5461634,0.026000000536441803,-0.032085176557302475,-0.0038493468891829252,-0.23425936698913574,96.53,-0.08061037033583045,0.7955284752002494,0.0,91.70977142333982,20.0,20.0,0.0,9.22017268393762,-6.147964389187902,-0.005351026334607533,14.0,0.0,0.30193162588447686,"[20.0, 20.0, 20.0, 20.0, 20.0, 20.0, 20.0, 20.0, 20.0, 20.0, 20.0, 20.0, 20.0, 20.0, 20.0, 20.0, 20.0, 20.0, 20.0, 20.0, 20.0, 20.0, 20.0, 20.0, 20.0, 20.0, 20.0, 20.0, 20.0, 20.0, 20.0, 20.0, 20.0, 20.0, 20.0, 20.0, 20.0, 20.0, 20.0, 20.0, 20.0, 20.0, 20.0, 20.0, 20.0, 20.0, 20.0, 20.0, 20.0, 20.0, 20.0, 20.0, 20.0, 20.0, 20.0, 20.0, 20.0, 20.0, 20.0, 20.0, 20.0, 20.0, 20.0, 20.0, 20.0, 20.0, 20.0, 20.0, 20.0, 20.0, 20.0, 20.0]",-0.001301076146773994,0.002316755708307028,0.7208,-0.1306,-1.0634,-0.1377,0.0854,-0.0079,-0.011,-10.6785,16.072,,95.0,,,,0.007,0.3707,0.3708,268.93,15.0,1.225,0.0323,186.84,0.012,1,2.21,0.448,1,3,10,0.7,0.228,0,0.0,0,0
1790659251.7812731,47.3979709,8.5461634,0.09200000762939453,-0.05287988856434822,-0.0013285701861605048,-0.4143633246421814,96.55,-0.007984915789557442,0.06954308822473787,0.0,91.74137573242189,20.0,20.0,0.0,55.08754299610567,-9.960760701613946,-0.04050733104971264,14.0,0.0,0.3026602423481668,"[20.0, 20.0, 20.0, 20.0, 20.0, 20.0, 20.0, 20.0, 20.0, 20.0, 20.0, 20.0, 20.0, 20.0, 20.0, 20.0, 20.0, 20.0, 20.0, 20.0, 20.0, 20.0, 20.0, 20.0, 20.0, 20.0, 20.0, 20.0, 20.0, 20.0, 20.0, 20.0, 20.0, 20.0, 20.0, 20.0, 20.0, 20.0, 20.0, 20.0, 20.0, 20.0, 20.0, 20.0, 20.0, 20.0, 20.0, 20.0, 20.0, 20.0, 20.0, 20.0, 20.0, 20.0, 20.0, 20.0, 20.0, 20.0, 20.0, 20.0, 20.0, 20.0, 20.0, 20.0, 20.0, 20.0, 20.0, 20.0, 20.0, 20.0, 20.0, 20.0]",-0.001301076146773994,0.002316755708307028,0.3645,-0.1288,-2.0438,0.0662,-0.031,-0.0059,-0.0098,-10.7066,16.072,,95.0,,,,-0.0301,0.3547,0.356,274.85,15.0,1.22499,0.0529,181.44,0.017,1,2.41,0.46,1,3,10,0.7,0.299,0,0.0,0,0
1790659251.9817715,47.397970799999996,8.5461635,0.19700001180171967,-0.057522840797901154,0.0036541526205837727,-0.5939907431602478,96.54,-0.007972778109386586,0.06954448079623922,0.0,91.72523025512697,20.0,20.0,0.0,78.41720235909452,-10.708617019332062,-0.0535326090039872,14.0,0.0,0.0,"[20.0, 20.0, 20.0, 20.0, 20.0, 20.0, 20.0, 20.0, 20.0, 20.0, 20.0, 20.0, 20.0, 20.0, 20.0, 20.0, 20.0, 20.0, 20.0, 20.0, 20.0, 20.0, 20.0, 20.0, 20.0, 20.0, 20.0, 20.0, 20.0, 20.0, 20.0, 20.0, 20.0, 20.0, 20.0, 20.0, 20.0, 20.0, 20.0, 20.0, 20.0, 20.0, 20.0, 20.0, 20.0, 20.0, 20.0, 20.0, 20.0, 20.0, 20.0, 20.0, 20.0, 20.0, 20.0, 20.0, 20.0, 20.0, 20.0, 20.0, 20.0, 20.0, 20.0, 20.0, 20.0, 20.0, 20.0, 20.0, 20.0, 20.0, 20.0, 20.0]",-0.001301076146773994,0.002316755708307028,0.0001,-0.0882,-1.5037,0.2568,-0.0776,0.0069,-0.0167,-10.6853,16.072,,95.0,,,,-0.0951,0.3797,0.3914,284.06,15.0,1.22498,0.0576,176.37,0.027,1,2.61,0.473,1,3,10,0.7,0.451,0,0.0,0,0
1790659252.1828392,47.397970699999995,8.5461636,0.34200000762939453,-0.04982992634177208,0.009863605722784996,-0.767584502696991,96.47,0.0,0.0,0.0,91.64559432983401,20.0,20.0,0.0,94.53355265087862,-9.16495341777989,-0.049468169019739015,14.0,0.0,0.0,"[20.0, 20.0, 20.0, 20.0, 20.0, 20.0, 20.0, 20.0, 20.0, 20.0, 20.0, 20.0, 20.0, 20.0, 20.0, 20.0, 20.0, 20.0, 20.0, 20.0, 20.0, 20.0, 20.0, 20.0, 20.0, 20.0, 20.0, 20.0, 20.0, 20.0, 20.0, 20.0, 20.0, 20.0, 20.0, 20.0, 20.0, 20.0, 20.0, 20.0, 20.0, 20.0, 20.0, 20.0, 20.0, 20.0, 20.0, 20.0, 20.0, 20.0, 20.0, 20.0, 20.0, 20.0, 20.0, 20.0, 20.0, 20.0, 20.0, 20.0, 20.0, 20.0, 20.0, 20.0, 20.0, 20.0, 20.0, 20.0, 20.0, 20.0, 20.0, 20.0]",-0.001301076146773994,0.002316755708307028,-0.2095,-0.0093,-0.6547,0.5592,0.0052,0.0037,-0.0101,-10.6354,16.072,,95.0,,,,-0.06,0.311,0.3167,280.92,15.0,1.22496,0.0508,168.8,0.035,1,2.81,0.485,1,3,10,0.7,0.572,0,0.0,0,0
1790659252.382602,47.3979706,8.5461637,0.5220000147819519,-0.03742115572094917,0.014048164710402489,-0.932956337928772,96.37,0.0,0.0,0.0,91.56268035888672,20.0,20.0,0.0,108.48823362327693,-6.773383939128383,-0.03953640787648475,14.0,0.0,0.0,"[20.0, 20.0, 20.0, 20.0, 20.0, 20.0, 20.0, 20.0, 20.0, 20.0, 20.0, 20.0, 20.0, 20.0, 20.0, 20.0, 20.0, 20.0, 20.0, 20.0, 20.0, 20.0, 20.0, 20.0, 20.0, 20.0, 20.0, 20.0, 20.0, 20.0, 20.0, 20.0, 20.0, 20.0, 20.0, 20.0, 20.0, 20.0, 20.0, 20.0, 20.0, 20.0, 20.0, 20.0, 20.0, 20.0, 20.0, 20.0, 20.0, 20.0, 20.0, 20.0, 20.0, 20.0, 20.0, 20.0, 20.0, 20.0, 20.0, 20.0, 20.0, 20.0, 20.0, 20.0, 20.0, 20.0, 20.0, 20.0, 20.0, 20.0, 20.0, 20.0]",-0.001301076146773994,0.002316755708307028,-0.2796,0.1018,-0.0756,0.6568,-0.0215,-0.0012,-0.0123,-10.5885,16.072,,95.0,,,,0.0218,0.3206,0.3213,266.12,15.0,1.22494,0.04,159.42,0.044,1,3.01,0.498,1,3,10,0.7,0.709,0,0.0,0,0
1790659252.583347,47.3979706,8.5461638,0.7330000400543213,-0.024919413030147552,0.014541425742208958,-1.0302733182907104,96.29,0.0,0.0,0.0,91.47194580078127,20.0,20.0,0.0,118.3740528601798,-4.417559496251082,-0.028558245185821687,14.0,0.0,0.0,"[20.0, 20.0, 20.0, 20.0, 20.0, 20.0, 20.0, 20.0, 20.0, 20.0, 20.0, 20.0, 20.0, 20.0, 20.0, 20.0, 20.0, 20.0, 20.0, 20.0, 20.0, 20.0, 20.0, 20.0, 20.0, 20.0, 20.0, 20.0, 20.0, 20.0, 20.0, 20.0, 20.0, 20.0, 20.0, 20.0, 20.0, 20.0, 20.0, 20.0, 20.0, 20.0, 20.0, 20.0, 20.0, 20.0, 20.0, 20.0, 20.0, 20.0, 20.0, 20.0, 20.0, 20.0, 20.0, 20.0, 20.0, 20.0, 20.0, 20.0, 20.0, 20.0, 20.0, 20.0, 20.0, 20.0, 20.0, 20.0, 20.0, 20.0, 20.0, 20.0]",-0.001301076146773994,0.002316755708307028,-0.2805,0.2138,0.1169,0.5433,0.0347,-0.0013,-0.0071,-9.8815,16.072,,95.0,,,,0.0753,0.2385,0.2501,252.48,15.0,1.22491,0.0289,149.73,0.053,1,3.21,0.51,1,3,10,0.7,0.931,0,0.0,0,0
1790659252.7842968,47.3979705,8.5461639,0.9510000348091125,-0.013293799944221973,0.009795712307095528,-1.0578465461730957,96.25,0.0,0.0,0.0,91.42707061767578,20.0,20.0,0.0,123.32873502375332,-2.3188984162178334,-0.016295707808603392,14.0,0.0,0.0,"[20.0, 20.0, 20.0, 20.0, 20.0, 20.0, 20.0, 20.0, 20.0, 20.0, 20.0, 20.0, 20.0, 20.0, 20.0, 20.0, 20.0, 20.0, 20.0, 20.0, 20.0, 20.0, 20.0, 20.0, 20.0, 20.0, 20.0, 20.0, 20.0, 20.0, 20.0, 20.0, 20.0, 20.0, 20.0, 20.0, 20.0, 20.0, 20.0, 20.0, 20.0, 20.0, 20.0, 20.0, 20.0, 20.0, 20.0, 20.0, 20.0, 20.0, 20.0, 20.0, 20.0, 20.0, 20.0, 20.0, 20.0, 20.0, 20.0, 20.0, 20.0, 20.0, 20.0, 20.0, 20.0, 20.0, 20.0, 20.0, 20.0, 20.0, 20.0, 20.0]",-0.001301076146773994,0.002316755708307028,-0.2706,0.2972,0.073,0.2464,-0.0231,-0.0099,-0.015,-9.9729,16.012,,91.0,,,,0.0808,0.2461,0.2591,251.82,14.99,1.22489,0.0165,143.61,0.061,1,3.41,0.52,1,3,10,0.7,1.139,0,0.0,0,0
1790659252.985595,47.3979705,8.546164,1.1740000247955322,-0.0020605986937880516,-0.0003760507970582694,-1.098303198814392,96.23,0.0,0.0,0.0,91.40408943176271,20.0,20.0,0.0,123.7300482606924,-0.3990086842867679,-0.0016541313477755112,14.0,0.0,0.0,"[20.0, 20.0, 20.0, 20.0, 20.0, 20.0, 20.0, 20.0, 20.0, 20.0, 20.0, 20.0, 20.0, 20.0, 20.0, 20.0, 20.0, 20.0, 20.0, 20.0, 20.0, 20.0, 20.0, 20.0, 20.0, 20.0, 20.0, 20.0, 20.0, 20.0, 20.0, 20.0, 20.0, 20.0, 20.0, 20.0, 20.0, 20.0, 20.0, 20.0, 20.0, 20.0, 20.0, 20.0, 20.0, 20.0, 20.0, 20.0, 20.0, 20.0, 20.0, 20.0, 20.0, 20.0, 20.0, 20.0, 20.0, 20.0, 20.0, 20.0, 20.0, 20.0, 20.0, 20.0, 20.0, 20.0, 20.0, 20.0, 20.0, 20.0, 20.0, 20.0]",-0.001301076146773994,0.002316755708307028,-0.251,0.3055,0.1142,-0.2567,0.0047,-0.007,-0.0139,-10.0,16.012,,91.0,,,,0.0626,0.2838,0.2906,257.55,14.99,1.22486,0.0021,190.34,0.063,1,3.61,0.522,1,3,10,0.7,1.362,0,0.0,0,0
1790659253.1870036,47.3979705,8.5461639,1.406000018119812,0.008095301687717438,-0.011920405551791191,-1.1405034065246582,96.18,0.0,0.0,0.0,91.35910766601563,20.0,20.0,0.0,120.10278562857582,1.2918003805290066,0.012233642411019374,14.0,0.0,0.0,"[20.0, 20.0, 20.0, 20.0, 20.0, 20.0, 20.0, 20.0, 20.0, 20.0, 20.0, 20.0, 20.0, 20.0, 20.0, 20.0, 20.0, 20.0, 20.0, 20.0, 20.0, 20.0, 20.0, 20.0, 20.0, 20.0, 20.0, 20.0, 20.0, 20.0, 20.0, 20.0, 20.0, 20.0, 20.0, 20.0, 20.0, 20.0, 20.0, 20.0, 20.0, 20.0, 20.0, 20.0, 20.0, 20.0, 20.0, 20.0, 20.0, 20.0, 20.0, 20.0, 20.0, 20.0, 20.0, 20.0, 20.0, 20.0, 20.0, 20.0, 20.0, 20.0, 20.0, 20.0, 20.0, 20.0, 20.0, 20.0, 20.0, 20.0, 20.0, 20.0]",-0.001301076146773994,0.002316755708307028,-0.2124,0.2175,0.1768,-0.5678,0.0337,-0.004,-0.0108,-10.0034,16.012,,91.0,,,,0.0233,0.2336,0.2348,264.31,14.99,1.22483,0.0144,304.18,0.061,1,3.81,0.527,1,3,10,0.7,1.569,0,0.0,0,0
1790659253.3873367,47.3979705,8.5461638,1.6470000743865967,0.01644033193588257,-0.020038781687617302,-1.1800962686538696,96.12,0.0,0.0,0.0,91.29642402648926,20.0,20.0,0.0,113.73851315215882,2.7119360329809146,0.02173445960237769,14.0,0.0,0.0,"[20.0, 20.0, 20.0, 20.0, 20.0, 20.0, 20.0, 20.0, 20.0, 20.0, 20.0, 20.0, 20.0, 20.0, 20.0, 20.0, 20.0, 20.0, 20.0, 20.0, 20.0, 20.0, 20.0, 20.0, 20.0, 20.0, 20.0, 20.0, 20.0, 20.0, 20.0, 20.0, 20.0, 20.0, 20.0, 20.0, 20.0, 20.0, 20.0, 20.0, 20.0, 20.0, 20.0, 20.0, 20.0, 20.0, 20.0, 20.0, 20.0, 20.0, 20.0, 20.0, 20.0, 20.0, 20.0, 20.0, 20.0, 20.0, 20.0, 20.0, 20.0, 20.0, 20.0, 20.0, 20.0, 20.0, 20.0, 20.0, 20.0, 20.0, 20.0, 20.0]",-0.001301076146773994,0.002316755708307028,-0.1568,0.0815,0.2334,-0.7685,0.0098,0.0017,0.0019,-9.9795,16.012,,91.0,,,,-0.097,0.2836,0.2997,288.88,14.99,1.22481,0.0259,309.37,0.055,1,4.01,0.535,1,3,10,0.7,1.796,0,0.0,0,0
1790659253.5876114,47.3979705,8.5461636,1.8920000791549683,0.021160652860999107,-0.02565104328095913,-1.214442253112793,96.02,0.0,0.0,0.0,91.21723510742186,20.0,20.0,0.0,101.41630888391819,3.5009521961388237,0.023479200632704984,14.0,0.0,0.0,"[20.0, 20.0, 20.0, 20.0, 20.0, 20.0, 20.0, 20.0, 20.0, 20.0, 20.0, 20.0, 20.0, 20.0, 20.0, 20.0, 20.0, 20.0, 20.0, 20.0, 20.0, 20.0, 20.0, 20.0, 20.0, 20.0, 20.0, 20.0, 20.0, 20.0, 20.0, 20.0, 20.0, 20.0, 20.0, 20.0, 20.0, 20.0, 20.0, 20.0, 20.0, 20.0, 20.0, 20.0, 20.0, 20.0, 20.0, 20.0, 20.0, 20.0, 20.0, 20.0, 20.0, 20.0, 20.0, 20.0, 20.0, 20.0, 20.0, 20.0, 20.0, 20.0, 20.0, 20.0, 20.0, 20.0, 20.0, 20.0, 20.0, 20.0, 20.0, 20.0]",-0.001301076146773994,0.002316755708307028,-0.1014,-0.0705,0.1858,-0.8452,0.0324,0.0014,-0.0065,-9.9715,16.012,,91.0,,,,-0.1305,0.3738,0.3959,289.25,14.99,1.22478,0.0333,309.52,0.05,1,4.21,0.548,1,3,10,0.7,2.036,0,0.0,0,0
1790659253.7879467,47.3979706,8.5461635,2.140000104904175,0.022475285455584526,-0.02656533569097519,-1.2453445196151733,95.93,-0.004619132093930205,0.04447067645298216,0.0,91.12257736206055,20.0,20.0,0.0,85.47733297376959,3.7400016408174714,0.017282743091365134,14.0,0.0,0.0,"[20.0, 20.0, 20.0, 20.0, 20.0, 20.0, 20.0, 20.0, 20.0, 20.0, 20.0, 20.0, 20.0, 20.0, 20.0, 20.0, 20.0, 20.0, 20.0, 20.0, 20.0, 20.0, 20.0, 20.0, 20.0, 20.0, 20.0, 20.0, 20.0, 20.0, 20.0, 20.0, 20.0, 20.0, 20.0, 20.0, 20.0, 20.0, 20.0, 20.0, 20.0, 20.0, 20.0, 20.0, 20.0, 20.0, 20.0, 20.0, 20.0, 20.0, 20.0, 20.0, 20.0, 20.0, 20.0, 20.0, 20.0, 20.0, 20.0, 20.0, 20.0, 20.0, 20.0, 20.0, 20.0, 20.0, 20.0, 20.0, 20.0, 20.0, 20.0, 20.0]",-0.001301076146773994,0.002316755708307028,-0.0741,-0.2278,0.1073,-0.7411,0.0231,0.005,-0.0077,-9.9631,16.012,,91.0,,,,-0.1273,0.4383,0.4564,286.2,14.99,1.22475,0.0348,310.23,0.049,1,4.42,0.562,1,3,10,0.7,2.292,0,0.0,0,0
1790659253.9883027,47.3979706,8.5461633,2.3930001258850098,0.020863428711891174,-0.020395101979374886,-1.2743853330612183,95.89,-0.007183324878109278,0.06963045198543188,0.0,91.07614578247069,20.0,20.0,0.0,74.48626279295007,3.559281041212797,0.011981582260678088,14.0,0.0,0.0,"[20.0, 20.0, 20.0, 20.0, 20.0, 20.0, 20.0, 20.0, 20.0, 20.0, 20.0, 20.0, 20.0, 20.0, 20.0, 20.0, 20.0, 20.0, 20.0, 20.0, 20.0, 20.0, 20.0, 20.0, 20.0, 20.0, 20.0, 20.0, 20.0, 20.0, 20.0, 20.0, 20.0, 20.0, 20.0, 20.0, 20.0, 20.0, 20.0, 20.0, 20.0, 20.0, 20.0, 20.0, 20.0, 20.0, 20.0, 20.0, 20.0, 20.0, 20.0, 20.0, 20.0, 20.0, 20.0, 20.0, 20.0, 20.0, 20.0, 20.0, 20.0, 20.0, 20.0, 20.0, 20.0, 20.0, 20.0, 20.0, 20.0, 20.0, 20.0, 20.0]",-0.001301076146773994,0.002316755708307028,-0.0787,-0.3423,-0.1967,-0.5042,0.0024,0.0037,0.0002,-9.9494,16.012,,91.0,,,,-0.1136,0.3104,0.3305,290.1,14.98,1.22472,0.0292,315.65,0.052,1,4.62,0.572,1,3,10,0.7,2.505,0,0.0,0,0
1790659254.1896157,47.3979705,8.546163199999999,2.6500000953674316,0.019437246024608612,-0.01060227956622839,-1.2999721765518188,95.9,-0.007195477575107283,0.0696291971982022,0.0,91.07757987976072,20.0,20.0,0.0,69.1396686406438,3.480146779533,0.012581697016858719,14.0,0.0,0.0,"[20.0, 20.0, 20.0, 20.0, 20.0, 20.0, 20.0, 20.0, 20.0, 20.0, 20.0, 20.0, 20.0, 20.0, 20.0, 20.0, 20.0, 20.0, 20.0, 20.0, 20.0, 20.0, 20.0, 20.0, 20.0, 20.0, 20.0, 20.0, 20.0, 20.0, 20.0, 20.0, 20.0, 20.0, 20.0, 20.0, 20.0, 20.0, 20.0, 20.0, 20.0, 20.0, 20.0, 20.0, 20.0, 20.0, 20.0, 20.0, 20.0, 20.0, 20.0, 20.0, 20.0, 20.0, 20.0, 20.0, 20.0, 20.0, 20.0, 20.0, 20.0, 20.0, 20.0, 20.0, 20.0, 20.0, 20.0, 20.0, 20.0, 20.0, 20.0, 20.0]",-0.001301076146773994,0.002316755708307028,-0.116,-0.3739,-0.2202,-0.0367,-0.0288,-0.0002,0.0008,-9.9315,16.012,,91.0,,,,-0.1187,0.3388,0.359,289.3,14.98,1.22469,0.0221,331.39,0.057,1,4.82,0.579,1,3,10,0.7,2.691,0,0.0,0,0
1790659254.3896768,47.3979705,8.546163199999999,2.9100000858306885,0.020191647112369537,-0.0004471175489015877,-1.3226248025894165,95.9,-0.007195477575107283,0.0696291971982022,0.0,91.09605064392088,20.0,20.0,0.0,66.08875590637089,3.8214385308034133,0.01729736227722776,14.0,0.0,0.0,"[20.0, 20.0, 20.0, 20.0, 20.0, 20.0, 20.0, 20.0, 20.0, 20.0, 20.0, 20.0, 20.0, 20.0, 20.0, 20.0, 20.0, 20.0, 20.0, 20.0, 20.0, 20.0, 20.0, 20.0, 20.0, 20.0, 20.0, 20.0, 20.0, 20.0, 20.0, 20.0, 20.0, 20.0, 20.0, 20.0, 20.0, 20.0, 20.0, 20.0, 20.0, 20.0, 20.0, 20.0, 20.0, 20.0, 20.0, 20.0, 20.0, 20.0, 20.0, 20.0, 20.0, 20.0, 20.0, 20.0, 20.0, 20.0, 20.0, 20.0, 20.0, 20.0, 20.0, 20.0, 20.0, 20.0, 20.0, 20.0, 20.0, 20.0, 20.0, 20.0]",-0.001301076146773994,0.002316755708307028,-0.148,-0.3583,-0.138,0.1616,0.0137,-0.0107,-0.0053,-9.9221,16.012,,91.0,,,,-0.0993,0.2471,0.2663,291.9,14.98,1.22466,0.0202,358.73,0.06,1,5.02,0.583,1,3,10,0.7,2.978,0,0.0,0,0
1790659254.589948,47.3979705,8.546163199999999,3.1730000972747803,0.022812362760305405,0.010204385034739971,-1.342939019203186,95.92,-0.007219782311172733,0.06962668126070118,0.0,91.11599914550783,20.0,20.0,0.0,66.46886138080686,4.5251807277673475,0.024881746108208504,14.0,0.0,0.0,"[20.0, 20.0, 20.0, 20.0, 20.0, 20.0, 20.0, 20.0, 20.0, 20.0, 20.0, 20.0, 20.0, 20.0, 20.0, 20.0, 20.0, 20.0, 20.0, 20.0, 20.0, 20.0, 20.0, 20.0, 20.0, 20.0, 20.0, 20.0, 20.0, 20.0, 20.0, 20.0, 20.0, 20.0, 20.0, 20.0, 20.0, 20.0, 20.0, 20.0, 20.0, 20.0, 20.0, 20.0, 20.0, 20.0, 20.0, 20.0, 20.0, 20.0, 20.0, 20.0, 20.0, 20.0, 20.0, 20.0, 20.0, 20.0, 20.0, 20.0, 20.0, 20.0, 20.0, 20.0, 20.0, 20.0, 20.0, 20.0, 20.0, 20.0, 20.0, 20.0]",-0.001301076146773994,0.002316755708307028,-0.1504,-0.3094,0.1109,0.419,0.0193,0.0001,-0.011,-9.9125,16.012,,91.0,,,,-0.0808,0.2305,0.2443,289.32,14.98,1.22463,0.025,24.1,0.06,1,5.22,0.584,1,3,10,0.7,3.29,0,0.0,0,0
1790659254.790959,47.3979706,8.546163199999999,3.439000129699707,0.027183150872588158,0.01984463445842266,-1.3611201047897339,95.93,-0.007231934349499812,0.06962542011050651,0.0,91.10412376403809,20.0,20.0,0.0,68.67932040250565,5.538069254117798,0.03325268918460129,14.0,0.0,0.0,"[20.0, 20.0, 20.0, 20.0, 20.0, 20.0, 20.0, 20.0, 20.0, 20.0, 20.0, 20.0, 20.0, 20.0, 20.0, 20.0, 20.0, 20.0, 20.0, 20.0, 20.0, 20.0, 20.0, 20.0, 20.0, 20.0, 20.0, 20.0, 20.0, 20.0, 20.0, 20.0, 20.0, 20.0, 20.0, 20.0, 20.0, 20.0, 20.0, 20.0, 20.0, 20.0, 20.0, 20.0, 20.0, 20.0, 20.0, 20.0, 20.0, 20.0, 20.0, 20.0, 20.0, 20.0, 20.0, 20.0, 20.0, 20.0, 20.0, 20.0, 20.0, 20.0, 20.0, 20.0, 20.0, 20.0, 20.0, 20.0, 20.0, 20.0, 20.0, 20.0]",-0.001301076146773994,0.002316755708307028,-0.1097,-0.2227,0.3621,0.5131,-0.1,-0.0089,0.0127,-9.9064,15.952,,88.0,,,,-0.1394,0.2868,0.3188,295.93,14.98,1.2246,0.0337,36.13,0.055,1,5.42,0.59,1,3,10,0.7,3.571,0,0.0,0,0
1790659254.991853,47.3979706,8.5461634,3.7080001831054688,0.030748095363378525,0.02717825211584568,-1.3773503303527832,95.93,-0.007231934349499812,0.06962542011050651,0.0,91.10676162719727,20.0,20.0,0.0,73.75839434643402,6.351152633845016,0.03873109155503836,14.0,0.0,0.0,"[20.0, 20.0, 20.0, 20.0, 20.0, 20.0, 20.0, 20.0, 20.0, 20.0, 20.0, 20.0, 20.0, 20.0, 20.0, 20.0, 20.0, 20.0, 20.0, 20.0, 20.0, 20.0, 20.0, 20.0, 20.0, 20.0, 20.0, 20.0, 20.0, 20.0, 20.0, 20.0, 20.0, 20.0, 20.0, 20.0, 20.0, 20.0, 20.0, 20.0, 20.0, 20.0, 20.0, 20.0, 20.0, 20.0, 20.0, 20.0, 20.0, 20.0, 20.0, 20.0, 20.0, 20.0, 20.0, 20.0, 20.0, 20.0, 20.0, 20.0, 20.0, 20.0, 20.0, 20.0, 20.0, 20.0, 20.0, 20.0, 20.0, 20.0, 20.0, 20.0]",-0.001301076146773994,0.002316755708307028,-0.0229,-0.1121,0.5555,0.5911,-0.039,-0.0031,0.0049,-9.8944,15.952,,88.0,,,,-0.1666,0.3335,0.3728,296.54,14.98,1.22456,0.041,41.47,0.044,1,5.62,0.602,1,3,10,0.7,3.785,0,0.0,0,0
1790659255.1925821,47.397970699999995,8.5461635,3.9790000915527344,0.03277336433529854,0.029099034145474434,-1.3917796611785889,95.92,-0.007219782311172733,0.06962668126070118,0.0,91.09554855346681,20.0,20.0,0.0,82.11868831312927,6.767422835511972,0.038768898763786516,14.0,0.0,0.0,"[20.0, 20.0, 20.0, 20.0, 20.0, 20.0, 20.0, 20.0, 20.0, 20.0, 20.0, 20.0, 20.0, 20.0, 20.0, 20.0, 20.0, 20.0, 20.0, 20.0, 20.0, 20.0, 20.0, 20.0, 20.0, 20.0, 20.0, 20.0, 20.0, 20.0, 20.0, 20.0, 20.0, 20.0, 20.0, 20.0, 20.0, 20.0, 20.0, 20.0, 20.0, 20.0, 20.0, 20.0, 20.0, 20.0, 20.0, 20.0, 20.0, 20.0, 20.0, 20.0, 20.0, 20.0, 20.0, 20.0, 20.0, 20.0, 20.0, 20.0, 20.0, 20.0, 20.0, 20.0, 20.0, 20.0, 20.0, 20.0, 20.0, 20.0, 20.0, 20.0]",-0.001301076146773994,0.002316755708307028,0.0883,0.0017,0.7034,0.5103,-0.0233,-0.0106,-0.0038,-9.9001,15.952,,88.0,,,,-0.1106,0.4157,0.4302,284.89,14.97,1.22453,0.0438,41.6,0.029,1,5.82,0.617,1,3,10,0.7,4.067,0,0.0,0,0
1790659255.3934143,47.3979709,8.5461636,4.284000396728516,0.03333259001374245,0.02649402804672718,-1.404989242553711,95.85000000000001,0.0,0.0,0.0,91.03746757507326,20.0,20.0,0.0,98.46117101791697,6.816298254043389,0.03209097248906643,14.0,0.0,0.0,"[20.0, 20.0, 20.0, 20.0, 20.0, 20.0, 20.0, 20.0, 20.0, 20.0, 20.0, 20.0, 20.0, 20.0, 20.0, 20.0, 20.0, 20.0, 20.0, 20.0, 20.0, 20.0, 20.0, 20.0, 20.0, 20.0, 20.0, 20.0, 20.0, 20.0, 20.0, 20.0, 20.0, 20.0, 20.0, 20.0, 20.0, 20.0, 20.0, 20.0, 20.0, 20.0, 20.0, 20.0, 20.0, 20.0, 20.0, 20.0, 20.0, 20.0, 20.0, 20.0, 20.0, 20.0, 20.0, 20.0, 20.0, 20.0, 20.0, 20.0, 20.0, 20.0, 20.0, 20.0, 20.0, 20.0, 20.0, 20.0, 20.0, 20.0, 20.0, 20.0]",-0.001301076146773994,0.002316755708307028,0.2329,0.081,0.8253,0.2829,0.0122,-0.0149,-0.004,-9.8941,15.952,,88.0,,,,-0.0918,0.3062,0.3197,286.69,14.97,1.2245,0.0426,38.48,0.013,1,6.02,0.634,1,3,10,0.7,4.302,0,0.0,0,0
1790659255.5931692,47.397971,8.5461636,4.560000419616699,0.027993110939860344,0.019479461014270782,-1.4167201519012451,95.8,0.0,0.0,0.0,100.60199813842775,20.0,20.0,0.0,-167.62481251726444,5.67623786649801,-0.02255673957335456,14.0,0.0,0.0,"[20.0, 20.0, 20.0, 20.0, 20.0, 20.0, 20.0, 20.0, 20.0, 20.0, 20.0, 20.0, 20.0, 20.0, 20.0, 20.0, 20.0, 20.0, 20.0, 20.0, 20.0, 20.0, 20.0, 20.0, 20.0, 20.0, 20.0, 20.0, 20.0, 20.0, 20.0, 20.0, 20.0, 20.0, 20.0, 20.0, 20.0, 20.0, 20.0, 20.0, 20.0, 20.0, 20.0, 20.0, 20.0, 20.0, 20.0, 20.0, 20.0, 20.0, 20.0, 20.0, 20.0, 20.0, 20.0, 20.0, 20.0, 20.0, 20.0, 20.0, 20.0, 20.0, 20.0, 20.0, 20.0, 20.0, 20.0, 20.0, 20.0, 20.0, 20.0, 20.0]",-0.001301076146773994,0.002316755708307028,0.3729,0.0958,0.5684,-0.0889,0.0657,-0.006,-0.016,-9.883,15.952,,88.0,,,,-0.0322,0.3464,0.3479,275.31,14.97,1.22446,0.0341,34.83,0.005,1,6.22,0.648,1,3,10,0.7,4.601,0,0.0,0,0
1790659255.7936835,47.3979711,8.5461637,4.838000297546387,0.017231270670890808,0.012969279661774635,-1.4270825386047363,95.81,0.0,0.0,0.0,100.61219268798828,20.0,20.0,0.0,-116.32442213127011,3.5203299488571087,-0.021489939389560248,14.0,0.0,0.0,"[20.0, 20.0, 20.0, 20.0, 20.0, 20.0, 20.0, 20.0, 20.0, 20.0, 20.0, 20.0, 20.0, 20.0, 20.0, 20.0, 20.0, 20.0, 20.0, 20.0, 20.0, 20.0, 20.0, 20.0, 20.0, 20.0, 20.0, 20.0, 20.0, 20.0, 20.0, 20.0, 20.0, 20.0, 20.0, 20.0, 20.0, 20.0, 20.0, 20.0, 20.0, 20.0, 20.0, 20.0, 20.0, 20.0, 20.0, 20.0, 20.0, 20.0, 20.0, 20.0, 20.0, 20.0, 20.0, 20.0, 20.0, 20.0, 20.0, 20.0, 20.0, 20.0, 20.0, 20.0, 20.0, 20.0, 20.0, 20.0, 20.0, 20.0, 20.0, 20.0]",-0.001301076146773994,0.002316755708307028,0.4419,0.0727,0.1773,-0.1838,0.1588,-0.0134,-0.0047,-9.8809,15.952,,88.0,,,,-0.1317,0.34,0.3646,291.17,14.97,1.22443,0.0216,36.97,0.013,1,6.42,0.659,1,3,10,0.7,4.885,0,0.0,0,0
1790659255.993824,47.3979712,8.5461637,5.121000289916992,0.005636672023683786,0.008324787020683289,-1.4372690916061401,95.86,0.0,0.0,0.0,100.66873298645021,20.0,20.0,0.0,-108.60010608111575,1.233036603705272,-0.008577737144742305,14.0,0.0,0.0,"[20.0, 20.0, 20.0, 20.0, 20.0, 20.0, 20.0, 20.0, 20.0, 20.0, 20.0, 20.0, 20.0, 20.0, 20.0, 20.0, 20.0, 20.0, 20.0, 20.0, 20.0, 20.0, 20.0, 20.0, 20.0, 20.0, 20.0, 20.0, 20.0, 20.0, 20.0, 20.0, 20.0, 20.0, 20.0, 20.0, 20.0, 20.0, 20.0, 20.0, 20.0, 20.0, 20.0, 20.0, 20.0, 20.0, 20.0, 20.0, 20.0, 20.0, 20.0, 20.0, 20.0, 20.0, 20.0, 20.0, 20.0, 20.0, 20.0, 20.0, 20.0, 20.0, 20.0, 20.0, 20.0, 20.0, 20.0, 20.0, 20.0, 20.0, 20.0, 20.0]",-0.001301076146773994,0.002316755708307028,0.4472,0.0486,0.0188,-0.0688,0.2123,-0.0048,-0.0096,-9.8654,15.952,,88.0,,,,-0.18,0.3557,0.3987,296.83,14.97,1.2244,0.0101,55.9,0.022,1,6.62,0.668,1,3,10,0.7,5.164,0,0.0,0,0
1790659256.1943164,47.3979712,8.5461637,5.406000137329102,-0.005191834643483162,0.004889368079602718,-1.44614577293396,95.91,0.0,0.0,0.0,100.72641197204587,20.0,20.0,0.0,-106.13040821133569,-0.8900756131560416,0.002977626176668958,14.0,0.0,0.0,"[20.0, 20.0, 20.0, 20.0, 20.0, 20.0, 20.0, 20.0, 20.0, 20.0, 20.0, 20.0, 20.0, 20.0, 20.0, 20.0, 20.0, 20.0, 20.0, 20.0, 20.0, 20.0, 20.0, 20.0, 20.0, 20.0, 20.0, 20.0, 20.0, 20.0, 20.0, 20.0, 20.0, 20.0, 20.0, 20.0, 20.0, 20.0, 20.0, 20.0, 20.0, 20.0, 20.0, 20.0, 20.0, 20.0, 20.0, 20.0, 20.0, 20.0, 20.0, 20.0, 20.0, 20.0, 20.0, 20.0, 20.0, 20.0, 20.0, 20.0, 20.0, 20.0, 20.0, 20.0, 20.0, 20.0, 20.0, 20.0, 20.0, 20.0, 20.0, 20.0]",-0.001301076146773994,0.002316755708307028,0.4272,0.0332,-0.1035,-0.1067,0.2109,-0.0029,-0.008,-9.8539,15.952,,88.0,,,,-0.196,0.2925,0.3521,303.83,14.96,1.22436,0.0071,136.72,0.029,1,6.82,0.676,1,3,10,0.7,5.482,0,0.0,0,0
1790659256.395361,47.397971299999995,8.5461638,5.693000316619873,-0.014718839898705482,0.002143255667760968,-1.4535194635391235,95.94,0.0,0.0,0.0,100.76525825500488,20.0,20.0,0.0,-106.21215151977842,-2.751520434168585,0.012824228588830993,14.0,0.0,0.0,"[20.0, 20.0, 20.0, 20.0, 20.0, 20.0, 20.0, 20.0, 20.0, 20.0, 20.0, 20.0, 20.0, 20.0, 20.0, 20.0, 20.0, 20.0, 20.0, 20.0, 20.0, 20.0, 20.0, 20.0, 20.0, 20.0, 20.0, 20.0, 20.0, 20.0, 20.0, 20.0, 20.0, 20.0, 20.0, 20.0, 20.0, 20.0, 20.0, 20.0, 20.0, 20.0, 20.0, 20.0, 20.0, 20.0, 20.0, 20.0, 20.0, 20.0, 20.0, 20.0, 20.0, 20.0, 20.0, 20.0, 20.0, 20.0, 20.0, 20.0, 20.0, 20.0, 20.0, 20.0, 20.0, 20.0, 20.0, 20.0, 20.0, 20.0, 20.0, 20.0]",-0.001301076146773994,0.002316755708307028,0.4115,0.0276,-0.0846,-0.0594,0.1298,-0.0029,-0.0086,-9.8562,15.952,,88.0,,,,-0.1346,0.2418,0.2767,299.1,14.96,1.22433,0.0149,171.72,0.035,1,7.02,0.682,1,3,10,0.7,5.807,0,0.0,0,0
1790659256.596326,47.397971299999995,8.5461638,5.982000350952148,-0.023678772151470184,-0.00040500456816516817,-1.4604840278625488,95.95,0.0,0.0,0.0,100.77066917419432,20.0,20.0,0.0,-108.03666155886386,-4.496712333891193,0.021798520315486056,14.0,0.0,0.0,"[20.0, 20.0, 20.0, 20.0, 20.0, 20.0, 20.0, 20.0, 20.0, 20.0, 20.0, 20.0, 20.0, 20.0, 20.0, 20.0, 20.0, 20.0, 20.0, 20.0, 20.0, 20.0, 20.0, 20.0, 20.0, 20.0, 20.0, 20.0, 20.0, 20.0, 20.0, 20.0, 20.0, 20.0, 20.0, 20.0, 20.0, 20.0, 20.0, 20.0, 20.0, 20.0, 20.0, 20.0, 20.0, 20.0, 20.0, 20.0, 20.0, 20.0, 20.0, 20.0, 20.0, 20.0, 20.0, 20.0, 20.0, 20.0, 20.0, 20.0, 20.0, 20.0, 20.0, 20.0, 20.0, 20.0, 20.0, 20.0, 20.0, 20.0, 20.0, 20.0]",-0.001301076146773994,0.002316755708307028,0.3812,0.0312,-0.199,-0.01,0.0261,-0.0067,-0.0138,-9.849,15.952,,88.0,,,,-0.2523,0.1702,0.3044,325.99,14.96,1.2243,0.0237,180.98,0.037,1,7.22,0.684,1,3,10,0.7,6.126,0,0.0,0,0
1790659256.7971935,47.397971299999995,8.5461638,6.277000427246094,-0.03282357007265091,-0.0030716871842741966,-1.4676942825317383,95.94,0.0,0.0,0.0,100.76323265075683,20.0,20.0,0.0,-111.26182948028294,-6.270734136318358,0.03059749064436607,14.0,0.0,0.0,"[20.0, 20.0, 20.0, 20.0, 20.0, 20.0, 20.0, 20.0, 20.0, 20.0, 20.0, 20.0, 20.0, 20.0, 20.0, 20.0, 20.0, 20.0, 20.0, 20.0, 20.0, 20.0, 20.0, 20.0, 20.0, 20.0, 20.0, 20.0, 20.0, 20.0, 20.0, 20.0, 20.0, 20.0, 20.0, 20.0, 20.0, 20.0, 20.0, 20.0, 20.0, 20.0, 20.0, 20.0, 20.0, 20.0, 20.0, 20.0, 20.0, 20.0, 20.0, 20.0, 20.0, 20.0, 20.0, 20.0, 20.0, 20.0, 20.0, 20.0, 20.0, 20.0, 20.0, 20.0, 20.0, 20.0, 20.0, 20.0, 20.0, 20.0, 20.0, 20.0]",-0.001301076146773994,0.002316755708307028,0.316,0.0305,-0.3935,-0.0115,-0.0618,-0.0079,-0.0095,-9.8332,15.892,,85.0,,,,-0.1242,0.1516,0.196,309.34,14.96,1.22426,0.033,185.35,0.034,1,7.42,0.687,1,3,10,0.7,6.365,0,0.0,0,0
1790659256.997356,47.3979712,8.5461638,6.574000358581543,-0.04102548584342003,-0.006370163522660732,-1.4733247756958008,95.93,0.0,0.0,0.0,100.7310482788086,20.0,20.0,0.0,-119.01855120341803,-7.869199419340072,0.03727631554713255,14.0,0.0,0.0,"[20.0, 20.0, 20.0, 20.0, 20.0, 20.0, 20.0, 20.0, 20.0, 20.0, 20.0, 20.0, 20.0, 20.0, 20.0, 20.0, 20.0, 20.0, 20.0, 20.0, 20.0, 20.0, 20.0, 20.0, 20.0, 20.0, 20.0, 20.0, 20.0, 20.0, 20.0, 20.0, 20.0, 20.0, 20.0, 20.0, 20.0, 20.0, 20.0, 20.0, 20.0, 20.0, 20.0, 20.0, 20.0, 20.0, 20.0, 20.0, 20.0, 20.0, 20.0, 20.0, 20.0, 20.0, 20.0, 20.0, 20.0, 20.0, 20.0, 20.0, 20.0, 20.0, 20.0, 20.0, 20.0, 20.0, 20.0, 20.0, 20.0, 20.0, 20.0, 20.0]",-0.001301076146773994,0.002316755708307028,0.2046,0.0257,-0.7727,-0.0376,-0.2084,-0.0086,-0.0075,-9.8487,15.892,,85.0,,,,-0.0113,0.0866,0.0874,277.41,14.96,1.22423,0.0415,188.83,0.026,1,7.62,0.697,1,3,10,0.7,6.655,0,0.0,0,0
1790659257.197698,47.3979711,8.5461637,6.869000434875488,-0.04522130638360977,-0.008684211410582066,-1.4774346351623535,95.92,0.0,0.0,0.0,100.72748558044435,20.0,20.0,0.0,-138.8029143947365,-8.694284229207724,0.03320623214645094,14.0,0.0,0.0,"[20.0, 20.0, 20.0, 20.0, 20.0, 20.0, 20.0, 20.0, 20.0, 20.0, 20.0, 20.0, 20.0, 20.0, 20.0, 20.0, 20.0, 20.0, 20.0, 20.0, 20.0, 20.0, 20.0, 20.0, 20.0, 20.0, 20.0, 20.0, 20.0, 20.0, 20.0, 20.0, 20.0, 20.0, 20.0, 20.0, 20.0, 20.0, 20.0, 20.0, 20.0, 20.0, 20.0, 20.0, 20.0, 20.0, 20.0, 20.0, 20.0, 20.0, 20.0, 20.0, 20.0, 20.0, 20.0, 20.0, 20.0, 20.0, 20.0, 20.0, 20.0, 20.0, 20.0, 20.0, 20.0, 20.0, 20.0, 20.0, 20.0, 20.0, 20.0, 20.0]",-0.001301076146773994,0.002316755708307028,0.0598,0.0048,-0.6889,-0.1389,-0.0576,-0.0089,-0.0123,-9.8374,15.892,,85.0,,,,-0.1257,0.0511,0.1357,337.89,14.96,1.22419,0.046,190.87,0.016,1,7.82,0.709,1,3,10,0.7,6.95,0,0.0,0,0
1790659257.398747,47.397971,8.5461638,7.164000511169434,-0.044336315244436264,-0.007860834710299969,-1.4810616970062256,95.87,0.0,0.0,0.0,91.04508506774903,20.0,20.0,0.0,169.43776630390084,-8.513539454755513,-0.005002147159979349,14.0,0.0,0.0,"[20.0, 20.0, 20.0, 20.0, 20.0, 20.0, 20.0, 20.0, 20.0, 20.0, 20.0, 20.0, 20.0, 20.0, 20.0, 20.0, 20.0, 20.0, 20.0, 20.0, 20.0, 20.0, 20.0, 20.0, 20.0, 20.0, 20.0, 20.0, 20.0, 20.0, 20.0, 20.0, 20.0, 20.0, 20.0, 20.0, 20.0, 20.0, 20.0, 20.0, 20.0, 20.0, 20.0, 20.0, 20.0, 20.0, 20.0, 20.0, 20.0, 20.0, 20.0, 20.0, 20.0, 20.0, 20.0, 20.0, 20.0, 20.0, 20.0, 20.0, 20.0, 20.0, 20.0, 20.0, 20.0, 20.0, 20.0, 20.0, 20.0, 20.0, 20.0, 20.0]",-0.001301076146773994,0.002316755708307028,-0.0725,0.001,-0.6429,0.1328,-0.0539,-0.0087,-0.0105,-9.8351,15.892,,85.0,,,,-0.1989,0.0596,0.2076,343.32,14.95,1.22416,0.045,190.05,0.014,1,8.03,0.722,1,3,10,0.7,7.225,0,0.0,0,0
1790659257.5999916,47.397970799999996,8.5461638,7.458000183105469,-0.04068581014871597,-0.005902132019400597,-1.4840861558914185,95.81,0.0,0.0,0.0,90.99145370483399,20.0,20.0,0.0,137.6517035653606,-7.7961369325783965,-0.026373384308001995,14.0,0.0,0.0,"[20.0, 20.0, 20.0, 20.0, 20.0, 20.0, 20.0, 20.0, 20.0, 20.0, 20.0, 20.0, 20.0, 20.0, 20.0, 20.0, 20.0, 20.0, 20.0, 20.0, 20.0, 20.0, 20.0, 20.0, 20.0, 20.0, 20.0, 20.0, 20.0, 20.0, 20.0, 20.0, 20.0, 20.0, 20.0, 20.0, 20.0, 20.0, 20.0, 20.0, 20.0, 20.0, 20.0, 20.0, 20.0, 20.0, 20.0, 20.0, 20.0, 20.0, 20.0, 20.0, 20.0, 20.0, 20.0, 20.0, 20.0, 20.0, 20.0, 20.0, 20.0, 20.0, 20.0, 20.0, 20.0, 20.0, 20.0, 20.0, 20.0, 20.0, 20.0, 20.0]",-0.001301076146773994,0.002316755708307028,-0.1722,0.0253,-0.57,0.2691,0.0004,-0.0051,-0.0079,-9.6884,15.892,,85.0,,,,-0.0943,0.1664,0.1912,299.53,14.95,1.22412,0.0411,188.25,0.023,1,8.23,0.735,1,3,10,0.7,7.506,0,0.0,0,0
1790659257.8002536,47.397970699999995,8.5461638,7.742000579833984,-0.034656547009944916,-0.004563199356198311,-1.3895230293273926,95.78,0.0,0.0,0.0,90.95848968505857,20.0,20.0,0.0,127.94373740376238,-6.643101752355779,-0.02690863923599702,14.0,0.0,0.0,"[20.0, 20.0, 20.0, 20.0, 20.0, 20.0, 20.0, 20.0, 20.0, 20.0, 20.0, 20.0, 20.0, 20.0, 20.0, 20.0, 20.0, 20.0, 20.0, 20.0, 20.0, 20.0, 20.0, 20.0, 20.0, 20.0, 20.0, 20.0, 20.0, 20.0, 20.0, 20.0, 20.0, 20.0, 20.0, 20.0, 20.0, 20.0, 20.0, 20.0, 20.0, 20.0, 20.0, 20.0, 20.0, 20.0, 20.0, 20.0, 20.0, 20.0, 20.0, 20.0, 20.0, 20.0, 20.0, 20.0, 20.0, 20.0, 20.0, 20.0, 20.0, 20.0, 20.0, 20.0, 20.0, 20.0, 20.0, 20.0, 20.0, 20.0, 20.0, 20.0]",-0.001301076146773994,0.002316755708307028,-0.2547,0.081,-0.4753,0.2784,0.1877,0.0037,-0.0078,-9.2596,15.892,,85.0,,,,-0.0154,0.1196,0.1206,277.32,14.95,1.22409,0.035,187.5,0.036,1,8.43,0.749,1,3,10,0.7,7.826,0,0.0,0,0
1790659258.000673,47.3979706,8.5461639,8.00200080871582,-0.025665847584605217,-0.005732394754886627,-1.286987066268921,95.8,0.0,0.0,0.0,90.99300079345704,20.0,20.0,0.0,123.54350585022848,-4.974819695836472,-0.02004680096997481,14.0,0.0,0.0,"[20.0, 20.0, 20.0, 20.0, 20.0, 20.0, 20.0, 20.0, 20.0, 20.0, 20.0, 20.0, 20.0, 20.0, 20.0, 20.0, 20.0, 20.0, 20.0, 20.0, 20.0, 20.0, 20.0, 20.0, 20.0, 20.0, 20.0, 20.0, 20.0, 20.0, 20.0, 20.0, 20.0, 20.0, 20.0, 20.0, 20.0, 20.0, 20.0, 20.0, 20.0, 20.0, 20.0, 20.0, 20.0, 20.0, 20.0, 20.0, 20.0, 20.0, 20.0, 20.0, 20.0, 20.0, 20.0, 20.0, 20.0, 20.0, 20.0, 20.0, 20.0, 20.0, 20.0, 20.0, 20.0, 20.0, 20.0, 20.0, 20.0, 20.0, 20.0, 20.0]",-0.001301076146773994,0.002316755708307028,-0.3109,0.1194,-0.1896,0.1405,0.2903,-0.0032,-0.0108,-9.3695,15.892,,85.0,,,,0.115,0.1459,0.1858,231.74,14.95,1.22406,0.0263,192.59,0.046,1,8.63,0.76,1,3,10,0.7,8.016,0,0.0,0,0
1790659258.2016895,47.3979706,8.5461639,8.242000579833984,-0.013492977246642113,-0.006816640496253967,-1.1997846364974976,95.85000000000001,0.0,0.0,0.0,91.02617225646975,20.0,20.0,0.0,123.41477927867072,-2.6942543804737893,-0.0088069567678354,14.0,0.0,0.0,"[20.0, 20.0, 20.0, 20.0, 20.0, 20.0, 20.0, 20.0, 20.0, 20.0, 20.0, 20.0, 20.0, 20.0, 20.0, 20.0, 20.0, 20.0, 20.0, 20.0, 20.0, 20.0, 20.0, 20.0, 20.0, 20.0, 20.0, 20.0, 20.0, 20.0, 20.0, 20.0, 20.0, 20.0, 20.0, 20.0, 20.0, 20.0, 20.0, 20.0, 20.0, 20.0, 20.0, 20.0, 20.0, 20.0, 20.0, 20.0, 20.0, 20.0, 20.0, 20.0, 20.0, 20.0, 20.0, 20.0, 20.0, 20.0, 20.0, 20.0, 20.0, 20.0, 20.0, 20.0, 20.0, 20.0, 20.0, 20.0, 20.0, 20.0, 20.0, 20.0]",-0.001301076146773994,0.002316755708307028,-0.3208,0.1377,0.168,0.1128,0.3111,0.0061,-0.0091,-9.3991,15.892,,85.0,,,,-0.0034,0.0787,0.0788,272.49,14.95,1.22403,0.0151,206.8,0.052,1,8.83,0.766,1,3,10,0.7,8.304,0,0.0,0,0
1790659258.4021943,47.3979706,8.5461639,8.467000007629395,-0.0012781783007085323,-0.008641619235277176,-1.1162827014923096,95.89,0.0,0.0,0.0,91.07441772460936,20.0,20.0,0.0,124.39594855386298,-0.4121833414127727,0.0030009911263548256,14.0,0.0,0.0,"[20.0, 20.0, 20.0, 20.0, 20.0, 20.0, 20.0, 20.0, 20.0, 20.0, 20.0, 20.0, 20.0, 20.0, 20.0, 20.0, 20.0, 20.0, 20.0, 20.0, 20.0, 20.0, 20.0, 20.0, 20.0, 20.0, 20.0, 20.0, 20.0, 20.0, 20.0, 20.0, 20.0, 20.0, 20.0, 20.0, 20.0, 20.0, 20.0, 20.0, 20.0, 20.0, 20.0, 20.0, 20.0, 20.0, 20.0, 20.0, 20.0, 20.0, 20.0, 20.0, 20.0, 20.0, 20.0, 20.0, 20.0, 20.0, 20.0, 20.0, 20.0, 20.0, 20.0, 20.0, 20.0, 20.0, 20.0, 20.0, 20.0, 20.0, 20.0, 20.0]",-0.001301076146773994,0.002316755708307028,-0.267,0.1481,0.401,0.0308,0.2726,-0.0033,-0.0043,-9.4058,15.892,,85.0,,,,0.0908,0.126,0.1553,234.24,14.94,1.224,0.0087,261.59,0.055,1,9.03,0.768,1,3,10,0.7,8.569,0,0.0,0,0
1790659259.6184297,47.397970699999995,8.5461637,9.444000244140625,0.01620778813958168,-0.012693998403847218,-0.35011225938796997,95.92,0.0,0.0,0.0,91.0937861633301,20.0,20.0,0.02445485070347786,95.9270371037137,2.8266062417291127,0.016220175541161574,14.0,0.0,0.0,"[20.0, 20.0, 20.0, 20.0, 20.0, 20.0, 20.0, 20.0, 20.0, 20.0, 20.0, 20.0, 20.0, 20.0, 20.0, 20.0, 20.0, 20.0, 20.0, 20.0, 20.0, 20.0, 20.0, 20.0, 20.0, 20.0, 20.0, 20.0, 20.0, 20.0, 20.0, 20.0, 20.0, 20.0, 20.0, 20.0, 20.0, 20.0, 20.0, 20.0, 20.0, 20.0, 20.0, 20.0, 20.0, 20.0, 20.0, 20.0, 20.0, 20.0, 20.0, 20.0, 20.0, 20.0, 20.0, 20.0, 20.0, 20.0, 20.0, 20.0, 20.0, 20.0, 20.0, 20.0, 20.0, 20.0, 20.0, 20.0, 20.0, 20.0, 20.0, 20.0]",0.010548260062932968,25.00073071604954,0.0203,-0.0419,0.0885,0.0357,-0.0057,-0.0019,-0.009,-8.6205,15.832,,81.0,,,,-0.06,0.2085,0.217,286.07,14.94,1.22389,0.0206,321.93,25.045,1,10.25,0.769,1,3,10,0.7,9.53,0,0.0,0,0
1790659259.6306698,47.397970699999995,8.5461637,9.444000244140625,0.01620778813958168,-0.012693998403847218,-0.35011225938796997,95.92,0.0,0.0,0.0,71.26992408752443,20.0,20.0,0.010548260062932968,95.92304676415557,2.8266062417291127,0.016213135695034506,14.0,0.0,0.0,"[20.0, 20.0, 20.0, 20.0, 20.0, 20.0, 20.0, 20.0, 20.0, 20.0, 20.0, 20.0, 20.0, 20.0, 20.0, 20.0, 20.0, 20.0, 20.0, 20.0, 20.0, 20.0, 20.0, 20.0, 20.0, 20.0, 20.0, 20.0, 20.0, 20.0, 20.0, 20.0, 20.0, 20.0, 20.0, 20.0, 20.0, 20.0, 20.0, 20.0, 20.0, 20.0, 20.0, 20.0, 20.0, 20.0, 20.0, 20.0, 20.0, 20.0, 20.0, 20.0, 20.0, 20.0, 20.0, 20.0, 20.0, 20.0, 20.0, 20.0, 20.0, 20.0, 20.0, 20.0, 20.0, 20.0, 20.0, 20.0, 20.0, 20.0, 20.0, 20.0]",0.010548260062932968,25.00073071604954,0.0208,-0.0412,0.0885,0.0357,-0.0057,-0.0019,-0.009,-8.6205,15.832,,81.0,,,,-0.2144,0.3716,0.429,299.98,14.94,1.22389,0.0206,321.93,25.033,1,10.26,0.788,1,3,10,0.7,9.56,0,0.0,0,0
1790659259.8321624,47.397970699999995,8.5461637,9.479000091552734,0.016176458448171616,-0.009565915912389755,-0.13801546394824982,94.88,0.0,0.0,0.0,90.05630386352539,20.0,20.0,0.010604625567793846,94.88306327138355,2.920327787194646,0.016180509457435967,14.0,0.0,0.0,"[20.0, 20.0, 20.0, 20.0, 20.0, 20.0, 20.0, 20.0, 20.0, 20.0, 20.0, 20.0, 20.0, 20.0, 20.0, 20.0, 20.0, 20.0, 20.0, 20.0, 20.0, 20.0, 20.0, 20.0, 20.0, 20.0, 20.0, 20.0, 20.0, 20.0, 20.0, 20.0, 20.0, 20.0, 20.0, 20.0, 20.0, 20.0, 20.0, 20.0, 20.0, 20.0, 20.0, 20.0, 20.0, 20.0, 20.0, 20.0, 20.0, 20.0, 20.0, 20.0, 20.0, 20.0, 20.0, 20.0, 20.0, 20.0, 20.0, 20.0, 20.0, 20.0, 20.0, 20.0, 20.0, 20.0, 20.0, 20.0, 20.0, 20.0, 20.0, 20.0]",0.010548260062932968,25.00073071604954,-0.4374,-0.0896,-4.916,0.0561,-18.0534,-0.0034,0.0012,-9.269,15.832,,81.0,,,,-0.2927,0.2463,0.3825,319.93,14.94,1.22389,0.0188,329.4,25.033,1,10.46,0.788,1,3,10,0.7,9.59,0,0.0,0,0
1790659260.0328445,47.397970699999995,8.5461637,9.483000755310059,0.037162698805332184,-0.006427580490708351,-0.04980562999844551,88.78,4.647558615804007e-05,0.005120734278879456,0.0,84.65739677429201,20.0,20.0,0.008701585233211517,89.48251757496922,7.072263362090579,0.037164931316993804,14.0,0.0,0.0,"[20.0, 20.0, 20.0, 20.0, 20.0, 20.0, 20.0, 20.0, 20.0, 20.0, 20.0, 20.0, 20.0, 20.0, 20.0, 20.0, 20.0, 20.0, 20.0, 20.0, 20.0, 20.0, 20.0, 20.0, 20.0, 20.0, 20.0, 20.0, 20.0, 20.0, 20.0, 20.0, 20.0, 20.0, 20.0, 20.0, 20.0, 20.0, 20.0, 20.0, 20.0, 20.0, 20.0, 20.0, 20.0, 20.0, 20.0, 20.0, 20.0, 20.0, 20.0, 20.0, 20.0, 20.0, 20.0, 20.0, 20.0, 20.0, 20.0, 20.0, 20.0, 20.0, 20.0, 20.0, 20.0, 20.0, 20.0, 20.0, 20.0, 20.0, 20.0, 20.0]",0.010548260062932968,25.00073071604954,-0.3994,-0.1059,5.8183,0.2742,-28.9062,-0.0073,-0.0024,-9.4802,15.832,,81.0,,,,-0.4091,0.2555,0.4823,328.01,14.94,1.22389,0.0377,350.19,25.028,1,10.66,0.793,1,3,10,0.7,9.611,0,0.0,0,0
1790659260.234342,47.397970799999996,8.5461637,9.476000785827637,0.033946163952350616,-0.00586961442604661,-0.004207078833132982,84.21000000000001,0.005769171471790477,0.056895201676676985,0.0,79.38776870727543,20.0,20.0,0.004730933345854282,84.21137275491685,6.534771939308674,0.03394727328844101,14.0,0.0,0.0,"[20.0, 20.0, 20.0, 20.0, 20.0, 20.0, 20.0, 20.0, 20.0, 20.0, 20.0, 20.0, 20.0, 20.0, 20.0, 20.0, 20.0, 20.0, 20.0, 20.0, 20.0, 20.0, 20.0, 20.0, 20.0, 20.0, 20.0, 20.0, 20.0, 20.0, 20.0, 20.0, 20.0, 20.0, 20.0, 20.0, 20.0, 20.0, 20.0, 20.0, 20.0, 20.0, 20.0, 20.0, 20.0, 20.0, 20.0, 20.0, 20.0, 20.0, 20.0, 20.0, 20.0, 20.0, 20.0, 20.0, 20.0, 20.0, 20.0, 20.0, 20.0, 20.0, 20.0, 20.0, 20.0, 20.0, 20.0, 20.0, 20.0, 20.0, 20.0, 20.0]",0.010548260062932968,25.00073071604954,0.7392,-0.0696,3.2355,-0.0109,-17.9418,-0.0058,-0.01,-9.7158,15.832,,81.0,,,,-0.3703,0.3431,0.5048,317.18,14.94,1.22389,0.0344,350.19,25.019,1,10.86,0.803,1,3,10,0.7,9.671,0,0.0,0,0
1790659260.4338906,47.3979709,8.5461636,9.469000816345215,0.009087097831070423,-0.001209504553116858,0.005907860118895769,81.5,0.010020301182723021,0.0692790990429835,0.0,76.96593620300291,20.0,20.0,0.0006959133897908032,81.77020237164948,1.7501567930015582,0.00908713148082153,14.0,0.0,0.0,"[20.0, 20.0, 20.0, 20.0, 20.0, 20.0, 20.0, 20.0, 20.0, 20.0, 20.0, 20.0, 20.0, 20.0, 20.0, 20.0, 20.0, 20.0, 20.0, 20.0, 20.0, 20.0, 20.0, 20.0, 20.0, 20.0, 20.0, 20.0, 20.0, 20.0, 20.0, 20.0, 20.0, 20.0, 20.0, 20.0, 20.0, 20.0, 20.0, 20.0, 20.0, 20.0, 20.0, 20.0, 20.0, 20.0, 20.0, 20.0, 20.0, 20.0, 20.0, 20.0, 20.0, 20.0, 20.0, 20.0, 20.0, 20.0, 20.0, 20.0, 20.0, 20.0, 20.0, 20.0, 20.0, 20.0, 20.0, 20.0, 20.0, 20.0, 20.0, 20.0]",0.010548260062932968,25.00073071604954,0.7539,-0.3195,-2.0784,-1.6269,-11.1748,-0.006,0.0098,-9.7689,15.832,,81.0,,,,-0.4687,0.2857,0.5489,328.64,14.94,1.22389,0.0092,352.42,25.012,1,11.06,0.811,1,3,10,0.7,9.663,0,0.0,0,0
1790659260.6348786,47.3979709,8.5461636,9.464000701904297,-0.006459372583776712,0.013372347690165043,0.00980373378843069,79.59,0.012648356567431782,0.06884779645088944,0.0,74.78844818115235,20.0,20.0,-0.0005026482394896448,79.58985382114292,-1.6743383150995268,-0.006459103837921091,14.0,0.0,0.0,"[20.0, 20.0, 20.0, 20.0, 20.0, 20.0, 20.0, 20.0, 20.0, 20.0, 20.0, 20.0, 20.0, 20.0, 20.0, 20.0, 20.0, 20.0, 20.0, 20.0, 20.0, 20.0, 20.0, 20.0, 20.0, 20.0, 20.0, 20.0, 20.0, 20.0, 20.0, 20.0, 20.0, 20.0, 20.0, 20.0, 20.0, 20.0, 20.0, 20.0, 20.0, 20.0, 20.0, 20.0, 20.0, 20.0, 20.0, 20.0, 20.0, 20.0, 20.0, 20.0, 20.0, 20.0, 20.0, 20.0, 20.0, 20.0, 20.0, 20.0, 20.0, 20.0, 20.0, 20.0, 20.0, 20.0, 20.0, 20.0, 20.0, 20.0, 20.0, 20.0]",0.010548260062932968,25.00073071604954,0.2632,-0.5218,-2.3946,-0.5162,-9.6994,-0.0056,-0.0131,-9.7909,15.832,,81.0,,,,-0.4783,0.2539,0.5415,332.03,14.94,1.22389,0.0149,115.78,25.012,1,11.26,0.812,1,3,10,0.7,9.672,0,0.0,0,0
1790659260.8350239,47.3979709,8.5461636,9.461000442504883,-0.006239354610443115,0.029254768043756485,0.010039440356194973,77.71000000000001,0.014900189948633116,0.06839579182592048,0.0,72.88969703674317,20.0,20.0,0.0010901533532887697,77.71031686015851,-2.352298606797852,-0.006240629638001307,14.0,0.0,0.0,"[20.0, 20.0, 20.0, 20.0, 20.0, 20.0, 20.0, 20.0, 20.0, 20.0, 20.0, 20.0, 20.0, 20.0, 20.0, 20.0, 20.0, 20.0, 20.0, 20.0, 20.0, 20.0, 20.0, 20.0, 20.0, 20.0, 20.0, 20.0, 20.0, 20.0, 20.0, 20.0, 20.0, 20.0, 20.0, 20.0, 20.0, 20.0, 20.0, 20.0, 20.0, 20.0, 20.0, 20.0, 20.0, 20.0, 20.0, 20.0, 20.0, 20.0, 20.0, 20.0, 20.0, 20.0, 20.0, 20.0, 20.0, 20.0, 20.0, 20.0, 20.0, 20.0, 20.0, 20.0, 20.0, 20.0, 20.0, 20.0, 20.0, 20.0, 20.0, 20.0]",0.010548260062932968,25.00073071604954,-0.0219,-0.5214,-0.8718,0.362,-10.0037,-0.0056,-0.0048,-9.8107,15.772,,78.0,,,,-0.5944,0.4394,0.7392,323.52,14.94,1.22389,0.0299,102.04,25.014,1,11.46,0.815,1,3,10,0.7,9.678,0,0.0,0,0
1790659261.0357194,47.3979709,8.5461637,9.459000587463379,0.0016317199915647507,0.04364867880940437,0.00946794543415308,75.55,0.01746745284378795,0.0677856038635789,0.0,70.72811203002931,20.0,20.0,0.007598390802741051,75.5522095108497,-1.7778468529340121,0.001618459573822633,14.0,0.0,0.0,"[20.0, 20.0, 20.0, 20.0, 20.0, 20.0, 20.0, 20.0, 20.0, 20.0, 20.0, 20.0, 20.0, 20.0, 20.0, 20.0, 20.0, 20.0, 20.0, 20.0, 20.0, 20.0, 20.0, 20.0, 20.0, 20.0, 20.0, 20.0, 20.0, 20.0, 20.0, 20.0, 20.0, 20.0, 20.0, 20.0, 20.0, 20.0, 20.0, 20.0, 20.0, 20.0, 20.0, 20.0, 20.0, 20.0, 20.0, 20.0, 20.0, 20.0, 20.0, 20.0, 20.0, 20.0, 20.0, 20.0, 20.0, 20.0, 20.0, 20.0, 20.0, 20.0, 20.0, 20.0, 20.0, 20.0, 20.0, 20.0, 20.0, 20.0, 20.0, 20.0]",0.010548260062932968,25.00073071604954,-0.0761,-0.423,0.0357,0.5782,-10.4879,-0.0028,-0.0073,-9.8061,15.772,,78.0,,,,-0.5471,0.4835,0.7301,318.53,14.94,1.22389,0.0437,87.86,25.012,1,11.66,0.822,1,3,10,0.7,9.68,0,0.0,0,0
1790659261.2371614,47.3979709,8.5461638,9.458000183105469,0.011361540295183659,0.053822390735149384,0.008533046580851078,73.24,0.020185437403211423,0.06702647325379005,0.0,68.43323539733888,20.0,20.0,0.016774270683526993,73.2448887621992,-0.8863891778502795,0.011325430586618328,14.0,0.0,0.0,"[20.0, 20.0, 20.0, 20.0, 20.0, 20.0, 20.0, 20.0, 20.0, 20.0, 20.0, 20.0, 20.0, 20.0, 20.0, 20.0, 20.0, 20.0, 20.0, 20.0, 20.0, 20.0, 20.0, 20.0, 20.0, 20.0, 20.0, 20.0, 20.0, 20.0, 20.0, 20.0, 20.0, 20.0, 20.0, 20.0, 20.0, 20.0, 20.0, 20.0, 20.0, 20.0, 20.0, 20.0, 20.0, 20.0, 20.0, 20.0, 20.0, 20.0, 20.0, 20.0, 20.0, 20.0, 20.0, 20.0, 20.0, 20.0, 20.0, 20.0, 20.0, 20.0, 20.0, 20.0, 20.0, 20.0, 20.0, 20.0, 20.0, 20.0, 20.0, 20.0]",0.010548260062932968,25.00073071604954,-0.0255,-0.2977,0.288,0.5478,-10.5376,-0.0083,-0.0016,-9.8074,15.772,,78.0,,,,-0.4372,0.4903,0.6569,311.72,14.94,1.22389,0.055,78.08,25.005,1,11.86,0.833,1,3,10,0.7,9.7,0,0.0,0,0
1790659261.436761,47.397971,8.546164,9.459000587463379,0.017431315034627914,0.06016818806529045,0.007199046667665243,70.99,0.02280132215343233,0.06618232171853293,0.0,66.17331909179688,20.0,20.0,0.027879364788532257,70.99814633546669,-0.595498174292276,0.01736419538932287,14.0,0.0,0.0,"[20.0, 20.0, 20.0, 20.0, 20.0, 20.0, 20.0, 20.0, 20.0, 20.0, 20.0, 20.0, 20.0, 20.0, 20.0, 20.0, 20.0, 20.0, 20.0, 20.0, 20.0, 20.0, 20.0, 20.0, 20.0, 20.0, 20.0, 20.0, 20.0, 20.0, 20.0, 20.0, 20.0, 20.0, 20.0, 20.0, 20.0, 20.0, 20.0, 20.0, 20.0, 20.0, 20.0, 20.0, 20.0, 20.0, 20.0, 20.0, 20.0, 20.0, 20.0, 20.0, 20.0, 20.0, 20.0, 20.0, 20.0, 20.0, 20.0, 20.0, 20.0, 20.0, 20.0, 20.0, 20.0, 20.0, 20.0, 20.0, 20.0, 20.0, 20.0, 20.0]",0.010548260062932968,25.00073071604954,0.0332,-0.2109,0.1468,0.3332,-10.357,-0.0181,-0.0145,-9.8046,15.772,,78.0,,,,-0.36,0.585,0.6869,301.61,14.94,1.22389,0.0626,73.84,24.997,1,12.06,0.847,1,3,10,0.7,9.734,0,0.0,0,0
1790659261.6372445,47.3979711,8.5461642,9.462000846862793,0.019117562100291252,0.06649458408355713,0.005943646188825369,68.89,0.02521117436219676,0.06530234825240905,0.0,64.07824577331542,20.0,20.0,0.04246655851602554,68.902428306324,-1.1675396045295263,0.019004541809190565,14.0,0.0,0.0,"[20.0, 20.0, 20.0, 20.0, 20.0, 20.0, 20.0, 20.0, 20.0, 20.0, 20.0, 20.0, 20.0, 20.0, 20.0, 20.0, 20.0, 20.0, 20.0, 20.0, 20.0, 20.0, 20.0, 20.0, 20.0, 20.0, 20.0, 20.0, 20.0, 20.0, 20.0, 20.0, 20.0, 20.0, 20.0, 20.0, 20.0, 20.0, 20.0, 20.0, 20.0, 20.0, 20.0, 20.0, 20.0, 20.0, 20.0, 20.0, 20.0, 20.0, 20.0, 20.0, 20.0, 20.0, 20.0, 20.0, 20.0, 20.0, 20.0, 20.0, 20.0, 20.0, 20.0, 20.0, 20.0, 20.0, 20.0, 20.0, 20.0, 20.0, 20.0, 20.0]",0.010548260062932968,25.00073071604954,0.0262,-0.1455,-0.1355,0.3569,-10.3309,-0.0087,-0.004,-9.8085,15.772,,78.0,,,,-0.4456,0.614,0.7586,305.97,14.94,1.22389,0.0692,73.96,24.992,1,12.26,0.862,1,3,10,0.7,9.752,0,0.0,0,0
1790659261.8377368,47.3979711,8.5461644,9.467000007629395,0.0169002003967762,0.0706181600689888,0.004797198344022036,66.9,0.027463598162249293,0.06438750481252163,0.0,62.08768501281739,20.0,20.0,0.058132436126470566,66.9170142469741,-2.321300925686009,0.01673588572058206,14.0,0.0,0.0,"[20.0, 20.0, 20.0, 20.0, 20.0, 20.0, 20.0, 20.0, 20.0, 20.0, 20.0, 20.0, 20.0, 20.0, 20.0, 20.0, 20.0, 20.0, 20.0, 20.0, 20.0, 20.0, 20.0, 20.0, 20.0, 20.0, 20.0, 20.0, 20.0, 20.0, 20.0, 20.0, 20.0, 20.0, 20.0, 20.0, 20.0, 20.0, 20.0, 20.0, 20.0, 20.0, 20.0, 20.0, 20.0, 20.0, 20.0, 20.0, 20.0, 20.0, 20.0, 20.0, 20.0, 20.0, 20.0, 20.0, 20.0, 20.0, 20.0, 20.0, 20.0, 20.0, 20.0, 20.0, 20.0, 20.0, 20.0, 20.0, 20.0, 20.0, 20.0, 20.0]",0.010548260062932968,25.00073071604954,-0.0219,-0.1041,-0.3947,0.1329,-10.3479,-0.0116,-0.0078,-9.7968,15.772,,78.0,,,,-0.3814,0.5559,0.6741,304.45,14.94,1.22389,0.0726,76.54,24.991,1,12.46,0.878,1,3,10,0.7,9.72,0,0.0,0,0
1790659262.0386388,47.3979711,8.5461646,9.473000526428223,0.017609527334570885,0.0719461590051651,0.00433669937774539,64.87,0.02972714635028377,0.06337425952126628,0.0,60.046893234252934,20.0,20.0,0.07311201095581055,64.89140179205742,-2.788273824957092,0.017398964980709482,14.0,0.0,0.0,"[20.0, 20.0, 20.0, 20.0, 20.0, 20.0, 20.0, 20.0, 20.0, 20.0, 20.0, 20.0, 20.0, 20.0, 20.0, 20.0, 20.0, 20.0, 20.0, 20.0, 20.0, 20.0, 20.0, 20.0, 20.0, 20.0, 20.0, 20.0, 20.0, 20.0, 20.0, 20.0, 20.0, 20.0, 20.0, 20.0, 20.0, 20.0, 20.0, 20.0, 20.0, 20.0, 20.0, 20.0, 20.0, 20.0, 20.0, 20.0, 20.0, 20.0, 20.0, 20.0, 20.0, 20.0, 20.0, 20.0, 20.0, 20.0, 20.0, 20.0, 20.0, 20.0, 20.0, 20.0, 20.0, 20.0, 20.0, 20.0, 20.0, 20.0, 20.0, 20.0]",0.010548260062932968,25.00073071604954,-0.0727,-0.0869,-0.169,0.1168,-10.4411,-0.0107,-0.004,-9.802,15.772,,78.0,,,,-0.284,0.5163,0.5892,298.81,14.94,1.22389,0.0741,76.25,24.991,1,12.67,0.893,1,3,10,0.7,9.742,0,0.0,0,0
1790659262.2402995,47.3979711,8.5461648,9.47700023651123,0.02085176855325699,0.07333934307098389,0.00438801059499383,62.800000000000004,0.03199685489410858,0.06225914613039083,0.0,57.97474746704103,20.0,20.0,0.08909518271684647,62.82610267021312,-2.8580915618583735,0.020590138815963988,14.0,0.0,0.0,"[20.0, 20.0, 20.0, 20.0, 20.0, 20.0, 20.0, 20.0, 20.0, 20.0, 20.0, 20.0, 20.0, 20.0, 20.0, 20.0, 20.0, 20.0, 20.0, 20.0, 20.0, 20.0, 20.0, 20.0, 20.0, 20.0, 20.0, 20.0, 20.0, 20.0, 20.0, 20.0, 20.0, 20.0, 20.0, 20.0, 20.0, 20.0, 20.0, 20.0, 20.0, 20.0, 20.0, 20.0, 20.0, 20.0, 20.0, 20.0, 20.0, 20.0, 20.0, 20.0, 20.0, 20.0, 20.0, 20.0, 20.0, 20.0, 20.0, 20.0, 20.0, 20.0, 20.0, 20.0, 20.0, 20.0, 20.0, 20.0, 20.0, 20.0, 20.0, 20.0]",0.010548260062932968,25.00073071604954,-0.0874,-0.0657,0.0244,0.213,-10.4121,-0.011,0.0055,-9.806,15.772,,78.0,,,,-0.2584,0.6042,0.6571,293.15,14.94,1.22389,0.0762,74.13,24.988,1,12.87,0.909,1,3,10,0.7,9.77,0,0.0,0,0
1790659262.4409149,47.3979711,8.546165,9.480000495910645,0.025543175637722015,0.0723794549703598,0.004389126319438219,60.71,0.03424611676463626,0.06105082707501102,0.0,55.902571640014656,20.0,20.0,0.10420212149620056,60.74058474063915,-2.506545037293512,0.025241049132016594,14.0,0.0,0.0,"[20.0, 20.0, 20.0, 20.0, 20.0, 20.0, 20.0, 20.0, 20.0, 20.0, 20.0, 20.0, 20.0, 20.0, 20.0, 20.0, 20.0, 20.0, 20.0, 20.0, 20.0, 20.0, 20.0, 20.0, 20.0, 20.0, 20.0, 20.0, 20.0, 20.0, 20.0, 20.0, 20.0, 20.0, 20.0, 20.0, 20.0, 20.0, 20.0, 20.0, 20.0, 20.0, 20.0, 20.0, 20.0, 20.0, 20.0, 20.0, 20.0, 20.0, 20.0, 20.0, 20.0, 20.0, 20.0, 20.0, 20.0, 20.0, 20.0, 20.0, 20.0, 20.0, 20.0, 20.0, 20.0, 20.0, 20.0, 20.0, 20.0, 20.0, 20.0, 20.0]",0.010548260062932968,25.00073071604954,-0.0855,-0.046,0.1839,0.1124,-10.374,-0.0142,-0.0036,-9.8056,15.772,,78.0,,,,-0.2201,0.6552,0.6912,288.57,14.94,1.22389,0.0768,70.56,24.982,1,13.07,0.926,1,3,10,0.7,9.787,0,0.0,0,0
1790659262.6412117,47.3979712,8.546165199999999,9.483000755310059,0.03190195560455322,0.06907925009727478,0.004073659889400005,58.61,0.0364602455831913,0.059754920232675215,0.0,53.793153152465834,20.0,20.0,0.11715030670166016,58.64448524370755,-1.6702378506073559,0.03157754130224947,14.0,0.0,0.0,"[20.0, 20.0, 20.0, 20.0, 20.0, 20.0, 20.0, 20.0, 20.0, 20.0, 20.0, 20.0, 20.0, 20.0, 20.0, 20.0, 20.0, 20.0, 20.0, 20.0, 20.0, 20.0, 20.0, 20.0, 20.0, 20.0, 20.0, 20.0, 20.0, 20.0, 20.0, 20.0, 20.0, 20.0, 20.0, 20.0, 20.0, 20.0, 20.0, 20.0, 20.0, 20.0, 20.0, 20.0, 20.0, 20.0, 20.0, 20.0, 20.0, 20.0, 20.0, 20.0, 20.0, 20.0, 20.0, 20.0, 20.0, 20.0, 20.0, 20.0, 20.0, 20.0, 20.0, 20.0, 20.0, 20.0, 20.0, 20.0, 20.0, 20.0, 20.0, 20.0]",0.010548260062932968,25.00073071604954,-0.0553,-0.0344,0.3436,0.0088,-10.4048,-0.0057,-0.0034,-9.8033,15.772,,78.0,,,,-0.1763,0.6073,0.6324,286.19,14.94,1.22389,0.0761,65.21,24.973,1,13.27,0.942,1,3,10,0.7,9.781,0,0.0,0,0
1790659262.842304,47.397971299999995,8.5461653,9.487000465393066,0.03836682811379433,0.06579995155334473,0.0033648437820374966,56.53,0.03860502016547805,0.058392229089349136,0.0,51.705817489624025,20.0,20.0,0.12915879487991333,56.56816034695012,-0.818138598686694,0.038025833074304335,14.0,0.0,0.0,"[20.0, 20.0, 20.0, 20.0, 20.0, 20.0, 20.0, 20.0, 20.0, 20.0, 20.0, 20.0, 20.0, 20.0, 20.0, 20.0, 20.0, 20.0, 20.0, 20.0, 20.0, 20.0, 20.0, 20.0, 20.0, 20.0, 20.0, 20.0, 20.0, 20.0, 20.0, 20.0, 20.0, 20.0, 20.0, 20.0, 20.0, 20.0, 20.0, 20.0, 20.0, 20.0, 20.0, 20.0, 20.0, 20.0, 20.0, 20.0, 20.0, 20.0, 20.0, 20.0, 20.0, 20.0, 20.0, 20.0, 20.0, 20.0, 20.0, 20.0, 20.0, 20.0, 20.0, 20.0, 20.0, 20.0, 20.0, 20.0, 20.0, 20.0, 20.0, 20.0]",0.010548260062932968,25.00073071604954,-0.0135,-0.0245,0.2533,0.1129,-10.3476,-0.0103,-0.0031,-9.8033,15.712,,75.0,,,,-0.1807,0.5,0.5317,289.86,14.94,1.22388,0.0762,59.75,24.961,1,13.47,0.958,1,3,10,0.7,9.737,0,0.0,0,0
1790659263.0428758,47.3979715,8.546165499999999,9.491000175476074,0.04436761885881424,0.06246901676058769,0.00257352483458817,54.46,0.040688982180172466,0.05695969389964808,0.0,49.635931930542,20.0,20.0,0.13949328660964966,54.50139874546957,-0.039928932618461484,0.04401761412142976,14.0,0.0,0.0,"[20.0, 20.0, 20.0, 20.0, 20.0, 20.0, 20.0, 20.0, 20.0, 20.0, 20.0, 20.0, 20.0, 20.0, 20.0, 20.0, 20.0, 20.0, 20.0, 20.0, 20.0, 20.0, 20.0, 20.0, 20.0, 20.0, 20.0, 20.0, 20.0, 20.0, 20.0, 20.0, 20.0, 20.0, 20.0, 20.0, 20.0, 20.0, 20.0, 20.0, 20.0, 20.0, 20.0, 20.0, 20.0, 20.0, 20.0, 20.0, 20.0, 20.0, 20.0, 20.0, 20.0, 20.0, 20.0, 20.0, 20.0, 20.0, 20.0, 20.0, 20.0, 20.0, 20.0, 20.0, 20.0, 20.0, 20.0, 20.0, 20.0, 20.0, 20.0, 20.0]",0.010548260062932968,25.00073071604954,0.0319,-0.0115,0.2654,-0.0352,-10.2598,-0.0075,0.0023,-9.7999,15.712,,75.0,,,,-0.1789,0.5887,0.6153,286.9,14.94,1.22388,0.0766,54.62,24.947,1,13.67,0.976,1,3,10,0.7,9.775,0,0.0,0,0
1790659263.2437398,47.3979716,8.5461656,9.495000839233398,0.04779458045959473,0.061189766973257065,0.002116698306053877,52.42,0.04269079958336165,0.05547518031456273,0.0,47.59663002014162,20.0,20.0,0.15095947682857513,52.46499953674976,0.106878033434856,0.04742321053894475,14.0,0.0,0.0,"[20.0, 20.0, 20.0, 20.0, 20.0, 20.0, 20.0, 20.0, 20.0, 20.0, 20.0, 20.0, 20.0, 20.0, 20.0, 20.0, 20.0, 20.0, 20.0, 20.0, 20.0, 20.0, 20.0, 20.0, 20.0, 20.0, 20.0, 20.0, 20.0, 20.0, 20.0, 20.0, 20.0, 20.0, 20.0, 20.0, 20.0, 20.0, 20.0, 20.0, 20.0, 20.0, 20.0, 20.0, 20.0, 20.0, 20.0, 20.0, 20.0, 20.0, 20.0, 20.0, 20.0, 20.0, 20.0, 20.0, 20.0, 20.0, 20.0, 20.0, 20.0, 20.0, 20.0, 20.0, 20.0, 20.0, 20.0, 20.0, 20.0, 20.0, 20.0, 20.0]",0.010548260062932968,25.00073071604954,0.0617,-0.0036,0.1504,0.0813,-10.3377,-0.0043,-0.0074,-9.8042,15.712,,75.0,,,,-0.2593,0.612,0.6647,292.97,14.94,1.22388,0.0776,52.01,24.933,1,13.87,0.994,1,3,10,0.7,9.804,0,0.0,0,0
1790659263.444324,47.3979717,8.546165799999999,9.50100040435791,0.04998502880334854,0.06090046092867851,0.0017358098411932588,50.38,0.044638503753862975,0.05392034850236375,0.0,45.5716217803955,20.0,20.0,0.16308759152889252,50.428835641289936,-0.0635581297575829,0.04958535690134621,14.0,0.0,0.0,"[20.0, 20.0, 20.0, 20.0, 20.0, 20.0, 20.0, 20.0, 20.0, 20.0, 20.0, 20.0, 20.0, 20.0, 20.0, 20.0, 20.0, 20.0, 20.0, 20.0, 20.0, 20.0, 20.0, 20.0, 20.0, 20.0, 20.0, 20.0, 20.0, 20.0, 20.0, 20.0, 20.0, 20.0, 20.0, 20.0, 20.0, 20.0, 20.0, 20.0, 20.0, 20.0, 20.0, 20.0, 20.0, 20.0, 20.0, 20.0, 20.0, 20.0, 20.0, 20.0, 20.0, 20.0, 20.0, 20.0, 20.0, 20.0, 20.0, 20.0, 20.0, 20.0, 20.0, 20.0, 20.0, 20.0, 20.0, 20.0, 20.0, 20.0, 20.0, 20.0]",0.010548260062932968,25.00073071604954,0.0605,0.008,0.0516,0.0114,-10.3028,-0.0108,0.0003,-9.7925,15.712,,75.0,,,,-0.127,0.5996,0.6129,281.96,14.94,1.22388,0.0788,50.62,24.918,1,14.07,1.014,1,3,10,0.7,9.806,0,0.0,0,0
1790659263.645263,47.397971899999995,8.5461659,9.508000373840332,0.050857529044151306,0.05838863179087639,0.0014044808922335505,48.34,0.04652962585600185,0.052297169308677526,0.0,43.52114471435547,20.0,20.0,0.17454269528388977,48.39249200727258,-0.21502962430403458,0.05050853376911248,14.0,0.0,0.0,"[20.0, 20.0, 20.0, 20.0, 20.0, 20.0, 20.0, 20.0, 20.0, 20.0, 20.0, 20.0, 20.0, 20.0, 20.0, 20.0, 20.0, 20.0, 20.0, 20.0, 20.0, 20.0, 20.0, 20.0, 20.0, 20.0, 20.0, 20.0, 20.0, 20.0, 20.0, 20.0, 20.0, 20.0, 20.0, 20.0, 20.0, 20.0, 20.0, 20.0, 20.0, 20.0, 20.0, 20.0, 20.0, 20.0, 20.0, 20.0, 20.0, 20.0, 20.0, 20.0, 20.0, 20.0, 20.0, 20.0, 20.0, 20.0, 20.0, 20.0, 20.0, 20.0, 20.0, 20.0, 20.0, 20.0, 20.0, 20.0, 20.0, 20.0, 20.0, 20.0]",0.010548260062932968,25.00073071604954,0.0581,0.0197,0.0531,-0.0588,-10.3709,-0.0081,-0.0093,-9.7909,15.712,,75.0,,,,-0.1611,0.6279,0.6483,284.39,14.94,1.22388,0.0774,48.94,24.904,1,14.27,1.032,1,3,10,0.7,9.793,0,0.0,0,0
1790659263.8462698,47.397971899999995,8.546166099999999,9.515000343322754,0.04862909018993378,0.05568180978298187,0.0012802480487152934,46.32,0.0483441004094596,0.05062457857207393,0.0,41.49814636230468,20.0,20.0,0.18687251210212708,46.37639692410727,-0.6276632676042241,0.04820969848927732,14.0,0.0,0.0,"[20.0, 20.0, 20.0, 20.0, 20.0, 20.0, 20.0, 20.0, 20.0, 20.0, 20.0, 20.0, 20.0, 20.0, 20.0, 20.0, 20.0, 20.0, 20.0, 20.0, 20.0, 20.0, 20.0, 20.0, 20.0, 20.0, 20.0, 20.0, 20.0, 20.0, 20.0, 20.0, 20.0, 20.0, 20.0, 20.0, 20.0, 20.0, 20.0, 20.0, 20.0, 20.0, 20.0, 20.0, 20.0, 20.0, 20.0, 20.0, 20.0, 20.0, 20.0, 20.0, 20.0, 20.0, 20.0, 20.0, 20.0, 20.0, 20.0, 20.0, 20.0, 20.0, 20.0, 20.0, 20.0, 20.0, 20.0, 20.0, 20.0, 20.0, 20.0, 20.0]",0.010548260062932968,25.00073071604954,0.0581,-0.0004,-0.1257,-0.2042,-10.2613,-0.0076,-0.0074,-9.8002,15.712,,75.0,,,,-0.2126,0.6092,0.6453,289.24,14.94,1.22388,0.0739,48.87,24.893,1,14.47,1.049,1,3,10,0.7,9.742,0,0.0,0,0
1790659264.0468276,47.397971999999996,8.5461662,9.520000457763672,0.04621918126940727,0.054996199905872345,0.0011264135828241706,44.31,0.07155708263409609,0.06985401867392559,0.0,39.48392349243164,20.0,20.0,0.19788578152656555,44.369854421816626,-1.349585572697858,0.04578038517511362,14.0,0.0,0.0,"[20.0, 20.0, 20.0, 20.0, 20.0, 20.0, 20.0, 20.0, 20.0, 20.0, 20.0, 20.0, 20.0, 20.0, 20.0, 20.0, 20.0, 20.0, 20.0, 20.0, 20.0, 20.0, 20.0, 20.0, 20.0, 20.0, 20.0, 20.0, 20.0, 20.0, 20.0, 20.0, 20.0, 20.0, 20.0, 20.0, 20.0, 20.0, 20.0, 20.0, 20.0, 20.0, 20.0, 20.0, 20.0, 20.0, 20.0, 20.0, 20.0, 20.0, 20.0, 20.0, 20.0, 20.0, 20.0, 20.0, 20.0, 20.0, 20.0, 20.0, 20.0, 20.0, 20.0, 20.0, 20.0, 20.0, 20.0, 20.0, 20.0, 20.0, 20.0, 20.0]",0.010548260062932968,25.00073071604954,0.0296,-0.0283,-0.1869,-0.0969,-10.2322,-0.0151,-0.007,-9.8026,15.712,,75.0,,,,-0.2254,0.5436,0.5885,292.53,14.94,1.22388,0.0718,49.96,24.885,1,14.67,1.062,1,3,10,0.7,9.768,0,0.0,0,0
1790659264.2478814,47.3979721,8.5461663,9.526000022888184,0.04525517299771309,0.05385797098278999,0.0008016698993742466,42.29,0.07397485465554664,0.06728834132812868,0.0,37.465714492797844,20.0,20.0,0.20716950297355652,42.352758434200126,-1.7927536094437289,0.044805138167028816,14.0,0.0,0.0,"[20.0, 20.0, 20.0, 20.0, 20.0, 20.0, 20.0, 20.0, 20.0, 20.0, 20.0, 20.0, 20.0, 20.0, 20.0, 20.0, 20.0, 20.0, 20.0, 20.0, 20.0, 20.0, 20.0, 20.0, 20.0, 20.0, 20.0, 20.0, 20.0, 20.0, 20.0, 20.0, 20.0, 20.0, 20.0, 20.0, 20.0, 20.0, 20.0, 20.0, 20.0, 20.0, 20.0, 20.0, 20.0, 20.0, 20.0, 20.0, 20.0, 20.0, 20.0, 20.0, 20.0, 20.0, 20.0, 20.0, 20.0, 20.0, 20.0, 20.0, 20.0, 20.0, 20.0, 20.0, 20.0, 20.0, 20.0, 20.0, 20.0, 20.0, 20.0, 20.0]",0.010548260062932968,25.00073071604954,0.0082,-0.2134,-0.2145,-0.9986,-10.0992,-0.0062,-0.0072,-9.7861,15.712,,75.0,,,,-0.1724,0.4556,0.4872,290.73,14.94,1.22388,0.0703,49.96,24.88,1,14.87,1.072,1,3,10,0.7,9.764,0,0.0,0,0
1790659264.448657,47.3979721,8.5461665,9.530000686645508,0.04695086553692818,0.056638553738594055,0.0013542217202484608,40.26,0.07631196882501977,0.06462571789968148,0.0,35.44783378601073,20.0,20.0,0.21724213659763336,40.32587003948993,-2.4583245310462267,0.04645446667238712,14.0,0.0,0.0,"[20.0, 20.0, 20.0, 20.0, 20.0, 20.0, 20.0, 20.0, 20.0, 20.0, 20.0, 20.0, 20.0, 20.0, 20.0, 20.0, 20.0, 20.0, 20.0, 20.0, 20.0, 20.0, 20.0, 20.0, 20.0, 20.0, 20.0, 20.0, 20.0, 20.0, 20.0, 20.0, 20.0, 20.0, 20.0, 20.0, 20.0, 20.0, 20.0, 20.0, 20.0, 20.0, 20.0, 20.0, 20.0, 20.0, 20.0, 20.0, 20.0, 20.0, 20.0, 20.0, 20.0, 20.0, 20.0, 20.0, 20.0, 20.0, 20.0, 20.0, 20.0, 20.0, 20.0, 20.0, 20.0, 20.0, 20.0, 20.0, 20.0, 20.0, 20.0, 20.0]",0.010548260062932968,25.00073071604954,-0.0131,-0.3205,-0.2173,-0.2984,-10.1893,-0.0102,-0.0136,-9.7972,15.712,,75.0,,,,-0.0581,0.4512,0.4549,277.34,14.94,1.22388,0.0736,50.34,24.877,1,15.08,1.083,1,3,10,0.7,9.75,0,0.0,0,0
1790659264.6488438,47.3979721,8.5461666,9.531000137329102,0.05182761326432228,0.060608599334955215,0.0017597537953406572,38.22,0.07856409800502272,0.06186826734810979,0.0,33.41156455993652,20.0,20.0,0.2294493466615677,38.289667958574086,-2.9675097509620905,0.051266287648968165,14.0,0.0,0.0,"[20.0, 20.0, 20.0, 20.0, 20.0, 20.0, 20.0, 20.0, 20.0, 20.0, 20.0, 20.0, 20.0, 20.0, 20.0, 20.0, 20.0, 20.0, 20.0, 20.0, 20.0, 20.0, 20.0, 20.0, 20.0, 20.0, 20.0, 20.0, 20.0, 20.0, 20.0, 20.0, 20.0, 20.0, 20.0, 20.0, 20.0, 20.0, 20.0, 20.0, 20.0, 20.0, 20.0, 20.0, 20.0, 20.0, 20.0, 20.0, 20.0, 20.0, 20.0, 20.0, 20.0, 20.0, 20.0, 20.0, 20.0, 20.0, 20.0, 20.0, 20.0, 20.0, 20.0, 20.0, 20.0, 20.0, 20.0, 20.0, 20.0, 20.0, 20.0, 20.0]",0.010548260062932968,25.00073071604954,-0.0483,-0.3252,-0.2838,0.0419,-10.0563,-0.0094,-0.0122,-9.8006,15.712,,75.0,,,,0.025,0.459,0.4597,266.89,14.94,1.22388,0.0797,49.47,24.873,1,15.28,1.096,1,3,10,0.7,9.728,0,0.0,0,0
1790659264.8490741,47.3979722,8.5461668,9.532000541687012,0.05924313887953758,0.06373641639947891,0.0018532847752794623,36.18,0.08071664232464003,0.05903239493562948,0.0,31.377257995605476,20.0,20.0,0.24351057410240173,36.254124256199134,-3.1430029019825243,0.05861608366542873,14.0,0.0,0.0,"[20.0, 20.0, 20.0, 20.0, 20.0, 20.0, 20.0, 20.0, 20.0, 20.0, 20.0, 20.0, 20.0, 20.0, 20.0, 20.0, 20.0, 20.0, 20.0, 20.0, 20.0, 20.0, 20.0, 20.0, 20.0, 20.0, 20.0, 20.0, 20.0, 20.0, 20.0, 20.0, 20.0, 20.0, 20.0, 20.0, 20.0, 20.0, 20.0, 20.0, 20.0, 20.0, 20.0, 20.0, 20.0, 20.0, 20.0, 20.0, 20.0, 20.0, 20.0, 20.0, 20.0, 20.0, 20.0, 20.0, 20.0, 20.0, 20.0, 20.0, 20.0, 20.0, 20.0, 20.0, 20.0, 20.0, 20.0, 20.0, 20.0, 20.0, 20.0, 20.0]",0.010548260062932968,25.00073071604954,-0.0769,-0.2794,-0.1552,0.245,-10.0395,-0.0084,-0.0034,-9.8085,15.652,,71.0,,,,0.0604,0.4439,0.448,262.25,14.94,1.22388,0.087,47.09,24.865,1,15.48,1.112,1,3,10,0.7,9.723,0,0.0,0,0
1790659265.0502176,47.3979723,8.546166999999999,9.531000137329102,0.06810379028320312,0.06583099812269211,0.0019205247517675161,34.15,0.08275707695640988,0.05613613999582493,0.0,29.32779731750489,20.0,20.0,0.2597161829471588,34.22937168938884,-3.1002954471785795,0.06741207700653937,14.0,0.0,0.0,"[20.0, 20.0, 20.0, 20.0, 20.0, 20.0, 20.0, 20.0, 20.0, 20.0, 20.0, 20.0, 20.0, 20.0, 20.0, 20.0, 20.0, 20.0, 20.0, 20.0, 20.0, 20.0, 20.0, 20.0, 20.0, 20.0, 20.0, 20.0, 20.0, 20.0, 20.0, 20.0, 20.0, 20.0, 20.0, 20.0, 20.0, 20.0, 20.0, 20.0, 20.0, 20.0, 20.0, 20.0, 20.0, 20.0, 20.0, 20.0, 20.0, 20.0, 20.0, 20.0, 20.0, 20.0, 20.0, 20.0, 20.0, 20.0, 20.0, 20.0, 20.0, 20.0, 20.0, 20.0, 20.0, 20.0, 20.0, 20.0, 20.0, 20.0, 20.0, 20.0]",0.010548260062932968,25.00073071604954,-0.087,-0.2153,-0.0001,0.4495,-10.1275,-0.0149,-0.005,-9.8089,15.652,,71.0,,,,0.102,0.4316,0.4435,256.7,14.94,1.22388,0.0947,44.03,24.852,1,15.68,1.133,1,3,10,0.7,9.795,0,0.0,0,0
1790659265.250522,47.397972499999995,8.5461673,9.532000541687012,0.0772247165441513,0.0679100826382637,0.0013692739885300398,32.14,0.08467507287796858,0.05319898526391938,0.0,27.334156646728502,20.0,20.0,0.2783592641353607,32.22551627152245,-3.1328909569634487,0.0764586694062594,14.0,0.0,0.0,"[20.0, 20.0, 20.0, 20.0, 20.0, 20.0, 20.0, 20.0, 20.0, 20.0, 20.0, 20.0, 20.0, 20.0, 20.0, 20.0, 20.0, 20.0, 20.0, 20.0, 20.0, 20.0, 20.0, 20.0, 20.0, 20.0, 20.0, 20.0, 20.0, 20.0, 20.0, 20.0, 20.0, 20.0, 20.0, 20.0, 20.0, 20.0, 20.0, 20.0, 20.0, 20.0, 20.0, 20.0, 20.0, 20.0, 20.0, 20.0, 20.0, 20.0, 20.0, 20.0, 20.0, 20.0, 20.0, 20.0, 20.0, 20.0, 20.0, 20.0, 20.0, 20.0, 20.0, 20.0, 20.0, 20.0, 20.0, 20.0, 20.0, 20.0, 20.0, 20.0]",0.010548260062932968,25.00073071604954,-0.0988,-0.1399,-0.0244,0.4248,-10.0906,-0.0075,-0.0087,-9.8024,15.652,,71.0,,,,0.0941,0.3778,0.3894,256.01,14.94,1.22388,0.1028,41.33,24.834,1,15.88,1.159,1,3,10,0.7,9.734,0,0.0,0,0
1790659265.4507596,47.397972599999996,8.5461675,9.532999992370605,0.08353888243436813,0.06743478775024414,0.0012379089603200555,30.13,0.08648887115806925,0.050196366061727,0.0,25.31093872070312,20.0,20.0,0.29663148522377014,30.22163661454948,-3.1271702868462428,0.08272683439209896,14.0,0.0,0.0,"[20.0, 20.0, 20.0, 20.0, 20.0, 20.0, 20.0, 20.0, 20.0, 20.0, 20.0, 20.0, 20.0, 20.0, 20.0, 20.0, 20.0, 20.0, 20.0, 20.0, 20.0, 20.0, 20.0, 20.0, 20.0, 20.0, 20.0, 20.0, 20.0, 20.0, 20.0, 20.0, 20.0, 20.0, 20.0, 20.0, 20.0, 20.0, 20.0, 20.0, 20.0, 20.0, 20.0, 20.0, 20.0, 20.0, 20.0, 20.0, 20.0, 20.0, 20.0, 20.0, 20.0, 20.0, 20.0, 20.0, 20.0, 20.0, 20.0, 20.0, 20.0, 20.0, 20.0, 20.0, 20.0, 20.0, 20.0, 20.0, 20.0, 20.0, 20.0, 20.0]",0.010548260062932968,25.00073071604954,-0.1011,-0.0709,0.0273,0.2947,-10.0958,-0.0069,-0.0107,-9.8092,15.652,,71.0,,,,0.1072,0.3674,0.3827,253.73,14.94,1.22388,0.1074,38.91,24.816,1,16.08,1.185,1,3,10,0.7,9.749,0,0.0,0,0
1790659265.6508608,47.3979728,8.5461678,9.531000137329102,0.08367837965488434,0.06534595787525177,0.0017796473111957312,28.12,0.189425060958897,0.09983898621946075,0.0,23.317395324707036,20.0,20.0,0.31392237544059753,28.217393656280024,-3.4704336598445726,0.08284456242340585,14.0,0.0,0.03576985936636984,"[20.0, 20.0, 20.0, 20.0, 20.0, 20.0, 20.0, 20.0, 20.0, 20.0, 20.0, 20.0, 20.0, 20.0, 20.0, 20.0, 20.0, 20.0, 20.0, 20.0, 20.0, 20.0, 20.0, 20.0, 20.0, 20.0, 20.0, 20.0, 20.0, 20.0, 20.0, 20.0, 20.0, 20.0, 20.0, 20.0, 20.0, 20.0, 20.0, 20.0, 20.0, 20.0, 20.0, 20.0, 20.0, 20.0, 20.0, 20.0, 20.0, 20.0, 20.0, 20.0, 20.0, 20.0, 20.0, 20.0, 20.0, 20.0, 20.0, 20.0, 20.0, 20.0, 20.0, 20.0, 20.0, 20.0, 20.0, 20.0, 20.0, 20.0, 20.0, 20.0]",0.010548260062932968,25.00073071604954,-0.1053,-0.0483,-0.14,0.0108,-10.0975,-0.0179,-0.0056,-9.8089,15.652,,71.0,,,,0.1403,0.3622,0.3884,248.83,14.94,1.22388,0.1062,37.99,24.802,1,16.28,1.207,1,3,10,0.7,9.777,0,0.0,0,0
1790659265.8517888,47.3979729,8.546168,9.530000686645508,0.09129968285560608,0.06532736122608185,0.0008862456888891757,26.11,0.19626590815874534,0.09491713760021322,0.0,21.287791595458998,20.0,20.0,0.3299459218978882,26.212822718111056,-3.5249923813022015,0.09042198920900116,14.0,0.0,0.0023441034933264775,"[20.0, 20.0, 20.0, 20.0, 20.0, 20.0, 20.0, 20.0, 20.0, 20.0, 20.0, 20.0, 20.0, 20.0, 20.0, 20.0, 20.0, 20.0, 20.0, 20.0, 20.0, 20.0, 20.0, 20.0, 20.0, 20.0, 20.0, 20.0, 20.0, 20.0, 20.0, 20.0, 20.0, 20.0, 20.0, 20.0, 20.0, 20.0, 20.0, 20.0, 20.0, 20.0, 20.0, 20.0, 20.0, 20.0, 20.0, 20.0, 20.0, 20.0, 20.0, 20.0, 20.0, 20.0, 20.0, 20.0, 20.0, 20.0, 20.0, 20.0, 20.0, 20.0, 20.0, 20.0, 20.0, 20.0, 20.0, 20.0, 20.0, 20.0, 20.0, 20.0]",0.010548260062932968,25.00073071604954,-0.0968,-0.6607,-0.0458,-3.0906,-10.0793,-0.0194,-0.011,-9.8065,15.652,,71.0,,,,0.1365,0.391,0.4141,250.76,14.94,1.22388,0.1123,35.58,24.787,1,16.48,1.229,1,3,10,0.7,9.749,0,0.0,0,0
1790659266.0526023,47.397973099999994,8.5461682,9.528000831604004,0.11598863452672958,0.07411479949951172,0.0019313553348183632,24.11,0.20271349613574302,0.08955565673071919,0.0,19.301930770874037,20.0,20.0,0.3481655716896057,24.21912408787307,-3.8652325899577993,0.11493531359953373,14.0,0.0,0.0023787713593366035,"[20.0, 20.0, 20.0, 20.0, 20.0, 20.0, 20.0, 20.0, 20.0, 20.0, 20.0, 20.0, 20.0, 20.0, 20.0, 20.0, 20.0, 20.0, 20.0, 20.0, 20.0, 20.0, 20.0, 20.0, 20.0, 20.0, 20.0, 20.0, 20.0, 20.0, 20.0, 20.0, 20.0, 20.0, 20.0, 20.0, 20.0, 20.0, 20.0, 20.0, 20.0, 20.0, 20.0, 20.0, 20.0, 20.0, 20.0, 20.0, 20.0, 20.0, 20.0, 20.0, 20.0, 20.0, 20.0, 20.0, 20.0, 20.0, 20.0, 20.0, 20.0, 20.0, 20.0, 20.0, 20.0, 20.0, 20.0, 20.0, 20.0, 20.0, 20.0, 20.0]",0.010548260062932968,25.00073071604954,-0.0884,-0.9374,-0.1131,-0.1505,-10.1394,-0.0164,-0.0147,-9.8032,15.652,,71.0,,,,0.1582,0.2916,0.3318,241.52,14.94,1.22388,0.1376,32.58,24.768,1,16.68,1.256,1,3,10,0.7,9.799,0,0.0,0,0
1790659266.2537212,47.3979733,8.5461685,9.526000022888184,0.14372235536575317,0.08332938700914383,0.002002311171963811,21.900000000000002,0.234107904034535,0.09373490168818152,0.0,17.245605773925774,20.0,20.0,0.3685888648033142,22.186443232244642,-4.426127773603593,0.1424649683396647,14.0,0.0,0.0009778879213876428,"[20.0, 20.0, 20.0, 20.0, 20.0, 20.0, 20.0, 20.0, 20.0, 20.0, 20.0, 20.0, 20.0, 20.0, 20.0, 20.0, 20.0, 20.0, 20.0, 20.0, 20.0, 20.0, 20.0, 20.0, 20.0, 20.0, 20.0, 20.0, 20.0, 20.0, 20.0, 20.0, 20.0, 20.0, 20.0, 20.0, 20.0, 20.0, 20.0, 20.0, 20.0, 20.0, 20.0, 20.0, 20.0, 20.0, 20.0, 20.0, 20.0, 20.0, 20.0, 20.0, 20.0, 20.0, 20.0, 20.0, 20.0, 20.0, 20.0, 20.0, 20.0, 20.0, 20.0, 20.0, 20.0, 20.0, 20.0, 20.0, 20.0, 20.0, 20.0, 20.0]",0.010548260062932968,25.00073071604954,-0.1079,-0.8529,-0.2609,0.8184,-10.0451,-0.0186,0.0039,-9.8167,15.652,,71.0,,,,0.2165,0.1321,0.2536,211.39,14.94,1.22388,0.1661,30.1,24.741,1,16.88,1.289,1,3,10,0.7,9.788,0,0.0393,0,0
1790659266.4539351,47.3979736,8.5461688,9.523000717163086,0.17013081908226013,0.08894786238670349,0.0017868552822619677,19.85,0.2994722433462463,0.10680143583961545,0.0,15.037850952148432,20.0,20.0,0.38945430517196655,19.97427462218431,-4.933083691940353,0.16870760829317955,14.0,0.0,0.0039522586848027555,"[20.0, 20.0, 20.0, 20.0, 20.0, 20.0, 20.0, 20.0, 20.0, 20.0, 20.0, 20.0, 20.0, 20.0, 20.0, 20.0, 20.0, 20.0, 20.0, 20.0, 20.0, 20.0, 20.0, 20.0, 20.0, 20.0, 20.0, 20.0, 20.0, 20.0, 20.0, 20.0, 20.0, 20.0, 20.0, 20.0, 20.0, 20.0, 20.0, 20.0, 20.0, 20.0, 20.0, 20.0, 20.0, 20.0, 20.0, 20.0, 20.0, 20.0, 20.0, 20.0, 20.0, 20.0, 20.0, 20.0, 20.0, 20.0, 20.0, 20.0, 20.0, 20.0, 20.0, 20.0, 20.0, 20.0, 20.0, 20.0, 20.0, 20.0, 20.0, 20.0]",0.010548260062932968,25.00073071604954,-0.1227,-0.8192,-0.2472,0.126,-9.9516,-0.0286,-0.0006,-9.8072,15.652,,71.0,,,,0.2837,0.1915,0.3422,214.02,14.94,1.22388,0.192,27.6,24.708,1,17.08,1.329,1,3,10,0.7,9.811,0,0.0209,0,0
1790659266.6545959,47.397974,8.5461691,9.523000717163086,0.20006194710731506,0.09522877633571625,0.0006433476810343564,17.85,1.0764423231226954,0.31827886879950773,0.0,13.024552917480491,20.0,20.0,0.4125589430332184,17.983226591251906,-5.582069631196056,0.19844121467309356,14.0,0.0,0.7484665749562976,"[20.0, 20.0, 20.0, 20.0, 20.0, 20.0, 20.0, 20.0, 20.0, 20.0, 20.0, 20.0, 20.0, 20.0, 20.0, 20.0, 20.0, 20.0, 20.0, 20.0, 20.0, 20.0, 20.0, 20.0, 20.0, 20.0, 20.0, 20.0, 20.0, 20.0, 20.0, 20.0, 20.0, 20.0, 20.0, 20.0, 20.0, 20.0, 20.0, 20.0, 20.0, 20.0, 20.0, 20.0, 20.0, 20.0, 20.0, 20.0, 20.0, 20.0, 20.0, 20.0, 20.0, 20.0, 20.0, 20.0, 20.0, 20.0, 20.0, 20.0, 20.0, 20.0, 20.0, 20.0, 20.0, 20.0, 20.0, 20.0, 20.0, 20.0, 20.0, 20.0]",0.010548260062932968,25.00073071604954,-0.1385,-1.0458,-0.3891,-0.9701,-10.0427,-0.0217,-0.0027,-9.8006,15.652,,71.0,,,,0.3562,0.2305,0.4243,212.9,14.94,1.22388,0.2216,25.45,24.667,1,17.28,1.377,1,3,10,0.7,9.802,0,0.0094,0,0
1790659266.855738,47.3979745,8.5461694,9.529000282287598,0.2809399664402008,0.11355756968259811,-0.026701143011450768,15.8,1.2934351980133683,0.3379450991696275,0.0,10.974283981323254,20.0,20.0,0.43539026379585266,15.94260407428743,-6.208845471844445,0.2788876484487863,14.0,0.0,0.0,"[20.0, 20.0, 20.0, 20.0, 20.0, 20.0, 20.0, 20.0, 20.0, 20.0, 20.0, 20.0, 20.0, 20.0, 20.0, 20.0, 20.0, 20.0, 20.0, 20.0, 20.0, 20.0, 20.0, 20.0, 20.0, 20.0, 20.0, 20.0, 20.0, 20.0, 20.0, 20.0, 20.0, 20.0, 20.0, 20.0, 20.0, 20.0, 20.0, 20.0, 20.0, 20.0, 20.0, 20.0, 20.0, 20.0, 20.0, 20.0, 20.0, 20.0, 20.0, 20.0, 20.0, 20.0, 20.0, 20.0, 20.0, 20.0, 20.0, 20.0, 20.0, 20.0, 20.0, 20.0, 20.0, 20.0, 20.0, 20.0, 20.0, 20.0, 20.0, 20.0]",0.010548260062932968,25.00073071604954,-0.1596,-5.1013,-0.5926,-22.0363,-10.2112,-0.0472,0.0091,-9.8166,15.592,,68.0,,,,0.2935,0.106,0.312,199.86,14.94,1.22388,0.303,22.01,24.618,1,17.48,1.431,1,3,10,0.7,9.75,0,0.147,0,0
1790659267.0567276,47.3979752,8.5461698,9.53600025177002,0.49680227041244507,0.16282042860984802,-0.021422667428851128,13.6,1.3717821263085244,0.3040901309009526,0.0,8.777471160888695,20.0,20.0,0.462257981300354,13.754964719121347,-4.545878362944218,0.4936466640034916,14.0,0.0,0.0,"[20.0, 20.0, 20.0, 20.0, 20.0, 20.0, 20.0, 20.0, 20.0, 20.0, 20.0, 20.0, 20.0, 20.0, 20.0, 20.0, 20.0, 20.0, 20.0, 20.0, 20.0, 20.0, 20.0, 20.0, 20.0, 20.0, 20.0, 20.0, 20.0, 20.0, 20.0, 20.0, 20.0, 20.0, 20.0, 20.0, 20.0, 20.0, 20.0, 20.0, 20.0, 20.0, 20.0, 20.0, 20.0, 20.0, 20.0, 20.0, 20.0, 20.0, 20.0, 20.0, 20.0, 20.0, 20.0, 20.0, 20.0, 20.0, 20.0, 20.0, 20.0, 20.0, 20.0, 20.0, 20.0, 20.0, 20.0, 20.0, 20.0, 20.0, 20.0, 20.0]",0.010548260062932968,25.00073071604954,-0.0575,-7.8562,-0.7603,-5.8508,-10.2368,-0.0545,0.0014,-9.7965,15.592,,68.0,,,,0.2886,0.2821,0.4036,224.35,14.94,1.22388,0.5228,18.15,24.537,1,17.68,1.516,1,3,10,0.7,9.762,0,0.321,0,0
1790659267.2575443,47.3979765,8.546170199999999,9.538000106811523,0.7603449821472168,0.21209152042865753,-0.006383222993463278,11.03,1.4601858044294451,0.26068150945556645,0.0,6.209674148559543,20.0,20.0,0.4988570511341095,11.203882638602124,-4.555975092046121,0.7558494342861997,14.0,0.0,0.10174721629456433,"[20.0, 20.0, 20.0, 20.0, 20.0, 20.0, 20.0, 20.0, 20.0, 20.0, 20.0, 20.0, 20.0, 20.0, 20.0, 20.0, 20.0, 20.0, 20.0, 20.0, 20.0, 20.0, 20.0, 20.0, 20.0, 20.0, 20.0, 20.0, 20.0, 20.0, 20.0, 20.0, 20.0, 20.0, 20.0, 20.0, 20.0, 20.0, 20.0, 20.0, 20.0, 20.0, 20.0, 20.0, 20.0, 20.0, 20.0, 20.0, 20.0, 20.0, 20.0, 20.0, 20.0, 20.0, 20.0, 20.0, 20.0, 20.0, 20.0, 20.0, 20.0, 20.0, 20.0, 20.0, 20.0, 20.0, 20.0, 20.0, 20.0, 20.0, 20.0, 20.0]",0.010548260062932968,25.00073071604954,-0.0486,-7.6708,-1.1527,5.6087,-9.9331,-0.0761,-0.0026,-9.8166,15.592,,68.0,,,,0.3238,0.35,0.4768,227.23,14.94,1.22388,0.7894,15.59,24.398,1,17.88,1.661,1,3,10,0.7,9.727,0,0.551,0,0
1790659267.4579835,47.3979783,8.546170799999999,9.538000106811523,1.0029027462005615,0.23665805160999298,0.00098363496363163,8.120000000000001,1.5562478605054926,0.20349637620620845,0.0,3.31598770141602,20.0,20.0,0.5418037176132202,8.31917323867799,-5.157375353878855,0.9973533667598927,14.0,0.0,0.15004176549549125,"[20.0, 20.0, 20.0, 20.0, 20.0, 20.0, 20.0, 20.0, 20.0, 20.0, 20.0, 20.0, 20.0, 20.0, 20.0, 20.0, 20.0, 20.0, 20.0, 20.0, 20.0, 20.0, 20.0, 20.0, 20.0, 20.0, 20.0, 20.0, 20.0, 20.0, 20.0, 20.0, 20.0, 20.0, 20.0, 20.0, 20.0, 20.0, 20.0, 20.0, 20.0, 20.0, 20.0, 20.0, 20.0, 20.0, 20.0, 20.0, 20.0, 20.0, 20.0, 20.0, 20.0, 20.0, 20.0, 20.0, 20.0, 20.0, 20.0, 20.0, 20.0, 20.0, 20.0, 20.0, 20.0, 20.0, 20.0, 20.0, 20.0, 20.0, 20.0, 20.0]",0.010548260062932968,25.00073071604954,-0.1538,-6.5248,-1.198,6.75,-9.4839,-0.1105,-0.0046,-9.8364,15.592,,68.0,,,,0.2457,0.4209,0.4874,239.73,14.94,1.22388,1.0304,13.28,24.202,1,18.09,1.862,1,3,10,0.7,9.785,0,0.7868,0,0
1790659267.6580975,47.397980499999996,8.5461713,9.535000801086426,1.2054046392440796,0.23129194974899292,0.0028433743864297867,5.0200000000000005,1.6527831237762631,0.132950877108936,0.0,0.21771003723142712,20.0,20.0,0.5819186568260193,5.247811380269411,-5.84184406432844,1.199431829981604,14.0,0.0,0.18025419762576517,"[20.0, 20.0, 20.0, 20.0, 20.0, 20.0, 20.0, 20.0, 20.0, 20.0, 20.0, 20.0, 20.0, 20.0, 20.0, 20.0, 20.0, 20.0, 20.0, 20.0, 20.0, 20.0, 20.0, 20.0, 20.0, 20.0, 20.0, 20.0, 20.0, 20.0, 20.0, 20.0, 20.0, 20.0, 20.0, 20.0, 20.0, 20.0, 20.0, 20.0, 20.0, 20.0, 20.0, 20.0, 20.0, 20.0, 20.0, 20.0, 20.0, 20.0, 20.0, 20.0, 20.0, 20.0, 20.0, 20.0, 20.0, 20.0, 20.0, 20.0, 20.0, 20.0, 20.0, 20.0, 20.0, 20.0, 20.0, 20.0, 20.0, 20.0, 20.0, 20.0]",0.010548260062932968,25.00073071604954,-0.2804,-5.4978,-0.9935,5.2649,-8.8207,-0.1211,-0.0051,-9.8356,15.592,,68.0,,,,0.2999,0.5223,0.6023,240.13,14.94,1.22388,1.2274,10.86,23.961,1,18.29,2.108,1,3,10,0.7,9.795,0,0.9262,0,0
1790659267.8582406,47.397982999999996,8.5461718,9.535000801086426,1.3695988655090332,0.21070967614650726,0.0020268792286515236,2.35,1.7299261135036996,0.06467797336203968,0.0,-0.25869980566562845,20.0,20.0,0.6173007488250732,2.608699805665651,-6.396250468290325,1.363642610701825,14.0,0.0,0.17130246213280123,"[20.0, 20.0, 20.0, 20.0, 20.0, 20.0, 20.0, 20.0, 20.0, 20.0, 20.0, 20.0, 20.0, 20.0, 20.0, 20.0, 20.0, 20.0, 20.0, 20.0, 20.0, 20.0, 20.0, 20.0, 20.0, 20.0, 20.0, 20.0, 20.0, 20.0, 20.0, 20.0, 20.0, 20.0, 20.0, 20.0, 20.0, 20.0, 20.0, 20.0, 20.0, 20.0, 20.0, 20.0, 20.0, 20.0, 20.0, 20.0, 20.0, 20.0, 20.0, 20.0, 20.0, 20.0, 20.0, 20.0, 20.0, 20.0, 20.0, 20.0, 20.0, 20.0, 20.0, 20.0, 20.0, 20.0, 20.0, 20.0, 20.0, 20.0, 20.0, 20.0]",0.010548260062932968,25.00073071604954,-0.4475,-4.8007,-1.4999,3.4912,-8.6044,-0.1441,-0.0104,-9.8163,15.592,,68.0,,,,0.2208,0.47,0.5193,244.84,14.94,1.22388,1.3857,8.75,23.688,1,18.49,2.384,1,3,10,0.7,9.774,0,1.1261,0,0
1790659268.0594175,47.3979856,8.546172199999999,9.53600025177002,1.504477858543396,0.17943724989891052,0.0012945726048201323,0.22,1.7867779675025124,0.005585611767104218,0.0,-0.2911035821142036,20.0,20.0,0.6471925973892212,0.5111035821142309,-6.581469182173938,1.4989371224002586,14.0,0.0,0.14627219958518245,"[20.0, 20.0, 20.0, 20.0, 20.0, 20.0, 20.0, 20.0, 20.0, 20.0, 20.0, 20.0, 20.0, 20.0, 20.0, 20.0, 20.0, 20.0, 20.0, 20.0, 20.0, 20.0, 20.0, 20.0, 20.0, 20.0, 20.0, 20.0, 20.0, 20.0, 20.0, 20.0, 20.0, 20.0, 20.0, 20.0, 20.0, 20.0, 20.0, 20.0, 20.0, 20.0, 20.0, 20.0, 20.0, 20.0, 20.0, 20.0, 20.0, 20.0, 20.0, 20.0, 20.0, 20.0, 20.0, 20.0, 20.0, 20.0, 20.0, 20.0, 20.0, 20.0, 20.0, 20.0, 20.0, 20.0, 20.0, 20.0, 20.0, 20.0, 20.0, 20.0]",0.010548260062932968,25.00073071604954,-0.6606,-4.3312,-1.0788,2.7912,-7.0337,-0.1496,-0.0217,-9.8229,15.592,,68.0,,,,0.2982,0.4287,0.5222,235.18,14.94,1.22388,1.5151,6.8,23.391,1,18.69,2.683,1,3,10,0.7,9.758,0,1.254,0,0
1790659268.2599096,47.3979885,8.5461726,9.53600025177002,1.6186692714691162,0.14401453733444214,0.0013009030371904373,358.91,1.7799032170145392,-0.03196501034663113,0.0,-0.3257395939142498,20.0,20.0,0.6734371781349182,-0.7642604060857252,-6.174272530537476,1.6137760334837075,14.0,0.0,0.09232937316064198,"[20.0, 20.0, 20.0, 20.0, 20.0, 20.0, 20.0, 20.0, 20.0, 20.0, 20.0, 20.0, 20.0, 20.0, 20.0, 20.0, 20.0, 20.0, 20.0, 20.0, 20.0, 20.0, 20.0, 20.0, 20.0, 20.0, 20.0, 20.0, 20.0, 20.0, 20.0, 20.0, 20.0, 20.0, 20.0, 20.0, 20.0, 20.0, 20.0, 20.0, 20.0, 20.0, 20.0, 20.0, 20.0, 20.0, 20.0, 20.0, 20.0, 20.0, 20.0, 20.0, 20.0, 20.0, 20.0, 20.0, 20.0, 20.0, 20.0, 20.0, 20.0, 20.0, 20.0, 20.0, 20.0, 20.0, 20.0, 20.0, 20.0, 20.0, 20.0, 20.0]",0.010548260062932968,25.00073071604954,-0.8229,-3.9134,-0.8425,2.5367,-3.5706,-0.1653,-0.0174,-9.8125,15.592,,68.0,,,,0.2786,0.5119,0.5828,241.44,14.94,1.22388,1.6251,5.08,23.072,1,18.89,3.004,1,3,10,0.7,9.787,0,1.3337,0,0
1790659268.4609272,47.397991499999996,8.546172799999999,9.53600025177002,1.7087756395339966,0.09943734854459763,0.0030121731106191874,358.22,1.762181473568192,-0.05126340130479701,0.0,-0.3592196840498332,20.0,20.0,0.6904135346412659,-1.4207803159501395,-5.110409376388634,1.704968287455285,14.0,0.0,0.04645746670921388,"[20.0, 20.0, 20.0, 20.0, 20.0, 20.0, 20.0, 20.0, 20.0, 20.0, 20.0, 20.0, 20.0, 20.0, 20.0, 20.0, 20.0, 20.0, 20.0, 20.0, 20.0, 20.0, 20.0, 20.0, 20.0, 20.0, 20.0, 20.0, 20.0, 20.0, 20.0, 20.0, 20.0, 20.0, 20.0, 20.0, 20.0, 20.0, 20.0, 20.0, 20.0, 20.0, 20.0, 20.0, 20.0, 20.0, 20.0, 20.0, 20.0, 20.0, 20.0, 20.0, 20.0, 20.0, 20.0, 20.0, 20.0, 20.0, 20.0, 20.0, 20.0, 20.0, 20.0, 20.0, 20.0, 20.0, 20.0, 20.0, 20.0, 20.0, 20.0, 20.0]",0.010548260062932968,25.00073071604954,-0.9243,-3.2498,-0.0428,3.5382,0.1677,-0.1813,-0.0123,-9.8115,15.592,,68.0,,,,0.1886,0.5437,0.5755,250.87,14.94,1.22388,1.7117,3.33,22.738,1,19.09,3.34,1,3,10,0.7,9.781,0,1.4239,0,0
1790659268.661595,47.3979946,8.5461729,9.535000801086426,1.7680518627166748,0.0569123737514019,0.003764641936868429,358.23,1.763306408380602,-0.05109245289045393,0.0,-0.39153865381609876,20.0,20.0,0.7003238201141357,-1.378461346183883,-3.6136751461020533,1.7654070898603185,14.0,0.0,0.0029697407574021282,"[20.0, 20.0, 20.0, 20.0, 20.0, 20.0, 20.0, 20.0, 20.0, 20.0, 20.0, 20.0, 20.0, 20.0, 20.0, 20.0, 20.0, 20.0, 20.0, 20.0, 20.0, 20.0, 20.0, 20.0, 20.0, 20.0, 20.0, 20.0, 20.0, 20.0, 20.0, 20.0, 20.0, 20.0, 20.0, 20.0, 20.0, 20.0, 20.0, 20.0, 20.0, 20.0, 20.0, 20.0, 20.0, 20.0, 20.0, 20.0, 20.0, 20.0, 20.0, 20.0, 20.0, 20.0, 20.0, 20.0, 20.0, 20.0, 20.0, 20.0, 20.0, 20.0, 20.0, 20.0, 20.0, 20.0, 20.0, 20.0, 20.0, 20.0, 20.0, 20.0]",0.010548260062932968,25.00073071604954,-0.9092,-2.513,0.379,3.1256,2.7469,-0.1912,-0.0007,-9.7981,15.592,,68.0,,,,0.1368,0.3991,0.4219,251.08,14.94,1.22388,1.769,1.84,22.393,1,19.29,3.685,1,3,10,0.7,9.806,0,1.558,0,0
1790659268.8626182,47.3979978,8.546173,9.532999992370605,1.8000152111053467,0.02168671041727066,0.004536735825240612,358.79,1.779237156241043,-0.035624079878290325,0.0,-0.42291258043633206,20.0,20.0,0.7054240107536316,-0.7870874195636475,-1.9002702013104038,1.7983994166038735,14.0,0.0,0.04196555407932974,"[20.0, 20.0, 20.0, 20.0, 20.0, 20.0, 20.0, 20.0, 20.0, 20.0, 20.0, 20.0, 20.0, 20.0, 20.0, 20.0, 20.0, 20.0, 20.0, 20.0, 20.0, 20.0, 20.0, 20.0, 20.0, 20.0, 20.0, 20.0, 20.0, 20.0, 20.0, 20.0, 20.0, 20.0, 20.0, 20.0, 20.0, 20.0, 20.0, 20.0, 20.0, 20.0, 20.0, 20.0, 20.0, 20.0, 20.0, 20.0, 20.0, 20.0, 20.0, 20.0, 20.0, 20.0, 20.0, 20.0, 20.0, 20.0, 20.0, 20.0, 20.0, 20.0, 20.0, 20.0, 20.0, 20.0, 20.0, 20.0, 20.0, 20.0, 20.0, 20.0]",0.010548260062932968,25.00073071604954,-0.7792,-2.0213,0.9746,1.7782,3.768,-0.1865,-0.0063,-9.7998,15.532,,65.0,,,,0.2483,0.425,0.4922,239.7,14.94,1.22388,1.8001,0.69,22.045,1,19.49,4.034,1,3,10,0.7,9.782,0,1.5541,0,0
1790659269.0629437,47.3980009,8.546173,9.529000282287598,1.8166192770004272,-0.004094001371413469,0.004242985509335995,359.45,1.797416130438882,-0.017010389699502,0.0,-0.4527463934608136,20.0,20.0,0.7058321237564087,-0.09725360653919779,-0.4208762998622545,1.8157907863060456,14.0,0.0,0.04977571304073448,"[20.0, 20.0, 20.0, 20.0, 20.0, 20.0, 20.0, 20.0, 20.0, 20.0, 20.0, 20.0, 20.0, 20.0, 20.0, 20.0, 20.0, 20.0, 20.0, 20.0, 20.0, 20.0, 20.0, 20.0, 20.0, 20.0, 20.0, 20.0, 20.0, 20.0, 20.0, 20.0, 20.0, 20.0, 20.0, 20.0, 20.0, 20.0, 20.0, 20.0, 20.0, 20.0, 20.0, 20.0, 20.0, 20.0, 20.0, 20.0, 20.0, 20.0, 20.0, 20.0, 20.0, 20.0, 20.0, 20.0, 20.0, 20.0, 20.0, 20.0, 20.0, 20.0, 20.0, 20.0, 20.0, 20.0, 20.0, 20.0, 20.0, 20.0, 20.0, 20.0]",0.010548260062932968,25.00073071604954,-0.5387,-1.8322,1.3024,0.4302,3.1468,-0.2018,-0.0026,-9.8107,15.532,,65.0,,,,0.3452,0.3047,0.4604,221.44,14.94,1.22388,1.8166,359.87,21.695,1,19.69,4.384,1,3,10,0.7,9.804,0,1.5864,0,0
1790659269.2639937,47.398004099999994,8.5461729,9.527000427246094,1.8255517482757568,-0.01944638229906559,0.0034122192300856113,359.89,1.7904323406388547,-0.00436343089712384,0.0,-0.48042301505790874,20.0,20.0,0.7018699049949646,0.3704230150578951,0.5003105502534787,1.8252041255196199,14.0,0.0,0.034011277641003236,"[20.0, 20.0, 20.0, 20.0, 20.0, 20.0, 20.0, 20.0, 20.0, 20.0, 20.0, 20.0, 20.0, 20.0, 20.0, 20.0, 20.0, 20.0, 20.0, 20.0, 20.0, 20.0, 20.0, 20.0, 20.0, 20.0, 20.0, 20.0, 20.0, 20.0, 20.0, 20.0, 20.0, 20.0, 20.0, 20.0, 20.0, 20.0, 20.0, 20.0, 20.0, 20.0, 20.0, 20.0, 20.0, 20.0, 20.0, 20.0, 20.0, 20.0, 20.0, 20.0, 20.0, 20.0, 20.0, 20.0, 20.0, 20.0, 20.0, 20.0, 20.0, 20.0, 20.0, 20.0, 20.0, 20.0, 20.0, 20.0, 20.0, 20.0, 20.0, 20.0]",0.010548260062932968,25.00073071604954,-0.2452,-1.8366,1.4023,-0.2214,1.696,-0.2007,0.0054,-9.7981,15.532,,65.0,,,,0.3152,0.3866,0.4988,230.81,14.94,1.22388,1.8257,359.39,21.347,1,19.89,4.731,1,3,10,0.7,9.767,0,1.5763,0,0
1790659269.4640627,47.398007199999995,8.5461729,9.527000427246094,1.8350343704223633,-0.023284154012799263,0.0032604066655039787,0.05,1.785548869197127,0.00016522905111823597,0.0,-0.5087077739154324,20.0,20.0,0.6975076198577881,0.5587077739154438,0.7769684895062883,1.8347950429603157,14.0,0.0,0.013624558432394013,"[20.0, 20.0, 20.0, 20.0, 20.0, 20.0, 20.0, 20.0, 20.0, 20.0, 20.0, 20.0, 20.0, 20.0, 20.0, 20.0, 20.0, 20.0, 20.0, 20.0, 20.0, 20.0, 20.0, 20.0, 20.0, 20.0, 20.0, 20.0, 20.0, 20.0, 20.0, 20.0, 20.0, 20.0, 20.0, 20.0, 20.0, 20.0, 20.0, 20.0, 20.0, 20.0, 20.0, 20.0, 20.0, 20.0, 20.0, 20.0, 20.0, 20.0, 20.0, 20.0, 20.0, 20.0, 20.0, 20.0, 20.0, 20.0, 20.0, 20.0, 20.0, 20.0, 20.0, 20.0, 20.0, 20.0, 20.0, 20.0, 20.0, 20.0, 20.0, 20.0]",0.010548260062932968,25.00073071604954,0.0017,-1.7741,0.9431,0.3377,0.2126,-0.2065,-0.0039,-9.8073,15.532,,65.0,,,,0.3683,0.4302,0.5663,229.43,14.94,1.22388,1.8352,359.27,20.997,1,20.09,5.082,1,3,10,0.7,9.786,0,1.552,0,0
1790659269.6644678,47.3980104,8.5461729,9.52500057220459,1.844868540763855,-0.016319477930665016,0.003275890601798892,0.03,1.7852193431822327,-0.000489527456475267,0.0,-0.5413706085535637,20.0,20.0,0.6972371935844421,0.5713706085535364,0.5368181287891401,1.8443669129330886,14.0,0.0,0.0009128090025964587,"[20.0, 20.0, 20.0, 20.0, 20.0, 20.0, 20.0, 20.0, 20.0, 20.0, 20.0, 20.0, 20.0, 20.0, 20.0, 20.0, 20.0, 20.0, 20.0, 20.0, 20.0, 20.0, 20.0, 20.0, 20.0, 20.0, 20.0, 20.0, 20.0, 20.0, 20.0, 20.0, 20.0, 20.0, 20.0, 20.0, 20.0, 20.0, 20.0, 20.0, 20.0, 20.0, 20.0, 20.0, 20.0, 20.0, 20.0, 20.0, 20.0, 20.0, 20.0, 20.0, 20.0, 20.0, 20.0, 20.0, 20.0, 20.0, 20.0, 20.0, 20.0, 20.0, 20.0, 20.0, 20.0, 20.0, 20.0, 20.0, 20.0, 20.0, 20.0, 20.0]",0.010548260062932968,25.00073071604954,0.1149,-1.6414,0.1221,0.7089,-0.747,-0.205,0.0044,-9.8047,15.532,,65.0,,,,0.4244,0.4782,0.6393,228.41,14.94,1.22388,1.8449,359.49,20.641,1,20.29,5.439,1,3,10,0.7,9.796,0,1.5253,0,0
1790659269.8653567,47.3980136,8.5461729,9.523000717163086,1.8501346111297607,-0.007938140071928501,0.003432121593505144,359.87,1.7884475522917054,-0.005173791700827084,0.0,-0.5768689309667252,20.0,20.0,0.6988440752029419,0.44686893096672975,0.11583029237808264,1.849309563570716,14.0,0.0,0.008969023528443223,"[20.0, 20.0, 20.0, 20.0, 20.0, 20.0, 20.0, 20.0, 20.0, 20.0, 20.0, 20.0, 20.0, 20.0, 20.0, 20.0, 20.0, 20.0, 20.0, 20.0, 20.0, 20.0, 20.0, 20.0, 20.0, 20.0, 20.0, 20.0, 20.0, 20.0, 20.0, 20.0, 20.0, 20.0, 20.0, 20.0, 20.0, 20.0, 20.0, 20.0, 20.0, 20.0, 20.0, 20.0, 20.0, 20.0, 20.0, 20.0, 20.0, 20.0, 20.0, 20.0, 20.0, 20.0, 20.0, 20.0, 20.0, 20.0, 20.0, 20.0, 20.0, 20.0, 20.0, 20.0, 20.0, 20.0, 20.0, 20.0, 20.0, 20.0, 20.0, 20.0]",0.010548260062932968,25.00073071604954,0.0971,-1.5231,-0.2744,0.4593,-1.1137,-0.2119,0.0094,-9.8055,15.532,,65.0,,,,0.4931,0.4565,0.672,222.79,14.94,1.22388,1.8502,359.75,20.283,1,20.49,5.797,1,3,10,0.7,9.789,0,1.5142,0,0
1790659270.0660133,47.398016899999995,8.5461729,9.522000312805176,1.8521002531051636,-0.004313082899898291,0.0028806820046156645,359.64,1.7934675330318137,-0.011899502867003486,0.0,-0.6118357906388496,20.0,20.0,0.6981624960899353,0.251835790638836,-0.22657255744071775,1.8511139168040613,14.0,0.0,0.014128996712120992,"[20.0, 20.0, 20.0, 20.0, 20.0, 20.0, 20.0, 20.0, 20.0, 20.0, 20.0, 20.0, 20.0, 20.0, 20.0, 20.0, 20.0, 20.0, 20.0, 20.0, 20.0, 20.0, 20.0, 20.0, 20.0, 20.0, 20.0, 20.0, 20.0, 20.0, 20.0, 20.0, 20.0, 20.0, 20.0, 20.0, 20.0, 20.0, 20.0, 20.0, 20.0, 20.0, 20.0, 20.0, 20.0, 20.0, 20.0, 20.0, 20.0, 20.0, 20.0, 20.0, 20.0, 20.0, 20.0, 20.0, 20.0, 20.0, 20.0, 20.0, 20.0, 20.0, 20.0, 20.0, 20.0, 20.0, 20.0, 20.0, 20.0, 20.0, 20.0, 20.0]",0.010548260062932968,25.00073071604954,0.0499,-1.4759,-0.2628,0.1642,-1.053,-0.2053,-0.0015,-9.8015,15.532,,65.0,,,,0.493,0.5117,0.7105,226.07,14.94,1.22388,1.8521,359.87,19.924,1,20.69,6.156,1,3,10,0.7,9.801,0,1.4969,0,0
1790659270.26652,47.3980201,8.546172799999999,9.523000717163086,1.8546818494796753,-0.005883959122002125,0.0023101067636162043,359.47,1.796941141173885,-0.016912984431263035,0.0,-0.6457187739848109,20.0,20.0,0.6946848034858704,0.11571877398483821,-0.34823033767404504,1.853720988588878,14.0,0.0,0.00989465062354691,"[20.0, 20.0, 20.0, 20.0, 20.0, 20.0, 20.0, 20.0, 20.0, 20.0, 20.0, 20.0, 20.0, 20.0, 20.0, 20.0, 20.0, 20.0, 20.0, 20.0, 20.0, 20.0, 20.0, 20.0, 20.0, 20.0, 20.0, 20.0, 20.0, 20.0, 20.0, 20.0, 20.0, 20.0, 20.0, 20.0, 20.0, 20.0, 20.0, 20.0, 20.0, 20.0, 20.0, 20.0, 20.0, 20.0, 20.0, 20.0, 20.0, 20.0, 20.0, 20.0, 20.0, 20.0, 20.0, 20.0, 20.0, 20.0, 20.0, 20.0, 20.0, 20.0, 20.0, 20.0, 20.0, 20.0, 20.0, 20.0, 20.0, 20.0, 20.0, 20.0]",0.010548260062932968,25.00073071604954,0.0049,-1.4624,-0.1392,-0.0077,-0.7498,-0.2032,-0.0103,-9.7933,15.532,,65.0,,,,0.6428,0.3663,0.7399,209.68,14.94,1.22388,1.8547,359.82,19.563,1,20.89,6.517,1,3,10,0.7,9.804,0,1.4847,0,0
1790659270.467299,47.3980234,8.546172799999999,9.52500057220459,1.8553105592727661,-0.009861038997769356,0.001950322650372982,359.38,1.7983776451323004,-0.019608988272062772,0.0,-0.6788975543942115,20.0,20.0,0.6895489692687988,0.058897554394206963,-0.315473842289195,1.85446798470833,14.0,0.0,0.004148640234726841,"[20.0, 20.0, 20.0, 20.0, 20.0, 20.0, 20.0, 20.0, 20.0, 20.0, 20.0, 20.0, 20.0, 20.0, 20.0, 20.0, 20.0, 20.0, 20.0, 20.0, 20.0, 20.0, 20.0, 20.0, 20.0, 20.0, 20.0, 20.0, 20.0, 20.0, 20.0, 20.0, 20.0, 20.0, 20.0, 20.0, 20.0, 20.0, 20.0, 20.0, 20.0, 20.0, 20.0, 20.0, 20.0, 20.0, 20.0, 20.0, 20.0, 20.0, 20.0, 20.0, 20.0, 20.0, 20.0, 20.0, 20.0, 20.0, 20.0, 20.0, 20.0, 20.0, 20.0, 20.0, 20.0, 20.0, 20.0, 20.0, 20.0, 20.0, 20.0, 20.0]",0.010548260062932968,25.00073071604954,-0.0158,-1.4541,-0.0057,-0.1015,-0.4325,-0.2186,-0.0035,-9.7962,15.532,,65.0,,,,0.6327,0.2967,0.6988,205.13,14.94,1.22388,1.8553,359.7,19.202,1,21.09,6.878,1,3,10,0.7,9.797,0,1.5059,0,0
1790659270.6680758,47.398026599999994,8.5461727,9.526000022888184,1.8536784648895264,-0.014726937748491764,0.002003195695579052,359.36,1.7980501765306374,-0.02026435387163287,0.0,-0.7113319824776454,20.0,20.0,0.683167040348053,0.07133198247765904,-0.1848112270441972,1.8529937724958165,14.0,0.0,0.0009081484631326741,"[20.0, 20.0, 20.0, 20.0, 20.0, 20.0, 20.0, 20.0, 20.0, 20.0, 20.0, 20.0, 20.0, 20.0, 20.0, 20.0, 20.0, 20.0, 20.0, 20.0, 20.0, 20.0, 20.0, 20.0, 20.0, 20.0, 20.0, 20.0, 20.0, 20.0, 20.0, 20.0, 20.0, 20.0, 20.0, 20.0, 20.0, 20.0, 20.0, 20.0, 20.0, 20.0, 20.0, 20.0, 20.0, 20.0, 20.0, 20.0, 20.0, 20.0, 20.0, 20.0, 20.0, 20.0, 20.0, 20.0, 20.0, 20.0, 20.0, 20.0, 20.0, 20.0, 20.0, 20.0, 20.0, 20.0, 20.0, 20.0, 20.0, 20.0, 20.0, 20.0]",0.010548260062932968,25.00073071604954,-0.017,-1.4621,0.0308,-0.1752,-0.163,-0.2126,-0.0045,-9.8048,15.532,,65.0,,,,0.8067,0.3461,0.8778,203.22,14.94,1.22388,1.8537,359.54,18.844,1,21.3,7.236,1,3,10,0.7,9.775,0,1.4148,0,0
1790659270.868917,47.398029799999996,8.5461726,9.52400016784668,1.8539851903915405,-0.018853403627872467,0.0025831949897110462,359.39,1.796434850715966,-0.01946351946276382,0.0,-0.7443535565103616,20.0,20.0,0.6764164566993713,0.13435355651034797,-0.027372247815394955,1.8534333096838222,14.0,0.0,0.004588997250037235,"[20.0, 20.0, 20.0, 20.0, 20.0, 20.0, 20.0, 20.0, 20.0, 20.0, 20.0, 20.0, 20.0, 20.0, 20.0, 20.0, 20.0, 20.0, 20.0, 20.0, 20.0, 20.0, 20.0, 20.0, 20.0, 20.0, 20.0, 20.0, 20.0, 20.0, 20.0, 20.0, 20.0, 20.0, 20.0, 20.0, 20.0, 20.0, 20.0, 20.0, 20.0, 20.0, 20.0, 20.0, 20.0, 20.0, 20.0, 20.0, 20.0, 20.0, 20.0, 20.0, 20.0, 20.0, 20.0, 20.0, 20.0, 20.0, 20.0, 20.0, 20.0, 20.0, 20.0, 20.0, 20.0, 20.0, 20.0, 20.0, 20.0, 20.0, 20.0, 20.0]",0.010548260062932968,25.00073071604954,-0.0027,-1.4526,0.1373,0.0342,-0.1176,-0.2188,-0.0049,-9.8062,15.472,,61.0,,,,0.7866,0.3874,0.8769,206.22,14.94,1.22388,1.8541,359.42,18.484,1,21.5,7.596,1,3,10,0.7,9.736,0,1.4157,0,0
1790659271.0690906,47.3980331,8.5461726,9.519000053405762,1.8541676998138428,-0.018549462780356407,0.0030298165511339903,359.35,1.7964377655784058,-0.020716211798666288,0.0,-0.7836973024898839,20.0,20.0,0.6742812991142273,0.13369730248990663,-0.07682073732454427,1.8535740386009938,14.0,0.0,4.791499168871291e-05,"[20.0, 20.0, 20.0, 20.0, 20.0, 20.0, 20.0, 20.0, 20.0, 20.0, 20.0, 20.0, 20.0, 20.0, 20.0, 20.0, 20.0, 20.0, 20.0, 20.0, 20.0, 20.0, 20.0, 20.0, 20.0, 20.0, 20.0, 20.0, 20.0, 20.0, 20.0, 20.0, 20.0, 20.0, 20.0, 20.0, 20.0, 20.0, 20.0, 20.0, 20.0, 20.0, 20.0, 20.0, 20.0, 20.0, 20.0, 20.0, 20.0, 20.0, 20.0, 20.0, 20.0, 20.0, 20.0, 20.0, 20.0, 20.0, 20.0, 20.0, 20.0, 20.0, 20.0, 20.0, 20.0, 20.0, 20.0, 20.0, 20.0, 20.0, 20.0, 20.0]",0.010548260062932968,25.00073071604954,0.0105,-1.4215,-0.1027,0.1268,-0.154,-0.221,-0.0051,-9.8068,15.472,,61.0,,,,0.7577,0.386,0.8504,207.0,14.94,1.22388,1.8543,359.43,18.123,1,21.7,7.957,1,3,10,0.7,9.738,0,1.4291,0,0
1790659271.2697074,47.3980363,8.5461726,9.516000747680664,1.8544695377349854,-0.017275279387831688,0.0025459241587668657,359.29,1.7968313277293786,-0.022562197370598055,0.0,-0.827571450231062,20.0,20.0,0.674508273601532,0.11757145023108251,-0.17627758011813197,1.8537876792885564,14.0,0.0,0.0011749873195876785,"[20.0, 20.0, 20.0, 20.0, 20.0, 20.0, 20.0, 20.0, 20.0, 20.0, 20.0, 20.0, 20.0, 20.0, 20.0, 20.0, 20.0, 20.0, 20.0, 20.0, 20.0, 20.0, 20.0, 20.0, 20.0, 20.0, 20.0, 20.0, 20.0, 20.0, 20.0, 20.0, 20.0, 20.0, 20.0, 20.0, 20.0, 20.0, 20.0, 20.0, 20.0, 20.0, 20.0, 20.0, 20.0, 20.0, 20.0, 20.0, 20.0, 20.0, 20.0, 20.0, 20.0, 20.0, 20.0, 20.0, 20.0, 20.0, 20.0, 20.0, 20.0, 20.0, 20.0, 20.0, 20.0, 20.0, 20.0, 20.0, 20.0, 20.0, 20.0, 20.0]",0.010548260062932968,25.00073071604954,-0.0026,-1.3927,-0.11,0.0976,-0.1683,-0.2206,0.0,-9.8113,15.472,,61.0,,,,0.783,0.3764,0.8687,205.67,14.94,1.22388,1.8545,359.47,17.76,1,21.9,8.32,1,3,10,0.7,9.698,0,1.4202,0,0
1790659271.4705641,47.3980396,8.5461726,9.51300048828125,1.855164885520935,-0.01566380448639393,0.0015440674033015966,359.21,1.7976008914498187,-0.025004116235011774,0.0,-0.8764571266503367,20.0,20.0,0.6769701242446899,0.08645712665031624,-0.3062432357433466,1.8543690337717469,14.0,0.0,0.002266691836036383,"[20.0, 20.0, 20.0, 20.0, 20.0, 20.0, 20.0, 20.0, 20.0, 20.0, 20.0, 20.0, 20.0, 20.0, 20.0, 20.0, 20.0, 20.0, 20.0, 20.0, 20.0, 20.0, 20.0, 20.0, 20.0, 20.0, 20.0, 20.0, 20.0, 20.0, 20.0, 20.0, 20.0, 20.0, 20.0, 20.0, 20.0, 20.0, 20.0, 20.0, 20.0, 20.0, 20.0, 20.0, 20.0, 20.0, 20.0, 20.0, 20.0, 20.0, 20.0, 20.0, 20.0, 20.0, 20.0, 20.0, 20.0, 20.0, 20.0, 20.0, 20.0, 20.0, 20.0, 20.0, 20.0, 20.0, 20.0, 20.0, 20.0, 20.0, 20.0, 20.0]",0.010548260062932968,25.00073071604954,-0.0279,-1.3654,-0.1326,0.1641,-0.1777,-0.2221,0.0018,-9.8057,15.472,,61.0,,,,0.6509,0.3154,0.7233,205.85,14.94,1.22388,1.8552,359.52,17.395,1,22.1,8.686,1,3,10,0.7,9.722,0,1.4936,0,0
1790659271.6706429,47.3980429,8.5461727,9.51200008392334,1.8571375608444214,-0.011782286688685417,0.0011835312470793724,359.07,1.7996735123820724,-0.029222801070854246,0.0,-0.9334705403900898,20.0,20.0,0.6833891868591309,0.003470540390082988,-0.5665017555193048,1.8561140133780003,14.0,0.0,0.0060792775457598315,"[20.0, 20.0, 20.0, 20.0, 20.0, 20.0, 20.0, 20.0, 20.0, 20.0, 20.0, 20.0, 20.0, 20.0, 20.0, 20.0, 20.0, 20.0, 20.0, 20.0, 20.0, 20.0, 20.0, 20.0, 20.0, 20.0, 20.0, 20.0, 20.0, 20.0, 20.0, 20.0, 20.0, 20.0, 20.0, 20.0, 20.0, 20.0, 20.0, 20.0, 20.0, 20.0, 20.0, 20.0, 20.0, 20.0, 20.0, 20.0, 20.0, 20.0, 20.0, 20.0, 20.0, 20.0, 20.0, 20.0, 20.0, 20.0, 20.0, 20.0, 20.0, 20.0, 20.0, 20.0, 20.0, 20.0, 20.0, 20.0, 20.0, 20.0, 20.0, 20.0]",0.010548260062932968,25.00073071604954,-0.0745,-1.335,-0.3526,0.2105,-0.1396,-0.2187,-0.0016,-9.8113,15.472,,61.0,,,,0.7302,0.1967,0.7562,195.08,14.94,1.22388,1.8572,359.64,17.027,1,22.3,9.054,1,3,10,0.7,9.725,0,1.4791,0,0
1790659271.8710957,47.3980463,8.546172799999999,9.51400089263916,1.8570833206176758,-0.007987949065864086,-0.00012936617713421583,358.92,1.7975675666725721,-0.03368084532010199,0.0,-0.9977467762067818,20.0,20.0,0.6926649212837219,-0.08225322379320232,-0.8335528208016405,1.8558093751558367,14.0,0.0,0.006275542841291534,"[20.0, 20.0, 20.0, 20.0, 20.0, 20.0, 20.0, 20.0, 20.0, 20.0, 20.0, 20.0, 20.0, 20.0, 20.0, 20.0, 20.0, 20.0, 20.0, 20.0, 20.0, 20.0, 20.0, 20.0, 20.0, 20.0, 20.0, 20.0, 20.0, 20.0, 20.0, 20.0, 20.0, 20.0, 20.0, 20.0, 20.0, 20.0, 20.0, 20.0, 20.0, 20.0, 20.0, 20.0, 20.0, 20.0, 20.0, 20.0, 20.0, 20.0, 20.0, 20.0, 20.0, 20.0, 20.0, 20.0, 20.0, 20.0, 20.0, 20.0, 20.0, 20.0, 20.0, 20.0, 20.0, 20.0, 20.0, 20.0, 20.0, 20.0, 20.0, 20.0]",0.010548260062932968,25.00073071604954,-0.1401,-1.3152,-0.3553,0.0462,0.0384,-0.229,0.0003,-9.7939,15.472,,61.0,,,,0.7693,0.3292,0.8368,203.17,14.94,1.22388,1.8571,359.75,16.659,1,22.5,9.423,1,3,10,0.7,9.735,0,1.4387,0,0
1790659272.0720077,47.3980496,8.5461729,9.516000747680664,1.857683777809143,-0.0075368378311395645,-0.0004626530862879008,358.82,1.7967104930117048,-0.03672418698698838,0.0,-1.0668043156493354,20.0,20.0,0.7024498581886292,-0.1131956843506714,-0.9475456746450043,1.8562804995865392,14.0,0.0,0.0022533071159191657,"[20.0, 20.0, 20.0, 20.0, 20.0, 20.0, 20.0, 20.0, 20.0, 20.0, 20.0, 20.0, 20.0, 20.0, 20.0, 20.0, 20.0, 20.0, 20.0, 20.0, 20.0, 20.0, 20.0, 20.0, 20.0, 20.0, 20.0, 20.0, 20.0, 20.0, 20.0, 20.0, 20.0, 20.0, 20.0, 20.0, 20.0, 20.0, 20.0, 20.0, 20.0, 20.0, 20.0, 20.0, 20.0, 20.0, 20.0, 20.0, 20.0, 20.0, 20.0, 20.0, 20.0, 20.0, 20.0, 20.0, 20.0, 20.0, 20.0, 20.0, 20.0, 20.0, 20.0, 20.0, 20.0, 20.0, 20.0, 20.0, 20.0, 20.0, 20.0, 20.0]",0.010548260062932968,25.00073071604954,-0.2098,-1.2878,-0.2936,0.2221,0.2863,-0.2308,-0.0029,-9.7937,15.472,,61.0,,,,0.6374,0.4177,0.7621,213.24,14.94,1.22388,1.8577,359.77,16.289,1,22.7,9.794,1,3,10,0.7,9.716,0,1.4767,0,0
1790659272.2729237,47.398053399999995,8.546173,9.518000602722168,1.859473705291748,-0.011550365015864372,-0.0002178332069888711,358.85,1.7989818625874527,-0.03636327093120285,0.0,-1.1347031379791588,20.0,20.0,0.7085118293762207,-0.025296862020809385,-0.8041043215545638,1.8581441531783802,14.0,0.0,0.0064118813702287785,"[20.0, 20.0, 20.0, 20.0, 20.0, 20.0, 20.0, 20.0, 20.0, 20.0, 20.0, 20.0, 20.0, 20.0, 20.0, 20.0, 20.0, 20.0, 20.0, 20.0, 20.0, 20.0, 20.0, 20.0, 20.0, 20.0, 20.0, 20.0, 20.0, 20.0, 20.0, 20.0, 20.0, 20.0, 20.0, 20.0, 20.0, 20.0, 20.0, 20.0, 20.0, 20.0, 20.0, 20.0, 20.0, 20.0, 20.0, 20.0, 20.0, 20.0, 20.0, 20.0, 20.0, 20.0, 20.0, 20.0, 20.0, 20.0, 20.0, 20.0, 20.0, 20.0, 20.0, 20.0, 20.0, 20.0, 20.0, 20.0, 20.0, 20.0, 20.0, 20.0]",0.010548260062932968,25.00073071604954,-0.2475,-1.2408,-0.1058,0.3059,0.357,-0.223,-0.0021,-9.802,15.472,,61.0,,,,0.7948,0.4458,0.9113,209.29,14.94,1.22388,1.8595,359.64,15.914,1,22.9,10.169,1,3,10,0.7,9.75,0,1.4039,0,0
1790659272.4734497,47.3980568,8.546173,9.520000457763672,1.8613406419754028,-0.019195998087525368,-0.00029864406678825617,358.94,1.7963871587778883,-0.0338724093195442,0.0,-1.1979084547895127,20.0,20.0,0.7092139720916748,0.1279084547895195,-0.47912981800197463,1.8602766267916457,14.0,0.0,0.011211702310629757,"[20.0, 20.0, 20.0, 20.0, 20.0, 20.0, 20.0, 20.0, 20.0, 20.0, 20.0, 20.0, 20.0, 20.0, 20.0, 20.0, 20.0, 20.0, 20.0, 20.0, 20.0, 20.0, 20.0, 20.0, 20.0, 20.0, 20.0, 20.0, 20.0, 20.0, 20.0, 20.0, 20.0, 20.0, 20.0, 20.0, 20.0, 20.0, 20.0, 20.0, 20.0, 20.0, 20.0, 20.0, 20.0, 20.0, 20.0, 20.0, 20.0, 20.0, 20.0, 20.0, 20.0, 20.0, 20.0, 20.0, 20.0, 20.0, 20.0, 20.0, 20.0, 20.0, 20.0, 20.0, 20.0, 20.0, 20.0, 20.0, 20.0, 20.0, 20.0, 20.0]",0.010548260062932968,25.00073071604954,-0.2244,-1.1996,0.2632,0.2185,0.3263,-0.2134,-0.0045,-9.7974,15.472,,61.0,,,,0.7387,0.3668,0.8248,206.41,14.94,1.22388,1.8614,359.41,15.537,1,23.1,10.547,1,3,10,0.7,9.748,0,1.4491,0,0
1790659272.6738758,47.398060099999995,8.546173,9.521000862121582,1.860012412071228,-0.025841256603598595,0.00010114333417732269,358.99,1.7933012570708045,-0.03223791847497984,0.0,-1.2585865214372234,20.0,20.0,0.7068766355514526,0.24858652143723248,-0.21403773538137044,1.8591944765290636,14.0,0.0,0.008785537607994297,"[20.0, 20.0, 20.0, 20.0, 20.0, 20.0, 20.0, 20.0, 20.0, 20.0, 20.0, 20.0, 20.0, 20.0, 20.0, 20.0, 20.0, 20.0, 20.0, 20.0, 20.0, 20.0, 20.0, 20.0, 20.0, 20.0, 20.0, 20.0, 20.0, 20.0, 20.0, 20.0, 20.0, 20.0, 20.0, 20.0, 20.0, 20.0, 20.0, 20.0, 20.0, 20.0, 20.0, 20.0, 20.0, 20.0, 20.0, 20.0, 20.0, 20.0, 20.0, 20.0, 20.0, 20.0, 20.0, 20.0, 20.0, 20.0, 20.0, 20.0, 20.0, 20.0, 20.0, 20.0, 20.0, 20.0, 20.0, 20.0, 20.0, 20.0, 20.0, 20.0]",0.010548260062932968,25.00073071604954,-0.1575,-1.1601,0.3824,0.1829,0.0121,-0.2188,0.0075,-9.7976,15.472,,61.0,,,,0.7597,0.2584,0.8025,198.78,14.94,1.22388,1.8602,359.2,15.161,1,23.3,10.923,1,3,10,0.7,9.748,0,1.459,0,0
1790659272.8738894,47.3980635,8.5461729,9.523000717163086,1.8559900522232056,-0.02908843569457531,5.749684351030737e-05,358.94,1.7927485999870183,-0.033531198818881024,0.0,-1.3190413319274512,20.0,20.0,0.7031477689743042,0.26904133192743984,-0.15209208598961602,1.8552739295440663,14.0,0.0,0.0014891948305377487,"[20.0, 20.0, 20.0, 20.0, 20.0, 20.0, 20.0, 20.0, 20.0, 20.0, 20.0, 20.0, 20.0, 20.0, 20.0, 20.0, 20.0, 20.0, 20.0, 20.0, 20.0, 20.0, 20.0, 20.0, 20.0, 20.0, 20.0, 20.0, 20.0, 20.0, 20.0, 20.0, 20.0, 20.0, 20.0, 20.0, 20.0, 20.0, 20.0, 20.0, 20.0, 20.0, 20.0, 20.0, 20.0, 20.0, 20.0, 20.0, 20.0, 20.0, 20.0, 20.0, 20.0, 20.0, 20.0, 20.0, 20.0, 20.0, 20.0, 20.0, 20.0, 20.0, 20.0, 20.0, 20.0, 20.0, 20.0, 20.0, 20.0, 20.0, 20.0, 20.0]",0.010548260062932968,25.00073071604954,-0.0964,-1.1309,0.2335,0.099,-0.2826,-0.2139,0.004,-9.7945,15.412,,58.0,,,,0.7006,0.3282,0.7737,205.1,14.94,1.22388,1.8562,359.1,14.788,1,23.5,11.296,1,3,10,0.7,9.733,0,1.4694,0,0
1790659273.0740707,47.398066799999995,8.546172799999999,9.523000717163086,1.8516358137130737,-0.03120627999305725,-0.00011331419227644801,358.83,1.7942435269483337,-0.03716658227759354,0.0,-1.3784356661988681,20.0,20.0,0.6975725889205933,0.20843566619885223,-0.20446516351488964,1.8509767731284883,14.0,0.0,0.004414878422160093,"[20.0, 20.0, 20.0, 20.0, 20.0, 20.0, 20.0, 20.0, 20.0, 20.0, 20.0, 20.0, 20.0, 20.0, 20.0, 20.0, 20.0, 20.0, 20.0, 20.0, 20.0, 20.0, 20.0, 20.0, 20.0, 20.0, 20.0, 20.0, 20.0, 20.0, 20.0, 20.0, 20.0, 20.0, 20.0, 20.0, 20.0, 20.0, 20.0, 20.0, 20.0, 20.0, 20.0, 20.0, 20.0, 20.0, 20.0, 20.0, 20.0, 20.0, 20.0, 20.0, 20.0, 20.0, 20.0, 20.0, 20.0, 20.0, 20.0, 20.0, 20.0, 20.0, 20.0, 20.0, 20.0, 20.0, 20.0, 20.0, 20.0, 20.0, 20.0, 20.0]",0.010548260062932968,25.00073071604954,-0.0594,-1.1306,0.1854,0.0431,-0.5214,-0.2231,0.0058,-9.7839,15.412,,58.0,,,,0.7903,0.383,0.8782,205.86,14.94,1.22388,1.8519,359.03,14.416,1,23.7,11.669,1,3,10,0.7,9.732,0,1.4128,0,0
1790659273.274612,47.3980702,8.546172799999999,9.523000717163086,1.8481863737106323,-0.03311017528176308,0.00034453999251127243,358.73,1.795231186506569,-0.04021945614555845,0.0,-1.4376385247456938,20.0,20.0,0.6906660795211792,0.16763852474571195,-0.24365849235088693,1.8475782729597303,14.0,0.0,0.00296863761474355,"[20.0, 20.0, 20.0, 20.0, 20.0, 20.0, 20.0, 20.0, 20.0, 20.0, 20.0, 20.0, 20.0, 20.0, 20.0, 20.0, 20.0, 20.0, 20.0, 20.0, 20.0, 20.0, 20.0, 20.0, 20.0, 20.0, 20.0, 20.0, 20.0, 20.0, 20.0, 20.0, 20.0, 20.0, 20.0, 20.0, 20.0, 20.0, 20.0, 20.0, 20.0, 20.0, 20.0, 20.0, 20.0, 20.0, 20.0, 20.0, 20.0, 20.0, 20.0, 20.0, 20.0, 20.0, 20.0, 20.0, 20.0, 20.0, 20.0, 20.0, 20.0, 20.0, 20.0, 20.0, 20.0, 20.0, 20.0, 20.0, 20.0, 20.0, 20.0, 20.0]",0.010548260062932968,25.00073071604954,-0.0528,-1.1465,-0.0034,-0.1018,-0.5046,-0.2271,0.0041,-9.7984,15.412,,58.0,,,,1.0528,0.4418,1.1418,202.77,14.94,1.22388,1.8485,358.97,14.044,1,23.9,12.041,1,3,10,0.7,9.754,0,1.2776,0,0
1790659273.47573,47.398073499999995,8.5461727,9.52400016784668,1.8443043231964111,-0.03443573787808418,0.000369892455637455,358.61,1.7966351831301932,-0.04387091473040405,0.0,-1.4998993610239495,20.0,20.0,0.6841735243797302,0.10989936102396314,-0.3203320558818214,1.8437170023546368,14.0,0.0,0.0041986383080865825,"[20.0, 20.0, 20.0, 20.0, 20.0, 20.0, 20.0, 20.0, 20.0, 20.0, 20.0, 20.0, 20.0, 20.0, 20.0, 20.0, 20.0, 20.0, 20.0, 20.0, 20.0, 20.0, 20.0, 20.0, 20.0, 20.0, 20.0, 20.0, 20.0, 20.0, 20.0, 20.0, 20.0, 20.0, 20.0, 20.0, 20.0, 20.0, 20.0, 20.0, 20.0, 20.0, 20.0, 20.0, 20.0, 20.0, 20.0, 20.0, 20.0, 20.0, 20.0, 20.0, 20.0, 20.0, 20.0, 20.0, 20.0, 20.0, 20.0, 20.0, 20.0, 20.0, 20.0, 20.0, 20.0, 20.0, 20.0, 20.0, 20.0, 20.0, 20.0, 20.0]",0.010548260062932968,25.00073071604954,-0.0626,-1.1662,-0.1234,-0.1569,-0.4107,-0.2133,0.0008,-9.7967,15.412,,58.0,,,,1.1738,0.3044,1.2127,194.54,14.94,1.22388,1.8446,358.93,13.673,1,24.1,12.412,1,3,10,0.7,9.803,0,1.2383,0,0
1790659273.6761525,47.3980768,8.5461726,9.52500057220459,1.8408437967300415,-0.036118652671575546,-8.829070429783314e-05,358.52,1.797224288878225,-0.046645965403175206,0.0,-1.5643322244350202,20.0,20.0,0.6776015758514404,0.08433222443500199,-0.35596065179158903,1.8402941197782376,14.0,0.0,0.001870262743678961,"[20.0, 20.0, 20.0, 20.0, 20.0, 20.0, 20.0, 20.0, 20.0, 20.0, 20.0, 20.0, 20.0, 20.0, 20.0, 20.0, 20.0, 20.0, 20.0, 20.0, 20.0, 20.0, 20.0, 20.0, 20.0, 20.0, 20.0, 20.0, 20.0, 20.0, 20.0, 20.0, 20.0, 20.0, 20.0, 20.0, 20.0, 20.0, 20.0, 20.0, 20.0, 20.0, 20.0, 20.0, 20.0, 20.0, 20.0, 20.0, 20.0, 20.0, 20.0, 20.0, 20.0, 20.0, 20.0, 20.0, 20.0, 20.0, 20.0, 20.0, 20.0, 20.0, 20.0, 20.0, 20.0, 20.0, 20.0, 20.0, 20.0, 20.0, 20.0, 20.0]",0.010548260062932968,25.00073071604954,-0.0806,-1.1916,-0.1257,-0.0701,-0.2867,-0.2257,0.0071,-9.7963,15.412,,58.0,,,,1.1091,0.2697,1.1414,193.67,14.94,1.22388,1.8412,358.88,13.304,1,24.3,12.781,1,3,10,0.7,9.801,0,1.2705,0,0
1790659273.8765852,47.3980801,8.546172499999999,9.528000831604004,1.836685299873352,-0.03886421024799347,8.241847535828128e-05,358.46,1.7970514528181853,-0.04853662910656724,0.0,-1.6290961272457594,20.0,20.0,0.6701664328575134,0.0890961272457389,-0.32780378345597655,1.8362325013197305,14.0,0.0,0.00034829047645138915,"[20.0, 20.0, 20.0, 20.0, 20.0, 20.0, 20.0, 20.0, 20.0, 20.0, 20.0, 20.0, 20.0, 20.0, 20.0, 20.0, 20.0, 20.0, 20.0, 20.0, 20.0, 20.0, 20.0, 20.0, 20.0, 20.0, 20.0, 20.0, 20.0, 20.0, 20.0, 20.0, 20.0, 20.0, 20.0, 20.0, 20.0, 20.0, 20.0, 20.0, 20.0, 20.0, 20.0, 20.0, 20.0, 20.0, 20.0, 20.0, 20.0, 20.0, 20.0, 20.0, 20.0, 20.0, 20.0, 20.0, 20.0, 20.0, 20.0, 20.0, 20.0, 20.0, 20.0, 20.0, 20.0, 20.0, 20.0, 20.0, 20.0, 20.0, 20.0, 20.0]",0.010548260062932968,25.00073071604954,-0.0952,-1.2158,0.0112,-0.1517,-0.2144,-0.2229,0.0015,-9.7965,15.412,,58.0,,,,1.0554,0.3007,1.0974,195.9,14.94,1.22388,1.8371,358.79,12.937,1,24.5,13.149,1,3,10,0.7,9.824,0,1.2884,0,0
1790659274.0774152,47.3980834,8.5461724,9.531000137329102,1.8323454856872559,-0.04393492266535759,-0.00025204464327543974,358.45,1.7956806600760828,-0.04894554377718285,0.0,-1.6918251391760464,20.0,20.0,0.6610046029090881,0.141825139176035,-0.19863711351625002,1.832452786891155,14.0,0.0,0.003842065168860085,"[20.0, 20.0, 20.0, 20.0, 20.0, 20.0, 20.0, 20.0, 20.0, 20.0, 20.0, 20.0, 20.0, 20.0, 20.0, 20.0, 20.0, 20.0, 20.0, 20.0, 20.0, 20.0, 20.0, 20.0, 20.0, 20.0, 20.0, 20.0, 20.0, 20.0, 20.0, 20.0, 20.0, 20.0, 20.0, 20.0, 20.0, 20.0, 20.0, 20.0, 20.0, 20.0, 20.0, 20.0, 20.0, 20.0, 20.0, 20.0, 20.0, 20.0, 20.0, 20.0, 20.0, 20.0, 20.0, 20.0, 20.0, 20.0, 20.0, 20.0, 20.0, 20.0, 20.0, 20.0, 20.0, 20.0, 20.0, 20.0, 20.0, 20.0, 20.0, 20.0]",0.010548260062932968,25.00073071604954,-0.0927,-1.2431,0.1012,-0.1207,-0.1471,-0.2245,-0.0045,-9.799,15.412,,58.0,,,,1.1757,0.2546,1.2029,192.22,14.94,1.22388,1.8329,358.63,12.572,1,24.7,13.513,1,3,10,0.7,9.806,0,1.2314,0,0
1790659274.2777855,47.3980867,8.546172199999999,9.534000396728516,1.8308130502700806,-0.0470779612660408,0.0003828257031273097,358.42,1.7947595472249716,-0.04994770151198762,0.0,-1.756443256667751,20.0,20.0,0.6515755653381348,0.17644325666776695,-0.11748114986009048,1.831036760739298,14.0,0.0,0.0025173301851150755,"[20.0, 20.0, 20.0, 20.0, 20.0, 20.0, 20.0, 20.0, 20.0, 20.0, 20.0, 20.0, 20.0, 20.0, 20.0, 20.0, 20.0, 20.0, 20.0, 20.0, 20.0, 20.0, 20.0, 20.0, 20.0, 20.0, 20.0, 20.0, 20.0, 20.0, 20.0, 20.0, 20.0, 20.0, 20.0, 20.0, 20.0, 20.0, 20.0, 20.0, 20.0, 20.0, 20.0, 20.0, 20.0, 20.0, 20.0, 20.0, 20.0, 20.0, 20.0, 20.0, 20.0, 20.0, 20.0, 20.0, 20.0, 20.0, 20.0, 20.0, 20.0, 20.0, 20.0, 20.0, 20.0, 20.0, 20.0, 20.0, 20.0, 20.0, 20.0, 20.0]",0.010548260062932968,25.00073071604954,-0.0683,-1.2467,0.1185,0.0522,-0.2254,-0.222,0.0005,-9.7932,15.412,,58.0,,,,1.1367,0.2398,1.1617,191.91,14.94,1.22388,1.8314,358.53,12.208,1,24.9,13.878,1,3,10,0.7,9.772,0,1.2505,0,0
1790659274.4788282,47.398089999999996,8.5461721,9.532000541687012,1.8293330669403076,-0.04944995045661926,0.0015652127331122756,358.37,1.7939829365709394,-0.05156382866953755,0.0,-1.8347418478642794,20.0,20.0,0.6406228542327881,0.20474184786428395,-0.08157576292630626,1.8293164466181893,14.0,0.0,0.0020546461783600162,"[20.0, 20.0, 20.0, 20.0, 20.0, 20.0, 20.0, 20.0, 20.0, 20.0, 20.0, 20.0, 20.0, 20.0, 20.0, 20.0, 20.0, 20.0, 20.0, 20.0, 20.0, 20.0, 20.0, 20.0, 20.0, 20.0, 20.0, 20.0, 20.0, 20.0, 20.0, 20.0, 20.0, 20.0, 20.0, 20.0, 20.0, 20.0, 20.0, 20.0, 20.0, 20.0, 20.0, 20.0, 20.0, 20.0, 20.0, 20.0, 20.0, 20.0, 20.0, 20.0, 20.0, 20.0, 20.0, 20.0, 20.0, 20.0, 20.0, 20.0, 20.0, 20.0, 20.0, 20.0, 20.0, 20.0, 20.0, 20.0, 20.0, 20.0, 20.0, 20.0]",0.010548260062932968,25.00073071604954,-0.0533,-1.239,0.049,-0.0057,-0.3014,-0.2205,0.0085,-9.8097,15.412,,58.0,,,,1.1531,0.1264,1.16,186.25,14.94,1.22388,1.83,358.45,11.786,1,25.11,14.3,1,3,10,0.7,9.75,0,1.25,0,0
1790659274.6789699,47.3980933,8.546172,9.529000282287598,1.8292107582092285,-0.051389969885349274,0.0018053899984806776,358.31,1.7936636182250614,-0.053460171804017936,0.0,-1.904951357716925,20.0,20.0,0.6307612061500549,0.2149513577169273,-0.08075181412646373,1.8292566645298944,14.0,0.0,0.0007444556970446439,"[20.0, 20.0, 20.0, 20.0, 20.0, 20.0, 20.0, 20.0, 20.0, 20.0, 20.0, 20.0, 20.0, 20.0, 20.0, 20.0, 20.0, 20.0, 20.0, 20.0, 20.0, 20.0, 20.0, 20.0, 20.0, 20.0, 20.0, 20.0, 20.0, 20.0, 20.0, 20.0, 20.0, 20.0, 20.0, 20.0, 20.0, 20.0, 20.0, 20.0, 20.0, 20.0, 20.0, 20.0, 20.0, 20.0, 20.0, 20.0, 20.0, 20.0, 20.0, 20.0, 20.0, 20.0, 20.0, 20.0, 20.0, 20.0, 20.0, 20.0, 20.0, 20.0, 20.0, 20.0, 20.0, 20.0, 20.0, 20.0, 20.0, 20.0, 20.0, 20.0]",0.010548260062932968,25.00073071604954,-0.0424,-1.226,0.0685,0.1084,-0.3651,-0.2207,0.0006,-9.8116,15.352,,55.0,,,,1.0908,0.002,1.0908,180.11,14.94,1.22388,1.8299,358.39,11.419,1,25.31,14.667,1,3,10,0.7,9.787,0,1.2845,0,0
1790659274.8801239,47.398096599999995,8.5461718,9.527000427246094,1.8305449485778809,-0.051983658224344254,0.001377643784508109,358.21,1.794201692153973,-0.0565492108729654,0.0,-1.9804592106762584,20.0,20.0,0.6213024258613586,0.19045921067623794,-0.16335654479998205,1.8305721146743836,14.0,0.0,0.0017780456311516423,"[20.0, 20.0, 20.0, 20.0, 20.0, 20.0, 20.0, 20.0, 20.0, 20.0, 20.0, 20.0, 20.0, 20.0, 20.0, 20.0, 20.0, 20.0, 20.0, 20.0, 20.0, 20.0, 20.0, 20.0, 20.0, 20.0, 20.0, 20.0, 20.0, 20.0, 20.0, 20.0, 20.0, 20.0, 20.0, 20.0, 20.0, 20.0, 20.0, 20.0, 20.0, 20.0, 20.0, 20.0, 20.0, 20.0, 20.0, 20.0, 20.0, 20.0, 20.0, 20.0, 20.0, 20.0, 20.0, 20.0, 20.0, 20.0, 20.0, 20.0, 20.0, 20.0, 20.0, 20.0, 20.0, 20.0, 20.0, 20.0, 20.0, 20.0, 20.0, 20.0]",0.010548260062932968,25.00073071604954,-0.0399,-1.2007,-0.0066,0.278,-0.4782,-0.2164,-0.0035,-9.8077,15.352,,55.0,,,,1.1691,-0.0303,1.1695,178.52,14.94,1.22388,1.8313,358.37,11.051,1,25.51,15.035,1,3,10,0.7,9.795,0,1.2465,0,0
1790659275.0802116,47.3980999,8.5461717,9.527000427246094,1.8310017585754395,-0.052338436245918274,0.0006752402987331152,358.09000000000003,1.7951062985779935,-0.06024178470453783,0.0,-2.0607715643016036,20.0,20.0,0.6121251583099365,0.1507715643016354,-0.27266942667162863,1.830992264336229,14.0,0.0,0.00289630433606567,"[20.0, 20.0, 20.0, 20.0, 20.0, 20.0, 20.0, 20.0, 20.0, 20.0, 20.0, 20.0, 20.0, 20.0, 20.0, 20.0, 20.0, 20.0, 20.0, 20.0, 20.0, 20.0, 20.0, 20.0, 20.0, 20.0, 20.0, 20.0, 20.0, 20.0, 20.0, 20.0, 20.0, 20.0, 20.0, 20.0, 20.0, 20.0, 20.0, 20.0, 20.0, 20.0, 20.0, 20.0, 20.0, 20.0, 20.0, 20.0, 20.0, 20.0, 20.0, 20.0, 20.0, 20.0, 20.0, 20.0, 20.0, 20.0, 20.0, 20.0, 20.0, 20.0, 20.0, 20.0, 20.0, 20.0, 20.0, 20.0, 20.0, 20.0, 20.0, 20.0]",0.010548260062932968,25.00073071604954,-0.0596,-1.1743,-0.1153,0.154,-0.4066,-0.2252,0.0009,-9.8043,15.352,,55.0,,,,1.1462,-0.032,1.1467,178.4,14.94,1.22388,1.8317,358.36,10.682,1,25.71,15.404,1,3,10,0.7,9.752,0,1.2584,0,0
1790659275.2810965,47.3981032,8.5461716,9.528000831604004,1.8287585973739624,-0.05405696481466293,0.0004914344754070044,357.99,1.79544215893792,-0.06334734577982126,0.0,-2.143615005197262,20.0,20.0,0.6026718020439148,0.13361500519727088,-0.3168654674916005,1.8287934110010633,14.0,0.0,0.0012478946410264373,"[20.0, 20.0, 20.0, 20.0, 20.0, 20.0, 20.0, 20.0, 20.0, 20.0, 20.0, 20.0, 20.0, 20.0, 20.0, 20.0, 20.0, 20.0, 20.0, 20.0, 20.0, 20.0, 20.0, 20.0, 20.0, 20.0, 20.0, 20.0, 20.0, 20.0, 20.0, 20.0, 20.0, 20.0, 20.0, 20.0, 20.0, 20.0, 20.0, 20.0, 20.0, 20.0, 20.0, 20.0, 20.0, 20.0, 20.0, 20.0, 20.0, 20.0, 20.0, 20.0, 20.0, 20.0, 20.0, 20.0, 20.0, 20.0, 20.0, 20.0, 20.0, 20.0, 20.0, 20.0, 20.0, 20.0, 20.0, 20.0, 20.0, 20.0, 20.0, 20.0]",0.010548260062932968,25.00073071604954,-0.0792,-1.173,-0.0194,-0.0132,-0.3635,-0.228,0.0036,-9.8102,15.352,,55.0,,,,1.2713,-0.0206,1.2714,179.07,14.94,1.22388,1.8296,358.31,10.317,1,25.91,15.77,1,3,10,0.7,9.754,0,1.1938,0,0
1790659275.4831493,47.398106399999996,8.5461715,9.528000831604004,1.8244026899337769,-0.05569898337125778,0.00022675991931464523,357.92,1.7949779147424794,-0.0655641758734981,0.0,-2.2285195875955424,20.0,20.0,0.592803955078125,0.14851958759555828,-0.33130399039332636,1.8244817074149031,14.0,0.0,0.0010840289860246574,"[20.0, 20.0, 20.0, 20.0, 20.0, 20.0, 20.0, 20.0, 20.0, 20.0, 20.0, 20.0, 20.0, 20.0, 20.0, 20.0, 20.0, 20.0, 20.0, 20.0, 20.0, 20.0, 20.0, 20.0, 20.0, 20.0, 20.0, 20.0, 20.0, 20.0, 20.0, 20.0, 20.0, 20.0, 20.0, 20.0, 20.0, 20.0, 20.0, 20.0, 20.0, 20.0, 20.0, 20.0, 20.0, 20.0, 20.0, 20.0, 20.0, 20.0, 20.0, 20.0, 20.0, 20.0, 20.0, 20.0, 20.0, 20.0, 20.0, 20.0, 20.0, 20.0, 20.0, 20.0, 20.0, 20.0, 20.0, 20.0, 20.0, 20.0, 20.0, 20.0]",0.010548260062932968,25.00073071604954,-0.0994,-1.1886,-0.132,-0.2204,-0.2763,-0.2206,0.0045,-9.8076,15.352,,55.0,,,,1.1768,0.0448,1.1776,182.18,14.94,1.22388,1.8253,358.25,9.954,1,26.11,16.132,1,3,10,0.7,9.786,0,1.2364,0,0
1790659275.6831782,47.3981097,8.5461714,9.529000282287598,1.819349765777588,-0.05626465752720833,-0.00032468760036863387,357.83,1.79473295397603,-0.06839186972279916,0.0,-2.323921256261599,20.0,20.0,0.5845931172370911,0.15392125626158304,-0.39865270924877777,1.8193977791070937,14.0,0.0,0.0003932686402095086,"[20.0, 20.0, 20.0, 20.0, 20.0, 20.0, 20.0, 20.0, 20.0, 20.0, 20.0, 20.0, 20.0, 20.0, 20.0, 20.0, 20.0, 20.0, 20.0, 20.0, 20.0, 20.0, 20.0, 20.0, 20.0, 20.0, 20.0, 20.0, 20.0, 20.0, 20.0, 20.0, 20.0, 20.0, 20.0, 20.0, 20.0, 20.0, 20.0, 20.0, 20.0, 20.0, 20.0, 20.0, 20.0, 20.0, 20.0, 20.0, 20.0, 20.0, 20.0, 20.0, 20.0, 20.0, 20.0, 20.0, 20.0, 20.0, 20.0, 20.0, 20.0, 20.0, 20.0, 20.0, 20.0, 20.0, 20.0, 20.0, 20.0, 20.0, 20.0, 20.0]",0.010548260062932968,25.00073071604954,-0.1133,-1.2191,-0.1844,-0.1913,-0.3404,-0.2214,0.0025,-9.7991,15.352,,55.0,,,,1.1882,0.1008,1.1925,184.85,14.94,1.22388,1.8202,358.23,9.595,1,26.31,16.492,1,3,10,0.7,9.818,0,1.224,0,0
1790659275.8835647,47.3981129,8.5461713,9.531000137329102,1.8158531188964844,-0.057386863976716995,-0.00017348930123262107,357.74,1.7943408115543271,-0.07122712577560943,0.0,-2.4248369823857843,20.0,20.0,0.5762974619865417,0.16483698238579336,-0.4498695047136657,1.8158955087419157,14.0,0.0,0.0007963758392629714,"[20.0, 20.0, 20.0, 20.0, 20.0, 20.0, 20.0, 20.0, 20.0, 20.0, 20.0, 20.0, 20.0, 20.0, 20.0, 20.0, 20.0, 20.0, 20.0, 20.0, 20.0, 20.0, 20.0, 20.0, 20.0, 20.0, 20.0, 20.0, 20.0, 20.0, 20.0, 20.0, 20.0, 20.0, 20.0, 20.0, 20.0, 20.0, 20.0, 20.0, 20.0, 20.0, 20.0, 20.0, 20.0, 20.0, 20.0, 20.0, 20.0, 20.0, 20.0, 20.0, 20.0, 20.0, 20.0, 20.0, 20.0, 20.0, 20.0, 20.0, 20.0, 20.0, 20.0, 20.0, 20.0, 20.0, 20.0, 20.0, 20.0, 20.0, 20.0, 20.0]",0.010548260062932968,25.00073071604954,-0.1334,-1.2512,-0.0969,-0.1204,-0.3449,-0.2231,0.002,-9.805,15.352,,55.0,,,,1.1491,0.0617,1.1508,183.07,14.94,1.22388,1.8168,358.19,9.236,1,26.51,16.851,1,3,10,0.7,9.809,0,1.2414,0,0
1790659276.0840504,47.398116099999996,8.5461711,9.531000137329102,1.8141883611679077,-0.06022315472364426,0.0008104183943942189,357.67,1.7934390940466658,-0.0734647829175993,0.0,-2.526249010112167,20.0,20.0,0.5664969086647034,0.196249010112183,-0.4287277470151254,1.8143333100441108,14.0,0.0,0.0022883632884681845,"[20.0, 20.0, 20.0, 20.0, 20.0, 20.0, 20.0, 20.0, 20.0, 20.0, 20.0, 20.0, 20.0, 20.0, 20.0, 20.0, 20.0, 20.0, 20.0, 20.0, 20.0, 20.0, 20.0, 20.0, 20.0, 20.0, 20.0, 20.0, 20.0, 20.0, 20.0, 20.0, 20.0, 20.0, 20.0, 20.0, 20.0, 20.0, 20.0, 20.0, 20.0, 20.0, 20.0, 20.0, 20.0, 20.0, 20.0, 20.0, 20.0, 20.0, 20.0, 20.0, 20.0, 20.0, 20.0, 20.0, 20.0, 20.0, 20.0, 20.0, 20.0, 20.0, 20.0, 20.0, 20.0, 20.0, 20.0, 20.0, 20.0, 20.0, 20.0, 20.0]",0.010548260062932968,25.00073071604954,-0.1507,-1.2672,-0.0515,-0.0458,-0.3027,-0.2222,-0.0025,-9.8073,15.352,,55.0,,,,1.2736,-0.0128,1.2736,179.42,14.94,1.22388,1.8152,358.1,8.876,1,26.71,17.211,1,3,10,0.7,9.737,0,1.1784,0,0
1790659276.28389,47.3981194,8.5461709,9.527000427246094,1.813778042793274,-0.06602247059345245,0.0015129478415474296,357.61,1.792522685105866,-0.07538873477443828,0.0,-2.6186083667616913,20.0,20.0,0.5531661510467529,0.22860836676170493,-0.3053240266666774,1.8142355766802678,14.0,0.0,0.0023582673832840857,"[20.0, 20.0, 20.0, 20.0, 20.0, 20.0, 20.0, 20.0, 20.0, 20.0, 20.0, 20.0, 20.0, 20.0, 20.0, 20.0, 20.0, 20.0, 20.0, 20.0, 20.0, 20.0, 20.0, 20.0, 20.0, 20.0, 20.0, 20.0, 20.0, 20.0, 20.0, 20.0, 20.0, 20.0, 20.0, 20.0, 20.0, 20.0, 20.0, 20.0, 20.0, 20.0, 20.0, 20.0, 20.0, 20.0, 20.0, 20.0, 20.0, 20.0, 20.0, 20.0, 20.0, 20.0, 20.0, 20.0, 20.0, 20.0, 20.0, 20.0, 20.0, 20.0, 20.0, 20.0, 20.0, 20.0, 20.0, 20.0, 20.0, 20.0, 20.0, 20.0]",0.010548260062932968,25.00073071604954,-0.1428,-1.2655,0.1742,0.0724,-0.4094,-0.2212,0.0079,-9.8043,15.352,,55.0,,,,1.3039,0.1581,1.3135,186.91,14.94,1.22388,1.815,357.92,8.515,1,26.91,17.573,1,3,10,0.7,9.766,0,1.1582,0,0
1790659276.484938,47.398122699999995,8.5461707,9.522000312805176,1.8142942190170288,-0.07255386561155319,0.0013436282752081752,357.54,1.7920894345274176,-0.0775968086817883,0.0,-2.7017152586338398,20.0,20.0,0.5366834998130798,0.24171525863386023,-0.16995443949440903,1.815134499725376,14.0,0.0,0.0009502515337858367,"[20.0, 20.0, 20.0, 20.0, 20.0, 20.0, 20.0, 20.0, 20.0, 20.0, 20.0, 20.0, 20.0, 20.0, 20.0, 20.0, 20.0, 20.0, 20.0, 20.0, 20.0, 20.0, 20.0, 20.0, 20.0, 20.0, 20.0, 20.0, 20.0, 20.0, 20.0, 20.0, 20.0, 20.0, 20.0, 20.0, 20.0, 20.0, 20.0, 20.0, 20.0, 20.0, 20.0, 20.0, 20.0, 20.0, 20.0, 20.0, 20.0, 20.0, 20.0, 20.0, 20.0, 20.0, 20.0, 20.0, 20.0, 20.0, 20.0, 20.0, 20.0, 20.0, 20.0, 20.0, 20.0, 20.0, 20.0, 20.0, 20.0, 20.0, 20.0, 20.0]",0.010548260062932968,25.00073071604954,-0.1088,-1.2448,0.2834,0.1802,-0.409,-0.2176,-0.0013,-9.8274,15.352,,55.0,,,,1.4163,0.1355,1.4228,185.47,14.94,1.22388,1.8157,357.71,8.151,1,27.11,17.936,1,3,10,0.7,9.745,0,1.1043,0,0
1790659276.6850338,47.3981259,8.546170499999999,9.518000602722168,1.8143372535705566,-0.078897625207901,0.00128365948330611,357.46,1.7922571462025454,-0.08008451254564145,0.0,-2.7710010060448553,20.0,20.0,0.5166133046150208,0.23100100604483487,-0.0500248130012809,1.8155741604863354,14.0,0.0,0.0007804693419640853,"[20.0, 20.0, 20.0, 20.0, 20.0, 20.0, 20.0, 20.0, 20.0, 20.0, 20.0, 20.0, 20.0, 20.0, 20.0, 20.0, 20.0, 20.0, 20.0, 20.0, 20.0, 20.0, 20.0, 20.0, 20.0, 20.0, 20.0, 20.0, 20.0, 20.0, 20.0, 20.0, 20.0, 20.0, 20.0, 20.0, 20.0, 20.0, 20.0, 20.0, 20.0, 20.0, 20.0, 20.0, 20.0, 20.0, 20.0, 20.0, 20.0, 20.0, 20.0, 20.0, 20.0, 20.0, 20.0, 20.0, 20.0, 20.0, 20.0, 20.0, 20.0, 20.0, 20.0, 20.0, 20.0, 20.0, 20.0, 20.0, 20.0, 20.0, 20.0, 20.0]",0.010548260062932968,25.00073071604954,-0.0644,-1.2274,0.2713,0.1475,-0.4415,-0.2189,-0.001,-9.8114,15.3,,51.0,,,,1.4953,0.1705,1.505,186.51,14.94,1.22388,1.8161,357.51,7.787,1,27.31,18.301,1,3,10,0.7,9.758,0,1.0636,0,0
1790659276.8856783,47.3981292,8.546170199999999,9.515000343322754,1.8133022785186768,-0.0830073356628418,0.00043500636820681393,357.36,1.792859418456541,-0.0831749650632923,0.0,-2.842267532001358,20.0,20.0,0.4963967502117157,0.20226753200137182,-0.019007269345948187,1.8147937006100223,14.0,0.0,0.0020896051942304933,"[20.0, 20.0, 20.0, 20.0, 20.0, 20.0, 20.0, 20.0, 20.0, 20.0, 20.0, 20.0, 20.0, 20.0, 20.0, 20.0, 20.0, 20.0, 20.0, 20.0, 20.0, 20.0, 20.0, 20.0, 20.0, 20.0, 20.0, 20.0, 20.0, 20.0, 20.0, 20.0, 20.0, 20.0, 20.0, 20.0, 20.0, 20.0, 20.0, 20.0, 20.0, 20.0, 20.0, 20.0, 20.0, 20.0, 20.0, 20.0, 20.0, 20.0, 20.0, 20.0, 20.0, 20.0, 20.0, 20.0, 20.0, 20.0, 20.0, 20.0, 20.0, 20.0, 20.0, 20.0, 20.0, 20.0, 20.0, 20.0, 20.0, 20.0, 20.0, 20.0]",0.010548260062932968,25.00073071604954,-0.0306,-1.2179,0.144,0.0495,-0.5553,-0.2208,-0.0011,-9.8113,15.3,,51.0,,,,1.4699,0.2752,1.4955,190.6,14.94,1.22388,1.8152,357.38,7.422,1,27.51,18.666,1,3,10,0.7,9.771,0,1.0675,0,0
1790659277.0857146,47.398132499999996,8.546169899999999,9.515000343322754,1.8112657070159912,-0.08507373929023743,-4.203952266834676e-05,357.26,1.7931666801580104,-0.08628179335578579,0.0,-2.9247004981272084,20.0,20.0,0.4775995910167694,0.18470049812719935,-0.05083823425775114,1.8128709664899192,14.0,0.0,0.0012816842206036716,"[20.0, 20.0, 20.0, 20.0, 20.0, 20.0, 20.0, 20.0, 20.0, 20.0, 20.0, 20.0, 20.0, 20.0, 20.0, 20.0, 20.0, 20.0, 20.0, 20.0, 20.0, 20.0, 20.0, 20.0, 20.0, 20.0, 20.0, 20.0, 20.0, 20.0, 20.0, 20.0, 20.0, 20.0, 20.0, 20.0, 20.0, 20.0, 20.0, 20.0, 20.0, 20.0, 20.0, 20.0, 20.0, 20.0, 20.0, 20.0, 20.0, 20.0, 20.0, 20.0, 20.0, 20.0, 20.0, 20.0, 20.0, 20.0, 20.0, 20.0, 20.0, 20.0, 20.0, 20.0, 20.0, 20.0, 20.0, 20.0, 20.0, 20.0, 20.0, 20.0]",0.010548260062932968,25.00073071604954,-0.0151,-1.2209,0.0007,-0.0383,-0.5662,-0.2186,-0.0028,-9.8039,15.3,,51.0,,,,1.4774,0.3109,1.5098,191.88,14.94,1.22388,1.8133,357.31,7.058,1,27.71,19.029,1,3,10,0.7,9.732,0,1.0584,0,0
1790659277.2870967,47.3981357,8.5461697,9.515000343322754,1.8078811168670654,-0.08385619521141052,-0.00023447186686098576,357.15000000000003,1.7929299944134927,-0.08972743681964132,0.0,-3.037314802053629,20.0,20.0,0.4629605710506439,0.18731480205366324,-0.19431382126108698,1.8093535936315717,14.0,0.0,0.00019000129246542105,"[20.0, 20.0, 20.0, 20.0, 20.0, 20.0, 20.0, 20.0, 20.0, 20.0, 20.0, 20.0, 20.0, 20.0, 20.0, 20.0, 20.0, 20.0, 20.0, 20.0, 20.0, 20.0, 20.0, 20.0, 20.0, 20.0, 20.0, 20.0, 20.0, 20.0, 20.0, 20.0, 20.0, 20.0, 20.0, 20.0, 20.0, 20.0, 20.0, 20.0, 20.0, 20.0, 20.0, 20.0, 20.0, 20.0, 20.0, 20.0, 20.0, 20.0, 20.0, 20.0, 20.0, 20.0, 20.0, 20.0, 20.0, 20.0, 20.0, 20.0, 20.0, 20.0, 20.0, 20.0, 20.0, 20.0, 20.0, 20.0, 20.0, 20.0, 20.0, 20.0]",0.010548260062932968,25.00073071604954,-0.034,-1.2419,-0.2041,-0.1378,-0.4991,-0.212,0.0108,-9.8023,15.3,,51.0,,,,1.4957,0.3237,1.5304,192.21,14.94,1.22388,1.8098,357.34,6.698,1,27.91,19.39,1,3,10,0.7,9.766,0,1.0446,0,0
1790659277.4877148,47.3981389,8.546169599999999,9.515000343322754,1.8062102794647217,-0.08400744944810867,-9.182285430142656e-05,357.06,1.7918903911440274,-0.09258414002102695,0.0,-3.161899794482167,20.0,20.0,0.44866856932640076,0.22189979448216945,-0.2770730169897263,1.8076259178428002,14.0,0.0,0.002511129168903817,"[20.0, 20.0, 20.0, 20.0, 20.0, 20.0, 20.0, 20.0, 20.0, 20.0, 20.0, 20.0, 20.0, 20.0, 20.0, 20.0, 20.0, 20.0, 20.0, 20.0, 20.0, 20.0, 20.0, 20.0, 20.0, 20.0, 20.0, 20.0, 20.0, 20.0, 20.0, 20.0, 20.0, 20.0, 20.0, 20.0, 20.0, 20.0, 20.0, 20.0, 20.0, 20.0, 20.0, 20.0, 20.0, 20.0, 20.0, 20.0, 20.0, 20.0, 20.0, 20.0, 20.0, 20.0, 20.0, 20.0, 20.0, 20.0, 20.0, 20.0, 20.0, 20.0, 20.0, 20.0, 20.0, 20.0, 20.0, 20.0, 20.0, 20.0, 20.0, 20.0]",0.010548260062932968,25.00073071604954,-0.0777,-1.2666,-0.2262,-0.1031,-0.3773,-0.2128,0.0048,-9.8042,15.3,,51.0,,,,1.539,0.2365,1.557,188.74,14.94,1.22388,1.8082,357.34,6.338,1,28.11,19.75,1,3,10,0.7,9.779,0,1.0297,0,0
1790659277.6887074,47.398142199999995,8.5461694,9.516000747680664,1.8066096305847168,-0.08601324260234833,-0.00044289970537647605,356.98,1.7903791638452198,-0.09514611515555668,0.0,-3.2950965012884694,20.0,20.0,0.4338670074939728,0.2750965012884876,-0.2941885643325253,1.8080871994069143,14.0,0.0,0.0038566433406573126,"[20.0, 20.0, 20.0, 20.0, 20.0, 20.0, 20.0, 20.0, 20.0, 20.0, 20.0, 20.0, 20.0, 20.0, 20.0, 20.0, 20.0, 20.0, 20.0, 20.0, 20.0, 20.0, 20.0, 20.0, 20.0, 20.0, 20.0, 20.0, 20.0, 20.0, 20.0, 20.0, 20.0, 20.0, 20.0, 20.0, 20.0, 20.0, 20.0, 20.0, 20.0, 20.0, 20.0, 20.0, 20.0, 20.0, 20.0, 20.0, 20.0, 20.0, 20.0, 20.0, 20.0, 20.0, 20.0, 20.0, 20.0, 20.0, 20.0, 20.0, 20.0, 20.0, 20.0, 20.0, 20.0, 20.0, 20.0, 20.0, 20.0, 20.0, 20.0, 20.0]",0.010548260062932968,25.00073071604954,-0.1019,-1.2634,-0.1505,0.0079,-0.4091,-0.2124,0.001,-9.8057,15.3,,51.0,,,,1.5333,0.2783,1.5583,190.29,14.94,1.22388,1.8087,357.27,5.977,1,28.32,20.111,1,3,10,0.7,9.844,0,1.0295,0,0
1790659277.8891456,47.3981454,8.5461691,9.520000457763672,1.8061132431030273,-0.09026551246643066,-0.0011306426022201777,356.88,1.7895119415247431,-0.09829983556717817,0.0,-3.4219915973306456,20.0,20.0,0.4167100191116333,0.30199159733064107,-0.2588652775997038,1.8078320588988328,14.0,0.0,0.0019542890578027146,"[20.0, 20.0, 20.0, 20.0, 20.0, 20.0, 20.0, 20.0, 20.0, 20.0, 20.0, 20.0, 20.0, 20.0, 20.0, 20.0, 20.0, 20.0, 20.0, 20.0, 20.0, 20.0, 20.0, 20.0, 20.0, 20.0, 20.0, 20.0, 20.0, 20.0, 20.0, 20.0, 20.0, 20.0, 20.0, 20.0, 20.0, 20.0, 20.0, 20.0, 20.0, 20.0, 20.0, 20.0, 20.0, 20.0, 20.0, 20.0, 20.0, 20.0, 20.0, 20.0, 20.0, 20.0, 20.0, 20.0, 20.0, 20.0, 20.0, 20.0, 20.0, 20.0, 20.0, 20.0, 20.0, 20.0, 20.0, 20.0, 20.0, 20.0, 20.0, 20.0]",0.010548260062932968,25.00073071604954,-0.107,-1.247,0.0268,0.0529,-0.496,-0.2157,0.0053,-9.8029,15.3,,51.0,,,,1.5454,0.3133,1.5769,191.46,14.94,1.22388,1.8084,357.14,5.616,1,28.52,20.472,1,3,10,0.7,9.851,0,1.0199,0,0
1790659278.0903137,47.3981487,8.5461689,9.52500057220459,1.803779125213623,-0.09299829602241516,-0.001298501854762435,356.77,1.788557522370445,-0.10176542815362968,0.0,-3.5613305125275474,20.0,20.0,0.39964407682418823,0.3313305125275292,-0.2785875866988927,1.8056286372322345,14.0,0.0,0.0021255342627284307,"[20.0, 20.0, 20.0, 20.0, 20.0, 20.0, 20.0, 20.0, 20.0, 20.0, 20.0, 20.0, 20.0, 20.0, 20.0, 20.0, 20.0, 20.0, 20.0, 20.0, 20.0, 20.0, 20.0, 20.0, 20.0, 20.0, 20.0, 20.0, 20.0, 20.0, 20.0, 20.0, 20.0, 20.0, 20.0, 20.0, 20.0, 20.0, 20.0, 20.0, 20.0, 20.0, 20.0, 20.0, 20.0, 20.0, 20.0, 20.0, 20.0, 20.0, 20.0, 20.0, 20.0, 20.0, 20.0, 20.0, 20.0, 20.0, 20.0, 20.0, 20.0, 20.0, 20.0, 20.0, 20.0, 20.0, 20.0, 20.0, 20.0, 20.0, 20.0, 20.0]",0.010548260062932968,25.00073071604954,-0.0991,-1.2395,0.0433,-0.0249,-0.5441,-0.2175,-0.0062,-9.806,15.3,,51.0,,,,1.5005,0.3101,1.5322,191.67,14.94,1.22388,1.8062,357.05,5.256,1,28.72,20.832,1,3,10,0.7,9.795,0,1.0401,0,0
1790659278.2901049,47.398151899999995,8.546168699999999,9.530000686645508,1.801470398902893,-0.09431587159633636,-0.0011964449658989906,356.64,1.7873252528503505,-0.10586027672549225,0.0,-3.729658418810004,20.0,20.0,0.3840765655040741,0.3696584188099905,-0.36301928059290545,1.8033188108454723,14.0,0.0,0.002782091272644191,"[20.0, 20.0, 20.0, 20.0, 20.0, 20.0, 20.0, 20.0, 20.0, 20.0, 20.0, 20.0, 20.0, 20.0, 20.0, 20.0, 20.0, 20.0, 20.0, 20.0, 20.0, 20.0, 20.0, 20.0, 20.0, 20.0, 20.0, 20.0, 20.0, 20.0, 20.0, 20.0, 20.0, 20.0, 20.0, 20.0, 20.0, 20.0, 20.0, 20.0, 20.0, 20.0, 20.0, 20.0, 20.0, 20.0, 20.0, 20.0, 20.0, 20.0, 20.0, 20.0, 20.0, 20.0, 20.0, 20.0, 20.0, 20.0, 20.0, 20.0, 20.0, 20.0, 20.0, 20.0, 20.0, 20.0, 20.0, 20.0, 20.0, 20.0, 20.0, 20.0]",0.010548260062932968,25.00073071604954,-0.1069,-1.2461,-0.0739,-0.0844,-0.7271,-0.2138,0.0064,-9.7994,15.3,,51.0,,,,1.4184,0.3549,1.4621,194.05,14.94,1.22388,1.8039,357.0,4.898,1,28.92,21.191,1,3,10,0.7,9.827,0,1.0729,0,0
1790659278.4906924,47.3981551,8.5461685,9.534000396728516,1.799039602279663,-0.09673403948545456,-0.0013393611880019307,356.5,1.7858950640169173,-0.11026742836669409,0.0,-3.914458740597013,20.0,20.0,0.3681151270866394,0.4144587405970128,-0.42218003255711056,1.8009595981639912,14.0,0.0,0.003239070884884302,"[20.0, 20.0, 20.0, 20.0, 20.0, 20.0, 20.0, 20.0, 20.0, 20.0, 20.0, 20.0, 20.0, 20.0, 20.0, 20.0, 20.0, 20.0, 20.0, 20.0, 20.0, 20.0, 20.0, 20.0, 20.0, 20.0, 20.0, 20.0, 20.0, 20.0, 20.0, 20.0, 20.0, 20.0, 20.0, 20.0, 20.0, 20.0, 20.0, 20.0, 20.0, 20.0, 20.0, 20.0, 20.0, 20.0, 20.0, 20.0, 20.0, 20.0, 20.0, 20.0, 20.0, 20.0, 20.0, 20.0, 20.0, 20.0, 20.0, 20.0, 20.0, 20.0, 20.0, 20.0, 20.0, 20.0, 20.0, 20.0, 20.0, 20.0, 20.0, 20.0]",0.010548260062932968,25.00073071604954,-0.1271,-1.2544,-0.0538,0.036,-0.7183,-0.2157,0.0025,-9.7882,15.3,,51.0,,,,1.4177,0.3469,1.4595,193.75,14.94,1.22388,1.8016,356.92,4.54,1,29.12,21.549,1,3,10,0.7,9.825,0,1.0719,0,0
1790659278.690912,47.3981583,8.5461683,9.539000511169434,1.797447681427002,-0.09911856800317764,-0.0009514108533039689,356.34000000000003,1.784079952211562,-0.11530132545552822,0.0,-4.132025780580136,20.0,20.0,0.35264477133750916,0.472025780580168,-0.5036746630152242,1.7994037968108125,14.0,0.0,0.004167560419604544,"[20.0, 20.0, 20.0, 20.0, 20.0, 20.0, 20.0, 20.0, 20.0, 20.0, 20.0, 20.0, 20.0, 20.0, 20.0, 20.0, 20.0, 20.0, 20.0, 20.0, 20.0, 20.0, 20.0, 20.0, 20.0, 20.0, 20.0, 20.0, 20.0, 20.0, 20.0, 20.0, 20.0, 20.0, 20.0, 20.0, 20.0, 20.0, 20.0, 20.0, 20.0, 20.0, 20.0, 20.0, 20.0, 20.0, 20.0, 20.0, 20.0, 20.0, 20.0, 20.0, 20.0, 20.0, 20.0, 20.0, 20.0, 20.0, 20.0, 20.0, 20.0, 20.0, 20.0, 20.0, 20.0, 20.0, 20.0, 20.0, 20.0, 20.0, 20.0, 20.0]",0.010548260062932968,25.00073071604954,-0.1465,-1.2588,-0.1591,-0.0058,-0.7679,-0.2154,0.0031,-9.7989,15.3,,50.0,,,,1.4578,0.2308,1.4759,189.0,14.94,1.22388,1.8002,356.84,4.182,1,29.32,21.907,1,3,10,0.7,9.805,0,1.0622,0,0
1790659278.8922102,47.398161599999995,8.546168,9.541000366210938,1.796998143196106,-0.10344244539737701,-0.000259717577137053,356.16,1.782528919444693,-0.12093870776992585,0.0,-4.357253435949474,20.0,20.0,0.335018515586853,0.5172534359494989,-0.5454600740437342,1.7991499060092666,14.0,0.0,0.003257366467503007,"[20.0, 20.0, 20.0, 20.0, 20.0, 20.0, 20.0, 20.0, 20.0, 20.0, 20.0, 20.0, 20.0, 20.0, 20.0, 20.0, 20.0, 20.0, 20.0, 20.0, 20.0, 20.0, 20.0, 20.0, 20.0, 20.0, 20.0, 20.0, 20.0, 20.0, 20.0, 20.0, 20.0, 20.0, 20.0, 20.0, 20.0, 20.0, 20.0, 20.0, 20.0, 20.0, 20.0, 20.0, 20.0, 20.0, 20.0, 20.0, 20.0, 20.0, 20.0, 20.0, 20.0, 20.0, 20.0, 20.0, 20.0, 20.0, 20.0, 20.0, 20.0, 20.0, 20.0, 20.0, 20.0, 20.0, 20.0, 20.0, 20.0, 20.0, 20.0, 20.0]",0.010548260062932968,25.00073071604954,-0.165,-1.251,-0.0061,0.0729,-0.8821,-0.2159,-0.0021,-9.8019,15.3,,50.0,,,,1.3748,0.296,1.4063,192.15,14.94,1.22388,1.8,356.71,3.823,1,29.52,22.266,1,3,10,0.7,9.785,0,1.0968,0,0
1790659279.092221,47.398164799999996,8.5461678,9.542000770568848,1.7974709272384644,-0.11046987771987915,0.00010909334378084168,355.96,1.7817760092130104,-0.12716797292281432,0.0,-4.569506287338356,20.0,20.0,0.313623309135437,0.5295062873383358,-0.5231104786726669,1.8000884182096626,14.0,0.0,0.000884746763384524,"[20.0, 20.0, 20.0, 20.0, 20.0, 20.0, 20.0, 20.0, 20.0, 20.0, 20.0, 20.0, 20.0, 20.0, 20.0, 20.0, 20.0, 20.0, 20.0, 20.0, 20.0, 20.0, 20.0, 20.0, 20.0, 20.0, 20.0, 20.0, 20.0, 20.0, 20.0, 20.0, 20.0, 20.0, 20.0, 20.0, 20.0, 20.0, 20.0, 20.0, 20.0, 20.0, 20.0, 20.0, 20.0, 20.0, 20.0, 20.0, 20.0, 20.0, 20.0, 20.0, 20.0, 20.0, 20.0, 20.0, 20.0, 20.0, 20.0, 20.0, 20.0, 20.0, 20.0, 20.0, 20.0, 20.0, 20.0, 20.0, 20.0, 20.0, 20.0, 20.0]",0.010548260062932968,25.00073071604954,-0.1687,-1.2352,0.0494,0.1467,-1.032,-0.2149,0.0006,-9.8017,15.3,,50.0,,,,1.3701,0.3744,1.4204,195.28,14.94,1.22388,1.8009,356.48,3.462,1,29.72,22.627,1,3,10,0.7,9.767,0,1.0907,0,0
1790659279.293149,47.398168299999995,8.5461674,9.542000770568848,1.7987546920776367,-0.11746589094400406,0.0005067914607934654,355.74,1.7810579065919094,-0.1340129978690089,0.0,-4.797803227715633,20.0,20.0,0.29058143496513367,0.5378032277156422,-0.5236612718272509,1.8018453626206445,14.0,0.0,0.0005975245174937811,"[20.0, 20.0, 20.0, 20.0, 20.0, 20.0, 20.0, 20.0, 20.0, 20.0, 20.0, 20.0, 20.0, 20.0, 20.0, 20.0, 20.0, 20.0, 20.0, 20.0, 20.0, 20.0, 20.0, 20.0, 20.0, 20.0, 20.0, 20.0, 20.0, 20.0, 20.0, 20.0, 20.0, 20.0, 20.0, 20.0, 20.0, 20.0, 20.0, 20.0, 20.0, 20.0, 20.0, 20.0, 20.0, 20.0, 20.0, 20.0, 20.0, 20.0, 20.0, 20.0, 20.0, 20.0, 20.0, 20.0, 20.0, 20.0, 20.0, 20.0, 20.0, 20.0, 20.0, 20.0, 20.0, 20.0, 20.0, 20.0, 20.0, 20.0, 20.0, 20.0]",0.010548260062932968,25.00073071604954,-0.157,-1.2082,0.0521,0.1733,-1.0898,-0.2172,0.0038,-9.8049,15.3,,50.0,,,,1.1858,0.3877,1.2475,198.1,14.94,1.22388,1.8026,356.26,3.1,1,29.92,22.99,1,3,10,0.7,9.737,0,1.1788,0,0
1790659279.4939187,47.3981716,8.5461671,9.541000366210938,1.8005023002624512,-0.12238601595163345,0.0006576880696229637,355.49,1.7791385882472304,-0.1418041592387264,0.0,-5.098222892297088,20.0,20.0,0.268588125705719,0.5882228922970967,-0.6214004787899303,1.803818362151104,14.0,0.0,0.0036243597473354706,"[20.0, 20.0, 20.0, 20.0, 20.0, 20.0, 20.0, 20.0, 20.0, 20.0, 20.0, 20.0, 20.0, 20.0, 20.0, 20.0, 20.0, 20.0, 20.0, 20.0, 20.0, 20.0, 20.0, 20.0, 20.0, 20.0, 20.0, 20.0, 20.0, 20.0, 20.0, 20.0, 20.0, 20.0, 20.0, 20.0, 20.0, 20.0, 20.0, 20.0, 20.0, 20.0, 20.0, 20.0, 20.0, 20.0, 20.0, 20.0, 20.0, 20.0, 20.0, 20.0, 20.0, 20.0, 20.0, 20.0, 20.0, 20.0, 20.0, 20.0, 20.0, 20.0, 20.0, 20.0, 20.0, 20.0, 20.0, 20.0, 20.0, 20.0, 20.0, 20.0]",0.010548260062932968,25.00073071604954,-0.1578,-1.1804,-0.0792,0.1228,-1.1527,-0.2164,0.0005,-9.7997,15.3,,50.0,,,,1.0281,0.3651,1.091,199.55,14.94,1.22388,1.8047,356.11,2.735,1,30.12,23.355,1,3,10,0.7,9.751,0,1.2591,0,0
1790659279.6949067,47.3981749,8.5461669,9.539000511169434,1.8011361360549927,-0.12596862018108368,0.0005368985584937036,355.26,1.634953165206404,-0.13730854250734284,0.0,-5.497650737734716,20.0,20.0,0.24739226698875427,0.757650737734707,-0.7393379979407851,1.8044449311291082,14.0,0.0,0.007842444956013805,"[20.0, 20.0, 20.0, 20.0, 20.0, 20.0, 20.0, 20.0, 20.0, 20.0, 20.0, 20.0, 20.0, 20.0, 20.0, 20.0, 20.0, 20.0, 20.0, 20.0, 20.0, 20.0, 20.0, 20.0, 20.0, 20.0, 20.0, 20.0, 20.0, 20.0, 20.0, 20.0, 20.0, 20.0, 20.0, 20.0, 20.0, 20.0, 20.0, 20.0, 20.0, 20.0, 20.0, 20.0, 20.0, 20.0, 20.0, 20.0, 20.0, 20.0, 20.0, 20.0, 20.0, 20.0, 20.0, 20.0, 20.0, 20.0, 20.0, 20.0, 20.0, 20.0, 20.0, 20.0, 20.0, 20.0, 20.0, 20.0, 20.0, 20.0, 20.0, 20.0]",0.010548260062932968,25.00073071604954,-0.1875,-1.148,-0.2379,0.1922,-1.1065,-0.2202,-0.0057,-9.8096,15.3,,50.0,,,,0.9896,0.4019,1.0681,202.1,14.94,1.22388,1.8055,356.0,2.369,1,30.32,23.721,1,3,10,0.7,9.744,0,1.2715,0,0
1790659279.8947358,47.398178099999996,8.5461665,9.53700065612793,1.7915500402450562,-0.1314033716917038,-0.0001885708188638091,355.01,1.3796129990781925,-0.1223322975957525,0.0,-5.955502602135709,20.0,20.0,0.22377586364746094,0.9655026021357003,-0.7950844547514286,1.7950286620122846,14.0,0.0,0.0038393583812098126,"[20.0, 20.0, 20.0, 20.0, 20.0, 20.0, 20.0, 20.0, 20.0, 20.0, 20.0, 20.0, 20.0, 20.0, 20.0, 20.0, 20.0, 20.0, 20.0, 20.0, 20.0, 20.0, 20.0, 20.0, 20.0, 20.0, 20.0, 20.0, 20.0, 20.0, 20.0, 20.0, 20.0, 20.0, 20.0, 20.0, 20.0, 20.0, 20.0, 20.0, 20.0, 20.0, 20.0, 20.0, 20.0, 20.0, 20.0, 20.0, 20.0, 20.0, 20.0, 20.0, 20.0, 20.0, 20.0, 20.0, 20.0, 20.0, 20.0, 20.0, 20.0, 20.0, 20.0, 20.0, 20.0, 20.0, 20.0, 20.0, 20.0, 20.0, 20.0, 20.0]",0.010548260062932968,25.00073071604954,-0.235,-0.4009,-0.1869,4.1092,-1.3896,-0.2176,-0.0153,-9.7912,15.3,,50.0,,,,0.9404,0.3049,0.9886,197.97,14.94,1.22388,1.7964,355.81,2.006,1,30.52,24.084,1,3,10,0.7,9.713,0,1.3021,0,0
1790659280.2973309,47.3981843,8.5461659,9.530000686645508,1.6477105617523193,-0.13482847809791565,0.001448982977308333,354.32,0.5783838083105508,-0.0575264805693186,0.0,-0.8572766113281318,20.0,20.0,-0.7286216659051918,-93.51848759186512,-1.0020365281653256,-0.11456545061809958,14.0,0.0,0.054274002593991004,"[20.0, 20.0, 20.0, 20.0, 20.0, 20.0, 20.0, 20.0, 20.0, 20.0, 20.0, 20.0, 20.0, 20.0, 20.0, 20.0, 20.0, 20.0, 20.0, 20.0, 20.0, 20.0, 20.0, 20.0, 20.0, 20.0, 20.0, 20.0, 20.0, 20.0, 20.0, 20.0, 20.0, 20.0, 20.0, 20.0, 20.0, 20.0, 20.0, 20.0, 20.0, 20.0, 20.0, 20.0, 20.0, 20.0, 20.0, 20.0, 20.0, 20.0, 20.0, 20.0, 20.0, 20.0, 20.0, 20.0, 20.0, 20.0, 20.0, 20.0, 20.0, 20.0, 20.0, 20.0, 20.0, 20.0, 20.0, 20.0, 20.0, 20.0, 20.0, 20.0]",25.010467643990943,24.94994678923684,-0.2361,1.6656,0.451,-1.4147,-1.7153,-0.1927,0.0038,-9.8042,15.3,,50.0,,,,1.0097,0.3119,1.0568,197.17,14.94,1.22388,1.6532,355.32,24.868,1,30.92,24.775,1,3,10,0.7,9.79,0,1.1248,0,0
1790659280.4963062,47.398187,8.546165499999999,9.529000282287598,1.513295292854309,-0.12908565998077393,-0.02421434596180916,354.26,0.0,-0.0,0.0,-0.9369776153564544,20.0,20.0,-1.037896952375862,-93.67175618623878,-0.8644130077157823,-0.1292850717525754,14.0,0.0,0.0,"[20.0, 20.0, 20.0, 20.0, 20.0, 20.0, 20.0, 20.0, 20.0, 20.0, 20.0, 20.0, 20.0, 20.0, 20.0, 20.0, 20.0, 20.0, 20.0, 20.0, 20.0, 20.0, 20.0, 20.0, 20.0, 20.0, 20.0, 20.0, 20.0, 20.0, 20.0, 20.0, 20.0, 20.0, 20.0, 20.0, 20.0, 20.0, 20.0, 20.0, 20.0, 20.0, 20.0, 20.0, 20.0, 20.0, 20.0, 20.0, 20.0, 20.0, 20.0, 20.0, 20.0, 20.0, 20.0, 20.0, 20.0, 20.0, 20.0, 20.0, 20.0, 20.0, 20.0, 20.0, 20.0, 20.0, 20.0, 20.0, 20.0, 20.0, 20.0, 20.0]",25.010467643990943,24.94994678923684,0.0032,5.0466,1.9688,20.4242,2.255,-0.1683,-0.0053,-9.8551,15.3,,50.0,,,,0.9427,0.1504,0.9546,189.06,14.94,1.22388,1.5188,355.12,24.881,1,31.12,25.084,1,3,10,0.7,9.791,0,1.0415,0,0
1790659280.696938,47.3981894,8.5461653,9.535000801086426,1.2326271533966064,-0.09928026050329208,-0.03849823772907257,355.45,0.0,-0.0,0.0,0.2670757293701058,20.0,20.0,-1.3009774371226375,-92.5600503610039,0.05486932168913509,-0.11244066134237982,14.0,0.0,0.0,"[20.0, 20.0, 20.0, 20.0, 20.0, 20.0, 20.0, 20.0, 20.0, 20.0, 20.0, 20.0, 20.0, 20.0, 20.0, 20.0, 20.0, 20.0, 20.0, 20.0, 20.0, 20.0, 20.0, 20.0, 20.0, 20.0, 20.0, 20.0, 20.0, 20.0, 20.0, 20.0, 20.0, 20.0, 20.0, 20.0, 20.0, 20.0, 20.0, 20.0, 20.0, 20.0, 20.0, 20.0, 20.0, 20.0, 20.0, 20.0, 20.0, 20.0, 20.0, 20.0, 20.0, 20.0, 20.0, 20.0, 20.0, 20.0, 20.0, 20.0, 20.0, 20.0, 20.0, 20.0, 20.0, 20.0, 20.0, 20.0, 20.0, 20.0, 20.0, 20.0]",25.010467643990943,24.94994678923684,0.251,9.2978,-0.2637,14.1159,8.3433,-0.1409,-0.0035,-9.8585,15.3,,50.0,,,,0.9503,-0.0148,0.9504,179.11,14.94,1.22388,1.2366,355.4,24.894,1,31.32,25.348,1,3,10,0.7,9.761,0,0.7614,0,0
1790659280.8976343,47.398191,8.5461651,9.53700065612793,0.8635779023170471,-0.06053626537322998,-0.008630386553704739,357.38,0.0,-0.0,0.0,2.1879833984374955,20.0,20.0,-1.488940259978691,-90.68600840707009,1.3898385203653607,-0.07625913176346392,14.0,0.0,0.0,"[20.0, 20.0, 20.0, 20.0, 20.0, 20.0, 20.0, 20.0, 20.0, 20.0, 20.0, 20.0, 20.0, 20.0, 20.0, 20.0, 20.0, 20.0, 20.0, 20.0, 20.0, 20.0, 20.0, 20.0, 20.0, 20.0, 20.0, 20.0, 20.0, 20.0, 20.0, 20.0, 20.0, 20.0, 20.0, 20.0, 20.0, 20.0, 20.0, 20.0, 20.0, 20.0, 20.0, 20.0, 20.0, 20.0, 20.0, 20.0, 20.0, 20.0, 20.0, 20.0, 20.0, 20.0, 20.0, 20.0, 20.0, 20.0, 20.0, 20.0, 20.0, 20.0, 20.0, 20.0, 20.0, 20.0, 20.0, 20.0, 20.0, 20.0, 20.0, 20.0]",25.010467643990943,24.94994678923684,0.4123,9.3042,-1.3803,-8.4887,10.6545,-0.1151,0.0025,-9.8437,15.3,,50.0,,,,1.0246,0.0129,1.0247,180.72,14.94,1.22388,0.8657,355.99,24.899,1,31.52,25.536,1,3,10,0.7,9.751,0,0.3533,0,0
1790659281.099038,47.3981919,8.5461651,9.532000541687012,0.5336682200431824,-0.02925640158355236,0.009021556936204433,359.44,0.013266876458485151,-0.00012967250751301545,0.0,4.257024230957029,20.0,20.0,-1.5983594268692696,-88.65918567129069,2.577889834474982,-0.04131829099162146,14.0,0.0,0.0,"[20.0, 20.0, 20.0, 20.0, 20.0, 20.0, 20.0, 20.0, 20.0, 20.0, 20.0, 20.0, 20.0, 20.0, 20.0, 20.0, 20.0, 20.0, 20.0, 20.0, 20.0, 20.0, 20.0, 20.0, 20.0, 20.0, 20.0, 20.0, 20.0, 20.0, 20.0, 20.0, 20.0, 20.0, 20.0, 20.0, 20.0, 20.0, 20.0, 20.0, 20.0, 20.0, 20.0, 20.0, 20.0, 20.0, 20.0, 20.0, 20.0, 20.0, 20.0, 20.0, 20.0, 20.0, 20.0, 20.0, 20.0, 20.0, 20.0, 20.0, 20.0, 20.0, 20.0, 20.0, 20.0, 20.0, 20.0, 20.0, 20.0, 20.0, 20.0, 20.0]",25.010467643990943,24.94994678923684,0.3936,7.0542,-1.5637,-12.4532,10.8726,-0.0749,0.0006,-9.8645,15.3,,50.0,,,,0.9241,0.0583,0.9259,183.61,14.94,1.22388,0.5345,356.86,24.897,1,31.73,25.645,1,3,10,0.7,9.756,0,0.0715,0,0
1790659281.2988577,47.3981924,8.546165199999999,9.52500057220459,0.29028141498565674,-0.01120180543512106,0.012046149000525475,1.47,0.03316916950346671,0.000851186262461303,0.0,6.294520111084012,20.0,20.0,-1.6497292410337454,-86.64521027410771,3.5563319080469316,-0.018364893268294748,14.0,0.0,0.0,"[20.0, 20.0, 20.0, 20.0, 20.0, 20.0, 20.0, 20.0, 20.0, 20.0, 20.0, 20.0, 20.0, 20.0, 20.0, 20.0, 20.0, 20.0, 20.0, 20.0, 20.0, 20.0, 20.0, 20.0, 20.0, 20.0, 20.0, 20.0, 20.0, 20.0, 20.0, 20.0, 20.0, 20.0, 20.0, 20.0, 20.0, 20.0, 20.0, 20.0, 20.0, 20.0, 20.0, 20.0, 20.0, 20.0, 20.0, 20.0, 20.0, 20.0, 20.0, 20.0, 20.0, 20.0, 20.0, 20.0, 20.0, 20.0, 20.0, 20.0, 20.0, 20.0, 20.0, 20.0, 20.0, 20.0, 20.0, 20.0, 20.0, 20.0, 20.0, 20.0]",25.010467643990943,24.94994678923684,0.3193,4.6665,-1.2192,-10.8316,10.5887,-0.0577,0.0028,-9.8626,15.3,,50.0,,,,0.9527,0.1636,0.9666,189.74,14.94,1.22388,0.2905,357.79,24.894,1,31.93,25.697,1,3,10,0.7,9.795,0,0.0,0,0
1790659281.498932,47.3981925,8.546165199999999,9.520000457763672,0.13257256150245667,-0.0030328386928886175,0.009759930893778801,3.49,0.052955909142007,0.003229645129643047,0.0,8.29226707458497,20.0,20.0,-1.6670411159601932,-84.63096845458594,2.118496632038484,-0.006398235470372455,14.0,0.0,0.0,"[20.0, 20.0, 20.0, 20.0, 20.0, 20.0, 20.0, 20.0, 20.0, 20.0, 20.0, 20.0, 20.0, 20.0, 20.0, 20.0, 20.0, 20.0, 20.0, 20.0, 20.0, 20.0, 20.0, 20.0, 20.0, 20.0, 20.0, 20.0, 20.0, 20.0, 20.0, 20.0, 20.0, 20.0, 20.0, 20.0, 20.0, 20.0, 20.0, 20.0, 20.0, 20.0, 20.0, 20.0, 20.0, 20.0, 20.0, 20.0, 20.0, 20.0, 20.0, 20.0, 20.0, 20.0, 20.0, 20.0, 20.0, 20.0, 20.0, 20.0, 20.0, 20.0, 20.0, 20.0, 20.0, 20.0, 20.0, 20.0, 20.0, 20.0, 20.0, 20.0]",25.010467643990943,24.94994678923684,0.2448,2.7631,-0.7744,-7.8893,10.5432,-0.0268,-0.0011,-9.8371,15.3,,50.0,,,,0.9779,0.3395,1.0352,199.15,14.94,1.22388,0.1326,358.69,24.89,1,32.13,25.714,1,3,10,0.7,9.81,0,0.0,0,0
1790659281.699126,47.3981925,8.546165199999999,9.519000053405762,0.04218883812427521,-0.0003213651943951845,0.006385828834027052,5.55,0.06967185247128857,0.0067700054076048986,0.0,10.35520820617677,20.0,20.0,-1.66876510749975,-82.57179143459189,0.8403017763968629,-0.001395693127286821,14.0,0.0,0.0,"[20.0, 20.0, 20.0, 20.0, 20.0, 20.0, 20.0, 20.0, 20.0, 20.0, 20.0, 20.0, 20.0, 20.0, 20.0, 20.0, 20.0, 20.0, 20.0, 20.0, 20.0, 20.0, 20.0, 20.0, 20.0, 20.0, 20.0, 20.0, 20.0, 20.0, 20.0, 20.0, 20.0, 20.0, 20.0, 20.0, 20.0, 20.0, 20.0, 20.0, 20.0, 20.0, 20.0, 20.0, 20.0, 20.0, 20.0, 20.0, 20.0, 20.0, 20.0, 20.0, 20.0, 20.0, 20.0, 20.0, 20.0, 20.0, 20.0, 20.0, 20.0, 20.0, 20.0, 20.0, 20.0, 20.0, 20.0, 20.0, 20.0, 20.0, 20.0, 20.0]",25.010467643990943,24.94994678923684,0.1829,1.4425,-0.477,-5.1242,10.438,-0.0263,0.0065,-9.831,15.3,,50.0,,,,0.8119,0.3097,0.8689,200.88,14.94,1.22388,0.0422,359.56,24.888,1,32.33,25.717,1,3,10,0.7,9.806,0,0.0,0,0
1790659281.8999345,47.3981925,8.546165199999999,9.521000862121582,-0.0023235699627548456,-0.001485840417444706,0.004368817899376154,7.68,0.06937209365390448,0.009354818120835074,0.0,12.4953305053711,20.0,20.0,-1.6652934133428383,-80.44045261532867,0.22192259534996417,-0.001426524865810673,14.0,0.0,0.0,"[20.0, 20.0, 20.0, 20.0, 20.0, 20.0, 20.0, 20.0, 20.0, 20.0, 20.0, 20.0, 20.0, 20.0, 20.0, 20.0, 20.0, 20.0, 20.0, 20.0, 20.0, 20.0, 20.0, 20.0, 20.0, 20.0, 20.0, 20.0, 20.0, 20.0, 20.0, 20.0, 20.0, 20.0, 20.0, 20.0, 20.0, 20.0, 20.0, 20.0, 20.0, 20.0, 20.0, 20.0, 20.0, 20.0, 20.0, 20.0, 20.0, 20.0, 20.0, 20.0, 20.0, 20.0, 20.0, 20.0, 20.0, 20.0, 20.0, 20.0, 20.0, 20.0, 20.0, 20.0, 20.0, 20.0, 20.0, 20.0, 20.0, 20.0, 20.0, 20.0]",25.010467643990943,24.94994678923684,0.1524,0.6089,-0.1859,-2.9051,10.4682,-0.0169,0.0107,-9.815,15.3,,50.0,,,,0.8287,0.4695,0.9525,209.53,14.94,1.22388,0.0028,212.6,24.89,1,32.53,25.721,1,3,10,0.7,9.795,0,0.0,0,0
1790659282.1005716,47.3981925,8.546165199999999,9.523000717163086,-0.017524415627121925,-0.0013289953349158168,0.003225569147616625,9.790000000000001,0.06898063134455534,0.01190262573160011,0.0,14.601222076416036,20.0,20.0,-1.6648137433102859,-78.32989562920483,-0.31897492272570294,-0.0008852680149051635,14.0,0.0,0.0,"[20.0, 20.0, 20.0, 20.0, 20.0, 20.0, 20.0, 20.0, 20.0, 20.0, 20.0, 20.0, 20.0, 20.0, 20.0, 20.0, 20.0, 20.0, 20.0, 20.0, 20.0, 20.0, 20.0, 20.0, 20.0, 20.0, 20.0, 20.0, 20.0, 20.0, 20.0, 20.0, 20.0, 20.0, 20.0, 20.0, 20.0, 20.0, 20.0, 20.0, 20.0, 20.0, 20.0, 20.0, 20.0, 20.0, 20.0, 20.0, 20.0, 20.0, 20.0, 20.0, 20.0, 20.0, 20.0, 20.0, 20.0, 20.0, 20.0, 20.0, 20.0, 20.0, 20.0, 20.0, 20.0, 20.0, 20.0, 20.0, 20.0, 20.0, 20.0, 20.0]",25.010467643990943,24.94994678923684,0.1473,0.2167,-0.0311,-1.0935,10.4101,-0.0043,0.0009,-9.7998,15.3,,50.0,,,,0.647,0.4947,0.8145,217.4,14.94,1.22388,0.0176,184.34,24.893,1,32.73,25.724,1,3,10,0.7,9.815,0,0.0,0,0
1790659282.3008373,47.3981925,8.5461651,9.526000022888184,-0.01818941906094551,-0.0009575095609761775,0.0026281944010406733,11.870000000000001,0.06850317734567636,0.014398426773325378,0.0,16.684672470092778,20.0,20.0,-1.6700810129196713,-76.25095600142365,-0.5355814483858456,-0.0004933943068853388,14.0,0.0,0.0,"[20.0, 20.0, 20.0, 20.0, 20.0, 20.0, 20.0, 20.0, 20.0, 20.0, 20.0, 20.0, 20.0, 20.0, 20.0, 20.0, 20.0, 20.0, 20.0, 20.0, 20.0, 20.0, 20.0, 20.0, 20.0, 20.0, 20.0, 20.0, 20.0, 20.0, 20.0, 20.0, 20.0, 20.0, 20.0, 20.0, 20.0, 20.0, 20.0, 20.0, 20.0, 20.0, 20.0, 20.0, 20.0, 20.0, 20.0, 20.0, 20.0, 20.0, 20.0, 20.0, 20.0, 20.0, 20.0, 20.0, 20.0, 20.0, 20.0, 20.0, 20.0, 20.0, 20.0, 20.0, 20.0, 20.0, 20.0, 20.0, 20.0, 20.0, 20.0, 20.0]",25.010467643990943,24.94994678923684,0.1557,0.0816,0.0998,-0.2105,10.3241,-0.0138,0.0012,-9.8048,15.3,,50.0,,,,0.4845,0.5588,0.7396,229.07,14.94,1.22388,0.0182,183.01,24.896,1,32.93,25.73,1,3,10,0.7,9.829,0,0.0,0,0
1790659282.5012715,47.398192599999994,8.5461651,9.529000282287598,-0.013890505768358707,0.0011410315055400133,0.0024074118118733168,13.91,0.06794721773634045,0.016827822256321286,0.0,18.71362319946286,20.0,20.0,-1.6800375015268176,-74.21368400799363,-0.849216446479848,0.0015003239242853228,14.0,0.0,0.0,"[20.0, 20.0, 20.0, 20.0, 20.0, 20.0, 20.0, 20.0, 20.0, 20.0, 20.0, 20.0, 20.0, 20.0, 20.0, 20.0, 20.0, 20.0, 20.0, 20.0, 20.0, 20.0, 20.0, 20.0, 20.0, 20.0, 20.0, 20.0, 20.0, 20.0, 20.0, 20.0, 20.0, 20.0, 20.0, 20.0, 20.0, 20.0, 20.0, 20.0, 20.0, 20.0, 20.0, 20.0, 20.0, 20.0, 20.0, 20.0, 20.0, 20.0, 20.0, 20.0, 20.0, 20.0, 20.0, 20.0, 20.0, 20.0, 20.0, 20.0, 20.0, 20.0, 20.0, 20.0, 20.0, 20.0, 20.0, 20.0, 20.0, 20.0, 20.0, 20.0]",25.010467643990943,24.94994678923684,0.1722,0.0544,0.0412,0.1606,10.2545,-0.0186,0.0027,-9.8031,15.3,,50.0,,,,0.5142,0.4605,0.6902,221.85,14.94,1.22388,0.0139,175.3,24.898,1,33.13,25.74,1,3,10,0.7,9.851,0,0.0,0,0
1790659282.70292,47.398192699999996,8.5461651,9.532000541687012,-0.008821454830467701,0.003641306422650814,0.002004253212362528,15.94,0.06730848709052559,0.019224140178030025,0.0,20.76137870788574,20.0,20.0,-1.6925937124677881,-72.1872723462755,-1.131241939268068,0.0038728742768981703,14.0,0.0,0.0,"[20.0, 20.0, 20.0, 20.0, 20.0, 20.0, 20.0, 20.0, 20.0, 20.0, 20.0, 20.0, 20.0, 20.0, 20.0, 20.0, 20.0, 20.0, 20.0, 20.0, 20.0, 20.0, 20.0, 20.0, 20.0, 20.0, 20.0, 20.0, 20.0, 20.0, 20.0, 20.0, 20.0, 20.0, 20.0, 20.0, 20.0, 20.0, 20.0, 20.0, 20.0, 20.0, 20.0, 20.0, 20.0, 20.0, 20.0, 20.0, 20.0, 20.0, 20.0, 20.0, 20.0, 20.0, 20.0, 20.0, 20.0, 20.0, 20.0, 20.0, 20.0, 20.0, 20.0, 20.0, 20.0, 20.0, 20.0, 20.0, 20.0, 20.0, 20.0, 20.0]",25.010467643990943,24.94994678923684,0.1843,0.0647,0.1014,0.2517,10.2241,-0.0091,-0.0073,-9.8052,15.3,,50.0,,,,0.48,0.4406,0.6515,222.55,14.94,1.22388,0.0095,157.57,24.899,1,33.33,25.753,1,3,10,0.7,9.827,0,0.0,0,0
1790659282.9034624,47.3981928,8.5461651,9.53600025177002,-0.00502373231574893,0.005838411394506693,0.0018579389434307814,17.97,0.06658527307872196,0.021596328600760436,0.0,22.795212478637694,20.0,20.0,-1.705775617638594,-70.16114477656001,-1.3564188992061743,0.005971543484502718,14.0,0.0,0.0,"[20.0, 20.0, 20.0, 20.0, 20.0, 20.0, 20.0, 20.0, 20.0, 20.0, 20.0, 20.0, 20.0, 20.0, 20.0, 20.0, 20.0, 20.0, 20.0, 20.0, 20.0, 20.0, 20.0, 20.0, 20.0, 20.0, 20.0, 20.0, 20.0, 20.0, 20.0, 20.0, 20.0, 20.0, 20.0, 20.0, 20.0, 20.0, 20.0, 20.0, 20.0, 20.0, 20.0, 20.0, 20.0, 20.0, 20.0, 20.0, 20.0, 20.0, 20.0, 20.0, 20.0, 20.0, 20.0, 20.0, 20.0, 20.0, 20.0, 20.0, 20.0, 20.0, 20.0, 20.0, 20.0, 20.0, 20.0, 20.0, 20.0, 20.0, 20.0, 20.0]",25.010467643990943,24.94994678923684,0.1997,0.0768,0.1317,0.2271,10.2261,-0.0175,-0.0078,-9.7997,15.3,,50.0,,,,0.5845,0.414,0.7162,215.31,14.94,1.22388,0.0077,130.71,24.9,1,33.53,25.766,1,3,10,0.7,9.828,0,0.0,0,0
1790659283.1039715,47.3981929,8.5461651,9.538000106811523,-0.004330487456172705,0.010823420248925686,0.001862923032604158,19.990000000000002,0.0657826610174552,0.02392992915707399,0.0,24.810497512817392,20.0,20.0,-1.716260451837845,-68.14483339590782,-2.224200056615322,0.010937818639743578,14.0,0.0,0.0,"[20.0, 20.0, 20.0, 20.0, 20.0, 20.0, 20.0, 20.0, 20.0, 20.0, 20.0, 20.0, 20.0, 20.0, 20.0, 20.0, 20.0, 20.0, 20.0, 20.0, 20.0, 20.0, 20.0, 20.0, 20.0, 20.0, 20.0, 20.0, 20.0, 20.0, 20.0, 20.0, 20.0, 20.0, 20.0, 20.0, 20.0, 20.0, 20.0, 20.0, 20.0, 20.0, 20.0, 20.0, 20.0, 20.0, 20.0, 20.0, 20.0, 20.0, 20.0, 20.0, 20.0, 20.0, 20.0, 20.0, 20.0, 20.0, 20.0, 20.0, 20.0, 20.0, 20.0, 20.0, 20.0, 20.0, 20.0, 20.0, 20.0, 20.0, 20.0, 20.0]",25.010467643990943,24.94994678923684,0.2012,0.0753,-0.04,0.0113,10.3378,-0.0183,-0.0085,-9.8011,15.3,,50.0,,,,0.5064,0.3453,0.6129,214.29,14.94,1.22388,0.0117,111.81,24.896,1,33.73,25.777,1,3,10,0.7,9.795,0,0.0,0,0
1790659283.3050768,47.398193,8.546165199999999,9.53700065612793,-0.005270644556730986,0.01793941669166088,0.002262038877233863,22.01,0.06489829214825277,0.026233788827388863,0.0,26.834010848999014,20.0,20.0,-1.7249501535098513,-66.12878065620603,-3.5491736457835854,0.018078645184505977,14.0,0.0,0.0,"[20.0, 20.0, 20.0, 20.0, 20.0, 20.0, 20.0, 20.0, 20.0, 20.0, 20.0, 20.0, 20.0, 20.0, 20.0, 20.0, 20.0, 20.0, 20.0, 20.0, 20.0, 20.0, 20.0, 20.0, 20.0, 20.0, 20.0, 20.0, 20.0, 20.0, 20.0, 20.0, 20.0, 20.0, 20.0, 20.0, 20.0, 20.0, 20.0, 20.0, 20.0, 20.0, 20.0, 20.0, 20.0, 20.0, 20.0, 20.0, 20.0, 20.0, 20.0, 20.0, 20.0, 20.0, 20.0, 20.0, 20.0, 20.0, 20.0, 20.0, 20.0, 20.0, 20.0, 20.0, 20.0, 20.0, 20.0, 20.0, 20.0, 20.0, 20.0, 20.0]",25.010467643990943,24.94994678923684,0.1624,0.0637,-0.2637,0.0807,10.1752,-0.0127,-0.0069,-9.7927,15.3,,50.0,,,,0.5533,0.3649,0.6628,213.41,14.94,1.22388,0.0187,106.37,24.888,1,33.93,25.789,1,3,10,0.7,9.782,0,0.0,0,0
1790659283.5055583,47.3981931,8.5461654,9.534000396728516,-0.004875661805272102,0.023796627297997475,0.0028668656013906,24.04,0.06392828955070465,0.028516202326419042,0.0,28.8450308227539,20.0,20.0,-1.7334388139640295,-64.10298557545408,-4.520545553510176,0.023924210078880265,14.0,0.0,0.0,"[20.0, 20.0, 20.0, 20.0, 20.0, 20.0, 20.0, 20.0, 20.0, 20.0, 20.0, 20.0, 20.0, 20.0, 20.0, 20.0, 20.0, 20.0, 20.0, 20.0, 20.0, 20.0, 20.0, 20.0, 20.0, 20.0, 20.0, 20.0, 20.0, 20.0, 20.0, 20.0, 20.0, 20.0, 20.0, 20.0, 20.0, 20.0, 20.0, 20.0, 20.0, 20.0, 20.0, 20.0, 20.0, 20.0, 20.0, 20.0, 20.0, 20.0, 20.0, 20.0, 20.0, 20.0, 20.0, 20.0, 20.0, 20.0, 20.0, 20.0, 20.0, 20.0, 20.0, 20.0, 20.0, 20.0, 20.0, 20.0, 20.0, 20.0, 20.0, 20.0]",25.010467643990943,24.94994678923684,0.1128,0.0505,-0.2231,0.0246,10.1365,-0.0139,0.0001,-9.8146,15.3,,50.0,,,,0.4905,0.3469,0.6008,215.27,14.94,1.22388,0.0243,101.58,24.878,1,34.13,25.803,1,3,10,0.7,9.762,0,0.0,0,0
1790659283.705704,47.398193199999994,8.546165499999999,9.531000137329102,-0.003103042719885707,0.02476099319756031,0.002630053786560893,26.01,0.0629102265688097,0.030696960648589115,0.0,30.823201904296866,20.0,20.0,-1.7426523590854985,-62.13699675407608,-4.500644890815157,0.024839336290198653,14.0,0.0,0.0,"[20.0, 20.0, 20.0, 20.0, 20.0, 20.0, 20.0, 20.0, 20.0, 20.0, 20.0, 20.0, 20.0, 20.0, 20.0, 20.0, 20.0, 20.0, 20.0, 20.0, 20.0, 20.0, 20.0, 20.0, 20.0, 20.0, 20.0, 20.0, 20.0, 20.0, 20.0, 20.0, 20.0, 20.0, 20.0, 20.0, 20.0, 20.0, 20.0, 20.0, 20.0, 20.0, 20.0, 20.0, 20.0, 20.0, 20.0, 20.0, 20.0, 20.0, 20.0, 20.0, 20.0, 20.0, 20.0, 20.0, 20.0, 20.0, 20.0, 20.0, 20.0, 20.0, 20.0, 20.0, 20.0, 20.0, 20.0, 20.0, 20.0, 20.0, 20.0, 20.0]",25.010467643990943,24.94994678923684,0.0923,0.0447,0.0517,-0.0114,10.0149,-0.0121,-0.0067,-9.8114,15.3,,50.0,,,,0.5622,0.1652,0.586,196.38,14.94,1.22388,0.025,97.14,24.87,1,34.33,25.815,1,3,10,0.7,9.769,0,0.0,0,0
1790659283.9059827,47.398193299999996,8.546165499999999,9.530000686645508,-0.0006162479985505342,0.021957717835903168,0.0021684300154447556,27.96,0.061829259145075914,0.03281985243067138,0.0,32.7665357208252,20.0,20.0,-1.7524965118671565,-60.19049996233693,-3.7539171252936603,0.021966356023694584,14.0,0.0,0.0,"[20.0, 20.0, 20.0, 20.0, 20.0, 20.0, 20.0, 20.0, 20.0, 20.0, 20.0, 20.0, 20.0, 20.0, 20.0, 20.0, 20.0, 20.0, 20.0, 20.0, 20.0, 20.0, 20.0, 20.0, 20.0, 20.0, 20.0, 20.0, 20.0, 20.0, 20.0, 20.0, 20.0, 20.0, 20.0, 20.0, 20.0, 20.0, 20.0, 20.0, 20.0, 20.0, 20.0, 20.0, 20.0, 20.0, 20.0, 20.0, 20.0, 20.0, 20.0, 20.0, 20.0, 20.0, 20.0, 20.0, 20.0, 20.0, 20.0, 20.0, 20.0, 20.0, 20.0, 20.0, 20.0, 20.0, 20.0, 20.0, 20.0, 20.0, 20.0, 20.0]",25.010467643990943,24.94994678923684,0.1263,0.0225,0.2531,-0.0471,10.0818,-0.0149,-0.012,-9.8125,15.3,,50.0,,,,0.4698,0.2406,0.5279,207.12,14.94,1.22388,0.022,91.61,24.867,1,34.53,25.825,1,3,10,0.7,9.785,0,0.0,0,0
1790659284.1062512,47.3981934,8.546165499999999,9.529000282287598,0.0014072326011955738,0.020846407860517502,0.0018234613817185163,29.91,0.06067668132463397,0.03490473239302681,0.0,34.713085327148434,20.0,20.0,-1.7613950019162576,-58.2435940849189,-3.313377256646309,0.02079631812765809,14.0,0.0,0.0,"[20.0, 20.0, 20.0, 20.0, 20.0, 20.0, 20.0, 20.0, 20.0, 20.0, 20.0, 20.0, 20.0, 20.0, 20.0, 20.0, 20.0, 20.0, 20.0, 20.0, 20.0, 20.0, 20.0, 20.0, 20.0, 20.0, 20.0, 20.0, 20.0, 20.0, 20.0, 20.0, 20.0, 20.0, 20.0, 20.0, 20.0, 20.0, 20.0, 20.0, 20.0, 20.0, 20.0, 20.0, 20.0, 20.0, 20.0, 20.0, 20.0, 20.0, 20.0, 20.0, 20.0, 20.0, 20.0, 20.0, 20.0, 20.0, 20.0, 20.0, 20.0, 20.0, 20.0, 20.0, 20.0, 20.0, 20.0, 20.0, 20.0, 20.0, 20.0, 20.0]",25.010467643990943,24.94994678923684,0.1731,0.0037,0.2152,-0.0562,10.0711,-0.0086,-0.0205,-9.8167,15.3,,50.0,,,,0.4666,0.2128,0.5128,204.52,14.94,1.22388,0.0209,86.14,24.865,1,34.73,25.835,1,3,10,0.7,9.761,0,0.0,0,0
1790659284.3062859,47.3981934,8.5461656,9.526000022888184,0.0024578527081757784,0.02206314355134964,0.001981696579605341,31.89,0.05943447332105092,0.03698031072137288,0.0,36.69237007141112,20.0,20.0,-1.769419626543867,-56.26658661689095,-3.3260145417617664,0.02198076574006071,14.0,0.0,0.0,"[20.0, 20.0, 20.0, 20.0, 20.0, 20.0, 20.0, 20.0, 20.0, 20.0, 20.0, 20.0, 20.0, 20.0, 20.0, 20.0, 20.0, 20.0, 20.0, 20.0, 20.0, 20.0, 20.0, 20.0, 20.0, 20.0, 20.0, 20.0, 20.0, 20.0, 20.0, 20.0, 20.0, 20.0, 20.0, 20.0, 20.0, 20.0, 20.0, 20.0, 20.0, 20.0, 20.0, 20.0, 20.0, 20.0, 20.0, 20.0, 20.0, 20.0, 20.0, 20.0, 20.0, 20.0, 20.0, 20.0, 20.0, 20.0, 20.0, 20.0, 20.0, 20.0, 20.0, 20.0, 20.0, 20.0, 20.0, 20.0, 20.0, 20.0, 20.0, 20.0]",25.010467643990943,24.94994678923684,0.1979,-0.0168,0.1163,0.0476,9.9474,-0.0186,-0.004,-9.8135,15.3,,50.0,,,,0.5168,0.1326,0.5335,194.39,14.94,1.22388,0.0222,83.64,24.861,1,34.93,25.843,1,3,10,0.7,9.746,0,0.0,0,0
1790659284.5066252,47.3981935,8.5461657,9.52400016784668,0.0031363172456622124,0.0277166236191988,0.0018260942306369543,33.93,0.0580804095673386,0.03907257381450833,0.0,38.74522178649903,20.0,20.0,-1.7765686872495994,-54.230111987822625,-4.051002067370736,0.027610465857390146,14.0,0.0,0.0,"[20.0, 20.0, 20.0, 20.0, 20.0, 20.0, 20.0, 20.0, 20.0, 20.0, 20.0, 20.0, 20.0, 20.0, 20.0, 20.0, 20.0, 20.0, 20.0, 20.0, 20.0, 20.0, 20.0, 20.0, 20.0, 20.0, 20.0, 20.0, 20.0, 20.0, 20.0, 20.0, 20.0, 20.0, 20.0, 20.0, 20.0, 20.0, 20.0, 20.0, 20.0, 20.0, 20.0, 20.0, 20.0, 20.0, 20.0, 20.0, 20.0, 20.0, 20.0, 20.0, 20.0, 20.0, 20.0, 20.0, 20.0, 20.0, 20.0, 20.0, 20.0, 20.0, 20.0, 20.0, 20.0, 20.0, 20.0, 20.0, 20.0, 20.0, 20.0, 20.0]",25.010467643990943,24.94994678923684,0.1957,-0.0236,-0.1174,0.1216,10.1276,-0.0135,-0.0088,-9.8123,15.3,,50.0,,,,0.6016,0.3905,0.7172,212.99,14.94,1.22388,0.0279,83.54,24.853,1,35.13,25.854,1,3,10,0.7,9.747,0,0.0,0,0
1790659284.7072802,47.3981936,8.5461659,9.521000862121582,0.004135631490498781,0.03414681926369667,0.0014632466481998563,36.0,0.056631189606246315,0.04114496766047312,0.0,40.810935974121094,20.0,20.0,-1.7841633307352465,-52.16434087715561,-4.800529126592462,0.03400616121550385,14.0,0.0,0.0,"[20.0, 20.0, 20.0, 20.0, 20.0, 20.0, 20.0, 20.0, 20.0, 20.0, 20.0, 20.0, 20.0, 20.0, 20.0, 20.0, 20.0, 20.0, 20.0, 20.0, 20.0, 20.0, 20.0, 20.0, 20.0, 20.0, 20.0, 20.0, 20.0, 20.0, 20.0, 20.0, 20.0, 20.0, 20.0, 20.0, 20.0, 20.0, 20.0, 20.0, 20.0, 20.0, 20.0, 20.0, 20.0, 20.0, 20.0, 20.0, 20.0, 20.0, 20.0, 20.0, 20.0, 20.0, 20.0, 20.0, 20.0, 20.0, 20.0, 20.0, 20.0, 20.0, 20.0, 20.0, 20.0, 20.0, 20.0, 20.0, 20.0, 20.0, 20.0, 20.0]",25.010467643990943,24.94994678923684,0.1672,-0.0098,-0.2168,0.0621,10.0288,-0.0142,-0.0138,-9.8105,15.3,,50.0,,,,0.5321,0.2975,0.6097,209.21,14.94,1.22388,0.0344,83.09,24.842,1,35.33,25.868,1,3,10,0.7,9.763,0,0.0,0,0
1790659284.9088428,47.3981936,8.546166099999999,9.519000053405762,0.002806637668982148,0.039755258709192276,0.0013163790572434664,38.03,0.055138180020558536,0.04312517946653067,0.0,42.85419967651367,20.0,20.0,-1.7881901730436809,-50.137907113982095,-5.632231932800035,0.039651406497900034,14.0,0.0,0.0,"[20.0, 20.0, 20.0, 20.0, 20.0, 20.0, 20.0, 20.0, 20.0, 20.0, 20.0, 20.0, 20.0, 20.0, 20.0, 20.0, 20.0, 20.0, 20.0, 20.0, 20.0, 20.0, 20.0, 20.0, 20.0, 20.0, 20.0, 20.0, 20.0, 20.0, 20.0, 20.0, 20.0, 20.0, 20.0, 20.0, 20.0, 20.0, 20.0, 20.0, 20.0, 20.0, 20.0, 20.0, 20.0, 20.0, 20.0, 20.0, 20.0, 20.0, 20.0, 20.0, 20.0, 20.0, 20.0, 20.0, 20.0, 20.0, 20.0, 20.0, 20.0, 20.0, 20.0, 20.0, 20.0, 20.0, 20.0, 20.0, 20.0, 20.0, 20.0, 20.0]",25.010467643990943,24.94994678923684,0.1197,-0.0014,-0.2348,0.0673,9.9414,-0.01,-0.0098,-9.814,15.3,,50.0,,,,0.4818,0.356,0.5991,216.46,14.94,1.22388,0.0399,85.96,24.828,1,35.54,25.883,1,3,10,0.7,9.763,0,0.0,0,0
1790659285.1095154,47.3981936,8.5461663,9.519000053405762,0.0016819759039208293,0.04367823898792267,0.0008944463334046304,40.050000000000004,0.053583824944516155,0.04504191053136453,0.0,44.873902130126964,20.0,20.0,-1.7903710270682374,-48.12112539457391,-6.155119315191392,0.043606403720265266,14.0,0.0,0.0,"[20.0, 20.0, 20.0, 20.0, 20.0, 20.0, 20.0, 20.0, 20.0, 20.0, 20.0, 20.0, 20.0, 20.0, 20.0, 20.0, 20.0, 20.0, 20.0, 20.0, 20.0, 20.0, 20.0, 20.0, 20.0, 20.0, 20.0, 20.0, 20.0, 20.0, 20.0, 20.0, 20.0, 20.0, 20.0, 20.0, 20.0, 20.0, 20.0, 20.0, 20.0, 20.0, 20.0, 20.0, 20.0, 20.0, 20.0, 20.0, 20.0, 20.0, 20.0, 20.0, 20.0, 20.0, 20.0, 20.0, 20.0, 20.0, 20.0, 20.0, 20.0, 20.0, 20.0, 20.0, 20.0, 20.0, 20.0, 20.0, 20.0, 20.0, 20.0, 20.0]",25.010467643990943,24.94994678923684,0.0862,-0.0025,-0.0863,-0.0618,9.851,-0.0136,-0.017,-9.81,15.3,,50.0,,,,0.4506,0.3859,0.5933,220.57,14.94,1.22388,0.0437,87.79,24.812,1,35.74,25.899,1,3,10,0.7,9.801,0,0.0,0,0
1790659285.3098354,47.3981936,8.5461665,9.520000457763672,0.00015698489733040333,0.046399183571338654,0.00027120657614432275,42.050000000000004,0.05197924311808275,0.046884520738419054,0.0,46.86395721435548,20.0,20.0,-1.7904379652290021,-46.123727106119276,-6.531743847955985,0.04637262188984487,14.0,0.0,0.0,"[20.0, 20.0, 20.0, 20.0, 20.0, 20.0, 20.0, 20.0, 20.0, 20.0, 20.0, 20.0, 20.0, 20.0, 20.0, 20.0, 20.0, 20.0, 20.0, 20.0, 20.0, 20.0, 20.0, 20.0, 20.0, 20.0, 20.0, 20.0, 20.0, 20.0, 20.0, 20.0, 20.0, 20.0, 20.0, 20.0, 20.0, 20.0, 20.0, 20.0, 20.0, 20.0, 20.0, 20.0, 20.0, 20.0, 20.0, 20.0, 20.0, 20.0, 20.0, 20.0, 20.0, 20.0, 20.0, 20.0, 20.0, 20.0, 20.0, 20.0, 20.0, 20.0, 20.0, 20.0, 20.0, 20.0, 20.0, 20.0, 20.0, 20.0, 20.0, 20.0]",25.010467643990943,24.94994678923684,0.0661,-0.0108,-0.0542,-0.079,9.9621,-0.0074,-0.012,-9.8014,15.3,,50.0,,,,0.2707,0.3559,0.4471,232.75,14.94,1.22388,0.0464,89.81,24.797,1,35.94,25.914,1,3,10,0.7,9.781,0,0.0,0,0
1790659285.510008,47.3981936,8.546166699999999,9.521000862121582,-0.0014210710069164634,0.0493205301463604,0.00011144588643219322,44.06,0.07186119615049985,0.06954112803096729,0.0,48.86479621887207,20.0,20.0,-1.7885319276984533,-44.115808877786264,-6.923821626579514,0.04934091963259546,14.0,0.0,0.0,"[20.0, 20.0, 20.0, 20.0, 20.0, 20.0, 20.0, 20.0, 20.0, 20.0, 20.0, 20.0, 20.0, 20.0, 20.0, 20.0, 20.0, 20.0, 20.0, 20.0, 20.0, 20.0, 20.0, 20.0, 20.0, 20.0, 20.0, 20.0, 20.0, 20.0, 20.0, 20.0, 20.0, 20.0, 20.0, 20.0, 20.0, 20.0, 20.0, 20.0, 20.0, 20.0, 20.0, 20.0, 20.0, 20.0, 20.0, 20.0, 20.0, 20.0, 20.0, 20.0, 20.0, 20.0, 20.0, 20.0, 20.0, 20.0, 20.0, 20.0, 20.0, 20.0, 20.0, 20.0, 20.0, 20.0, 20.0, 20.0, 20.0, 20.0, 20.0, 20.0]",25.010467643990943,24.94994678923684,0.0482,-0.0235,-0.2272,-0.1037,9.936,-0.0088,-0.0096,-9.8004,15.3,,50.0,,,,0.273,0.3212,0.4215,229.64,14.94,1.22388,0.0493,91.65,24.781,1,36.14,25.93,1,3,10,0.7,9.779,0,0.0,0,0
1790659285.7109063,47.3981936,8.5461669,9.523000717163086,-0.001286624581553042,0.0553528256714344,7.57920861360617e-05,46.09,0.0693527577607338,0.07204300792568963,0.0,50.91474327087403,20.0,20.0,-1.7864177785855213,-42.08831393663172,-7.466183988056091,0.05536629208434108,14.0,0.0,0.0,"[20.0, 20.0, 20.0, 20.0, 20.0, 20.0, 20.0, 20.0, 20.0, 20.0, 20.0, 20.0, 20.0, 20.0, 20.0, 20.0, 20.0, 20.0, 20.0, 20.0, 20.0, 20.0, 20.0, 20.0, 20.0, 20.0, 20.0, 20.0, 20.0, 20.0, 20.0, 20.0, 20.0, 20.0, 20.0, 20.0, 20.0, 20.0, 20.0, 20.0, 20.0, 20.0, 20.0, 20.0, 20.0, 20.0, 20.0, 20.0, 20.0, 20.0, 20.0, 20.0, 20.0, 20.0, 20.0, 20.0, 20.0, 20.0, 20.0, 20.0, 20.0, 20.0, 20.0, 20.0, 20.0, 20.0, 20.0, 20.0, 20.0, 20.0, 20.0, 20.0]",25.010467643990943,24.94994678923684,0.0075,-0.1747,-0.2413,-0.801,9.9183,-0.0071,-0.0179,-9.7964,15.3,,50.0,,,,0.2611,0.317,0.4107,230.52,14.94,1.22388,0.0554,91.33,24.762,1,36.34,25.949,1,3,10,0.7,9.799,0,0.0,0,0
1790659285.9111252,47.3981936,8.5461672,9.523000717163086,0.004161153919994831,0.0645638033747673,0.0004283324524294585,48.14,0.06673127652808258,0.07447775998868773,0.0,52.943634643554674,20.0,20.0,-1.7857048625147252,-40.041648237470525,-7.591850357161417,0.06440628746438633,14.0,0.0,0.0,"[20.0, 20.0, 20.0, 20.0, 20.0, 20.0, 20.0, 20.0, 20.0, 20.0, 20.0, 20.0, 20.0, 20.0, 20.0, 20.0, 20.0, 20.0, 20.0, 20.0, 20.0, 20.0, 20.0, 20.0, 20.0, 20.0, 20.0, 20.0, 20.0, 20.0, 20.0, 20.0, 20.0, 20.0, 20.0, 20.0, 20.0, 20.0, 20.0, 20.0, 20.0, 20.0, 20.0, 20.0, 20.0, 20.0, 20.0, 20.0, 20.0, 20.0, 20.0, 20.0, 20.0, 20.0, 20.0, 20.0, 20.0, 20.0, 20.0, 20.0, 20.0, 20.0, 20.0, 20.0, 20.0, 20.0, 20.0, 20.0, 20.0, 20.0, 20.0, 20.0]",25.010467643990943,24.94994678923684,-0.0216,-0.2228,-0.0815,0.1649,9.8691,-0.0172,-0.0103,-9.8035,15.3,,50.0,,,,0.2769,0.2194,0.3533,218.38,14.94,1.22388,0.0647,86.31,24.74,1,36.54,25.971,1,3,10,0.7,9.823,0,0.0,0,0
1790659286.1122165,47.3981936,8.5461675,9.52500057220459,0.011295909062027931,0.07133844494819641,0.0001961269590537995,50.14,0.06409138929830555,0.07676127811476985,0.0,54.958019866943346,20.0,20.0,-1.7874315897689288,-38.04568524255214,-7.040551697554573,0.07095773082817652,14.0,0.0,0.0,"[20.0, 20.0, 20.0, 20.0, 20.0, 20.0, 20.0, 20.0, 20.0, 20.0, 20.0, 20.0, 20.0, 20.0, 20.0, 20.0, 20.0, 20.0, 20.0, 20.0, 20.0, 20.0, 20.0, 20.0, 20.0, 20.0, 20.0, 20.0, 20.0, 20.0, 20.0, 20.0, 20.0, 20.0, 20.0, 20.0, 20.0, 20.0, 20.0, 20.0, 20.0, 20.0, 20.0, 20.0, 20.0, 20.0, 20.0, 20.0, 20.0, 20.0, 20.0, 20.0, 20.0, 20.0, 20.0, 20.0, 20.0, 20.0, 20.0, 20.0, 20.0, 20.0, 20.0, 20.0, 20.0, 20.0, 20.0, 20.0, 20.0, 20.0, 20.0, 20.0]",25.010467643990943,24.94994678923684,-0.0233,-0.1729,0.1239,0.3721,9.8299,-0.0095,-0.0138,-9.8101,15.3,,50.0,,,,0.3738,0.4002,0.5476,226.95,14.94,1.22388,0.0722,81.0,24.72,1,36.74,25.992,1,3,10,0.7,9.821,0,0.0,0,0
1790659286.313161,47.3981937,8.5461678,9.527000427246094,0.015535647980868816,0.07666503638029099,0.00029327013180591166,52.36,0.06140097203730336,0.07892984627423451,0.0,56.94205963134766,20.0,20.0,-1.7878888821519443,-36.069328772406806,-6.591101933701456,0.07546518491140715,14.0,0.0,0.0,"[20.0, 20.0, 20.0, 20.0, 20.0, 20.0, 20.0, 20.0, 20.0, 20.0, 20.0, 20.0, 20.0, 20.0, 20.0, 20.0, 20.0, 20.0, 20.0, 20.0, 20.0, 20.0, 20.0, 20.0, 20.0, 20.0, 20.0, 20.0, 20.0, 20.0, 20.0, 20.0, 20.0, 20.0, 20.0, 20.0, 20.0, 20.0, 20.0, 20.0, 20.0, 20.0, 20.0, 20.0, 20.0, 20.0, 20.0, 20.0, 20.0, 20.0, 20.0, 20.0, 20.0, 20.0, 20.0, 20.0, 20.0, 20.0, 20.0, 20.0, 20.0, 20.0, 20.0, 20.0, 20.0, 20.0, 20.0, 20.0, 20.0, 20.0, 20.0, 20.0]",25.010467643990943,24.94994678923684,-0.0024,-0.1226,0.0517,0.2235,9.8842,-0.0107,-0.0156,-9.8167,15.3,,50.0,,,,0.4011,0.4481,0.6014,228.17,14.94,1.22388,0.0782,78.54,24.699,1,36.94,26.012,1,3,10,0.7,9.814,0,0.0,0,0
1790659286.5139067,47.3981937,8.5461681,9.528000831604004,0.016696058213710785,0.07863255590200424,0.00024668261175975204,54.34,0.05863723567357894,0.08100416404457961,0.0,58.92504081726074,20.0,20.0,-1.787497480169594,-34.092477740231544,-6.203132243726444,0.07789129475588051,14.0,0.0,0.0,"[20.0, 20.0, 20.0, 20.0, 20.0, 20.0, 20.0, 20.0, 20.0, 20.0, 20.0, 20.0, 20.0, 20.0, 20.0, 20.0, 20.0, 20.0, 20.0, 20.0, 20.0, 20.0, 20.0, 20.0, 20.0, 20.0, 20.0, 20.0, 20.0, 20.0, 20.0, 20.0, 20.0, 20.0, 20.0, 20.0, 20.0, 20.0, 20.0, 20.0, 20.0, 20.0, 20.0, 20.0, 20.0, 20.0, 20.0, 20.0, 20.0, 20.0, 20.0, 20.0, 20.0, 20.0, 20.0, 20.0, 20.0, 20.0, 20.0, 20.0, 20.0, 20.0, 20.0, 20.0, 20.0, 20.0, 20.0, 20.0, 20.0, 20.0, 20.0, 20.0]",25.010467643990943,24.94994678923684,0.0101,-0.0962,0.0498,-0.009,9.895,-0.003,-0.0193,-9.8007,15.3,,50.0,,,,0.438,0.495,0.6609,228.49,14.94,1.22388,0.0804,78.01,24.679,1,37.14,26.032,1,3,10,0.7,9.817,0,0.0,0,0
1790659286.7145064,47.3981937,8.5461683,9.531000137329102,0.016603700816631317,0.07931283116340637,0.0002989601925946772,56.300000000000004,0.05548444274479991,0.08319541221304827,0.0,61.10524826049806,20.0,20.0,-1.7866482349392379,-31.895607290349602,-5.7470417191304675,0.07876250762792139,14.0,0.0,0.0,"[20.0, 20.0, 20.0, 20.0, 20.0, 20.0, 20.0, 20.0, 20.0, 20.0, 20.0, 20.0, 20.0, 20.0, 20.0, 20.0, 20.0, 20.0, 20.0, 20.0, 20.0, 20.0, 20.0, 20.0, 20.0, 20.0, 20.0, 20.0, 20.0, 20.0, 20.0, 20.0, 20.0, 20.0, 20.0, 20.0, 20.0, 20.0, 20.0, 20.0, 20.0, 20.0, 20.0, 20.0, 20.0, 20.0, 20.0, 20.0, 20.0, 20.0, 20.0, 20.0, 20.0, 20.0, 20.0, 20.0, 20.0, 20.0, 20.0, 20.0, 20.0, 20.0, 20.0, 20.0, 20.0, 20.0, 20.0, 20.0, 20.0, 20.0, 20.0, 20.0]",25.010467643990943,24.94994678923684,0.0207,-0.094,0.0365,-0.1177,9.8304,-0.0087,-0.0216,-9.8072,15.3,,50.0,,,,0.5342,0.4873,0.7231,222.37,14.94,1.22388,0.081,78.18,24.659,1,37.34,26.052,1,3,10,0.7,9.8,0,0.0,0,0
1790659286.9152079,47.3981937,8.5461685,9.532999992370605,0.017176903784275055,0.08015176653862,0.00017682109319139272,58.29,0.10961623173976354,0.17987336119684424,0.0,63.11495498657226,20.0,20.0,-1.7866763923287667,-29.90835028114259,-5.240630898328697,0.07958238963334469,14.0,0.0,0.03754663927411094,"[20.0, 20.0, 20.0, 20.0, 20.0, 20.0, 20.0, 20.0, 20.0, 20.0, 20.0, 20.0, 20.0, 20.0, 20.0, 20.0, 20.0, 20.0, 20.0, 20.0, 20.0, 20.0, 20.0, 20.0, 20.0, 20.0, 20.0, 20.0, 20.0, 20.0, 20.0, 20.0, 20.0, 20.0, 20.0, 20.0, 20.0, 20.0, 20.0, 20.0, 20.0, 20.0, 20.0, 20.0, 20.0, 20.0, 20.0, 20.0, 20.0, 20.0, 20.0, 20.0, 20.0, 20.0, 20.0, 20.0, 20.0, 20.0, 20.0, 20.0, 20.0, 20.0, 20.0, 20.0, 20.0, 20.0, 20.0, 20.0, 20.0, 20.0, 20.0, 20.0]",25.010467643990943,24.94994678923684,0.0407,-0.1014,0.1174,-0.0428,10.1318,-0.0094,-0.0222,-9.8096,15.3,,50.0,,,,0.7754,0.3114,0.8356,201.88,14.94,1.22388,0.082,77.9,24.643,1,37.54,26.068,1,3,10,0.7,9.766,0,0.0,0,0
1790659287.1159232,47.3981937,8.546168699999999,9.534000396728516,0.02179737389087677,0.0881415456533432,-0.000935950200073421,60.34,0.105257249954265,0.1872831814901924,0.0,65.16029151916504,20.0,20.0,-1.7875935142995383,-27.861407525192448,-4.702109661949211,0.08742340462294668,14.0,0.0,0.0023576988604116955,"[20.0, 20.0, 20.0, 20.0, 20.0, 20.0, 20.0, 20.0, 20.0, 20.0, 20.0, 20.0, 20.0, 20.0, 20.0, 20.0, 20.0, 20.0, 20.0, 20.0, 20.0, 20.0, 20.0, 20.0, 20.0, 20.0, 20.0, 20.0, 20.0, 20.0, 20.0, 20.0, 20.0, 20.0, 20.0, 20.0, 20.0, 20.0, 20.0, 20.0, 20.0, 20.0, 20.0, 20.0, 20.0, 20.0, 20.0, 20.0, 20.0, 20.0, 20.0, 20.0, 20.0, 20.0, 20.0, 20.0, 20.0, 20.0, 20.0, 20.0, 20.0, 20.0, 20.0, 20.0, 20.0, 20.0, 20.0, 20.0, 20.0, 20.0, 20.0, 20.0]",25.010467643990943,24.94994678923684,0.0418,-0.6772,0.0786,-3.1026,10.3493,-0.02,-0.0143,-9.8068,15.3,,50.0,,,,0.6824,0.3632,0.773,208.02,14.94,1.22388,0.0908,76.11,24.627,1,37.74,26.085,1,3,10,0.7,9.847,0,0.0,0,0
1790659287.3166094,47.3981937,8.546168999999999,9.535000801086426,0.03494948893785477,0.1112242117524147,0.00017583982844371349,62.4,0.10035395294152724,0.19439488901682586,0.0,67.2083782196045,20.0,20.0,-1.7904664005323998,-25.805647955497847,-3.9200412426191216,0.1100805360468045,14.0,0.0,0.0024190739828036313,"[20.0, 20.0, 20.0, 20.0, 20.0, 20.0, 20.0, 20.0, 20.0, 20.0, 20.0, 20.0, 20.0, 20.0, 20.0, 20.0, 20.0, 20.0, 20.0, 20.0, 20.0, 20.0, 20.0, 20.0, 20.0, 20.0, 20.0, 20.0, 20.0, 20.0, 20.0, 20.0, 20.0, 20.0, 20.0, 20.0, 20.0, 20.0, 20.0, 20.0, 20.0, 20.0, 20.0, 20.0, 20.0, 20.0, 20.0, 20.0, 20.0, 20.0, 20.0, 20.0, 20.0, 20.0, 20.0, 20.0, 20.0, 20.0, 20.0, 20.0, 20.0, 20.0, 20.0, 20.0, 20.0, 20.0, 20.0, 20.0, 20.0, 20.0, 20.0, 20.0]",25.010467643990943,24.94994678923684,0.0398,-0.9546,0.1767,-0.2006,10.5095,-0.0124,-0.0175,-9.8139,15.3,,50.0,,,,0.6595,0.5199,0.8397,218.25,14.94,1.22388,0.1166,72.56,24.607,1,37.94,26.105,1,3,10,0.7,9.826,0,0.0,0,0
1790659287.517386,47.3981937,8.546169299999999,9.53600025177002,0.0451507568359375,0.13790953159332275,0.0006005283794365823,64.51,0.09481498737695464,0.20129409098174308,0.0,69.32854057312011,20.0,20.0,-1.7933027460542499,-23.70107721587499,-3.546666416845521,0.13642526229952498,14.0,0.0,0.002515031308360099,"[20.0, 20.0, 20.0, 20.0, 20.0, 20.0, 20.0, 20.0, 20.0, 20.0, 20.0, 20.0, 20.0, 20.0, 20.0, 20.0, 20.0, 20.0, 20.0, 20.0, 20.0, 20.0, 20.0, 20.0, 20.0, 20.0, 20.0, 20.0, 20.0, 20.0, 20.0, 20.0, 20.0, 20.0, 20.0, 20.0, 20.0, 20.0, 20.0, 20.0, 20.0, 20.0, 20.0, 20.0, 20.0, 20.0, 20.0, 20.0, 20.0, 20.0, 20.0, 20.0, 20.0, 20.0, 20.0, 20.0, 20.0, 20.0, 20.0, 20.0, 20.0, 20.0, 20.0, 20.0, 20.0, 20.0, 20.0, 20.0, 20.0, 20.0, 20.0, 20.0]",25.010467643990943,24.94994678923684,0.0496,-0.87,0.1162,0.776,10.4706,-0.0094,-0.0101,-9.8098,15.3,,50.0,,,,0.561,0.6174,0.8342,227.74,14.94,1.22388,0.1451,71.87,24.581,1,38.14,26.131,1,3,10,0.7,9.801,0,0.0,0,0
1790659287.7188728,47.3981938,8.5461698,9.53700065612793,0.04861258342862129,0.16259197890758514,0.00025430708774365485,66.63,0.10582683684463501,0.24776969625010237,0.0,71.45088661193847,20.0,20.0,-1.7935571786825926,-21.587001801280422,-3.789431008239569,0.16098093348984643,14.0,0.0,0.0027675159903344597,"[20.0, 20.0, 20.0, 20.0, 20.0, 20.0, 20.0, 20.0, 20.0, 20.0, 20.0, 20.0, 20.0, 20.0, 20.0, 20.0, 20.0, 20.0, 20.0, 20.0, 20.0, 20.0, 20.0, 20.0, 20.0, 20.0, 20.0, 20.0, 20.0, 20.0, 20.0, 20.0, 20.0, 20.0, 20.0, 20.0, 20.0, 20.0, 20.0, 20.0, 20.0, 20.0, 20.0, 20.0, 20.0, 20.0, 20.0, 20.0, 20.0, 20.0, 20.0, 20.0, 20.0, 20.0, 20.0, 20.0, 20.0, 20.0, 20.0, 20.0, 20.0, 20.0, 20.0, 20.0, 20.0, 20.0, 20.0, 20.0, 20.0, 20.0, 20.0, 20.0]",25.010467643990943,24.94994678923684,0.041,-0.7103,-0.0835,0.7036,10.3029,-0.0236,-0.0157,-9.8081,15.3,,50.0,,,,0.5204,0.4382,0.6803,220.1,14.94,1.22388,0.1697,73.35,24.546,1,38.35,26.166,1,3,10,0.7,9.799,0,0.0,0,0
1790659287.9190347,47.3981938,8.5461703,9.53700065612793,0.0509251169860363,0.18630342185497284,0.0003266739076934755,68.73,0.11962955379532245,0.3107754241637185,0.0,73.55422256469728,20.0,20.0,-1.7927494679280793,-19.493535730022785,-3.838391071160702,0.18460294457921758,14.0,0.0,0.0034958840624831613,"[20.0, 20.0, 20.0, 20.0, 20.0, 20.0, 20.0, 20.0, 20.0, 20.0, 20.0, 20.0, 20.0, 20.0, 20.0, 20.0, 20.0, 20.0, 20.0, 20.0, 20.0, 20.0, 20.0, 20.0, 20.0, 20.0, 20.0, 20.0, 20.0, 20.0, 20.0, 20.0, 20.0, 20.0, 20.0, 20.0, 20.0, 20.0, 20.0, 20.0, 20.0, 20.0, 20.0, 20.0, 20.0, 20.0, 20.0, 20.0, 20.0, 20.0, 20.0, 20.0, 20.0, 20.0, 20.0, 20.0, 20.0, 20.0, 20.0, 20.0, 20.0, 20.0, 20.0, 20.0, 20.0, 20.0, 20.0, 20.0, 20.0, 20.0, 20.0, 20.0]",25.010467643990943,24.94994678923684,0.0039,-0.7967,-0.0887,-0.4452,10.2094,-0.0165,-0.0157,-9.8054,15.3,,50.0,,,,0.4184,0.5549,0.695,232.99,14.94,1.22388,0.1931,74.71,24.506,1,38.55,26.205,1,3,10,0.7,9.783,0,0.0,0,0
1790659288.1198657,47.3981938,8.5461709,9.53600025177002,0.05862073972821236,0.21474888920783997,0.00016816028801258653,70.81,0.3483320792312924,1.0829771994821826,0.0,75.63576751708985,20.0,20.0,-1.7955523161439197,-17.422034083596344,-2.9052577712667107,0.2127751980758773,14.0,0.0,0.7476983130781515,"[20.0, 20.0, 20.0, 20.0, 20.0, 20.0, 20.0, 20.0, 20.0, 20.0, 20.0, 20.0, 20.0, 20.0, 20.0, 20.0, 20.0, 20.0, 20.0, 20.0, 20.0, 20.0, 20.0, 20.0, 20.0, 20.0, 20.0, 20.0, 20.0, 20.0, 20.0, 20.0, 20.0, 20.0, 20.0, 20.0, 20.0, 20.0, 20.0, 20.0, 20.0, 20.0, 20.0, 20.0, 20.0, 20.0, 20.0, 20.0, 20.0, 20.0, 20.0, 20.0, 20.0, 20.0, 20.0, 20.0, 20.0, 20.0, 20.0, 20.0, 20.0, 20.0, 20.0, 20.0, 20.0, 20.0, 20.0, 20.0, 20.0, 20.0, 20.0, 20.0]",25.010467643990943,24.94994678923684,-0.0216,-1.0911,0.2003,-1.0077,10.1589,-0.0212,-0.0131,-9.8001,15.3,,50.0,,,,0.4033,0.6125,0.7333,236.63,14.94,1.22388,0.2226,74.73,24.462,1,38.75,26.25,1,3,10,0.7,9.787,0,0.0,0,0
1790659288.3210528,47.398193899999995,8.5461716,9.540000915527344,0.08617839962244034,0.30075502395629883,-0.026361040771007538,72.87,0.37312862026773114,1.3022858480885946,0.0,77.69599639892579,20.0,20.0,-1.80307395823185,-15.373585184742893,-1.1408645706995137,0.2978166118499407,14.0,0.0,0.0,"[20.0, 20.0, 20.0, 20.0, 20.0, 20.0, 20.0, 20.0, 20.0, 20.0, 20.0, 20.0, 20.0, 20.0, 20.0, 20.0, 20.0, 20.0, 20.0, 20.0, 20.0, 20.0, 20.0, 20.0, 20.0, 20.0, 20.0, 20.0, 20.0, 20.0, 20.0, 20.0, 20.0, 20.0, 20.0, 20.0, 20.0, 20.0, 20.0, 20.0, 20.0, 20.0, 20.0, 20.0, 20.0, 20.0, 20.0, 20.0, 20.0, 20.0, 20.0, 20.0, 20.0, 20.0, 20.0, 20.0, 20.0, 20.0, 20.0, 20.0, 20.0, 20.0, 20.0, 20.0, 20.0, 20.0, 20.0, 20.0, 20.0, 20.0, 20.0, 20.0]",25.010467643990943,24.94994678923684,-0.0066,-5.3133,0.5237,-19.7838,10.1643,-0.0423,0.0002,-9.8193,15.3,,50.0,,,,0.4038,0.8641,0.9538,244.96,14.94,1.22388,0.3129,74.01,24.411,1,38.95,26.302,1,3,10,0.7,9.789,0,0.0,0,0
1790659288.5218306,47.3981941,8.5461727,9.547000885009766,0.14770323038101196,0.5227177739143372,-0.021265540271997452,75.0,0.3416570140786489,1.3785470522718413,0.0,79.81705284118652,20.0,20.0,-1.8174926160991371,-13.264153507256708,0.7785853658210027,0.517535744548179,14.0,0.0,0.0064339250131162425,"[20.0, 20.0, 20.0, 20.0, 20.0, 20.0, 20.0, 20.0, 20.0, 20.0, 20.0, 20.0, 20.0, 20.0, 20.0, 20.0, 20.0, 20.0, 20.0, 20.0, 20.0, 20.0, 20.0, 20.0, 20.0, 20.0, 20.0, 20.0, 20.0, 20.0, 20.0, 20.0, 20.0, 20.0, 20.0, 20.0, 20.0, 20.0, 20.0, 20.0, 20.0, 20.0, 20.0, 20.0, 20.0, 20.0, 20.0, 20.0, 20.0, 20.0, 20.0, 20.0, 20.0, 20.0, 20.0, 20.0, 20.0, 20.0, 20.0, 20.0, 20.0, 20.0, 20.0, 20.0, 20.0, 20.0, 20.0, 20.0, 20.0, 20.0, 20.0, 20.0]",25.010467643990943,24.94994678923684,-0.0663,-7.9299,0.7296,-4.1187,10.0772,-0.058,-0.0133,-9.8079,15.3,,50.0,,,,0.434,0.8025,0.9124,241.6,14.94,1.22388,0.5432,74.22,24.322,1,39.15,26.393,1,3,10,0.7,9.85,0,0.087,0,0
1790659288.7225068,47.3981943,8.5461747,9.553000450134277,0.2077702283859253,0.7856701016426086,-0.0070287082344293594,77.27,0.30534164634125854,1.4569243817343664,0.0,82.07327415466307,20.0,20.0,-1.8411604559584873,-11.02879207689432,2.0827624638240088,0.7780178603184281,14.0,0.0,0.10422932435712182,"[20.0, 20.0, 20.0, 20.0, 20.0, 20.0, 20.0, 20.0, 20.0, 20.0, 20.0, 20.0, 20.0, 20.0, 20.0, 20.0, 20.0, 20.0, 20.0, 20.0, 20.0, 20.0, 20.0, 20.0, 20.0, 20.0, 20.0, 20.0, 20.0, 20.0, 20.0, 20.0, 20.0, 20.0, 20.0, 20.0, 20.0, 20.0, 20.0, 20.0, 20.0, 20.0, 20.0, 20.0, 20.0, 20.0, 20.0, 20.0, 20.0, 20.0, 20.0, 20.0, 20.0, 20.0, 20.0, 20.0, 20.0, 20.0, 20.0, 20.0, 20.0, 20.0, 20.0, 20.0, 20.0, 20.0, 20.0, 20.0, 20.0, 20.0, 20.0, 20.0]",25.010467643990943,24.94994678923684,-0.0409,-7.691,1.3243,5.6492,10.1148,-0.0728,0.0069,-9.8186,15.3,,50.0,,,,0.3772,0.891,0.9675,247.06,14.94,1.22388,0.8127,75.19,24.176,1,39.35,26.542,1,3,10,0.7,9.826,0,0.3289,0,0
1790659288.922916,47.3981947,8.5461773,9.557000160217285,0.2454429268836975,1.0218526124954224,-0.00013277649122755975,79.61,0.26198152081272086,1.5349762888112015,0.0,84.43117271423341,20.0,20.0,-1.8713062472593942,-8.736972178608966,3.1162460290064677,1.012223767882977,14.0,0.0,0.11815847608792576,"[20.0, 20.0, 20.0, 20.0, 20.0, 20.0, 20.0, 20.0, 20.0, 20.0, 20.0, 20.0, 20.0, 20.0, 20.0, 20.0, 20.0, 20.0, 20.0, 20.0, 20.0, 20.0, 20.0, 20.0, 20.0, 20.0, 20.0, 20.0, 20.0, 20.0, 20.0, 20.0, 20.0, 20.0, 20.0, 20.0, 20.0, 20.0, 20.0, 20.0, 20.0, 20.0, 20.0, 20.0, 20.0, 20.0, 20.0, 20.0, 20.0, 20.0, 20.0, 20.0, 20.0, 20.0, 20.0, 20.0, 20.0, 20.0, 20.0, 20.0, 20.0, 20.0, 20.0, 20.0, 20.0, 20.0, 20.0, 20.0, 20.0, 20.0, 20.0, 20.0]",25.010467643990943,24.94994678923684,0.0936,-6.5065,1.412,7.0015,9.9309,-0.1044,0.0028,-9.831,15.3,,50.0,,,,0.3666,0.801,0.8809,245.41,14.94,1.22388,1.0509,76.49,23.976,1,39.55,26.746,1,3,10,0.7,9.833,0,0.6105,0,0
1790659289.1228178,47.398195099999995,8.5461806,9.5600004196167,0.26021039485931396,1.2148027420043945,0.0020184030290693045,81.89,0.2141334632583503,1.6077581438914434,0.0,86.69327987670897,20.0,20.0,-1.9049852245725938,-6.5164427830999045,3.9800456403453808,1.2038305293724914,14.0,0.0,0.12613717732925825,"[20.0, 20.0, 20.0, 20.0, 20.0, 20.0, 20.0, 20.0, 20.0, 20.0, 20.0, 20.0, 20.0, 20.0, 20.0, 20.0, 20.0, 20.0, 20.0, 20.0, 20.0, 20.0, 20.0, 20.0, 20.0, 20.0, 20.0, 20.0, 20.0, 20.0, 20.0, 20.0, 20.0, 20.0, 20.0, 20.0, 20.0, 20.0, 20.0, 20.0, 20.0, 20.0, 20.0, 20.0, 20.0, 20.0, 20.0, 20.0, 20.0, 20.0, 20.0, 20.0, 20.0, 20.0, 20.0, 20.0, 20.0, 20.0, 20.0, 20.0, 20.0, 20.0, 20.0, 20.0, 20.0, 20.0, 20.0, 20.0, 20.0, 20.0, 20.0, 20.0]",25.010467643990943,24.94994678923684,0.2709,-5.3761,1.4855,5.7369,9.8031,-0.1262,0.0094,-9.8296,15.3,,50.0,,,,0.252,0.7311,0.7733,250.98,14.94,1.22388,1.2424,77.91,23.734,1,39.75,26.991,1,3,10,0.7,9.849,0,0.8557,0,0
1790659289.3238513,47.3981955,8.5461841,9.56100082397461,0.25878065824508667,1.3657011985778809,0.002641331637278199,84.04,0.16416275564032512,1.672908147432598,0.0,88.47491869136377,20.0,20.0,-1.9407990816363827,-4.434918691363777,4.769516222562923,1.3539058726816202,14.0,0.0,0.1276174808086146,"[20.0, 20.0, 20.0, 20.0, 20.0, 20.0, 20.0, 20.0, 20.0, 20.0, 20.0, 20.0, 20.0, 20.0, 20.0, 20.0, 20.0, 20.0, 20.0, 20.0, 20.0, 20.0, 20.0, 20.0, 20.0, 20.0, 20.0, 20.0, 20.0, 20.0, 20.0, 20.0, 20.0, 20.0, 20.0, 20.0, 20.0, 20.0, 20.0, 20.0, 20.0, 20.0, 20.0, 20.0, 20.0, 20.0, 20.0, 20.0, 20.0, 20.0, 20.0, 20.0, 20.0, 20.0, 20.0, 20.0, 20.0, 20.0, 20.0, 20.0, 20.0, 20.0, 20.0, 20.0, 20.0, 20.0, 20.0, 20.0, 20.0, 20.0, 20.0, 20.0]",25.010467643990943,24.94994678923684,0.4839,-4.5458,1.5484,4.0717,9.7612,-0.1399,0.0039,-9.8171,15.3,,50.0,,,,0.2413,0.7398,0.7781,251.94,14.94,1.22388,1.39,79.27,23.465,1,39.95,27.264,1,3,10,0.7,9.788,0,1.0009,0,0
1790659289.5248387,47.3981959,8.546187999999999,9.56100082397461,0.2423664629459381,1.4853299856185913,0.0023463356774300337,86.10000000000001,0.11210884436394165,1.7318021375178976,0.0,88.54982720701491,20.0,20.0,-1.9740929249175247,-2.4498272070148914,5.367477062675704,1.4733550468358076,14.0,0.0,0.13055147522108118,"[20.0, 20.0, 20.0, 20.0, 20.0, 20.0, 20.0, 20.0, 20.0, 20.0, 20.0, 20.0, 20.0, 20.0, 20.0, 20.0, 20.0, 20.0, 20.0, 20.0, 20.0, 20.0, 20.0, 20.0, 20.0, 20.0, 20.0, 20.0, 20.0, 20.0, 20.0, 20.0, 20.0, 20.0, 20.0, 20.0, 20.0, 20.0, 20.0, 20.0, 20.0, 20.0, 20.0, 20.0, 20.0, 20.0, 20.0, 20.0, 20.0, 20.0, 20.0, 20.0, 20.0, 20.0, 20.0, 20.0, 20.0, 20.0, 20.0, 20.0, 20.0, 20.0, 20.0, 20.0, 20.0, 20.0, 20.0, 20.0, 20.0, 20.0, 20.0, 20.0]",25.010467643990943,24.94994678923684,0.6971,-3.9769,1.2602,2.8095,9.6331,-0.1579,0.0068,-9.8198,15.3,,50.0,,,,0.2213,0.8245,0.8536,254.98,14.94,1.22388,1.505,80.73,23.176,1,40.15,27.557,1,3,10,0.7,9.82,0,1.0782,0,0
1790659289.726024,47.398196299999995,8.546192,9.562000274658203,0.21635587513446808,1.5831986665725708,0.0008765459642745554,87.95,0.06206718510262127,1.7813051788868002,0.0,88.63012952116537,20.0,20.0,-2.003792393989116,-0.6801295211653553,5.731691708610235,1.5715644435022194,14.0,0.0,0.12345353613611178,"[20.0, 20.0, 20.0, 20.0, 20.0, 20.0, 20.0, 20.0, 20.0, 20.0, 20.0, 20.0, 20.0, 20.0, 20.0, 20.0, 20.0, 20.0, 20.0, 20.0, 20.0, 20.0, 20.0, 20.0, 20.0, 20.0, 20.0, 20.0, 20.0, 20.0, 20.0, 20.0, 20.0, 20.0, 20.0, 20.0, 20.0, 20.0, 20.0, 20.0, 20.0, 20.0, 20.0, 20.0, 20.0, 20.0, 20.0, 20.0, 20.0, 20.0, 20.0, 20.0, 20.0, 20.0, 20.0, 20.0, 20.0, 20.0, 20.0, 20.0, 20.0, 20.0, 20.0, 20.0, 20.0, 20.0, 20.0, 20.0, 20.0, 20.0, 20.0, 20.0]",25.010467643990943,24.94994678923684,0.8488,-3.6287,0.7394,2.0321,7.6564,-0.1629,0.0186,-9.8099,15.3,,50.0,,,,0.2026,0.6582,0.6887,252.89,14.94,1.22388,1.5979,82.22,22.869,1,40.35,27.866,1,3,10,0.7,9.827,0,1.2536,0,0
1790659289.927028,47.3981966,8.5461963,9.563000679016113,0.18384987115859985,1.6632113456726074,0.0014267239021137357,89.19,0.026460064016343248,1.7875045259331328,0.0,88.71406376971686,20.0,20.0,-2.028067763491355,0.47593623028316756,5.497815095056853,1.652382220759627,14.0,0.0,0.08369489721106184,"[20.0, 20.0, 20.0, 20.0, 20.0, 20.0, 20.0, 20.0, 20.0, 20.0, 20.0, 20.0, 20.0, 20.0, 20.0, 20.0, 20.0, 20.0, 20.0, 20.0, 20.0, 20.0, 20.0, 20.0, 20.0, 20.0, 20.0, 20.0, 20.0, 20.0, 20.0, 20.0, 20.0, 20.0, 20.0, 20.0, 20.0, 20.0, 20.0, 20.0, 20.0, 20.0, 20.0, 20.0, 20.0, 20.0, 20.0, 20.0, 20.0, 20.0, 20.0, 20.0, 20.0, 20.0, 20.0, 20.0, 20.0, 20.0, 20.0, 20.0, 20.0, 20.0, 20.0, 20.0, 20.0, 20.0, 20.0, 20.0, 20.0, 20.0, 20.0, 20.0]",25.010467643990943,24.94994678923684,0.9416,-3.3664,0.5896,1.5445,4.064,-0.1791,0.0065,-9.8106,15.3,,50.0,,,,0.2146,0.7379,0.7685,253.78,14.94,1.22388,1.6733,83.69,22.551,1,40.55,28.187,1,3,10,0.7,9.856,0,1.2891,0,0
1790659290.1277814,47.398196899999995,8.5462007,9.565000534057617,0.1464596390724182,1.7289539575576782,0.0018404779257252812,89.69,0.011822477439101454,1.7768583314833495,0.0,88.79986244502675,20.0,20.0,-2.0443174668093196,0.8901375549732222,4.531964260282875,1.7193768530121278,14.0,0.0,0.02965645813211701,"[20.0, 20.0, 20.0, 20.0, 20.0, 20.0, 20.0, 20.0, 20.0, 20.0, 20.0, 20.0, 20.0, 20.0, 20.0, 20.0, 20.0, 20.0, 20.0, 20.0, 20.0, 20.0, 20.0, 20.0, 20.0, 20.0, 20.0, 20.0, 20.0, 20.0, 20.0, 20.0, 20.0, 20.0, 20.0, 20.0, 20.0, 20.0, 20.0, 20.0, 20.0, 20.0, 20.0, 20.0, 20.0, 20.0, 20.0, 20.0, 20.0, 20.0, 20.0, 20.0, 20.0, 20.0, 20.0, 20.0, 20.0, 20.0, 20.0, 20.0, 20.0, 20.0, 20.0, 20.0, 20.0, 20.0, 20.0, 20.0, 20.0, 20.0, 20.0, 20.0]",25.010467643990943,24.94994678923684,1.0364,-2.9754,0.3324,2.1399,0.5749,-0.1961,0.0035,-9.8077,15.3,,50.0,,,,0.1056,0.7425,0.75,261.9,14.94,1.22388,1.7351,85.16,22.222,1,40.75,28.518,1,3,10,0.7,9.872,0,1.3601,0,0
1790659290.328714,47.3981971,8.5462052,9.568000793457031,0.10667798668146133,1.776313304901123,0.0023347330279648304,89.61,0.013924631862220146,1.7811927899090894,0.0,88.88621713716924,20.0,20.0,-2.0521939031714957,0.7237828628307739,3.046818241167592,1.7683285234647996,14.0,0.0,0.011864148171482191,"[20.0, 20.0, 20.0, 20.0, 20.0, 20.0, 20.0, 20.0, 20.0, 20.0, 20.0, 20.0, 20.0, 20.0, 20.0, 20.0, 20.0, 20.0, 20.0, 20.0, 20.0, 20.0, 20.0, 20.0, 20.0, 20.0, 20.0, 20.0, 20.0, 20.0, 20.0, 20.0, 20.0, 20.0, 20.0, 20.0, 20.0, 20.0, 20.0, 20.0, 20.0, 20.0, 20.0, 20.0, 20.0, 20.0, 20.0, 20.0, 20.0, 20.0, 20.0, 20.0, 20.0, 20.0, 20.0, 20.0, 20.0, 20.0, 20.0, 20.0, 20.0, 20.0, 20.0, 20.0, 20.0, 20.0, 20.0, 20.0, 20.0, 20.0, 20.0, 20.0]",25.010467643990943,24.94994678923684,1.0284,-2.4783,-0.4697,2.2783,-1.6682,-0.1959,0.0055,-9.7948,15.3,,50.0,,,,0.073,0.7292,0.7329,264.28,14.94,1.22388,1.7795,86.56,21.883,1,40.96,28.858,1,3,10,0.7,9.844,0,1.4131,0,0
1790659290.5295148,47.3981972,8.5462098,9.569000244140625,0.07195188850164413,1.8069058656692505,0.0033950968645513058,89.23,0.02474313837524465,1.7932127278642058,0.0,88.97338379818495,20.0,20.0,-2.0535910158923874,0.2566162018150919,1.5103415992906895,1.800428104160633,14.0,0.0,0.033783502149025646,"[20.0, 20.0, 20.0, 20.0, 20.0, 20.0, 20.0, 20.0, 20.0, 20.0, 20.0, 20.0, 20.0, 20.0, 20.0, 20.0, 20.0, 20.0, 20.0, 20.0, 20.0, 20.0, 20.0, 20.0, 20.0, 20.0, 20.0, 20.0, 20.0, 20.0, 20.0, 20.0, 20.0, 20.0, 20.0, 20.0, 20.0, 20.0, 20.0, 20.0, 20.0, 20.0, 20.0, 20.0, 20.0, 20.0, 20.0, 20.0, 20.0, 20.0, 20.0, 20.0, 20.0, 20.0, 20.0, 20.0, 20.0, 20.0, 20.0, 20.0, 20.0, 20.0, 20.0, 20.0, 20.0, 20.0, 20.0, 20.0, 20.0, 20.0, 20.0, 20.0]",25.010467643990943,24.94994678923684,0.8656,-2.1157,-1.0364,1.391,-2.3309,-0.2006,0.0018,-9.8148,15.3,,50.0,,,,0.2029,0.6726,0.7025,253.21,14.94,1.22388,1.8083,87.72,21.537,1,41.16,29.204,1,3,10,0.7,9.821,0,1.4571,0,0
1790659290.7298627,47.3981973,8.5462144,9.565999984741211,0.047924257814884186,1.8289084434509277,0.0041715181432664394,88.82000000000001,0.036331050556313645,1.7933705390357215,0.0,89.0628797220291,20.0,20.0,-2.051691444822038,-0.24287972202910169,0.321020736733122,1.8234695136926966,14.0,0.0,0.036383018572272184,"[20.0, 20.0, 20.0, 20.0, 20.0, 20.0, 20.0, 20.0, 20.0, 20.0, 20.0, 20.0, 20.0, 20.0, 20.0, 20.0, 20.0, 20.0, 20.0, 20.0, 20.0, 20.0, 20.0, 20.0, 20.0, 20.0, 20.0, 20.0, 20.0, 20.0, 20.0, 20.0, 20.0, 20.0, 20.0, 20.0, 20.0, 20.0, 20.0, 20.0, 20.0, 20.0, 20.0, 20.0, 20.0, 20.0, 20.0, 20.0, 20.0, 20.0, 20.0, 20.0, 20.0, 20.0, 20.0, 20.0, 20.0, 20.0, 20.0, 20.0, 20.0, 20.0, 20.0, 20.0, 20.0, 20.0, 20.0, 20.0, 20.0, 20.0, 20.0, 20.0]",25.010467643990943,24.94994678923684,0.6169,-1.931,-1.3028,0.7076,-1.7434,-0.2075,-0.0042,-9.8092,15.3,,50.0,,,,0.1034,0.6375,0.6459,260.79,14.94,1.22388,1.8295,88.5,21.185,1,41.36,29.557,1,3,10,0.7,9.799,0,1.5066,0,0
1790659290.931218,47.3981974,8.5462192,9.56100082397461,0.03393035754561424,1.8453184366226196,0.004916646983474493,88.58,0.04280595501409584,1.784622842786226,0.0,89.15457050416182,20.0,20.0,-2.0470466405547922,-0.5745705041618123,-0.3666060708887871,1.840430179417839,14.0,0.0,0.023941717176724817,"[20.0, 20.0, 20.0, 20.0, 20.0, 20.0, 20.0, 20.0, 20.0, 20.0, 20.0, 20.0, 20.0, 20.0, 20.0, 20.0, 20.0, 20.0, 20.0, 20.0, 20.0, 20.0, 20.0, 20.0, 20.0, 20.0, 20.0, 20.0, 20.0, 20.0, 20.0, 20.0, 20.0, 20.0, 20.0, 20.0, 20.0, 20.0, 20.0, 20.0, 20.0, 20.0, 20.0, 20.0, 20.0, 20.0, 20.0, 20.0, 20.0, 20.0, 20.0, 20.0, 20.0, 20.0, 20.0, 20.0, 20.0, 20.0, 20.0, 20.0, 20.0, 20.0, 20.0, 20.0, 20.0, 20.0, 20.0, 20.0, 20.0, 20.0, 20.0, 20.0]",25.010467643990943,24.94994678923684,0.3727,-1.7743,-1.0888,0.6921,-0.6032,-0.2101,-0.0017,-9.8082,15.3,,50.0,,,,0.0378,0.5817,0.5829,266.28,14.94,1.22388,1.8456,88.95,20.827,1,41.56,29.914,1,3,10,0.7,9.786,0,1.5542,0,0
1790659291.131184,47.398197499999995,8.5462239,9.554000854492188,0.026882298290729523,1.85273277759552,0.004954054486006498,88.56,0.043078605770217014,1.7816920242132974,0.0,89.24677948993997,20.0,20.0,-2.039658399605303,-0.6867794899399371,-0.6087229909436257,1.8480521623611876,14.0,0.0,0.008071933956816319,"[20.0, 20.0, 20.0, 20.0, 20.0, 20.0, 20.0, 20.0, 20.0, 20.0, 20.0, 20.0, 20.0, 20.0, 20.0, 20.0, 20.0, 20.0, 20.0, 20.0, 20.0, 20.0, 20.0, 20.0, 20.0, 20.0, 20.0, 20.0, 20.0, 20.0, 20.0, 20.0, 20.0, 20.0, 20.0, 20.0, 20.0, 20.0, 20.0, 20.0, 20.0, 20.0, 20.0, 20.0, 20.0, 20.0, 20.0, 20.0, 20.0, 20.0, 20.0, 20.0, 20.0, 20.0, 20.0, 20.0, 20.0, 20.0, 20.0, 20.0, 20.0, 20.0, 20.0, 20.0, 20.0, 20.0, 20.0, 20.0, 20.0, 20.0, 20.0, 20.0]",25.010467643990943,24.94994678923684,0.1738,-1.6028,-0.8238,0.6778,0.4327,-0.2093,-0.0126,-9.8272,15.3,,50.0,,,,0.171,0.4047,0.4393,247.09,14.94,1.22388,1.8529,89.17,20.47,1,41.76,30.271,1,3,10,0.7,9.814,0,1.6333,0,0
1790659291.331843,47.398197599999996,8.5462287,9.54800033569336,0.02584460936486721,1.8552221059799194,0.004164367914199829,88.73,0.0380180218374218,1.7837428244251678,0.0,89.34252967678299,20.0,20.0,-2.032775703834315,-0.612529676782998,-0.4718792486867241,1.8504046703184522,14.0,0.0,0.005331465519515307,"[20.0, 20.0, 20.0, 20.0, 20.0, 20.0, 20.0, 20.0, 20.0, 20.0, 20.0, 20.0, 20.0, 20.0, 20.0, 20.0, 20.0, 20.0, 20.0, 20.0, 20.0, 20.0, 20.0, 20.0, 20.0, 20.0, 20.0, 20.0, 20.0, 20.0, 20.0, 20.0, 20.0, 20.0, 20.0, 20.0, 20.0, 20.0, 20.0, 20.0, 20.0, 20.0, 20.0, 20.0, 20.0, 20.0, 20.0, 20.0, 20.0, 20.0, 20.0, 20.0, 20.0, 20.0, 20.0, 20.0, 20.0, 20.0, 20.0, 20.0, 20.0, 20.0, 20.0, 20.0, 20.0, 20.0, 20.0, 20.0, 20.0, 20.0, 20.0, 20.0]",25.010467643990943,24.94994678923684,0.0618,-1.4885,-0.2685,0.3589,1.0479,-0.2101,-0.0021,-9.8133,15.3,,50.0,,,,0.1653,0.2744,0.3204,238.93,14.94,1.22388,1.8554,89.2,20.112,1,41.96,30.63,1,3,10,0.7,9.803,0,1.6952,0,0
1790659291.5321112,47.3981977,8.5462335,9.547000885009766,0.02727094665169716,1.8545100688934326,0.0025955361779779196,88.97,0.030956758248029872,1.787511852298397,0.0,89.44287365033239,20.0,20.0,-2.027520293020632,-0.4728736503323887,-0.18751466654300517,1.849391293421232,14.0,0.0,0.010066325790408266,"[20.0, 20.0, 20.0, 20.0, 20.0, 20.0, 20.0, 20.0, 20.0, 20.0, 20.0, 20.0, 20.0, 20.0, 20.0, 20.0, 20.0, 20.0, 20.0, 20.0, 20.0, 20.0, 20.0, 20.0, 20.0, 20.0, 20.0, 20.0, 20.0, 20.0, 20.0, 20.0, 20.0, 20.0, 20.0, 20.0, 20.0, 20.0, 20.0, 20.0, 20.0, 20.0, 20.0, 20.0, 20.0, 20.0, 20.0, 20.0, 20.0, 20.0, 20.0, 20.0, 20.0, 20.0, 20.0, 20.0, 20.0, 20.0, 20.0, 20.0, 20.0, 20.0, 20.0, 20.0, 20.0, 20.0, 20.0, 20.0, 20.0, 20.0, 20.0, 20.0]",25.010467643990943,24.94994678923684,0.0415,-1.4427,0.1608,0.0778,1.3392,-0.2105,-0.0071,-9.8098,15.3,,50.0,,,,0.1731,0.2521,0.3059,235.53,14.94,1.22388,1.8547,89.16,19.754,1,42.16,30.989,1,3,10,0.7,9.853,0,1.7018,0,0
1790659291.7327268,47.3981978,8.5462382,9.54800033569336,0.030848044902086258,1.8543237447738647,0.0017468096921220422,89.2,0.02412640937839035,1.7907658087459037,0.0,89.5514852101872,20.0,20.0,-2.0270646730835775,-0.3514852101872066,0.15306969132354584,1.8487132602362129,14.0,0.0,0.00877967299283761,"[20.0, 20.0, 20.0, 20.0, 20.0, 20.0, 20.0, 20.0, 20.0, 20.0, 20.0, 20.0, 20.0, 20.0, 20.0, 20.0, 20.0, 20.0, 20.0, 20.0, 20.0, 20.0, 20.0, 20.0, 20.0, 20.0, 20.0, 20.0, 20.0, 20.0, 20.0, 20.0, 20.0, 20.0, 20.0, 20.0, 20.0, 20.0, 20.0, 20.0, 20.0, 20.0, 20.0, 20.0, 20.0, 20.0, 20.0, 20.0, 20.0, 20.0, 20.0, 20.0, 20.0, 20.0, 20.0, 20.0, 20.0, 20.0, 20.0, 20.0, 20.0, 20.0, 20.0, 20.0, 20.0, 20.0, 20.0, 20.0, 20.0, 20.0, 20.0, 20.0]",25.010467643990943,24.94994678923684,0.0885,-1.4403,0.4625,0.0321,1.0581,-0.2082,-0.0033,-9.7961,15.3,,50.0,,,,0.374,0.2793,0.4667,216.75,14.94,1.22388,1.8546,89.05,19.394,1,42.36,31.349,1,3,10,0.7,9.859,0,1.6212,0,0
1790659291.9336123,47.398198,8.5462434,9.552000045776367,0.03476092964410782,1.855346441268921,0.001286202808842063,89.41,0.017820207187626353,1.793255724733593,0.0,89.66813087625655,20.0,20.0,-2.0302910347404945,-0.25813087625653,0.4833421683421324,1.8491583713543454,14.0,0.0,0.006758289485125751,"[20.0, 20.0, 20.0, 20.0, 20.0, 20.0, 20.0, 20.0, 20.0, 20.0, 20.0, 20.0, 20.0, 20.0, 20.0, 20.0, 20.0, 20.0, 20.0, 20.0, 20.0, 20.0, 20.0, 20.0, 20.0, 20.0, 20.0, 20.0, 20.0, 20.0, 20.0, 20.0, 20.0, 20.0, 20.0, 20.0, 20.0, 20.0, 20.0, 20.0, 20.0, 20.0, 20.0, 20.0, 20.0, 20.0, 20.0, 20.0, 20.0, 20.0, 20.0, 20.0, 20.0, 20.0, 20.0, 20.0, 20.0, 20.0, 20.0, 20.0, 20.0, 20.0, 20.0, 20.0, 20.0, 20.0, 20.0, 20.0, 20.0, 20.0, 20.0, 20.0]",25.010467643990943,24.94994678923684,0.1821,-1.4406,0.5591,0.0584,0.8697,-0.2157,-0.005,-9.7908,15.3,,50.0,,,,0.4476,0.3599,0.5744,218.8,14.94,1.22388,1.8557,88.93,19.033,1,42.56,31.711,1,3,10,0.7,9.798,0,1.5685,0,0
1790659292.1337535,47.398198099999995,8.546248199999999,9.553000450134277,0.03374314680695534,1.8556424379348755,0.0017699506133794785,89.54,0.013777560148493222,1.7935416193987146,0.0,89.78844977645156,20.0,20.0,-2.032610662698176,-0.24844977645156519,0.5817561105022918,1.849178908329168,14.0,0.0,0.0007051120526433037,"[20.0, 20.0, 20.0, 20.0, 20.0, 20.0, 20.0, 20.0, 20.0, 20.0, 20.0, 20.0, 20.0, 20.0, 20.0, 20.0, 20.0, 20.0, 20.0, 20.0, 20.0, 20.0, 20.0, 20.0, 20.0, 20.0, 20.0, 20.0, 20.0, 20.0, 20.0, 20.0, 20.0, 20.0, 20.0, 20.0, 20.0, 20.0, 20.0, 20.0, 20.0, 20.0, 20.0, 20.0, 20.0, 20.0, 20.0, 20.0, 20.0, 20.0, 20.0, 20.0, 20.0, 20.0, 20.0, 20.0, 20.0, 20.0, 20.0, 20.0, 20.0, 20.0, 20.0, 20.0, 20.0, 20.0, 20.0, 20.0, 20.0, 20.0, 20.0, 20.0]",25.010467643990943,24.94994678923684,0.2705,-1.4334,0.3773,0.0351,0.5609,-0.2162,-0.0032,-9.8022,15.3,,50.0,,,,0.4312,0.3602,0.5619,219.88,14.94,1.22388,1.8559,88.96,18.672,1,42.76,32.072,1,3,10,0.7,9.791,0,1.575,0,0
1790659292.33374,47.398198199999996,8.546253,9.553000450134277,0.02594536915421486,1.8555539846420288,0.001734524150379002,89.63,0.010887544544843142,1.7928550550558515,0.0,89.90577092233838,20.0,20.0,-2.0279296005965355,-0.2757709223383813,0.43108867443139026,1.849327690442835,14.0,0.0,0.001989953401590719,"[20.0, 20.0, 20.0, 20.0, 20.0, 20.0, 20.0, 20.0, 20.0, 20.0, 20.0, 20.0, 20.0, 20.0, 20.0, 20.0, 20.0, 20.0, 20.0, 20.0, 20.0, 20.0, 20.0, 20.0, 20.0, 20.0, 20.0, 20.0, 20.0, 20.0, 20.0, 20.0, 20.0, 20.0, 20.0, 20.0, 20.0, 20.0, 20.0, 20.0, 20.0, 20.0, 20.0, 20.0, 20.0, 20.0, 20.0, 20.0, 20.0, 20.0, 20.0, 20.0, 20.0, 20.0, 20.0, 20.0, 20.0, 20.0, 20.0, 20.0, 20.0, 20.0, 20.0, 20.0, 20.0, 20.0, 20.0, 20.0, 20.0, 20.0, 20.0, 20.0]",25.010467643990943,24.94994678923684,0.3008,-1.4159,-0.0652,0.0816,0.4649,-0.2127,-0.0074,-9.8087,15.3,,50.0,,,,0.4324,0.3471,0.5545,218.76,14.94,1.22388,1.8557,89.2,18.312,1,42.96,32.433,1,3,10,0.7,9.822,0,1.5785,0,0
1790659292.5347319,47.398198199999996,8.5462578,9.554000854492188,0.014556813053786755,1.8541542291641235,0.001333304913714528,89.69,0.008870956480865836,1.7914981793489022,0.0,90.01863353144881,20.0,20.0,-2.0159259844734168,-0.3286335314488156,0.13981523256945988,1.8484946919973235,14.0,0.0,0.003825787972049751,"[20.0, 20.0, 20.0, 20.0, 20.0, 20.0, 20.0, 20.0, 20.0, 20.0, 20.0, 20.0, 20.0, 20.0, 20.0, 20.0, 20.0, 20.0, 20.0, 20.0, 20.0, 20.0, 20.0, 20.0, 20.0, 20.0, 20.0, 20.0, 20.0, 20.0, 20.0, 20.0, 20.0, 20.0, 20.0, 20.0, 20.0, 20.0, 20.0, 20.0, 20.0, 20.0, 20.0, 20.0, 20.0, 20.0, 20.0, 20.0, 20.0, 20.0, 20.0, 20.0, 20.0, 20.0, 20.0, 20.0, 20.0, 20.0, 20.0, 20.0, 20.0, 20.0, 20.0, 20.0, 20.0, 20.0, 20.0, 20.0, 20.0, 20.0, 20.0, 20.0]",25.010467643990943,24.94994678923684,0.2562,-1.3958,-0.3708,0.0382,0.4451,-0.2165,-0.0055,-9.8112,15.3,,50.0,,,,0.3715,0.3773,0.5295,225.44,14.94,1.22388,1.8542,89.55,17.952,1,43.16,32.793,1,3,10,0.7,9.815,0,1.5895,0,0
1790659292.7355437,47.398198199999996,8.5462626,9.556000709533691,0.005578408017754555,1.8526979684829712,0.0009346930310130119,89.77,0.0062832470419172115,1.7906468993165807,0.0,90.13192256875635,20.0,20.0,-2.0011247285381257,-0.36192256875636986,-0.05748495686715252,1.8474750202438481,14.0,0.0,0.0024096026927556686,"[20.0, 20.0, 20.0, 20.0, 20.0, 20.0, 20.0, 20.0, 20.0, 20.0, 20.0, 20.0, 20.0, 20.0, 20.0, 20.0, 20.0, 20.0, 20.0, 20.0, 20.0, 20.0, 20.0, 20.0, 20.0, 20.0, 20.0, 20.0, 20.0, 20.0, 20.0, 20.0, 20.0, 20.0, 20.0, 20.0, 20.0, 20.0, 20.0, 20.0, 20.0, 20.0, 20.0, 20.0, 20.0, 20.0, 20.0, 20.0, 20.0, 20.0, 20.0, 20.0, 20.0, 20.0, 20.0, 20.0, 20.0, 20.0, 20.0, 20.0, 20.0, 20.0, 20.0, 20.0, 20.0, 20.0, 20.0, 20.0, 20.0, 20.0, 20.0, 20.0]",25.010467643990943,24.94994678923684,0.1805,-1.3777,-0.4017,0.0827,0.5398,-0.2176,-0.0027,-9.8012,15.3,,50.0,,,,0.3369,0.4373,0.552,232.38,14.94,1.22388,1.8527,89.83,17.591,1,43.36,33.155,1,3,10,0.7,9.813,0,1.5767,0,0
1790659292.9365451,47.398198199999996,8.5462674,9.557000160217285,8.942106796894222e-05,1.852235198020935,0.0006834908272139728,89.88,0.0028280960213418853,1.790478819026288,0.0,90.24874844448163,20.0,20.0,-1.9856039535962786,-0.3687484444816107,-0.1172339097131626,1.8472070370972007,14.0,0.0,0.0004932724358887497,"[20.0, 20.0, 20.0, 20.0, 20.0, 20.0, 20.0, 20.0, 20.0, 20.0, 20.0, 20.0, 20.0, 20.0, 20.0, 20.0, 20.0, 20.0, 20.0, 20.0, 20.0, 20.0, 20.0, 20.0, 20.0, 20.0, 20.0, 20.0, 20.0, 20.0, 20.0, 20.0, 20.0, 20.0, 20.0, 20.0, 20.0, 20.0, 20.0, 20.0, 20.0, 20.0, 20.0, 20.0, 20.0, 20.0, 20.0, 20.0, 20.0, 20.0, 20.0, 20.0, 20.0, 20.0, 20.0, 20.0, 20.0, 20.0, 20.0, 20.0, 20.0, 20.0, 20.0, 20.0, 20.0, 20.0, 20.0, 20.0, 20.0, 20.0, 20.0, 20.0]",25.010467643990943,24.94994678923684,0.1274,-1.3556,-0.1831,0.0792,0.5963,-0.2122,0.0007,-9.7988,15.3,,50.0,,,,0.3821,0.5298,0.6533,234.2,14.94,1.22388,1.8522,90.0,17.227,1,43.56,33.518,1,3,10,0.7,9.803,0,1.5256,0,0
1790659293.1376736,47.398198199999996,8.5462723,9.558000564575195,-0.004594787955284119,1.8528410196304321,0.0014115878148004413,90.0,-0.0009188318807659136,1.7905125533815844,0.0,90.36752372041315,20.0,20.0,-1.9679589638485606,-0.36752372041311787,-0.1420852707526224,1.84796195792213,14.0,0.0,8.846139453009816e-05,"[20.0, 20.0, 20.0, 20.0, 20.0, 20.0, 20.0, 20.0, 20.0, 20.0, 20.0, 20.0, 20.0, 20.0, 20.0, 20.0, 20.0, 20.0, 20.0, 20.0, 20.0, 20.0, 20.0, 20.0, 20.0, 20.0, 20.0, 20.0, 20.0, 20.0, 20.0, 20.0, 20.0, 20.0, 20.0, 20.0, 20.0, 20.0, 20.0, 20.0, 20.0, 20.0, 20.0, 20.0, 20.0, 20.0, 20.0, 20.0, 20.0, 20.0, 20.0, 20.0, 20.0, 20.0, 20.0, 20.0, 20.0, 20.0, 20.0, 20.0, 20.0, 20.0, 20.0, 20.0, 20.0, 20.0, 20.0, 20.0, 20.0, 20.0, 20.0, 20.0]",25.010467643990943,24.94994678923684,0.101,-1.3226,-0.1528,0.2379,0.7293,-0.2188,-0.0084,-9.8036,15.3,,50.0,,,,0.4878,0.5749,0.754,229.68,14.94,1.22388,1.8528,90.14,16.86,1,43.76,33.885,1,3,10,0.7,9.804,0,1.4759,0,0
1790659293.3380835,47.398198199999996,8.5462772,9.557000160217285,-0.009037056006491184,1.8551863431930542,0.0016141427913680673,90.13,-0.004959799488568314,1.7907360796877718,0.0,90.48864088767539,20.0,20.0,-1.9481997244922709,-0.35864088767542057,-0.14909922625868582,1.8504467090841359,14.0,0.0,0.0006444509887644619,"[20.0, 20.0, 20.0, 20.0, 20.0, 20.0, 20.0, 20.0, 20.0, 20.0, 20.0, 20.0, 20.0, 20.0, 20.0, 20.0, 20.0, 20.0, 20.0, 20.0, 20.0, 20.0, 20.0, 20.0, 20.0, 20.0, 20.0, 20.0, 20.0, 20.0, 20.0, 20.0, 20.0, 20.0, 20.0, 20.0, 20.0, 20.0, 20.0, 20.0, 20.0, 20.0, 20.0, 20.0, 20.0, 20.0, 20.0, 20.0, 20.0, 20.0, 20.0, 20.0, 20.0, 20.0, 20.0, 20.0, 20.0, 20.0, 20.0, 20.0, 20.0, 20.0, 20.0, 20.0, 20.0, 20.0, 20.0, 20.0, 20.0, 20.0, 20.0, 20.0]",25.010467643990943,24.94994678923684,0.0839,-1.2826,-0.0989,0.3122,0.685,-0.2135,-0.0002,-9.8071,15.3,,50.0,,,,0.2891,0.5431,0.6152,241.97,14.94,1.22388,1.8552,90.28,16.489,1,43.97,34.256,1,3,10,0.7,9.868,0,1.5476,0,0
1790659293.53853,47.398198099999995,8.5462822,9.558000564575195,-0.010891735553741455,1.8568068742752075,0.0009392984793521464,90.27,-0.009306331181621719,1.7910367805494776,0.0,90.61636481152652,20.0,20.0,-1.9296849437388897,-0.346364811526513,-0.06608412922822696,1.8519944477496466,14.0,0.0,0.0008887339251721674,"[20.0, 20.0, 20.0, 20.0, 20.0, 20.0, 20.0, 20.0, 20.0, 20.0, 20.0, 20.0, 20.0, 20.0, 20.0, 20.0, 20.0, 20.0, 20.0, 20.0, 20.0, 20.0, 20.0, 20.0, 20.0, 20.0, 20.0, 20.0, 20.0, 20.0, 20.0, 20.0, 20.0, 20.0, 20.0, 20.0, 20.0, 20.0, 20.0, 20.0, 20.0, 20.0, 20.0, 20.0, 20.0, 20.0, 20.0, 20.0, 20.0, 20.0, 20.0, 20.0, 20.0, 20.0, 20.0, 20.0, 20.0, 20.0, 20.0, 20.0, 20.0, 20.0, 20.0, 20.0, 20.0, 20.0, 20.0, 20.0, 20.0, 20.0, 20.0, 20.0]",25.010467643990943,24.94994678923684,0.0815,-1.2323,0.067,0.2643,0.7326,-0.2203,0.0006,-9.8019,15.3,,50.0,,,,0.2626,0.4109,0.4877,237.42,14.94,1.22388,1.8568,90.34,16.116,1,44.17,34.629,1,3,10,0.7,9.813,0,1.613,0,0
1790659293.740007,47.398198099999995,8.546287099999999,9.559000015258789,-0.01124381273984909,1.8549072742462158,0.0009795755613595247,90.42,-0.013959781176265161,1.7914057428568686,0.0,90.750951118275,20.0,20.0,-1.9135558947420046,-0.3309511182749816,0.0726968574819993,1.8498866644700342,14.0,0.0,0.0011145425292839652,"[20.0, 20.0, 20.0, 20.0, 20.0, 20.0, 20.0, 20.0, 20.0, 20.0, 20.0, 20.0, 20.0, 20.0, 20.0, 20.0, 20.0, 20.0, 20.0, 20.0, 20.0, 20.0, 20.0, 20.0, 20.0, 20.0, 20.0, 20.0, 20.0, 20.0, 20.0, 20.0, 20.0, 20.0, 20.0, 20.0, 20.0, 20.0, 20.0, 20.0, 20.0, 20.0, 20.0, 20.0, 20.0, 20.0, 20.0, 20.0, 20.0, 20.0, 20.0, 20.0, 20.0, 20.0, 20.0, 20.0, 20.0, 20.0, 20.0, 20.0, 20.0, 20.0, 20.0, 20.0, 20.0, 20.0, 20.0, 20.0, 20.0, 20.0, 20.0, 20.0]",25.010467643990943,24.94994678923684,0.1042,-1.2098,0.1023,0.0935,0.7101,-0.2245,0.003,-9.807,15.3,,50.0,,,,0.3133,0.2138,0.3792,214.31,14.94,1.22388,1.8549,90.35,15.746,1,44.37,35.0,1,3,10,0.7,9.851,0,1.6653,0,0
1790659293.9401062,47.398198199999996,8.546292,9.559000015258789,-0.010990847833454609,1.8525274991989136,0.0008849002770148218,90.57000000000001,-0.01863577863718305,1.7915237419431576,0.0,90.89475097082698,20.0,20.0,-1.9001595331159344,-0.3247509708269831,0.2300742467269178,1.8472108510539553,14.0,0.0,0.0004504869295009544,"[20.0, 20.0, 20.0, 20.0, 20.0, 20.0, 20.0, 20.0, 20.0, 20.0, 20.0, 20.0, 20.0, 20.0, 20.0, 20.0, 20.0, 20.0, 20.0, 20.0, 20.0, 20.0, 20.0, 20.0, 20.0, 20.0, 20.0, 20.0, 20.0, 20.0, 20.0, 20.0, 20.0, 20.0, 20.0, 20.0, 20.0, 20.0, 20.0, 20.0, 20.0, 20.0, 20.0, 20.0, 20.0, 20.0, 20.0, 20.0, 20.0, 20.0, 20.0, 20.0, 20.0, 20.0, 20.0, 20.0, 20.0, 20.0, 20.0, 20.0, 20.0, 20.0, 20.0, 20.0, 20.0, 20.0, 20.0, 20.0, 20.0, 20.0, 20.0, 20.0]",25.010467643990943,24.94994678923684,0.1463,-1.2056,0.2311,0.0769,0.5877,-0.2164,-0.0042,-9.8152,15.3,,50.0,,,,0.2186,0.2672,0.3452,230.72,14.94,1.22388,1.8526,90.34,15.376,1,44.57,35.369,1,3,10,0.7,9.849,0,1.6799,0,0
1790659294.1407537,47.398198199999996,8.5462969,9.5600004196167,-0.012504182755947113,1.8506792783737183,0.0008628921350464225,90.71000000000001,-0.02303401821601572,1.7912244376777997,0.0,91.04433414272773,20.0,20.0,-1.886933453287531,-0.33433414272772666,0.32288484456692407,1.8451896794798186,14.0,0.0,0.0006934764815350952,"[20.0, 20.0, 20.0, 20.0, 20.0, 20.0, 20.0, 20.0, 20.0, 20.0, 20.0, 20.0, 20.0, 20.0, 20.0, 20.0, 20.0, 20.0, 20.0, 20.0, 20.0, 20.0, 20.0, 20.0, 20.0, 20.0, 20.0, 20.0, 20.0, 20.0, 20.0, 20.0, 20.0, 20.0, 20.0, 20.0, 20.0, 20.0, 20.0, 20.0, 20.0, 20.0, 20.0, 20.0, 20.0, 20.0, 20.0, 20.0, 20.0, 20.0, 20.0, 20.0, 20.0, 20.0, 20.0, 20.0, 20.0, 20.0, 20.0, 20.0, 20.0, 20.0, 20.0, 20.0, 20.0, 20.0, 20.0, 20.0, 20.0, 20.0, 20.0, 20.0]",25.010467643990943,24.94994678923684,0.188,-1.2022,0.1655,0.0676,0.6468,-0.2138,-0.0049,-9.8019,15.3,,50.0,,,,0.3426,0.2038,0.3987,210.75,14.94,1.22388,1.8507,90.39,15.007,1,44.77,35.738,1,3,10,0.7,9.796,0,1.6514,0,0
1790659294.3414924,47.398198199999996,8.5463018,9.559000015258789,-0.01695581153035164,1.8479830026626587,0.0007646637386642396,90.83,-0.02685349312355613,1.7903373926859207,0.0,91.19652105776737,20.0,20.0,-1.8721210410955034,-0.3665210577673861,0.3043083801807692,1.842576736351347,14.0,0.0,0.0023337825406440083,"[20.0, 20.0, 20.0, 20.0, 20.0, 20.0, 20.0, 20.0, 20.0, 20.0, 20.0, 20.0, 20.0, 20.0, 20.0, 20.0, 20.0, 20.0, 20.0, 20.0, 20.0, 20.0, 20.0, 20.0, 20.0, 20.0, 20.0, 20.0, 20.0, 20.0, 20.0, 20.0, 20.0, 20.0, 20.0, 20.0, 20.0, 20.0, 20.0, 20.0, 20.0, 20.0, 20.0, 20.0, 20.0, 20.0, 20.0, 20.0, 20.0, 20.0, 20.0, 20.0, 20.0, 20.0, 20.0, 20.0, 20.0, 20.0, 20.0, 20.0, 20.0, 20.0, 20.0, 20.0, 20.0, 20.0, 20.0, 20.0, 20.0, 20.0, 20.0, 20.0]",25.010467643990943,24.94994678923684,0.2097,-1.1977,0.0033,0.0671,0.6115,-0.2255,-0.0077,-9.803,15.3,,50.0,,,,0.3071,0.1933,0.3629,212.18,14.94,1.22388,1.8481,90.53,14.639,1,44.97,36.106,1,3,10,0.7,9.83,0,1.6666,0,0
1790659294.5416708,47.398198099999995,8.546306699999999,9.559000015258789,-0.023854315280914307,1.842844009399414,0.000645644380711019,90.94,-0.030369339633220967,1.7892907060302636,0.0,91.34472536849222,20.0,20.0,-1.852924577323716,-0.4047253684922225,0.19838798388229908,1.8377889589724086,14.0,0.0,0.0027659131670726084,"[20.0, 20.0, 20.0, 20.0, 20.0, 20.0, 20.0, 20.0, 20.0, 20.0, 20.0, 20.0, 20.0, 20.0, 20.0, 20.0, 20.0, 20.0, 20.0, 20.0, 20.0, 20.0, 20.0, 20.0, 20.0, 20.0, 20.0, 20.0, 20.0, 20.0, 20.0, 20.0, 20.0, 20.0, 20.0, 20.0, 20.0, 20.0, 20.0, 20.0, 20.0, 20.0, 20.0, 20.0, 20.0, 20.0, 20.0, 20.0, 20.0, 20.0, 20.0, 20.0, 20.0, 20.0, 20.0, 20.0, 20.0, 20.0, 20.0, 20.0, 20.0, 20.0, 20.0, 20.0, 20.0, 20.0, 20.0, 20.0, 20.0, 20.0, 20.0, 20.0]",25.010467643990943,24.94994678923684,0.1973,-1.2032,-0.2023,-0.0642,0.7023,-0.2211,-0.0006,-9.7978,15.3,,50.0,,,,0.3875,0.2864,0.4819,216.46,14.94,1.22388,1.843,90.74,14.275,1,45.17,36.471,1,3,10,0.7,9.787,0,1.6021,0,0
1790659294.7420506,47.398198099999995,8.5463115,9.5600004196167,-0.03167501091957092,1.8380107879638672,0.00027817420777864754,91.05,-0.0338758910346349,1.7883044563090922,0.0,91.49030925690056,20.0,20.0,-1.830178041790727,-0.440309256900548,0.06270176220964399,1.833432652196876,14.0,0.0,0.0025756933874264694,"[20.0, 20.0, 20.0, 20.0, 20.0, 20.0, 20.0, 20.0, 20.0, 20.0, 20.0, 20.0, 20.0, 20.0, 20.0, 20.0, 20.0, 20.0, 20.0, 20.0, 20.0, 20.0, 20.0, 20.0, 20.0, 20.0, 20.0, 20.0, 20.0, 20.0, 20.0, 20.0, 20.0, 20.0, 20.0, 20.0, 20.0, 20.0, 20.0, 20.0, 20.0, 20.0, 20.0, 20.0, 20.0, 20.0, 20.0, 20.0, 20.0, 20.0, 20.0, 20.0, 20.0, 20.0, 20.0, 20.0, 20.0, 20.0, 20.0, 20.0, 20.0, 20.0, 20.0, 20.0, 20.0, 20.0, 20.0, 20.0, 20.0, 20.0, 20.0, 20.0]",25.010467643990943,24.94994678923684,0.1646,-1.2211,-0.2799,-0.1789,0.7726,-0.2191,-0.0051,-9.7955,15.3,,50.0,,,,0.5741,0.3459,0.6702,211.07,14.94,1.22388,1.8383,90.99,13.911,1,45.37,36.834,1,3,10,0.7,9.807,0,1.5032,0,0
1790659294.9427195,47.398198,8.546316299999999,9.56100082397461,-0.038632072508335114,1.8349192142486572,-8.890422759577632e-05,91.19,-0.03825686812037569,1.7880632885184207,0.0,91.63619576951737,20.0,20.0,-1.805099213368031,-0.4461957695173453,-0.016117266817302245,1.83076463410747,14.0,0.0,0.0004250493429361622,"[20.0, 20.0, 20.0, 20.0, 20.0, 20.0, 20.0, 20.0, 20.0, 20.0, 20.0, 20.0, 20.0, 20.0, 20.0, 20.0, 20.0, 20.0, 20.0, 20.0, 20.0, 20.0, 20.0, 20.0, 20.0, 20.0, 20.0, 20.0, 20.0, 20.0, 20.0, 20.0, 20.0, 20.0, 20.0, 20.0, 20.0, 20.0, 20.0, 20.0, 20.0, 20.0, 20.0, 20.0, 20.0, 20.0, 20.0, 20.0, 20.0, 20.0, 20.0, 20.0, 20.0, 20.0, 20.0, 20.0, 20.0, 20.0, 20.0, 20.0, 20.0, 20.0, 20.0, 20.0, 20.0, 20.0, 20.0, 20.0, 20.0, 20.0, 20.0, 20.0]",25.010467643990943,24.94994678923684,0.1184,-1.2284,-0.2067,0.0091,0.8602,-0.224,-0.0059,-9.8044,15.3,,50.0,,,,0.5067,0.2406,0.5609,205.4,14.94,1.22388,1.8353,91.21,13.548,1,45.57,37.198,1,3,10,0.7,9.836,0,1.5549,0,0
1790659295.142874,47.3981979,8.5463211,9.563000679016113,-0.042096491903066635,1.8323431015014648,-0.00028249050956219435,91.36,-0.04353394961694884,1.7883327694760431,0.0,91.79116502195154,20.0,20.0,-1.781697317230218,-0.4311650219515286,0.04391072640893705,1.828275673305021,14.0,0.0,0.0010881435817442298,"[20.0, 20.0, 20.0, 20.0, 20.0, 20.0, 20.0, 20.0, 20.0, 20.0, 20.0, 20.0, 20.0, 20.0, 20.0, 20.0, 20.0, 20.0, 20.0, 20.0, 20.0, 20.0, 20.0, 20.0, 20.0, 20.0, 20.0, 20.0, 20.0, 20.0, 20.0, 20.0, 20.0, 20.0, 20.0, 20.0, 20.0, 20.0, 20.0, 20.0, 20.0, 20.0, 20.0, 20.0, 20.0, 20.0, 20.0, 20.0, 20.0, 20.0, 20.0, 20.0, 20.0, 20.0, 20.0, 20.0, 20.0, 20.0, 20.0, 20.0, 20.0, 20.0, 20.0, 20.0, 20.0, 20.0, 20.0, 20.0, 20.0, 20.0, 20.0, 20.0]",25.010467643990943,24.94994678923684,0.0979,-1.2282,0.0473,0.0003,0.9053,-0.2153,-0.0065,-9.7954,15.3,,50.0,,,,0.5946,0.1183,0.6063,191.25,14.94,1.22388,1.8328,91.32,13.184,1,45.77,37.561,1,3,10,0.7,9.816,0,1.5297,0,0
1790659295.3442836,47.3981979,8.5463259,9.564000129699707,-0.043552130460739136,1.8285571336746216,5.5677290220046416e-05,91.54,-0.049127019696010056,1.7885502567631124,0.0,91.957201612311,20.0,20.0,-1.7607640108838116,-0.41720161231097563,0.1756009776796207,1.82436194954302,14.0,0.0,0.0010054858381917274,"[20.0, 20.0, 20.0, 20.0, 20.0, 20.0, 20.0, 20.0, 20.0, 20.0, 20.0, 20.0, 20.0, 20.0, 20.0, 20.0, 20.0, 20.0, 20.0, 20.0, 20.0, 20.0, 20.0, 20.0, 20.0, 20.0, 20.0, 20.0, 20.0, 20.0, 20.0, 20.0, 20.0, 20.0, 20.0, 20.0, 20.0, 20.0, 20.0, 20.0, 20.0, 20.0, 20.0, 20.0, 20.0, 20.0, 20.0, 20.0, 20.0, 20.0, 20.0, 20.0, 20.0, 20.0, 20.0, 20.0, 20.0, 20.0, 20.0, 20.0, 20.0, 20.0, 20.0, 20.0, 20.0, 20.0, 20.0, 20.0, 20.0, 20.0, 20.0, 20.0]",25.010467643990943,24.94994678923684,0.1117,-1.2392,0.071,-0.2054,0.9848,-0.2195,-0.0024,-9.7987,15.3,,50.0,,,,0.6277,0.1321,0.6414,191.88,14.94,1.22388,1.8291,91.36,12.823,1,45.97,37.923,1,3,10,0.7,9.802,0,1.5084,0,0
1790659295.5446944,47.3981978,8.5463307,9.563000679016113,-0.045736052095890045,1.8249566555023193,0.0009527577785775065,91.73,-0.05503233353155997,1.7887670234439592,0.0,92.13222045979626,20.0,20.0,-1.7406923963388898,-0.40222045979621157,0.2943854419170755,1.8206783937520354,14.0,0.0,0.0010847106993815264,"[20.0, 20.0, 20.0, 20.0, 20.0, 20.0, 20.0, 20.0, 20.0, 20.0, 20.0, 20.0, 20.0, 20.0, 20.0, 20.0, 20.0, 20.0, 20.0, 20.0, 20.0, 20.0, 20.0, 20.0, 20.0, 20.0, 20.0, 20.0, 20.0, 20.0, 20.0, 20.0, 20.0, 20.0, 20.0, 20.0, 20.0, 20.0, 20.0, 20.0, 20.0, 20.0, 20.0, 20.0, 20.0, 20.0, 20.0, 20.0, 20.0, 20.0, 20.0, 20.0, 20.0, 20.0, 20.0, 20.0, 20.0, 20.0, 20.0, 20.0, 20.0, 20.0, 20.0, 20.0, 20.0, 20.0, 20.0, 20.0, 20.0, 20.0, 20.0, 20.0]",25.010467643990943,24.94994678923684,0.1432,-1.2627,0.1832,-0.1424,0.8666,-0.2234,-0.0077,-9.8134,15.3,,50.0,,,,0.5821,0.0559,0.5847,185.49,14.94,1.22388,1.8255,91.44,12.462,1,46.17,38.284,1,3,10,0.7,9.805,0,1.5332,0,0
1790659295.7447658,47.3981977,8.5463355,9.5600004196167,-0.04964558035135269,1.822237253189087,0.0016248085303232074,91.89,-0.060056908378973116,1.7881329560987158,0.0,92.31042473601195,20.0,20.0,-1.7187678109241333,-0.4204247360119666,0.32940257518999977,1.8180473336889562,14.0,0.0,0.0013191983044158217,"[20.0, 20.0, 20.0, 20.0, 20.0, 20.0, 20.0, 20.0, 20.0, 20.0, 20.0, 20.0, 20.0, 20.0, 20.0, 20.0, 20.0, 20.0, 20.0, 20.0, 20.0, 20.0, 20.0, 20.0, 20.0, 20.0, 20.0, 20.0, 20.0, 20.0, 20.0, 20.0, 20.0, 20.0, 20.0, 20.0, 20.0, 20.0, 20.0, 20.0, 20.0, 20.0, 20.0, 20.0, 20.0, 20.0, 20.0, 20.0, 20.0, 20.0, 20.0, 20.0, 20.0, 20.0, 20.0, 20.0, 20.0, 20.0, 20.0, 20.0, 20.0, 20.0, 20.0, 20.0, 20.0, 20.0, 20.0, 20.0, 20.0, 20.0, 20.0, 20.0]",25.010467643990943,24.94994678923684,0.169,-1.279,0.1089,-0.0209,0.867,-0.2182,-0.0096,-9.8107,15.3,,50.0,,,,0.6927,0.0869,0.6982,187.15,14.94,1.22388,1.8229,91.56,12.1,1,46.37,38.645,1,3,10,0.7,9.813,0,1.4738,0,0
1790659295.9458468,47.3981977,8.5463404,9.556000709533691,-0.05496719107031822,1.8207120895385742,0.0015923326136544347,92.05,-0.06513336064521252,1.7865605491656622,0.0,92.52412282743398,20.0,20.0,-1.6920002984300995,-0.47412282743394485,0.32076901244011946,1.8166988603507712,14.0,0.0,0.0038738866246768202,"[20.0, 20.0, 20.0, 20.0, 20.0, 20.0, 20.0, 20.0, 20.0, 20.0, 20.0, 20.0, 20.0, 20.0, 20.0, 20.0, 20.0, 20.0, 20.0, 20.0, 20.0, 20.0, 20.0, 20.0, 20.0, 20.0, 20.0, 20.0, 20.0, 20.0, 20.0, 20.0, 20.0, 20.0, 20.0, 20.0, 20.0, 20.0, 20.0, 20.0, 20.0, 20.0, 20.0, 20.0, 20.0, 20.0, 20.0, 20.0, 20.0, 20.0, 20.0, 20.0, 20.0, 20.0, 20.0, 20.0, 20.0, 20.0, 20.0, 20.0, 20.0, 20.0, 20.0, 20.0, 20.0, 20.0, 20.0, 20.0, 20.0, 20.0, 20.0, 20.0]",25.010467643990943,24.94994678923684,0.1851,-1.283,0.0217,0.0408,0.8491,-0.2131,0.0024,-9.8125,15.3,,50.0,,,,0.7566,0.0423,0.7578,183.2,14.94,1.22388,1.8215,91.73,11.68,1,46.57,39.065,1,3,10,0.7,9.806,0,1.4426,0,0
1790659296.146584,47.398197599999996,8.5463452,9.553000450134277,-0.059003688395023346,1.819865345954895,0.0010506550315767527,92.22,-0.07046614090381327,1.7857880464170357,0.0,92.71605360474825,20.0,20.0,-1.6681291248736747,-0.49605360474822646,0.36300629118007016,1.8159426366251072,14.0,0.0,0.0015795591544655754,"[20.0, 20.0, 20.0, 20.0, 20.0, 20.0, 20.0, 20.0, 20.0, 20.0, 20.0, 20.0, 20.0, 20.0, 20.0, 20.0, 20.0, 20.0, 20.0, 20.0, 20.0, 20.0, 20.0, 20.0, 20.0, 20.0, 20.0, 20.0, 20.0, 20.0, 20.0, 20.0, 20.0, 20.0, 20.0, 20.0, 20.0, 20.0, 20.0, 20.0, 20.0, 20.0, 20.0, 20.0, 20.0, 20.0, 20.0, 20.0, 20.0, 20.0, 20.0, 20.0, 20.0, 20.0, 20.0, 20.0, 20.0, 20.0, 20.0, 20.0, 20.0, 20.0, 20.0, 20.0, 20.0, 20.0, 20.0, 20.0, 20.0, 20.0, 20.0, 20.0]",25.010467643990943,24.94994678923684,0.1887,-1.2738,0.1479,0.062,0.8526,-0.2266,-0.0075,-9.8082,15.3,,50.0,,,,0.7179,0.0444,0.7192,183.54,14.94,1.22388,1.8208,91.86,11.317,1,46.77,39.428,1,3,10,0.7,9.777,0,1.4612,0,0
1790659296.3479238,47.398197499999995,8.54635,9.54900074005127,-0.06331473588943481,1.8213396072387695,0.0013112316373735666,92.41,-0.07640729216493158,1.7851738843405351,0.0,92.92027271541929,20.0,20.0,-1.644276531844485,-0.5102727154192621,0.41904405193607797,1.8175038512721413,14.0,0.0,0.001022981019577717,"[20.0, 20.0, 20.0, 20.0, 20.0, 20.0, 20.0, 20.0, 20.0, 20.0, 20.0, 20.0, 20.0, 20.0, 20.0, 20.0, 20.0, 20.0, 20.0, 20.0, 20.0, 20.0, 20.0, 20.0, 20.0, 20.0, 20.0, 20.0, 20.0, 20.0, 20.0, 20.0, 20.0, 20.0, 20.0, 20.0, 20.0, 20.0, 20.0, 20.0, 20.0, 20.0, 20.0, 20.0, 20.0, 20.0, 20.0, 20.0, 20.0, 20.0, 20.0, 20.0, 20.0, 20.0, 20.0, 20.0, 20.0, 20.0, 20.0, 20.0, 20.0, 20.0, 20.0, 20.0, 20.0, 20.0, 20.0, 20.0, 20.0, 20.0, 20.0, 20.0]",25.010467643990943,24.94994678923684,0.1979,-1.2511,0.0919,0.1783,0.9751,-0.2128,-0.0095,-9.8013,15.3,,50.0,,,,0.722,0.0994,0.7288,187.84,14.94,1.22388,1.8224,91.99,10.951,1,46.97,39.794,1,3,10,0.7,9.761,0,1.458,0,0
1790659296.548864,47.3981974,8.546354899999999,9.547000885009766,-0.06789511442184448,1.8232897520065308,0.000552149664144963,92.61,-0.08265477242777647,1.784562131105642,0.0,93.13308571851917,20.0,20.0,-1.619131242305143,-0.5230857185191269,0.4774223719047337,1.8195627246291437,14.0,0.0,0.0009218010297555975,"[20.0, 20.0, 20.0, 20.0, 20.0, 20.0, 20.0, 20.0, 20.0, 20.0, 20.0, 20.0, 20.0, 20.0, 20.0, 20.0, 20.0, 20.0, 20.0, 20.0, 20.0, 20.0, 20.0, 20.0, 20.0, 20.0, 20.0, 20.0, 20.0, 20.0, 20.0, 20.0, 20.0, 20.0, 20.0, 20.0, 20.0, 20.0, 20.0, 20.0, 20.0, 20.0, 20.0, 20.0, 20.0, 20.0, 20.0, 20.0, 20.0, 20.0, 20.0, 20.0, 20.0, 20.0, 20.0, 20.0, 20.0, 20.0, 20.0, 20.0, 20.0, 20.0, 20.0, 20.0, 20.0, 20.0, 20.0, 20.0, 20.0, 20.0, 20.0, 20.0]",25.010467643990943,24.94994678923684,0.2125,-1.2125,0.1007,0.2711,0.9901,-0.2202,-0.0015,-9.8132,15.3,,50.0,,,,0.8233,0.1584,0.8384,190.89,14.94,1.22388,1.8246,92.13,10.582,1,47.18,40.164,1,3,10,0.7,9.77,0,1.4054,0,0
1790659296.749829,47.3981973,8.5463598,9.545000076293945,-0.0727030336856842,1.8238372802734375,0.00027316019986756146,92.82000000000001,-0.08920940186959207,1.7839314364193595,0.0,93.35518790948436,19.14328249781648,19.14328249781648,-1.5931711490041967,-0.5351879094843355,0.537245545251081,1.8202458358178282,14.0,0.0,0.0008710609597900507,"[20.0, 20.0, 20.0, 20.0, 20.0, 20.0, 20.0, 20.0, 20.0, 20.0, 20.0, 20.0, 20.0, 20.0, 20.0, 20.0, 20.0, 20.0, 20.0, 20.0, 20.0, 20.0, 20.0, 20.0, 20.0, 20.0, 20.0, 20.0, 20.0, 20.0, 20.0, 20.0, 20.0, 20.0, 20.0, 19.884407454672328, 19.14328249781648, 19.658180502528136, 19.69629241077657, 19.88619230343005, 20.0, 20.0, 20.0, 20.0, 20.0, 20.0, 20.0, 20.0, 20.0, 20.0, 20.0, 20.0, 20.0, 20.0, 20.0, 20.0, 20.0, 20.0, 20.0, 20.0, 20.0, 20.0, 20.0, 20.0, 20.0, 20.0, 20.0, 20.0, 20.0, 20.0, 20.0, 20.0]",25.010467643990943,24.94994678923684,0.2288,-1.1786,0.1281,0.1699,1.0011,-0.2163,-0.006,-9.8101,15.3,,50.0,,,,0.926,0.007,0.926,180.44,14.94,1.22388,1.8253,92.28,10.212,1,47.38,40.533,1,3,10,0.7,9.767,0,1.3623,0,0
1790659296.9507298,47.3981972,8.5463647,9.544000625610352,-0.07923072576522827,1.8233249187469482,0.00022398999135475606,93.02,-0.09546448198826107,1.782931810641927,0.0,93.58113485636966,18.687368647426727,18.687368647426727,-1.5649579285641966,-0.561134856369705,0.5318356078939074,1.8200908149072799,14.0,0.0,0.0018653602881606448,"[20.0, 20.0, 20.0, 20.0, 20.0, 20.0, 20.0, 20.0, 20.0, 20.0, 20.0, 20.0, 20.0, 20.0, 20.0, 20.0, 20.0, 20.0, 20.0, 20.0, 20.0, 20.0, 20.0, 20.0, 20.0, 20.0, 20.0, 20.0, 20.0, 20.0, 20.0, 20.0, 20.0, 20.0, 19.84038534082543, 19.521247420067844, 18.687368647426727, 19.29190428063577, 19.32341272293553, 19.503702032374218, 19.839802179569034, 20.0, 20.0, 20.0, 20.0, 20.0, 20.0, 20.0, 20.0, 20.0, 20.0, 20.0, 20.0, 20.0, 20.0, 20.0, 20.0, 20.0, 20.0, 20.0, 20.0, 20.0, 20.0, 20.0, 20.0, 20.0, 20.0, 20.0, 20.0, 20.0, 20.0, 20.0]",25.010467643990943,24.94994678923684,0.2393,-1.1545,0.0316,0.0546,1.0427,-0.2235,-0.0064,-9.8092,15.3,,50.0,,,,0.7616,-0.0736,0.7652,174.48,14.94,1.22388,1.825,92.49,9.843,1,47.58,40.903,1,3,10,0.7,9.756,0,1.4425,0,0
1790659297.1512394,47.3981971,8.5463696,9.542000770568848,-0.08493874967098236,1.8216296434402466,-6.889189535286278e-05,93.24,-0.10232680507329983,1.7821049347256224,0.0,93.81825429154594,18.27705304716093,18.27705304716093,-1.5365134440832982,-0.5782542915459601,0.570352226851009,1.8186609250104127,14.0,0.0,0.001234751997366732,"[20.0, 20.0, 20.0, 20.0, 20.0, 20.0, 20.0, 20.0, 20.0, 20.0, 20.0, 20.0, 20.0, 20.0, 20.0, 20.0, 20.0, 20.0, 20.0, 20.0, 20.0, 20.0, 20.0, 20.0, 20.0, 20.0, 20.0, 20.0, 20.0, 20.0, 20.0, 20.0, 20.0, 19.965367461490395, 19.479975420585298, 19.15998269068, 18.27705304716093, 18.927039988666486, 18.951595335879556, 19.121932987320122, 19.444688397466646, 19.93283169510759, 20.0, 20.0, 20.0, 20.0, 20.0, 20.0, 20.0, 20.0, 20.0, 20.0, 20.0, 20.0, 20.0, 20.0, 20.0, 20.0, 20.0, 20.0, 20.0, 20.0, 20.0, 20.0, 20.0, 20.0, 20.0, 20.0, 20.0, 20.0, 20.0, 20.0]",25.010467643990943,24.94994678923684,0.2414,-1.1379,0.0702,0.0693,1.105,-0.2171,-0.0049,-9.805,15.3,,50.0,,,,0.8833,-0.083,0.8872,174.63,14.94,1.22388,1.8236,92.67,9.475,1,47.78,41.271,1,3,10,0.7,9.747,0,1.38,0,0
1790659297.3519838,47.398196999999996,8.546374499999999,9.540000915527344,-0.09053957462310791,1.8174279928207397,0.00023186186444945633,93.47,-0.10949587210543356,1.7812079810158492,0.0,94.06630850318629,17.894652842119235,17.894652842119235,-1.5082856133141904,-0.5963085031863216,0.6180298138046242,1.8147228625750418,14.0,0.0,0.001296227816933113,"[20.0, 20.0, 20.0, 20.0, 20.0, 20.0, 20.0, 20.0, 20.0, 20.0, 20.0, 20.0, 20.0, 20.0, 20.0, 20.0, 20.0, 20.0, 20.0, 20.0, 20.0, 20.0, 20.0, 20.0, 20.0, 20.0, 20.0, 20.0, 20.0, 20.0, 20.0, 20.0, 20.0, 19.60836991230259, 19.124410134055424, 18.803422885261483, 17.894652842119235, 18.566761228468735, 18.584332521381466, 18.74473096307913, 19.054198703023335, 19.525148994703105, 20.0, 20.0, 20.0, 20.0, 20.0, 20.0, 20.0, 20.0, 20.0, 20.0, 20.0, 20.0, 20.0, 20.0, 20.0, 20.0, 20.0, 20.0, 20.0, 20.0, 20.0, 20.0, 20.0, 20.0, 20.0, 20.0, 20.0, 20.0, 20.0, 20.0]",25.010467643990943,24.94994678923684,0.2554,-1.1361,0.0118,0.0452,1.147,-0.2082,-0.0073,-9.8113,15.3,,50.0,,,,0.8493,-0.1736,0.8669,168.45,14.94,1.22388,1.8197,92.85,9.111,1,47.98,41.635,1,3,10,0.7,9.763,0,1.3862,0,0
1790659297.5528908,47.3981968,8.5463798,9.538000106811523,-0.09651622921228409,1.810523271560669,-3.228069545002654e-05,93.72,-0.11666434876263759,1.7801150496129214,0.0,94.32074709653153,17.535596747367283,17.535596747367283,-1.4792423832537596,-0.6207470965315451,0.6485378936028088,1.8081603364624306,14.0,0.0,0.0017552039043145925,"[20.0, 20.0, 20.0, 20.0, 20.0, 20.0, 20.0, 20.0, 20.0, 20.0, 20.0, 20.0, 20.0, 20.0, 20.0, 20.0, 20.0, 20.0, 20.0, 20.0, 20.0, 20.0, 20.0, 20.0, 20.0, 20.0, 20.0, 20.0, 20.0, 20.0, 20.0, 20.0, 19.91973853454824, 19.25629384912668, 18.77389322861475, 18.452071063460824, 17.535596747367283, 18.212012653276247, 18.22285888617577, 18.373635837400112, 18.670205699876583, 19.124442939333896, 19.755434051059574, 20.0, 20.0, 20.0, 20.0, 20.0, 20.0, 20.0, 20.0, 20.0, 20.0, 20.0, 20.0, 20.0, 20.0, 20.0, 20.0, 20.0, 20.0, 20.0, 20.0, 20.0, 20.0, 20.0, 20.0, 20.0, 20.0, 20.0, 20.0, 20.0]",25.010467643990943,24.94994678923684,0.2666,-1.1646,0.0474,-0.2251,1.1633,-0.2159,0.0025,-9.799,15.3,,50.0,,,,0.9104,-0.1134,0.9174,172.9,14.94,1.22388,1.8131,93.05,8.752,1,48.18,41.994,1,3,10,0.7,9.781,0,1.3544,0,0
1790659297.7537866,47.3981967,8.5463846,9.539000511169434,-0.1033615991473198,1.8063396215438843,-0.000764009018894285,93.96000000000001,-0.12383476938857128,1.778642677891651,0.0,94.58856844457557,17.19245534275526,17.19245534275526,-1.4493838730079487,-0.6585684445755646,0.6550165430748323,1.8044069496197863,14.0,0.0,0.002712159204996337,"[20.0, 20.0, 20.0, 20.0, 20.0, 20.0, 20.0, 20.0, 20.0, 20.0, 20.0, 20.0, 20.0, 20.0, 20.0, 20.0, 20.0, 20.0, 20.0, 20.0, 20.0, 20.0, 20.0, 20.0, 20.0, 20.0, 20.0, 20.0, 20.0, 20.0, 20.0, 20.0, 19.562173116258162, 18.902998786056195, 18.422435344483674, 18.10003748400886, 17.19245534275526, 17.856959678893528, 17.861332229796574, 18.002752295590025, 18.28671331698486, 18.724564877881036, 19.334656485087635, 20.0, 20.0, 20.0, 20.0, 20.0, 20.0, 20.0, 20.0, 20.0, 20.0, 20.0, 20.0, 20.0, 20.0, 20.0, 20.0, 20.0, 20.0, 20.0, 20.0, 20.0, 20.0, 20.0, 20.0, 20.0, 20.0, 20.0, 20.0, 20.0]",25.010467643990943,24.94994678923684,0.2768,-1.2027,-0.0283,-0.146,1.2162,-0.219,-0.0033,-9.8096,15.3,,50.0,,,,0.8248,-0.1057,0.8315,172.7,14.94,1.22388,1.8093,93.27,8.392,1,48.38,42.353,1,3,10,0.7,9.813,0,1.3935,0,0
1790659297.9540412,47.3981966,8.546389399999999,9.540000915527344,-0.11153317242860794,1.8033058643341064,-0.00044390803668648005,94.22,-0.1328268084788748,1.7784211133321173,0.0,94.86221806835789,16.88550931973201,16.88550931973201,-1.4170169915854984,-0.6422180683578915,0.6808054639152715,1.8019982911324632,14.0,0.0,0.0011766525525375236,"[20.0, 20.0, 20.0, 20.0, 20.0, 20.0, 20.0, 20.0, 20.0, 20.0, 20.0, 20.0, 20.0, 20.0, 20.0, 20.0, 20.0, 20.0, 20.0, 20.0, 20.0, 20.0, 20.0, 20.0, 20.0, 20.0, 20.0, 20.0, 20.0, 20.0, 20.0, 20.0, 19.21267044291406, 18.555784258280273, 18.075347742223002, 17.75084690012297, 16.88550931973201, 17.503048116507156, 17.499597881700634, 17.630299789662793, 17.900225449793037, 18.320140119467712, 18.90758417152309, 19.688756903547997, 20.0, 20.0, 20.0, 20.0, 20.0, 20.0, 20.0, 20.0, 20.0, 20.0, 20.0, 20.0, 20.0, 20.0, 20.0, 20.0, 20.0, 20.0, 20.0, 20.0, 20.0, 20.0, 20.0, 20.0, 20.0, 20.0, 20.0, 20.0]",25.010467643990943,24.94994678923684,0.2802,-1.2154,-0.0455,-0.0628,1.3206,-0.2112,0.0077,-9.804,15.3,,50.0,,,,0.7754,-0.1481,0.7894,169.19,14.94,1.22388,1.8068,93.54,8.033,1,48.58,42.713,1,3,10,0.7,9.772,0,1.412,0,0
1790659298.1540732,47.398196399999996,8.546394099999999,9.541000366210938,-0.12071358412504196,1.799564003944397,-0.0005102049908600748,94.47,-0.14059388472557455,1.7773013100366843,0.0,95.13220711063042,16.66648782067005,16.66648782067005,-1.3809228087574572,-0.662207110630419,0.6323854079894882,1.7990898523873455,14.0,0.0,0.00143925135114011,"[20.0, 20.0, 20.0, 20.0, 20.0, 20.0, 20.0, 20.0, 20.0, 20.0, 20.0, 20.0, 20.0, 20.0, 20.0, 20.0, 20.0, 20.0, 20.0, 20.0, 20.0, 20.0, 20.0, 20.0, 20.0, 20.0, 20.0, 20.0, 20.0, 20.0, 20.0, 19.715667335969457, 18.858639835633177, 18.20580235319526, 17.727051117176497, 17.40187915933568, 16.66648782067005, 17.15138120733907, 17.14146777760055, 17.262870777559964, 17.520296840409262, 17.92399407326476, 18.49077884273224, 19.245834706683763, 20.0, 20.0, 20.0, 20.0, 20.0, 20.0, 20.0, 20.0, 20.0, 20.0, 20.0, 20.0, 20.0, 20.0, 20.0, 20.0, 20.0, 20.0, 20.0, 20.0, 20.0, 20.0, 20.0, 20.0, 20.0, 20.0, 20.0, 20.0]",25.010467643990943,24.94994678923684,0.2766,-1.2313,0.0515,-0.064,1.3446,-0.2162,0.0054,-9.805,15.3,,50.0,,,,0.6634,-0.1693,0.6846,165.68,14.94,1.22388,1.8036,93.84,7.676,1,48.78,43.07,1,3,10,0.7,9.79,0,1.4613,0,0
1790659298.3549504,47.3981962,8.5463988,9.542000770568848,-0.12972886860370636,1.796851396560669,-0.000540986773557961,94.74,-0.14896973863290738,1.7764361557193171,0.0,95.4091906699764,16.78432371226914,16.78432371226914,-1.342855199248409,-0.6691906699763592,0.6105310135113705,1.7972154436376215,14.0,0.0,0.0005021677432112311,"[20.0, 20.0, 20.0, 20.0, 20.0, 20.0, 20.0, 20.0, 20.0, 20.0, 20.0, 20.0, 20.0, 20.0, 20.0, 20.0, 20.0, 20.0, 20.0, 20.0, 20.0, 20.0, 20.0, 20.0, 20.0, 20.0, 20.0, 20.0, 20.0, 20.0, 20.0, 19.35832578251776, 18.507213629238965, 17.85797613987928, 17.38053906128335, 17.054380430656547, 16.866235323799142, 16.800943242350137, 16.78432371226914, 16.896200239785767, 17.140906227537037, 17.5281648133842, 18.074060341067252, 18.802751780665936, 19.74928730530308, 20.0, 20.0, 20.0, 20.0, 20.0, 20.0, 20.0, 20.0, 20.0, 20.0, 20.0, 20.0, 20.0, 20.0, 20.0, 20.0, 20.0, 20.0, 20.0, 20.0, 20.0, 20.0, 20.0, 20.0, 20.0, 20.0, 20.0]",25.010467643990943,24.94994678923684,0.2642,-1.2463,-0.1423,-0.0141,1.4361,-0.2249,-0.009,-9.8055,15.3,,50.0,,,,0.7535,-0.298,0.8103,158.42,14.94,1.22388,1.8015,94.13,7.32,1,48.98,43.427,1,3,10,0.7,9.837,0,1.3964,0,0
1790659298.5553174,47.3981959,8.5464036,9.546000480651855,-0.13690651953220367,1.7953845262527466,-0.0012098888400942087,95.02,-0.15769168774733117,1.7686267689380009,0.0,95.95802887387265,16.426823462294738,16.426823462294738,-1.303997520312088,-0.9380288738726392,0.6593661442428261,1.7963189530564363,13.742668727093662,0.00918774681376246,0.019172739613640685,"[20.0, 20.0, 20.0, 20.0, 20.0, 20.0, 20.0, 20.0, 20.0, 20.0, 20.0, 20.0, 20.0, 20.0, 20.0, 20.0, 20.0, 20.0, 20.0, 20.0, 20.0, 20.0, 20.0, 20.0, 20.0, 20.0, 20.0, 20.0, 20.0, 20.0, 20.0, 19.000472115547492, 18.155260118455153, 17.509625376738747, 17.033517244657006, 16.706395669482834, 16.514922027190252, 16.450108694116008, 16.426823462294738, 16.529223615136857, 16.761272026207344, 17.132171190236757, 17.657280090625978, 18.359743374166822, 19.27317252635345, 20.0, 20.0, 20.0, 20.0, 20.0, 20.0, 20.0, 20.0, 20.0, 20.0, 20.0, 20.0, 20.0, 20.0, 20.0, 20.0, 20.0, 20.0, 20.0, 20.0, 20.0, 20.0, 20.0, 20.0, 20.0, 20.0, 20.0]",25.010467643990943,24.94994678923684,0.2587,-1.2529,-0.0322,-0.0227,1.398,-0.2214,-0.0027,-9.7959,15.3,,50.0,,,,0.6965,-0.2545,0.7415,159.93,14.94,1.22388,1.8006,94.36,6.962,1,49.18,43.785,1,3,10,0.7,9.8,0,1.4298,0,0
1790659298.7560973,47.398195699999995,8.5464083,9.54800033569336,-0.14339065551757812,1.7950210571289062,-0.0004220959381200373,95.32000000000001,-0.1669426757231828,1.757626746589127,0.0,96.64205474615972,16.067619799241932,16.067619799241932,-1.2650174004655297,-1.322054746159722,0.7527718624319919,1.79638504442476,13.382817108005192,0.022032750683466825,0.027163055187347133,"[20.0, 20.0, 20.0, 20.0, 20.0, 20.0, 20.0, 20.0, 20.0, 20.0, 20.0, 20.0, 20.0, 20.0, 20.0, 20.0, 20.0, 20.0, 20.0, 20.0, 20.0, 20.0, 20.0, 20.0, 20.0, 20.0, 20.0, 20.0, 20.0, 20.0, 19.72278320243957, 18.642451465326594, 17.80277942185869, 17.160459046325524, 16.68543835223842, 16.357142097583175, 16.16214563600232, 16.092776471095657, 16.067619799241932, 16.16035550541427, 16.379549807837904, 16.73387811874674, 17.23796736718744, 17.91394057371131, 18.793964385197903, 19.92438822903764, 20.0, 20.0, 20.0, 20.0, 20.0, 20.0, 20.0, 20.0, 20.0, 20.0, 20.0, 20.0, 20.0, 20.0, 20.0, 20.0, 20.0, 20.0, 20.0, 20.0, 20.0, 20.0, 20.0, 20.0, 20.0, 20.0]",25.010467643990943,24.94994678923684,0.287,-1.2117,0.2095,0.3047,1.6424,-0.2315,-0.002,-9.7914,15.3,,50.0,,,,0.6311,-0.1215,0.6427,169.1,14.94,1.22388,1.8007,94.57,6.603,1,49.38,44.145,1,3,10,0.7,9.796,0,1.4794,0,0
1790659298.956899,47.3981955,8.546413099999999,9.54800033569336,-0.15131554007530212,1.7922767400741577,6.000293797114864e-05,95.71000000000001,-0.17887696600301792,1.7534970132324996,0.0,97.14324091896242,15.708594204681473,15.708594204681473,-1.2242513266935218,-1.4332409189623831,0.8841656406421857,1.7943160973042418,13.022799246864718,0.041677667704585905,0.007804643454173809,"[20.0, 20.0, 20.0, 20.0, 20.0, 20.0, 20.0, 20.0, 20.0, 20.0, 20.0, 20.0, 20.0, 20.0, 20.0, 20.0, 20.0, 20.0, 20.0, 20.0, 20.0, 20.0, 20.0, 20.0, 20.0, 20.0, 20.0, 20.0, 20.0, 20.0, 19.37657445396786, 18.29971800641713, 17.46215336993624, 16.82031276018432, 16.343959979771302, 16.01235238060621, 15.811878290713766, 15.734631304008062, 15.708594204681473, 15.789833016865439, 15.994275355229393, 16.329992633377646, 16.810788646986744, 17.45764894544612, 18.301138971476593, 19.385299910174382, 20.0, 20.0, 20.0, 20.0, 20.0, 20.0, 20.0, 20.0, 20.0, 20.0, 20.0, 20.0, 20.0, 20.0, 20.0, 20.0, 20.0, 20.0, 20.0, 20.0, 20.0, 20.0, 20.0, 20.0, 20.0, 20.0]",25.010467643990943,24.94994678923684,0.3335,-1.131,0.0716,0.2592,2.3179,-0.2155,0.0003,-9.8038,15.3,,50.0,,,,0.5376,0.0141,0.5378,181.5,14.94,1.22388,1.7987,94.83,6.244,1,49.58,44.505,1,3,10,0.7,9.816,0,1.5298,0,0
1790659299.15741,47.398195199999996,8.5464179,9.547000885009766,-0.16091442108154297,1.7872982025146484,0.0005778424092568457,96.23,-0.19456518489165947,1.7402678934267182,0.0,98.09538292517533,15.35050342130296,15.35050342130296,-1.180930112810938,-1.865382925175311,1.0854043341784858,1.7903299559357293,12.662858293914796,0.09223986172697214,0.03017997481891826,"[20.0, 20.0, 20.0, 20.0, 20.0, 20.0, 20.0, 20.0, 20.0, 20.0, 20.0, 20.0, 20.0, 20.0, 20.0, 20.0, 20.0, 20.0, 20.0, 20.0, 20.0, 20.0, 20.0, 20.0, 20.0, 20.0, 20.0, 20.0, 20.0, 20.0, 19.05974224687266, 17.979987109603695, 17.139459705231538, 16.493931135409102, 16.01270618153373, 15.674677435135061, 15.46589666750091, 15.378102809503787, 15.35050342130296, 15.417630380948216, 15.60462927090977, 15.918859654413643, 16.373176017871913, 16.987267577288275, 17.789885966554948, 18.822464488534116, 20.0, 20.0, 20.0, 20.0, 20.0, 20.0, 20.0, 20.0, 20.0, 20.0, 20.0, 20.0, 20.0, 20.0, 20.0, 20.0, 20.0, 20.0, 20.0, 20.0, 20.0, 20.0, 20.0, 20.0, 20.0, 20.0]",25.010467643990943,24.94994678923684,0.3553,-1.0967,0.0393,0.0789,2.8515,-0.2153,-0.0021,-9.8081,15.3,,50.0,,,,0.5059,-0.0101,0.506,178.86,14.94,1.22388,1.7945,95.14,5.885,1,49.78,44.865,1,3,10,0.7,9.812,0,1.5415,0,0
1790659299.3583717,47.3981949,8.5464226,9.547000885009766,-0.17227919399738312,1.781991720199585,0.00038690611836500466,96.85000000000001,-0.2131021490361326,1.72906965903033,0.0,99.04998177977552,14.994285277214905,14.994285277214905,-1.1344935638620597,-2.1999817797754986,1.3279266652042814,1.7863602053687941,12.303009897135533,0.14256289206168662,0.023014723885129096,"[20.0, 20.0, 20.0, 20.0, 20.0, 20.0, 20.0, 20.0, 20.0, 20.0, 20.0, 20.0, 20.0, 20.0, 20.0, 20.0, 20.0, 20.0, 20.0, 20.0, 20.0, 20.0, 20.0, 20.0, 20.0, 20.0, 20.0, 20.0, 20.0, 20.0, 18.765090676861213, 17.677662946924514, 16.830437218415675, 16.17820109129398, 15.689584074334102, 15.342962301005219, 15.123939331473785, 15.023812555137392, 14.994285277214905, 15.045602565090528, 15.21345351408152, 15.504421116652926, 15.930339142286973, 16.50951523348533, 17.26877852405302, 18.246808164136763, 19.499584725111465, 20.0, 20.0, 20.0, 20.0, 20.0, 20.0, 20.0, 20.0, 20.0, 20.0, 20.0, 20.0, 20.0, 20.0, 20.0, 20.0, 20.0, 20.0, 20.0, 20.0, 20.0, 20.0, 20.0, 20.0, 20.0]",25.010467643990943,24.94994678923684,0.3934,-1.0432,0.2081,0.2297,3.511,-0.2193,-0.0017,-9.7995,15.3,,50.0,,,,0.4251,0.0165,0.4254,182.22,14.94,1.22388,1.7903,95.52,5.527,1,49.99,45.225,1,3,10,0.7,9.782,0,1.5776,0,0
1790659299.5582898,47.3981946,8.546427399999999,9.547000885009766,-0.1852046102285385,1.7745238542556763,-5.476767910295166e-05,97.60000000000001,-0.23539365998255954,1.719086329444187,0.0,100.06092349432731,14.103987254789867,14.103987254789867,-1.0847829513257685,-2.460923494327261,1.6416901765688114,1.7805982728059666,11.944513275670968,0.19237921253607015,0.017854898819247424,"[20.0, 20.0, 20.0, 20.0, 20.0, 20.0, 20.0, 20.0, 20.0, 20.0, 20.0, 20.0, 20.0, 20.0, 20.0, 20.0, 20.0, 20.0, 20.0, 20.0, 20.0, 20.0, 20.0, 20.0, 20.0, 20.0, 20.0, 20.0, 20.0, 19.914436141049634, 18.502019505115317, 17.40034034817308, 16.54129906333182, 15.878245456272563, 15.378831256290507, 15.020705665447574, 14.788870674221448, 14.103987254789867, 14.642086435211484, 14.675396076882718, 14.821918573157555, 15.087378455368299, 15.482500507185595, 16.024107612582274, 16.736977183542173, 17.656863054401043, 18.835431702823225, 20.0, 20.0, 20.0, 20.0, 20.0, 20.0, 20.0, 20.0, 20.0, 20.0, 20.0, 20.0, 20.0, 20.0, 20.0, 20.0, 20.0, 20.0, 20.0, 20.0, 20.0, 20.0, 20.0, 20.0, 20.0]",25.010467643990943,24.94994678923684,0.4552,-0.9854,0.2495,0.1791,4.28,-0.215,-0.007,-9.8074,15.3,,50.0,,,,0.5029,-0.0017,0.5029,179.81,14.94,1.22388,1.7842,95.96,5.17,1,50.19,45.584,1,3,10,0.7,9.847,0,1.5327,0,0
1790659299.7589228,47.3981943,8.546432099999999,9.54800033569336,-0.1996757686138153,1.7637404203414917,8.545420132577419e-05,98.51,-0.26235596052865995,1.71018529589317,0.0,101.15353428957968,13.589888760534883,13.589888760534883,-1.033493788014182,-2.6435342895796907,2.0509577610032457,1.7719043760436766,11.5895640086581,0.24128318153344888,0.012364206786365118,"[20.0, 20.0, 20.0, 20.0, 20.0, 20.0, 20.0, 20.0, 20.0, 20.0, 20.0, 20.0, 20.0, 20.0, 20.0, 20.0, 20.0, 20.0, 20.0, 20.0, 20.0, 20.0, 20.0, 20.0, 20.0, 20.0, 20.0, 20.0, 20.0, 19.724920811640814, 18.281905772913937, 17.157306994996805, 16.279767241550555, 15.600578832099513, 15.086007451794588, 14.712694641091351, 14.464839192804972, 13.589888760534883, 14.297261992884065, 14.309920211808933, 14.432538531956789, 14.669888037103584, 15.031486188590238, 15.532560523368703, 16.19570308830425, 17.05357120970675, 18.153287870523418, 19.563769270544984, 20.0, 20.0, 20.0, 20.0, 20.0, 20.0, 20.0, 20.0, 20.0, 20.0, 20.0, 20.0, 20.0, 20.0, 20.0, 20.0, 20.0, 20.0, 20.0, 20.0, 20.0, 20.0, 20.0, 20.0]",25.010467643990943,24.94994678923684,0.5215,-0.9672,0.3502,-0.0722,4.9375,-0.2077,-0.0002,-9.8042,15.3,,50.0,,,,0.3855,0.0599,0.3901,188.84,14.94,1.22388,1.775,96.46,4.817,1,50.39,45.939,1,3,10,0.7,9.8,0,1.58,0,0
1790659299.9595602,47.398193899999995,8.5464368,9.550000190734863,-0.21769580245018005,1.75299072265625,-0.0003694499609991908,99.54,-0.29272945596403743,1.7011896511492892,0.0,102.33111499687152,13.949258132448929,13.954104960697148,-0.9787203788263391,-2.791114996871528,2.460945004913911,1.763987668158236,11.235869092270095,0.28944558803366677,0.009966900560317005,"[20.0, 20.0, 20.0, 20.0, 20.0, 20.0, 20.0, 20.0, 20.0, 20.0, 20.0, 20.0, 20.0, 20.0, 20.0, 20.0, 20.0, 20.0, 20.0, 20.0, 20.0, 20.0, 20.0, 20.0, 20.0, 20.0, 20.0, 20.0, 20.0, 19.576907621267992, 18.093894148939242, 16.939586670949467, 16.038468361653074, 15.339223719849281, 14.806381081116191, 14.415341046773129, 14.149338669164367, 13.997575210515695, 13.954104960697148, 13.949258132448929, 14.046544298196812, 14.254443842169714, 14.581229085578714, 15.040502135120068, 15.65264837705718, 16.44722116225508, 17.466819454828116, 18.773506879991448, 20.0, 20.0, 20.0, 20.0, 20.0, 20.0, 20.0, 20.0, 20.0, 20.0, 20.0, 20.0, 20.0, 20.0, 20.0, 20.0, 20.0, 20.0, 20.0, 20.0, 20.0, 20.0, 20.0, 20.0]",25.010467643990943,24.94994678923684,0.6024,-0.9831,0.3246,-0.1582,5.5108,-0.2084,0.0047,-9.802,15.3,,50.0,,,,0.556,-0.0771,0.5613,172.1,14.94,1.22388,1.7665,97.08,4.467,1,50.59,46.293,1,3,10,0.7,9.787,0,1.4858,0,0
1790659300.1606991,47.3981935,8.546441399999999,9.550000190734863,-0.24012304842472076,1.7430849075317383,-9.556818258715793e-05,100.66,-0.3254421619521141,1.6903971108873828,0.0,103.62590195711203,13.594870504827984,13.603996657299687,-0.9188813144442934,-2.965901957112038,2.816443146459263,1.7578748385814054,10.883271917751761,0.3386061140084363,0.011704774401716727,"[20.0, 20.0, 20.0, 20.0, 20.0, 20.0, 20.0, 20.0, 20.0, 20.0, 20.0, 20.0, 20.0, 20.0, 20.0, 20.0, 20.0, 20.0, 20.0, 20.0, 20.0, 20.0, 20.0, 20.0, 20.0, 20.0, 20.0, 20.0, 20.0, 19.463166070529425, 17.93209088543005, 16.742460937295103, 15.813717589624083, 15.091416327027154, 14.538026209416453, 14.127500908467633, 13.841976483478584, 13.669738646203024, 13.603996657299687, 13.594870504827984, 13.666223008960166, 13.844247447246858, 14.135974451389597, 14.553405077696242, 15.114771804435788, 15.846624088815679, 16.787216446808337, 17.99208546319351, 19.543520721042906, 20.0, 20.0, 20.0, 20.0, 20.0, 20.0, 20.0, 20.0, 20.0, 20.0, 20.0, 20.0, 20.0, 20.0, 20.0, 20.0, 20.0, 20.0, 20.0, 20.0, 20.0, 20.0, 20.0]",25.010467643990943,24.94994678923684,0.68,-1.0047,0.1659,-0.134,5.8538,-0.2142,0.0073,-9.7991,15.3,,50.0,,,,0.5922,-0.2416,0.6396,157.81,14.94,1.22388,1.7595,97.84,4.118,1,50.79,46.647,1,3,10,0.7,9.783,0,1.4397,0,0
1790659300.3620312,47.3981931,8.546446099999999,9.54900074005127,-0.26488038897514343,1.7338106632232666,7.732758967904374e-05,101.85000000000001,-0.3596522585942025,1.6766046187180446,0.0,105.06124455670255,13.24729499810357,13.26044607620512,-0.8535364587036853,-3.2112445567025247,3.163882808214191,1.7530166751463376,10.531418474690238,0.38898629254235817,0.016317680078959146,"[20.0, 20.0, 20.0, 20.0, 20.0, 20.0, 20.0, 20.0, 20.0, 20.0, 20.0, 20.0, 20.0, 20.0, 20.0, 20.0, 20.0, 20.0, 20.0, 20.0, 20.0, 20.0, 20.0, 20.0, 20.0, 20.0, 20.0, 20.0, 20.0, 19.379042194807, 17.792509149099942, 16.56260500604615, 15.602810232138053, 14.855024605418198, 14.279342370239313, 13.848075035031705, 13.54213675756734, 13.34882082885331, 13.26044607620512, 13.24729499810357, 13.292633287886813, 13.440927854509086, 13.697994703304584, 14.074288846457772, 14.585984895592722, 15.256786111217535, 16.120865119956054, 17.227680174032717, 18.650082879602916, 20.0, 20.0, 20.0, 20.0, 20.0, 20.0, 20.0, 20.0, 20.0, 20.0, 20.0, 20.0, 20.0, 20.0, 20.0, 20.0, 20.0, 20.0, 20.0, 20.0, 20.0, 20.0, 20.0]",25.010467643990943,24.94994678923684,0.7668,-1.0167,0.2787,0.1165,6.222,-0.2103,0.0025,-9.814,15.3,,50.0,,,,0.6243,-0.3015,0.6933,154.23,14.94,1.22388,1.7539,98.69,3.772,1,50.99,47.0,1,3,10,0.7,9.806,0,1.4073,0,0
1790659300.562258,47.398192599999994,8.5464507,9.54900074005127,-0.2930760681629181,1.7242039442062378,3.434747486608103e-05,103.11,-0.39524799498805085,1.6602498076720824,0.0,106.61662542045775,12.182573478168518,12.182573478168518,-0.7821454676394302,-3.5066254204577376,3.4632014247978744,1.7486610535939957,10.180348585461354,0.43939877910961966,0.019458576435799298,"[20.0, 20.0, 20.0, 20.0, 20.0, 20.0, 20.0, 20.0, 20.0, 20.0, 20.0, 20.0, 20.0, 20.0, 20.0, 20.0, 20.0, 20.0, 20.0, 20.0, 20.0, 20.0, 20.0, 20.0, 20.0, 20.0, 20.0, 20.0, 20.0, 19.327461251791966, 17.677036372649365, 16.40130762464289, 15.406681581766714, 14.63077514020493, 14.03093739924222, 13.577611460304016, 13.250348736416605, 13.035362874727698, 12.182573478168518, 12.907162143776613, 12.926468976749028, 13.045264728304153, 13.268179700168014, 13.604181366558008, 14.0674866462117, 14.679116977799037, 15.469433286737075, 16.482270509938626, 17.78183948890309, 19.464700710547373, 20.0, 20.0, 20.0, 20.0, 20.0, 20.0, 20.0, 20.0, 20.0, 20.0, 20.0, 20.0, 20.0, 20.0, 20.0, 20.0, 20.0, 20.0, 20.0, 20.0, 20.0, 20.0]",25.010467643990943,24.94994678923684,0.8547,-1.0076,0.3322,0.1755,6.5821,-0.2098,0.0028,-9.8077,15.3,,50.0,,,,0.6314,-0.1927,0.6601,163.03,14.94,1.22388,1.7489,99.65,3.429,1,51.19,47.353,1,3,10,0.7,9.797,0,1.4189,0,0
1790659300.763008,47.398191999999995,8.5464553,9.550000190734863,-0.3222945034503937,1.712042212486267,-0.0004917465848848224,104.47,-0.4329735414654296,1.6413382043173348,0.0,108.30915571904825,12.560239286930049,12.598021596957206,-0.7064549108115579,-3.83915571904825,3.808755312915217,1.7421131983147145,9.832425250172271,0.4894825149507581,0.02169278957306566,"[20.0, 20.0, 20.0, 20.0, 20.0, 20.0, 20.0, 20.0, 20.0, 20.0, 20.0, 20.0, 20.0, 20.0, 20.0, 20.0, 20.0, 20.0, 20.0, 20.0, 20.0, 20.0, 20.0, 20.0, 20.0, 20.0, 20.0, 20.0, 20.0, 19.3271942169371, 17.600051315190573, 16.26993904992224, 15.234542612216968, 14.426267491167062, 13.799166832769314, 13.32147525939167, 12.971165362453355, 12.733231867000239, 12.598021596957206, 12.560239286930049, 12.570199092307503, 12.659226467307873, 12.848002417159321, 13.144042094498875, 13.559677294887248, 14.113375651342313, 14.83190409693708, 15.75384715279317, 16.935433308644054, 18.460524156921387, 20.0, 20.0, 20.0, 20.0, 20.0, 20.0, 20.0, 20.0, 20.0, 20.0, 20.0, 20.0, 20.0, 20.0, 20.0, 20.0, 20.0, 20.0, 20.0, 20.0, 20.0, 20.0]",25.010467643990943,24.94994678923684,0.9451,-0.9873,0.4397,0.1079,7.1734,-0.2079,0.0057,-9.8134,15.3,,50.0,,,,0.6054,-0.2158,0.6427,160.38,14.94,1.22388,1.7421,100.66,3.092,1,51.39,47.704,1,3,10,0.7,9.832,0,1.4207,0,0
1790659300.9641235,47.398191399999995,8.5464598,9.552000045776367,-0.3534141778945923,1.695986032485962,-0.00037975431769154966,105.96000000000001,-0.4738384447545836,1.621238269931763,0.0,110.10318071695497,12.221390512517145,12.286085933437976,-0.6264576418634401,-4.143180716954987,4.188999303092691,1.7321124136265225,9.489731431004868,0.5388687486590443,0.019628013731392342,"[20.0, 20.0, 20.0, 20.0, 20.0, 20.0, 20.0, 20.0, 20.0, 20.0, 20.0, 20.0, 20.0, 20.0, 20.0, 20.0, 20.0, 20.0, 20.0, 20.0, 20.0, 20.0, 20.0, 20.0, 20.0, 20.0, 20.0, 20.0, 20.0, 19.40053500428674, 17.578209505397837, 16.181412057727115, 15.096695340164146, 14.249906957209955, 13.591009740389813, 13.085540194732047, 12.709579892518049, 12.446700972679027, 12.286085933437976, 12.221390512517145, 12.226824614007933, 12.285360082652309, 12.439586910504467, 12.695584642791204, 13.063853134527347, 13.560411085597748, 14.208617779828092, 15.042132552530836, 16.109779613269126, 17.483790712258447, 19.27440405350543, 20.0, 20.0, 20.0, 20.0, 20.0, 20.0, 20.0, 20.0, 20.0, 20.0, 20.0, 20.0, 20.0, 20.0, 20.0, 20.0, 20.0, 20.0, 20.0, 20.0, 20.0]",25.010467643990943,24.94994678923684,1.042,-0.9824,0.3551,0.0229,7.819,-0.2058,0.0116,-9.796,15.3,,50.0,,,,0.7741,-0.1962,0.7986,165.78,14.94,1.22388,1.7324,101.77,2.765,1,51.59,48.05,1,3,10,0.7,9.868,0,1.3331,0,0
1790659301.1652293,47.3981907,8.5464643,9.555000305175781,-0.38877901434898376,1.6782745122909546,-0.000783978495746851,107.57000000000001,-0.4904453929532728,1.5195594191603683,0.0,111.53549844120482,11.16116697215187,11.987976606213731,-0.5390873973776316,-3.9654984412048293,4.527261822224038,1.7209737861778411,9.150811245321394,0.5876075035509158,0.027117177694772312,"[20.0, 20.0, 20.0, 20.0, 20.0, 20.0, 20.0, 20.0, 20.0, 20.0, 20.0, 20.0, 20.0, 20.0, 20.0, 20.0, 20.0, 20.0, 20.0, 20.0, 20.0, 20.0, 20.0, 20.0, 20.0, 20.0, 20.0, 20.0, 20.0, 19.5519238312917, 17.613297576477475, 16.136159529879976, 14.992886969819716, 14.101118339006524, 13.405776229605598, 12.869126841556938, 12.465003910230752, 12.175329566961075, 11.987976606213731, 11.16116697215187, 11.894192887707945, 11.924215790711816, 12.043827701778572, 12.260115914849488, 12.581820894063371, 13.022644792424208, 13.60276429982994, 14.351293083023426, 15.310304533807136, 16.54157052185969, 18.13831031535535, 20.0, 20.0, 20.0, 20.0, 20.0, 20.0, 20.0, 20.0, 20.0, 20.0, 20.0, 20.0, 20.0, 20.0, 20.0, 20.0, 20.0, 20.0, 20.0, 20.0, 20.0]",25.010467643990943,24.94994678923684,1.1334,-0.9955,0.3015,0.0379,8.5305,-0.198,0.0107,-9.7985,15.3,,50.0,,,,0.8978,-0.1024,0.9036,173.5,14.94,1.22388,1.7227,103.04,2.448,1,51.79,48.394,1,3,10,0.7,9.864,0,1.2709,0,0
1790659301.3659418,47.39819,8.5464687,9.56100082397461,-0.4250137507915497,1.6546143293380737,-0.0014525854494422674,109.3,-0.4774559614871789,1.358060503988774,0.0,110.17797220249105,11.552429239353456,11.705426523440096,-0.4447781200094133,-0.877972202491037,4.894120214540095,1.703150965606639,8.816222862824105,0.6354516048456901,0.20615217628297278,"[20.0, 20.0, 20.0, 20.0, 20.0, 20.0, 20.0, 20.0, 20.0, 20.0, 20.0, 20.0, 20.0, 20.0, 20.0, 20.0, 20.0, 20.0, 20.0, 20.0, 20.0, 20.0, 20.0, 20.0, 20.0, 20.0, 20.0, 20.0, 20.0, 19.79563200136545, 17.714453845897207, 16.14040010977468, 14.92758702952296, 13.983284016689076, 13.246157665228207, 12.674484911093055, 12.23941028906458, 11.920928322665649, 11.705426523440096, 11.584174983436789, 11.552429239353456, 11.577567939756895, 11.662606862853172, 11.839678122936842, 12.115839588908786, 12.502616611344878, 13.017238255349094, 13.68466278502827, 14.540872455773872, 15.638334896996358, 17.055379805857292, 18.91310320419606, 20.0, 20.0, 20.0, 20.0, 20.0, 20.0, 20.0, 20.0, 20.0, 20.0, 20.0, 20.0, 20.0, 20.0, 20.0, 20.0, 20.0, 20.0, 20.0, 20.0]",25.010467643990943,24.94994678923684,1.2095,-0.544,0.0407,2.2258,8.7704,-0.2053,0.0159,-9.795,15.3,,50.0,,,,0.8252,-0.1877,0.8463,167.19,14.94,1.22388,1.7083,104.41,2.145,1,51.99,48.736,1,3,10,0.7,9.791,0,1.2852,0,0
1790659301.7686303,47.398188399999995,8.546477099999999,9.568000793457031,-0.46916988492012024,1.539334774017334,-0.0007513830787502229,111.62,-0.23542214389770658,0.5940025866801416,0.0,116.42354309082032,10.205505512647186,11.145524613204687,-0.631543545068091,-79.39426776804075,4.669437740967629,0.49459999636998264,8.177465488754653,0.7258557769666311,0.051500373357313056,"[20.0, 20.0, 20.0, 20.0, 20.0, 20.0, 20.0, 20.0, 20.0, 20.0, 20.0, 20.0, 20.0, 20.0, 20.0, 20.0, 20.0, 20.0, 20.0, 20.0, 20.0, 20.0, 20.0, 20.0, 20.0, 20.0, 20.0, 20.0, 20.0, 19.842438405400774, 17.58342899636092, 15.894815240397364, 14.603517070587529, 13.602006642454699, 12.82035618918624, 12.211546889905367, 11.743259727506022, 11.393067648232527, 11.145524613204687, 10.990374485449053, 10.205505512647186, 10.936120813540606, 10.986943376635557, 11.113475306599039, 11.33018984548665, 11.645919613434238, 12.07427682355437, 12.63518220077319, 13.357349676245208, 14.282359418823892, 15.471525597225156, 17.01797988132466, 19.069163424020644, 20.0, 20.0, 20.0, 20.0, 20.0, 20.0, 20.0, 20.0, 20.0, 20.0, 20.0, 20.0, 20.0, 20.0, 20.0, 20.0, 20.0, 20.0, 20.0]",24.965602776211675,-0.017852217131469672,0.9331,0.5952,-1.2057,-0.7623,1.4444,-0.1864,0.0168,-9.8027,15.3,,50.0,,,,0.6571,-0.0642,0.6602,174.42,14.94,1.22388,1.6092,106.95,24.238,1,52.4,49.395,1,3,10,0.7,9.846,0,1.2792,0,0
1790659301.9674463,47.3981876,8.546481,9.571000099182129,-0.46566784381866455,1.4329215288162231,-0.023692375048995018,111.88,-0.026086471873537104,0.06495764762667408,0.0,116.68709075927734,10.628332929367195,10.855118828252428,-0.9218903276047475,-78.9522476334467,3.8769831442432428,0.4726654910575149,7.881792304873285,0.7678194980588519,0.0,"[20.0, 20.0, 20.0, 20.0, 20.0, 20.0, 20.0, 20.0, 20.0, 20.0, 20.0, 20.0, 20.0, 20.0, 20.0, 20.0, 20.0, 20.0, 20.0, 20.0, 20.0, 20.0, 20.0, 20.0, 20.0, 20.0, 20.0, 20.0, 20.0, 19.44129192222018, 17.207890500292716, 15.540844807942175, 14.267260465953594, 13.28002134928036, 12.509610486877541, 11.909353250867635, 11.44719470506929, 11.100894018619755, 10.855118828252428, 10.699657913096573, 10.628332929367195, 10.638380926605258, 10.693327401906458, 10.81212140964546, 11.018383064684818, 11.320498811147418, 11.731449723167145, 12.270262577000906, 12.964368748380348, 13.853467137856006, 14.996025680404603, 16.480691387583832, 18.447458901994267, 20.0, 20.0, 20.0, 20.0, 20.0, 20.0, 20.0, 20.0, 20.0, 20.0, 20.0, 20.0, 20.0, 20.0, 20.0, 20.0, 20.0, 20.0, 20.0]",24.965602776211675,-0.017852217131469672,1.3094,4.4772,2.7723,19.4329,2.8423,-0.1623,0.0057,-9.8137,15.3,,50.0,,,,0.699,-0.1169,0.7087,170.5,14.94,1.22387,1.5067,108.0,24.13,1,52.59,49.704,1,3,10,0.7,9.826,0,1.1523,0,0
1790659302.1688428,47.3981868,8.5464843,9.579000473022461,-0.41687914729118347,1.1788339614868164,-0.03532018885016441,113.04,-0.02739615667860419,0.0644162293156109,0.0,117.85398582458498,10.375090430307512,10.643486366442227,-1.1716570798536272,-77.6426925436006,3.5645281260518087,0.41069754893096383,7.627824747974417,0.8033630856345578,0.0,"[20.0, 20.0, 20.0, 20.0, 20.0, 20.0, 20.0, 20.0, 20.0, 20.0, 20.0, 20.0, 20.0, 20.0, 20.0, 20.0, 20.0, 20.0, 20.0, 20.0, 20.0, 20.0, 20.0, 20.0, 20.0, 20.0, 20.0, 20.0, 20.0, 19.58906078786788, 17.245562011603607, 15.508286112507044, 14.18708593216871, 13.165660127718036, 12.369250267525407, 11.748005790306129, 11.267834830664764, 10.905109655017826, 10.643486366442227, 10.47195278068595, 10.383632787664736, 10.375090430307512, 10.429233320975607, 10.526214597041331, 10.707270123817642, 10.97968763927994, 11.355003407718684, 11.850265589266582, 12.490093235179861, 13.310035162880943, 14.362179512670604, 15.724891661895844, 17.520626041274696, 19.950781577167046, 20.0, 20.0, 20.0, 20.0, 20.0, 20.0, 20.0, 20.0, 20.0, 20.0, 20.0, 20.0, 20.0, 20.0, 20.0, 20.0, 20.0, 20.0]",24.965602776211675,-0.017852217131469672,1.5223,8.7061,-1.3183,13.4475,7.8086,-0.1341,0.006,-9.8333,15.3,,50.0,,,,0.7323,-0.2046,0.7604,164.39,14.94,1.22387,1.2504,109.48,24.033,1,52.8,49.972,1,3,10,0.7,9.823,0,0.8702,0,0
1790659302.3680823,47.3981862,8.546486699999999,9.583000183105469,-0.32560622692108154,0.8400153517723083,-0.007438872009515762,114.79,-0.02935055472997219,0.06354954710336579,0.0,119.59242156982424,9.447031242846855,10.534819663576739,-1.351861911315361,-75.79333196985851,3.6027039201657214,0.31499422274569605,7.4448257226021735,0.8278098396887561,0.0,"[20.0, 20.0, 20.0, 20.0, 20.0, 20.0, 20.0, 20.0, 20.0, 20.0, 20.0, 20.0, 20.0, 20.0, 20.0, 20.0, 20.0, 20.0, 20.0, 20.0, 20.0, 20.0, 20.0, 20.0, 20.0, 20.0, 20.0, 20.0, 20.0, 20.0, 17.666012014783632, 15.777450121104797, 14.352359986397747, 13.25591199149968, 12.40279378225929, 11.736767878466022, 11.219664065388141, 10.82511203561099, 10.534819663576739, 10.336301018265498, 10.221478610855765, 9.447031242846855, 10.228036036793732, 10.302896757022083, 10.451294618057162, 10.686549519476307, 11.018427258195972, 11.461604566433508, 12.037377247237421, 12.776436806823508, 13.723460757799952, 14.944961813670169, 16.543362313598674, 18.68384040043099, 20.0, 20.0, 20.0, 20.0, 20.0, 20.0, 20.0, 20.0, 20.0, 20.0, 20.0, 20.0, 20.0, 20.0, 20.0, 20.0, 20.0, 20.0]",24.965602776211675,-0.017852217131469672,1.3663,8.7602,-2.735,-7.1562,10.1586,-0.1005,0.0073,-9.8388,15.3,,50.0,,,,0.7263,-0.1643,0.7446,167.25,14.94,1.22387,0.9009,111.19,23.958,1,53.0,50.168,1,3,10,0.7,9.804,0,0.5286,0,0
1790659302.5688286,47.3981857,8.546488199999999,9.582000732421875,-0.234286829829216,0.5401425957679749,0.008650044910609722,116.66,-0.031408663879843014,0.0625579398100916,0.0,121.46507087707516,10.077320681558811,10.51445821370386,-1.4624494774280585,-73.87118161085327,3.2112130486044306,0.22498685599014082,7.332605372874124,0.8411133082611635,0.0,"[20.0, 20.0, 20.0, 20.0, 20.0, 20.0, 20.0, 20.0, 20.0, 20.0, 20.0, 20.0, 20.0, 20.0, 20.0, 20.0, 20.0, 20.0, 20.0, 20.0, 20.0, 20.0, 20.0, 20.0, 20.0, 20.0, 20.0, 20.0, 20.0, 20.0, 18.327834968149745, 16.238363696925514, 14.676826447490566, 13.482878993415468, 12.55694783204126, 11.834298419273477, 11.271413470897484, 10.83838467899798, 10.51445821370386, 10.28533826403317, 10.141527967206777, 10.077320681558811, 10.090230913892478, 10.15837113740672, 10.274723632589975, 10.474412625390732, 10.765573795658288, 11.160753513917317, 11.678317002406658, 12.344736875151805, 13.19834402983291, 14.295650425867105, 15.722469333848089, 17.614603792268245, 20.0, 20.0, 20.0, 20.0, 20.0, 20.0, 20.0, 20.0, 20.0, 20.0, 20.0, 20.0, 20.0, 20.0, 20.0, 20.0, 20.0, 20.0]",24.965602776211675,-0.017852217131469672,1.0591,6.6734,-2.7029,-11.4964,10.6278,-0.074,-0.0055,-9.8664,15.3,,50.0,,,,0.7266,-0.1698,0.7462,166.85,14.94,1.22387,0.5888,113.45,23.907,1,53.2,50.29,1,3,10,0.7,9.819,0,0.2157,0,0
1790659302.7693627,47.3981855,8.546489,9.577000617980957,-0.16157564520835876,0.32123294472694397,0.011183764785528183,118.57000000000001,-0.033476245707284656,0.061476344827465994,0.0,123.39128143310546,9.288431801292719,10.561400487965335,-1.522675397915599,-71.94462730565844,1.868248293936397,0.1552318309633894,7.271472089364165,0.8460641860910689,0.0,"[20.0, 20.0, 20.0, 20.0, 20.0, 20.0, 20.0, 20.0, 20.0, 20.0, 20.0, 20.0, 20.0, 20.0, 20.0, 20.0, 20.0, 20.0, 20.0, 20.0, 20.0, 20.0, 20.0, 20.0, 20.0, 20.0, 20.0, 20.0, 20.0, 20.0, 19.19915584941663, 16.85895197735993, 15.129901214083793, 13.817902465436308, 12.80496547738153, 12.015594636138722, 11.399615510609536, 10.922788094850274, 10.561400487965335, 10.299032109959384, 10.12456965741795, 10.030989650241306, 9.288431801292719, 10.074901193107973, 10.16055334910817, 10.326670987150335, 10.580170546725107, 10.931719860732334, 11.397154480756587, 11.99936829693638, 12.771393492536642, 13.761527462744981, 15.042190781923129, 16.72602916582976, 18.99717221003754, 20.0, 20.0, 20.0, 20.0, 20.0, 20.0, 20.0, 20.0, 20.0, 20.0, 20.0, 20.0, 20.0, 20.0, 20.0, 20.0, 20.0]",24.965602776211675,-0.017852217131469672,0.7774,4.4985,-1.9805,-9.8553,10.701,-0.0533,0.0023,-9.8581,15.3,,50.0,,,,0.6102,-0.1529,0.6291,165.93,14.94,1.22387,0.3596,116.7,23.875,1,53.4,50.359,1,3,10,0.7,9.766,0,0.045,0,0
1790659302.9713645,47.398185299999994,8.5464894,9.570000648498535,-0.11045553535223007,0.1768161952495575,0.0095423748716712,120.51,-0.035538211652124875,0.06030783956144321,0.0,125.33348442077636,9.981619484248958,10.656743838261308,-1.5521083029221954,-70.01052936211464,-1.030130769335244,0.1067383469422676,7.241511342778564,0.8454885589407457,0.0,"[20.0, 20.0, 20.0, 20.0, 20.0, 20.0, 20.0, 20.0, 20.0, 20.0, 20.0, 20.0, 20.0, 20.0, 20.0, 20.0, 20.0, 20.0, 20.0, 20.0, 20.0, 20.0, 20.0, 20.0, 20.0, 20.0, 20.0, 20.0, 20.0, 20.0, 20.0, 17.626500039829825, 15.695141917685499, 14.24292381444205, 13.128135152420416, 12.261732807602161, 11.585321067458604, 11.05940388199646, 10.656743838261308, 10.35843908428096, 10.151535493029524, 10.027556837999967, 9.981619484248958, 10.011950613900071, 10.088878369252305, 10.22269124851963, 10.440629030391289, 10.75167084726642, 11.169430864377313, 11.713720133841074, 12.413084008849316, 13.30898185764826, 14.462893321751691, 15.96896316115759, 17.977883304628612, 20.0, 20.0, 20.0, 20.0, 20.0, 20.0, 20.0, 20.0, 20.0, 20.0, 20.0, 20.0, 20.0, 20.0, 20.0, 20.0, 20.0]",24.965602776211675,-0.017852217131469672,0.5642,2.833,-1.3296,-7.0415,10.6086,-0.0327,0.0051,-9.8409,15.3,,50.0,,,,0.6232,-0.1849,0.6501,163.48,14.94,1.22387,0.2085,121.99,23.854,1,53.6,50.396,1,3,10,0.7,9.764,0,0.0,0,0
1790659303.172715,47.3981852,8.5464895,9.563000679016113,-0.0773901492357254,0.08807460218667984,0.0076591637916862965,122.5,-0.03761097258427767,0.05903740120690199,0.0,127.32431983947754,9.397183444410434,10.78865416166571,-1.5653054797082342,-68.03968374185817,-3.423685249930259,0.07548272368325569,7.227971575434472,0.8414035299289309,0.0,"[20.0, 20.0, 20.0, 20.0, 20.0, 20.0, 20.0, 20.0, 20.0, 20.0, 20.0, 20.0, 20.0, 20.0, 20.0, 20.0, 20.0, 20.0, 20.0, 20.0, 20.0, 20.0, 20.0, 20.0, 20.0, 20.0, 20.0, 20.0, 20.0, 20.0, 20.0, 18.55094738292039, 16.37327249779302, 14.753643038260368, 13.519223046283113, 12.563653869090267, 11.818256887463178, 11.237085715843756, 10.78865416166571, 10.451126778742738, 10.209420801289024, 10.053425209642182, 9.976912573372692, 9.397183444410434, 10.044777388943942, 10.146633383022658, 10.329999111438285, 10.60228908142152, 10.975110867991402, 11.465548282190998, 12.098249629305284, 12.908839955209045, 13.949639764975064, 15.299642062875959, 17.08288059828712, 19.50467615430739, 20.0, 20.0, 20.0, 20.0, 20.0, 20.0, 20.0, 20.0, 20.0, 20.0, 20.0, 20.0, 20.0, 20.0, 20.0, 20.0]",24.965602776211675,-0.017852217131469672,0.4137,1.7068,-0.8746,-4.4765,10.4167,-0.0117,-0.0067,-9.8341,15.3,,50.0,,,,0.4226,-0.1412,0.4456,161.52,14.94,1.22388,0.1172,131.31,23.84,1,53.8,50.416,1,3,10,0.7,9.746,0,0.0,0,0
1790659303.373509,47.3981851,8.5464896,9.557000160217285,-0.05713733285665512,0.036866143345832825,0.006038399413228035,124.7,-0.0396786369508673,0.05766806542377911,0.0,129.35096672058103,9.250481985475218,10.844661588240758,-1.5717603866310372,-66.03571949254895,-4.9862968553339275,0.05632215703842562,7.221252132129237,0.8351520743260579,0.0,"[20.0, 20.0, 20.0, 20.0, 20.0, 20.0, 20.0, 20.0, 20.0, 20.0, 20.0, 20.0, 20.0, 20.0, 20.0, 20.0, 20.0, 20.0, 20.0, 20.0, 20.0, 20.0, 20.0, 20.0, 20.0, 20.0, 20.0, 20.0, 20.0, 20.0, 20.0, 19.642499016488145, 17.165018627975346, 15.346216231916449, 13.972073648963725, 12.914001628696541, 12.0904370167587, 11.44751704169314, 10.948638968907566, 10.568500736324044, 10.28955569636526, 10.09984625268246, 9.991671578537789, 9.250481985475218, 10.006023719658868, 10.08946455979396, 10.23895678947065, 10.47385680536031, 10.803943151782137, 11.24386927782645, 11.814878052216388, 12.547589712902564, 13.486617280464323, 14.69847558486657, 16.285803350768393, 18.414590474179114, 20.0, 20.0, 20.0, 20.0, 20.0, 20.0, 20.0, 20.0, 20.0, 20.0, 20.0, 20.0, 20.0, 20.0, 20.0, 20.0]",24.965602776211675,-0.017852217131469672,0.3132,1.0076,-0.4913,-2.7526,10.3902,-0.0163,0.0021,-9.8205,15.3,,50.0,,,,0.6322,-0.1243,0.6443,168.87,14.94,1.22388,0.068,147.17,23.828,1,54.0,50.429,1,3,10,0.7,9.778,0,0.0,0,0
1790659303.5736573,47.398185,8.5464897,9.554000854492188,-0.04610658809542656,0.00908251665532589,0.00413657957687974,126.72,-0.04169649801697645,0.05622634661011044,0.0,131.36279350280762,9.958952372547696,10.924508705657695,-1.5764865898853817,-64.03487473994105,-6.017558759587545,0.04589597099550178,7.216292379139455,0.8275712371548898,0.0,"[20.0, 20.0, 20.0, 20.0, 20.0, 20.0, 20.0, 20.0, 20.0, 20.0, 20.0, 20.0, 20.0, 20.0, 20.0, 20.0, 20.0, 20.0, 20.0, 20.0, 20.0, 20.0, 20.0, 20.0, 20.0, 20.0, 20.0, 20.0, 20.0, 20.0, 20.0, 20.0, 18.06554475259035, 16.01310165270693, 14.4783879952741, 13.304523012181036, 12.393981258734385, 11.683309957220743, 11.129829864729823, 10.704199164139512, 10.386056263441168, 10.161380881324583, 10.020870224906965, 9.958952372547696, 9.97323118788762, 10.047132808435508, 10.163786850759685, 10.362976562773202, 10.652824862505962, 11.04583802043121, 11.560311923953074, 12.222617312214826, 13.070946741907584, 14.161635271139566, 15.58028798896388, 17.462508452943954, 20.0, 20.0, 20.0, 20.0, 20.0, 20.0, 20.0, 20.0, 20.0, 20.0, 20.0, 20.0, 20.0, 20.0, 20.0, 20.0]",24.965602776211675,-0.017852217131469672,0.2542,0.5932,-0.2675,-1.5202,10.152,-0.013,-0.0026,-9.8027,15.3,,50.0,,,,0.616,-0.0795,0.6212,172.65,14.94,1.22388,0.047,168.86,23.816,1,54.2,50.442,1,3,10,0.7,9.793,0,0.0,0,0
1790659303.7744136,47.398184799999996,8.5464898,9.553000450134277,-0.041690580546855927,-0.005769566632807255,0.0030797829385846853,128.7,-0.04361425939176623,0.05475213582781707,0.0,133.35892967224117,9.213217688497686,11.037276965204626,-1.5804239147718913,-62.08433026506569,-6.881188333889995,0.041808172658935334,7.212115028175287,0.8190383606941392,0.0,"[20.0, 20.0, 20.0, 20.0, 20.0, 20.0, 20.0, 20.0, 20.0, 20.0, 20.0, 20.0, 20.0, 20.0, 20.0, 20.0, 20.0, 20.0, 20.0, 20.0, 20.0, 20.0, 20.0, 20.0, 20.0, 20.0, 20.0, 20.0, 20.0, 20.0, 20.0, 20.0, 19.066386082252166, 16.74483120822828, 15.029228821689971, 13.727265808852538, 12.72199740644438, 11.938577155763914, 11.327252489753874, 10.85406705970818, 10.495504262511613, 10.235279690165292, 10.06237483749292, 9.969830653693327, 9.213217688497686, 10.014392511637961, 10.104298215731689, 10.269981946139685, 10.522608255901744, 10.872811953059973, 11.336375354241142, 11.936113765167612, 12.70494728186521, 13.691015062373491, 14.966513780277864, 16.64376969337331, 18.906453283488396, 20.0, 20.0, 20.0, 20.0, 20.0, 20.0, 20.0, 20.0, 20.0, 20.0, 20.0, 20.0, 20.0, 20.0, 20.0]",24.965602776211675,-0.017852217131469672,0.2158,0.3619,-0.2029,-0.7587,10.08,-0.0081,-0.0089,-9.801,15.3,,50.0,,,,0.6501,-0.1965,0.6791,163.18,14.94,1.22388,0.0421,187.88,23.804,1,54.4,50.455,1,3,10,0.7,9.809,0,0.0,0,0
1790659303.973922,47.398184699999995,8.5464898,9.553000450134277,-0.042183324694633484,-0.011682221665978432,0.002665690379217267,130.67000000000002,-0.045619094937508424,0.05309329691291164,0.0,135.49276344299318,9.945269578924066,11.184163040780996,-1.5859884650627332,-59.98618600884798,-7.521136835038841,0.04243463555072035,7.20626996264687,0.8088911836282204,0.0,"[20.0, 20.0, 20.0, 20.0, 20.0, 20.0, 20.0, 20.0, 20.0, 20.0, 20.0, 20.0, 20.0, 20.0, 20.0, 20.0, 20.0, 20.0, 20.0, 20.0, 20.0, 20.0, 20.0, 20.0, 20.0, 20.0, 20.0, 20.0, 20.0, 20.0, 20.0, 20.0, 20.0, 17.633548102486213, 15.690769634663212, 14.231157679511718, 13.11128359918224, 12.241167889960602, 11.56187009226309, 11.033558092956836, 10.628774664491273, 10.32846455301549, 10.119558021229613, 9.993483359212801, 9.945269578924066, 9.973055327060177, 10.053061591980091, 10.183860196256022, 10.398287724861616, 10.705164403787629, 11.117892085431663, 11.655986946819075, 12.347569420777592, 13.233462601024629, 14.374151656581683, 15.862146765940215, 17.845282604788387, 20.0, 20.0, 20.0, 20.0, 20.0, 20.0, 20.0, 20.0, 20.0, 20.0, 20.0, 20.0, 20.0, 20.0, 20.0]",24.965602776211675,-0.017852217131469672,0.1875,0.2475,-0.17,-0.2388,10.04,-0.0069,-0.0053,-9.8083,15.3,,50.0,,,,0.5733,-0.2182,0.6134,159.16,14.94,1.22388,0.0438,195.48,23.788,1,54.6,50.472,1,3,10,0.7,9.815,0,0.0,0,0
1790659304.174527,47.3981845,8.54649,9.554000854492188,-0.0459275022149086,-0.012695122510194778,0.0018818703247234225,132.66,-0.04743525062290715,0.05147715025467111,0.0,137.46810928344723,9.238267157927194,11.35747323447928,-1.5928631807354854,-58.02429600485789,-8.04027796141097,0.04620439917042221,7.199085169294666,0.7985404266264959,0.0,"[20.0, 20.0, 20.0, 20.0, 20.0, 20.0, 20.0, 20.0, 20.0, 20.0, 20.0, 20.0, 20.0, 20.0, 20.0, 20.0, 20.0, 20.0, 20.0, 20.0, 20.0, 20.0, 20.0, 20.0, 20.0, 20.0, 20.0, 20.0, 20.0, 20.0, 20.0, 20.0, 20.0, 18.575663750802327, 16.3828433075246, 14.753504317838628, 13.512473147667098, 12.552144731146486, 11.803128018274867, 11.219044319763302, 10.768129988069907, 10.42836082456037, 10.184516856839613, 10.026379134031862, 9.947627110655937, 9.238267157927194, 10.016471657355963, 10.115541465283934, 10.295730053653026, 10.564313441312716, 10.932718452299248, 11.417782356009031, 12.043803610601442, 12.845891084255205, 13.875571216233668, 15.210555829207959, 16.97269023437391, 19.363281905367963, 20.0, 20.0, 20.0, 20.0, 20.0, 20.0, 20.0, 20.0, 20.0, 20.0, 20.0, 20.0, 20.0, 20.0]",24.965602776211675,-0.017852217131469672,0.1667,0.2118,-0.0996,0.0766,10.1896,-0.0039,-0.0037,-9.8068,15.3,,50.0,,,,0.5853,-0.2009,0.6189,161.05,14.94,1.22388,0.0476,195.45,23.769,1,54.8,50.492,1,3,10,0.7,9.813,0,0.0,0,0
1790659304.37563,47.3981843,8.54649,9.555000305175781,-0.04922645911574364,-0.013508056290447712,0.0018508824286982417,134.68,-0.04922025808976336,0.04977314731436101,0.0,139.4986664581299,9.33238095600167,11.55854192566309,-1.5986637990069588,-56.035953733904876,-8.437420124504415,0.049524550016873725,7.193002153499869,0.7868129231699093,0.0,"[20.0, 20.0, 20.0, 20.0, 20.0, 20.0, 20.0, 20.0, 20.0, 20.0, 20.0, 20.0, 20.0, 20.0, 20.0, 20.0, 20.0, 20.0, 20.0, 20.0, 20.0, 20.0, 20.0, 20.0, 20.0, 20.0, 20.0, 20.0, 20.0, 20.0, 20.0, 20.0, 20.0, 19.670546074462713, 17.176149552171815, 15.34683582522364, 13.965729521691935, 12.902769692183401, 12.075575702992882, 11.429801122785289, 10.928540206272997, 10.546289850576157, 10.265361272339097, 10.073688543760298, 9.963480573201075, 9.33238095600167, 9.973222323214479, 10.060566112695444, 10.207231152241919, 10.438857000495567, 10.76507020035172, 11.200320247827756, 11.765565053515708, 12.491011088113657, 13.42064600220439, 14.619996165892449, 16.190053422623308, 18.293880593065676, 20.0, 20.0, 20.0, 20.0, 20.0, 20.0, 20.0, 20.0, 20.0, 20.0, 20.0, 20.0, 20.0, 20.0]",24.965602776211675,-0.017852217131469672,0.1532,0.2076,-0.1259,0.1034,10.37,0.0021,-0.012,-9.7981,15.3,,50.0,,,,0.6159,-0.1835,0.6427,163.41,14.94,1.22388,0.051,195.34,23.749,1,55.0,50.514,1,3,10,0.7,9.834,0,0.0,0,0
1790659304.576389,47.398184099999995,8.5464901,9.558000564575195,-0.05209708213806152,-0.015708616003394127,0.0016365981427952647,136.72,-0.05096084763563367,0.04798949893734804,0.0,141.5463568878174,9.931049203316814,11.789659415810874,-1.6014639797459327,-54.03200995979762,-8.932286859441577,0.052447549812647445,7.189953897413709,0.7734891111001823,0.0,"[20.0, 20.0, 20.0, 20.0, 20.0, 20.0, 20.0, 20.0, 20.0, 20.0, 20.0, 20.0, 20.0, 20.0, 20.0, 20.0, 20.0, 20.0, 20.0, 20.0, 20.0, 20.0, 20.0, 20.0, 20.0, 20.0, 20.0, 20.0, 20.0, 20.0, 20.0, 20.0, 20.0, 20.0, 18.09005526316636, 16.023395806599844, 14.4794224753076, 13.29916381949343, 12.383961533333748, 11.669706364385657, 11.113315778125328, 10.68518606480586, 10.36477534459304, 10.13793064143436, 9.995243395892267, 9.931049203316814, 9.942862613116374, 10.021245312942746, 10.135084693671809, 10.33106928935198, 10.617179413962212, 11.005734084657163, 11.514772135191155, 12.170296944106568, 13.009954654116958, 14.089231801808966, 15.492349044556525, 17.352512736820582, 19.89238047492079, 20.0, 20.0, 20.0, 20.0, 20.0, 20.0, 20.0, 20.0, 20.0, 20.0, 20.0, 20.0, 20.0]",24.965602776211675,-0.017852217131469672,0.1285,0.1997,-0.0961,-0.0209,10.36,-0.0069,-0.0063,-9.7951,15.3,,50.0,,,,0.6502,-0.2405,0.6933,159.7,14.94,1.22388,0.0544,196.78,23.727,1,55.2,50.535,1,3,10,0.7,9.858,0,0.0,0,0
1790659304.777065,47.398184,8.5464901,9.562000274658203,-0.05369965359568596,-0.01661098003387451,0.0012072075624018908,138.77,-0.05264489417440808,0.04613583333337952,0.0,143.59174491882322,9.214588373010937,12.052321351464395,-1.6037747938637723,-52.02311570923739,-9.038784542021267,0.05383117212968954,7.187444600764003,0.7589853576392466,0.0,"[20.0, 20.0, 20.0, 20.0, 20.0, 20.0, 20.0, 20.0, 20.0, 20.0, 20.0, 20.0, 20.0, 20.0, 20.0, 20.0, 20.0, 20.0, 20.0, 20.0, 20.0, 20.0, 20.0, 20.0, 20.0, 20.0, 20.0, 20.0, 20.0, 20.0, 20.0, 20.0, 20.0, 20.0, 19.13956781990356, 16.79003679121413, 15.056341453167713, 13.741966548862862, 12.72773775743059, 11.937537132153233, 11.320841967481984, 10.843203583524328, 10.480773594750477, 10.217030964375425, 10.040776971124158, 9.944904162693302, 9.214588373010937, 9.98233660400215, 10.07685199722926, 10.238374141452818, 10.486265600852416, 10.830934066085602, 11.28785709904953, 11.879422119659273, 12.637922514119909, 13.610539041240465, 14.867931337104256, 16.519819611274393, 18.745144012378905, 20.0, 20.0, 20.0, 20.0, 20.0, 20.0, 20.0, 20.0, 20.0, 20.0, 20.0, 20.0, 20.0]",24.965602776211675,-0.017852217131469672,0.1078,0.1825,-0.0977,-0.0373,10.2844,0.0084,0.0001,-9.8087,15.3,,50.0,,,,0.6793,-0.3328,0.7564,153.9,14.94,1.22388,0.0562,197.19,23.706,1,55.4,50.556,1,3,10,0.7,9.853,0,0.0,0,0
1790659304.9773533,47.3981838,8.5464902,9.565000534057617,-0.05507796257734299,-0.015649979934096336,0.0015656856121495366,140.83,-0.054269271856125394,0.044213641924251784,0.0,145.6344986724854,9.920571770985394,12.348401942790716,-1.6067247304760965,-50.00916899854198,-8.9051095639568,0.05521891157631034,7.184340389538438,0.7434453580540524,0.0,"[20.0, 20.0, 20.0, 20.0, 20.0, 20.0, 20.0, 20.0, 20.0, 20.0, 20.0, 20.0, 20.0, 20.0, 20.0, 20.0, 20.0, 20.0, 20.0, 20.0, 20.0, 20.0, 20.0, 20.0, 20.0, 20.0, 20.0, 20.0, 20.0, 20.0, 20.0, 20.0, 20.0, 20.0, 20.0, 17.661402272911918, 15.70481712379023, 14.236048281291774, 13.10975203477268, 12.234893651668598, 11.551912248346976, 11.020589581087854, 10.613214668652114, 10.310555638868946, 10.09941145097524, 9.971104817792735, 9.920571770985394, 9.945860665383615, 10.031223742695143, 10.15920724071544, 10.370444025996097, 10.673609199275726, 11.081913212754234, 11.614608001211609, 12.299433713239644, 13.176643043976041, 14.305826525921612, 15.77801718550198, 17.738454694523377, 20.0, 20.0, 20.0, 20.0, 20.0, 20.0, 20.0, 20.0, 20.0, 20.0, 20.0, 20.0, 20.0]",24.965602776211675,-0.017852217131469672,0.102,0.1724,-0.0268,0.0598,10.3246,-0.0106,-0.0169,-9.8056,15.3,,50.0,,,,0.6572,-0.285,0.7164,156.55,14.94,1.22388,0.0573,195.86,23.685,1,55.6,50.578,1,3,10,0.7,9.848,0,0.0,0,0
1790659305.1796982,47.398183599999996,8.5464902,9.567000389099121,-0.056673333048820496,-0.01579882763326168,0.0012209046399220824,142.88,-0.055816132465009244,0.042244045221173365,0.0,147.70344436645507,9.181944085682133,12.67986834825513,-1.6092045956301837,-48.01091633184933,-8.828686392622641,0.056812347443287364,7.1817556489999745,0.72689840965261,0.0,"[20.0, 20.0, 20.0, 20.0, 20.0, 20.0, 20.0, 20.0, 20.0, 20.0, 20.0, 20.0, 20.0, 20.0, 20.0, 20.0, 20.0, 20.0, 20.0, 20.0, 20.0, 20.0, 20.0, 20.0, 20.0, 20.0, 20.0, 20.0, 20.0, 20.0, 20.0, 20.0, 20.0, 20.0, 20.0, 18.650078745766823, 16.431422903561582, 14.785079550787422, 13.532210533735054, 12.563231870753196, 11.807607061299922, 11.218254589597343, 10.762956312303666, 10.419378566295745, 10.172078623987574, 10.01066652167717, 9.928679956290893, 9.181944085682133, 9.993199841061088, 10.094914519477447, 10.271152919246775, 10.535258585199124, 10.898437524857956, 11.37722905319411, 11.995510402447163, 12.787768395197958, 13.804568953089284, 15.122065778780438, 16.859426096568495, 19.21301440409169, 20.0, 20.0, 20.0, 20.0, 20.0, 20.0, 20.0, 20.0, 20.0, 20.0, 20.0, 20.0]",24.965602776211675,-0.017852217131469672,0.1043,0.1689,-0.105,0.0168,10.1881,-0.0117,-0.0104,-9.8118,15.3,,50.0,,,,0.6765,-0.4321,0.8027,147.43,14.94,1.22388,0.0588,195.58,23.663,1,55.81,50.6,1,3,10,0.7,9.851,0,0.0,0,0
1790659305.3790607,47.3981834,8.5464903,9.569000244140625,-0.05712827667593956,-0.014992889948189259,0.0013704048469662666,144.89000000000001,-0.057263454333102926,0.04026036261437091,0.0,149.71156181335448,9.911692766115479,13.04681460142447,-1.6126893973341776,-46.05675938028398,-8.55357796841108,0.057470166405702135,7.178215023794735,0.7098064030780734,0.0,"[20.0, 20.0, 20.0, 20.0, 20.0, 20.0, 20.0, 20.0, 20.0, 20.0, 20.0, 20.0, 20.0, 20.0, 20.0, 20.0, 20.0, 20.0, 20.0, 20.0, 20.0, 20.0, 20.0, 20.0, 20.0, 20.0, 20.0, 20.0, 20.0, 20.0, 20.0, 20.0, 20.0, 20.0, 20.0, 19.7576852437978, 17.233257971654798, 15.384656422899953, 13.990390681002776, 12.917985659024318, 12.083698500841558, 11.432364947768928, 10.926560960897616, 10.540437750258606, 10.256063441051694, 10.061190649880611, 9.947882912356242, 9.911692766115479, 9.95122529357466, 10.044022384592608, 10.187097586157298, 10.414715514987185, 10.736314854182362, 11.166097086924777, 11.724675973962736, 12.441758535033225, 13.360574909752755, 14.545447049107679, 16.095345475496245, 18.169712006006577, 20.0, 20.0, 20.0, 20.0, 20.0, 20.0, 20.0, 20.0, 20.0, 20.0, 20.0, 20.0]",24.965602776211675,-0.017852217131469672,0.1045,0.1609,0.0655,0.0076,10.0893,0.0001,-0.0042,-9.8056,15.3,,50.0,,,,0.6363,-0.4533,0.7812,144.54,14.94,1.22388,0.0591,194.71,23.639,1,56.01,50.624,1,3,10,0.7,9.838,0,0.0,0,0
1790659305.5805528,47.3981832,8.5464903,9.570000648498535,-0.05802949517965317,-0.014782033860683441,0.0016401211032643914,146.91,-0.08378140166334823,0.05459557431994569,0.0,151.71333137512204,9.200219230850207,13.454881029133217,-1.6150777097194562,-44.10414350264966,-8.356255379027642,0.0583680721559105,7.175824994524353,0.6916159116528934,0.0,"[20.0, 20.0, 20.0, 20.0, 20.0, 20.0, 20.0, 20.0, 20.0, 20.0, 20.0, 20.0, 20.0, 20.0, 20.0, 20.0, 20.0, 20.0, 20.0, 20.0, 20.0, 20.0, 20.0, 20.0, 20.0, 20.0, 20.0, 20.0, 20.0, 20.0, 20.0, 20.0, 20.0, 20.0, 20.0, 20.0, 18.148883757279883, 16.061778402730653, 14.504194700384279, 13.314370074800891, 12.392117285314733, 11.672431675096169, 11.111675658020342, 10.679883088407212, 10.356262790113497, 10.126480255040132, 9.980985616539652, 9.913995396506673, 9.200219230850207, 10.006743122216825, 10.117439762950168, 10.309955589418177, 10.59211600951922, 10.976039960369716, 11.479493865933938, 12.128092752767797, 12.95890438555284, 14.026513945993194, 15.413664346418972, 17.250989291091273, 19.756320991153938, 20.0, 20.0, 20.0, 20.0, 20.0, 20.0, 20.0, 20.0, 20.0, 20.0, 20.0]",24.965602776211675,-0.017852217131469672,0.1218,0.1499,0.0507,0.0046,10.1545,-0.0077,-0.0095,-9.8089,15.3,,50.0,,,,0.8165,-0.4866,0.9505,149.21,14.94,1.22387,0.0599,194.29,23.62,1,56.21,50.644,1,3,10,0.7,9.822,0,0.0,0,0
1790659305.7809992,47.398182999999996,8.5464903,9.569000244140625,-0.061285749077796936,-0.014475024305284023,0.002037049736827612,148.94,-0.08566274841953485,0.05159354158430571,0.0,153.76197380065918,9.908664732158062,13.910633114589457,-1.615802985513297,-44.278595627066835,-8.347479783397452,0.06161704865185586,7.175136786971541,0.6722170954931628,0.0,"[20.0, 20.0, 20.0, 20.0, 20.0, 20.0, 20.0, 20.0, 20.0, 20.0, 20.0, 20.0, 20.0, 20.0, 20.0, 20.0, 20.0, 20.0, 20.0, 20.0, 20.0, 20.0, 20.0, 20.0, 20.0, 20.0, 20.0, 20.0, 20.0, 20.0, 20.0, 20.0, 20.0, 20.0, 20.0, 20.0, 19.20195583830241, 16.83049320231634, 15.082567048619788, 13.758401828832458, 12.737093102183676, 11.94153562918475, 11.320608309648755, 10.839479873876387, 10.474044399689605, 10.207597787341706, 10.02880281007655, 9.93043914618615, 9.908664732158062, 9.96264142524034, 10.062560479701663, 10.221118478703936, 10.465678633688091, 10.806488818519501, 11.258813455861572, 11.844741630566737, 12.596130246875648, 13.559492535977455, 14.804416940030244, 16.43880618875867, 18.63830009546303, 20.0, 20.0, 20.0, 20.0, 20.0, 20.0, 20.0, 20.0, 20.0, 20.0, 20.0]",24.965602776211675,-0.017852217131469672,0.1155,-0.0129,-0.0367,-0.7893,10.1058,0.0023,-0.0162,-9.8095,15.3,,50.0,,,,0.7643,-0.431,0.8774,150.58,14.94,1.22388,0.063,193.29,23.601,1,56.41,50.663,1,3,10,0.7,9.834,0,0.0,0,0
1790659305.981127,47.398182899999995,8.5464903,9.568000793457031,-0.06820356100797653,-0.01258136611431837,0.001816394622437656,150.95000000000002,-0.08741962979566853,0.0485572685227275,0.0,155.75287933349614,9.33051984406805,14.41876566280494,-1.6149867127783855,-42.2869644536633,-8.365647375605548,0.06848738334559709,7.176031121124602,0.6519401589518811,0.0,"[20.0, 20.0, 20.0, 20.0, 20.0, 20.0, 20.0, 20.0, 20.0, 20.0, 20.0, 20.0, 20.0, 20.0, 20.0, 20.0, 20.0, 20.0, 20.0, 20.0, 20.0, 20.0, 20.0, 20.0, 20.0, 20.0, 20.0, 20.0, 20.0, 20.0, 20.0, 20.0, 20.0, 20.0, 20.0, 20.0, 20.0, 17.693668528073726, 15.72539221535904, 14.248774086832421, 13.116919826003269, 12.23793504746712, 11.551750449151028, 11.017829844376914, 10.608252803787545, 10.30364193630249, 10.090688902321846, 9.960631539822575, 9.908332932259723, 9.33051984406805, 10.022681859742018, 10.148661521985304, 10.357680130300805, 10.658311514220124, 11.063634129900228, 11.592718702997159, 12.2730449438912, 13.144474362175398, 14.265982073675417, 15.727580988507249, 17.672710996784943, 20.0, 20.0, 20.0, 20.0, 20.0, 20.0, 20.0, 20.0, 20.0, 20.0, 20.0]",24.965602776211675,-0.017852217131469672,0.1052,-0.0888,-0.0145,0.0051,10.0672,-0.0049,-0.0089,-9.8152,15.3,,50.0,,,,0.7232,-0.3616,0.8085,153.44,14.94,1.22388,0.0694,190.45,23.581,1,56.61,50.682,1,3,10,0.7,9.795,0,0.0,0,0
1790659306.1818678,47.3981827,8.5464903,9.567000389099121,-0.0743291825056076,-0.011361179873347282,0.0015416700625792146,152.96,-0.08906893619215067,0.04546124289544438,0.0,157.78039451599125,9.211362217544309,14.986966321155016,-1.6132797657956626,-41.15527137427003,-8.327111254733108,0.07458160884548712,7.907854080200195,0.6307180301752836,0.0,"[20.0, 20.0, 20.0, 20.0, 20.0, 20.0, 20.0, 20.0, 20.0, 20.0, 20.0, 20.0, 20.0, 20.0, 20.0, 20.0, 20.0, 20.0, 20.0, 20.0, 20.0, 20.0, 20.0, 20.0, 20.0, 20.0, 20.0, 20.0, 20.0, 20.0, 20.0, 20.0, 20.0, 20.0, 20.0, 20.0, 20.0, 18.67605127523875, 16.448053728340927, 14.79558737391485, 13.538470471759771, 12.566396144545328, 11.80841079093602, 11.217177679368135, 10.760314016128596, 10.415374237411347, 10.166835165734861, 10.004245096099224, 9.921090513616631, 9.211362217544309, 9.983118518636307, 10.090472693006765, 10.26533296674332, 10.527897129801831, 10.88929494874097, 11.365963447859196, 11.98163559855735, 12.770585247118724, 13.783049130447322, 15.094646091562462, 16.823622369184054, 19.16463978034992, 20.0, 20.0, 20.0, 20.0, 20.0, 20.0, 20.0, 20.0, 20.0, 20.0]",24.965602776211675,-0.017852217131469672,0.097,-0.0764,0.0158,0.1766,10.0829,-0.0072,-0.0139,-9.8101,15.3,,50.0,,,,0.6594,-0.1609,0.6788,166.29,14.94,1.22388,0.0752,188.69,23.562,1,56.81,50.702,1,3,10,0.7,9.855,0,0.0,0,0
1790659306.3831494,47.3981825,8.5464903,9.565999984741211,-0.07982562482357025,-0.009918475523591042,0.0011235482525080442,154.98,-0.09061602102212898,0.04229345970853035,0.0,159.80296943664553,9.908159859621058,15.625023589436982,-1.6121116541027365,-39.12381987225473,-8.109813162558101,0.08004171443662554,7.908159255981445,0.6086187965602957,0.0,"[20.0, 20.0, 20.0, 20.0, 20.0, 20.0, 20.0, 20.0, 20.0, 20.0, 20.0, 20.0, 20.0, 20.0, 20.0, 20.0, 20.0, 20.0, 20.0, 20.0, 20.0, 20.0, 20.0, 20.0, 20.0, 20.0, 20.0, 20.0, 20.0, 20.0, 20.0, 20.0, 20.0, 20.0, 20.0, 20.0, 20.0, 19.804346015351886, 17.26574227930489, 15.407950658804694, 14.007364558816638, 12.930396777977913, 12.092674104145035, 11.438652255248686, 10.930665599417003, 10.542704042578622, 10.256722563442434, 10.060389981990573, 9.945703685750336, 9.908159859621058, 9.946311174078586, 10.044530632204085, 10.18617942207734, 10.41225749272995, 10.732130723435873, 11.159905961299534, 11.716066534318324, 12.430130291869533, 13.345039521367015, 14.524655942222834, 16.06717244414466, 18.1306276827624, 20.0, 20.0, 20.0, 20.0, 20.0, 20.0, 20.0, 20.0, 20.0, 20.0]",24.965602776211675,-0.017852217131469672,0.0893,-0.0503,0.0467,0.1708,10.1331,-0.0018,-0.01,-9.8034,15.3,,50.0,,,,0.7632,-0.1309,0.7743,170.27,14.94,1.22388,0.0804,187.08,23.541,1,57.01,50.723,1,3,10,0.7,9.835,0,0.0,0,0
1790659306.5836809,47.398182299999995,8.5464903,9.565999984741211,-0.08439565449953079,-0.00920073688030243,0.001262854551896453,156.99,-0.09204366439858742,0.0390891780942016,0.0,161.8144972229004,9.181021077105374,16.342743762383233,-1.6106256089438,-37.10162274827562,-7.868110114871621,0.08459308479714553,7.908725738525391,0.5857756258355241,0.0,"[20.0, 20.0, 20.0, 20.0, 20.0, 20.0, 20.0, 20.0, 20.0, 20.0, 20.0, 20.0, 20.0, 20.0, 20.0, 20.0, 20.0, 20.0, 20.0, 20.0, 20.0, 20.0, 20.0, 20.0, 20.0, 20.0, 20.0, 20.0, 20.0, 20.0, 20.0, 20.0, 20.0, 20.0, 20.0, 20.0, 20.0, 20.0, 18.188309921387876, 16.090844158937024, 14.526239743852441, 13.331410832277674, 12.40543745000955, 11.682881435382072, 11.119834171871798, 10.686151584053816, 10.360920120452143, 10.129716926726092, 9.982924757826765, 9.914705268433686, 9.181021077105374, 10.006350057482512, 10.121386833529368, 10.312662011923177, 10.59348168746647, 10.975894755879867, 11.477573848854114, 12.124000796304456, 12.952044065500804, 14.015975162966946, 15.398016081586514, 17.227880512121683, 19.72164909538296, 20.0, 20.0, 20.0, 20.0, 20.0, 20.0, 20.0, 20.0, 20.0]",24.965602776211675,-0.017852217131469672,0.095,-0.0185,0.0229,0.1619,10.1166,0.0023,-0.0104,-9.8137,15.3,,50.0,,,,0.8206,-0.1477,0.8337,169.8,14.94,1.22388,0.0849,186.22,23.519,1,57.21,50.745,1,3,10,0.7,9.854,0,0.0,0,0
1790659306.7840438,47.3981821,8.5464903,9.567000389099121,-0.08682966977357864,-0.009920037351548672,0.0009503455366939306,159.01,-0.09336429592841732,0.035820500356512616,0.0,163.83388496398925,9.911540418374399,17.155936940390824,-1.6084109530245962,-34.485756220690746,-7.663048709942353,0.08704348375762548,7.910060882568359,0.5620088345132936,0.0,"[20.0, 20.0, 20.0, 20.0, 20.0, 20.0, 20.0, 20.0, 20.0, 20.0, 20.0, 20.0, 20.0, 20.0, 20.0, 20.0, 20.0, 20.0, 20.0, 20.0, 20.0, 20.0, 20.0, 20.0, 20.0, 20.0, 20.0, 20.0, 20.0, 20.0, 20.0, 20.0, 20.0, 20.0, 20.0, 20.0, 20.0, 20.0, 19.247005112410346, 16.864054007865235, 15.108474556458452, 13.778928395972203, 12.753668360127957, 11.955100891033846, 11.331804893051023, 10.848755354430338, 10.48171541533467, 10.213888435840648, 10.033868560095007, 9.934381636999507, 9.911540418374399, 9.964465630520905, 10.07023131203468, 10.227784181954737, 10.471304966065594, 10.81098988151162, 11.26203671604735, 11.846442390507246, 12.595928534970986, 13.556798831719924, 14.798299198950982, 16.427738620212924, 18.619653877365383, 20.0, 20.0, 20.0, 20.0, 20.0, 20.0, 20.0, 20.0, 20.0]",24.965602776211675,-0.017852217131469672,0.0961,0.0005,-0.0346,0.0338,10.1463,-0.0048,-0.012,-9.8067,15.3,,50.0,,,,0.6998,-0.1553,0.7169,167.49,14.94,1.22388,0.0874,186.52,23.498,1,57.41,50.766,1,3,10,0.7,9.876,0,0.0,0,0
1790659306.9841843,47.3981819,8.5464903,9.567000389099121,-0.08668193966150284,-0.011008349247276783,0.001231648144312203,161.02,-0.09456321627174222,0.03252380863834536,0.0,165.82220985412596,9.213198036644254,17.95227459708139,-1.6063733679418568,-31.75369734338065,-7.332172386114048,0.08692171308258805,7.911340713500977,0.5377257687696727,0.0,"[20.0, 20.0, 20.0, 20.0, 20.0, 20.0, 20.0, 20.0, 20.0, 20.0, 20.0, 20.0, 20.0, 20.0, 20.0, 20.0, 20.0, 20.0, 20.0, 20.0, 20.0, 20.0, 20.0, 20.0, 20.0, 20.0, 20.0, 20.0, 20.0, 20.0, 20.0, 20.0, 20.0, 20.0, 20.0, 20.0, 20.0, 20.0, 20.0, 17.733546230608148, 15.7560690675054, 14.273095481166338, 13.136642187706927, 12.254199418594421, 11.565327503000434, 11.029255321894883, 10.617906366244668, 10.311794919811724, 10.097534002505993, 9.966301402822992, 9.912911491615652, 9.213198036644254, 10.031958986528764, 10.15694959277479, 10.364973004414201, 10.664556370252882, 11.068720090488892, 11.596456871806083, 12.275134521578615, 13.144444650818372, 14.263090110213389, 15.720622130407431, 17.65964558749767, 20.0, 20.0, 20.0, 20.0, 20.0, 20.0, 20.0, 20.0, 20.0]",24.965602776211675,-0.017852217131469672,0.0976,-0.0033,0.0539,-0.0466,10.1673,-0.0028,-0.0086,-9.802,15.3,,50.0,,,,0.6917,-0.1825,0.7153,165.22,14.94,1.22388,0.0874,187.24,23.479,1,57.61,50.784,1,3,10,0.7,9.877,0,0.0,0,0
1790659307.1851673,47.398181799999996,8.5464902,9.569000244140625,-0.08590267598628998,-0.01333432737737894,0.0003755278012249619,163.02,-0.20360109242935825,0.060854783414385535,0.0,167.82727386474608,9.3627453073346,18.525637709898604,-1.6024177007400007,-29.0171279954464,-7.188920232775255,0.08619730983033021,7.914619445800781,0.5127508320751103,0.03666116849087863,"[20.0, 20.0, 20.0, 20.0, 20.0, 20.0, 20.0, 20.0, 20.0, 20.0, 20.0, 20.0, 20.0, 20.0, 20.0, 20.0, 20.0, 20.0, 20.0, 20.0, 20.0, 20.0, 20.0, 20.0, 20.0, 20.0, 20.0, 20.0, 20.0, 20.0, 20.0, 20.0, 20.0, 20.0, 20.0, 20.0, 20.0, 20.0, 20.0, 18.72013784267579, 16.48216562722775, 14.822913666775994, 13.560946473127935, 12.585265694219126, 11.824509460860735, 11.23108624011894, 10.772446529001162, 10.426030953560899, 10.176235368894702, 10.012547893022631, 9.92840796696017, 9.3627453073346, 9.988649003412506, 10.101630998046215, 10.275708701843957, 10.537494169226836, 10.89807609959816, 11.373838634715272, 11.988441028507538, 12.776047300584207, 13.786720668372862, 15.095789719233734, 16.820984337984736, 19.155978775460987, 20.0, 20.0, 20.0, 20.0, 20.0, 20.0, 20.0, 20.0]",24.965602776211675,-0.017852217131469672,0.0966,-0.0266,-0.013,-0.0871,10.1374,-0.0026,-0.0045,-9.8149,15.3,,50.0,,,,0.6095,-0.2472,0.6577,157.92,14.94,1.22388,0.0869,188.82,23.463,1,57.81,50.801,1,3,10,0.7,9.871,0,0.0,0,0
1790659307.3851764,47.398181699999995,8.5464902,9.571000099182129,-0.09087473154067993,-0.012989109382033348,-0.000722274009604007,165.0,-0.2107338744295169,0.055277329307968366,0.0,169.81707572937012,9.919445037841797,18.938459151126995,-1.596980514405073,-26.292594126582856,-6.855317351757705,0.0911576955743508,7.919445037841797,0.48730886403679813,0.0031765880666344897,"[20.0, 20.0, 20.0, 20.0, 20.0, 20.0, 20.0, 20.0, 20.0, 20.0, 20.0, 20.0, 20.0, 20.0, 20.0, 20.0, 20.0, 20.0, 20.0, 20.0, 20.0, 20.0, 20.0, 20.0, 20.0, 20.0, 20.0, 20.0, 20.0, 20.0, 20.0, 20.0, 20.0, 20.0, 20.0, 20.0, 20.0, 20.0, 20.0, 19.838890075683597, 17.29402466556488, 15.43191699460277, 14.02821370373037, 12.948915858529583, 12.109406436813185, 11.453988525619318, 10.944896623116698, 10.556052924567725, 10.269365170564608, 10.072468466562562, 9.957335706406516, 9.919445037841797, 9.957335706406516, 10.06100938574479, 10.202571574553733, 10.428675481124197, 10.748686074938124, 11.176712182971405, 11.733241574108707, 12.447798251947917, 13.363330687107407, 14.543702729720511, 16.08709516304475, 18.15149386681042, 20.0, 20.0, 20.0, 20.0, 20.0, 20.0, 20.0, 20.0]",24.965602776211675,-0.017852217131469672,0.0682,-0.6379,-0.0359,-3.2923,9.9776,-0.0059,-0.0112,-9.8078,15.3,,50.0,,,,0.6433,-0.3007,0.7101,154.95,14.94,1.22387,0.0918,188.13,23.448,1,58.01,50.817,1,3,10,0.7,9.866,0,0.0,0,0
1790659307.5861492,47.3981815,8.5464901,9.574000358581543,-0.1169004738330841,-0.00823430810123682,-0.00014005658158566803,166.98,-0.21726756599990424,0.049177104554648805,0.0,171.8038277435303,9.220954203953209,19.235690588811437,-1.5907501618883328,-23.54991121712183,-6.53366639356439,0.11706200176937429,7.924884796142578,0.46111655330642165,0.003269438132293471,"[20.0, 20.0, 20.0, 20.0, 20.0, 20.0, 20.0, 20.0, 20.0, 20.0, 20.0, 20.0, 20.0, 20.0, 20.0, 20.0, 20.0, 20.0, 20.0, 20.0, 20.0, 20.0, 20.0, 20.0, 20.0, 20.0, 20.0, 20.0, 20.0, 20.0, 20.0, 20.0, 20.0, 20.0, 20.0, 20.0, 20.0, 20.0, 20.0, 20.0, 18.213078500189567, 16.113486874430794, 14.547207466001348, 13.351054392293568, 12.424034895368052, 11.700658366306588, 11.1369784907639, 10.702824283670875, 10.377263384647936, 10.145860459924917, 9.998991002116723, 9.93081400498071, 9.220954203953209, 10.022914636042652, 10.143450609526848, 10.335307526936017, 10.616921015565888, 11.000375587983601, 11.503394993087005, 12.151534504192933, 12.98176966412165, 14.048532120419539, 15.434292163008386, 17.269167403528165, 19.769938542442432, 20.0, 20.0, 20.0, 20.0, 20.0, 20.0, 20.0]",24.965602776211675,-0.017852217131469672,0.058,-0.9442,0.0738,-0.2939,9.9554,-0.0126,-0.0116,-9.7994,15.3,,50.0,,,,0.5545,-0.2488,0.6077,155.83,14.94,1.22387,0.1172,184.03,23.429,1,58.21,50.837,1,3,10,0.7,9.829,0,0.0,0,0
1790659307.78694,47.398181199999996,8.54649,9.576000213623047,-0.14874328672885895,-0.004095718264579773,0.00030942403827793896,168.98,-0.28879907249734854,0.05503058311759287,0.0,173.79767654418947,9.932495435908772,19.449697223944234,-1.583538614606486,-20.757539519359455,-6.174004566178978,0.14879835818936823,7.93092155456543,0.4337915388382592,0.004449871365829453,"[20.0, 20.0, 20.0, 20.0, 20.0, 20.0, 20.0, 20.0, 20.0, 20.0, 20.0, 20.0, 20.0, 20.0, 20.0, 20.0, 20.0, 20.0, 20.0, 20.0, 20.0, 20.0, 20.0, 20.0, 20.0, 20.0, 20.0, 20.0, 20.0, 20.0, 20.0, 20.0, 20.0, 20.0, 20.0, 20.0, 20.0, 20.0, 20.0, 20.0, 19.270723256236604, 16.88738041825656, 15.13116277147277, 13.800954261792265, 12.775097976064632, 11.976036821391691, 11.352363675873995, 10.869058469577928, 10.501886405838153, 10.234053040659846, 10.054156493357533, 9.954929468856333, 9.932495435908772, 9.985990824205034, 10.097750953106946, 10.256218193646365, 10.500931095594332, 10.842139274558672, 11.29511565029827, 11.881964038819808, 12.634561225616622, 13.599442542861338, 14.846212813160031, 16.482764152007142, 18.684640558593184, 20.0, 20.0, 20.0, 20.0, 20.0, 20.0, 20.0]",24.965602776211675,-0.017852217131469672,0.0553,-0.8672,0.0899,0.8266,9.902,-0.0141,-0.0137,-9.8032,15.3,,50.0,,,,0.4091,-0.1595,0.4391,158.7,14.94,1.22387,0.1488,181.58,23.401,1,58.41,50.865,1,3,10,0.7,9.843,0,0.0,0,0
1790659307.9870894,47.3981809,8.5464899,9.579000473022461,-0.17870330810546875,-0.0014526762533932924,-0.0004839581379201263,170.98,-1.0858701495566228,0.14503543455979265,0.0,175.78712509155275,9.218279552691165,19.60378200123985,-1.5763714541396987,-17.950484286844585,-5.606889529608526,0.1786890870995052,7.936637878417969,0.40576597304832734,0.7526040857845863,"[20.0, 20.0, 20.0, 20.0, 20.0, 20.0, 20.0, 20.0, 20.0, 20.0, 20.0, 20.0, 20.0, 20.0, 20.0, 20.0, 20.0, 20.0, 20.0, 20.0, 20.0, 20.0, 20.0, 20.0, 20.0, 20.0, 20.0, 20.0, 20.0, 20.0, 20.0, 20.0, 20.0, 20.0, 20.0, 20.0, 20.0, 20.0, 20.0, 20.0, 20.0, 17.760416410922968, 15.782671559382754, 14.299184209657449, 13.162181190998695, 12.279246479426275, 11.589983428917419, 11.053641367607648, 10.642154582430019, 10.336044843044982, 10.121932726545193, 9.991005713460476, 9.93809156002865, 9.218279552691165, 10.061056174007325, 10.190836729379535, 10.400222530674375, 10.701546859731591, 11.107912937847795, 11.638430450517728, 12.320635458015724, 13.194467931385388, 14.319010040122965, 15.784418164837957, 17.734317917313597, 20.0, 20.0, 20.0, 20.0, 20.0, 20.0, 20.0]",24.965602776211675,-0.017852217131469672,0.0348,-1.0401,0.0548,-0.9858,9.9379,-0.0185,-0.0099,-9.8094,15.3,,50.0,,,,0.4085,-0.1605,0.439,158.55,14.94,1.22387,0.1787,180.47,23.366,1,58.61,50.901,1,3,10,0.7,9.824,0,0.0,0,0
1790659308.187245,47.398180499999995,8.5464899,9.584000587463379,-0.26146361231803894,0.00928853265941143,-0.026454783976078033,172.96,-1.3540984817428796,0.14001695703994982,0.0,177.7633313751221,9.945913058007255,19.714723040892693,-1.571595067581029,-15.1614712257755,-4.351263022442778,0.2611799883126144,7.939609527587891,0.3774518149334139,0.0,"[20.0, 20.0, 20.0, 20.0, 20.0, 20.0, 20.0, 20.0, 20.0, 20.0, 20.0, 20.0, 20.0, 20.0, 20.0, 20.0, 20.0, 20.0, 20.0, 20.0, 20.0, 20.0, 20.0, 20.0, 20.0, 20.0, 20.0, 20.0, 20.0, 20.0, 20.0, 20.0, 20.0, 20.0, 20.0, 20.0, 20.0, 20.0, 20.0, 20.0, 20.0, 18.735909480545374, 16.50077102722042, 14.843008388861092, 13.581862328694259, 12.606672427218736, 11.846257671256271, 11.253129611315481, 10.794801664296235, 10.448756326604629, 10.19942066776098, 10.036309484233247, 9.952888384808873, 9.945913058007255, 10.015115194436893, 10.136921191684394, 10.312586382835676, 10.576359182154516, 10.939420588779365, 11.418283289975586, 12.03678950483977, 12.829370849142546, 13.84649530970838, 15.16412981847539, 16.901064925657113, 19.252858516238458, 20.0, 20.0, 20.0, 20.0, 20.0, 20.0]",24.965602776211675,-0.017852217131469672,0.02,-5.1642,0.5279,-21.3842,9.884,-0.0353,-0.0096,-9.8139,15.3,,50.0,,,,0.3016,-0.0905,0.3149,163.3,14.94,1.22387,0.2616,177.97,23.323,1,58.81,50.944,1,3,10,0.7,9.852,0,0.1042,0,0
1790659308.38784,47.398179899999995,8.5464899,9.5910005569458,-0.48632872104644775,0.035613179206848145,-0.023837191984057426,174.95000000000002,-1.7079754161469798,0.14313858880375974,0.0,178.1898682640176,9.233305742757198,19.794600589442737,-1.5721508159148465,-3.2398682640175593,-0.8617850199777275,0.485367676623844,14.0,0.0,0.5600123201816459,"[20.0, 20.0, 20.0, 20.0, 20.0, 20.0, 20.0, 20.0, 20.0, 20.0, 20.0, 20.0, 20.0, 20.0, 20.0, 20.0, 20.0, 20.0, 20.0, 20.0, 20.0, 20.0, 20.0, 20.0, 20.0, 20.0, 20.0, 20.0, 20.0, 20.0, 20.0, 20.0, 20.0, 20.0, 20.0, 20.0, 20.0, 20.0, 20.0, 20.0, 20.0, 19.841663775770243, 17.30102396314674, 15.441344131135665, 14.039130157963353, 12.960810694244037, 12.121998288498407, 11.467127524078728, 10.95851301440106, 10.570129155755906, 10.283920569992125, 10.087551158724334, 9.973019046825142, 9.935827223834083, 9.233305742757198, 10.090656067401474, 10.2334415540936, 10.461077226502702, 10.783002658324982, 11.213421365809978, 11.772954694191016, 12.491319770149618, 13.411752986106006, 14.598564131448436, 16.150658317745414, 18.227270892302307, 20.0, 20.0, 20.0, 20.0, 20.0, 20.0]",24.965602776211675,-0.017852217131469672,-0.0615,-8.0979,0.8946,-6.6669,9.8396,-0.0522,-0.0079,-9.8071,15.3,,50.0,,,,0.247,-0.0893,0.2626,160.11,14.94,1.22387,0.4876,175.81,23.245,1,59.01,51.022,1,3,10,0.7,9.881,0,0.3563,0,0
1790659308.588923,47.398178699999995,8.5464901,9.598000526428223,-0.7808684706687927,0.06249181181192398,-0.02178144082427025,176.92000000000002,-1.7639228617166038,0.0917192743386753,0.0,178.21294757107978,9.929646951022006,19.852112424398772,-1.578297714866957,-1.2929475710797362,1.495549591015476,0.7791518030108022,14.0,0.0,0.1328785713529383,"[20.0, 20.0, 20.0, 20.0, 20.0, 20.0, 20.0, 20.0, 20.0, 20.0, 20.0, 20.0, 20.0, 20.0, 20.0, 20.0, 20.0, 20.0, 20.0, 20.0, 20.0, 20.0, 20.0, 20.0, 20.0, 20.0, 20.0, 20.0, 20.0, 20.0, 20.0, 20.0, 20.0, 20.0, 20.0, 20.0, 20.0, 20.0, 20.0, 20.0, 20.0, 20.0, 18.182300063414456, 16.09062493552581, 14.529719288040107, 13.33740166047052, 12.413236152450304, 11.692061973447684, 11.130139205579702, 10.697432446056112, 10.373102595974506, 10.14278160652664, 9.996896197695952, 9.929646951022006, 9.938428459123188, 10.02357852269642, 10.163653531399195, 10.356883510107128, 10.640150554907374, 11.025619558467708, 11.531125428420845, 12.182382177729123, 13.016599982382706, 14.088571179100137, 15.481346947293158, 17.326035329087944, 19.841231954474804, 20.0, 20.0, 20.0, 20.0, 20.0]",24.965602776211675,-0.017852217131469672,-0.159,-9.4896,0.7356,-2.6984,8.5536,-0.0825,0.0023,-9.8398,15.3,,50.0,,,,0.3555,0.0695,0.3623,191.06,14.94,1.22387,0.7834,175.42,23.111,1,59.22,51.157,1,3,10,0.7,9.894,0,0.6022,0,0
1790659308.7896333,47.398176899999996,8.5464903,9.60300064086914,-1.0930036306381226,0.08133244514465332,-0.006366124376654625,178.48,-1.7933686460771896,0.04816920931625795,0.0,178.24783592480185,9.234304928357203,19.893520945567115,-1.5865215038632643,0.2321640751981704,2.7356430393057307,1.0906507962176903,14.0,0.0,0.11002872607933273,"[20.0, 20.0, 20.0, 20.0, 20.0, 20.0, 20.0, 20.0, 20.0, 20.0, 20.0, 20.0, 20.0, 20.0, 20.0, 20.0, 20.0, 20.0, 20.0, 20.0, 20.0, 20.0, 20.0, 20.0, 20.0, 20.0, 20.0, 20.0, 20.0, 20.0, 20.0, 20.0, 20.0, 20.0, 20.0, 20.0, 20.0, 20.0, 20.0, 20.0, 20.0, 20.0, 18.950910169965937, 16.64830668873578, 14.946055863734939, 13.65389142665486, 12.656031568975036, 11.878335027572898, 11.271499104392895, 10.801866143377607, 10.446124177001137, 10.18813237733992, 10.016974667768048, 9.925765713518128, 9.910950473626214, 9.234304928357203, 10.111151694960379, 10.282631531301002, 10.536607521196078, 10.888413429693633, 11.353918647724946, 11.956061155359432, 12.727940716687428, 13.71797064204091, 14.998785755593056, 16.68345214626354, 18.956977399094942, 20.0, 20.0, 20.0, 20.0, 20.0]",24.965602776211675,-0.017852217131469672,-0.0852,-8.8459,1.6474,7.2392,5.3445,-0.108,-0.0054,-9.8315,15.3,,50.0,,,,0.3579,-0.0019,0.3579,179.7,14.94,1.22387,1.096,175.74,22.91,1,59.42,51.359,1,3,10,0.7,9.905,0,0.9171,0,0
1790659308.9908,47.3981746,8.5464906,9.607000350952148,-1.356857419013977,0.08384880423545837,0.002286188770085573,179.32,-1.7731453091842329,0.023588976432649702,0.0,178.29276648675273,9.890182846012022,19.92333508080832,-1.5936546794340842,1.0272335132472676,2.8561719845006626,1.3542389691771952,14.0,0.0,0.05706180927804185,"[20.0, 20.0, 20.0, 20.0, 20.0, 20.0, 20.0, 20.0, 20.0, 20.0, 20.0, 20.0, 20.0, 20.0, 20.0, 20.0, 20.0, 20.0, 20.0, 20.0, 20.0, 20.0, 20.0, 20.0, 20.0, 20.0, 20.0, 20.0, 20.0, 20.0, 20.0, 20.0, 20.0, 20.0, 20.0, 20.0, 20.0, 20.0, 20.0, 20.0, 20.0, 20.0, 19.38192453059197, 16.955603372188857, 15.17179294198277, 13.822771062807439, 12.78340553404831, 11.974171104121357, 11.342475679219737, 10.85254583734584, 10.479641865799003, 10.206611304495988, 10.021781384466047, 9.917663383721019, 9.890182846012022, 9.938281501341004, 10.063816302260319, 10.246204431185403, 10.48485610262669, 10.81919429185788, 11.264107701440224, 11.841165651960239, 12.581464038377922, 13.53034220644551, 14.75548003488507, 16.361492064889134, 18.517950713260213, 20.0, 20.0, 20.0, 20.0, 20.0]",24.965602776211675,-0.017852217131469672,0.2342,-7.1361,1.8259,9.2385,1.521,-0.1408,0.0058,-9.8282,15.3,,50.0,,,,0.4423,-0.063,0.4468,171.89,14.94,1.22387,1.3594,176.46,22.649,1,59.62,51.619,1,3,10,0.7,9.892,0,1.1361,0,0
1790659309.190314,47.3981719,8.5464907,9.609000205993652,-1.5509753227233887,0.06845808774232864,0.005784478969871998,179.45000000000002,-1.7711036720781097,0.01973931734065044,0.0,178.3433005947362,9.293704036756896,19.944801258181993,-1.594177633931373,1.1066994052638393,1.977322775831622,1.5485913406121108,14.0,0.0,0.005643067563487305,"[20.0, 20.0, 20.0, 20.0, 20.0, 20.0, 20.0, 20.0, 20.0, 20.0, 20.0, 20.0, 20.0, 20.0, 20.0, 20.0, 20.0, 20.0, 20.0, 20.0, 20.0, 20.0, 20.0, 20.0, 20.0, 20.0, 20.0, 20.0, 20.0, 20.0, 20.0, 20.0, 20.0, 20.0, 20.0, 20.0, 20.0, 20.0, 20.0, 20.0, 20.0, 20.0, 19.430471698850223, 16.98674253854513, 15.191729247010068, 13.835052624419623, 12.790183761330002, 11.976806510758507, 11.341852587447402, 10.849245932655698, 10.474044288888125, 10.198952071450408, 10.012188911373231, 9.906179013893558, 9.876771123338303, 9.92283254164748, 9.293704036756896, 10.246192504270935, 10.482623421818385, 10.814472053668284, 11.256487587195632, 11.830046059160649, 12.56596148375774, 13.50914166606476, 14.726571768353528, 16.321683107521697, 18.461892557331904, 20.0, 20.0, 20.0, 20.0, 20.0]",24.965602776211675,-0.017852217131469672,0.5357,-5.2479,0.8931,8.896,-1.4771,-0.1531,-0.011,-9.8208,15.3,,50.0,,,,0.5384,-0.0002,0.5384,179.98,14.94,1.22387,1.5525,177.47,22.346,1,59.82,51.923,1,3,10,0.7,9.828,0,1.2833,0,0
1790659309.391284,47.398168899999995,8.546490799999999,9.610000610351562,-1.6765358448028564,0.04479476436972618,0.005872047506272793,179.11,-1.7812579576764969,0.02944772700746724,0.0,178.39595426425677,9.443175150507528,19.960256905891036,-1.5869394069181122,0.714045735743241,0.6405014029661215,1.674679436026336,14.0,0.0,0.027941680229192564,"[20.0, 20.0, 20.0, 20.0, 20.0, 20.0, 20.0, 20.0, 20.0, 20.0, 20.0, 20.0, 20.0, 20.0, 20.0, 20.0, 20.0, 20.0, 20.0, 20.0, 20.0, 20.0, 20.0, 20.0, 20.0, 20.0, 20.0, 20.0, 20.0, 20.0, 20.0, 20.0, 20.0, 20.0, 20.0, 20.0, 20.0, 20.0, 20.0, 20.0, 20.0, 20.0, 19.224721311451372, 16.836040265957603, 15.077412577113774, 13.746158555050895, 12.71986878673032, 11.920598493573662, 11.296728106904268, 10.813112844409234, 10.445437591817564, 10.176849006489633, 9.995894532204646, 9.895255934755077, 9.87099904721149, 9.922189991471713, 9.443175150507528, 10.261925505713315, 10.515796584297139, 10.855049892041867, 11.305835104243366, 11.890094113899599, 12.639466005075677, 13.600117005827693, 14.841046428467966, 16.46909245832101, 18.657833044124743, 20.0, 20.0, 20.0, 20.0, 20.0]",24.965602776211675,-0.017852217131469672,0.6015,-3.7658,-0.4103,6.0331,-2.8144,-0.1814,-0.0109,-9.8056,15.3,,50.0,,,,0.5473,0.0918,0.5549,189.53,14.94,1.22387,1.6771,178.47,22.015,1,60.02,52.253,1,3,10,0.7,9.862,0,1.3997,0,0
1790659309.5921493,47.3981658,8.546490799999999,9.609000205993652,-1.7511584758758545,0.024163110181689262,0.005580490920692682,178.57,-1.796310663476182,0.045146331890985526,0.0,178.44874053140933,9.871808835033002,19.971384972241545,-1.5737598578117575,0.12125946859066516,-0.639462536469337,1.7498058161390506,14.0,0.0,0.04277896591224416,"[20.0, 20.0, 20.0, 20.0, 20.0, 20.0, 20.0, 20.0, 20.0, 20.0, 20.0, 20.0, 20.0, 20.0, 20.0, 20.0, 20.0, 20.0, 20.0, 20.0, 20.0, 20.0, 20.0, 20.0, 20.0, 20.0, 20.0, 20.0, 20.0, 20.0, 20.0, 20.0, 20.0, 20.0, 20.0, 20.0, 20.0, 20.0, 20.0, 20.0, 20.0, 20.0, 18.92532697477249, 16.618500371891017, 14.914110277470535, 13.620823973458347, 12.622334047435874, 11.844221645409341, 11.237027951493443, 10.767001309459907, 10.41076801052891, 10.152141674009318, 9.98016750050587, 9.88792218263824, 9.871808835033002, 9.931207435033526, 10.068415740577143, 10.28886997972627, 10.567853734975788, 10.91899379596558, 11.383886584402985, 11.985399338707266, 12.756525788020033, 13.745507102544439, 15.024679548872573, 16.706557707251722, 18.975056820418153, 20.0, 20.0, 20.0, 20.0, 20.0]",24.965602776211675,-0.017852217131469672,0.4631,-2.8574,-1.0383,3.4015,-2.7099,-0.183,-0.0138,-9.8145,15.3,,50.0,,,,0.5829,0.1757,0.6088,196.77,14.94,1.22387,1.7513,179.21,21.673,1,60.22,52.596,1,3,10,0.7,9.858,0,1.4469,0,0
1790659309.7930496,47.398162299999996,8.546490799999999,9.609000205993652,-1.7940421104431152,0.010992166586220264,0.004787249956279993,178.09,-1.7895085553017762,0.05749904221767683,0.0,178.50063850330343,9.555223753093259,19.979397180013912,-1.5566987254005964,-0.3706385033034394,-1.518950897795812,1.7930207041963138,14.0,0.0,0.03576031821600171,"[20.0, 20.0, 20.0, 20.0, 20.0, 20.0, 20.0, 20.0, 20.0, 20.0, 20.0, 20.0, 20.0, 20.0, 20.0, 20.0, 20.0, 20.0, 20.0, 20.0, 20.0, 20.0, 20.0, 20.0, 20.0, 20.0, 20.0, 20.0, 20.0, 20.0, 20.0, 20.0, 20.0, 20.0, 20.0, 20.0, 20.0, 20.0, 20.0, 20.0, 20.0, 20.0, 18.696107084397326, 16.452340039057027, 14.789924131569794, 13.526127452666351, 12.549299538019953, 11.787726902074333, 11.193616081006494, 10.734293593220077, 10.387117468022636, 10.136422411085398, 9.971645099091841, 9.886175556237351, 9.876687475069897, 9.942815866754122, 10.087122295566996, 9.555223753093259, 10.619109968595877, 10.98037140140137, 11.457346929553612, 12.073703818785486, 12.863611665255684, 13.87711908619697, 15.189479777478827, 16.918192811020077, 19.256302595017146, 20.0, 20.0, 20.0, 20.0, 20.0]",24.965602776211675,-0.017852217131469672,0.2302,-2.4025,-1.2909,1.5372,-1.6589,-0.1887,-0.0068,-9.8103,15.3,,50.0,,,,0.5526,0.0725,0.5573,187.48,14.94,1.22387,1.7941,179.65,21.328,1,60.42,52.941,1,3,10,0.7,9.833,0,1.5154,0,0
1790659309.993857,47.398159199999995,8.546490799999999,9.610000610351562,-1.8208314180374146,0.007793939672410488,0.004345963709056377,177.91,-1.782210729328227,0.06343560526353301,0.0,178.55356783726847,9.666094209775249,19.985165969610016,-1.5395502486306414,-0.6435678372685061,-1.8447509795171921,1.819870157946648,14.0,0.0,0.019667284114493835,"[20.0, 20.0, 20.0, 20.0, 20.0, 20.0, 20.0, 20.0, 20.0, 20.0, 20.0, 20.0, 20.0, 20.0, 20.0, 20.0, 20.0, 20.0, 20.0, 20.0, 20.0, 20.0, 20.0, 20.0, 20.0, 20.0, 20.0, 20.0, 20.0, 20.0, 20.0, 20.0, 20.0, 20.0, 20.0, 20.0, 20.0, 20.0, 20.0, 20.0, 20.0, 20.0, 18.586493912442442, 16.37307172025999, 14.730912824931277, 13.481381299054192, 12.515054357306756, 11.761517167690696, 11.17377804092833, 10.719684012359917, 10.376947423082896, 10.13015619930398, 9.968938152615872, 9.88683724693278, 9.88066115914818, 9.950172326830424, 10.098065323056325, 9.666094209775249, 10.656323374196488, 11.024283510622388, 11.507949890459841, 12.132576436219603, 12.932978199258637, 13.960195903080901, 15.291083390285987, 17.04587140361451, 19.422606221408348, 20.0, 20.0, 20.0, 20.0, 20.0]",24.965602776211675,-0.017852217131469672,0.005,-2.0906,-0.9545,1.3261,-0.3241,-0.1938,-0.0129,-9.8033,15.3,,50.0,,,,0.5802,0.1368,0.5962,193.27,14.94,1.22387,1.8208,179.75,20.98,1,60.62,53.289,1,3,10,0.7,9.824,0,1.5228,0,0
1790659310.1939578,47.398156,8.546490799999999,9.609000205993652,-1.8373185396194458,0.01561517734080553,0.004225234035402536,177.93,-1.781241697680768,0.06268350756055317,0.0,178.61173511422675,9.877008814439158,19.98931949811921,-1.5284228155321706,-0.6817351142267398,-1.5830609100967175,1.8360847914631997,14.0,0.0,0.002746540119482759,"[20.0, 20.0, 20.0, 20.0, 20.0, 20.0, 20.0, 20.0, 20.0, 20.0, 20.0, 20.0, 20.0, 20.0, 20.0, 20.0, 20.0, 20.0, 20.0, 20.0, 20.0, 20.0, 20.0, 20.0, 20.0, 20.0, 20.0, 20.0, 20.0, 20.0, 20.0, 20.0, 20.0, 20.0, 20.0, 20.0, 20.0, 20.0, 20.0, 20.0, 20.0, 20.0, 18.590208867639607, 16.374788467336998, 14.73134818245631, 13.480944006363808, 12.513989366939198, 11.759976007096585, 11.171855650859067, 10.717439099019987, 10.3744141312254, 10.127350924943629, 9.965863454959113, 9.88348389023517, 9.877008814439158, 9.946189163050283, 10.093706502527448, 10.325431356467597, 10.651011077729665, 11.041602187679754, 11.525592023529327, 12.150669888723714, 12.951658872671866, 13.979607187690902, 15.31137002013464, 17.06715886555648, 19.444941260361762, 20.0, 20.0, 20.0, 20.0, 20.0]",24.965602776211675,-0.017852217131469672,-0.1219,-1.8287,-0.2476,1.0067,0.6976,-0.1962,-0.018,-9.8003,15.3,,50.0,,,,0.5731,0.2242,0.6154,201.36,14.94,1.22387,1.8374,179.51,20.628,1,60.82,53.641,1,3,10,0.7,9.811,0,1.5297,0,0
1790659310.394443,47.3981529,8.546491,9.609000205993652,-1.846066951751709,0.02727709338068962,0.0042733121663331985,178.1,-1.7841756838032314,0.05775176624797818,0.0,178.67557042358146,9.84262413736415,19.992310038645833,-1.5229608551609304,-0.5755704235814392,-1.0534713273658793,1.844414314881392,14.0,0.0,0.007646542677102443,"[20.0, 20.0, 20.0, 20.0, 20.0, 20.0, 20.0, 20.0, 20.0, 20.0, 20.0, 20.0, 20.0, 20.0, 20.0, 20.0, 20.0, 20.0, 20.0, 20.0, 20.0, 20.0, 20.0, 20.0, 20.0, 20.0, 20.0, 20.0, 20.0, 20.0, 20.0, 20.0, 20.0, 20.0, 20.0, 20.0, 20.0, 20.0, 20.0, 20.0, 20.0, 20.0, 18.661121237988915, 16.423916808769047, 14.766054380351651, 13.505561909735086, 12.531214847290373, 11.771554861323112, 11.178949662391508, 10.720832095975021, 10.374632952331076, 10.124738353250725, 9.960622409568671, 9.875703240656266, 9.866676372432092, 9.933194562821495, 10.077834727321365, 10.306345975185243, 9.84262413736415, 11.040178542968658, 11.520404067769306, 12.14090878739731, 12.936117429658806, 13.95645853402047, 15.277771550099631, 17.01850131311815, 19.373314643856776, 20.0, 20.0, 20.0, 20.0, 20.0]",24.965602776211675,-0.017852217131469672,-0.1111,-1.6536,0.3468,0.562,1.2906,-0.1966,-0.0133,-9.7946,15.3,,50.0,,,,0.6063,0.2262,0.6471,200.46,14.94,1.22387,1.8463,179.15,20.273,1,61.02,53.996,1,3,10,0.7,9.8,0,1.5227,0,0
1790659310.5952537,47.3981497,8.546491099999999,9.608000755310059,-1.8496816158294678,0.0350869782269001,0.004120628349483013,178.34,-1.7888950023372747,0.050838080090977296,0.0,178.74207158391778,9.855210179675977,19.994463227825,-1.5183068301085347,-0.4020715839178024,-0.5732753029480833,1.847701333396175,14.0,0.0,0.012489916352536993,"[20.0, 20.0, 20.0, 20.0, 20.0, 20.0, 20.0, 20.0, 20.0, 20.0, 20.0, 20.0, 20.0, 20.0, 20.0, 20.0, 20.0, 20.0, 20.0, 20.0, 20.0, 20.0, 20.0, 20.0, 20.0, 20.0, 20.0, 20.0, 20.0, 20.0, 20.0, 20.0, 20.0, 20.0, 20.0, 20.0, 20.0, 20.0, 20.0, 20.0, 20.0, 20.0, 18.768328565835397, 16.499158363903476, 14.820131961657534, 13.544834797613307, 12.559642962634982, 11.79170790081899, 11.19254350391634, 10.729030638255384, 10.378225403409724, 10.124246323053827, 9.95636508647299, 9.86783586234871, 9.855210179675977, 9.91800229626359, 10.058642923471105, 10.282712924983862, 10.599499846737281, 11.02298441102532, 11.50687745492143, 12.120630296823926, 12.907311823483578, 13.916463404762824, 15.222477256211311, 16.94129498541776, 19.262936203457887, 20.0, 20.0, 20.0, 20.0, 20.0]",24.965602776211675,-0.017852217131469672,-0.0303,-1.5657,0.5002,0.2465,1.3304,-0.2073,-0.0099,-9.7955,15.3,,50.0,,,,0.525,0.268,0.5894,207.04,14.94,1.22387,1.85,178.91,19.917,1,61.22,54.352,1,3,10,0.7,9.805,0,1.5553,0,0
1790659310.7958221,47.398146399999995,8.5464912,9.605000495910645,-1.8516920804977417,0.03852418065071106,0.003943723626434803,178.57,-1.7932464228294256,0.044162006396889913,0.0,178.81088254550264,9.843752535536002,19.996013524034,-1.5138225707280497,-0.2408825455026431,-0.23814169932522153,1.849502887226968,14.0,0.0,0.011680318360072184,"[20.0, 20.0, 20.0, 20.0, 20.0, 20.0, 20.0, 20.0, 20.0, 20.0, 20.0, 20.0, 20.0, 20.0, 20.0, 20.0, 20.0, 20.0, 20.0, 20.0, 20.0, 20.0, 20.0, 20.0, 20.0, 20.0, 20.0, 20.0, 20.0, 20.0, 20.0, 20.0, 20.0, 20.0, 20.0, 20.0, 20.0, 20.0, 20.0, 20.0, 20.0, 20.0, 18.871540009226866, 16.571269552148017, 14.871723441210992, 13.582112737940989, 12.586460582875933, 11.810559625069848, 11.205091613692366, 10.736400816837845, 10.38117995527194, 10.123288651012034, 9.95180323888942, 9.859820087997322, 9.843752535536002, 9.90298232099208, 10.039800671930807, 10.259628366313692, 10.571555072156336, 10.17235763970673, 11.494507667435947, 12.101865524978558, 12.880485271272622, 13.879076852317247, 15.170679450715994, 16.868900989014644, 19.15944387667735, 20.0, 20.0, 20.0, 20.0, 20.0]",24.965602776211675,-0.017852217131469672,0.0505,-1.5432,0.3498,0.0234,1.145,-0.2135,-0.0052,-9.8054,15.3,,50.0,,,,0.7012,0.1596,0.7191,192.82,14.94,1.22387,1.8521,178.81,19.56,1,61.42,54.709,1,3,10,0.7,9.823,0,1.4925,0,0
1790659310.9966044,47.3981432,8.546491399999999,9.60200023651123,-1.8539068698883057,0.038811612874269485,0.00424905214458704,178.74,-1.7959052236988249,0.039143038716312084,0.0,178.8824397399925,9.832299128715679,19.99712973730448,-1.5096412374646548,-0.14243973999248283,-0.06068580328980132,1.8515978011072198,14.0,0.0,0.007177363748211961,"[20.0, 20.0, 20.0, 20.0, 20.0, 20.0, 20.0, 20.0, 20.0, 20.0, 20.0, 20.0, 20.0, 20.0, 20.0, 20.0, 20.0, 20.0, 20.0, 20.0, 20.0, 20.0, 20.0, 20.0, 20.0, 20.0, 20.0, 20.0, 20.0, 20.0, 20.0, 20.0, 20.0, 20.0, 20.0, 20.0, 20.0, 20.0, 20.0, 20.0, 20.0, 20.0, 18.94294903406334, 16.620027445119675, 14.905631791532059, 13.605717186721424, 12.602565286705, 11.820967962040436, 11.210996656782765, 10.738603472636777, 10.380216256144296, 10.119506175902869, 9.945407335363052, 9.850900959222702, 9.832299128715679, 9.88888596293366, 10.022849387536242, 10.23949112391056, 10.547753317627151, 10.355511121481655, 11.488416277407977, 12.091234650659484, 12.864143889530276, 13.855262151147048, 15.136666108179634, 16.82030470933669, 19.08881489308437, 20.0, 20.0, 20.0, 20.0, 20.0]",24.965602776211675,-0.017852217131469672,0.1217,-1.5366,0.3031,0.0556,0.6944,-0.2044,-0.002,-9.8101,15.3,,50.0,,,,0.6329,0.2138,0.668,198.66,14.94,1.22387,1.8543,178.8,19.201,1,61.62,55.068,1,3,10,0.7,9.791,0,1.5203,0,0
1790659311.197692,47.39814,8.5464915,9.596000671386719,-1.8585683107376099,0.03761410340666771,0.004481313284486532,178.84,-1.7966152701310083,0.036084315347569534,0.0,178.95739190935478,9.820604702328826,19.997933410859225,-1.5058847948048117,-0.11739190935480792,-0.0005940213417771513,1.8561782833220473,14.0,0.0,0.0018223027117666283,"[20.0, 20.0, 20.0, 20.0, 20.0, 20.0, 20.0, 20.0, 20.0, 20.0, 20.0, 20.0, 20.0, 20.0, 20.0, 20.0, 20.0, 20.0, 20.0, 20.0, 20.0, 20.0, 20.0, 20.0, 20.0, 20.0, 20.0, 20.0, 20.0, 20.0, 20.0, 20.0, 20.0, 20.0, 20.0, 20.0, 20.0, 20.0, 20.0, 20.0, 20.0, 20.0, 18.975701574398265, 16.64049241066654, 14.918153907864992, 13.61279256009429, 12.6057106163827, 11.821142003036154, 11.208820522859922, 10.734482635315391, 10.374411045205411, 10.112173594732095, 9.936625908336424, 9.840684829893435, 9.820604702328826, 9.875612679288926, 10.007835053915203, 10.222501249225033, 10.528462770906446, 10.939126384250391, 11.47399457542479, 12.089801794796326, 12.85967382680275, 13.846814064755364, 15.122768416749963, 16.79856781935477, 19.05514709251594, 20.0, 20.0, 20.0, 20.0, 20.0]",24.965602776211675,-0.017852217131469672,0.1757,-1.5149,0.2246,0.1813,0.2739,-0.2085,-0.0072,-9.8014,15.3,,50.0,,,,0.6656,0.1625,0.6851,193.72,14.94,1.22387,1.8589,178.84,18.839,1,61.82,55.43,1,3,10,0.7,9.785,0,1.5164,0,0
1790659311.3979897,47.3981366,8.546491699999999,9.589000701904297,-1.864827275276184,0.03494328260421753,0.004710827954113483,178.88,-1.795660270838026,0.034715550834856765,0.0,179.03546273576876,9.809525629274418,19.998512055818644,-1.501522341102863,-0.15546273576876501,-0.046512729480799285,1.8624041387871064,14.0,0.0,0.0027725900610133633,"[20.0, 20.0, 20.0, 20.0, 20.0, 20.0, 20.0, 20.0, 20.0, 20.0, 20.0, 20.0, 20.0, 20.0, 20.0, 20.0, 20.0, 20.0, 20.0, 20.0, 20.0, 20.0, 20.0, 20.0, 20.0, 20.0, 20.0, 20.0, 20.0, 20.0, 20.0, 20.0, 20.0, 20.0, 20.0, 20.0, 20.0, 20.0, 20.0, 20.0, 20.0, 20.0, 18.97647184281605, 16.63784819469525, 14.913444488523398, 13.606749807278444, 12.598749483478972, 11.81350243266707, 11.200639541975953, 10.725833016160255, 10.365322784197865, 10.102645975304872, 9.926634044562354, 9.83018269301269, 9.809525629274418, 9.863867769691147, 9.99530944278759, 10.20904785631213, 10.513892658312594, 10.923194156144426, 10.602332206126789, 12.097362987081532, 12.86653975951708, 13.85275610020649, 15.127394906421511, 16.80119695251313, 19.054543043340068, 20.0, 20.0, 20.0, 20.0, 20.0]",24.965602776211675,-0.017852217131469672,0.2039,-1.453,0.085,0.3583,0.1189,-0.2144,-0.0089,-9.8169,15.3,,50.0,,,,0.7598,0.2865,0.812,200.66,14.94,1.22387,1.8652,178.93,18.471,1,62.03,55.798,1,3,10,0.7,9.779,0,1.4591,0,0
1790659311.5988424,47.3981333,8.5464918,9.581000328063965,-1.8698220252990723,0.0315190851688385,0.004326225258409977,178.92000000000002,-1.7946487017255983,0.033341884285394495,0.0,179.1156579704391,9.799626775140956,19.998928680189422,-1.495849245595229,-0.19565797043907196,-0.11427197370869648,1.8673984082358868,14.0,0.0,0.002920327034232591,"[20.0, 20.0, 20.0, 20.0, 20.0, 20.0, 20.0, 20.0, 20.0, 20.0, 20.0, 20.0, 20.0, 20.0, 20.0, 20.0, 20.0, 20.0, 20.0, 20.0, 20.0, 20.0, 20.0, 20.0, 20.0, 20.0, 20.0, 20.0, 20.0, 20.0, 20.0, 20.0, 20.0, 20.0, 20.0, 20.0, 20.0, 20.0, 20.0, 20.0, 20.0, 20.0, 18.979529110315, 16.637202104039904, 14.910522820711657, 13.602336714162538, 12.593296795231248, 11.80727734262798, 11.193800038991597, 10.718468597476939, 10.357477266533298, 10.094330468129513, 9.917834149993153, 9.820862034865257, 9.799626775140956, 9.85331099860301, 9.983989383279702, 10.196827632430521, 10.500594717748948, 10.908586271848296, 11.440149880027782, 12.106548612531569, 12.875133052050408, 13.860558023948762, 15.134053429867619, 16.806085685680188, 19.05650796078115, 20.0, 20.0, 20.0, 20.0, 20.0]",24.965602776211675,-0.017852217131469672,0.2022,-1.3729,-0.0372,0.3282,0.1131,-0.2141,-0.0097,-9.8151,15.3,,50.0,,,,0.7677,0.2881,0.82,200.57,14.94,1.22387,1.8701,179.03,18.101,1,62.23,56.169,1,3,10,0.7,9.8,0,1.4601,0,0
1790659311.7989523,47.398129999999995,8.5464919,9.575000762939453,-1.8728842735290527,0.028333492577075958,0.0036768773570656776,178.95000000000002,-1.793302102695038,0.03224510112075325,0.0,179.19854881773222,9.790235318645905,19.999228649736384,-1.4896066648682578,-0.24854881773222814,-0.1832802896083094,1.8704548929925249,14.0,0.0,0.0038553304516388944,"[20.0, 20.0, 20.0, 20.0, 20.0, 20.0, 20.0, 20.0, 20.0, 20.0, 20.0, 20.0, 20.0, 20.0, 20.0, 20.0, 20.0, 20.0, 20.0, 20.0, 20.0, 20.0, 20.0, 20.0, 20.0, 20.0, 20.0, 20.0, 20.0, 20.0, 20.0, 20.0, 20.0, 20.0, 20.0, 20.0, 20.0, 20.0, 20.0, 20.0, 20.0, 20.0, 18.978012810032403, 16.63337400932588, 14.905333057908669, 13.596290630021812, 12.58667377165275, 11.800233263069599, 11.186418878268519, 10.710789804075791, 10.349510782376827, 10.086065010884214, 9.909241560450694, 9.81189911544133, 9.790235318645905, 9.843416276254237, 9.973497053825348, 10.185618747052281, 10.488518141649116, 10.895447313737789, 11.425693031064997, 12.107045169929252, 12.88622947804081, 13.871416494409486, 15.144514384725824, 16.81582419214315, 19.064869516726073, 20.0, 20.0, 20.0, 20.0, 20.0]",24.965602776211675,-0.017852217131469672,0.1902,-1.2964,-0.0961,0.402,0.1832,-0.2109,-0.0111,-9.8119,15.3,,50.0,,,,0.8676,0.1672,0.8835,190.91,14.94,1.22387,1.8731,179.13,17.727,1,62.43,56.542,1,3,10,0.7,9.782,0,1.4313,0,0
1790659312.0006244,47.3981266,8.546491999999999,9.570000648498535,-1.8727878332138062,0.024292729794979095,0.003153011901304126,179.01,-1.7927444598182456,0.0302998631067424,0.0,179.28142551418165,9.783145245226487,19.999444627810195,-1.4810172206244538,-0.27142551418165795,-0.24683368458864186,1.8704014047169502,14.0,0.0,0.0016647616496071784,"[20.0, 20.0, 20.0, 20.0, 20.0, 20.0, 20.0, 20.0, 20.0, 20.0, 20.0, 20.0, 20.0, 20.0, 20.0, 20.0, 20.0, 20.0, 20.0, 20.0, 20.0, 20.0, 20.0, 20.0, 20.0, 20.0, 20.0, 20.0, 20.0, 20.0, 20.0, 20.0, 20.0, 20.0, 20.0, 20.0, 20.0, 20.0, 20.0, 20.0, 20.0, 20.0, 18.997677313735842, 16.645595217110415, 14.912757732958331, 13.60043465811549, 12.588455952343795, 11.800233213143994, 11.185011459345764, 10.70821939701355, 10.345934133230012, 10.081576613573137, 9.903888734887566, 9.805690576219957, 9.783145245226487, 9.835384858415555, 9.964427788394364, 10.175372170853882, 10.47690102326475, 10.882195388149876, 11.410443817774187, 11.193170946394893, 12.895059329782026, 13.878748579082085, 15.149732361575222, 16.817868057417105, 19.061837385153567, 20.0, 20.0, 20.0, 20.0, 20.0]",24.965602776211675,-0.017852217131469672,0.1674,-1.2379,-0.0991,0.1152,0.3281,-0.2137,-0.0075,-9.8189,15.3,,50.0,,,,0.8416,0.1505,0.8549,190.14,14.94,1.22387,1.8729,179.26,17.355,1,62.63,56.914,1,3,10,0.7,9.786,0,1.4455,0,0
1790659312.2002816,47.398123299999995,8.5464921,9.568000793457031,-1.8690826892852783,0.021411892026662827,0.002164574572816491,179.09,-1.7926879163545608,0.027785769631429872,0.0,179.36518620418747,9.777005211602749,19.99960013202334,-1.4715633054404764,-0.2751862041874915,-0.25365804760359617,1.8667036429727641,14.0,0.0,0.0002725108474485386,"[20.0, 20.0, 20.0, 20.0, 20.0, 20.0, 20.0, 20.0, 20.0, 20.0, 20.0, 20.0, 20.0, 20.0, 20.0, 20.0, 20.0, 20.0, 20.0, 20.0, 20.0, 20.0, 20.0, 20.0, 20.0, 20.0, 20.0, 20.0, 20.0, 20.0, 20.0, 20.0, 20.0, 20.0, 20.0, 20.0, 20.0, 20.0, 20.0, 20.0, 20.0, 20.0, 20.0, 16.66759301447853, 14.927743545602855, 13.610585124810186, 12.595104835087966, 11.804233086814198, 11.186923116449364, 10.708417070127718, 10.34466660669727, 10.079003767513466, 9.900103580080795, 9.800732144627023, 9.777005211602749, 9.828009327595627, 9.955714725543492, 10.165164158908777, 10.464972163978691, 10.86822995245085, 11.394002273264967, 12.06975912112622, 12.901451118513455, 13.882735912612798, 15.150377654613301, 16.8136001901794, 19.049896775039105, 20.0, 20.0, 20.0, 20.0, 20.0]",24.965602776211675,-0.017852217131469672,0.1412,-1.2105,-0.1256,-0.0024,0.4622,-0.2137,-0.0081,-9.8047,15.3,,50.0,,,,0.9169,0.1736,0.9332,190.72,14.94,1.22388,1.8692,179.34,16.986,1,62.83,57.283,1,3,10,0.7,9.844,0,1.4026,0,0
1790659312.4005835,47.39812,8.5464922,9.568000793457031,-1.8633646965026855,0.019410204142332077,0.0011991664068773389,179.18,-1.7928635594057494,0.024984670628816437,0.0,179.4499892508477,9.771674475155503,19.999712095056804,-1.4614200844576897,-0.269989250847658,-0.22318577648410465,1.860963384299893,14.0,0.0,0.0003782376631758137,"[20.0, 20.0, 20.0, 20.0, 20.0, 20.0, 20.0, 20.0, 20.0, 20.0, 20.0, 20.0, 20.0, 20.0, 20.0, 20.0, 20.0, 20.0, 20.0, 20.0, 20.0, 20.0, 20.0, 20.0, 20.0, 20.0, 20.0, 20.0, 20.0, 20.0, 20.0, 20.0, 20.0, 20.0, 20.0, 20.0, 20.0, 20.0, 20.0, 20.0, 20.0, 20.0, 20.0, 16.6951356080803, 14.947071849655348, 13.62423528974293, 12.604636404824694, 11.81064741845267, 11.190882724096255, 10.710367665282229, 10.344908131615698, 10.077733012642483, 9.897440025160426, 9.796733244307443, 9.771674475155503, 9.821298885068094, 9.947522979263644, 10.155328224145183, 10.453253835903928, 10.854292600049888, 11.377373886850597, 12.049772837118287, 12.906930823538573, 13.885386305125197, 15.149112153114903, 16.806610624242193, 19.034026790203285, 20.0, 20.0, 20.0, 20.0, 20.0]",24.965602776211675,-0.017852217131469672,0.1301,-1.2209,-0.0669,-0.1512,0.5275,-0.2109,-0.0105,-9.8031,15.3,,50.0,,,,1.0045,0.1724,1.0192,189.74,14.94,1.22388,1.8635,179.4,16.62,1,63.03,57.649,1,3,10,0.7,9.805,0,1.3539,0,0
1790659312.6021369,47.398116699999996,8.5464922,9.569000244140625,-1.8586324453353882,0.0184708833694458,0.0005785361863672733,179.29,-1.7934678984034318,0.021603584008999095,0.0,179.53831544615605,9.765634733053576,19.9997927084409,-1.4519893552307739,-0.24831544615608436,-0.14061963341273245,1.8561570471067563,14.0,0.0,0.0015711701281139851,"[20.0, 20.0, 20.0, 20.0, 20.0, 20.0, 20.0, 20.0, 20.0, 20.0, 20.0, 20.0, 20.0, 20.0, 20.0, 20.0, 20.0, 20.0, 20.0, 20.0, 20.0, 20.0, 20.0, 20.0, 20.0, 20.0, 20.0, 20.0, 20.0, 20.0, 20.0, 20.0, 20.0, 20.0, 20.0, 20.0, 20.0, 20.0, 20.0, 20.0, 20.0, 20.0, 20.0, 16.72977624779241, 14.971519662587209, 13.641639449545577, 12.616933348160348, 11.819080986349809, 11.19627659706049, 10.713276866748748, 10.345707198421845, 10.07666891384683, 9.894664290080856, 9.79232102880725, 9.765634733053576, 9.813577760241305, 9.938001186345495, 10.143812090051021, 10.439458500043676, 10.8378142562463, 11.357645331227486, 12.02599189261373, 11.904281578921118, 13.882675580712766, 15.141093085238253, 16.79092236495387, 19.006603645416366, 20.0, 20.0, 20.0, 20.0, 20.0]",24.965602776211675,-0.017852217131469672,0.1318,-1.24,0.0279,-0.1402,0.5444,-0.2061,-0.0121,-9.797,15.3,,50.0,,,,0.895,0.0781,0.8984,184.99,14.94,1.22388,1.8587,179.43,16.255,1,63.23,58.015,1,3,10,0.7,9.831,0,1.4095,0,0
1790659312.8021166,47.3981134,8.546492299999999,9.570000648498535,-1.8544751405715942,0.016214804723858833,0.0006495594279840589,179.39000000000001,-1.7937875862201136,0.01850391606617186,0.0,179.62728800424145,9.761190484501894,19.99985075007745,-1.4410567397543954,-0.23728800424146357,-0.10904089743756391,1.8519868551111691,14.0,0.0,0.0008012166249560513,"[20.0, 20.0, 20.0, 20.0, 20.0, 20.0, 20.0, 20.0, 20.0, 20.0, 20.0, 20.0, 20.0, 20.0, 20.0, 20.0, 20.0, 20.0, 20.0, 20.0, 20.0, 20.0, 20.0, 20.0, 20.0, 20.0, 20.0, 20.0, 20.0, 20.0, 20.0, 20.0, 20.0, 20.0, 20.0, 20.0, 20.0, 20.0, 20.0, 20.0, 20.0, 20.0, 20.0, 16.76322532363617, 14.995446974974719, 13.658982006287712, 12.629499549892028, 11.828034742988741, 11.20239084738766, 10.717074597323734, 10.347543574193988, 10.076780647564421, 9.893199705666841, 9.789358016131228, 9.761190484501894, 9.807612280188184, 9.930415323911575, 10.134439846493748, 10.42805230291789, 10.824020447360288, 11.340964781490383, 12.005716481829841, 12.127959647457024, 13.884225420691896, 15.138199656674018, 16.781569678125198, 18.987293751008153, 20.0, 20.0, 20.0, 20.0, 20.0]",24.965602776211675,-0.017852217131469672,0.1435,-1.2577,0.0252,-0.1419,0.4779,-0.219,-0.0112,-9.8006,15.3,,50.0,,,,0.8768,0.1938,0.898,192.46,14.94,1.22387,1.8545,179.5,15.89,1,63.43,58.379,1,3,10,0.7,9.8,0,1.4055,0,0
1790659313.0026248,47.3981102,8.546492299999999,9.571000099182129,-1.8500293493270874,0.011647474020719528,0.0006324947462417185,179.48,-1.7939046975106487,0.015695765702680865,0.0,179.7137921989803,9.760196199076214,19.999892540055765,-1.4267982496050466,-0.23379219898029646,-0.15928016252754865,1.847650599105531,14.0,0.0,0.0002543306878498207,"[20.0, 20.0, 20.0, 20.0, 20.0, 20.0, 20.0, 20.0, 20.0, 20.0, 20.0, 20.0, 20.0, 20.0, 20.0, 20.0, 20.0, 20.0, 20.0, 20.0, 20.0, 20.0, 20.0, 20.0, 20.0, 20.0, 20.0, 20.0, 20.0, 20.0, 20.0, 20.0, 20.0, 20.0, 20.0, 20.0, 20.0, 20.0, 20.0, 20.0, 20.0, 20.0, 20.0, 16.798641882046105, 15.021690527935766, 13.67885309479814, 12.64473357809703, 11.839757175117281, 11.211356201708531, 10.723799809690002, 10.352385987704292, 10.079985160384167, 9.894927740241823, 9.789705109040243, 9.760196199076214, 9.805264371590306, 9.9266489398992, 10.129131640834979, 10.421008398299644, 10.81495592192507, 11.329470328866396, 11.991204282124453, 12.838806941125343, 13.89243831316531, 15.143041245883236, 16.78142911060353, 18.979324325574638, 20.0, 20.0, 20.0, 20.0, 20.0]",24.965602776211675,-0.017852217131469672,0.1426,-1.2783,-0.0984,-0.0776,0.4861,-0.2026,-0.019,-9.8022,15.3,,50.0,,,,0.7162,0.0801,0.7206,186.38,14.94,1.22387,1.8501,179.64,15.527,1,63.63,58.742,1,3,10,0.7,9.813,0,1.4897,0,0
1790659313.2040243,47.398106899999995,8.546492299999999,9.572000503540039,-1.8464423418045044,0.006273535545915365,0.0005805065738968551,179.56,-1.7938059200170178,0.01317857573098625,0.0,179.79839830806156,9.76205810047603,19.99992262884015,-1.4097482734506226,-0.23839830806159057,-0.24533065228458684,1.8442287643360997,14.0,0.0,0.00033454934301482543,"[20.0, 20.0, 20.0, 20.0, 20.0, 20.0, 20.0, 20.0, 20.0, 20.0, 20.0, 20.0, 20.0, 20.0, 20.0, 20.0, 20.0, 20.0, 20.0, 20.0, 20.0, 20.0, 20.0, 20.0, 20.0, 20.0, 20.0, 20.0, 20.0, 20.0, 20.0, 20.0, 20.0, 20.0, 20.0, 20.0, 20.0, 20.0, 20.0, 20.0, 20.0, 20.0, 20.0, 16.834989400554576, 15.04933203241641, 13.700421212082865, 12.661869359623756, 11.853532302819096, 11.222495232399403, 10.732804575968972, 10.359608628708473, 10.08567250593246, 9.899248805032123, 9.792768031970944, 9.76205810047603, 9.80593596829175, 9.926094711559902, 10.127265528202734, 10.417684189234416, 10.809950390913661, 11.322455461777219, 11.981701831074215, 12.826112622118439, 13.906588977173932, 15.154817651531598, 16.789598718259526, 18.981649782618476, 20.0, 20.0, 20.0, 20.0, 20.0]",24.965602776211675,-0.017852217131469672,0.1206,-1.2942,-0.1605,-0.0278,0.4052,-0.2115,-0.0069,-9.7933,15.3,,50.0,,,,0.7166,0.1145,0.7257,189.08,14.94,1.22387,1.8465,179.81,15.165,1,63.83,59.104,1,3,10,0.7,9.793,0,1.4836,0,0
1790659313.4052455,47.3981036,8.5464922,9.572000503540039,-1.8449361324310303,0.001711132237687707,0.0007663107244297862,179.63,-1.793418830024227,0.010945600992939791,0.0,179.88395472935588,9.765079023551625,19.99994429276491,-1.3914923496151217,-0.2539547293558826,-0.3168596090818332,1.8428582442610355,14.0,0.0,0.0011282255201831885,"[20.0, 20.0, 20.0, 20.0, 20.0, 20.0, 20.0, 20.0, 20.0, 20.0, 20.0, 20.0, 20.0, 20.0, 20.0, 20.0, 20.0, 20.0, 20.0, 20.0, 20.0, 20.0, 20.0, 20.0, 20.0, 20.0, 20.0, 20.0, 20.0, 20.0, 20.0, 20.0, 20.0, 20.0, 20.0, 20.0, 20.0, 20.0, 20.0, 20.0, 20.0, 20.0, 20.0, 16.86931500621416, 15.075741454823074, 13.72129768676966, 12.67870269016883, 11.867298708565169, 11.233857498430817, 10.742224239604285, 10.367411961022002, 10.092090718014848, 9.904443059144322, 9.796844968650248, 9.765079023551625, 9.80792136738788, 9.92702486980569, 10.12707724724146, 10.416262947442547, 10.807116314565826, 11.317940007864527, 11.975109449069837, 12.816856607082618, 12.858327095650253, 15.171237096406124, 16.803528236708228, 18.991367441606144, 20.0, 20.0, 20.0, 20.0, 20.0]",24.965602776211675,-0.017852217131469672,0.0924,-1.3001,-0.1389,-0.0175,0.4421,-0.2205,-0.0147,-9.8094,15.3,,50.0,,,,0.6684,0.0078,0.6684,180.67,14.94,1.22387,1.8449,179.95,14.801,1,64.03,59.468,1,3,10,0.7,9.834,0,1.5107,0,0
1790659313.6055024,47.398100299999996,8.5464922,9.571000099182129,-1.846164584159851,-0.0021335210185498,0.0014224586775526404,179.72,-1.793506508071444,0.00813586808587017,0.0,179.97114131341448,9.76907760511021,19.999959890790734,-1.3720970980231155,-0.25114131341445045,-0.3462138665724275,1.8441928406222947,14.0,0.0,0.0002039539630844093,"[20.0, 20.0, 20.0, 20.0, 20.0, 20.0, 20.0, 20.0, 20.0, 20.0, 20.0, 20.0, 20.0, 20.0, 20.0, 20.0, 20.0, 20.0, 20.0, 20.0, 20.0, 20.0, 20.0, 20.0, 20.0, 20.0, 20.0, 20.0, 20.0, 20.0, 20.0, 20.0, 20.0, 20.0, 20.0, 20.0, 20.0, 20.0, 20.0, 20.0, 20.0, 20.0, 20.0, 19.70562412781156, 15.109985439163308, 13.748374274752289, 12.700544665224864, 11.885171982863204, 11.24862131846307, 10.754476923033616, 10.377576563688448, 10.100467219601418, 9.911240827412069, 9.802202926675744, 9.76907760511021, 9.810588447604674, 9.928336651723724, 10.12695416221271, 10.414559708437993, 10.803604065456444, 11.312276624406513, 11.966790699058508, 12.805134452099399, 13.152104337866348, 15.18374125513667, 16.81191415663528, 18.99312107571691, 20.0, 20.0, 20.0, 20.0, 20.0]",24.965602776211675,-0.017852217131469672,0.0666,-1.2805,-0.1573,0.1732,0.554,-0.2218,-0.0151,-9.8022,15.3,,50.0,,,,0.5231,-0.0777,0.5288,171.55,14.94,1.22387,1.8462,180.07,14.434,1,64.23,59.836,1,3,10,0.7,9.793,0,1.5817,0,0
1790659313.806419,47.398097,8.5464921,9.567000389099121,-1.849609375,-0.003842974081635475,0.001822289195843041,179.81,-1.7934714223802328,0.0053140666100129665,0.0,-179.93709216259242,9.772617667494822,19.836230074252615,-1.352973685896865,-0.2529078374075766,-0.3090445300451633,1.8476356784055008,14.0,0.0,0.00012812731492740792,"[20.0, 20.0, 20.0, 20.0, 20.0, 20.0, 20.0, 20.0, 20.0, 20.0, 20.0, 20.0, 20.0, 20.0, 20.0, 20.0, 20.0, 20.0, 20.0, 20.0, 20.0, 20.0, 20.0, 20.0, 20.0, 20.0, 20.0, 20.0, 20.0, 20.0, 20.0, 20.0, 20.0, 20.0, 20.0, 20.0, 20.0, 19.836230074252615, 20.0, 20.0, 20.0, 20.0, 20.0, 19.416190880400062, 15.143646177810334, 13.77488901600619, 12.721846910087283, 11.902525832008074, 11.262883269667721, 10.766242269173357, 10.38726532663985, 10.108376428560916, 9.917576996569942, 9.807102199143479, 9.772617667494822, 9.812794411022207, 9.929181883810656, 10.126356130242854, 10.412369975361054, 10.799590387923665, 11.306093223004568, 11.957929442642646, 12.792843320400902, 13.86655184106301, 15.195976214574745, 16.820014950105833, 18.994582126947147, 20.0, 20.0, 20.0, 20.0, 20.0]",24.965602776211675,-0.017852217131469672,0.053,-1.2335,-0.0753,0.2683,0.5171,-0.2176,-0.0088,-9.8151,15.3,,50.0,,,,0.4747,-0.0952,0.4842,168.66,14.94,1.22388,1.8496,180.12,14.061,1,64.43,60.209,1,3,10,0.7,9.79,0,1.6075,0,0
1790659314.0077786,47.398093599999996,8.5464921,9.562000274658203,-1.8507235050201416,-0.004641037900000811,0.002116628922522068,179.91,-1.7935857355247453,0.002194435203343967,0.0,-179.8412616774135,9.7754961451155,19.4310803761959,-1.3345246913264481,-0.2487383225864619,-0.2336796615568996,1.8486988932857935,14.0,0.0,0.0003023370496136331,"[20.0, 20.0, 20.0, 20.0, 20.0, 20.0, 20.0, 20.0, 20.0, 20.0, 20.0, 20.0, 20.0, 20.0, 20.0, 20.0, 20.0, 20.0, 20.0, 20.0, 20.0, 20.0, 20.0, 20.0, 20.0, 20.0, 20.0, 20.0, 20.0, 20.0, 20.0, 20.0, 20.0, 20.0, 20.0, 20.0, 20.0, 19.4310803761959, 20.0, 20.0, 20.0, 20.0, 20.0, 19.16693006971972, 15.179556087097627, 13.802957574458935, 12.7442063508185, 11.920566042654224, 11.277543053067404, 10.778171852437445, 10.396921547376198, 10.11608051360828, 9.923550364684056, 9.811488589006865, 9.7754961451155, 9.814185686237993, 9.929049018573702, 10.124599693520365, 10.408816678462458, 10.793972908287092, 11.298016837995242, 11.946817403791776, 12.777845837245144, 13.846389102378199, 15.204415494220312, 16.823326975592206, 18.98981854574164, 20.0, 20.0, 20.0, 20.0, 20.0]",24.965602776211675,-0.017852217131469672,0.062,-1.1838,0.0781,0.2449,0.4993,-0.2091,-0.0075,-9.8207,15.3,,50.0,,,,0.45,-0.1433,0.4722,162.33,14.94,1.22388,1.8507,180.14,13.688,1,64.63,60.582,1,3,10,0.7,9.793,0,1.6146,0,0
1790659314.2084994,47.3980903,8.5464921,9.557000160217285,-1.8491915464401245,-0.004713763948529959,0.001837459858506918,180.02,-1.7938199982202212,-0.0012265546639899701,0.0,-179.74028952680658,9.777271866417413,19.03100959444895,-1.317235907754685,-0.23971047319344052,-0.1260520384780102,1.8470708877254343,14.0,0.0,0.0006545293409315328,"[20.0, 20.0, 20.0, 20.0, 20.0, 20.0, 20.0, 20.0, 20.0, 20.0, 20.0, 20.0, 20.0, 20.0, 20.0, 20.0, 20.0, 20.0, 20.0, 20.0, 20.0, 20.0, 20.0, 20.0, 20.0, 20.0, 20.0, 20.0, 20.0, 20.0, 20.0, 20.0, 20.0, 20.0, 20.0, 20.0, 19.768903775787265, 19.03100959444895, 20.0, 20.0, 20.0, 20.0, 20.0, 18.96359525747272, 15.217065110944246, 13.831978748116926, 12.767061449758392, 11.938763097096173, 11.292096821239955, 10.789782160446313, 10.406077483516086, 10.123123507838425, 9.928713154415643, 9.81491919738475, 9.777271866417413, 9.81431973405098, 9.927491010411085, 10.121230014654788, 10.403433643773626, 10.786270181402166, 11.287546271912127, 11.932928412878224, 12.759584668607978, 13.822325574469298, 14.067291057805905, 16.821089389789087, 18.977991864309775, 20.0, 20.0, 20.0, 20.0, 20.0]",24.965602776211675,-0.017852217131469672,0.0805,-1.1604,0.1042,0.1426,0.418,-0.2099,-0.0093,-9.8219,15.3,,50.0,,,,0.5694,-0.1241,0.5827,167.71,14.94,1.22388,1.8492,180.15,13.316,1,64.84,60.954,1,3,10,0.7,9.784,0,1.5578,0,0
1790659314.4083412,47.398086899999996,8.546491999999999,9.553000450134277,-1.846644401550293,-0.005089177750051022,0.0014388691633939743,180.12,-1.7936639523998363,-0.004371635931804504,0.0,-179.6344418520934,9.778299797033508,18.638265203694136,-1.3007702256586113,-0.2455581479065927,-0.037901363046492956,1.8444322618008095,14.0,0.0,0.0004259245820471352,"[20.0, 20.0, 20.0, 20.0, 20.0, 20.0, 20.0, 20.0, 20.0, 20.0, 20.0, 20.0, 20.0, 20.0, 20.0, 20.0, 20.0, 20.0, 20.0, 20.0, 20.0, 20.0, 20.0, 20.0, 20.0, 20.0, 20.0, 20.0, 20.0, 20.0, 20.0, 20.0, 20.0, 20.0, 20.0, 20.0, 19.492466070602852, 18.638265203694136, 20.0, 20.0, 20.0, 20.0, 20.0, 18.81345844651351, 15.250399076217898, 13.85762757968551, 12.787136056830876, 11.954631540652633, 11.304677671504527, 10.799707441476846, 10.413787712305405, 10.128925139541456, 9.93281401024028, 9.817450224963409, 9.778299797033508, 9.813853061583412, 9.925480363876897, 10.11756296637768, 10.39792297457937, 10.778633302326309, 11.27737142737921, 11.919619631799884, 12.742270455017083, 13.799702119122525, 14.210916333674968, 16.82126041639633, 18.96977615961592, 20.0, 20.0, 20.0, 20.0, 20.0]",24.965602776211675,-0.017852217131469672,0.1067,-1.1578,0.1848,0.02,0.4785,-0.2132,-0.0066,-9.8133,15.3,,50.0,,,,0.5367,-0.0196,0.5371,177.91,14.94,1.22388,1.8467,180.16,12.944,1,65.04,61.326,1,3,10,0.7,9.756,0,1.5781,0,0
1790659314.6094706,47.3980836,8.546491999999999,9.551000595092773,-1.8464277982711792,-0.005947082303464413,0.0005113289807923138,180.22,-1.7933392017264094,-0.007531288595650085,0.0,-179.52228493768587,9.778653704882036,18.2471503670906,-1.2849044802015088,-0.25771506231416197,0.04082862751930245,1.844183167060645,14.0,0.0,0.000881105516173375,"[20.0, 20.0, 20.0, 20.0, 20.0, 20.0, 20.0, 20.0, 20.0, 20.0, 20.0, 20.0, 20.0, 20.0, 20.0, 20.0, 20.0, 20.0, 20.0, 20.0, 20.0, 20.0, 20.0, 20.0, 20.0, 20.0, 20.0, 20.0, 20.0, 20.0, 20.0, 20.0, 20.0, 20.0, 20.0, 20.0, 19.238500873284142, 18.2471503670906, 20.0, 20.0, 20.0, 20.0, 20.0, 18.739690642022627, 18.294959395962426, 13.882409579320214, 12.806387072073822, 11.96971393338949, 11.316503992634054, 10.808903935706963, 10.420789515215224, 10.13403371951489, 9.936232529860934, 9.819305211934063, 9.778653704882036, 9.812710150426023, 9.922786974161687, 10.113202227379148, 10.391702969701022, 10.770266395169134, 11.266440387512981, 11.905522563065805, 12.724129607899334, 13.776207591431415, 15.143587088055666, 16.820592715918686, 18.960659026968333, 20.0, 20.0, 20.0, 20.0, 20.0]",24.965602776211675,-0.017852217131469672,0.1314,-1.1507,0.1365,0.03,0.447,-0.209,-0.0118,-9.808,15.3,,50.0,,,,0.5382,0.0492,0.5404,185.22,14.94,1.22388,1.8464,180.18,12.571,1,65.24,61.699,1,3,10,0.7,9.763,0,1.5762,0,0
1790659314.8103356,47.398080199999995,8.546491999999999,9.551000595092773,-1.8464871644973755,-0.007288139779120684,7.780927990097553e-05,180.32,-1.7923657414525371,-0.01074816049408595,0.0,-179.38528165772772,9.778848574734427,17.79709504974828,-1.2666580054375505,-0.2947183422722901,0.09385302784828725,1.8441010171372723,14.0,0.0,0.002686190257652866,"[20.0, 20.0, 20.0, 20.0, 20.0, 20.0, 20.0, 20.0, 20.0, 20.0, 20.0, 20.0, 20.0, 20.0, 20.0, 20.0, 20.0, 20.0, 20.0, 20.0, 20.0, 20.0, 20.0, 20.0, 20.0, 20.0, 20.0, 20.0, 20.0, 20.0, 20.0, 20.0, 20.0, 20.0, 20.0, 20.0, 19.0232591607397, 17.79709504974828, 20.0, 20.0, 20.0, 20.0, 20.0, 18.86039644558708, 17.888515460789215, 13.907052721347021, 12.82548640579911, 11.984638620649482, 11.328170143212889, 10.817939619582715, 10.427630731611334, 10.138982253476671, 9.939491546096734, 9.821001062255549, 9.778848574734427, 9.811408000541967, 9.919933867193087, 10.108681095518294, 10.385321861749087, 10.761737931468893, 11.255348104188645, 11.891266229009139, 12.705834758943713, 13.75257063591688, 15.112597118280595, 16.825544357149855, 18.95791784209015, 20.0, 20.0, 20.0, 20.0, 20.0]",24.965602776211675,-0.017852217131469672,0.1492,-1.129,0.0763,0.1329,0.4876,-0.2138,-0.007,-9.7891,15.3,,50.0,,,,0.5688,0.0226,0.5693,182.27,14.94,1.22388,1.8465,180.23,12.135,1,65.44,62.135,1,3,10,0.7,9.748,0,1.5619,0,0
1790659315.010121,47.3980768,8.546491999999999,9.54900074005127,-1.844849944114685,-0.009271364659070969,9.322397818323225e-05,180.42000000000002,-1.791748450528051,-0.013929356418965165,0.0,-179.26227652618502,9.779166699384465,17.412476451840945,-1.250859753348607,-0.31772347381499344,0.132060270827667,1.8424259714654119,14.0,0.0,0.001671895228971461,"[20.0, 20.0, 20.0, 20.0, 20.0, 20.0, 20.0, 20.0, 20.0, 20.0, 20.0, 20.0, 20.0, 20.0, 20.0, 20.0, 20.0, 20.0, 20.0, 20.0, 20.0, 20.0, 20.0, 20.0, 20.0, 20.0, 20.0, 20.0, 20.0, 20.0, 20.0, 20.0, 20.0, 20.0, 20.0, 20.0, 20.0, 17.412476451840945, 20.0, 20.0, 20.0, 20.0, 20.0, 20.0, 17.589264300251045, 13.931958594723397, 12.84480429170347, 11.999751505659079, 11.340003056440676, 10.827126697282242, 10.434612308681283, 10.144063371668585, 9.94287794880668, 9.822821265094804, 9.779166699384465, 9.810229865205255, 9.91720744928862, 10.104291444827318, 10.3790795273624, 10.753358666034968, 11.244419584393174, 11.877193979314399, 12.687752723419814, 13.729188166723851, 15.081924436770196, 16.824883893529883, 18.948894581956733, 20.0, 20.0, 20.0, 20.0, 20.0]",24.965602776211675,-0.017852217131469672,0.1673,-1.1038,0.0908,0.0571,0.5162,-0.2187,-0.0103,-9.8056,15.3,,50.0,,,,0.6864,0.1016,0.6939,188.42,14.94,1.22388,1.8449,180.29,11.761,1,65.64,62.509,1,3,10,0.7,9.749,0,1.4979,0,0
1790659315.2109373,47.398073499999995,8.546491999999999,9.54900074005127,-1.8409746885299683,-0.012805970385670662,-8.405822882195935e-05,180.54,-1.791699433697421,-0.01768333196387782,0.0,-179.14166233638298,9.782228051389026,17.032644370969667,-1.232486907178266,-0.3183376636170294,0.14145230335553416,1.8386211107895998,14.0,0.0,4.446087239918674e-05,"[20.0, 20.0, 20.0, 20.0, 20.0, 20.0, 20.0, 20.0, 20.0, 20.0, 20.0, 20.0, 20.0, 20.0, 20.0, 20.0, 20.0, 20.0, 20.0, 20.0, 20.0, 20.0, 20.0, 20.0, 20.0, 20.0, 20.0, 20.0, 20.0, 20.0, 20.0, 20.0, 20.0, 20.0, 20.0, 20.0, 20.0, 17.032644370969667, 20.0, 20.0, 20.0, 20.0, 20.0, 20.0, 17.34108236346892, 13.965787928153167, 12.871587550772905, 12.021229482229629, 11.357345666419853, 10.841140987541564, 10.445863568033896, 10.152948318386374, 9.949669962322364, 9.827698352322004, 9.782228051389026, 9.811504147901076, 9.916654280002264, 10.101796248797877, 10.374440758800219, 10.746264851142795, 11.234411283280211, 11.86360163532257, 12.669593539749572, 13.704989275026948, 15.04940514013306, 15.555594005857088, 18.9346796584927, 20.0, 20.0, 20.0, 20.0, 20.0]",24.965602776211675,-0.017852217131469672,0.1743,-1.0944,0.0477,0.0008,0.5502,-0.225,0.0001,-9.7968,15.3,,50.0,,,,0.7443,-0.0121,0.7444,179.07,14.94,1.22388,1.841,180.4,11.389,1,65.84,62.881,1,3,10,0.7,9.78,0,1.4688,0,0
1790659315.4110842,47.3980701,8.5464919,9.54900074005127,-1.8369501829147339,-0.018852563574910164,0.00010445338557474315,180.65,-1.791560428978341,-0.02113173706512687,0.0,-179.0277359592783,9.789438770469209,16.65796805414355,-1.2100470297486066,-0.3222640407217341,0.061995810250105934,1.834846915691984,14.0,0.0,0.0002852722134380428,"[20.0, 20.0, 20.0, 20.0, 20.0, 20.0, 20.0, 20.0, 20.0, 20.0, 20.0, 20.0, 20.0, 20.0, 20.0, 20.0, 20.0, 20.0, 20.0, 20.0, 20.0, 20.0, 20.0, 20.0, 20.0, 20.0, 20.0, 20.0, 20.0, 20.0, 20.0, 20.0, 20.0, 20.0, 20.0, 20.0, 20.0, 16.65796805414355, 20.0, 20.0, 20.0, 20.0, 20.0, 20.0, 17.147637431281915, 17.35290128140468, 12.902028059605138, 12.046393960336369, 11.378400013635053, 10.85889761654431, 10.4608992151444, 10.16567559458036, 9.960381908506086, 9.836596346508482, 9.789438770469209, 9.817088688633113, 9.920610937332292, 10.104057277324868, 10.374862345006642, 10.744608167900425, 11.230310427131768, 11.856510640448654, 12.658697828079106, 13.689053034072375, 15.026495970256269, 15.740049789671268, 18.93273348281762, 20.0, 20.0, 20.0, 20.0, 20.0]",24.965602776211675,-0.017852217131469672,0.1683,-1.1089,-0.1854,-0.143,0.6477,-0.2135,-0.0152,-9.8042,15.3,,50.0,,,,0.5776,-0.052,0.58,174.85,14.94,1.22388,1.837,180.59,11.019,1,66.04,63.252,1,3,10,0.7,9.801,0,1.5471,0,0
1790659315.6121972,47.398066799999995,8.5464918,9.54800033569336,-1.8350915908813477,-0.024869587272405624,0.0003078216686844826,180.77,-1.7917243447667306,-0.02486639228046925,0.0,-178.91591937264502,9.799089304013709,16.285714380457293,-1.185181758283162,-0.31408062735496856,-0.006438173691774385,1.8332557854987241,14.0,0.0,0.0005927541302980615,"[20.0, 20.0, 20.0, 20.0, 20.0, 20.0, 20.0, 20.0, 20.0, 20.0, 20.0, 20.0, 20.0, 20.0, 20.0, 20.0, 20.0, 20.0, 20.0, 20.0, 20.0, 20.0, 20.0, 20.0, 20.0, 20.0, 20.0, 20.0, 20.0, 20.0, 20.0, 20.0, 20.0, 20.0, 20.0, 20.0, 20.0, 16.285714380457293, 20.0, 20.0, 20.0, 20.0, 20.0, 20.0, 17.01965517973109, 16.903186663474745, 12.937705882386842, 12.076123755699689, 11.40349912086569, 10.880286633932425, 10.479234333020118, 10.181429062103254, 9.97389225299157, 9.8480999642111, 9.799089304013709, 9.824967701945452, 9.926731611715601, 10.108361560563583, 10.377210791550196, 10.74476025175644, 11.227890900667719, 11.850953678605185, 12.649153442350977, 13.674225529735978, 15.004352259664769, 16.762450907082172, 18.930351467398722, 20.0, 20.0, 20.0, 20.0, 20.0]",24.965602776211675,-0.017852217131469672,0.1365,-1.1199,-0.2629,0.004,0.632,-0.215,-0.0119,-9.8027,15.3,,50.0,,,,0.4883,-0.1238,0.5038,165.78,14.94,1.22388,1.8353,180.78,10.647,1,66.24,63.624,1,3,10,0.7,9.799,0,1.5834,0,0
1790659315.812144,47.3980634,8.546491699999999,9.547000885009766,-1.8349729776382446,-0.028229817748069763,0.0004140486125834286,180.9,-1.7888693397162505,-0.029155505328609527,0.0,-178.67825296804585,9.808508711656687,15.915993157263866,-1.1605643065848052,-0.4217470319541121,0.018612728014428575,1.8332406291065377,13.914349096236297,0.004228103329733067,0.007815322654220134,"[20.0, 20.0, 20.0, 20.0, 20.0, 20.0, 20.0, 20.0, 20.0, 20.0, 20.0, 20.0, 20.0, 20.0, 20.0, 20.0, 20.0, 20.0, 20.0, 20.0, 20.0, 20.0, 20.0, 20.0, 20.0, 20.0, 20.0, 20.0, 20.0, 20.0, 20.0, 20.0, 20.0, 20.0, 20.0, 20.0, 20.0, 15.915993157263866, 20.0, 20.0, 20.0, 20.0, 20.0, 20.0, 16.985041190927337, 16.532213398998525, 12.975132165601234, 12.10715371975322, 11.429553399585066, 10.902355456999455, 10.498021503703638, 10.197439335194211, 9.987485760320439, 9.85952637462274, 9.808508711656687, 9.83246206502598, 9.932308615927978, 10.111951376799933, 10.378654903031796, 10.743789950991895, 11.224090674578761, 11.843700573762398, 12.63751570907968, 13.656788075894136, 14.978902269123333, 16.725376883169382, 18.922826764237957, 20.0, 20.0, 20.0, 20.0, 20.0]",24.965602776211675,-0.017852217131469672,0.1146,-1.1121,-0.0043,0.0961,0.6765,-0.2101,-0.01,-9.7995,15.3,,50.0,,,,0.5723,-0.063,0.5758,173.72,14.94,1.22388,1.8352,180.88,10.274,1,66.44,63.997,1,3,10,0.7,9.791,0,1.5473,0,0
1790659316.01288,47.3980598,8.5464915,9.545000076293945,-1.8339190483093262,-0.031298816204071045,0.0008061944972723722,181.04,-1.7751857379817837,-0.03425377434977235,0.0,-178.02714191698067,9.818652690124008,15.55034292749327,-1.135283355375464,-0.9428580830193027,0.05224910423790595,1.8322776137606434,13.543346795965178,0.02253286336112449,0.03735297501305162,"[20.0, 20.0, 20.0, 20.0, 20.0, 20.0, 20.0, 20.0, 20.0, 20.0, 20.0, 20.0, 20.0, 20.0, 20.0, 20.0, 20.0, 20.0, 20.0, 20.0, 20.0, 20.0, 20.0, 20.0, 20.0, 20.0, 20.0, 20.0, 20.0, 20.0, 20.0, 20.0, 20.0, 20.0, 20.0, 20.0, 20.0, 15.55034292749327, 16.48507021676622, 20.0, 20.0, 20.0, 20.0, 20.0, 17.150370293805103, 16.22635353084843, 13.013665312409866, 12.139180765538981, 11.45652318869921, 10.92527844911959, 10.517616689619471, 10.214223380806635, 10.001828555916115, 9.87168595392678, 9.818652690124008, 9.840679514045279, 9.938614311707255, 10.11628294627274, 10.380862096361858, 10.74361371170885, 11.221127334279835, 11.83734245008839, 12.626851753983495, 13.640432802471725, 14.95468781748652, 16.689765028674923, 18.916614200117582, 20.0, 20.0, 20.0, 20.0, 20.0]",24.965602776211675,-0.017852217131469672,0.1236,-1.0829,0.1004,0.1383,0.7074,-0.2139,-0.0133,-9.8103,15.3,,50.0,,,,0.5751,-0.0883,0.5818,171.27,14.94,1.22388,1.8342,180.98,9.902,1,66.64,64.37,1,3,10,0.7,9.769,0,1.5433,0,0
1790659316.2145498,47.398056499999996,8.546491399999999,9.542000770568848,-1.8314409255981445,-0.03543737903237343,0.0006299188244156539,181.22,-1.7620945382938766,-0.04105700514004186,0.0,-177.34583849927446,9.829790624965726,15.191255946355254,-1.109281495590222,-1.4341615007255655,0.11149636892047768,1.829965233558076,13.172660784084428,0.040800777199038095,0.03465190015403814,"[20.0, 20.0, 20.0, 20.0, 20.0, 20.0, 20.0, 20.0, 20.0, 20.0, 20.0, 20.0, 20.0, 20.0, 20.0, 20.0, 20.0, 20.0, 20.0, 20.0, 20.0, 20.0, 20.0, 20.0, 20.0, 20.0, 20.0, 20.0, 20.0, 20.0, 20.0, 20.0, 20.0, 20.0, 20.0, 20.0, 20.0, 15.191255946355254, 15.832454157895437, 20.0, 20.0, 20.0, 20.0, 20.0, 20.0, 15.981994140726956, 16.565760008836072, 12.181608124549609, 11.491760168754373, 10.954761250476796, 10.54236059254113, 10.234951891576095, 10.019053546890298, 9.885757766298234, 9.829790624965726, 9.848988398099525, 9.944089928770314, 10.118807051671645, 10.380185838098914, 10.739325997573317, 11.212601251851677, 11.82364693127628, 12.606604555116226, 13.611548475399921, 14.913926056090387, 16.631872271813727, 18.883116692247466, 20.0, 20.0, 20.0, 20.0, 20.0]",24.965602776211675,-0.017852217131469672,0.1502,-0.9994,0.1927,0.4573,1.1856,-0.2068,0.0031,-9.8162,15.3,,50.0,,,,0.4705,-0.1537,0.4949,161.91,14.94,1.22388,1.8318,181.11,9.53,1,66.84,64.743,1,3,10,0.7,9.764,0,1.5843,0,0
1790659316.4142728,47.3980531,8.5464912,9.538000106811523,-1.8256840705871582,-0.040391720831394196,0.0011189181823283434,181.57,-1.7500983392459055,-0.05133215883296314,0.0,-176.59489506955413,9.841824754107277,14.846237691982434,-1.0830571459019425,-1.8751049304459002,0.2625859478040598,1.8244372803528612,12.802926916529213,0.05898499580148145,0.030806892263534023,"[20.0, 20.0, 20.0, 20.0, 20.0, 20.0, 20.0, 20.0, 20.0, 20.0, 20.0, 20.0, 20.0, 20.0, 20.0, 20.0, 20.0, 20.0, 20.0, 20.0, 20.0, 20.0, 20.0, 20.0, 20.0, 20.0, 20.0, 20.0, 20.0, 20.0, 20.0, 20.0, 20.0, 20.0, 20.0, 20.0, 20.0, 14.846237691982434, 15.252263748143344, 20.0, 20.0, 20.0, 20.0, 20.0, 20.0, 15.817972074301586, 15.966429966120923, 12.24363572256148, 11.542354532337912, 10.996210185163184, 10.576269443940367, 10.262454020389983, 10.040940316978478, 9.90255934811003, 9.841824754107277, 9.856386400996026, 9.94680456138302, 10.116603296960676, 10.372612713925289, 10.725663709823634, 11.191772464194065, 11.79407137220893, 12.56595830000013, 13.55635338402942, 14.838817904406058, 16.528217864419187, 17.400296626917246, 20.0, 20.0, 20.0, 20.0, 20.0]",24.965602776211675,-0.017852217131469672,0.1854,-0.897,0.1803,0.4062,2.1633,-0.2108,-0.008,-9.8047,15.3,,50.0,,,,0.52,-0.217,0.5634,157.35,14.94,1.22388,1.8261,181.27,9.158,1,67.04,65.115,1,3,10,0.7,9.755,0,1.5444,0,0
1790659316.6154456,47.398049799999995,8.546491099999999,9.535000801086426,-1.8172801733016968,-0.04693235456943512,0.0003571815032046288,182.12,-1.7453296088899597,-0.06956427502334767,0.0,-175.8501961622435,9.857936004515377,14.541440967202862,-1.0547549136199348,-2.0298038377565035,0.6406308348643407,1.8163933637432852,12.43442170441028,0.07702569009419542,0.01066263477789451,"[20.0, 20.0, 20.0, 20.0, 20.0, 20.0, 20.0, 20.0, 20.0, 20.0, 20.0, 20.0, 20.0, 20.0, 20.0, 20.0, 20.0, 20.0, 20.0, 20.0, 20.0, 20.0, 20.0, 20.0, 20.0, 20.0, 20.0, 20.0, 20.0, 20.0, 20.0, 20.0, 20.0, 20.0, 20.0, 20.0, 20.0, 14.541440967202862, 14.68324035987472, 20.0, 20.0, 20.0, 20.0, 20.0, 20.0, 15.818248589624597, 15.517438087406308, 12.354550122387156, 11.631556904302242, 11.068083049338767, 10.633870823210751, 10.307929758261587, 10.075777678547496, 9.927744151729943, 9.857936004515377, 9.863646873692362, 9.945096425185332, 10.105451274504585, 10.351131396489658, 10.692458700340765, 11.144774763422225, 11.730266962848873, 12.480942412380886, 13.443574242782447, 14.688236938890862, 16.323796704751377, 17.715628315411916, 20.0, 20.0, 20.0, 20.0, 20.0]",24.965602776211675,-0.017852217131469672,0.2175,-0.8158,0.1746,0.2937,3.2762,-0.214,-0.0059,-9.8123,15.3,,50.0,,,,0.4653,-0.313,0.5608,146.07,14.94,1.22388,1.8179,181.48,8.788,1,67.24,65.486,1,3,10,0.7,9.783,0,1.5375,0,0
1790659316.8158755,47.3980465,8.5464909,9.53600025177002,-1.808168649673462,-0.05521732196211815,-0.0007067819242365658,182.85,-1.7439638416321797,-0.09180806731879126,0.0,-175.10762197835015,9.873281539195032,14.176284959565338,-1.0242677225007135,-2.0423780216498244,1.1008619363779688,1.8077859643939138,12.068223792347844,0.09484630021255044,0.000864088667800184,"[20.0, 20.0, 20.0, 20.0, 20.0, 20.0, 20.0, 20.0, 20.0, 20.0, 20.0, 20.0, 20.0, 20.0, 20.0, 20.0, 20.0, 20.0, 20.0, 20.0, 20.0, 20.0, 20.0, 20.0, 20.0, 20.0, 20.0, 20.0, 20.0, 20.0, 20.0, 20.0, 20.0, 20.0, 20.0, 20.0, 20.0, 14.293361950935505, 14.176284959565338, 20.0, 20.0, 20.0, 20.0, 20.0, 20.0, 16.26082960312661, 15.220325012414477, 16.008131469252746, 11.744324253737492, 11.158816166527266, 10.706530010123995, 10.365292865648762, 10.119774316057525, 9.959662811256026, 9.878549606183418, 9.873281539195032, 9.943655978193831, 10.092401522674496, 10.325440967612003, 10.652484907268867, 11.088071005076166, 11.653268096906599, 12.378447578437786, 13.307873634831253, 14.507574961128869, 16.07951372489385, 18.18874557644968, 20.0, 20.0, 20.0, 20.0, 20.0]",24.965602776211675,-0.017852217131469672,0.2655,-0.7957,0.3628,0.0888,4.0488,-0.2123,-0.0071,-9.8053,15.3,,50.0,,,,0.4678,-0.3776,0.6012,141.09,14.94,1.22388,1.809,181.75,8.42,1,67.44,65.855,1,3,10,0.7,9.827,0,1.5084,0,0
1790659317.0169415,47.3980432,8.5464907,9.540000915527344,-1.7990882396697998,-0.0649557113647461,-0.0013221408007666469,183.70000000000002,-1.7452189455247482,-0.11760259550751785,0.0,-174.36221616427952,9.884809348715647,13.729832877053223,-0.9930949972709027,-1.937783835720495,1.6322458149131838,1.7993261663401885,11.704765087209289,0.11239031642656344,0.007199293530957718,"[20.0, 20.0, 20.0, 20.0, 20.0, 20.0, 20.0, 20.0, 20.0, 20.0, 20.0, 20.0, 20.0, 20.0, 20.0, 20.0, 20.0, 20.0, 20.0, 20.0, 20.0, 20.0, 20.0, 20.0, 20.0, 20.0, 20.0, 20.0, 20.0, 20.0, 20.0, 20.0, 20.0, 20.0, 20.0, 20.0, 20.0, 14.13868181185821, 13.729832877053223, 20.0, 20.0, 20.0, 20.0, 20.0, 20.0, 20.0, 15.084469467739025, 15.217668070964981, 11.87837745864605, 11.266383528594368, 10.792474392669309, 10.433021392523436, 10.171657703695235, 9.997295099969628, 9.902906528362422, 9.884809348715647, 9.942307126557951, 10.077623258853858, 10.296114403167783, 10.606802767212896, 11.023329250745702, 11.565525151640593, 12.261965870426033, 13.154181931801478, 14.303830771345266, 15.805487662755365, 17.81087562940074, 20.0, 20.0, 20.0, 20.0, 20.0]",24.965602776211675,-0.017852217131469672,0.3449,-0.8276,0.399,-0.1443,4.3991,-0.2063,-0.0007,-9.7938,15.3,,50.0,,,,0.3885,-0.4729,0.612,129.4,14.94,1.22388,1.8003,182.07,8.055,1,67.64,66.222,1,3,10,0.7,9.839,0,1.4942,0,0
1790659317.217127,47.3980399,8.546490499999999,9.544000625610352,-1.7896723747253418,-0.07569334656000137,-0.0011673816479742527,184.58,-1.7466335211566417,-0.1443619128356606,0.0,-173.6100507929267,9.897288159102613,13.34624469996113,-0.9633021144001311,-1.8099492070732595,2.158145511538587,1.7906105750976657,11.34623548962135,0.12954297747992422,0.008867635094637887,"[20.0, 20.0, 20.0, 20.0, 20.0, 20.0, 20.0, 20.0, 20.0, 20.0, 20.0, 20.0, 20.0, 20.0, 20.0, 20.0, 20.0, 20.0, 20.0, 20.0, 20.0, 20.0, 20.0, 20.0, 20.0, 20.0, 20.0, 20.0, 20.0, 20.0, 20.0, 20.0, 20.0, 20.0, 20.0, 20.0, 20.0, 14.164085147347027, 13.34624469996113, 14.139193646686525, 20.0, 20.0, 20.0, 20.0, 20.0, 20.0, 15.163269153170631, 14.788106370083424, 20.0, 11.380239669664398, 10.883247281450927, 10.504447266965405, 10.226340049945764, 10.036996287770268, 9.928726533425621, 9.897288159102613, 9.941470023424746, 10.06297685837802, 10.266592377438608, 10.560650822532567, 10.957906348488802, 11.476977683769539, 12.144695160642758, 12.999955244680415, 14.100241162812255, 15.533147171700765, 17.43795430198088, 18.62767373137094, 20.0, 20.0, 20.0, 20.0]",24.965602776211675,-0.017852217131469672,0.4585,-0.9007,0.534,-0.3836,4.4248,-0.2053,-0.0072,-9.7942,15.3,,50.0,,,,0.3595,-0.363,0.5109,134.72,14.94,1.22388,1.7913,182.42,7.694,1,67.84,66.584,1,3,10,0.7,9.847,0,1.5358,0,0
1790659317.4184391,47.3980367,8.5464902,9.54800033569336,-1.778990387916565,-0.09161928296089172,-0.001224896521307528,185.43,-1.7474459954939139,-0.17027397408334144,0.0,-172.8776915654467,9.915396498694214,13.018832607147953,-0.9304512062730277,-1.692308434553297,2.4818308541249103,1.781033718805268,10.994816944206566,0.14619487839576156,0.008168848490276825,"[20.0, 20.0, 20.0, 20.0, 20.0, 20.0, 20.0, 20.0, 20.0, 20.0, 20.0, 20.0, 20.0, 20.0, 20.0, 20.0, 20.0, 20.0, 20.0, 20.0, 20.0, 20.0, 20.0, 20.0, 20.0, 20.0, 20.0, 20.0, 20.0, 20.0, 20.0, 20.0, 20.0, 20.0, 20.0, 20.0, 20.0, 20.0, 13.018832607147953, 13.370342112684536, 20.0, 20.0, 20.0, 20.0, 20.0, 20.0, 20.0, 14.554425712944127, 15.04819549376502, 11.499139983537233, 10.978851862507758, 10.580646836516213, 10.285858406997354, 10.081699027949329, 9.959811388151579, 9.915396498694214, 9.946740599219092, 10.055051180664801, 10.244572247230808, 10.52299975164645, 10.902275238887439, 11.399917303520978, 12.041186476942476, 12.86262858726418, 13.91803258124619, 15.288872187379273, 17.103643725377175, 19.576317712584007, 20.0, 20.0, 20.0, 20.0]",24.965602776211675,-0.017852217131469672,0.574,-1.0007,0.4597,-0.4984,4.0177,-0.2088,0.0019,-9.7846,15.3,,50.0,,,,0.4047,-0.3779,0.5537,136.96,14.94,1.22388,1.7813,182.95,7.341,1,68.05,66.939,1,3,10,0.7,9.829,0,1.5045,0,0
1790659317.6179779,47.3980336,8.5464899,9.551000595092773,-1.7705676555633545,-0.11332561075687408,-0.0006734445923939347,186.20000000000002,-1.7467552208238326,-0.19377428214440376,0.0,-172.17344541646952,9.941003926388854,12.73584607242214,-0.8921498314982618,-1.6265545835304636,2.5377653218885596,1.774153783998624,10.647897100295197,0.1624852704159784,0.004592078610530243,"[20.0, 20.0, 20.0, 20.0, 20.0, 20.0, 20.0, 20.0, 20.0, 20.0, 20.0, 20.0, 20.0, 20.0, 20.0, 20.0, 20.0, 20.0, 20.0, 20.0, 20.0, 20.0, 20.0, 20.0, 20.0, 20.0, 20.0, 20.0, 20.0, 20.0, 20.0, 20.0, 20.0, 20.0, 20.0, 20.0, 20.0, 20.0, 12.73584607242214, 12.827505772198013, 20.0, 20.0, 20.0, 20.0, 20.0, 20.0, 20.0, 14.48466545211054, 14.482310149038316, 20.0, 11.076880457028892, 10.660270269828448, 10.349775124205847, 10.131781912510812, 9.997298257639615, 9.941003926388854, 9.96072266456331, 10.057213379566049, 10.23424247867759, 10.498950475846229, 10.862581214434973, 11.34171851737303, 11.96030018302318, 12.752905860071982, 13.770256815254575, 15.08878508267071, 16.828188831989223, 19.185917954313307, 20.0, 20.0, 20.0, 20.0]",24.965602776211675,-0.017852217131469672,0.6549,-1.1078,0.265,-0.4134,3.783,-0.2088,0.0058,-9.7987,15.3,,50.0,,,,0.1969,-0.4651,0.5051,112.94,14.94,1.22388,1.7742,183.66,6.992,1,68.25,67.291,1,3,10,0.7,9.824,0,1.5217,0,0
1790659317.8196962,47.398030399999996,8.5464895,9.555000305175781,-1.7662723064422607,-0.13816866278648376,-0.0006147543317638338,186.92000000000002,-1.7453260360169753,-0.21574399661340352,0.0,-171.49634628981795,9.974263903481619,12.492276226962531,-0.8476948481365507,-1.583653710182034,2.447081305790625,1.771606324743735,10.301292440500966,0.17859247153841662,0.0029894413301647773,"[20.0, 20.0, 20.0, 20.0, 20.0, 20.0, 20.0, 20.0, 20.0, 20.0, 20.0, 20.0, 20.0, 20.0, 20.0, 20.0, 20.0, 20.0, 20.0, 20.0, 20.0, 20.0, 20.0, 20.0, 20.0, 20.0, 20.0, 20.0, 20.0, 20.0, 20.0, 20.0, 20.0, 20.0, 20.0, 20.0, 20.0, 20.0, 12.492276226962531, 12.37165962387532, 20.0, 20.0, 20.0, 20.0, 20.0, 20.0, 20.0, 14.62168826163891, 14.156150068850735, 15.34450187800598, 11.180150338327287, 10.745499294478803, 10.419712130801488, 10.188356238432366, 10.04181532166847, 9.974263903481619, 9.983084869594894, 10.068617538547462, 10.234189980999895, 10.486441440914435, 10.83599459243095, 11.298609654763988, 11.897068423628925, 12.664243928188464, 13.648212040116459, 14.921087615787942, 16.595097828686367, 18.85381292462801, 20.0, 20.0, 20.0, 20.0]",24.965602776211675,-0.017852217131469672,0.6843,-1.1784,-0.0518,-0.1147,3.6093,-0.1988,-0.0071,-9.807,15.3,,50.0,,,,0.1452,-0.4861,0.5073,106.63,14.94,1.22388,1.7717,184.47,6.642,1,68.45,67.644,1,3,10,0.7,9.79,0,1.518,0,0
1790659318.019511,47.3980272,8.546489,9.557000160217285,-1.7648844718933105,-0.16403353214263916,-0.00043858608114533126,187.6,-1.7434892707156455,-0.2364782521543733,0.0,-170.8481383022439,10.012645171957097,12.29451859896129,-0.7978439089474608,-1.5518616977560953,2.290017267680784,1.7719624223884234,9.954599656890698,0.19451699209899045,0.002223928288816911,"[20.0, 20.0, 20.0, 20.0, 20.0, 20.0, 20.0, 20.0, 20.0, 20.0, 20.0, 20.0, 20.0, 20.0, 20.0, 20.0, 20.0, 20.0, 20.0, 20.0, 20.0, 20.0, 20.0, 20.0, 20.0, 20.0, 20.0, 20.0, 20.0, 20.0, 20.0, 20.0, 20.0, 20.0, 20.0, 20.0, 20.0, 20.0, 12.29451859896129, 11.969786553492858, 13.105739018296262, 20.0, 20.0, 20.0, 20.0, 20.0, 20.0, 20.0, 13.985676058626265, 14.329401227618112, 11.288447277159316, 10.83595284751619, 10.495132525945474, 10.250733229653585, 10.092519714171104, 10.014171271409191, 10.012645171957097, 10.087882718038417, 10.242803653692553, 10.483587920179591, 10.820296683222084, 11.267953392635206, 11.848314000787566, 12.592747064799815, 13.54701067298476, 14.779461569113693, 16.395872610079806, 18.567937719291912, 19.995259410366508, 20.0, 20.0, 20.0]",24.965602776211675,-0.017852217131469672,0.6814,-1.1998,-0.0975,0.0942,3.3785,-0.2005,0.0034,-9.7935,15.3,,50.0,,,,0.193,-0.6141,0.6437,107.45,14.94,1.22388,1.7725,185.31,6.293,1,68.65,67.998,1,3,10,0.7,9.842,0,1.4506,0,0
1790659318.2200944,47.3980241,8.546488499999999,9.558000564575195,-1.764183759689331,-0.18970592319965363,-5.3825406212126836e-05,188.25,-1.741768208663461,-0.2562995562394511,0.0,-170.23851305646332,10.049206466418179,12.16761453097877,-0.7425050045893986,-1.5114869435366813,2.112463292254406,1.772845316700983,9.608165540014106,0.21021507173813808,0.0028238409631659834,"[20.0, 20.0, 20.0, 20.0, 20.0, 20.0, 20.0, 20.0, 20.0, 20.0, 20.0, 20.0, 20.0, 20.0, 20.0, 20.0, 20.0, 20.0, 20.0, 20.0, 20.0, 20.0, 20.0, 20.0, 20.0, 20.0, 20.0, 20.0, 20.0, 20.0, 20.0, 20.0, 20.0, 20.0, 20.0, 20.0, 20.0, 20.0, 12.16761453097877, 11.608259687861711, 12.122443062783779, 20.0, 20.0, 20.0, 20.0, 20.0, 20.0, 20.0, 13.9669848621074, 13.880514378005376, 20.0, 10.932319893233059, 10.576528025891138, 10.319224841841663, 10.149553224714213, 10.06070034501706, 10.049206466418179, 10.11462941360384, 10.259502450839063, 10.48957794226042, 10.814401502848817, 11.248327296575315, 11.812186914064801, 12.536002032493716, 13.46346777097108, 14.659615848978063, 16.22454788265353, 18.319612360038565, 20.0, 20.0, 20.0, 20.0]",24.965602776211675,-0.017852217131469672,0.6558,-1.1946,-0.24,0.0974,3.3677,-0.2082,-0.0022,-9.8037,15.3,,50.0,,,,0.2387,-0.7214,0.7599,108.31,14.94,1.22388,1.7744,186.14,5.944,1,68.85,68.354,1,3,10,0.7,9.855,0,1.3944,0,0
1790659318.4201097,47.3980209,8.546487899999999,9.5600004196167,-1.7626163959503174,-0.21472378075122833,1.001071541395504e-05,188.89000000000001,-1.7411460807075354,-0.275890766017879,0.0,-169.6870110180389,10.093090065797028,12.2480607725728,-0.6811863267693822,-1.4229889819610548,1.9443914964705038,1.7725675191951507,9.263834249401611,0.2255511529378896,0.0062119052920631196,"[20.0, 20.0, 20.0, 20.0, 20.0, 20.0, 20.0, 20.0, 20.0, 20.0, 20.0, 20.0, 20.0, 20.0, 20.0, 20.0, 20.0, 20.0, 20.0, 20.0, 20.0, 20.0, 20.0, 20.0, 20.0, 20.0, 20.0, 20.0, 20.0, 20.0, 20.0, 20.0, 20.0, 20.0, 20.0, 20.0, 20.0, 20.0, 12.2480607725728, 11.283451627100424, 11.531081844639894, 20.0, 20.0, 20.0, 20.0, 20.0, 20.0, 20.0, 14.174360678658397, 13.625352338799242, 14.394801188957127, 11.036775656988294, 10.665626675719938, 10.39516744577718, 10.213897109871478, 10.114498503852218, 10.093090065797028, 10.148847783422971, 10.283926639566, 10.503667313511881, 10.817125924512021, 11.2380280801834, 11.786344423108238, 12.490850320240522, 13.393342861095386, 14.55581214196599, 16.073205739205612, 18.097546249851163, 20.0, 20.0, 20.0, 20.0]",24.965602776211675,-0.017852217131469672,0.6244,-1.1839,-0.3115,0.1024,3.2811,-0.2093,0.0013,-9.7963,15.3,,50.0,,,,0.2321,-0.6799,0.7185,108.85,14.94,1.22388,1.7756,186.95,5.597,1,69.05,68.71,1,3,10,0.7,9.845,0,1.4164,0,0
1790659318.6211529,47.3980177,8.5464872,9.562000274658203,-1.7604323625564575,-0.23869502544403076,4.3667656427714974e-05,189.51,-1.7479145312443056,-0.29544922047046923,0.0,-169.44016426567293,10.143555602547785,14.694524564844642,-0.6146344315432126,-1.0498357343271039,1.7884192535286292,1.771238049840972,8.922626167075167,0.24045971632752822,0.02628200610383196,"[20.0, 20.0, 20.0, 20.0, 20.0, 20.0, 20.0, 20.0, 20.0, 20.0, 20.0, 20.0, 20.0, 20.0, 20.0, 20.0, 20.0, 20.0, 20.0, 20.0, 20.0, 20.0, 20.0, 20.0, 20.0, 20.0, 20.0, 20.0, 20.0, 20.0, 20.0, 20.0, 20.0, 20.0, 20.0, 20.0, 20.0, 20.0, 20.0, 10.995136512390948, 11.046780637662842, 20.0, 20.0, 20.0, 20.0, 20.0, 20.0, 20.0, 20.0, 13.51981356331676, 13.729363693222712, 20.0, 10.761049512522053, 10.477371683592546, 10.284527178660188, 10.174689316986736, 10.143555602547785, 10.18992675826521, 10.315592263585454, 10.525501610322923, 10.828252488478354, 11.236988529843432, 11.770890066368064, 12.457595989843377, 13.337182379693502, 14.468896563856639, 15.943067028703627, 17.903421569245943, 20.0, 20.0, 20.0, 20.0]",24.965602776211675,-0.017852217131469672,0.5873,-1.1843,-0.1981,-0.0437,3.1432,-0.1962,-0.0054,-9.8062,15.3,,50.0,,,,0.1652,-0.8371,0.8532,101.16,14.94,1.22388,1.7765,187.72,5.254,1,69.25,69.065,1,3,10,0.7,9.826,0,1.3499,0,0
1790659318.822619,47.398014599999996,8.5464864,9.563000679016113,-1.757879376411438,-0.2609120011329651,5.177054481464438e-05,190.09,-1.7490486226414286,-0.3134793799152655,0.0,-169.020669385769,10.199410623787395,16.18005768668814,-0.5439307016257319,-0.889330614231028,1.6475495434539822,1.768950667788696,8.584450912606062,0.2549503099810739,0.011409225816584323,"[20.0, 20.0, 20.0, 20.0, 20.0, 20.0, 20.0, 20.0, 20.0, 20.0, 20.0, 20.0, 20.0, 20.0, 20.0, 20.0, 20.0, 20.0, 20.0, 20.0, 20.0, 20.0, 20.0, 20.0, 20.0, 20.0, 20.0, 20.0, 20.0, 20.0, 20.0, 20.0, 20.0, 20.0, 20.0, 20.0, 20.0, 20.0, 20.0, 10.742505794881227, 10.627874458121092, 20.0, 20.0, 20.0, 20.0, 20.0, 20.0, 20.0, 20.0, 13.569621724254537, 13.385373296212382, 20.0, 10.860195107786119, 10.563653050723607, 10.359622318990732, 10.239777937210294, 10.199410623787395, 10.236963880333365, 10.353885215925475, 10.55476443649765, 10.847784144232808, 11.245567372218312, 11.766593809476293, 12.4375014968174, 13.296858974388272, 14.401522954409572, 15.837817673988855, 17.742327846534234, 20.0, 20.0, 20.0, 20.0]",24.965602776211675,-0.017852217131469672,0.5458,-1.2301,-0.2875,-0.2652,2.713,-0.2058,0.0003,-9.8008,15.3,,50.0,,,,0.186,-1.0016,1.0187,100.52,14.94,1.22388,1.7771,188.44,4.914,1,69.45,69.419,1,3,10,0.7,9.815,0,1.2678,0,0
1790659319.023216,47.398011499999996,8.5464856,9.564000129699707,-1.757631540298462,-0.28247320652008057,9.2725022113882e-05,190.56,-1.749764339500287,-0.3281207849171929,0.0,-168.67854863971263,10.254670364502644,17.24964153441546,-0.46899210032311367,-0.7614513602873387,1.429928098405301,1.7682785063743005,8.247467072955468,0.26920014684280147,0.009114309671993306,"[20.0, 20.0, 20.0, 20.0, 20.0, 20.0, 20.0, 20.0, 20.0, 20.0, 20.0, 20.0, 20.0, 20.0, 20.0, 20.0, 20.0, 20.0, 20.0, 20.0, 20.0, 20.0, 20.0, 20.0, 20.0, 20.0, 20.0, 20.0, 20.0, 20.0, 20.0, 20.0, 20.0, 20.0, 20.0, 20.0, 20.0, 20.0, 20.0, 10.51715963237544, 10.254670364502644, 10.820844448630785, 20.0, 20.0, 20.0, 20.0, 20.0, 20.0, 20.0, 13.841160849510926, 13.20496486737174, 13.769454043717788, 20.0, 10.650161941744736, 10.436593319663563, 10.308332073034704, 10.2603243598994, 10.290717254078546, 10.400681375919923, 10.594522602572537, 10.880103138931636, 11.269650938081174, 11.781119894483835, 12.44040192344289, 13.284945861075443, 14.369836850717851, 15.778437769741151, 17.64206509823627, 20.0, 20.0, 20.0, 20.0]",24.965602776211675,-0.017852217131469672,0.507,-1.2709,-0.2306,-0.0021,2.1517,-0.1947,0.0018,-9.8018,15.3,,50.0,,,,0.1465,-0.9141,0.9258,99.1,14.94,1.22388,1.7802,189.13,4.577,1,69.65,69.773,1,3,10,0.7,9.823,0,1.3173,0,0
1790659319.2247255,47.3980083,8.5464848,9.564000129699707,-1.7594149112701416,-0.3017573952674866,0.0003705598646774888,190.94,-1.7506264633832227,-0.34001725111490605,0.0,-168.41649225670807,9.910929018629592,18.01974190477913,-0.39122552689463286,-0.6435077432919343,1.2078846410757396,1.7687399293697361,7.910303961902995,0.2832586163987328,0.008441661627406795,"[20.0, 20.0, 20.0, 20.0, 20.0, 20.0, 20.0, 20.0, 20.0, 20.0, 20.0, 20.0, 20.0, 20.0, 20.0, 20.0, 20.0, 20.0, 20.0, 20.0, 20.0, 20.0, 20.0, 20.0, 20.0, 20.0, 20.0, 20.0, 20.0, 20.0, 20.0, 20.0, 20.0, 20.0, 20.0, 20.0, 20.0, 20.0, 20.0, 10.31985227271438, 9.910929018629592, 10.238227948885225, 20.0, 20.0, 20.0, 20.0, 20.0, 20.0, 20.0, 20.0, 13.145461857686165, 13.289057426112382, 20.0, 10.735822936264364, 10.514107111806483, 10.378754046221973, 10.324417993214203, 10.348999850571012, 10.453445951882452, 10.641838307171769, 10.92179265950965, 11.305238750054214, 11.80973838771174, 12.460630655609519, 13.294536860311533, 14.365233418649854, 15.75389492207795, 17.587945100236272, 20.0, 20.0, 20.0, 20.0]",24.965602776211675,-0.017852217131469672,0.4746,-1.2698,-0.2105,0.1344,1.7202,-0.199,-0.0019,-9.8003,15.3,,50.0,,,,0.0306,-0.8007,0.8013,92.19,14.94,1.22388,1.7851,189.73,4.242,1,69.85,70.13,1,3,10,0.7,9.805,0,1.3845,0,0
1790659319.4249253,47.3980051,8.5464839,9.563000679016113,-1.760648488998413,-0.31960293650627136,0.0005746024544350803,191.25,-1.7525785643695113,-0.34987334222712635,0.0,-168.25328476872403,9.590275049100942,18.574214171440975,-0.31145087688099116,-0.4967152312759424,0.9613764913098183,1.7676139367888315,7.574437131845221,0.2970288119655734,0.010547642678823584,"[20.0, 20.0, 20.0, 20.0, 20.0, 20.0, 20.0, 20.0, 20.0, 20.0, 20.0, 20.0, 20.0, 20.0, 20.0, 20.0, 20.0, 20.0, 20.0, 20.0, 20.0, 20.0, 20.0, 20.0, 20.0, 20.0, 20.0, 20.0, 20.0, 20.0, 20.0, 20.0, 20.0, 20.0, 20.0, 20.0, 20.0, 20.0, 20.0, 10.16477461890066, 9.590275049100942, 9.75899711286273, 20.0, 20.0, 20.0, 20.0, 20.0, 20.0, 20.0, 20.0, 13.208694392314738, 13.01935013088498, 20.0, 20.0, 10.591737091632444, 10.45033307865767, 10.390692536818777, 10.410509533410305, 10.510546721368787, 10.69470802944954, 10.970418523817512, 11.34938222709471, 11.848868265678579, 12.493805762313395, 13.320203259047043, 14.380866680769838, 15.75534354729681, 17.56815547001958, 20.0, 20.0, 20.0, 20.0]",24.965602776211675,-0.017852217131469672,0.4436,-1.257,-0.2684,0.0831,1.5657,-0.205,-0.0012,-9.7998,15.3,,50.0,,,,0.1142,-0.8317,0.8395,97.82,14.94,1.22388,1.7894,190.29,3.911,1,70.05,70.488,1,3,10,0.7,9.828,0,1.3697,0,0
1790659319.6255777,47.398002,8.546483,9.56100082397461,-1.7604926824569702,-0.33552953600883484,0.001131025142967701,191.51,-1.757067929680314,-0.35846667586590764,0.0,-168.2286600067373,9.29085781726541,18.973434203437503,-0.2290786155623109,-0.26133999326270896,0.719496571150849,1.7637214204138008,7.24155500882995,0.3103773752090057,0.01705508259140023,"[20.0, 20.0, 20.0, 20.0, 20.0, 20.0, 20.0, 20.0, 20.0, 20.0, 20.0, 20.0, 20.0, 20.0, 20.0, 20.0, 20.0, 20.0, 20.0, 20.0, 20.0, 20.0, 20.0, 20.0, 20.0, 20.0, 20.0, 20.0, 20.0, 20.0, 20.0, 20.0, 20.0, 20.0, 20.0, 20.0, 20.0, 20.0, 20.0, 10.107749615740282, 9.29085781726541, 9.335399584117752, 20.0, 20.0, 20.0, 20.0, 20.0, 20.0, 20.0, 20.0, 13.45323558898232, 12.87510646717348, 13.422279457820737, 20.0, 10.670644390747935, 10.523913919837678, 10.45968881581659, 10.475484027367171, 10.5719072984624, 10.752717075174164, 11.025187572406269, 11.400848871145431, 11.896748303235231, 12.537506604215453, 13.35867158069666, 14.412316823386329, 15.776755450219392, 17.57429493676, 20.0, 20.0, 20.0, 20.0]",24.965602776211675,-0.017852217131469672,0.3917,-1.2545,-0.2587,0.0232,1.2291,-0.2059,-0.0034,-9.8062,15.3,,50.0,,,,0.2128,-0.9127,0.9372,103.13,14.94,1.22388,1.7922,190.79,3.586,1,70.25,70.845,1,3,10,0.7,9.781,0,1.3236,0,0
1790659319.8259513,47.397998799999996,8.5464821,9.558000564575195,-1.7616987228393555,-0.34811410307884216,0.0011975723318755627,191.70000000000002,-1.7611548213021144,-0.36456739387917036,0.0,-168.35858416748795,8.949513833698992,19.260872626475003,-0.14525336098410135,0.058584167487936156,0.5222731423219787,1.7595127565259392,6.910197121298459,0.3234088650843644,0.02333964355713531,"[20.0, 20.0, 20.0, 20.0, 20.0, 20.0, 20.0, 20.0, 20.0, 20.0, 20.0, 20.0, 20.0, 20.0, 20.0, 20.0, 20.0, 20.0, 20.0, 20.0, 20.0, 20.0, 20.0, 20.0, 20.0, 20.0, 20.0, 20.0, 20.0, 20.0, 20.0, 20.0, 20.0, 20.0, 20.0, 20.0, 20.0, 20.0, 20.0, 20.0, 9.007819168539543, 8.949513833698992, 9.613860369807961, 20.0, 20.0, 20.0, 20.0, 20.0, 20.0, 20.0, 20.0, 12.831496301970644, 13.00411002600041, 20.0, 20.0, 10.597706952056399, 10.52996615523884, 10.542813415238932, 10.636742986855872, 10.815413067031578, 11.086000686788221, 11.459930281178414, 11.954119495797864, 12.593011241204836, 13.411886356928319, 14.462387313142512, 15.82208542281735, 17.61192873234884, 20.0, 20.0, 20.0, 20.0]",24.965602776211675,-0.017852217131469672,0.3363,-1.2707,-0.2502,-0.0617,0.7969,-0.206,-0.0009,-9.8161,15.3,,50.0,,,,0.09,-0.9447,0.949,95.44,14.94,1.22388,1.7958,191.18,3.269,1,70.45,71.203,1,3,10,0.7,9.808,0,1.3213,0,0
1790659320.0261562,47.397995699999996,8.546481199999999,9.555000305175781,-1.7624772787094116,-0.3574787974357605,0.0007827379740774632,191.81,-1.749617271886611,-0.3645699962132226,0.0,-168.6853272312685,8.592911760466412,19.467828291062002,-0.0604378397380646,0.4953272312685044,0.3443816253285474,1.752781435056577,6.58237695067128,0.3360572414216283,0.031795349868570764,"[20.0, 20.0, 20.0, 20.0, 20.0, 20.0, 20.0, 20.0, 20.0, 20.0, 20.0, 20.0, 20.0, 20.0, 20.0, 20.0, 20.0, 20.0, 20.0, 20.0, 20.0, 20.0, 20.0, 20.0, 20.0, 20.0, 20.0, 20.0, 20.0, 20.0, 20.0, 20.0, 20.0, 20.0, 20.0, 20.0, 20.0, 20.0, 20.0, 20.0, 8.739962970791977, 8.592911760466412, 9.009253594697144, 20.0, 20.0, 20.0, 20.0, 20.0, 20.0, 20.0, 20.0, 12.8851517492512, 12.767829230221047, 20.0, 20.0, 10.670946530862194, 10.600950370439284, 10.612104708023184, 10.704838642850223, 10.882762109703188, 11.153015845458723, 11.52699534446311, 12.021591213695281, 12.661213139549798, 13.481088436610197, 14.532758489464664, 15.89358940624305, 17.684094463394935, 20.0, 20.0, 20.0, 20.0]",24.965602776211675,-0.017852217131469672,0.2936,-1.2904,-0.1831,-0.0782,0.2898,-0.2031,-0.0035,-9.8168,15.3,,50.0,,,,0.3067,-0.9428,0.9914,108.02,14.94,1.22388,1.7984,191.47,2.962,1,70.65,71.559,1,3,10,0.7,9.788,0,1.3027,0,0
1790659320.2264187,47.3979925,8.5464802,9.553000450134277,-1.7635273933410645,-0.3649996817111969,0.000327942194417119,191.8,-1.735272120958727,-0.3598125885405752,0.0,-169.26981347492426,8.256674689192039,19.61683636956464,0.026085621040226492,1.0698134749243025,0.10652004835216922,1.743392464258861,6.256285292250029,0.34849394858790333,0.04117054154800685,"[20.0, 20.0, 20.0, 20.0, 20.0, 20.0, 20.0, 20.0, 20.0, 20.0, 20.0, 20.0, 20.0, 20.0, 20.0, 20.0, 20.0, 20.0, 20.0, 20.0, 20.0, 20.0, 20.0, 20.0, 20.0, 20.0, 20.0, 20.0, 20.0, 20.0, 20.0, 20.0, 20.0, 20.0, 20.0, 20.0, 20.0, 20.0, 20.0, 20.0, 8.480012605317519, 8.256674689192039, 8.527735027417348, 20.0, 20.0, 20.0, 20.0, 20.0, 20.0, 20.0, 20.0, 13.047950960544062, 12.638229578927847, 13.330916669696062, 20.0, 10.743244469745196, 10.672937654065873, 10.684330594567887, 10.777861571629435, 10.957171701370655, 11.22945794720198, 11.606202860459245, 12.10442462084738, 12.748716731854824, 13.574572286957432, 14.633923604295767, 16.00472847124891, 17.8084323055859, 20.0, 20.0, 20.0, 20.0]",24.965602776211675,-0.017852217131469672,0.2472,-1.2279,-0.2911,0.3871,-0.4534,-0.2021,-0.0114,-9.8039,15.3,,50.0,,,,0.2886,-0.9932,1.0343,106.2,14.94,1.22388,1.8009,191.69,2.668,1,70.85,71.917,1,3,10,0.7,9.799,0,1.2837,0,0
1790659320.428347,47.3979894,8.5464793,9.551000595092773,-1.7634197473526,-0.3699321746826172,-0.0001105610717786476,191.61,-1.71795881478565,-0.34846806470945535,0.0,-170.18664340132523,7.93230082483789,19.724122186086543,0.11409818403001193,1.7966434013252126,-0.23776754354703009,1.728720116812656,5.930051035246185,0.3609865269977161,0.05093714852231546,"[20.0, 20.0, 20.0, 20.0, 20.0, 20.0, 20.0, 20.0, 20.0, 20.0, 20.0, 20.0, 20.0, 20.0, 20.0, 20.0, 20.0, 20.0, 20.0, 20.0, 20.0, 20.0, 20.0, 20.0, 20.0, 20.0, 20.0, 20.0, 20.0, 20.0, 20.0, 20.0, 20.0, 20.0, 20.0, 20.0, 20.0, 20.0, 20.0, 20.0, 8.215848575203315, 7.93230082483789, 8.1071624608198, 20.0, 20.0, 20.0, 20.0, 20.0, 20.0, 20.0, 20.0, 13.36890010733305, 12.582281436671577, 12.926582578674434, 20.0, 20.0, 10.745294584361146, 10.759880658027184, 10.85724892288166, 11.04119298345619, 11.319107108539601, 11.70273764994971, 12.20946590401839, 12.864399959091855, 13.70378564886812, 14.780697329478325, 16.17490244068967, 18.01087071901552, 20.0, 20.0, 20.0, 20.0]",24.965602776211675,-0.017852217131469672,0.184,-1.0936,-0.3538,0.6021,-1.5291,-0.2059,-0.0034,-9.8026,15.3,,50.0,,,,0.3371,-0.9296,0.9888,109.93,14.94,1.22388,1.8018,191.85,2.389,1,71.06,72.277,1,3,10,0.7,9.832,0,1.3074,0,0
1790659320.6276171,47.3979862,8.5464783,9.552000045776367,-1.758907675743103,-0.3724230229854584,-0.0003612236469052732,191.19,-1.6954369948910193,-0.3286042767512047,0.0,-171.5717615624685,7.616049406317387,19.801367973982313,0.20378401183416028,2.7617615624685072,-0.7649772808064166,1.7034583557980802,5.6067309576520525,0.37359897479059595,0.06610892659633903,"[20.0, 20.0, 20.0, 20.0, 20.0, 20.0, 20.0, 20.0, 20.0, 20.0, 20.0, 20.0, 20.0, 20.0, 20.0, 20.0, 20.0, 20.0, 20.0, 20.0, 20.0, 20.0, 20.0, 20.0, 20.0, 20.0, 20.0, 20.0, 20.0, 20.0, 20.0, 20.0, 20.0, 20.0, 20.0, 20.0, 20.0, 20.0, 20.0, 20.0, 7.938866859585399, 7.616049406317387, 7.727239269849605, 20.0, 20.0, 20.0, 20.0, 20.0, 20.0, 20.0, 20.0, 20.0, 12.576216086035684, 12.709782596120263, 20.0, 20.0, 10.818436265236313, 10.840060750323998, 10.945238569254945, 11.138075413245689, 11.426350062519045, 11.822308889196158, 12.344013004180425, 13.017532147993759, 13.880526355754895, 14.988237548768188, 16.423915379251213, 18.31794657589067, 20.0, 20.0, 20.0, 20.0]",24.965602776211675,-0.017852217131469672,0.0927,-0.933,-0.4961,0.651,-2.8078,-0.2032,-0.0225,-9.8117,15.3,,50.0,,,,0.3197,-1.0792,1.1255,106.5,14.94,1.22388,1.7979,191.95,2.136,1,71.25,72.638,1,3,10,0.7,9.757,0,1.2351,0,0
1790659320.8278856,47.397982999999996,8.5464773,9.552000045776367,-1.7477203607559204,-0.3673844039440155,-0.0009713404579088092,190.48,-1.538844596817731,-0.27582156670742275,0.0,-173.49171635355435,7.303288048615675,19.856984941267264,0.2898732272295632,3.9717163535543136,-1.391180316532753,1.664234534150615,5.28852343670863,0.3866222444395411,0.05873099733291244,"[20.0, 20.0, 20.0, 20.0, 20.0, 20.0, 20.0, 20.0, 20.0, 20.0, 20.0, 20.0, 20.0, 20.0, 20.0, 20.0, 20.0, 20.0, 20.0, 20.0, 20.0, 20.0, 20.0, 20.0, 20.0, 20.0, 20.0, 20.0, 20.0, 20.0, 20.0, 20.0, 20.0, 20.0, 20.0, 20.0, 20.0, 20.0, 20.0, 20.0, 7.633849378026917, 7.303288048615675, 7.379886689583687, 8.066541416998176, 20.0, 20.0, 20.0, 20.0, 20.0, 20.0, 20.0, 20.0, 12.587675236546772, 12.585374817425928, 20.0, 20.0, 10.888069764217517, 10.921655280387997, 11.039727595732789, 11.24691200228219, 11.551617927431625, 11.966905589735083, 12.511940868443752, 13.214361039404414, 14.114146166208236, 15.270126225422523, 16.771379991721876, 18.758332433179483, 20.0, 20.0, 20.0, 20.0]",24.965602776211675,-0.017852217131469672,-0.0329,-0.7688,-0.5997,0.5605,-4.4827,-0.2037,-0.0064,-9.8021,15.3,,50.0,,,,0.3514,-1.185,1.236,106.52,14.94,1.22388,1.7859,191.87,1.918,1,71.45,72.995,1,3,10,0.7,9.793,0,1.1679,0,0
1790659321.0287597,47.397979899999996,8.5464764,9.555000305175781,-1.7231404781341553,-0.35368332266807556,-0.0022724794689565897,189.39000000000001,-1.298583421871861,-0.20441181710138392,0.0,-175.41560302734376,6.99158767457138,19.89702915771243,0.3713333926001632,5.53774897812815,-2.2091506556992795,1.6016030925802476,4.97795321072952,0.4004034634949836,0.044115138014798085,"[20.0, 20.0, 20.0, 20.0, 20.0, 20.0, 20.0, 20.0, 20.0, 20.0, 20.0, 20.0, 20.0, 20.0, 20.0, 20.0, 20.0, 20.0, 20.0, 20.0, 20.0, 20.0, 20.0, 20.0, 20.0, 20.0, 20.0, 20.0, 20.0, 20.0, 20.0, 20.0, 20.0, 20.0, 20.0, 20.0, 20.0, 20.0, 20.0, 20.0, 7.292032240662078, 6.99158767457138, 7.061993094359284, 7.655860580134572, 20.0, 20.0, 20.0, 20.0, 20.0, 20.0, 20.0, 20.0, 12.581783078077239, 12.519373390002873, 20.0, 20.0, 10.955512092438882, 11.007613784829923, 11.145442283580767, 11.374430041564993, 11.703967183776548, 12.148383651373088, 12.72857824061627, 13.474665032294102, 14.43032323758082, 15.66016617482706, 17.262790006604725, 19.395264514739093, 20.0, 20.0, 20.0, 20.0]",24.965602776211675,-0.017852217131469672,-0.2086,0.067,-0.8832,4.1043,-6.6313,-0.2025,-0.0215,-9.7989,15.3,,50.0,,,,0.3416,-1.2326,1.279,105.49,14.94,1.22388,1.7591,191.6,1.746,1,71.66,73.346,1,3,10,0.7,9.78,0,1.1195,0,0
1790659321.4318793,47.3979741,8.5464749,9.557000160217285,-1.5582389831542969,-0.28939080238342285,-0.0010686427121981978,185.99,-0.5106079831623127,-0.0535769608611911,0.0,-169.20326400756835,6.398376040341388,19.925860993552952,0.34921371936798096,-87.47713633862224,-4.530910943673432,0.311634097489571,4.397972138141342,0.43042719888965547,0.29732975314029064,"[20.0, 20.0, 20.0, 20.0, 20.0, 20.0, 20.0, 20.0, 20.0, 20.0, 20.0, 20.0, 20.0, 20.0, 20.0, 20.0, 20.0, 20.0, 20.0, 20.0, 20.0, 20.0, 20.0, 20.0, 20.0, 20.0, 20.0, 20.0, 20.0, 20.0, 20.0, 20.0, 20.0, 20.0, 20.0, 20.0, 20.0, 20.0, 20.0, 20.0, 6.563595112924265, 6.398376040341388, 6.528766201277687, 7.231699389757368, 20.0, 20.0, 20.0, 20.0, 20.0, 20.0, 20.0, 20.0, 12.45834045525649, 12.525698726252429, 20.0, 20.0, 11.098207254651147, 11.209349199060568, 11.410458635358118, 11.7096618908221, 12.11970103202511, 12.659340446914268, 13.355656374706353, 14.247777052436374, 15.39314762339696, 16.878451830832137, 18.839699678524436, 20.0, 20.0, 20.0, 20.0, 20.0]",-0.019144176369749744,0.0071544556200606735,-0.4244,1.8633,1.2296,-1.6407,-8.9768,-0.1746,-0.0275,-9.8013,15.3,,50.0,,,,0.4641,-1.4239,1.4976,108.05,14.94,1.22388,1.5849,190.52,23.451,1,72.06,74.005,1,3,10,0.7,9.748,0,0.8361,0,0
1790659321.6301134,47.3979715,8.5464742,9.558000564575195,-1.4186336994171143,-0.2539809048175812,-0.027911176905035973,184.67000000000002,-0.009121177737506142,-0.0007450894030719142,0.0,-170.51051528930662,6.13997120906623,19.946619915358127,0.0579654686152935,-88.57991146199544,-5.480245926341549,0.25735285502988164,4.13996851210687,0.4428943519517732,0.0,"[20.0, 20.0, 20.0, 20.0, 20.0, 20.0, 20.0, 20.0, 20.0, 20.0, 20.0, 20.0, 20.0, 20.0, 20.0, 20.0, 20.0, 20.0, 20.0, 20.0, 20.0, 20.0, 20.0, 20.0, 20.0, 20.0, 20.0, 20.0, 20.0, 20.0, 20.0, 20.0, 20.0, 20.0, 20.0, 20.0, 20.0, 20.0, 20.0, 6.954927950972936, 6.277543401763614, 6.13997120906623, 6.27483350547887, 6.939258437151831, 20.0, 20.0, 20.0, 20.0, 20.0, 20.0, 20.0, 20.0, 12.429104562852645, 12.51665827228828, 20.0, 20.0, 11.166535612886516, 11.301435483570193, 11.528445928637918, 11.856850719690817, 12.300876430315254, 12.881301135223127, 13.628068050471725, 14.584576266829618, 15.814934475995287, 17.416769269068425, 19.545176767520537, 20.0, 20.0, 20.0, 20.0, 20.0]",-0.019144176369749744,0.0071544556200606735,-0.2675,5.372,1.213,18.3776,-1.3806,-0.1478,-0.014,-9.8509,15.3,,50.0,,,,0.605,-1.38,1.5068,113.67,14.94,1.22388,1.4412,190.15,23.401,1,72.26,74.3,1,3,10,0.7,9.726,0,0.6878,0,0
1790659321.8305192,47.3979693,8.5464737,9.564000129699707,-1.142817497253418,-0.2151094228029251,-0.03720132261514664,185.32,-0.013740164462486913,-0.0012794741729778548,0.0,-169.87489479064942,5.937019357749026,19.961566339057853,-0.19007942080497742,-87.65892399998313,-5.339904529541735,0.2061778008087338,3.9236796690624933,0.44635249657288006,0.0,"[20.0, 20.0, 20.0, 20.0, 20.0, 20.0, 20.0, 20.0, 20.0, 20.0, 20.0, 20.0, 20.0, 20.0, 20.0, 20.0, 20.0, 20.0, 20.0, 20.0, 20.0, 20.0, 20.0, 20.0, 20.0, 20.0, 20.0, 20.0, 20.0, 20.0, 20.0, 20.0, 20.0, 20.0, 20.0, 20.0, 20.0, 20.0, 20.0, 20.0, 6.164285128462554, 5.937019357749026, 5.977927175689849, 6.337686011941253, 20.0, 20.0, 20.0, 20.0, 20.0, 20.0, 20.0, 20.0, 12.599397345037385, 12.379151772830536, 13.410067548555322, 20.0, 14.585984807955903, 11.323069124294083, 11.53851389861998, 11.854284402795255, 12.283943030966984, 12.847372402673273, 13.57323862125234, 14.503024635393746, 15.697817145961096, 17.250213974089593, 19.30640676685607, 20.0, 20.0, 20.0, 20.0, 20.0]",-0.019144176369749744,0.0071544556200606735,-0.2911,9.0311,-1.2912,11.0602,7.9578,-0.1256,-0.0203,-9.833,15.3,,50.0,,,,0.548,-1.5347,1.6296,109.65,14.94,1.22388,1.1629,190.66,23.358,1,72.46,74.551,1,3,10,0.7,9.782,0,0.3481,0,0
1790659322.0315707,47.397967699999995,8.5464732,9.569000244140625,-0.795409619808197,-0.16480283439159393,-0.00899499375373125,187.23,-0.024637039328333554,-0.00312548852820139,0.0,-167.94998886108397,5.775270213975683,19.972327764121655,-0.3664938807487488,-85.4922780030845,-4.475623696017345,0.1527897031260026,3.773454698731462,0.44179329373371745,0.0,"[20.0, 20.0, 20.0, 20.0, 20.0, 20.0, 20.0, 20.0, 20.0, 20.0, 20.0, 20.0, 20.0, 20.0, 20.0, 20.0, 20.0, 20.0, 20.0, 20.0, 20.0, 20.0, 20.0, 20.0, 20.0, 20.0, 20.0, 20.0, 20.0, 20.0, 20.0, 20.0, 20.0, 20.0, 20.0, 20.0, 20.0, 20.0, 20.0, 20.0, 6.312462622479314, 5.8643009515727975, 5.775270213975683, 5.92999232408919, 6.613498530579122, 20.0, 20.0, 20.0, 20.0, 20.0, 20.0, 20.0, 13.450301316804776, 12.382884296904185, 12.594383533012246, 20.0, 20.0, 11.302447487568532, 11.48269906190895, 11.759742319750407, 12.145202120750296, 12.656374296463246, 13.318279579807536, 14.167007717849442, 15.255275822914015, 16.662010725435643, 18.50971763067185, 20.0, 20.0, 20.0, 20.0, 20.0]",-0.019144176369749744,0.0071544556200606735,-0.2301,8.8512,-1.2779,-7.9912,11.0358,-0.0895,-0.0147,-9.8121,15.3,,50.0,,,,0.6591,-1.4289,1.5736,114.76,14.94,1.22388,0.8123,191.71,23.323,1,72.66,74.732,1,3,10,0.7,9.78,0,0.0255,0,0
1790659322.2315137,47.3979667,8.5464728,9.570000648498535,-0.4933805465698242,-0.11275052279233932,0.0075415815226733685,189.42000000000002,-0.03589017484859463,-0.005954452044779493,0.0,-165.77556427001952,5.704748765985681,19.98007599016759,-0.4724162817001343,-83.10851777263827,-3.4525543928028286,0.10312935620955617,3.685504095220894,0.43323948021093717,0.0,"[20.0, 20.0, 20.0, 20.0, 20.0, 20.0, 20.0, 20.0, 20.0, 20.0, 20.0, 20.0, 20.0, 20.0, 20.0, 20.0, 20.0, 20.0, 20.0, 20.0, 20.0, 20.0, 20.0, 20.0, 20.0, 20.0, 20.0, 20.0, 20.0, 20.0, 20.0, 20.0, 20.0, 20.0, 20.0, 20.0, 20.0, 20.0, 20.0, 20.0, 20.0, 5.9393572523319, 5.704748765985681, 5.723973342146213, 6.018062726672621, 20.0, 20.0, 20.0, 20.0, 20.0, 20.0, 20.0, 20.0, 12.653388459731225, 12.375872894516231, 13.237340339750748, 20.0, 15.142786057889783, 11.419003256770058, 11.653049741491945, 11.990052109566944, 12.444658923682471, 13.038236866796424, 13.80157447666973, 14.779325591546657, 16.037535198718356, 17.676961880938176, 19.858072437861242, 20.0, 20.0, 20.0, 20.0]",-0.019144176369749744,0.0071544556200606735,-0.1213,6.6702,-0.6401,-12.0723,10.9239,-0.0622,-0.0188,-9.8466,15.3,,50.0,,,,0.7575,-1.4079,1.5987,118.28,14.94,1.22387,0.5061,192.87,23.299,1,72.86,74.841,1,3,10,0.7,9.799,0,0.0,0,0
1790659322.4323516,47.3979662,8.5464726,9.567000389099121,-0.27657726407051086,-0.07166517525911331,0.010328345000743866,191.53,-0.046183726992430986,-0.009421370831676216,0.0,-163.64685890197757,5.642032152879959,19.985654712920667,-0.5287045836448669,-80.85985956722095,-2.850297532769347,0.06562111404206956,3.6409740858312967,0.42315922338922063,0.0,"[20.0, 20.0, 20.0, 20.0, 20.0, 20.0, 20.0, 20.0, 20.0, 20.0, 20.0, 20.0, 20.0, 20.0, 20.0, 20.0, 20.0, 20.0, 20.0, 20.0, 20.0, 20.0, 20.0, 20.0, 20.0, 20.0, 20.0, 20.0, 20.0, 20.0, 20.0, 20.0, 20.0, 20.0, 20.0, 20.0, 20.0, 20.0, 20.0, 20.0, 20.0, 6.171711809633445, 5.733873541801616, 5.642032152879959, 5.782684431599712, 6.3748531993159405, 20.0, 20.0, 20.0, 20.0, 20.0, 20.0, 20.0, 13.461039383842031, 12.39716933460665, 12.611404600488328, 20.0, 20.0, 11.367824851111958, 11.561881371884562, 11.854464803511206, 12.257953367111277, 12.790651345497643, 13.47899587384102, 14.36115610387707, 15.493041000093617, 16.958720953433314, 18.889471952951745, 20.0, 20.0, 20.0, 20.0]",-0.019144176369749744,0.0071544556200606735,0.0075,4.426,-0.2173,-10.1131,10.4236,-0.0437,-0.0133,-9.8388,15.3,,50.0,,,,0.7223,-1.3711,1.5497,117.78,14.94,1.22388,0.2857,194.53,23.281,1,73.06,74.9,1,3,10,0.7,9.815,0,0.0,0,0
1790659322.633026,47.397966,8.546472399999999,9.565000534057617,-0.13805976510047913,-0.04549775645136833,0.008812063373625278,193.74,-0.05563185631444549,-0.013366296689876805,0.0,-161.67453788757325,5.634293547657413,19.98967139330288,-0.5555341839790344,-78.77675766433993,-2.2879316546702633,0.04232279514543767,3.6219804502392936,0.41256990392724874,0.0,"[20.0, 20.0, 20.0, 20.0, 20.0, 20.0, 20.0, 20.0, 20.0, 20.0, 20.0, 20.0, 20.0, 20.0, 20.0, 20.0, 20.0, 20.0, 20.0, 20.0, 20.0, 20.0, 20.0, 20.0, 20.0, 20.0, 20.0, 20.0, 20.0, 20.0, 20.0, 20.0, 20.0, 20.0, 20.0, 20.0, 20.0, 20.0, 20.0, 20.0, 20.0, 20.0, 5.839312362345214, 5.634293547657413, 5.670855756764448, 5.988568064155491, 20.0, 20.0, 20.0, 20.0, 20.0, 20.0, 20.0, 20.0, 12.589000915948812, 12.41801447805356, 20.0, 20.0, 13.762159798881429, 11.488591465526673, 11.741281424884553, 12.099492511012878, 12.578994881684112, 13.202697729714274, 14.003613215995637, 15.029748582447812, 16.35245047788602, 18.081317213729424, 20.0, 20.0, 20.0, 20.0]",-0.019144176369749744,0.0071544556200606735,0.0873,2.7092,-0.2069,-7.1172,10.2344,-0.0201,-0.0081,-9.8252,15.3,,50.0,,,,0.8488,-1.2762,1.5327,123.63,14.94,1.22388,0.1454,198.24,23.268,1,73.26,74.931,1,3,10,0.7,9.789,0,0.0,0,0
1790659322.8347416,47.397965799999994,8.5464722,9.564000129699707,-0.05952196568250656,-0.0302407406270504,0.006474415306001902,195.70000000000002,-0.06582131487935376,-0.01850153720252254,0.0,-159.47455291748042,5.617730943590203,19.992563403178075,-0.5698223114013672,-76.49261221432266,-2.4823782484294936,0.02883297562698147,3.6134572633653548,0.4000980561752028,0.0,"[20.0, 20.0, 20.0, 20.0, 20.0, 20.0, 20.0, 20.0, 20.0, 20.0, 20.0, 20.0, 20.0, 20.0, 20.0, 20.0, 20.0, 20.0, 20.0, 20.0, 20.0, 20.0, 20.0, 20.0, 20.0, 20.0, 20.0, 20.0, 20.0, 20.0, 20.0, 20.0, 20.0, 20.0, 20.0, 20.0, 20.0, 20.0, 20.0, 20.0, 20.0, 20.0, 6.063433672589155, 5.685379164503967, 5.617730943590203, 5.783368632115679, 6.493999397458715, 20.0, 20.0, 20.0, 20.0, 20.0, 20.0, 20.0, 13.121996630135943, 12.393890518605614, 12.74066844315888, 20.0, 20.0, 11.420136675784057, 11.630386169564135, 11.941105952202125, 12.365576742547153, 12.923316434729394, 13.642477215769533, 14.563765256689917, 15.747019118556269, 17.282709318785283, 19.31316407705568, 20.0, 20.0, 20.0]",-0.019144176369749744,0.0071544556200606735,0.1055,1.5731,-0.1974,-4.3357,10.2881,-0.0134,-0.0051,-9.8238,15.3,,50.0,,,,0.8601,-1.2676,1.5319,124.16,14.94,1.22388,0.0668,206.93,23.256,1,73.46,74.949,1,3,10,0.7,9.771,0,0.0,0,0
1790659323.0349298,47.3979657,8.546472099999999,9.562000274658203,-0.02033982053399086,-0.020864255726337433,0.005344088189303875,197.73000000000002,-0.06667515115335508,-0.02131722821281539,0.0,-157.44741394042967,5.612313929928447,19.994645650288213,-0.5809930562973022,-74.37954174632432,-2.610712288081396,0.02037050370219927,3.60671822429374,0.388011644986171,0.0,"[20.0, 20.0, 20.0, 20.0, 20.0, 20.0, 20.0, 20.0, 20.0, 20.0, 20.0, 20.0, 20.0, 20.0, 20.0, 20.0, 20.0, 20.0, 20.0, 20.0, 20.0, 20.0, 20.0, 20.0, 20.0, 20.0, 20.0, 20.0, 20.0, 20.0, 20.0, 20.0, 20.0, 20.0, 20.0, 20.0, 20.0, 20.0, 20.0, 20.0, 20.0, 20.0, 6.545752338981765, 5.785390587891802, 5.612313929928447, 5.673213767667152, 6.03628278705288, 20.0, 20.0, 20.0, 20.0, 20.0, 20.0, 20.0, 20.0, 12.526878082075195, 12.477608533865405, 20.0, 20.0, 12.493501139422925, 11.542563302117792, 11.8113969369099, 12.18802191922807, 12.689209898786004, 13.339258077877197, 14.173195044139716, 15.24209408557952, 16.62219408129524, 18.43133881864882, 20.0, 20.0, 20.0]",-0.019144176369749744,0.0071544556200606735,0.1112,0.877,-0.0562,-2.5129,10.4226,-0.0081,-0.0075,-9.8082,15.3,,50.0,,,,0.8226,-1.2908,1.5306,122.51,14.94,1.22388,0.0291,225.73,23.248,1,73.66,74.963,1,3,10,0.7,9.775,0,0.0,0,0
1790659323.236166,47.3979656,8.546472,9.56100082397461,-0.005767103284597397,-0.01622474566102028,0.004484008532017469,199.83,-0.06584922940596986,-0.02374613624655501,0.0,-155.36274902343746,5.607943277576746,19.996144868207512,-0.5955786108970642,-72.19482269084142,-2.539650404172011,0.016078035216595295,3.5959992790907727,0.3751139190880452,0.0,"[20.0, 20.0, 20.0, 20.0, 20.0, 20.0, 20.0, 20.0, 20.0, 20.0, 20.0, 20.0, 20.0, 20.0, 20.0, 20.0, 20.0, 20.0, 20.0, 20.0, 20.0, 20.0, 20.0, 20.0, 20.0, 20.0, 20.0, 20.0, 20.0, 20.0, 20.0, 20.0, 20.0, 20.0, 20.0, 20.0, 20.0, 20.0, 20.0, 20.0, 20.0, 20.0, 20.0, 5.960881388737641, 5.645010439499429, 5.607943277576746, 5.80997946835484, 20.0, 20.0, 20.0, 20.0, 20.0, 20.0, 20.0, 20.0, 12.892962930081273, 12.396907790656403, 12.926968876584718, 20.0, 17.70678847431573, 11.465728892081728, 11.693041473282745, 12.022901767787365, 12.469568819863587, 13.053886297688901, 13.805894491372596, 14.769115483044969, 16.007789000247296, 17.61962872205858, 19.7596273647139, 20.0, 20.0]",-0.019144176369749744,0.0071544556200606735,0.1332,0.5198,0.0501,-1.112,10.6222,-0.0094,-0.0133,-9.8173,15.3,,50.0,,,,0.9671,-1.3872,1.6911,124.88,14.94,1.22388,0.0172,250.43,23.241,1,73.86,74.979,1,3,10,0.7,9.775,0,0.0,0,0
1790659323.436652,47.3979654,8.5464719,9.562000274658203,-0.0048316181637346745,-0.016690101474523544,0.00366024486720562,201.96,-0.06492116073342628,-0.026177144401646032,0.0,-153.2190733337402,5.582287144411019,19.99722430510941,-0.61595219373703,-69.9708867488871,-2.6094162388015794,0.01656179281362652,3.580759666654747,0.3613833694828731,0.0,"[20.0, 20.0, 20.0, 20.0, 20.0, 20.0, 20.0, 20.0, 20.0, 20.0, 20.0, 20.0, 20.0, 20.0, 20.0, 20.0, 20.0, 20.0, 20.0, 20.0, 20.0, 20.0, 20.0, 20.0, 20.0, 20.0, 20.0, 20.0, 20.0, 20.0, 20.0, 20.0, 20.0, 20.0, 20.0, 20.0, 20.0, 20.0, 20.0, 20.0, 20.0, 20.0, 20.0, 6.3171228830324395, 5.72539032762346, 5.582287144411019, 5.667402174093411, 6.081078734385722, 20.0, 20.0, 20.0, 20.0, 20.0, 20.0, 20.0, 20.0, 12.481126873284028, 12.543707836756289, 20.0, 20.0, 11.553705886000019, 11.593122860085042, 11.878088784134066, 12.273177139673201, 12.796190063945687, 13.472863411624326, 14.340330803258944, 15.452890582617792, 16.89197130166875, 18.78425097833483, 20.0, 20.0]",-0.019144176369749744,0.0071544556200606735,0.1547,0.3934,0.0898,-0.1357,10.7256,0.0063,-0.0051,-9.7976,15.3,,50.0,,,,1.0088,-1.5408,1.8417,123.21,14.94,1.22388,0.0174,253.85,23.233,1,74.06,75.001,1,3,10,0.7,9.796,0,0.0,0,0
1790659323.6379128,47.397965199999994,8.5464717,9.562000274658203,-0.0064218719489872456,-0.020422425121068954,0.003231958718970418,204.06,-0.06391833162375749,-0.028538515771416063,0.0,-151.13432258605957,5.585493241788569,19.998001499678775,-0.6373522877693176,-67.77235059343178,-3.0585866904194488,0.020246230776113008,3.565735201182049,0.34707435621859734,0.0,"[20.0, 20.0, 20.0, 20.0, 20.0, 20.0, 20.0, 20.0, 20.0, 20.0, 20.0, 20.0, 20.0, 20.0, 20.0, 20.0, 20.0, 20.0, 20.0, 20.0, 20.0, 20.0, 20.0, 20.0, 20.0, 20.0, 20.0, 20.0, 20.0, 20.0, 20.0, 20.0, 20.0, 20.0, 20.0, 20.0, 20.0, 20.0, 20.0, 20.0, 20.0, 20.0, 20.0, 20.0, 5.876811329720061, 5.600999185086577, 5.585493241788569, 5.8142077746786285, 20.0, 20.0, 20.0, 20.0, 20.0, 20.0, 20.0, 20.0, 12.77341269759641, 12.4164361390114, 13.133452776009346, 20.0, 15.821824519094463, 11.51479125415362, 11.75760896651155, 12.104999013718054, 12.57213662768295, 13.181118468849263, 13.963783107604222, 14.966353931488428, 16.25732433958216, 17.941468075872784, 20.0, 20.0]",-0.019144176369749744,0.0071544556200606735,0.1706,0.3688,-0.0047,0.1809,10.6417,-0.0114,-0.0108,-9.8122,15.3,,50.0,,,,0.9005,-1.461,1.7162,121.65,14.94,1.22388,0.0214,252.54,23.223,1,74.26,75.026,1,3,10,0.7,9.797,0,0.0,0,0
1790659323.838438,47.3979651,8.546471499999999,9.563000679016113,-0.005503072403371334,-0.026348188519477844,0.0030075053218752146,206.14000000000001,-0.06284041550225598,-0.03083962028793196,0.0,-149.03132568359376,5.555287221238727,19.998561079768717,-0.6556491851806641,-65.5904855543564,-4.047661783207446,0.026189338431568385,3.5552345506472385,0.332035243395489,0.0,"[20.0, 20.0, 20.0, 20.0, 20.0, 20.0, 20.0, 20.0, 20.0, 20.0, 20.0, 20.0, 20.0, 20.0, 20.0, 20.0, 20.0, 20.0, 20.0, 20.0, 20.0, 20.0, 20.0, 20.0, 20.0, 20.0, 20.0, 20.0, 20.0, 20.0, 20.0, 20.0, 20.0, 20.0, 20.0, 20.0, 20.0, 20.0, 20.0, 20.0, 20.0, 20.0, 20.0, 20.0, 6.171618520626523, 5.673098310776883, 5.555287221238727, 5.66240587366838, 6.12959422495507, 20.0, 20.0, 20.0, 20.0, 20.0, 20.0, 20.0, 13.78073417829353, 12.460075408544036, 12.642212343706703, 20.0, 20.0, 11.457629957837996, 11.660418577287734, 11.963202521493052, 12.37885244752865, 12.926343036904585, 13.633060427143299, 14.538569818063749, 15.700920165922662, 17.207619922027394, 19.195787459670075, 20.0]",-0.019144176369749744,0.0071544556200606735,0.1567,0.3659,-0.2235,0.0586,10.4747,0.0019,-0.0111,-9.8107,15.3,,50.0,,,,0.8222,-1.444,1.6617,119.66,14.94,1.22388,0.0269,258.2,23.208,1,74.47,75.05,1,3,10,0.7,9.803,0,0.0,0,0
1790659324.0394564,47.3979649,8.5464713,9.562000274658203,-0.003899287199601531,-0.03205498307943344,0.003320080228149891,208.20000000000002,-0.061691241644549435,-0.0330785535408338,0.0,-146.98683815002437,5.572875263918152,19.998963977433476,-0.6704303622245789,-63.42848056936475,-5.030505596962476,0.031934492037969345,3.5490994323271474,0.3163978770435865,0.0,"[20.0, 20.0, 20.0, 20.0, 20.0, 20.0, 20.0, 20.0, 20.0, 20.0, 20.0, 20.0, 20.0, 20.0, 20.0, 20.0, 20.0, 20.0, 20.0, 20.0, 20.0, 20.0, 20.0, 20.0, 20.0, 20.0, 20.0, 20.0, 20.0, 20.0, 20.0, 20.0, 20.0, 20.0, 20.0, 20.0, 20.0, 20.0, 20.0, 20.0, 20.0, 20.0, 20.0, 20.0, 20.0, 5.813509038076036, 5.572875263918152, 5.5790758885475515, 5.8384765515332, 20.0, 20.0, 20.0, 20.0, 20.0, 20.0, 20.0, 20.0, 12.680873352555667, 12.467765624826674, 13.577544326914465, 20.0, 14.10789170427549, 11.58376149804444, 11.844495384101466, 12.21232036219679, 12.70350271673858, 13.341644731382766, 14.160761999613072, 15.210370789204058, 16.56418714128654, 18.33572515307281, 20.0]",-0.019144176369749744,0.0071544556200606735,0.1275,0.3582,-0.2505,0.0675,10.454,-0.0002,-0.0046,-9.8089,15.3,,50.0,,,,0.6932,-1.4877,1.6413,114.98,14.94,1.22388,0.0323,263.06,23.19,1,74.67,75.073,1,3,10,0.7,9.811,0,0.0,0,0
1790659324.2384353,47.3979648,8.546471,9.559000015258789,-0.0014819677453488111,-0.03657003119587898,0.0034838467836380005,210.26,-0.06046232968314153,-0.03527473159766212,0.0,-144.93559288024903,5.54770851589362,19.999254063752105,-0.6814307570457458,-61.26831192285255,-5.869478311980657,0.03651365780053121,3.547035570876619,0.3001566717401493,0.0,"[20.0, 20.0, 20.0, 20.0, 20.0, 20.0, 20.0, 20.0, 20.0, 20.0, 20.0, 20.0, 20.0, 20.0, 20.0, 20.0, 20.0, 20.0, 20.0, 20.0, 20.0, 20.0, 20.0, 20.0, 20.0, 20.0, 20.0, 20.0, 20.0, 20.0, 20.0, 20.0, 20.0, 20.0, 20.0, 20.0, 20.0, 20.0, 20.0, 20.0, 20.0, 20.0, 20.0, 20.0, 20.0, 6.070626671346716, 5.6410384476411926, 5.54770851589362, 5.679226855207505, 6.221538229425763, 20.0, 20.0, 20.0, 20.0, 20.0, 20.0, 20.0, 13.231729400780095, 12.463854257430588, 12.799379525600097, 20.0, 20.0, 11.524480659080632, 11.744882030196646, 12.067509662468533, 12.506231251898196, 13.081369445223482, 13.822223107513285, 14.771196603622512, 15.9907510308201, 17.575606998296816, 19.67539228722192]",-0.019144176369749744,0.0071544556200606735,0.1018,0.3427,-0.205,0.039,10.4175,0.0085,-0.0112,-9.8197,15.3,,50.0,,,,0.6896,-1.2861,1.4594,118.2,14.94,1.22388,0.0366,267.68,23.171,1,74.87,75.095,1,3,10,0.7,9.789,0,0.0,0,0
1790659324.6397285,47.397964699999996,8.5464706,9.551000595092773,0.003972936421632767,-0.03877853602170944,0.0028462393674999475,214.27,-0.057847526995422976,-0.039416539935841766,0.0,-140.92809341430666,5.554770636028713,19.999613306649092,0.35444889042039324,-59.17604581085652,-6.519375732394095,0.03887672984637361,3.549615272355833,0.2676070741119386,0.0,"[20.0, 20.0, 20.0, 20.0, 20.0, 20.0, 20.0, 20.0, 20.0, 20.0, 20.0, 20.0, 20.0, 20.0, 20.0, 20.0, 20.0, 20.0, 20.0, 20.0, 20.0, 20.0, 20.0, 20.0, 20.0, 20.0, 20.0, 20.0, 20.0, 20.0, 20.0, 20.0, 20.0, 20.0, 20.0, 20.0, 20.0, 20.0, 20.0, 20.0, 20.0, 20.0, 20.0, 20.0, 20.0, 20.0, 5.973621409346871, 5.616108663464024, 5.554770636028713, 5.722499149212983, 6.431473564255873, 20.0, 20.0, 20.0, 20.0, 20.0, 20.0, 20.0, 12.964516106839351, 12.484710487740239, 13.05074996126244, 20.0, 16.961370140815447, 11.593659197493164, 11.834138586575579, 12.179461943216612, 12.644670414169541, 13.251687090607179, 14.032101160146784, 15.031746585591913, 16.318465765251467, 17.995874053618333]",-0.01713601472120274,0.0016879458200094177,0.01,0.2774,-0.5017,-0.1628,8.5846,0.0146,-0.0024,-9.8175,15.3,,50.0,,,,0.7007,-1.5364,1.6887,114.51,14.94,1.22388,0.039,275.85,23.137,1,75.27,75.13,1,3,10,0.7,9.813,0,0.0,0,0
1790659324.8394856,47.397964699999996,8.5464705,9.547000885009766,0.004991861060261726,-0.035371653735637665,0.0013377801515161991,215.87,-0.056724398726873064,-0.04101636976957762,0.0,-139.31442344665527,5.5530997018680806,19.999721580787345,0.35121825318215016,-57.50918600851577,-6.010780178325995,0.035501056643141855,3.5516375939457,0.2543522361844905,0.0,"[19.45872869592592, 20.0, 20.0, 20.0, 20.0, 20.0, 20.0, 20.0, 20.0, 20.0, 20.0, 20.0, 20.0, 20.0, 20.0, 20.0, 20.0, 20.0, 20.0, 20.0, 20.0, 20.0, 20.0, 20.0, 20.0, 20.0, 20.0, 20.0, 20.0, 20.0, 20.0, 20.0, 20.0, 20.0, 20.0, 20.0, 20.0, 20.0, 20.0, 20.0, 20.0, 20.0, 20.0, 20.0, 20.0, 20.0, 6.2731940016943035, 5.694251975124987, 5.5530997018680806, 5.637851018339054, 6.047091371079075, 20.0, 20.0, 20.0, 20.0, 20.0, 20.0, 20.0, 13.8121205259271, 12.530886655615474, 12.725454296183042, 20.0, 20.0, 11.548110506055206, 11.757538120200687, 12.068245126570334, 12.493483316730991, 13.05275099497452, 13.77417849000796, 14.69842662438699, 15.88522202765785, 17.42476304408828]",-0.01713601472120274,0.0016879458200094177,0.0415,0.2329,0.6903,-0.236,8.186,0.0063,-0.0143,-9.7914,15.3,,50.0,,,,0.6962,-1.3676,1.5346,116.98,14.94,1.22388,0.0357,278.03,23.126,1,75.47,75.141,1,3,10,0.7,9.765,0,0.0,0,0
1790659325.0392864,47.397964699999996,8.5464704,9.544000625610352,0.0077387369237840176,-0.03413991630077362,0.002142800949513912,217.64000000000001,-0.05543044420428272,-0.042748869637873464,0.0,-137.55700622558595,5.579180566389442,19.999799538166886,0.3497715018080095,-55.67178282687064,-6.043238393734003,0.03434952950883875,3.55402146583537,0.23972521620501555,0.0,"[18.683337937987833, 20.0, 20.0, 20.0, 20.0, 20.0, 20.0, 20.0, 20.0, 20.0, 20.0, 20.0, 20.0, 20.0, 20.0, 20.0, 20.0, 20.0, 20.0, 20.0, 20.0, 20.0, 20.0, 20.0, 20.0, 20.0, 20.0, 20.0, 20.0, 20.0, 20.0, 20.0, 20.0, 20.0, 20.0, 20.0, 20.0, 20.0, 20.0, 20.0, 20.0, 20.0, 20.0, 20.0, 20.0, 20.0, 20.0, 5.824446106112823, 5.579180566389442, 5.582569839178223, 5.83809909770374, 20.0, 20.0, 20.0, 20.0, 20.0, 20.0, 20.0, 20.0, 12.692868567784599, 12.555505134402084, 20.0, 20.0, 13.249426670119986, 11.680613482788507, 11.954416934344101, 12.3375146401965, 12.846989558519551, 13.507583054470107, 14.354966860624923, 15.441168717165432, 16.84389315074188]",-0.01713601472120274,0.0016879458200094177,0.1614,0.178,0.2126,-0.2394,9.6104,0.0125,0.0017,-9.8052,15.3,,50.0,,,,0.7747,-1.418,1.6158,118.65,14.94,1.22388,0.035,282.77,23.118,1,75.67,75.149,1,3,10,0.7,9.81,0,0.0,0,0
1790659325.2398715,47.397964699999996,8.5464702,9.544000625610352,0.011905049905180931,-0.035726744681596756,0.0016675380757078528,219.63,-0.05391255679251274,-0.04464791395008379,0.0,-135.55525314331055,5.560180805197224,19.99985566748016,0.35108566222488774,-53.60832766369924,-6.675031537376129,0.03605559121598758,3.558979741621614,0.2230829513204129,0.0,"[17.90152071223361, 20.0, 20.0, 20.0, 20.0, 20.0, 20.0, 20.0, 20.0, 20.0, 20.0, 20.0, 20.0, 20.0, 20.0, 20.0, 20.0, 20.0, 20.0, 20.0, 20.0, 20.0, 20.0, 20.0, 20.0, 20.0, 20.0, 20.0, 20.0, 20.0, 20.0, 20.0, 20.0, 20.0, 20.0, 20.0, 20.0, 20.0, 20.0, 20.0, 20.0, 20.0, 20.0, 20.0, 20.0, 20.0, 20.0, 6.064504457191247, 5.647712078447423, 5.560180805197224, 5.698887764892434, 6.269517849488329, 20.0, 20.0, 20.0, 20.0, 20.0, 20.0, 20.0, 13.10180023204721, 12.51158271448506, 12.975562620606183, 20.0, 18.118138438803282, 11.60768091255046, 11.841602373766362, 12.179747525655399, 12.636772790391316, 13.234079487226248, 14.002508425305415, 14.98676428719789, 16.252897502150272]",-0.01713601472120274,0.0016879458200094177,0.1492,0.1244,-0.2745,-0.2108,10.2427,0.0057,-0.0108,-9.8042,15.3,,50.0,,,,0.8065,-1.4288,1.6407,119.44,14.94,1.22388,0.0377,288.43,23.11,1,75.87,75.158,1,3,10,0.7,9.778,0,0.0,0,0
1790659325.4404523,47.397964699999996,8.546470099999999,9.545000076293945,0.014069977216422558,-0.0363490991294384,0.001022344920784235,221.69,-0.052272799285880696,-0.046557002210387534,0.0,-133.5002084350586,5.575522840405475,19.999896080585714,0.353732608758608,-50.66546487910631,-6.937228561890242,0.036738703394536616,14.0,0.0,0.0,"[17.179053280607686, 19.123132837956497, 20.0, 20.0, 20.0, 20.0, 20.0, 20.0, 20.0, 20.0, 20.0, 20.0, 20.0, 20.0, 20.0, 20.0, 20.0, 20.0, 20.0, 20.0, 20.0, 20.0, 20.0, 20.0, 20.0, 20.0, 20.0, 20.0, 20.0, 20.0, 20.0, 20.0, 20.0, 20.0, 20.0, 20.0, 20.0, 20.0, 20.0, 20.0, 20.0, 20.0, 20.0, 20.0, 20.0, 20.0, 20.0, 20.0, 5.770233845404987, 5.575522840405475, 5.616119369608358, 5.93513492568394, 20.0, 20.0, 20.0, 20.0, 20.0, 20.0, 20.0, 20.0, 12.609795191277536, 12.649963683275255, 20.0, 20.0, 11.711415481980616, 11.741171942614903, 12.035118997080136, 12.441279293095466, 12.97803158952243, 13.671929275625752, 14.56130001518267, 15.702248344820156]",-0.01713601472120274,0.0016879458200094177,0.0916,0.0795,-0.2038,-0.1933,10.3229,0.0009,-0.006,-9.8083,15.3,,50.0,,,,0.5634,-1.4372,1.5437,111.41,14.94,1.22388,0.039,291.16,23.102,1,76.07,75.166,1,3,10,0.7,9.795,0,0.0,0,0
1790659325.6439874,47.3979648,8.54647,9.546000480651855,0.013216996565461159,-0.03685539960861206,0.0011870115995407104,223.76,-0.05055702814831878,-0.0484147385081248,0.0,-131.41574310302735,5.577647793572886,19.999925178021712,0.3556551129124049,-48.594448838917515,-6.79757488142718,0.037219232445413926,14.0,0.0,0.0,"[16.53158553387114, 18.26326390501933, 20.0, 20.0, 20.0, 20.0, 20.0, 20.0, 20.0, 20.0, 20.0, 20.0, 20.0, 20.0, 20.0, 20.0, 20.0, 20.0, 20.0, 20.0, 20.0, 20.0, 20.0, 20.0, 20.0, 20.0, 20.0, 20.0, 20.0, 20.0, 20.0, 20.0, 20.0, 20.0, 20.0, 20.0, 20.0, 20.0, 20.0, 20.0, 20.0, 20.0, 20.0, 20.0, 20.0, 20.0, 20.0, 20.0, 5.973245266585592, 5.630471168126311, 5.577647793572886, 5.75744245094941, 6.5651325527188975, 20.0, 20.0, 20.0, 20.0, 20.0, 20.0, 20.0, 12.898822426816407, 12.534344343057068, 13.270957087540902, 20.0, 15.551650679867171, 11.657489937017422, 11.909079290300221, 12.267187710851143, 12.747524714981378, 13.372934728001232, 14.17633445588281, 15.20555514446623]",-0.01713601472120274,0.0016879458200094177,0.077,0.0493,-0.0488,-0.053,10.3723,0.0058,-0.0031,-9.8039,15.3,,50.0,,,,0.5519,-1.5206,1.6177,109.95,14.94,1.22388,0.0392,289.73,23.094,1,76.27,75.174,1,3,10,0.7,9.776,0,0.0,0,0
1790659325.8428826,47.3979648,8.5464699,9.546000480651855,0.01075501274317503,-0.039428774267435074,0.0012772761983796954,225.83,-0.04877527436526173,-0.05020928809088454,0.0,-129.3655070495605,5.578521678425238,19.999946128175633,0.35597056402216143,-46.52396237156165,-6.689820975355995,0.03972076580687547,14.0,0.0,0.0,"[15.955216150454183, 17.503809958121145, 19.550107673889297, 20.0, 20.0, 20.0, 20.0, 20.0, 20.0, 20.0, 20.0, 20.0, 20.0, 20.0, 20.0, 20.0, 20.0, 20.0, 20.0, 20.0, 20.0, 20.0, 20.0, 20.0, 20.0, 20.0, 20.0, 20.0, 20.0, 20.0, 20.0, 20.0, 20.0, 20.0, 20.0, 20.0, 20.0, 20.0, 20.0, 20.0, 20.0, 20.0, 20.0, 20.0, 20.0, 20.0, 20.0, 20.0, 6.380220749193374, 5.733979150200136, 5.578521678425238, 5.652228418982236, 6.039041932672589, 20.0, 20.0, 20.0, 20.0, 20.0, 20.0, 20.0, 13.821188891599855, 12.572197312369157, 12.775696608121113, 20.0, 20.0, 11.592439539723042, 11.803421258995218, 12.116145581290388, 12.543957026465819, 13.106484824550789, 13.832046615549046, 14.761577166067461]",-0.01713601472120274,0.0016879458200094177,0.0845,0.0438,0.0482,0.0856,10.3188,0.0088,-0.0079,-9.8056,15.3,,50.0,,,,0.6298,-1.4475,1.5785,113.51,14.94,1.22388,0.0409,285.26,23.083,1,76.47,75.185,1,3,10,0.7,9.762,0,0.0,0,0
1790659326.0432827,47.3979648,8.5464697,9.544000625610352,0.008475091308355331,-0.042107485234737396,0.001662647002376616,227.89000000000001,-0.06705561079609129,-0.07418588181563339,0.0,-127.28748260498048,5.597006283024134,19.999961212286458,0.3547953351712767,-44.46402048599748,-6.564485078926898,0.042333351588342075,14.0,0.0,0.0,"[15.441493470122031, 16.83151016798179, 18.652536505541917, 20.0, 20.0, 20.0, 20.0, 20.0, 20.0, 20.0, 20.0, 20.0, 20.0, 20.0, 20.0, 20.0, 20.0, 20.0, 20.0, 20.0, 20.0, 20.0, 20.0, 20.0, 20.0, 20.0, 20.0, 20.0, 20.0, 20.0, 20.0, 20.0, 20.0, 20.0, 20.0, 20.0, 20.0, 20.0, 20.0, 20.0, 20.0, 20.0, 20.0, 20.0, 20.0, 20.0, 20.0, 20.0, 20.0, 5.9054663481697345, 5.618461331245289, 5.597006283024134, 5.818630084411135, 20.0, 20.0, 20.0, 20.0, 20.0, 20.0, 20.0, 20.0, 12.77455876662975, 12.58747643186458, 20.0, 20.0, 13.656158603484426, 11.716131427486191, 11.985883141609524, 12.364669365636674, 12.869317785408379, 13.524219249062337, 14.364532872094166]",-0.01713601472120274,0.0016879458200094177,0.0957,0.0525,0.1088,0.0383,10.2926,0.0093,-0.0079,-9.816,15.3,,50.0,,,,0.5167,-1.5225,1.6078,108.75,14.94,1.22388,0.043,281.38,23.072,1,76.67,75.196,1,3,10,0.7,9.756,0,0.0,0,0
1790659326.243226,47.3979648,8.5464696,9.541000366210938,0.008029022254049778,-0.04636052995920181,0.0015372313791885972,229.95000000000002,-0.06434558647337787,-0.07654832134930883,0.0,-125.23128204345699,5.585873487452539,19.999972072846248,0.35572010609369364,-42.40325652246179,-6.838449954059837,0.04657153855704229,14.0,0.0,0.0,"[14.980106464338007, 16.230985638719094, 17.8580955295465, 20.0, 20.0, 20.0, 20.0, 20.0, 20.0, 20.0, 20.0, 20.0, 20.0, 20.0, 20.0, 20.0, 20.0, 20.0, 20.0, 20.0, 20.0, 20.0, 20.0, 20.0, 20.0, 20.0, 20.0, 20.0, 20.0, 20.0, 20.0, 20.0, 20.0, 20.0, 20.0, 20.0, 20.0, 20.0, 20.0, 20.0, 20.0, 20.0, 20.0, 20.0, 20.0, 20.0, 20.0, 20.0, 20.0, 6.2152901780522205, 5.705792537604949, 5.585873487452539, 5.693257208802675, 6.165335019739064, 20.0, 20.0, 20.0, 20.0, 20.0, 20.0, 20.0, 13.27048493267948, 12.565310319221519, 12.95428666577148, 20.0, 19.186083301110788, 11.64571371274717, 11.874313791557059, 12.20682966651895, 12.657612286370473, 13.247653858525734, 14.007211054935233]",-0.01713601472120274,0.0016879458200094177,0.0841,-0.0992,-0.1687,-0.7555,10.2607,0.0139,-0.0061,-9.8056,15.3,,50.0,,,,0.4574,-1.7174,1.7773,104.91,14.94,1.22388,0.0471,279.83,23.06,1,76.87,75.208,1,3,10,0.7,9.788,0,0.0,0,0
1790659326.4444163,47.3979648,8.546469499999999,9.539000511169434,0.005235025193542242,-0.05261751264333725,0.001512792776338756,232.01,-0.06155239321273806,-0.07881181948023075,0.0,-123.16712783813477,5.614765529709323,19.9999798924493,0.3577324195719754,-40.342102145572085,-6.9393682725067976,0.05274556430681811,14.0,0.0,0.0,"[14.563486728952766, 15.691287632692063, 17.14990248341279, 19.067472269230755, 20.0, 20.0, 20.0, 20.0, 20.0, 20.0, 20.0, 20.0, 20.0, 20.0, 20.0, 20.0, 20.0, 20.0, 20.0, 20.0, 20.0, 20.0, 20.0, 20.0, 20.0, 20.0, 20.0, 20.0, 20.0, 20.0, 20.0, 20.0, 20.0, 20.0, 20.0, 20.0, 20.0, 20.0, 20.0, 20.0, 20.0, 20.0, 20.0, 20.0, 20.0, 20.0, 20.0, 20.0, 20.0, 20.0, 5.8530772689985415, 5.614765529709323, 5.625338233418548, 5.89586550227051, 20.0, 20.0, 20.0, 20.0, 20.0, 20.0, 20.0, 20.0, 12.692663644635893, 12.67194154412018, 20.0, 20.0, 12.132173464043065, 11.779186362061772, 12.067735189369532, 12.468048091763215, 12.9981485798147, 13.684095649871397]",-0.01713601472120274,0.0016879458200094177,0.0689,-0.1744,-0.0382,0.0048,10.3348,0.0095,0.0048,-9.8228,15.3,,50.0,,,,0.6167,-1.5604,1.6778,111.56,14.94,1.22388,0.0529,275.68,23.05,1,77.07,75.219,1,3,10,0.7,9.828,0,0.0,0,0
1790659326.645584,47.3979648,8.5464693,9.539000511169434,0.0005903507699258626,-0.058535438030958176,0.0014490915928035975,234.06,-0.05869377295426316,-0.0809632077946113,0.0,-121.11910194396972,5.59963848039912,19.999985522563495,0.35889871098662507,-38.29132567883977,-6.653012470683449,0.05787783367977955,14.0,0.0,0.0,"[14.187826441136531, 15.206483114231824, 16.5181666278996, 18.229331779083203, 20.0, 20.0, 20.0, 20.0, 20.0, 20.0, 20.0, 20.0, 20.0, 20.0, 20.0, 20.0, 20.0, 20.0, 20.0, 20.0, 20.0, 20.0, 20.0, 20.0, 20.0, 20.0, 20.0, 20.0, 20.0, 20.0, 20.0, 20.0, 20.0, 20.0, 20.0, 20.0, 20.0, 20.0, 20.0, 20.0, 20.0, 20.0, 20.0, 20.0, 20.0, 20.0, 20.0, 20.0, 20.0, 20.0, 6.097630829853742, 5.68389026649098, 5.59963848039912, 5.745089149291711, 6.3496407682389115, 20.0, 20.0, 20.0, 20.0, 20.0, 20.0, 20.0, 13.024648797863064, 12.582334425980156, 13.21576906551989, 20.0, 16.280403328548125, 11.69954148964706, 11.946255115404542, 12.299218897437228, 12.773851548201575, 13.392604260248948]",-0.01713601472120274,0.0016879458200094177,0.0698,-0.1657,0.0844,0.1128,10.3302,0.0054,-0.0136,-9.8076,15.3,,50.0,,,,0.577,-1.6579,1.7554,109.19,14.94,1.22388,0.0585,270.58,23.04,1,77.27,75.228,1,3,10,0.7,9.855,0,0.0,0,0
1790659326.8475058,47.3979648,8.546469199999999,9.540000915527344,-0.0020283886697143316,-0.06150451675057411,0.0007090106373652816,236.09,-0.05578899649560803,-0.08299149275686657,0.0,-119.08502784729001,5.612000269183433,19.999989576245717,0.3601440257004539,-36.26055673418409,-6.206475597748714,0.0611677544481553,14.0,0.0,0.0,"[13.85076770608202, 14.772475853047096, 15.955689814367837, 17.489644449881197, 19.514226151772846, 20.0, 20.0, 20.0, 20.0, 20.0, 20.0, 20.0, 20.0, 20.0, 20.0, 20.0, 20.0, 20.0, 20.0, 20.0, 20.0, 20.0, 20.0, 20.0, 20.0, 20.0, 20.0, 20.0, 20.0, 20.0, 20.0, 20.0, 20.0, 20.0, 20.0, 20.0, 20.0, 20.0, 20.0, 20.0, 20.0, 20.0, 20.0, 20.0, 20.0, 20.0, 20.0, 20.0, 20.0, 20.0, 20.0, 5.802593471611771, 5.612000269183433, 5.658420336614217, 5.992380903275988, 20.0, 20.0, 20.0, 20.0, 20.0, 20.0, 20.0, 20.0, 12.638194037026935, 12.790921712509174, 20.0, 20.0, 11.635364582813372, 11.842237964058553, 12.150749273244148, 12.574020711322268, 13.131390608842812]",-0.01713601472120274,0.0016879458200094177,0.0815,-0.1438,0.115,0.153,10.1842,0.0102,-0.006,-9.8156,15.3,,50.0,,,,0.6384,-1.8148,1.9238,109.38,14.94,1.22388,0.0615,268.11,23.032,1,77.47,75.236,1,3,10,0.7,9.856,0,0.0,0,0
1790659327.0479534,47.3979649,8.5464691,9.543000221252441,-0.0023355307057499886,-0.06261228770017624,0.0003802122373599559,238.1,-0.05284383347223473,-0.08489716876291414,0.0,-117.09601631164549,5.619230944393709,19.999992494896915,0.36380000930292444,-34.248874798921406,-5.919264492589585,0.06252114393000859,14.0,0.0,0.0,"[13.548535620494517, 14.383573610622731, 15.453640627875728, 16.834135296415234, 18.6412550939782, 20.0, 20.0, 20.0, 20.0, 20.0, 20.0, 20.0, 20.0, 20.0, 20.0, 20.0, 20.0, 20.0, 20.0, 20.0, 20.0, 20.0, 20.0, 20.0, 20.0, 20.0, 20.0, 20.0, 20.0, 20.0, 20.0, 20.0, 20.0, 20.0, 20.0, 20.0, 20.0, 20.0, 20.0, 20.0, 20.0, 20.0, 20.0, 20.0, 20.0, 20.0, 20.0, 20.0, 20.0, 20.0, 20.0, 5.995987703490084, 5.664146155788449, 5.619230944393709, 5.812327210405021, 20.0, 20.0, 20.0, 20.0, 20.0, 20.0, 20.0, 20.0, 12.85401691501805, 12.626129337601656, 13.766891683338164, 20.0, 13.977673853534958, 11.75494893328789, 12.021488137591323, 12.396932219774902, 12.897908739135753]",-0.01713601472120274,0.0016879458200094177,0.0968,-0.1467,0.0995,-0.0512,10.173,0.0009,-0.0022,-9.8017,15.3,,50.0,,,,0.4491,-1.7242,1.7817,104.6,14.94,1.22388,0.0627,267.86,23.025,1,77.68,75.245,1,3,10,0.7,9.801,0,0.0,0,0
1790659327.2479715,47.3979649,8.546469,9.545000076293945,-0.002972904359921813,-0.06521832942962646,8.14604209153913e-05,240.11,-0.049833643013675814,-0.0866983738254964,0.0,-115.0705953979492,5.6170138567384456,19.999994596325777,0.36654998749219925,-32.23752984368582,-5.696072115463383,0.06510868431009424,14.0,0.0,0.0,"[13.27585307843904, 14.032215265541664, 15.001032635164233, 16.246364775750305, 17.86545822022087, 20.0, 20.0, 20.0, 20.0, 20.0, 20.0, 20.0, 20.0, 20.0, 20.0, 20.0, 20.0, 20.0, 20.0, 20.0, 20.0, 20.0, 20.0, 20.0, 20.0, 20.0, 20.0, 20.0, 20.0, 20.0, 20.0, 20.0, 20.0, 20.0, 20.0, 20.0, 20.0, 20.0, 20.0, 20.0, 20.0, 20.0, 20.0, 20.0, 20.0, 20.0, 20.0, 20.0, 20.0, 20.0, 20.0, 6.357526313303256, 5.76004101976361, 5.6170138567384456, 5.7047802384271655, 6.129222338130981, 20.0, 20.0, 20.0, 20.0, 20.0, 20.0, 20.0, 13.37898556998228, 12.612719068597055, 12.97299830503293, 20.0, 19.66318526266814, 11.683574612271848, 11.909870969709027, 12.240101115926528, 12.688487345550787]",-0.01713601472120274,0.0016879458200094177,0.1051,-0.1578,0.1043,-0.036,10.0996,0.0008,-0.0112,-9.8162,15.3,,50.0,,,,0.4084,-1.8368,1.8817,102.54,14.94,1.22388,0.0653,267.39,23.017,1,77.88,75.253,1,3,10,0.7,9.795,0,0.0,0,0
1790659327.4483275,47.3979649,8.546468899999999,9.547000885009766,-0.005073908716440201,-0.06960872560739517,-0.00017350861162412912,242.12,-0.04676212933577038,-0.08839289145618376,0.0,-113.05503929138183,5.644720583365602,19.99999610935456,0.3663628269105086,-30.22720553948301,-5.34456920412508,0.06943813917459722,14.0,0.0,0.0,"[13.03365921996247, 13.718384211293737, 14.596288718265399, 15.722073267354837, 17.17768899483638, 19.090453413555014, 20.0, 20.0, 20.0, 20.0, 20.0, 20.0, 20.0, 20.0, 20.0, 20.0, 20.0, 20.0, 20.0, 20.0, 20.0, 20.0, 20.0, 20.0, 20.0, 20.0, 20.0, 20.0, 20.0, 20.0, 20.0, 20.0, 20.0, 20.0, 20.0, 20.0, 20.0, 20.0, 20.0, 20.0, 20.0, 20.0, 20.0, 20.0, 20.0, 20.0, 20.0, 20.0, 20.0, 20.0, 20.0, 20.0, 5.918768443068451, 5.651498833734832, 5.644720583365602, 5.891259496458507, 20.0, 20.0, 20.0, 20.0, 20.0, 20.0, 20.0, 20.0, 12.747466357945893, 12.708498641979887, 20.0, 20.0, 12.223768045784848, 11.818184841932478, 12.105504330665598, 12.504681869494373]",-0.01713601472120274,0.0016879458200094177,0.1144,-0.1508,0.1604,0.1559,10.0498,0.0104,-0.0071,-9.8062,15.3,,50.0,,,,0.184,-1.8524,1.8615,95.67,14.94,1.22388,0.0698,265.83,23.006,1,78.08,75.264,1,3,10,0.7,9.806,0,0.0,0,0
1790659327.649253,47.3979649,8.5464687,9.54900074005127,-0.00753636471927166,-0.0739857405424118,7.175897917477414e-05,244.13,-0.047931879110256516,-0.10030170444558578,0.0,-111.06377899169922,5.624980979312438,19.999997198735283,0.36412255702702645,-28.217602439123993,-4.858677813408325,0.07374321966260265,14.0,0.0,0.018556596271342846,"[12.818537308921375, 13.437600532063199, 14.233313600039596, 15.252582969142207, 16.56488881346985, 18.27645856677246, 20.0, 20.0, 20.0, 20.0, 20.0, 20.0, 20.0, 20.0, 20.0, 20.0, 20.0, 20.0, 20.0, 20.0, 20.0, 20.0, 20.0, 20.0, 20.0, 20.0, 20.0, 20.0, 20.0, 20.0, 20.0, 20.0, 20.0, 20.0, 20.0, 20.0, 20.0, 20.0, 20.0, 20.0, 20.0, 20.0, 20.0, 20.0, 20.0, 20.0, 20.0, 20.0, 20.0, 20.0, 20.0, 20.0, 6.195687993471641, 5.72866051488362, 5.624980979312438, 5.751778673198515, 6.289752505906162, 20.0, 20.0, 20.0, 20.0, 20.0, 20.0, 20.0, 13.09366219912688, 12.629182593616909, 13.245494374162222, 20.0, 16.40273772924684, 11.744672839819243, 11.990986044242451, 12.343808353894753]",-0.01713601472120274,0.0016879458200094177,0.1317,-0.1262,0.0683,0.1782,10.0986,0.0028,-0.0187,-9.8029,15.3,,50.0,,,,0.1747,-1.8439,1.8522,95.41,14.94,1.22388,0.0744,264.18,22.993,1,78.28,75.277,1,3,10,0.7,9.833,0,0.0,0,0
1790659327.8497999,47.3979649,8.5464685,9.54900074005127,-0.008301452733576298,-0.08031686395406723,0.0010484387166798115,246.15,-0.04538110058296825,-0.104124236515109,0.0,-109.0318313598633,5.647632566977983,19.999997983089404,0.3627629922592634,-26.197513338974886,-4.74145758895471,0.08004970851007717,14.0,0.0,0.0011687997101570465,"[12.629558378895743, 13.18788672134693, 13.908612511996475, 14.832075222670143, 16.017457259787378, 17.553969904685673, 19.58138717445864, 20.0, 20.0, 20.0, 20.0, 20.0, 20.0, 20.0, 20.0, 20.0, 20.0, 20.0, 20.0, 20.0, 20.0, 20.0, 20.0, 20.0, 20.0, 20.0, 20.0, 20.0, 20.0, 20.0, 20.0, 20.0, 20.0, 20.0, 20.0, 20.0, 20.0, 20.0, 20.0, 20.0, 20.0, 20.0, 20.0, 20.0, 20.0, 20.0, 20.0, 20.0, 20.0, 20.0, 20.0, 20.0, 20.0, 5.86737558413793, 5.647632566977983, 5.673898617265098, 5.974407510361306, 20.0, 20.0, 20.0, 20.0, 20.0, 20.0, 20.0, 20.0, 12.699573443486974, 12.838793507514056, 20.0, 20.0, 11.690262945728099, 11.896980292404779, 12.205704914464114]",-0.01713601472120274,0.0016879458200094177,0.1461,-0.1539,0.0285,-0.1487,10.0718,0.0032,-0.0129,-9.8025,15.3,,50.0,,,,0.2217,-1.9107,1.9235,96.62,14.94,1.22388,0.0807,264.1,22.976,1,78.48,75.294,1,3,10,0.7,9.848,0,0.0,0,0
1790659328.0494726,47.3979649,8.5464682,9.550000190734863,-0.007060524541884661,-0.08804371953010559,0.0007084551034495234,248.17000000000002,-0.042640527550975554,-0.10794176447327392,0.0,-107.02431686401366,5.645529790459194,19.999998547824372,0.3638884904394636,-24.17637402378182,-4.988358856839537,0.08780915783593424,14.0,0.0,0.0011768524658756245,"[12.464027455635868, 12.96604764251334, 13.618197656439445, 14.455263676932955, 15.527888766666955, 16.911479180348586, 18.722179401758837, 20.0, 20.0, 20.0, 20.0, 20.0, 20.0, 20.0, 20.0, 20.0, 20.0, 20.0, 20.0, 20.0, 20.0, 20.0, 20.0, 20.0, 20.0, 20.0, 20.0, 20.0, 20.0, 20.0, 20.0, 20.0, 20.0, 20.0, 20.0, 20.0, 20.0, 20.0, 20.0, 20.0, 20.0, 20.0, 20.0, 20.0, 20.0, 20.0, 20.0, 20.0, 20.0, 20.0, 20.0, 20.0, 20.0, 6.105638583441614, 5.716659564379103, 5.645529790459194, 5.80948429629203, 6.516285025051991, 20.0, 20.0, 20.0, 20.0, 20.0, 20.0, 20.0, 12.941023335863818, 12.689394834361464, 13.762966774740184, 20.0, 14.09466225197532, 11.821330575416116, 12.088000530878277]",-0.01713601472120274,0.0016879458200094177,0.141,-0.1605,-0.057,0.087,10.0942,0.0044,-0.0114,-9.8083,15.3,,50.0,,,,0.2741,-1.8133,1.8339,98.6,14.94,1.22388,0.0883,265.42,22.957,1,78.68,75.313,1,3,10,0.7,9.822,0,0.0,0,0
1790659328.2501612,47.3979649,8.546467999999999,9.551000595092773,-0.004986155312508345,-0.09352043271064758,0.00040686779539100826,250.18,-0.04457490690750878,-0.1253814314724491,0.0,-104.99995452880859,5.659242571131379,19.999998954433547,0.36649966133764045,-22.16466258572973,-5.146334183369669,0.09334320079066562,14.0,0.0,0.0006537652168984322,"[12.31851502125672, 12.768180602419818, 13.357427952936385, 14.116325509932466, 15.088399431115443, 16.33778738066651, 17.961806686007755, 20.0, 20.0, 20.0, 20.0, 20.0, 20.0, 20.0, 20.0, 20.0, 20.0, 20.0, 20.0, 20.0, 20.0, 20.0, 20.0, 20.0, 20.0, 20.0, 20.0, 20.0, 20.0, 20.0, 20.0, 20.0, 20.0, 20.0, 20.0, 20.0, 20.0, 20.0, 20.0, 20.0, 20.0, 20.0, 20.0, 20.0, 20.0, 20.0, 20.0, 20.0, 20.0, 20.0, 20.0, 20.0, 20.0, 6.670052496598673, 5.838609990344111, 5.659242571131379, 5.71821933091438, 6.082618988972154, 20.0, 20.0, 20.0, 20.0, 20.0, 20.0, 20.0, 13.523049210288066, 12.693972762901392, 13.034549439441832, 20.0, 19.907861924655002, 11.7611154915808, 11.987573282679666]",-0.01713601472120274,0.0016879458200094177,0.1206,-0.1554,-0.0512,0.0904,10.0325,0.0028,-0.0122,-9.8037,15.3,,50.0,,,,0.283,-1.7765,1.7989,99.05,14.94,1.22388,0.0937,266.95,22.938,1,78.88,75.332,1,3,10,0.7,9.838,0,0.0,0,0
1790659328.4512668,47.397965,8.5464677,9.553000450134277,-0.0026027639396488667,-0.10049336403608322,0.00026469206204637885,252.20000000000002,-0.05003980585982234,-0.15797656209614983,0.0,-102.97403221130367,5.678426012608605,19.999999247192154,0.3705950706143749,-20.142274589382055,-5.378009271894252,0.10038140738016199,14.0,0.0,0.002036131468010934,"[12.193032345096386, 12.593349091367124, 13.12411730265744, 13.811332063565004, 14.692489828694587, 15.82236875459274, 17.28299633352408, 19.201722591116447, 20.0, 20.0, 20.0, 20.0, 20.0, 20.0, 20.0, 20.0, 20.0, 20.0, 20.0, 20.0, 20.0, 20.0, 20.0, 20.0, 20.0, 20.0, 20.0, 20.0, 20.0, 20.0, 20.0, 20.0, 20.0, 20.0, 20.0, 20.0, 20.0, 20.0, 20.0, 20.0, 20.0, 20.0, 20.0, 20.0, 20.0, 20.0, 20.0, 20.0, 20.0, 20.0, 20.0, 20.0, 20.0, 20.0, 6.043464159568509, 5.717102826836957, 5.678426012608605, 5.884662111259159, 20.0, 20.0, 20.0, 20.0, 20.0, 20.0, 20.0, 20.0, 12.849331321117615, 12.78958752346941, 20.0, 20.0, 12.28878115382341, 11.905196297534628]",-0.01713601472120274,0.0016879458200094177,0.0993,-0.2309,-0.08,-0.3475,10.0872,-0.0043,-0.0068,-9.8097,15.3,,50.0,,,,0.2127,-1.7588,1.7716,96.9,14.94,1.22388,0.1005,268.52,22.918,1,79.08,75.353,1,3,10,0.7,9.795,0,0.0,0,0
1790659328.6523647,47.397965,8.5464674,9.554000854492188,-0.0009139293688349426,-0.11070337146520615,6.35729666100815e-05,254.22,-0.0541365850264834,-0.1941568478762884,0.0,-100.95625808715818,5.683235357533989,19.99999945797835,0.37646076283227475,-18.119118337461828,-5.56413423128708,0.11063565302023892,14.0,0.0,0.0016039593364611212,"[12.086465245687178, 12.440202852548978, 12.916537024113603, 13.537935119355435, 14.336770302013592, 15.36002061735048, 16.677239824366254, 18.39469648535545, 20.0, 20.0, 20.0, 20.0, 20.0, 20.0, 20.0, 20.0, 20.0, 20.0, 20.0, 20.0, 20.0, 20.0, 20.0, 20.0, 20.0, 20.0, 20.0, 20.0, 20.0, 20.0, 20.0, 20.0, 20.0, 20.0, 20.0, 20.0, 20.0, 20.0, 20.0, 20.0, 20.0, 20.0, 20.0, 20.0, 20.0, 20.0, 20.0, 20.0, 20.0, 20.0, 20.0, 20.0, 20.0, 20.0, 6.43706380559783, 5.826536669670817, 5.683235357533989, 5.775733010066176, 6.220626321267084, 20.0, 20.0, 20.0, 20.0, 20.0, 20.0, 20.0, 13.223418084117338, 12.726939453550496, 13.32749093471463, 20.0, 16.492742718259088, 11.839905936120251]",-0.01713601472120274,0.0016879458200094177,0.0641,-0.4159,-0.1378,-0.8108,10.1628,-0.007,-0.0112,-9.8122,15.3,,50.0,,,,0.3214,-1.6098,1.6416,101.29,14.94,1.22388,0.1107,269.53,22.896,1,79.28,75.376,1,3,10,0.7,9.793,0,0.0,0,0
1790659328.8528821,47.3979651,8.5464671,9.553000450134277,-0.001082232571206987,-0.12745368480682373,0.00044398289173841476,256.4,-0.21290367160104945,-0.9821853796759877,0.0,-98.95157386779783,5.723723202007155,19.999999609744414,0.38278509414109557,-16.105677619452194,-5.5755529563485355,0.12737617856260192,14.0,0.0,0.7649472280272116,"[11.99932930454439, 12.309080217950811, 12.7347338936912, 13.2956933620125, 14.019967212920116, 14.948013487069733, 16.139168265887594, 17.682827804688554, 19.71895565313186, 20.0, 20.0, 20.0, 20.0, 20.0, 20.0, 20.0, 20.0, 20.0, 20.0, 20.0, 20.0, 20.0, 20.0, 20.0, 20.0, 20.0, 20.0, 20.0, 20.0, 20.0, 20.0, 20.0, 20.0, 20.0, 20.0, 20.0, 20.0, 20.0, 20.0, 20.0, 20.0, 20.0, 20.0, 20.0, 20.0, 20.0, 20.0, 20.0, 20.0, 20.0, 20.0, 20.0, 20.0, 20.0, 20.0, 6.006921728059766, 5.731012696251275, 5.723723202007155, 5.977074185750898, 20.0, 20.0, 20.0, 20.0, 20.0, 20.0, 20.0, 20.0, 12.809767543955688, 12.941459087923759, 20.0, 20.0, 11.79232888400762]",-0.01713601472120274,0.0016879458200094177,0.0283,-0.6413,-0.0975,-0.8218,10.0479,0.0005,-0.0172,-9.8136,15.3,,50.0,,,,0.198,-1.5283,1.5411,97.38,14.94,1.22388,0.1275,269.51,22.872,1,79.48,75.401,1,3,10,0.7,9.805,0,0.0,0,0
1790659329.0532668,47.397965199999994,8.5464667,9.554000854492188,-0.011863372288644314,-0.19756853580474854,-0.02434791810810566,258.41,-0.2577565589053792,-1.3706031640298286,0.0,-96.94933868408202,5.7196138600198445,19.999999719015978,0.388718896768913,-14.092065101512503,-5.455695371489682,0.19717395964520215,14.0,0.0,0.0,"[11.93608633721967, 12.20395825023878, 12.582085053476442, 13.087178850854146, 13.74349232536042, 14.585977679950615, 15.665507857667462, 17.05780161825452, 18.879420075859816, 20.0, 20.0, 20.0, 20.0, 20.0, 20.0, 20.0, 20.0, 20.0, 20.0, 20.0, 20.0, 20.0, 20.0, 20.0, 20.0, 20.0, 20.0, 20.0, 20.0, 20.0, 20.0, 20.0, 20.0, 20.0, 20.0, 20.0, 20.0, 20.0, 20.0, 20.0, 20.0, 20.0, 20.0, 20.0, 20.0, 20.0, 20.0, 20.0, 20.0, 20.0, 20.0, 20.0, 20.0, 20.0, 20.0, 6.336911738640131, 5.831789089721891, 5.7196138600198445, 5.845222731783302, 6.39407151342508, 20.0, 20.0, 20.0, 20.0, 20.0, 20.0, 20.0, 13.069837288761796, 12.807306530248356, 13.904586730318, 20.0, 13.986193352835475]",-0.01713601472120274,0.0016879458200094177,-0.0217,-4.7132,0.1423,-22.3288,9.9252,-0.0221,-0.0072,-9.8322,15.3,,50.0,,,,0.2579,-1.4529,1.4756,100.07,14.94,1.22388,0.1979,266.56,22.841,1,79.68,75.433,1,3,10,0.7,9.79,0,0.0,0,0
1790659329.2542434,47.397965199999994,8.5464658,9.559000015258789,-0.05377735197544098,-0.4193190634250641,-0.029160363599658012,260.39,-0.21947629814586414,-1.4442717761886763,0.0,-94.79746185302736,5.776357474032462,19.999999797691505,0.3854407036706567,-11.940881615247577,-2.301753827154933,0.41769962623069884,14.0,0.0,0.06665444818871166,"[11.917200753910194, 12.142594501847219, 12.473438959211371, 12.923931104546408, 13.514893020025116, 14.276347380593792, 15.251733483765072, 16.504998069968284, 18.133027471821045, 20.0, 20.0, 20.0, 20.0, 20.0, 20.0, 20.0, 20.0, 20.0, 20.0, 20.0, 20.0, 20.0, 20.0, 20.0, 20.0, 20.0, 20.0, 20.0, 20.0, 20.0, 20.0, 20.0, 20.0, 20.0, 20.0, 20.0, 20.0, 20.0, 20.0, 20.0, 20.0, 20.0, 20.0, 20.0, 20.0, 20.0, 20.0, 20.0, 20.0, 20.0, 20.0, 20.0, 20.0, 20.0, 20.0, 20.0, 6.044403679452306, 5.776357474032462, 5.777195741374267, 6.047854705651339, 20.0, 20.0, 20.0, 20.0, 20.0, 20.0, 20.0, 13.85269943193832, 12.864392842482303, 13.166442222341056, 20.0, 20.0]",-0.01713601472120274,0.0016879458200094177,-0.1785,-8.3878,0.472,-10.867,9.8255,-0.0432,0.0011,-9.821,15.3,,50.0,,,,0.2475,-1.3348,1.3575,100.51,14.94,1.22388,0.4228,262.69,22.776,1,79.88,75.497,1,3,10,0.7,9.78,0,0.0,0,0
1790659329.4542935,47.397965,8.5464641,9.56100082397461,-0.10441672801971436,-0.7141624093055725,-0.010533862747251987,262.33,-0.1815283393188191,-1.508567334676443,0.0,-92.86891738891603,5.794910502678878,19.999999854337883,0.366598068931458,-10.003968895180833,0.6482005834162341,0.7109668052244669,14.0,0.0,0.09551269965173974,"[12.439127042296274, 12.171683873841017, 12.463309745096591, 12.869602760725193, 13.408765614971953, 14.107137964421465, 15.002707692649407, 16.150943684134404, 17.634842578716174, 19.583118462917174, 20.0, 20.0, 20.0, 20.0, 20.0, 20.0, 20.0, 20.0, 20.0, 20.0, 20.0, 20.0, 20.0, 20.0, 20.0, 20.0, 20.0, 20.0, 20.0, 20.0, 20.0, 20.0, 20.0, 20.0, 20.0, 20.0, 20.0, 20.0, 20.0, 20.0, 20.0, 20.0, 20.0, 20.0, 20.0, 20.0, 20.0, 20.0, 20.0, 20.0, 20.0, 20.0, 20.0, 20.0, 20.0, 20.0, 6.557265484357855, 5.9358839827130385, 5.794910502678878, 5.898195734363905, 6.387937924217814, 20.0, 20.0, 20.0, 20.0, 20.0, 20.0, 20.0, 13.152163076062768, 13.035430563715478, 20.0, 20.0]",-0.01713601472120274,0.0016879458200094177,-0.1798,-8.7149,1.8739,4.4522,9.8688,-0.0581,-0.0097,-9.823,15.3,,50.0,,,,0.311,-1.3496,1.3849,102.98,14.94,1.22388,0.7218,261.68,22.652,1,80.08,75.623,1,3,10,0.7,9.757,0,0.0293,0,0
1790659329.6568823,47.3979648,8.546461599999999,9.558000564575195,-0.14063580334186554,-0.9864981174468994,0.0009863110026344657,264.23,-0.14051990549920038,-1.5693186369451224,0.0,-90.96715499877928,5.870538626779812,19.999999895123274,0.3336128604666932,-8.11157202217123,2.343453088908019,0.9819677300283279,14.0,0.0,0.10145099041649612,"[16.76156800332379, 12.277929878739995, 12.533409116423401, 12.900009450685051, 13.39370758812299, 14.0377857537279, 14.865791299780176, 15.926404816340634, 17.291697060290637, 19.07177403168851, 20.0, 20.0, 20.0, 20.0, 20.0, 20.0, 20.0, 20.0, 20.0, 20.0, 20.0, 20.0, 20.0, 20.0, 20.0, 20.0, 20.0, 20.0, 20.0, 20.0, 20.0, 20.0, 20.0, 20.0, 20.0, 20.0, 20.0, 20.0, 20.0, 20.0, 20.0, 20.0, 20.0, 20.0, 20.0, 20.0, 20.0, 20.0, 20.0, 20.0, 20.0, 20.0, 20.0, 20.0, 20.0, 20.0, 20.0, 6.309243412829911, 5.926452480439697, 5.870538626779812, 6.072365227783822, 20.0, 20.0, 20.0, 20.0, 20.0, 20.0, 20.0, 13.808654129710996, 13.148371734007988, 13.679831099462872, 20.0]",-0.01713601472120274,0.0016879458200094177,0.0216,-7.3103,2.1053,8.247,10.1755,-0.096,-0.0009,-9.8461,15.3,,50.0,,,,0.4153,-1.2392,1.307,108.53,14.94,1.22388,0.9965,261.89,22.466,1,80.28,75.811,1,3,10,0.7,9.754,0,0.343,0,0
1790659329.8548868,47.3979645,8.546458399999999,9.555000305175781,-0.15526986122131348,-1.20570969581604,0.0038049493450671434,266.15,-0.09535867436335896,-1.6281743679581868,0.0,-89.02847824096682,5.97975879014494,19.99999992448876,0.292612307011852,-6.2025422960223295,3.4880952749827183,1.200347538669799,14.0,0.0,0.11002100046401288,"[20.0, 12.445313525595902, 12.665382330079952, 12.994046854773433, 13.445276162296341, 14.039665809842333, 14.80694183025848, 15.790049140751456, 17.051992620382478, 18.687745527787328, 20.0, 20.0, 20.0, 20.0, 20.0, 20.0, 20.0, 20.0, 20.0, 20.0, 20.0, 20.0, 20.0, 20.0, 20.0, 20.0, 20.0, 20.0, 20.0, 20.0, 20.0, 20.0, 20.0, 20.0, 20.0, 20.0, 20.0, 20.0, 20.0, 20.0, 20.0, 20.0, 20.0, 20.0, 20.0, 20.0, 20.0, 20.0, 20.0, 20.0, 20.0, 20.0, 20.0, 20.0, 20.0, 20.0, 20.0, 20.0, 6.254246124452341, 5.97975879014494, 5.990043032366701, 6.297673890368777, 20.0, 20.0, 20.0, 20.0, 20.0, 20.0, 20.0, 13.488156124845958, 13.514535125710534, 20.0]",-0.01713601472120274,0.0016879458200094177,0.2706,-5.965,2.2107,7.1954,10.3273,-0.1156,-0.0008,-9.8413,15.3,,50.0,,,,0.4243,-1.1274,1.2046,110.62,14.94,1.22388,1.2157,262.66,22.232,1,80.48,76.048,1,3,10,0.7,9.758,0,0.6134,0,0
1790659330.0558016,47.3979642,8.546454899999999,9.553000450134277,-0.1512448936700821,-1.3723840713500977,0.0038484500255435705,268.09000000000003,-0.04609659084143443,-1.6847422157880718,0.0,-87.63404258300068,6.076290120527511,19.999999945631906,0.24865693150403906,-4.27595741699929,4.378957357488698,1.3667224289767947,14.0,0.0,0.11959759938654833,"[20.0, 14.530963485750592, 12.842855575339726, 13.134276072625926, 13.544705821912794, 14.092324488061495, 14.803500371382173, 15.71623787927263, 16.885880151910236, 18.39486900504552, 20.0, 20.0, 20.0, 20.0, 20.0, 20.0, 20.0, 20.0, 20.0, 20.0, 20.0, 20.0, 20.0, 20.0, 20.0, 20.0, 20.0, 20.0, 20.0, 20.0, 20.0, 20.0, 20.0, 20.0, 20.0, 20.0, 20.0, 20.0, 20.0, 20.0, 20.0, 20.0, 20.0, 20.0, 20.0, 20.0, 20.0, 20.0, 20.0, 20.0, 20.0, 20.0, 20.0, 20.0, 20.0, 20.0, 20.0, 20.0, 20.0, 6.278584096579488, 6.076290120527511, 6.147329937934222, 6.591211834229859, 20.0, 20.0, 20.0, 20.0, 20.0, 20.0, 14.153370827042286, 13.640216020056592, 14.468137685018874]",-0.01713601472120274,0.0016879458200094177,0.5197,-4.8472,1.895,5.1622,10.3632,-0.1307,0.0118,-9.8343,15.3,,50.0,,,,0.3842,-1.1338,1.1971,108.72,14.94,1.22388,1.3807,263.71,21.964,1,80.68,76.32,1,3,10,0.7,9.758,0,0.7822,0,0
1790659330.255284,47.397963999999995,8.546451,9.552000045776367,-0.13086937367916107,-1.499536156654358,0.002796168439090252,270.02,0.00633562133476269,-1.7378454158930396,0.0,-87.62031493505367,6.210239704585796,19.99999996085497,0.20761819458755396,-2.3596850649463477,5.007750472578243,1.4941687422332945,14.0,0.0,0.12702987115647996,"[20.0, 20.0, 13.0566911561609, 13.311497767484884, 13.682653543369078, 14.186162277838617, 14.845443368185865, 15.694253534164275, 16.78147641979093, 18.179199144726983, 19.99692392258272, 20.0, 20.0, 20.0, 20.0, 20.0, 20.0, 20.0, 20.0, 20.0, 20.0, 20.0, 20.0, 20.0, 20.0, 20.0, 20.0, 20.0, 20.0, 20.0, 20.0, 20.0, 20.0, 20.0, 20.0, 20.0, 20.0, 20.0, 20.0, 20.0, 20.0, 20.0, 20.0, 20.0, 20.0, 20.0, 20.0, 20.0, 20.0, 20.0, 20.0, 20.0, 20.0, 20.0, 20.0, 20.0, 20.0, 20.0, 20.0, 7.062961595579525, 6.351230043938612, 6.210239704585796, 6.347760732631821, 7.041218742297013, 20.0, 20.0, 20.0, 20.0, 20.0, 20.0, 13.989604079193958, 14.15631891679159]",-0.01713601472120274,0.0016879458200094177,0.7356,-4.1122,1.4687,3.4184,10.0168,-0.1483,0.0001,-9.8218,15.3,,50.0,,,,0.2933,-1.1347,1.172,104.49,14.94,1.22388,1.5052,265.01,21.672,1,80.88,76.614,1,3,10,0.7,9.803,0,0.9192,0,0
1790659330.4560611,47.3979638,8.5464468,9.552000045776367,-0.09807848185300827,-1.5995779037475586,0.0020435177721083164,271.77,0.056647446542418156,-1.7830208465018678,0.0,-87.60873762460449,6.385382575067595,19.99999997181558,0.1741976485747752,-0.6212623753955313,5.278711045149121,1.5950650468838052,14.0,0.0,0.12153857484885201,"[20.0, 20.0, 13.306924313139977, 13.528950931390137, 13.865830260692558, 14.33177383442027, 14.947839015541216, 15.744454446291341, 16.765536303086506, 18.07534898290907, 19.770380579873112, 20.0, 20.0, 20.0, 20.0, 20.0, 20.0, 20.0, 20.0, 20.0, 20.0, 20.0, 20.0, 20.0, 20.0, 20.0, 20.0, 20.0, 20.0, 20.0, 20.0, 20.0, 20.0, 20.0, 20.0, 20.0, 20.0, 20.0, 20.0, 20.0, 20.0, 20.0, 20.0, 20.0, 20.0, 20.0, 20.0, 20.0, 20.0, 20.0, 20.0, 20.0, 20.0, 20.0, 20.0, 20.0, 20.0, 20.0, 20.0, 20.0, 6.943866092667857, 6.455997272416676, 6.385382575067595, 6.618424383171713, 20.0, 20.0, 20.0, 20.0, 20.0, 20.0, 14.577482150827176, 14.260334108278064]",-0.01713601472120274,0.0016879458200094177,0.8701,-3.6497,0.8237,2.2923,7.9956,-0.1649,0.0162,-9.8149,15.3,,50.0,,,,0.2926,-1.2727,1.3059,102.95,14.94,1.22388,1.6026,266.49,21.362,1,81.08,76.925,1,3,10,0.7,9.796,0,0.9496,0,0
1790659330.6571953,47.3979637,8.5464425,9.552000045776367,-0.06079650670289993,-1.6795481443405151,0.0013521576765924692,272.89,0.08889954325791682,-1.7851633172518713,0.0,-87.59844288034128,6.582680431692699,19.99999997970722,0.1462291147214844,0.4884428803412675,4.963095087314749,1.6761728967286365,14.0,0.0,0.08043058223128977,"[15.280185467584655, 20.0, 14.627095939265807, 13.799977694479779, 14.117707796859518, 14.56386542789187, 15.158271267354035, 15.929654351134097, 16.919427240417473, 18.18793744129757, 19.825184304235407, 20.0, 20.0, 20.0, 20.0, 20.0, 20.0, 20.0, 20.0, 20.0, 20.0, 20.0, 20.0, 20.0, 20.0, 20.0, 20.0, 20.0, 20.0, 20.0, 20.0, 20.0, 20.0, 20.0, 20.0, 20.0, 20.0, 20.0, 20.0, 20.0, 20.0, 20.0, 20.0, 20.0, 20.0, 20.0, 20.0, 20.0, 20.0, 20.0, 20.0, 20.0, 20.0, 20.0, 20.0, 20.0, 20.0, 20.0, 20.0, 20.0, 20.0, 6.8745997983741605, 6.582680431692699, 6.625531160517275, 7.0741631347274705, 20.0, 20.0, 20.0, 20.0, 20.0, 15.374384339020239, 14.545411772236575]",-0.01713601472120274,0.0016879458200094177,0.9573,-3.3183,0.4901,1.7196,3.9836,-0.1812,0.0088,-9.7906,15.3,,50.0,,,,0.2304,-1.2288,1.2503,100.62,14.94,1.22388,1.6806,267.93,21.04,1,81.28,77.248,1,3,10,0.7,9.787,0,1.0555,0,0
1790659330.8572066,47.3979636,8.5464381,9.553000450134277,-0.019513115286827087,-1.742567539215088,0.0019931660499423742,273.3,0.10007493290618312,-1.774041390862614,0.0,-87.59150692013895,6.7788055638642035,19.9999999853892,0.12633867691331896,0.8915069201389656,3.9415661940085207,1.7406001601988552,14.0,0.0,0.02896696381123722,"[15.418860064145388, 20.0, 15.564417037491262, 14.118838832411228, 14.43429144605987, 14.879996103637508, 15.475634461572838, 16.249774939526223, 17.243588207558798, 18.516986369315983, 20.0, 20.0, 20.0, 20.0, 20.0, 20.0, 20.0, 20.0, 20.0, 20.0, 20.0, 20.0, 20.0, 20.0, 20.0, 20.0, 20.0, 20.0, 20.0, 20.0, 20.0, 20.0, 20.0, 20.0, 20.0, 20.0, 20.0, 20.0, 20.0, 20.0, 20.0, 20.0, 20.0, 20.0, 20.0, 20.0, 20.0, 20.0, 20.0, 20.0, 20.0, 20.0, 20.0, 20.0, 20.0, 20.0, 20.0, 20.0, 20.0, 20.0, 20.0, 7.526529337718677, 6.877195698941015, 6.7788055638642035, 7.018312224872616, 20.0, 20.0, 20.0, 20.0, 20.0, 20.0, 14.884933876334728]",-0.01713601472120274,0.0016879458200094177,1.0196,-2.8942,0.1784,2.2547,0.4661,-0.1855,-0.0021,-9.8099,15.3,,50.0,,,,0.1365,-1.1914,1.1992,96.54,14.94,1.22388,1.7427,269.36,20.708,1,81.48,77.581,1,3,10,0.7,9.82,0,1.1431,0,0
1790659331.0579762,47.3979637,8.5464336,9.553000450134277,0.022280100733041763,-1.785456895828247,0.0027082457672804594,273.14,0.09575183718210058,-1.778536961816263,0.0,-87.5889393828337,7.003386988429051,19.999999989480223,0.11482457936512866,0.728939382833687,2.425062838595015,1.7850110685765943,14.0,0.0,0.011620705810020514,"[15.793263800500128, 20.0, 15.176014369490849, 14.473881876926264, 14.801110128720842, 15.262318978297248, 15.87792232753308, 16.677534279960778, 17.70383610819675, 19.018971090025463, 20.0, 20.0, 20.0, 20.0, 20.0, 20.0, 20.0, 20.0, 20.0, 20.0, 20.0, 20.0, 20.0, 20.0, 20.0, 20.0, 20.0, 20.0, 20.0, 20.0, 20.0, 20.0, 20.0, 20.0, 20.0, 20.0, 20.0, 20.0, 20.0, 20.0, 20.0, 20.0, 20.0, 20.0, 20.0, 20.0, 20.0, 20.0, 20.0, 20.0, 20.0, 20.0, 20.0, 20.0, 20.0, 20.0, 20.0, 20.0, 20.0, 20.0, 20.0, 20.0, 7.229498932479301, 7.003386988429051, 7.133392083270451, 8.040753602321155, 20.0, 20.0, 20.0, 20.0, 20.0, 15.22172872045354]",-0.01713601472120274,0.0016879458200094177,0.9844,-2.3982,-0.6509,2.2158,-1.5782,-0.1869,0.0054,-9.8051,15.3,,50.0,,,,0.3801,-1.2672,1.323,106.7,14.94,1.22388,1.7856,270.71,20.369,1,81.69,77.921,1,3,10,0.7,9.806,0,1.1241,0,0
1790659331.2587652,47.3979638,8.546429,9.554000854492188,0.05792047083377838,-1.8117406368255615,0.003232532413676381,272.71,0.08398988843714707,-1.7902941508807972,0.0,-87.58992594854436,7.26766580077056,19.99999999242576,0.10922489238293641,0.29992594854434174,0.8789053276044497,1.8126303592540751,14.0,0.0,0.030953271168360573,"[16.308659519276546, 20.0, 14.628065376823944, 14.850145579903963, 15.196510415833517, 15.681615005932288, 16.327068228174404, 17.164173067335426, 18.238058918702702, 19.614531188568424, 20.0, 20.0, 20.0, 20.0, 20.0, 20.0, 20.0, 20.0, 20.0, 20.0, 20.0, 20.0, 20.0, 20.0, 20.0, 20.0, 20.0, 20.0, 20.0, 20.0, 20.0, 20.0, 20.0, 20.0, 20.0, 20.0, 20.0, 20.0, 20.0, 20.0, 20.0, 20.0, 20.0, 20.0, 20.0, 20.0, 20.0, 20.0, 20.0, 20.0, 20.0, 20.0, 20.0, 20.0, 20.0, 20.0, 20.0, 20.0, 20.0, 20.0, 20.0, 20.0, 7.637345073806763, 7.26766580077056, 7.3156733427205465, 7.894676199849053, 20.0, 20.0, 20.0, 20.0, 20.0, 15.55737019952782]",-0.01713601472120274,0.0016879458200094177,0.8011,-2.048,-1.2048,1.2627,-2.2372,-0.1972,-0.0029,-9.7997,15.3,,50.0,,,,0.3353,-1.3465,1.3877,103.98,14.94,1.22388,1.8127,271.83,20.024,1,81.89,78.266,1,3,10,0.7,9.825,0,1.1188,0,0
1790659331.459304,47.3979639,8.5464244,9.554000854492188,0.08088640868663788,-1.8287360668182373,0.003386432072147727,272.27,0.07150036329333491,-1.7950271648138831,0.0,-87.59216934263446,7.530169476660228,19.99999999454655,0.1056084023066332,-0.137830657365555,-0.2625858908856055,1.8304925563239762,14.0,0.0,0.03192528430236755,"[16.940444618058397, 20.0, 14.995468527616904, 15.233657313832326, 15.60017811300115, 16.110403258821904, 16.787212823128183, 17.663709382789037, 18.78763770380243, 20.0, 20.0, 20.0, 20.0, 20.0, 20.0, 20.0, 20.0, 20.0, 20.0, 20.0, 20.0, 20.0, 20.0, 20.0, 20.0, 20.0, 20.0, 20.0, 20.0, 20.0, 20.0, 20.0, 20.0, 20.0, 20.0, 20.0, 20.0, 20.0, 20.0, 20.0, 20.0, 20.0, 20.0, 20.0, 20.0, 20.0, 20.0, 20.0, 20.0, 20.0, 20.0, 20.0, 20.0, 20.0, 20.0, 20.0, 20.0, 20.0, 20.0, 20.0, 20.0, 20.0, 8.159269324728964, 7.565323085832928, 7.530169476660228, 7.960262419443259, 20.0, 20.0, 20.0, 20.0, 16.979189191110983, 15.90225494549993]",-0.01713601472120274,0.0016879458200094177,0.5365,-1.8826,-1.249,0.549,-1.7515,-0.197,-0.0037,-9.8022,15.3,,50.0,,,,0.3665,-1.3571,1.4058,105.11,14.94,1.22388,1.8305,272.53,19.674,1,82.09,78.615,1,3,10,0.7,9.809,0,1.1276,0,0
1790659331.6599104,47.397963999999995,8.5464197,9.554000854492188,0.09315649420022964,-1.8422906398773193,0.003521623322740197,271.98,0.06287169590316583,-1.7879367880742645,0.0,-87.59574560861904,7.770274296355193,19.999999996073516,0.1037496382289287,-0.42425439138094134,-0.9147288299631091,1.8445075217433213,14.0,0.0,0.020748024045640853,"[20.0, 20.0, 15.362969970693499, 15.614127398679798, 15.997406670553536, 16.528936920369162, 17.232660706217928, 18.14319249268973, 19.31047531550124, 20.0, 20.0, 20.0, 20.0, 20.0, 20.0, 20.0, 20.0, 20.0, 20.0, 20.0, 20.0, 20.0, 20.0, 20.0, 20.0, 20.0, 20.0, 20.0, 20.0, 20.0, 20.0, 20.0, 20.0, 20.0, 20.0, 20.0, 20.0, 20.0, 20.0, 20.0, 20.0, 20.0, 20.0, 20.0, 20.0, 20.0, 20.0, 20.0, 20.0, 20.0, 20.0, 20.0, 20.0, 20.0, 20.0, 20.0, 20.0, 20.0, 20.0, 20.0, 20.0, 20.0, 20.0, 7.9091791864780925, 7.770274296355193, 8.076798627441093, 20.0, 20.0, 20.0, 20.0, 17.249366710004903, 16.255453854264275]",-0.01713601472120274,0.0016879458200094177,0.2928,-1.7745,-1.0962,0.4271,-0.6475,-0.2005,-0.0012,-9.8006,15.3,,50.0,,,,0.2986,-1.438,1.4687,101.73,14.94,1.22388,1.8446,272.89,19.32,1,82.29,78.969,1,3,10,0.7,9.842,0,1.1103,0,0
1790659331.8607652,47.397964099999996,8.5464149,9.553000450134277,0.09738896787166595,-1.8523157835006714,0.003871869994327426,271.92,0.06108801566309911,-1.7865676984423162,0.0,-87.6006533971098,8.041507293131763,19.99999999717293,0.10336722625203795,-0.47934660289018893,-1.0896616156853822,1.854685625936138,14.0,0.0,0.003980453271714486,"[20.0, 20.0, 15.725549908892846, 15.98414724833441, 16.378123174750367, 16.92406858472735, 17.646598388195606, 18.581294060383964, 19.779497948816854, 20.0, 20.0, 20.0, 20.0, 20.0, 20.0, 20.0, 20.0, 20.0, 20.0, 20.0, 20.0, 20.0, 20.0, 20.0, 20.0, 20.0, 20.0, 20.0, 20.0, 20.0, 20.0, 20.0, 20.0, 20.0, 20.0, 20.0, 20.0, 20.0, 20.0, 20.0, 20.0, 20.0, 20.0, 20.0, 20.0, 20.0, 20.0, 20.0, 20.0, 20.0, 20.0, 20.0, 20.0, 20.0, 20.0, 20.0, 20.0, 20.0, 20.0, 20.0, 20.0, 20.0, 20.0, 8.330428089222549, 8.041507293131763, 8.223864245902062, 20.0, 20.0, 20.0, 20.0, 17.732432016748678, 16.61106042504494]",-0.01713601472120274,0.0016879458200094177,0.1062,-1.6223,-0.7393,0.6578,0.2434,-0.2025,-0.0125,-9.8054,15.3,,50.0,,,,0.372,-1.3952,1.4439,104.93,14.94,1.22388,1.8549,273.01,18.963,1,82.49,79.326,1,3,10,0.7,9.854,0,1.1329,0,0
1790659332.0613918,47.3979643,8.5464102,9.554000854492188,0.0968061089515686,-1.8568031787872314,0.0033088484779000282,272.02,0.06404003688270646,-1.7892159331790543,0.0,-87.60664345379956,8.354363447412798,19.999999997964512,0.10397395959343564,-0.3733565462004549,-0.9644650381159076,1.859144190922537,14.0,0.0,0.007652808886327247,"[20.0, 20.0, 16.082909126512597, 16.344805545909132, 16.744921227553036, 17.300085972912427, 18.035291387517553, 18.986672046125488, 20.0, 20.0, 20.0, 20.0, 20.0, 20.0, 20.0, 20.0, 20.0, 20.0, 20.0, 20.0, 20.0, 20.0, 20.0, 20.0, 20.0, 20.0, 20.0, 20.0, 20.0, 20.0, 20.0, 20.0, 20.0, 20.0, 20.0, 20.0, 20.0, 20.0, 20.0, 20.0, 20.0, 20.0, 20.0, 20.0, 20.0, 20.0, 20.0, 20.0, 20.0, 20.0, 20.0, 20.0, 20.0, 20.0, 20.0, 20.0, 20.0, 20.0, 20.0, 20.0, 20.0, 20.0, 20.0, 8.892431682775811, 8.354363447412798, 8.408391975077448, 9.354475281901685, 20.0, 20.0, 20.0, 20.0, 16.96761991141266]",-0.01713601472120274,0.0016879458200094177,0.0013,-1.4983,-0.3523,0.3263,0.7276,-0.1973,-0.0016,-9.8074,15.3,,50.0,,,,0.2787,-1.3811,1.4089,101.41,14.94,1.22388,1.8593,272.98,18.605,1,82.69,79.684,1,3,10,0.7,9.85,0,1.1549,0,0
1790659332.2625482,47.3979644,8.5464054,9.555000305175781,0.09459807723760605,-1.8582104444503784,0.0026946815196424723,272.18,0.06878576010091944,-1.7933442146047107,0.0,-87.6128994287485,8.634519976295548,19.99999999853445,0.10456362843824435,-0.2071005712514875,-0.7343069167381738,1.8604631461516883,14.0,0.0,0.012046442558233842,"[18.48696078612107, 20.0, 16.438662368427877, 16.70214113397509, 17.10651514869444, 17.668761876567487, 18.414129121255492, 19.37913646682417, 20.0, 20.0, 20.0, 20.0, 20.0, 20.0, 20.0, 20.0, 20.0, 20.0, 20.0, 20.0, 20.0, 20.0, 20.0, 20.0, 20.0, 20.0, 20.0, 20.0, 20.0, 20.0, 20.0, 20.0, 20.0, 20.0, 20.0, 20.0, 20.0, 20.0, 20.0, 20.0, 20.0, 20.0, 20.0, 20.0, 20.0, 20.0, 20.0, 20.0, 20.0, 20.0, 20.0, 20.0, 20.0, 20.0, 20.0, 20.0, 20.0, 20.0, 20.0, 20.0, 20.0, 20.0, 20.0, 20.0, 8.719113984716085, 8.634519976295548, 9.16585035714547, 20.0, 20.0, 20.0, 20.0, 17.328171273422214]",-0.01713601472120274,0.0016879458200094177,-0.0248,-1.4471,0.0083,0.1091,0.8376,-0.2044,-0.0104,-9.8145,15.3,,50.0,,,,0.3129,-1.3354,1.3716,103.19,14.94,1.22388,1.8606,272.91,18.246,1,82.89,80.043,1,3,10,0.7,9.81,0,1.1748,0,0
1790659332.4629772,47.397964599999995,8.5464006,9.557000160217285,0.09343484044075012,-1.8594141006469727,0.002301954198628664,272.32,0.07295360546118876,-1.7969666872282075,0.0,-87.61964294327993,8.902615421229394,19.9999999989448,0.10531830586461999,-0.06035705672007907,-0.5566711997411502,1.861618436161663,14.0,0.0,0.010686888269244387,"[18.700172723666846, 20.0, 16.797052461549633, 17.062515217393866, 17.471608226691107, 18.041479561341706, 18.79766443980706, 19.777111823685342, 20.0, 20.0, 20.0, 20.0, 20.0, 20.0, 20.0, 20.0, 20.0, 20.0, 20.0, 20.0, 20.0, 20.0, 20.0, 20.0, 20.0, 20.0, 20.0, 20.0, 20.0, 20.0, 20.0, 20.0, 20.0, 20.0, 20.0, 20.0, 20.0, 20.0, 20.0, 20.0, 20.0, 20.0, 20.0, 20.0, 20.0, 20.0, 20.0, 20.0, 20.0, 20.0, 20.0, 20.0, 20.0, 20.0, 20.0, 20.0, 20.0, 20.0, 20.0, 20.0, 20.0, 20.0, 20.0, 20.0, 9.148230673617471, 8.902615421229394, 9.23909025367581, 20.0, 20.0, 20.0, 20.0, 17.694039197821954]",-0.01713601472120274,0.0016879458200094177,-0.0072,-1.4366,0.1501,-0.0112,0.5924,-0.1977,-0.001,-9.8004,15.3,,50.0,,,,0.3401,-1.2942,1.3381,104.72,14.94,1.22388,1.8618,272.88,17.885,1,83.09,80.404,1,3,10,0.7,9.829,0,1.1927,0,0
1790659332.6631634,47.397964699999996,8.546395799999999,9.556000709533691,0.09078393131494522,-1.8610717058181763,0.0025675613433122635,272.41,0.07556794218892512,-1.7975376328176633,0.0,-87.62400159837523,9.207122438591657,19.999999999240256,0.10358584391665329,0.03400159837525507,-0.38270069691135616,1.863174174030225,14.0,0.0,0.006913358026162426,"[18.981478282008524, 20.0, 17.158513073184675, 17.427221286621975, 17.8424315767958, 18.421530643542656, 19.190431555090804, 20.0, 20.0, 20.0, 20.0, 20.0, 20.0, 20.0, 20.0, 20.0, 20.0, 20.0, 20.0, 20.0, 20.0, 20.0, 20.0, 20.0, 20.0, 20.0, 20.0, 20.0, 20.0, 20.0, 20.0, 20.0, 20.0, 20.0, 20.0, 20.0, 20.0, 20.0, 20.0, 20.0, 20.0, 20.0, 20.0, 20.0, 20.0, 20.0, 20.0, 20.0, 20.0, 20.0, 20.0, 20.0, 20.0, 20.0, 20.0, 20.0, 20.0, 20.0, 20.0, 20.0, 20.0, 20.0, 20.0, 20.0, 9.667372322885814, 9.207122438591657, 9.396802056029507, 20.0, 20.0, 20.0, 20.0, 18.06244963512497]",-0.01713601472120274,0.0016879458200094177,0.0288,-1.431,0.2353,-0.0734,0.2794,-0.208,-0.0022,-9.8096,15.3,,50.0,,,,0.4187,-1.362,1.4249,107.09,14.94,1.22388,1.8633,272.79,17.523,1,83.29,80.766,1,3,10,0.7,9.849,0,1.1509,0,0
1790659332.863434,47.3979648,8.546391,9.557000160217285,0.08829621225595474,-1.8631916046142578,0.0022739239502698183,272.43,0.07611552736374763,-1.7969428320033694,0.0,-87.62619316278392,9.545600429433732,19.999999999452985,0.09993712780650946,0.056193162783927164,-0.28320364538988424,1.8651999805724775,14.0,0.0,0.0016256682339832577,"[19.320917088427535, 20.0, 17.523717931482576, 17.79758570296812, 18.221024257295475, 18.811760833685963, 19.596221198698107, 20.0, 20.0, 20.0, 20.0, 20.0, 20.0, 20.0, 20.0, 20.0, 20.0, 20.0, 20.0, 20.0, 20.0, 20.0, 20.0, 20.0, 20.0, 20.0, 20.0, 20.0, 20.0, 20.0, 20.0, 20.0, 20.0, 20.0, 20.0, 20.0, 20.0, 20.0, 20.0, 20.0, 20.0, 20.0, 20.0, 20.0, 20.0, 20.0, 20.0, 20.0, 20.0, 20.0, 20.0, 20.0, 20.0, 20.0, 20.0, 20.0, 20.0, 20.0, 20.0, 20.0, 20.0, 20.0, 20.0, 20.0, 10.397332144257893, 9.545600429433732, 9.606923013879486, 20.0, 20.0, 20.0, 20.0, 18.43049057938004]",-0.01713601472120274,0.0016879458200094177,0.0848,-1.4077,0.336,0.1244,-0.0564,-0.2075,-0.0009,-9.8094,15.3,,50.0,,,,0.425,-1.4162,1.4786,106.71,14.94,1.22388,1.8653,272.71,17.16,1,83.49,81.129,1,3,10,0.7,9.802,0,1.126,0,0
1790659333.0640588,47.3979649,8.5463861,9.555000305175781,0.08871136605739594,-1.8658108711242676,0.0025972584262490273,272.39,0.07499480478417954,-1.7979521750570855,0.0,-87.62883564241082,9.856514828121256,19.99999999960615,0.0967819746219839,0.018835642410806486,-0.3321204943721716,1.867834250262888,14.0,0.0,0.002725639460930789,"[19.71333422028036, 20.0, 17.89457843789441, 18.175385297295822, 18.60902947818972, 19.21367370720202, 20.0, 20.0, 20.0, 20.0, 20.0, 20.0, 20.0, 20.0, 20.0, 20.0, 20.0, 20.0, 20.0, 20.0, 20.0, 20.0, 20.0, 20.0, 20.0, 20.0, 20.0, 20.0, 20.0, 20.0, 20.0, 20.0, 20.0, 20.0, 20.0, 20.0, 20.0, 20.0, 20.0, 20.0, 20.0, 20.0, 20.0, 20.0, 20.0, 20.0, 20.0, 20.0, 20.0, 20.0, 20.0, 20.0, 20.0, 20.0, 20.0, 20.0, 20.0, 20.0, 20.0, 20.0, 20.0, 20.0, 20.0, 20.0, 20.0, 9.920343275857979, 9.856514828121256, 10.865728044025255, 20.0, 20.0, 20.0, 18.799002127894866]",-0.01713601472120274,0.0016879458200094177,0.12,-1.3628,0.0752,0.2424,-0.2267,-0.2128,0.0024,-9.8065,15.3,,50.0,,,,0.3205,-1.4606,1.4953,102.38,14.94,1.22388,1.8679,272.72,16.794,1,83.69,81.495,1,3,10,0.7,9.82,0,1.1202,0,0
1790659333.2649248,47.397965,8.546381199999999,9.554000854492188,0.09102104604244232,-1.8675272464752197,0.0025309270713478327,272.35,0.07383031586988838,-1.798068248824386,0.0,-87.63380090540528,10.135100540865688,19.99999999971643,0.0955184976499891,-0.016199094594696817,-0.4403197736908833,1.8696362947869456,14.0,0.0,0.002562293943062891,"[20.0, 20.0, 18.267385524106196, 18.555209888749616, 18.999159292854078, 19.617836537890526, 20.0, 20.0, 20.0, 20.0, 20.0, 20.0, 20.0, 20.0, 20.0, 20.0, 20.0, 20.0, 20.0, 20.0, 20.0, 20.0, 20.0, 20.0, 20.0, 20.0, 20.0, 20.0, 20.0, 20.0, 20.0, 20.0, 20.0, 20.0, 20.0, 20.0, 20.0, 20.0, 20.0, 20.0, 20.0, 20.0, 20.0, 20.0, 20.0, 20.0, 20.0, 20.0, 20.0, 20.0, 20.0, 20.0, 20.0, 20.0, 20.0, 20.0, 20.0, 20.0, 20.0, 20.0, 20.0, 20.0, 20.0, 20.0, 20.0, 10.338383977718879, 10.135100540865688, 10.77797205302305, 20.0, 20.0, 20.0, 19.169465905747536]",-0.01713601472120274,0.0016879458200094177,0.1139,-1.3158,-0.1674,0.1697,-0.1817,-0.2099,-0.0014,-9.806,15.3,,50.0,,,,0.2052,-1.3282,1.3439,98.78,14.94,1.22388,1.8697,272.79,16.426,1,83.89,81.863,1,3,10,0.7,9.817,0,1.1978,0,0
1790659333.4657195,47.397965199999994,8.5463763,9.555000305175781,0.09241615235805511,-1.8675119876861572,0.0015094242990016937,272.31,0.07262396250314317,-1.7972607572985155,0.0,-87.6405381697706,10.438207490744288,19.99999999979583,0.09547494447723526,-0.04946183022940431,-0.5230417853366838,1.8696714933028349,14.0,0.0,0.0024291938634539907,"[20.0, 20.0, 18.64046197900327, 18.93535612937455, 19.389669927510095, 20.0, 20.0, 20.0, 20.0, 20.0, 20.0, 20.0, 20.0, 20.0, 20.0, 20.0, 20.0, 20.0, 20.0, 20.0, 20.0, 20.0, 20.0, 20.0, 20.0, 20.0, 20.0, 20.0, 20.0, 20.0, 20.0, 20.0, 20.0, 20.0, 20.0, 20.0, 20.0, 20.0, 20.0, 20.0, 20.0, 20.0, 20.0, 20.0, 20.0, 20.0, 20.0, 20.0, 20.0, 20.0, 20.0, 20.0, 20.0, 20.0, 20.0, 20.0, 20.0, 20.0, 20.0, 20.0, 20.0, 20.0, 20.0, 20.0, 20.0, 10.811350196343223, 10.438207490744288, 10.89453209185237, 20.0, 20.0, 20.0, 19.540165184647233]",-0.01713601472120274,0.0016879458200094177,0.0827,-1.2792,-0.1824,0.0981,-0.0809,-0.2086,-0.0046,-9.8058,15.3,,50.0,,,,0.0892,-1.2419,1.2451,94.11,14.94,1.22388,1.8698,272.83,16.057,1,84.09,82.232,1,3,10,0.7,9.832,0,1.2472,0,0
1790659333.6657052,47.397965299999996,8.5463715,9.557000160217285,0.09152429550886154,-1.8654556274414062,0.0008352551376447082,272.3,0.07231615939559044,-1.7971704426719377,0.0,-87.64655084285624,10.762565210183585,19.999999999852996,0.09474421326978721,-0.05344915714374565,-0.5088335012647012,1.867581195180506,14.0,0.0,0.0002919445694527228,"[20.0, 20.0, 19.01069192616272, 19.311747011623346, 19.775415175799434, 20.0, 20.0, 20.0, 20.0, 20.0, 20.0, 20.0, 20.0, 20.0, 20.0, 20.0, 20.0, 20.0, 20.0, 20.0, 20.0, 20.0, 20.0, 20.0, 20.0, 20.0, 20.0, 20.0, 20.0, 20.0, 20.0, 20.0, 20.0, 20.0, 20.0, 20.0, 20.0, 20.0, 20.0, 20.0, 20.0, 20.0, 20.0, 20.0, 20.0, 20.0, 20.0, 20.0, 20.0, 20.0, 20.0, 20.0, 20.0, 20.0, 20.0, 20.0, 20.0, 20.0, 20.0, 20.0, 20.0, 20.0, 20.0, 20.0, 20.0, 11.384030213225529, 10.762565210183585, 11.069112587585126, 20.0, 20.0, 20.0, 19.911817185886665]",-0.01713601472120274,0.0016879458200094177,0.0609,-1.2541,-0.015,0.0394,0.0012,-0.2162,-0.0053,-9.8036,15.3,,50.0,,,,0.1575,-1.207,1.2172,97.43,14.94,1.22388,1.8677,272.81,15.691,1,84.29,82.599,1,3,10,0.7,9.78,0,1.2591,0,0
1790659333.8658097,47.3979655,8.546366599999999,9.559000015258789,0.0901525691151619,-1.8621759414672852,0.0006652131560258567,272.31,0.0726047343359744,-1.7975982932901826,0.0,-87.65361180797782,11.110701090846142,19.999999999894158,0.09458991045265602,-0.036388192022172916,-0.46166716723046514,1.864249709373575,14.0,0.0,0.0012497359333963594,"[20.0, 20.0, 19.378564438066974, 19.685135450191883, 20.0, 20.0, 20.0, 20.0, 20.0, 20.0, 20.0, 20.0, 20.0, 20.0, 20.0, 20.0, 20.0, 20.0, 20.0, 20.0, 20.0, 20.0, 20.0, 20.0, 20.0, 20.0, 20.0, 20.0, 20.0, 20.0, 20.0, 20.0, 20.0, 20.0, 20.0, 20.0, 20.0, 20.0, 20.0, 20.0, 20.0, 20.0, 20.0, 20.0, 20.0, 20.0, 20.0, 20.0, 20.0, 20.0, 20.0, 20.0, 20.0, 20.0, 20.0, 20.0, 20.0, 20.0, 20.0, 20.0, 20.0, 20.0, 20.0, 20.0, 20.0, 20.0, 11.110701090846142, 11.281816140831369, 20.0, 20.0, 20.0, 20.0]",-0.01713601472120274,0.0016879458200094177,0.0564,-1.2468,-0.0104,-0.0276,0.0135,-0.2128,-0.004,-9.802,15.3,,50.0,,,,0.1683,-1.2983,1.3092,97.38,14.94,1.22388,1.8644,272.77,15.325,1,84.49,82.964,1,3,10,0.7,9.797,0,1.2098,0,0
1790659334.065881,47.3979656,8.5463618,9.559000015258789,0.09028854966163635,-1.8592711687088013,0.0012412024661898613,272.31,0.07259014478253376,-1.797854152253376,0.0,-87.66352428538517,11.4849119861928,19.999999999923794,0.09603095035972409,-0.02647571461483267,-0.4701711923410709,1.8613475478338037,14.0,0.0,0.0007266744625345079,"[20.0, 20.0, 19.74677362976332, 20.0, 20.0, 20.0, 20.0, 20.0, 20.0, 20.0, 20.0, 20.0, 20.0, 20.0, 20.0, 20.0, 20.0, 20.0, 20.0, 20.0, 20.0, 20.0, 20.0, 20.0, 20.0, 20.0, 20.0, 20.0, 20.0, 20.0, 20.0, 20.0, 20.0, 20.0, 20.0, 20.0, 20.0, 20.0, 20.0, 20.0, 20.0, 20.0, 20.0, 20.0, 20.0, 20.0, 20.0, 20.0, 20.0, 20.0, 20.0, 20.0, 20.0, 20.0, 20.0, 20.0, 20.0, 20.0, 20.0, 20.0, 20.0, 20.0, 20.0, 20.0, 20.0, 20.0, 11.4849119861928, 11.52712128298216, 20.0, 20.0, 20.0, 20.0]",-0.01713601472120274,0.0016879458200094177,0.0537,-1.2503,-0.0149,-0.0571,0.0648,-0.2017,0.0009,-9.8097,15.3,,50.0,,,,0.1914,-1.2448,1.2594,98.74,14.94,1.22388,1.8615,272.78,14.96,1,84.69,83.329,1,3,10,0.7,9.783,0,1.2317,0,0
1790659334.266027,47.397965799999994,8.5463569,9.558000564575195,0.08912816643714905,-1.855797529220581,0.0015561239561066031,272.33,0.07316546614077261,-1.7984149214074538,0.0,-87.67378713442281,11.793103798249653,19.999999999945132,0.09734104854095549,0.0037871344227937698,-0.41962478524106955,1.857828461707349,14.0,0.0,0.0022197699687780273,"[20.0, 20.0, 20.0, 20.0, 20.0, 20.0, 20.0, 20.0, 20.0, 20.0, 20.0, 20.0, 20.0, 20.0, 20.0, 20.0, 20.0, 20.0, 20.0, 20.0, 20.0, 20.0, 20.0, 20.0, 20.0, 20.0, 20.0, 20.0, 20.0, 20.0, 20.0, 20.0, 20.0, 20.0, 20.0, 20.0, 20.0, 20.0, 20.0, 20.0, 20.0, 20.0, 20.0, 20.0, 20.0, 20.0, 20.0, 20.0, 20.0, 20.0, 20.0, 20.0, 20.0, 20.0, 20.0, 20.0, 20.0, 20.0, 20.0, 20.0, 20.0, 20.0, 20.0, 20.0, 20.0, 20.0, 11.889240843845073, 11.793103798249653, 20.0, 20.0, 20.0, 20.0]",-0.01713601472120274,0.0016879458200094177,0.0445,-1.2553,0.0461,-0.0835,0.0071,-0.2126,-0.0003,-9.8122,15.3,,50.0,,,,0.0585,-1.2627,1.2641,92.65,14.94,1.22388,1.8579,272.75,14.596,1,84.89,83.693,1,3,10,0.7,9.821,0,1.2259,0,0
1790659334.4673636,47.397965899999996,8.5463521,9.557000160217285,0.08574186265468597,-1.8527307510375977,0.0014065756695345044,272.34000000000003,0.07342693317423127,-1.7980253203416487,0.0,-87.67850812590507,12.078293889564055,19.999999999960494,0.09516213938712886,0.018508125905100314,-0.3096803140506045,1.8546377501517504,14.0,0.0,0.0010751046914337613,"[20.0, 20.0, 20.0, 20.0, 20.0, 20.0, 20.0, 20.0, 20.0, 20.0, 20.0, 20.0, 20.0, 20.0, 20.0, 20.0, 20.0, 20.0, 20.0, 20.0, 20.0, 20.0, 20.0, 20.0, 20.0, 20.0, 20.0, 20.0, 20.0, 20.0, 20.0, 20.0, 20.0, 20.0, 20.0, 20.0, 20.0, 20.0, 20.0, 20.0, 20.0, 20.0, 20.0, 20.0, 20.0, 20.0, 20.0, 20.0, 20.0, 20.0, 20.0, 20.0, 20.0, 20.0, 20.0, 20.0, 20.0, 20.0, 20.0, 20.0, 20.0, 20.0, 20.0, 20.0, 20.0, 20.0, 12.330815480124846, 12.078293889564055, 20.0, 20.0, 20.0, 20.0]",-0.01713601472120274,0.0016879458200094177,0.0583,-1.2703,0.1657,-0.1346,-0.0537,-0.1974,-0.0076,-9.8162,15.3,,50.0,,,,0.0261,-1.3396,1.3399,91.12,14.94,1.22388,1.8547,272.65,14.232,1,85.09,84.057,1,3,10,0.7,9.824,0,1.1848,0,0
1790659334.6675334,47.397966,8.5463472,9.556000709533691,0.08327798545360565,-1.8530027866363525,0.001244032639078796,272.34000000000003,0.07341439142542429,-1.7979351295005914,0.0,-87.68203101470056,12.385445481214692,19.999999999971557,0.09228478201902185,0.022031014700587548,-0.2332656955268354,1.8548185287003363,14.0,0.0,0.00025739580182993226,"[20.0, 20.0, 20.0, 20.0, 20.0, 20.0, 20.0, 20.0, 20.0, 20.0, 20.0, 20.0, 20.0, 20.0, 20.0, 20.0, 20.0, 20.0, 20.0, 20.0, 20.0, 20.0, 20.0, 20.0, 20.0, 20.0, 20.0, 20.0, 20.0, 20.0, 20.0, 20.0, 20.0, 20.0, 20.0, 20.0, 20.0, 20.0, 20.0, 20.0, 20.0, 20.0, 20.0, 20.0, 20.0, 20.0, 20.0, 20.0, 20.0, 20.0, 20.0, 20.0, 20.0, 20.0, 20.0, 20.0, 20.0, 20.0, 20.0, 20.0, 20.0, 20.0, 20.0, 20.0, 20.0, 20.0, 12.829824566168108, 12.385445481214692, 13.339341875578475, 20.0, 20.0, 20.0]",-0.01713601472120274,0.0016879458200094177,0.0866,-1.263,0.1247,0.1201,-0.0686,-0.2066,0.0005,-9.8108,15.3,,50.0,,,,0.152,-1.5133,1.5209,95.74,14.94,1.22388,1.8549,272.57,13.864,1,85.29,84.425,1,3,10,0.7,9.811,0,1.0944,0,0
1790659334.8679564,47.3979661,8.5463423,9.556000709533691,0.08286111056804657,-1.8548513650894165,0.0014060928951948881,272.33,0.07312155524381096,-1.7980988581181603,0.0,-87.68613512479249,12.714154016137053,19.999999999979522,0.08971639275362259,0.016135124792469924,-0.22785321538054673,1.8566505547536818,14.0,0.0,0.0004315345073091357,"[20.0, 20.0, 20.0, 20.0, 20.0, 20.0, 20.0, 20.0, 20.0, 20.0, 20.0, 20.0, 20.0, 20.0, 20.0, 20.0, 20.0, 20.0, 20.0, 20.0, 20.0, 20.0, 20.0, 20.0, 20.0, 20.0, 20.0, 20.0, 20.0, 20.0, 20.0, 20.0, 20.0, 20.0, 20.0, 20.0, 20.0, 20.0, 20.0, 20.0, 20.0, 20.0, 20.0, 20.0, 20.0, 20.0, 20.0, 20.0, 20.0, 20.0, 20.0, 20.0, 20.0, 20.0, 20.0, 20.0, 20.0, 20.0, 20.0, 20.0, 20.0, 20.0, 20.0, 20.0, 20.0, 20.0, 13.432060261500892, 12.714154016137053, 13.376617548715933, 20.0, 20.0, 20.0]",-0.01713601472120274,0.0016879458200094177,0.1043,-1.2293,0.0862,0.1961,-0.0716,-0.2115,-0.0011,-9.8053,15.3,,50.0,,,,0.268,-1.5154,1.5389,100.03,14.94,1.22388,1.8567,272.56,13.493,1,85.5,84.796,1,3,10,0.7,9.872,0,1.0872,0,0
1790659335.0691411,47.3979663,8.546337399999999,9.556000709533691,0.0846799686551094,-1.8546086549758911,0.0015669934218749404,272.31,0.0725352144958363,-1.7984224444655508,0.0,-87.69448677825596,13.061101715898735,19.999999999985256,0.08923039765132851,0.004486778255966328,-0.3042644106504517,1.8564737371086308,14.0,0.0,0.0008504236699230259,"[20.0, 20.0, 20.0, 20.0, 20.0, 20.0, 20.0, 20.0, 20.0, 20.0, 20.0, 20.0, 20.0, 20.0, 20.0, 20.0, 20.0, 20.0, 20.0, 20.0, 20.0, 20.0, 20.0, 20.0, 20.0, 20.0, 20.0, 20.0, 20.0, 20.0, 20.0, 20.0, 20.0, 20.0, 20.0, 20.0, 20.0, 20.0, 20.0, 20.0, 20.0, 20.0, 20.0, 20.0, 20.0, 20.0, 20.0, 20.0, 20.0, 20.0, 20.0, 20.0, 20.0, 20.0, 20.0, 20.0, 20.0, 20.0, 20.0, 20.0, 20.0, 20.0, 20.0, 20.0, 20.0, 20.0, 20.0, 13.061101715898735, 13.542285646685901, 20.0, 20.0, 20.0]",-0.01713601472120274,0.0016879458200094177,0.098,-1.1951,-0.141,0.2054,-0.1128,-0.2196,-0.0073,-9.8125,15.3,,50.0,,,,0.224,-1.4626,1.4797,98.71,14.94,1.22388,1.8565,272.61,13.122,1,85.7,85.168,1,3,10,0.7,9.822,0,1.1167,0,0
1790659335.2701197,47.3979664,8.5463325,9.556000709533691,0.08786890655755997,-1.851142168045044,0.0012423904845491052,272.28000000000003,0.07162440475324465,-1.7983150267694217,0.0,-87.70992154774933,13.422007600288325,19.999999999989384,0.09186142923124319,-0.010078452250638748,-0.43764184583139815,1.8531209766530112,14.0,0.0,0.001063443877479874,"[20.0, 20.0, 20.0, 20.0, 20.0, 20.0, 20.0, 20.0, 20.0, 20.0, 20.0, 20.0, 20.0, 20.0, 20.0, 20.0, 20.0, 20.0, 20.0, 20.0, 20.0, 20.0, 20.0, 20.0, 20.0, 20.0, 20.0, 20.0, 20.0, 20.0, 20.0, 20.0, 20.0, 20.0, 20.0, 20.0, 20.0, 20.0, 20.0, 20.0, 20.0, 20.0, 20.0, 20.0, 20.0, 20.0, 20.0, 20.0, 20.0, 20.0, 20.0, 20.0, 20.0, 20.0, 20.0, 20.0, 20.0, 20.0, 20.0, 20.0, 20.0, 20.0, 20.0, 20.0, 20.0, 20.0, 20.0, 13.422007600288325, 13.760281908464021, 20.0, 20.0, 20.0]",-0.01713601472120274,0.0016879458200094177,0.0662,-1.1864,-0.2281,-0.056,-0.1037,-0.2166,-0.0082,-9.8062,15.3,,50.0,,,,0.2381,-1.6058,1.6233,98.44,14.94,1.22388,1.8532,272.72,12.753,1,85.9,85.536,1,3,10,0.7,9.801,0,1.0416,0,0
1790659335.470957,47.3979666,8.5463276,9.555000305175781,0.09010369330644608,-1.8479303121566772,0.0008077701204456389,272.26,0.07099631687928153,-1.7983460076491804,0.0,-87.73015755877077,13.798772127342781,19.999999999992358,0.09611268440506149,-0.00984244122923883,-0.5314883309306364,1.8499821003637569,14.0,0.0,1.7247419651062407e-05,"[20.0, 20.0, 20.0, 20.0, 20.0, 20.0, 20.0, 20.0, 20.0, 20.0, 20.0, 20.0, 20.0, 20.0, 20.0, 20.0, 20.0, 20.0, 20.0, 20.0, 20.0, 20.0, 20.0, 20.0, 20.0, 20.0, 20.0, 20.0, 20.0, 20.0, 20.0, 20.0, 20.0, 20.0, 20.0, 20.0, 20.0, 20.0, 20.0, 20.0, 20.0, 20.0, 20.0, 20.0, 20.0, 20.0, 20.0, 20.0, 20.0, 20.0, 20.0, 20.0, 20.0, 20.0, 20.0, 20.0, 20.0, 20.0, 20.0, 20.0, 20.0, 20.0, 20.0, 20.0, 20.0, 20.0, 20.0, 13.798772127342781, 14.004612141530222, 20.0, 20.0, 20.0]",-0.01713601472120274,0.0016879458200094177,0.0244,-1.1956,-0.2355,-0.039,0.0316,-0.2113,-0.0013,-9.7991,15.3,,50.0,,,,0.3205,-1.513,1.5466,101.96,14.94,1.22388,1.8501,272.79,12.386,1,86.1,85.903,1,3,10,0.7,9.795,0,1.0768,0,0
1790659335.6721406,47.3979668,8.5463227,9.555000305175781,0.0903337299823761,-1.8474258184432983,0.0007447013631463051,272.26,0.0709415087238896,-1.7983088822950832,0.0,-87.75136878809423,14.198164357595916,19.999999999994497,0.10006677759124488,0.011368788094216598,-0.539366770580404,1.8494741977566902,14.0,0.0,0.0015495564492274936,"[20.0, 20.0, 20.0, 20.0, 20.0, 20.0, 20.0, 20.0, 20.0, 20.0, 20.0, 20.0, 20.0, 20.0, 20.0, 20.0, 20.0, 20.0, 20.0, 20.0, 20.0, 20.0, 20.0, 20.0, 20.0, 20.0, 20.0, 20.0, 20.0, 20.0, 20.0, 20.0, 20.0, 20.0, 20.0, 20.0, 20.0, 20.0, 20.0, 20.0, 20.0, 20.0, 20.0, 20.0, 20.0, 20.0, 20.0, 20.0, 20.0, 20.0, 20.0, 20.0, 20.0, 20.0, 20.0, 20.0, 20.0, 20.0, 20.0, 20.0, 20.0, 20.0, 20.0, 20.0, 20.0, 20.0, 20.0, 14.198164357595916, 14.267241541560834, 20.0, 20.0, 20.0]",-0.01713601472120274,0.0016879458200094177,-0.0073,-1.1923,-0.0774,0.1178,-0.1384,-0.215,-0.0059,-9.8028,15.3,,50.0,,,,0.1621,-1.388,1.3974,96.66,14.94,1.22388,1.8496,272.8,12.017,1,86.3,86.272,1,3,10,0.7,9.797,0,1.1509,0,0
1790659335.8726633,47.3979669,8.546317799999999,9.554000854492188,0.08692615479230881,-1.847453236579895,0.0008910050964914262,272.26,0.07089879005265062,-1.7979985370748082,0.0,-87.76348938978754,14.545506328285962,19.99999999999604,0.09973907634256995,0.023489389787528125,-0.43388754426682363,1.8493755874422098,14.0,0.0,0.000885147297905659,"[20.0, 20.0, 20.0, 20.0, 20.0, 20.0, 20.0, 20.0, 20.0, 20.0, 20.0, 20.0, 20.0, 20.0, 20.0, 20.0, 20.0, 20.0, 20.0, 20.0, 20.0, 20.0, 20.0, 20.0, 20.0, 20.0, 20.0, 20.0, 20.0, 20.0, 20.0, 20.0, 20.0, 20.0, 20.0, 20.0, 20.0, 20.0, 20.0, 20.0, 20.0, 20.0, 20.0, 20.0, 20.0, 20.0, 20.0, 20.0, 20.0, 20.0, 20.0, 20.0, 20.0, 20.0, 20.0, 20.0, 20.0, 20.0, 20.0, 20.0, 20.0, 20.0, 20.0, 20.0, 20.0, 20.0, 20.0, 14.623309109548384, 14.545506328285962, 20.0, 20.0, 20.0]",-0.01713601472120274,0.0016879458200094177,-0.0064,-1.1755,0.1665,0.0984,0.0196,-0.2055,-0.0019,-9.8149,15.3,,50.0,,,,0.1637,-1.3333,1.3434,97.0,14.94,1.22388,1.8495,272.69,11.646,1,86.5,86.643,1,3,10,0.7,9.806,0,1.1778,0,0
1790659336.0733514,47.397967099999995,8.5463123,9.554000854492188,0.08136739581823349,-1.8462547063827515,0.00035379003384150565,272.27,0.07117202144629346,-1.79769160213862,0.0,-87.76498981437953,14.83521640118174,19.999999999997147,0.09519029024002101,0.03498981437951443,-0.2534836332766521,1.847982290323672,14.0,0.0,0.0008429031966192399,"[20.0, 20.0, 20.0, 20.0, 20.0, 20.0, 20.0, 20.0, 20.0, 20.0, 20.0, 20.0, 20.0, 20.0, 20.0, 20.0, 20.0, 20.0, 20.0, 20.0, 20.0, 20.0, 20.0, 20.0, 20.0, 20.0, 20.0, 20.0, 20.0, 20.0, 20.0, 20.0, 20.0, 20.0, 20.0, 20.0, 20.0, 20.0, 20.0, 20.0, 20.0, 20.0, 20.0, 20.0, 20.0, 20.0, 20.0, 20.0, 20.0, 20.0, 20.0, 20.0, 20.0, 20.0, 20.0, 20.0, 20.0, 20.0, 20.0, 20.0, 20.0, 20.0, 20.0, 20.0, 20.0, 20.0, 20.0, 15.081876812400136, 14.83521640118174, 20.0, 20.0, 20.0]",-0.01713601472120274,0.0016879458200094177,0.0295,-1.1557,0.3254,0.0628,-0.0056,-0.2088,-0.0085,-9.8031,15.3,,50.0,,,,0.1652,-1.4038,1.4135,96.71,14.94,1.22388,1.848,272.52,11.276,1,86.7,87.013,1,3,10,0.7,9.839,0,1.1413,0,0
1790659336.2740595,47.3979672,8.5463074,9.556000709533691,0.07993076741695404,-1.8434704542160034,-0.00030767350108362734,272.26,0.07087513984699075,-1.7978266638125502,0.0,-87.77020058042388,15.14046370035775,19.999999999997947,0.09215725008563058,0.030200580423866086,-0.22272432082776178,1.8451487652401417,14.0,0.0,0.0003496458066436257,"[20.0, 20.0, 20.0, 20.0, 20.0, 20.0, 20.0, 20.0, 20.0, 20.0, 20.0, 20.0, 20.0, 20.0, 20.0, 20.0, 20.0, 20.0, 20.0, 20.0, 20.0, 20.0, 20.0, 20.0, 20.0, 20.0, 20.0, 20.0, 20.0, 20.0, 20.0, 20.0, 20.0, 20.0, 20.0, 20.0, 20.0, 20.0, 20.0, 20.0, 20.0, 20.0, 20.0, 20.0, 20.0, 20.0, 20.0, 20.0, 20.0, 20.0, 20.0, 20.0, 20.0, 20.0, 20.0, 20.0, 20.0, 20.0, 20.0, 20.0, 20.0, 20.0, 20.0, 20.0, 20.0, 20.0, 20.0, 15.576310891547386, 15.14046370035775, 20.0, 20.0, 20.0]",-0.01713601472120274,0.0016879458200094177,0.0675,-1.1531,0.1249,0.0337,-0.1085,-0.2083,-0.0064,-9.796,15.3,,50.0,,,,0.1178,-1.4074,1.4123,94.79,14.94,1.22388,1.8452,272.48,10.909,1,86.9,87.381,1,3,10,0.7,9.803,0,1.139,0,0
1790659336.4746695,47.3979673,8.5463025,9.558000564575195,0.08120503276586533,-1.8403005599975586,-0.0004854895523749292,272.24,0.07027351663064466,-1.798040301672805,0.0,-87.78282065253131,15.458987869154237,19.999999999998522,0.0916495664250106,0.022820652531322594,-0.28659240281801857,1.8420232024227527,14.0,0.0,0.0005382819666750737,"[20.0, 20.0, 20.0, 20.0, 20.0, 20.0, 20.0, 20.0, 20.0, 20.0, 20.0, 20.0, 20.0, 20.0, 20.0, 20.0, 20.0, 20.0, 20.0, 20.0, 20.0, 20.0, 20.0, 20.0, 20.0, 20.0, 20.0, 20.0, 20.0, 20.0, 20.0, 20.0, 20.0, 20.0, 20.0, 20.0, 20.0, 20.0, 20.0, 20.0, 20.0, 20.0, 20.0, 20.0, 20.0, 20.0, 20.0, 20.0, 20.0, 20.0, 20.0, 20.0, 20.0, 20.0, 20.0, 20.0, 20.0, 20.0, 20.0, 20.0, 20.0, 20.0, 20.0, 20.0, 20.0, 20.0, 20.0, 16.133928409328394, 15.458987869154237, 20.0, 20.0, 20.0]",-0.01713601472120274,0.0016879458200094177,0.0659,-1.1585,-0.1157,-0.0205,-0.1297,-0.2067,-0.0029,-9.8064,15.3,,50.0,,,,0.2266,-1.3537,1.3726,99.5,14.94,1.22388,1.8421,272.53,10.542,1,87.1,87.747,1,3,10,0.7,9.811,0,1.1558,0,0
1790659336.675891,47.3979674,8.5462977,9.559000015258789,0.08083651959896088,-1.8367080688476562,0.00032368622487410903,272.22,0.06967457128874484,-1.7982742682839388,0.0,-87.79463779712535,15.786179501316699,19.999999999998934,0.09066988541673293,0.014637797125374163,-0.3000544670127091,1.8384171845869506,14.0,0.0,0.0005973701863989446,"[20.0, 20.0, 20.0, 20.0, 20.0, 20.0, 20.0, 20.0, 20.0, 20.0, 20.0, 20.0, 20.0, 20.0, 20.0, 20.0, 20.0, 20.0, 20.0, 20.0, 20.0, 20.0, 20.0, 20.0, 20.0, 20.0, 20.0, 20.0, 20.0, 20.0, 20.0, 20.0, 20.0, 20.0, 20.0, 20.0, 20.0, 20.0, 20.0, 20.0, 20.0, 20.0, 20.0, 20.0, 20.0, 20.0, 20.0, 20.0, 20.0, 20.0, 20.0, 20.0, 20.0, 20.0, 20.0, 20.0, 20.0, 20.0, 20.0, 20.0, 20.0, 20.0, 20.0, 20.0, 20.0, 20.0, 20.0, 16.920920368283902, 15.786179501316699, 20.0, 20.0, 20.0]",-0.01713601472120274,0.0016879458200094177,0.0489,-1.1742,-0.044,-0.1265,-0.1059,-0.2157,-0.0162,-9.8078,15.3,,50.0,,,,0.2574,-1.3644,1.3884,100.68,14.94,1.22388,1.8385,272.52,10.177,1,87.3,88.112,1,3,10,0.7,9.816,0,1.1443,0,0
1790659336.8767812,47.3979676,8.5462929,9.559000015258789,0.07998036593198776,-1.8337223529815674,0.0005890059983357787,272.21,0.06935468712667218,-1.7982423488615085,0.0,-87.80635814427336,16.122599773055406,19.999999999999233,0.0894733201197262,0.016358144273340258,-0.2874526770270168,1.8354006001943308,14.0,0.0,0.00012560911575340024,"[20.0, 20.0, 20.0, 20.0, 20.0, 20.0, 20.0, 20.0, 20.0, 20.0, 20.0, 20.0, 20.0, 20.0, 20.0, 20.0, 20.0, 20.0, 20.0, 20.0, 20.0, 20.0, 20.0, 20.0, 20.0, 20.0, 20.0, 20.0, 20.0, 20.0, 20.0, 20.0, 20.0, 20.0, 20.0, 20.0, 20.0, 20.0, 20.0, 20.0, 20.0, 20.0, 20.0, 20.0, 20.0, 20.0, 20.0, 20.0, 20.0, 20.0, 20.0, 20.0, 20.0, 20.0, 20.0, 20.0, 20.0, 20.0, 20.0, 20.0, 20.0, 20.0, 20.0, 20.0, 20.0, 20.0, 20.0, 20.0, 16.122599773055406, 20.0, 20.0, 20.0]",-0.01713601472120274,0.0016879458200094177,0.0445,-1.1909,-0.0435,-0.0199,-0.0618,-0.2089,-0.0115,-9.8111,15.3,,50.0,,,,0.2884,-1.4756,1.5035,101.06,14.94,1.22388,1.8355,272.5,9.814,1,87.5,88.476,1,3,10,0.7,9.808,0,1.0837,0,0
1790659337.0781655,47.397967699999995,8.5462881,9.559000015258789,0.07928906381130219,-1.831257700920105,0.00025642552645877004,272.2,0.06902461007192366,-1.7981356386619771,0.0,-87.82099662551116,16.46981746537032,19.999999999999446,0.08892537786561339,0.02099662551114534,-0.2811278432288994,1.8330829563832935,14.0,0.0,0.0003384942553210425,"[20.0, 20.0, 20.0, 20.0, 20.0, 20.0, 20.0, 20.0, 20.0, 20.0, 20.0, 20.0, 20.0, 20.0, 20.0, 20.0, 20.0, 20.0, 20.0, 20.0, 20.0, 20.0, 20.0, 20.0, 20.0, 20.0, 20.0, 20.0, 20.0, 20.0, 20.0, 20.0, 20.0, 20.0, 20.0, 20.0, 20.0, 20.0, 20.0, 20.0, 20.0, 20.0, 20.0, 20.0, 20.0, 20.0, 20.0, 20.0, 20.0, 20.0, 20.0, 20.0, 20.0, 20.0, 20.0, 20.0, 20.0, 20.0, 20.0, 20.0, 20.0, 20.0, 20.0, 20.0, 20.0, 20.0, 20.0, 20.0, 16.46981746537032, 20.0, 20.0, 20.0]",-0.01713601472120274,0.0016879458200094177,0.041,-1.2027,-0.0366,0.041,-0.1432,-0.2068,-0.0127,-9.8074,15.3,,50.0,,,,0.2266,-1.4755,1.4928,98.73,14.94,1.22388,1.833,272.48,9.45,1,87.71,88.839,1,3,10,0.7,9.755,0,1.0866,0,0
1790659337.2781959,47.3979679,8.5462832,9.559000015258789,0.07801779359579086,-1.8300485610961914,0.00028279106481932104,272.19,0.06869719364255233,-1.7980480704709558,0.0,-87.83488494047083,16.828226099363185,19.999999999999602,0.08789934491037266,0.024884940470826677,-0.2638865762708062,1.8319139434599028,14.0,0.0,0.00028499536169970607,"[20.0, 20.0, 20.0, 20.0, 20.0, 20.0, 20.0, 20.0, 20.0, 20.0, 20.0, 20.0, 20.0, 20.0, 20.0, 20.0, 20.0, 20.0, 20.0, 20.0, 20.0, 20.0, 20.0, 20.0, 20.0, 20.0, 20.0, 20.0, 20.0, 20.0, 20.0, 20.0, 20.0, 20.0, 20.0, 20.0, 20.0, 20.0, 20.0, 20.0, 20.0, 20.0, 20.0, 20.0, 20.0, 20.0, 20.0, 20.0, 20.0, 20.0, 20.0, 20.0, 20.0, 20.0, 20.0, 20.0, 20.0, 20.0, 20.0, 20.0, 20.0, 20.0, 20.0, 20.0, 20.0, 20.0, 20.0, 20.0, 16.828226099363185, 17.814259146094457, 20.0, 20.0]",-0.01713601472120274,0.0016879458200094177,0.0397,-1.2028,0.0714,0.0527,-0.0576,-0.2122,-0.0078,-9.8049,15.3,,50.0,,,,0.1098,-1.4528,1.457,94.32,14.94,1.22388,1.8317,272.44,9.086,1,87.91,89.204,1,3,10,0.7,9.739,0,1.1032,0,0
1790659337.4789748,47.397968,8.5462784,9.558000564575195,0.07592776417732239,-1.8297107219696045,0.0001796760770957917,272.18,0.0683862208530619,-1.79808093620949,0.0,-87.84406884089282,17.25905949662279,19.999999999999712,0.08465092730036128,0.024068840892823573,-0.1962477019027096,1.8312430962182205,14.0,0.0,5.961531531528085e-05,"[20.0, 20.0, 20.0, 20.0, 20.0, 20.0, 20.0, 20.0, 20.0, 20.0, 20.0, 20.0, 20.0, 20.0, 20.0, 20.0, 20.0, 20.0, 20.0, 20.0, 20.0, 20.0, 20.0, 20.0, 20.0, 20.0, 20.0, 20.0, 20.0, 20.0, 20.0, 20.0, 20.0, 20.0, 20.0, 20.0, 20.0, 20.0, 20.0, 20.0, 20.0, 20.0, 20.0, 20.0, 20.0, 20.0, 20.0, 20.0, 20.0, 20.0, 20.0, 20.0, 20.0, 20.0, 20.0, 20.0, 20.0, 20.0, 20.0, 20.0, 20.0, 20.0, 20.0, 20.0, 20.0, 20.0, 20.0, 20.0, 17.25905949662279, 17.932442833163456, 20.0, 20.0]",-0.01713601472120274,0.0016879458200094177,0.0489,-1.1993,0.0799,0.0846,-0.0642,-0.2059,-0.0047,-9.8152,15.3,,50.0,,,,0.1567,-1.2579,1.2676,97.1,14.94,1.22388,1.8313,272.38,8.662,1,88.11,89.627,1,3,10,0.7,9.772,0,1.1975,0,0
1790659337.6791713,47.3979681,8.5462735,9.558000564575195,0.07513005286455154,-1.829237937927246,-0.00035185928572900593,272.17,0.06806884808553672,-1.7980667632270793,0.0,-87.85508707434212,17.64427445217367,19.999999999999794,0.08253691812165165,0.02508707434213875,-0.1819176036659513,1.830741546538166,14.0,0.0,7.449055015906013e-05,"[20.0, 20.0, 20.0, 20.0, 20.0, 20.0, 20.0, 20.0, 20.0, 20.0, 20.0, 20.0, 20.0, 20.0, 20.0, 20.0, 20.0, 20.0, 20.0, 20.0, 20.0, 20.0, 20.0, 20.0, 20.0, 20.0, 20.0, 20.0, 20.0, 20.0, 20.0, 20.0, 20.0, 20.0, 20.0, 20.0, 20.0, 20.0, 20.0, 20.0, 20.0, 20.0, 20.0, 20.0, 20.0, 20.0, 20.0, 20.0, 20.0, 20.0, 20.0, 20.0, 20.0, 20.0, 20.0, 20.0, 20.0, 20.0, 20.0, 20.0, 20.0, 20.0, 20.0, 20.0, 20.0, 20.0, 20.0, 20.0, 17.64427445217367, 18.12992370398759, 20.0, 20.0]",-0.01713601472120274,0.0016879458200094177,0.0621,-1.1901,0.1046,0.0212,-0.072,-0.2063,-0.0105,-9.8008,15.3,,50.0,,,,0.1524,-1.2524,1.2616,96.94,14.94,1.22388,1.8308,272.35,8.296,1,88.31,89.994,1,3,10,0.7,9.803,0,1.2,0,0
1790659337.8802314,47.397968299999995,8.5462686,9.5600004196167,0.07723445445299149,-1.829952597618103,-0.0006108406814746559,272.16,0.06768244665247551,-1.797544093664216,0.0,-87.88594988013153,18.04475031532843,19.99999999999985,0.08474587590958738,0.045949880131558984,-0.25677489882819066,1.8315195342384716,14.0,0.0,0.0015238728584490743,"[20.0, 20.0, 20.0, 20.0, 20.0, 20.0, 20.0, 20.0, 20.0, 20.0, 20.0, 20.0, 20.0, 20.0, 20.0, 20.0, 20.0, 20.0, 20.0, 20.0, 20.0, 20.0, 20.0, 20.0, 20.0, 20.0, 20.0, 20.0, 20.0, 20.0, 20.0, 20.0, 20.0, 20.0, 20.0, 20.0, 20.0, 20.0, 20.0, 20.0, 20.0, 20.0, 20.0, 20.0, 20.0, 20.0, 20.0, 20.0, 20.0, 20.0, 20.0, 20.0, 20.0, 20.0, 20.0, 20.0, 20.0, 20.0, 20.0, 20.0, 20.0, 20.0, 20.0, 20.0, 20.0, 20.0, 20.0, 20.0, 18.04475031532843, 18.37078356592702, 20.0, 20.0]",-0.01713601472120274,0.0016879458200094177,0.0553,-1.1752,-0.1586,0.1799,-0.1305,-0.2083,-0.0099,-9.7991,15.3,,50.0,,,,0.0902,-1.2728,1.276,94.05,14.94,1.22388,1.8316,272.42,7.927,1,88.51,90.362,1,3,10,0.7,9.793,0,1.1936,0,0
1790659338.080617,47.397968399999996,8.546263699999999,9.563000679016113,0.08013058453798294,-1.8310104608535767,-0.001196245546452701,272.14,0.0669669904457439,-1.79691733415064,0.0,-87.93131684241393,18.45929425782565,19.999999999999893,0.08935739494376305,0.07131684241392122,-0.36583859203872443,1.832657123245094,14.0,0.0,0.001851732623416841,"[20.0, 20.0, 20.0, 20.0, 20.0, 20.0, 20.0, 20.0, 20.0, 20.0, 20.0, 20.0, 20.0, 20.0, 20.0, 20.0, 20.0, 20.0, 20.0, 20.0, 20.0, 20.0, 20.0, 20.0, 20.0, 20.0, 20.0, 20.0, 20.0, 20.0, 20.0, 20.0, 20.0, 20.0, 20.0, 20.0, 20.0, 20.0, 20.0, 20.0, 20.0, 20.0, 20.0, 20.0, 20.0, 20.0, 20.0, 20.0, 20.0, 20.0, 20.0, 20.0, 20.0, 20.0, 20.0, 20.0, 20.0, 20.0, 20.0, 20.0, 20.0, 20.0, 20.0, 20.0, 20.0, 20.0, 20.0, 20.0, 18.45929425782565, 18.640585531321392, 20.0, 20.0]",-0.01713601472120274,0.0016879458200094177,0.0256,-1.1499,-0.1673,0.2092,-0.0698,-0.2129,-0.0079,-9.7934,15.3,,50.0,,,,0.0429,-1.1775,1.1783,92.09,14.94,1.22388,1.8328,272.51,7.557,1,88.71,90.733,1,3,10,0.7,9.768,0,1.2436,0,0
1790659338.2808914,47.3979687,8.5462588,9.565000534057617,0.08421201258897781,-1.8315846920013428,-0.0006947355577722192,272.11,0.06589838381977209,-1.796003356042749,0.0,-87.99830163558477,18.886985684076542,19.999999999999922,0.09726909467098832,0.10830163558478034,-0.5224730198001069,1.833329393482556,14.0,0.0,0.002706075389925052,"[20.0, 20.0, 20.0, 20.0, 20.0, 20.0, 20.0, 20.0, 20.0, 20.0, 20.0, 20.0, 20.0, 20.0, 20.0, 20.0, 20.0, 20.0, 20.0, 20.0, 20.0, 20.0, 20.0, 20.0, 20.0, 20.0, 20.0, 20.0, 20.0, 20.0, 20.0, 20.0, 20.0, 20.0, 20.0, 20.0, 20.0, 20.0, 20.0, 20.0, 20.0, 20.0, 20.0, 20.0, 20.0, 20.0, 20.0, 20.0, 20.0, 20.0, 20.0, 20.0, 20.0, 20.0, 20.0, 20.0, 20.0, 20.0, 20.0, 20.0, 20.0, 20.0, 20.0, 20.0, 20.0, 20.0, 20.0, 20.0, 18.886985684076542, 18.931982319762543, 20.0, 20.0]",-0.01713601472120274,0.0016879458200094177,-0.0151,-1.1223,-0.2847,0.1328,-0.0994,-0.2078,-0.0096,-9.7931,15.3,,50.0,,,,-0.0484,-1.2765,1.2774,87.83,14.94,1.22388,1.8335,272.63,7.185,1,88.91,91.105,1,3,10,0.7,9.754,0,1.1948,0,0
1790659338.4810102,47.397968899999995,8.546253799999999,9.564000129699707,0.0863916203379631,-1.8301479816436768,0.00015112456458155066,272.08,0.06477961866807531,-1.7947052648177104,0.0,-88.08018476468737,19.233622355508675,19.999999999999943,0.10651164972331972,0.16018476468735798,-0.62262492957995,1.8319091629969173,14.0,0.0,0.0037887484641024377,"[20.0, 20.0, 20.0, 20.0, 20.0, 20.0, 20.0, 20.0, 20.0, 20.0, 20.0, 20.0, 20.0, 20.0, 20.0, 20.0, 20.0, 20.0, 20.0, 20.0, 20.0, 20.0, 20.0, 20.0, 20.0, 20.0, 20.0, 20.0, 20.0, 20.0, 20.0, 20.0, 20.0, 20.0, 20.0, 20.0, 20.0, 20.0, 20.0, 20.0, 20.0, 20.0, 20.0, 20.0, 20.0, 20.0, 20.0, 20.0, 20.0, 20.0, 20.0, 20.0, 20.0, 20.0, 20.0, 20.0, 20.0, 20.0, 20.0, 20.0, 20.0, 20.0, 20.0, 20.0, 20.0, 20.0, 20.0, 20.0, 19.328873711732385, 19.233622355508675, 20.0, 20.0]",-0.01713601472120274,0.0016879458200094177,-0.0668,-1.0985,-0.2021,0.0902,-0.2033,-0.2118,-0.0082,-9.7997,15.3,,50.0,,,,-0.0252,-1.1813,1.1816,88.78,14.94,1.22388,1.8322,272.7,6.814,1,89.11,91.475,1,3,10,0.7,9.804,0,1.2414,0,0
1790659338.6823676,47.3979691,8.546249,9.564000129699707,0.08585774898529053,-1.8271068334579468,-3.033293251064606e-05,272.04,0.06337140667382724,-1.7935820954780886,0.0,-88.16561496146915,19.542968076547783,19.999999999999957,0.11466168863490589,0.20561496146916625,-0.6504122369478473,1.8287948289678968,14.0,0.0,0.0033015271317790784,"[20.0, 20.0, 20.0, 20.0, 20.0, 20.0, 20.0, 20.0, 20.0, 20.0, 20.0, 20.0, 20.0, 20.0, 20.0, 20.0, 20.0, 20.0, 20.0, 20.0, 20.0, 20.0, 20.0, 20.0, 20.0, 20.0, 20.0, 20.0, 20.0, 20.0, 20.0, 20.0, 20.0, 20.0, 20.0, 20.0, 20.0, 20.0, 20.0, 20.0, 20.0, 20.0, 20.0, 20.0, 20.0, 20.0, 20.0, 20.0, 20.0, 20.0, 20.0, 20.0, 20.0, 20.0, 20.0, 20.0, 20.0, 20.0, 20.0, 20.0, 20.0, 20.0, 20.0, 20.0, 20.0, 20.0, 20.0, 20.0, 19.7854917350523, 19.542968076547783, 20.0, 20.0]",-0.01713601472120274,0.0016879458200094177,-0.098,-1.0899,-0.088,-0.0349,-0.2646,-0.2089,-0.0065,-9.7945,15.3,,50.0,,,,-0.1683,-1.2207,1.2322,82.15,14.94,1.22388,1.8291,272.69,6.446,1,89.31,91.844,1,3,10,0.7,9.818,0,1.213,0,0
1790659338.8829587,47.3979693,8.5462441,9.564000129699707,0.08260390162467957,-1.8248239755630493,7.654646469745785e-05,271.97,0.06116742234754739,-1.7935619267680751,0.0,-88.23935636745796,19.86204959332337,19.999999999999968,0.11915722682832153,0.20935636745798547,-0.6218260053249671,1.826374398341238,14.0,0.0,0.0002715539123651524,"[20.0, 20.0, 20.0, 20.0, 20.0, 20.0, 20.0, 20.0, 20.0, 20.0, 20.0, 20.0, 20.0, 20.0, 20.0, 20.0, 20.0, 20.0, 20.0, 20.0, 20.0, 20.0, 20.0, 20.0, 20.0, 20.0, 20.0, 20.0, 20.0, 20.0, 20.0, 20.0, 20.0, 20.0, 20.0, 20.0, 20.0, 20.0, 20.0, 20.0, 20.0, 20.0, 20.0, 20.0, 20.0, 20.0, 20.0, 20.0, 20.0, 20.0, 20.0, 20.0, 20.0, 20.0, 20.0, 20.0, 20.0, 20.0, 20.0, 20.0, 20.0, 20.0, 20.0, 20.0, 20.0, 20.0, 20.0, 20.0, 20.0, 19.86204959332337, 20.0, 20.0]",-0.01713601472120274,0.0016879458200094177,-0.1058,-1.0916,0.0274,0.0082,-0.3969,-0.2097,-0.0086,-9.8088,15.3,,50.0,,,,-0.1283,-1.1659,1.1729,83.72,14.94,1.22388,1.8267,272.59,6.076,1,89.51,92.214,1,3,10,0.7,9.79,0,1.2402,0,0
1790659339.0841048,47.3979694,8.5462391,9.563000679016113,0.07689506560564041,-1.8246004581451416,0.0004943228559568524,271.89,0.058743914760440274,-1.7942664643129291,0.0,-88.29522158913522,20.0,19.99999999999998,0.11951209379243577,0.18522158913521025,-0.5232171833983665,1.825970368285326,14.0,0.0,0.0017541393921265607,"[20.0, 20.0, 20.0, 20.0, 20.0, 20.0, 20.0, 20.0, 20.0, 20.0, 20.0, 20.0, 20.0, 20.0, 20.0, 20.0, 20.0, 20.0, 20.0, 20.0, 20.0, 20.0, 20.0, 20.0, 20.0, 20.0, 20.0, 20.0, 20.0, 20.0, 20.0, 20.0, 20.0, 20.0, 20.0, 20.0, 20.0, 20.0, 20.0, 20.0, 20.0, 20.0, 20.0, 20.0, 20.0, 20.0, 20.0, 20.0, 20.0, 20.0, 20.0, 20.0, 20.0, 20.0, 20.0, 20.0, 20.0, 20.0, 20.0, 20.0, 20.0, 20.0, 20.0, 20.0, 20.0, 20.0, 20.0, 20.0, 20.0, 20.0, 20.0, 20.0]",-0.01713601472120274,0.0016879458200094177,-0.0896,-1.0894,0.177,0.097,-0.4116,-0.21,-0.0098,-9.8077,15.3,,50.0,,,,-0.1847,-1.3294,1.3422,82.09,14.94,1.22388,1.8262,272.41,5.706,1,89.71,92.584,1,3,10,0.7,9.791,0,1.1551,0,0
1790659339.2841773,47.397969499999995,8.546234199999999,9.562000274658203,0.06948015093803406,-1.8241381645202637,0.0007197113591246307,271.8,0.05611520816730477,-1.7958300991866072,0.0,-88.32790308633236,20.0,19.999999999999986,0.11564767465233527,0.1279030863323669,-0.3813018301870264,1.8253084551915693,14.0,0.0,0.004183613853210459,"[20.0, 20.0, 20.0, 20.0, 20.0, 20.0, 20.0, 20.0, 20.0, 20.0, 20.0, 20.0, 20.0, 20.0, 20.0, 20.0, 20.0, 20.0, 20.0, 20.0, 20.0, 20.0, 20.0, 20.0, 20.0, 20.0, 20.0, 20.0, 20.0, 20.0, 20.0, 20.0, 20.0, 20.0, 20.0, 20.0, 20.0, 20.0, 20.0, 20.0, 20.0, 20.0, 20.0, 20.0, 20.0, 20.0, 20.0, 20.0, 20.0, 20.0, 20.0, 20.0, 20.0, 20.0, 20.0, 20.0, 20.0, 20.0, 20.0, 20.0, 20.0, 20.0, 20.0, 20.0, 20.0, 20.0, 20.0, 20.0, 20.0, 20.0, 20.0, 20.0]",-0.01713601472120274,0.0016879458200094177,-0.054,-1.0806,0.3233,0.0114,-0.427,-0.2162,-0.0075,-9.8128,15.3,,50.0,,,,0.0031,-1.469,1.469,90.12,14.94,1.22388,1.8255,272.18,5.336,1,89.91,92.954,1,3,10,0.7,9.721,0,1.091,0,0
1790659339.48501,47.397969599999996,8.5462293,9.559000015258789,0.06206245347857475,-1.8232725858688354,0.0006107332301326096,271.72,0.053841947376939876,-1.7977411561487457,0.0,-88.3364619885366,20.0,19.99999999999999,0.10823340331779052,0.05646198853662554,-0.2295407708994285,1.8242584006112865,14.0,0.0,0.005209128664612533,"[20.0, 20.0, 20.0, 20.0, 20.0, 20.0, 20.0, 20.0, 20.0, 20.0, 20.0, 20.0, 20.0, 20.0, 20.0, 20.0, 20.0, 20.0, 20.0, 20.0, 20.0, 20.0, 20.0, 20.0, 20.0, 20.0, 20.0, 20.0, 20.0, 20.0, 20.0, 20.0, 20.0, 20.0, 20.0, 20.0, 20.0, 20.0, 20.0, 20.0, 20.0, 20.0, 20.0, 20.0, 20.0, 20.0, 20.0, 20.0, 20.0, 20.0, 20.0, 20.0, 20.0, 20.0, 20.0, 20.0, 20.0, 20.0, 20.0, 20.0, 20.0, 20.0, 20.0, 20.0, 20.0, 20.0, 20.0, 20.0, 20.0, 20.0, 20.0, 20.0]",-0.01713601472120274,0.0016879458200094177,-0.0037,-1.0864,0.2471,-0.0096,-0.3871,-0.206,-0.0057,-9.8036,15.3,,50.0,,,,-0.0223,-1.4023,1.4025,89.09,14.94,1.22388,1.8243,271.95,4.967,1,90.11,93.324,1,3,10,0.7,9.828,0,1.1231,0,0
1790659339.685826,47.3979697,8.5462244,9.557000160217285,0.05886972323060036,-1.822151780128479,0.0007648490718565881,271.66,0.052097534854206214,-1.79888560039986,0.0,-88.35400411541752,20.0,19.999999999999993,0.10203644018429547,0.014004115417549201,-0.19045718222516786,1.8230561641446625,14.0,0.0,0.0030994278779960904,"[20.0, 20.0, 20.0, 20.0, 20.0, 20.0, 20.0, 20.0, 20.0, 20.0, 20.0, 20.0, 20.0, 20.0, 20.0, 20.0, 20.0, 20.0, 20.0, 20.0, 20.0, 20.0, 20.0, 20.0, 20.0, 20.0, 20.0, 20.0, 20.0, 20.0, 20.0, 20.0, 20.0, 20.0, 20.0, 20.0, 20.0, 20.0, 20.0, 20.0, 20.0, 20.0, 20.0, 20.0, 20.0, 20.0, 20.0, 20.0, 20.0, 20.0, 20.0, 20.0, 20.0, 20.0, 20.0, 20.0, 20.0, 20.0, 20.0, 20.0, 20.0, 20.0, 20.0, 20.0, 20.0, 20.0, 20.0, 20.0, 20.0, 20.0, 20.0, 20.0]",-0.01713601472120274,0.0016879458200094177,0.0336,-1.0988,0.1419,-0.0283,-0.2885,-0.1973,-0.0026,-9.8024,15.3,,50.0,,,,-0.071,-1.4638,1.4655,87.22,14.94,1.22388,1.8231,271.85,4.598,1,90.31,93.692,1,3,10,0.7,9.794,0,1.0903,0,0
1790659339.8868473,47.3979698,8.546219599999999,9.554000854492188,0.058312587440013885,-1.8206521272659302,0.0012172199785709381,271.63,0.051129579212038645,-1.7987066020797702,0.0,-88.3920388833755,20.0,19.999999999999996,0.09806980429537704,0.022038883375500973,-0.20446544393816532,1.8215361586462069,14.0,0.0,0.0005864237876867159,"[20.0, 20.0, 20.0, 20.0, 20.0, 20.0, 20.0, 20.0, 20.0, 20.0, 20.0, 20.0, 20.0, 20.0, 20.0, 20.0, 20.0, 20.0, 20.0, 20.0, 20.0, 20.0, 20.0, 20.0, 20.0, 20.0, 20.0, 20.0, 20.0, 20.0, 20.0, 20.0, 20.0, 20.0, 20.0, 20.0, 20.0, 20.0, 20.0, 20.0, 20.0, 20.0, 20.0, 20.0, 20.0, 20.0, 20.0, 20.0, 20.0, 20.0, 20.0, 20.0, 20.0, 20.0, 20.0, 20.0, 20.0, 20.0, 20.0, 20.0, 20.0, 20.0, 20.0, 20.0, 20.0, 20.0, 20.0, 20.0, 20.0, 20.0, 20.0, 20.0]",-0.01713601472120274,0.0016879458200094177,0.0346,-1.1141,-0.0955,-0.0157,-0.1601,-0.2076,-0.0159,-9.8134,15.3,,50.0,,,,-0.0396,-1.474,1.4745,88.46,14.94,1.22388,1.8216,271.83,4.232,1,90.51,94.058,1,3,10,0.7,9.771,0,1.0843,0,0
1790659340.087793,47.39797,8.5462147,9.550000190734863,0.05974345654249191,-1.817999243736267,0.001698254607617855,271.62,0.050623971089199804,-1.7971956829601512,0.0,-88.46126477483119,20.0,19.999999999999996,0.09687403222172675,0.08126477483119743,-0.2621880769079881,1.8189006787337683,14.0,0.0,0.004319217827366899,"[20.0, 20.0, 20.0, 20.0, 20.0, 20.0, 20.0, 20.0, 20.0, 20.0, 20.0, 20.0, 20.0, 20.0, 20.0, 20.0, 20.0, 20.0, 20.0, 20.0, 20.0, 20.0, 20.0, 20.0, 20.0, 20.0, 20.0, 20.0, 20.0, 20.0, 20.0, 20.0, 20.0, 20.0, 20.0, 20.0, 20.0, 20.0, 20.0, 20.0, 20.0, 20.0, 20.0, 20.0, 20.0, 20.0, 20.0, 20.0, 20.0, 20.0, 20.0, 20.0, 20.0, 20.0, 20.0, 20.0, 20.0, 20.0, 20.0, 20.0, 20.0, 20.0, 20.0, 20.0, 20.0, 20.0, 20.0, 20.0, 20.0, 20.0, 20.0, 20.0]",-0.01713601472120274,0.0016879458200094177,0.0125,-1.1278,-0.1677,-0.1517,-0.0298,-0.208,-0.0055,-9.8085,15.3,,50.0,,,,-0.0181,-1.4962,1.4964,89.31,14.94,1.22388,1.819,271.88,3.867,1,90.71,94.423,1,3,10,0.7,9.758,0,1.0708,0,0
1790659340.2892864,47.397970099999995,8.5462099,9.545000076293945,0.059614695608615875,-1.8142462968826294,0.00143435166683048,271.61,0.05010903244228267,-1.7956025773102984,0.0,-88.53360764364379,20.0,19.999999999999996,0.09503247503892898,0.1436076436438043,-0.27201675034917633,1.8151240520393683,14.0,0.0,0.004537277568461397,"[20.0, 20.0, 20.0, 20.0, 20.0, 20.0, 20.0, 20.0, 20.0, 20.0, 20.0, 20.0, 20.0, 20.0, 20.0, 20.0, 20.0, 20.0, 20.0, 20.0, 20.0, 20.0, 20.0, 20.0, 20.0, 20.0, 20.0, 20.0, 20.0, 20.0, 20.0, 20.0, 20.0, 20.0, 20.0, 20.0, 20.0, 20.0, 20.0, 20.0, 20.0, 20.0, 20.0, 20.0, 20.0, 20.0, 20.0, 20.0, 20.0, 20.0, 20.0, 20.0, 20.0, 20.0, 20.0, 20.0, 20.0, 20.0, 20.0, 20.0, 20.0, 20.0, 20.0, 20.0, 20.0, 20.0, 20.0, 20.0, 20.0, 20.0, 20.0, 20.0]",-0.01713601472120274,0.0016879458200094177,-0.0164,-1.1382,-0.1379,-0.1475,-0.0533,-0.2071,-0.0087,-9.8231,15.3,,50.0,,,,-0.2448,-1.4169,1.4379,80.2,14.94,1.22388,1.8152,271.88,3.506,1,90.92,94.784,1,3,10,0.7,9.751,0,1.0963,0,0
1790659340.4898047,47.397970199999996,8.5462052,9.540000915527344,0.058595530688762665,-1.8092955350875854,0.0010716894175857306,271.59000000000003,0.0492482293040329,-1.7937472100522258,0.0,-88.62638303049494,20.0,19.999999999999996,0.0940000772025168,0.216383030494967,-0.2649228300163701,1.810120607542567,14.0,0.0,0.0052878200676608955,"[20.0, 20.0, 20.0, 20.0, 20.0, 20.0, 20.0, 20.0, 20.0, 20.0, 20.0, 20.0, 20.0, 20.0, 20.0, 20.0, 20.0, 20.0, 20.0, 20.0, 20.0, 20.0, 20.0, 20.0, 20.0, 20.0, 20.0, 20.0, 20.0, 20.0, 20.0, 20.0, 20.0, 20.0, 20.0, 20.0, 20.0, 20.0, 20.0, 20.0, 20.0, 20.0, 20.0, 20.0, 20.0, 20.0, 20.0, 20.0, 20.0, 20.0, 20.0, 20.0, 20.0, 20.0, 20.0, 20.0, 20.0, 20.0, 20.0, 20.0, 20.0, 20.0, 20.0, 20.0, 20.0, 20.0, 20.0, 20.0, 20.0, 20.0, 20.0, 20.0]",-0.01713601472120274,0.0016879458200094177,-0.0257,-1.1571,-0.0023,-0.1102,-0.1531,-0.2023,-0.0001,-9.8098,15.3,,50.0,,,,-0.1972,-1.4041,1.4179,82.0,14.94,1.22388,1.8102,271.85,3.148,1,91.12,95.142,1,3,10,0.7,9.756,0,1.1013,0,0
1790659340.6908226,47.3979703,8.5462004,9.53700065612793,0.057228073477745056,-1.8048509359359741,0.00032690048101358116,271.54,0.04750167578669956,-1.7923254002882698,0.0,-88.73319424037805,20.0,19.999999999999996,0.09275817195750069,0.27319424037807494,-0.2761216572965803,1.8056094899893678,14.0,0.0,0.004118600052854754,"[20.0, 20.0, 20.0, 20.0, 20.0, 20.0, 20.0, 20.0, 20.0, 20.0, 20.0, 20.0, 20.0, 20.0, 20.0, 20.0, 20.0, 20.0, 20.0, 20.0, 20.0, 20.0, 20.0, 20.0, 20.0, 20.0, 20.0, 20.0, 20.0, 20.0, 20.0, 20.0, 20.0, 20.0, 20.0, 20.0, 20.0, 20.0, 20.0, 20.0, 20.0, 20.0, 20.0, 20.0, 20.0, 20.0, 20.0, 20.0, 20.0, 20.0, 20.0, 20.0, 20.0, 20.0, 20.0, 20.0, 20.0, 20.0, 20.0, 20.0, 20.0, 20.0, 20.0, 20.0, 20.0, 20.0, 20.0, 20.0, 20.0, 20.0, 20.0, 20.0]",-0.01713601472120274,0.0016879458200094177,-0.0273,-1.1824,-0.0425,-0.1259,-0.3409,-0.2019,-0.0135,-9.8093,15.3,,50.0,,,,-0.2038,-1.3225,1.3381,81.24,14.94,1.22388,1.8058,271.82,2.792,1,91.32,95.498,1,3,10,0.7,9.743,0,1.1367,0,0
1790659340.8921216,47.3979704,8.5461957,9.535000801086426,0.054743751883506775,-1.8011573553085327,7.725960313109681e-05,271.45,0.04464707759522468,-1.792076790452987,0.0,-88.83563895990892,20.0,19.999999999999996,0.08974470704094772,0.2856389599089084,-0.2908921164115794,1.8018322253536834,14.0,0.0,0.0009019455700656308,"[20.0, 20.0, 20.0, 20.0, 20.0, 20.0, 20.0, 20.0, 20.0, 20.0, 20.0, 20.0, 20.0, 20.0, 20.0, 20.0, 20.0, 20.0, 20.0, 20.0, 20.0, 20.0, 20.0, 20.0, 20.0, 20.0, 20.0, 20.0, 20.0, 20.0, 20.0, 20.0, 20.0, 20.0, 20.0, 20.0, 20.0, 20.0, 20.0, 20.0, 20.0, 20.0, 20.0, 20.0, 20.0, 20.0, 20.0, 20.0, 20.0, 20.0, 20.0, 20.0, 20.0, 20.0, 20.0, 20.0, 20.0, 20.0, 20.0, 20.0, 20.0, 20.0, 20.0, 20.0, 20.0, 20.0, 20.0, 20.0, 20.0, 20.0, 20.0, 20.0]",-0.01713601472120274,0.0016879458200094177,-0.0239,-1.2001,0.0647,-0.1731,-0.5059,-0.208,-0.0019,-9.8081,15.3,,50.0,,,,-0.0793,-1.2767,1.2791,86.44,14.94,1.22388,1.802,271.74,2.435,1,91.52,95.855,1,3,10,0.7,9.703,0,1.1624,0,0
1790659341.0921605,47.3979705,8.546191,9.532000541687012,0.052101850509643555,-1.7980817556381226,0.00013176427455618978,271.34000000000003,0.04125170978507683,-1.7925361418765149,0.0,-88.93102930795658,20.0,19.999999999999996,0.08496608940625927,0.27102930795660995,-0.3197582723770325,1.7986779105299426,14.0,0.0,0.0010626842251968578,"[20.0, 20.0, 20.0, 20.0, 20.0, 20.0, 20.0, 20.0, 20.0, 20.0, 20.0, 20.0, 20.0, 20.0, 20.0, 20.0, 20.0, 20.0, 20.0, 20.0, 20.0, 20.0, 20.0, 20.0, 20.0, 20.0, 20.0, 20.0, 20.0, 20.0, 20.0, 20.0, 20.0, 20.0, 20.0, 20.0, 20.0, 20.0, 20.0, 20.0, 20.0, 20.0, 20.0, 20.0, 20.0, 20.0, 20.0, 20.0, 20.0, 20.0, 20.0, 20.0, 20.0, 20.0, 20.0, 20.0, 20.0, 20.0, 20.0, 20.0, 20.0, 20.0, 20.0, 20.0, 20.0, 20.0, 20.0, 20.0, 20.0, 20.0, 20.0, 20.0]",-0.01713601472120274,0.0016879458200094177,-0.0198,-1.2214,0.0025,-0.1387,-0.5338,-0.2124,-0.0122,-9.8126,15.3,,50.0,,,,-0.195,-1.2761,1.2909,81.31,14.94,1.22388,1.7988,271.66,2.079,1,91.72,96.212,1,3,10,0.7,9.729,0,1.1534,0,0
1790659341.2930777,47.397970699999995,8.5461858,9.529000282287598,0.050334636121988297,-1.7978092432022095,0.00010911060962826014,271.21,0.03746732183660887,-1.7923640629366817,0.0,-89.06089318613601,20.0,19.999999999999996,0.08072604955631146,0.28089318613604064,-0.38373466941988504,1.7983268054266388,14.0,0.0,0.0007152407352811483,"[20.0, 20.0, 20.0, 20.0, 20.0, 20.0, 20.0, 20.0, 20.0, 20.0, 20.0, 20.0, 20.0, 20.0, 20.0, 20.0, 20.0, 20.0, 20.0, 20.0, 20.0, 20.0, 20.0, 20.0, 20.0, 20.0, 20.0, 20.0, 20.0, 20.0, 20.0, 20.0, 20.0, 20.0, 20.0, 20.0, 20.0, 20.0, 20.0, 20.0, 20.0, 20.0, 20.0, 20.0, 20.0, 20.0, 20.0, 20.0, 20.0, 20.0, 20.0, 20.0, 20.0, 20.0, 20.0, 20.0, 20.0, 20.0, 20.0, 20.0, 20.0, 20.0, 20.0, 20.0, 20.0, 20.0, 20.0, 20.0, 20.0, 20.0, 20.0, 20.0]",-0.01713601472120274,0.0016879458200094177,-0.0227,-1.241,-0.1221,0.0263,-0.5868,-0.2057,-0.0115,-9.8016,15.3,,50.0,,,,-0.0678,-1.4201,1.4218,87.27,14.94,1.22388,1.7985,271.6,1.72,1,91.92,96.571,1,3,10,0.7,9.723,0,1.0876,0,0
1790659341.4937868,47.397970799999996,8.546180999999999,9.52500057220459,0.049328144639730453,-1.7999645471572876,0.0003148124669678509,271.09000000000003,0.03050770096470956,-1.6301501394298838,0.0,-89.24817433373141,20.0,19.999999999999996,0.0772988892088009,0.3481743337314356,-0.4698016225294045,1.8003809309997993,14.0,0.0,0.0026018005393600723,"[20.0, 20.0, 20.0, 20.0, 20.0, 20.0, 20.0, 20.0, 20.0, 20.0, 20.0, 20.0, 20.0, 20.0, 20.0, 20.0, 20.0, 20.0, 20.0, 20.0, 20.0, 20.0, 20.0, 20.0, 20.0, 20.0, 20.0, 20.0, 20.0, 20.0, 20.0, 20.0, 20.0, 20.0, 20.0, 20.0, 20.0, 20.0, 20.0, 20.0, 20.0, 20.0, 20.0, 20.0, 20.0, 20.0, 20.0, 20.0, 20.0, 20.0, 20.0, 20.0, 20.0, 20.0, 20.0, 20.0, 20.0, 20.0, 20.0, 20.0, 20.0, 20.0, 20.0, 20.0, 20.0, 20.0, 20.0, 20.0, 20.0, 20.0, 20.0, 20.0]",-0.01713601472120274,0.0016879458200094177,-0.0431,-1.2306,-0.1972,0.0981,-0.6251,-0.1975,-0.0146,-9.8139,15.3,,50.0,,,,0.0443,-1.4301,1.4308,91.77,14.94,1.22388,1.8006,271.57,1.358,1,92.12,96.932,1,3,10,0.7,9.725,0,1.0853,0,0
1790659341.6943457,47.3979709,8.5461762,9.519000053405762,0.04620934650301933,-1.7932847738265991,-8.136170799843967e-05,270.97,0.014049042746957386,-0.8297669593741341,0.0,-89.02999999999997,20.0,19.999999999999996,0.0,0.0,-0.5060705091484605,1.7935590691835728,14.0,0.0,0.023131215037621757,"[20.0, 20.0, 20.0, 20.0, 20.0, 20.0, 20.0, 20.0, 20.0, 20.0, 20.0, 20.0, 20.0, 20.0, 20.0, 20.0, 20.0, 20.0, 20.0, 20.0, 20.0, 20.0, 20.0, 20.0, 20.0, 20.0, 20.0, 20.0, 20.0, 20.0, 20.0, 20.0, 20.0, 20.0, 20.0, 20.0, 20.0, 20.0, 20.0, 20.0, 20.0, 20.0, 20.0, 20.0, 20.0, 20.0, 20.0, 20.0, 20.0, 20.0, 20.0, 20.0, 20.0, 20.0, 20.0, 20.0, 20.0, 20.0, 20.0, 20.0, 20.0, 20.0, 20.0, 20.0, 20.0, 20.0, 20.0, 20.0, 20.0, 20.0, 20.0, 20.0]",0.9785630106925964,-0.013543824665248394,-0.0716,-0.3797,-0.0788,4.7563,-0.6215,-0.207,-0.0113,-9.7977,15.3,,50.0,,,,0.0532,-1.325,1.3261,92.3,14.94,1.22388,1.7939,271.48,0.0,1,92.32,97.294,1,3,10,0.7,9.71,0,1.1308,0,0
1790659341.8941405,47.3979709,8.5461715,9.516000747680664,0.04092643782496452,-1.7159836292266846,-0.021945564076304436,270.85,0.012016151124052538,-0.8099108667700193,0.0,-89.14999999999998,20.0,19.999999999999996,-0.0,0.0,-0.5162529477190319,-1.7164595883286953,14.0,0.0,0.0,"[20.0, 20.0, 20.0, 20.0, 20.0, 20.0, 20.0, 20.0, 20.0, 20.0, 20.0, 20.0, 20.0, 20.0, 20.0, 20.0, 20.0, 20.0, 20.0, 20.0, 20.0, 20.0, 20.0, 20.0, 20.0, 20.0, 20.0, 20.0, 20.0, 20.0, 20.0, 20.0, 20.0, 20.0, 20.0, 20.0, 20.0, 20.0, 20.0, 20.0, 20.0, 20.0, 20.0, 20.0, 20.0, 20.0, 20.0, 20.0, 20.0, 20.0, 20.0, 20.0, 20.0, 20.0, 20.0, 20.0, 20.0, 20.0, 20.0, 20.0, 20.0, 20.0, 20.0, 20.0, 20.0, 20.0, 20.0, 20.0, 20.0, 20.0, 20.0, 20.0]",0.6218359470367432,-0.0036998281721025705,-0.0676,4.0834,0.0712,23.039,-0.3845,-0.1859,-0.0052,-9.8101,15.3,,50.0,,,,0.1654,-1.2879,1.2984,97.32,14.94,1.22388,1.7165,271.37,0.0,1,92.52,97.651,1,3,10,0.7,9.729,0,1.0673,0,0
1790659342.0947502,47.397971,8.5461673,9.515000343322754,0.035243887454271317,-1.4986600875854492,-0.00770173966884613,270.83,0.011733438172270965,-0.8099150118553536,0.0,-89.17000000000002,20.0,19.999999999999996,-0.0,0.0,-0.5171726409787416,-1.4990133971896942,14.0,0.0,0.0,"[20.0, 20.0, 20.0, 20.0, 20.0, 20.0, 20.0, 20.0, 20.0, 20.0, 20.0, 20.0, 20.0, 20.0, 20.0, 20.0, 20.0, 20.0, 20.0, 20.0, 20.0, 20.0, 20.0, 20.0, 20.0, 20.0, 20.0, 20.0, 20.0, 20.0, 20.0, 20.0, 20.0, 20.0, 20.0, 20.0, 20.0, 20.0, 20.0, 20.0, 20.0, 20.0, 20.0, 20.0, 20.0, 20.0, 20.0, 20.0, 20.0, 20.0, 20.0, 20.0, 20.0, 20.0, 20.0, 20.0, 20.0, 20.0, 20.0, 20.0, 20.0, 20.0, 20.0, 20.0, 20.0, 20.0, 20.0, 20.0, 20.0, 20.0, 20.0, 20.0]",0.30070173740386963,0.006752732675522566,-0.058,5.9274,-0.0578,0.1783,-0.1229,-0.1683,-0.0097,-9.7992,15.3,,50.0,,,,0.0187,-1.1677,1.1678,90.92,14.94,1.22388,1.4991,271.35,0.0,1,92.72,97.973,1,3,10,0.7,9.79,0,0.9152,0,0
1790659342.295987,47.3979711,8.5461638,9.51200008392334,0.02973192371428013,-1.2658196687698364,0.003602394601330161,270.9,0.012722927022574416,-0.8099000723101452,0.0,-89.10000000000002,20.0,19.999999999999996,-0.0,0.0,-0.4455317653851514,-1.266010813396802,14.0,0.0,0.0,"[20.0, 20.0, 20.0, 20.0, 20.0, 20.0, 20.0, 20.0, 20.0, 20.0, 20.0, 20.0, 20.0, 20.0, 20.0, 20.0, 20.0, 20.0, 20.0, 20.0, 20.0, 20.0, 20.0, 20.0, 20.0, 20.0, 20.0, 20.0, 20.0, 20.0, 20.0, 20.0, 20.0, 20.0, 20.0, 20.0, 20.0, 20.0, 20.0, 20.0, 20.0, 20.0, 20.0, 20.0, 20.0, 20.0, 20.0, 20.0, 20.0, 20.0, 20.0, 20.0, 20.0, 20.0, 20.0, 20.0, 20.0, 20.0, 20.0, 20.0, 20.0, 20.0, 20.0, 20.0, 20.0, 20.0, 20.0, 20.0, 20.0, 20.0, 20.0, 20.0]",0.0356677882373333,0.01716892048716545,-0.053,4.9388,0.0272,-7.6063,-0.0401,-0.15,-0.0055,-9.8317,15.3,,50.0,,,,0.1388,-1.1843,1.1924,96.68,14.94,1.22388,1.2662,271.35,0.0,1,92.92,98.238,1,3,10,0.7,9.782,0,0.67,0,0
1790659342.4958751,47.3979712,8.546161,9.511000633239746,0.023410404101014137,-1.0801552534103394,0.005513353738933802,271.01,0.014277799135993053,-0.8098741534657298,0.0,-88.99000000000001,20.0,19.999999999999996,-0.0,0.0,-0.23158762270017894,-1.0803265608316892,14.0,0.0,0.0,"[20.0, 20.0, 20.0, 20.0, 20.0, 20.0, 20.0, 20.0, 20.0, 20.0, 20.0, 20.0, 20.0, 20.0, 20.0, 20.0, 20.0, 20.0, 20.0, 20.0, 20.0, 20.0, 20.0, 20.0, 20.0, 20.0, 20.0, 20.0, 20.0, 20.0, 20.0, 20.0, 20.0, 20.0, 20.0, 20.0, 20.0, 20.0, 20.0, 20.0, 20.0, 20.0, 20.0, 20.0, 20.0, 20.0, 20.0, 20.0, 20.0, 20.0, 20.0, 20.0, 20.0, 20.0, 20.0, 20.0, 20.0, 20.0, 20.0, 20.0, 20.0, 20.0, 20.0, 20.0, 20.0, 20.0, 20.0, 20.0, 20.0, 20.0, 20.0, 20.0]",-0.1828271448612213,0.024604277685284615,-0.0388,3.3564,0.1598,-7.8712,0.0004,-0.1305,-0.0127,-9.837,15.3,,50.0,,,,0.1596,-1.1237,1.135,98.08,14.94,1.22388,1.0804,271.24,0.0,1,93.12,98.456,1,3,10,0.7,9.775,0,0.5129,0,0
1790659342.6968105,47.3979712,8.546158499999999,9.51300048828125,0.01666131801903248,-0.9532870054244995,0.00427200784906745,271.1,0.015549928343748841,-0.8098507268185319,0.0,-88.89999999999998,20.0,19.999999999999996,-0.0,0.0,0.09870027341872532,-0.953432595496461,14.0,0.0,0.0,"[20.0, 20.0, 20.0, 20.0, 20.0, 20.0, 20.0, 20.0, 20.0, 20.0, 20.0, 20.0, 20.0, 20.0, 20.0, 20.0, 20.0, 20.0, 20.0, 20.0, 20.0, 20.0, 20.0, 20.0, 20.0, 20.0, 20.0, 20.0, 20.0, 20.0, 20.0, 20.0, 20.0, 20.0, 20.0, 20.0, 20.0, 20.0, 20.0, 20.0, 20.0, 20.0, 20.0, 20.0, 20.0, 20.0, 20.0, 20.0, 20.0, 20.0, 20.0, 20.0, 20.0, 20.0, 20.0, 20.0, 20.0, 20.0, 20.0, 20.0, 20.0, 20.0, 20.0, 20.0, 20.0, 20.0, 20.0, 20.0, 20.0, 20.0, 20.0, 20.0]",-0.37254446744918823,0.027921825647354126,0.0146,1.9354,0.3362,-5.6855,-0.1012,-0.1135,-0.0038,-9.8233,15.3,,50.0,,,,0.1794,-1.2482,1.2611,98.18,14.94,1.22388,0.9534,271.0,0.0,1,93.32,98.646,1,3,10,0.7,9.756,0,0.3229,0,0
1790659342.8969944,47.3979712,8.5461561,9.51400089263916,0.012707294896245003,-0.8749834299087524,0.0027417237870395184,271.14,0.016115306973704703,-0.8098396735657888,0.0,-88.86000000000001,20.0,19.999999999999996,-0.0,0.0,0.3079577452407505,-0.875069413589478,14.0,0.0,0.0,"[20.0, 20.0, 20.0, 20.0, 20.0, 20.0, 20.0, 20.0, 20.0, 20.0, 20.0, 20.0, 20.0, 20.0, 20.0, 20.0, 20.0, 20.0, 20.0, 20.0, 20.0, 20.0, 20.0, 20.0, 20.0, 20.0, 20.0, 20.0, 20.0, 20.0, 20.0, 20.0, 20.0, 20.0, 20.0, 20.0, 20.0, 20.0, 20.0, 20.0, 20.0, 20.0, 20.0, 20.0, 20.0, 20.0, 20.0, 20.0, 20.0, 20.0, 20.0, 20.0, 20.0, 20.0, 20.0, 20.0, 20.0, 20.0, 20.0, 20.0, 20.0, 20.0, 20.0, 20.0, 20.0, 20.0, 20.0, 20.0, 20.0, 20.0, 20.0, 20.0]",-0.5484912991523743,0.029810138046741486,0.0706,1.0186,0.1725,-3.5824,-0.1252,-0.0943,-0.0104,-9.8124,15.3,,50.0,,,,0.2218,-1.3457,1.3639,99.36,14.94,1.22388,0.8751,270.83,0.0,1,93.52,98.822,1,3,10,0.7,9.747,0,0.1931,0,0
1790659343.0980322,47.397971299999995,8.5461539,9.515000343322754,0.011986203491687775,-0.827722430229187,0.002164914272725582,271.16,0.016397993360503984,-0.809833998924316,0.0,-88.83999999999997,20.0,19.999999999999996,-0.0,0.0,0.3303609211494995,-0.8278048382925893,14.0,0.0,0.0,"[20.0, 20.0, 20.0, 20.0, 20.0, 20.0, 20.0, 20.0, 20.0, 20.0, 20.0, 20.0, 20.0, 20.0, 20.0, 20.0, 20.0, 20.0, 20.0, 20.0, 20.0, 20.0, 20.0, 20.0, 20.0, 20.0, 20.0, 20.0, 20.0, 20.0, 20.0, 20.0, 20.0, 20.0, 20.0, 20.0, 20.0, 20.0, 20.0, 20.0, 20.0, 20.0, 20.0, 20.0, 20.0, 20.0, 20.0, 20.0, 20.0, 20.0, 20.0, 20.0, 20.0, 20.0, 20.0, 20.0, 20.0, 20.0, 20.0, 20.0, 20.0, 20.0, 20.0, 20.0, 20.0, 20.0, 20.0, 20.0, 20.0, 20.0, 20.0, 20.0]",-0.715993344783783,0.03278033062815666,0.0995,0.4454,0.0055,-2.23,-0.1076,-0.0995,-0.0061,-9.8058,15.3,,50.0,,,,0.2163,-1.3763,1.3932,98.93,14.94,1.22388,0.8278,270.83,0.0,1,93.73,98.99,1,3,10,0.7,9.759,0,0.1312,0,0
1790659343.297611,47.397971299999995,8.5461517,9.515000343322754,0.014444216154515743,-0.8003771901130676,0.0016663516871631145,271.17,0.01653933580678852,-0.8098311246001048,0.0,-88.82999999999998,20.0,19.999999999999996,-0.0,0.0,0.1361089711149688,-0.8003491774539351,14.0,0.0,0.0,"[20.0, 20.0, 20.0, 20.0, 20.0, 20.0, 20.0, 20.0, 20.0, 20.0, 20.0, 20.0, 20.0, 20.0, 20.0, 20.0, 20.0, 20.0, 20.0, 20.0, 20.0, 20.0, 20.0, 20.0, 20.0, 20.0, 20.0, 20.0, 20.0, 20.0, 20.0, 20.0, 20.0, 20.0, 20.0, 20.0, 20.0, 20.0, 20.0, 20.0, 20.0, 20.0, 20.0, 20.0, 20.0, 20.0, 20.0, 20.0, 20.0, 20.0, 20.0, 20.0, 20.0, 20.0, 20.0, 20.0, 20.0, 20.0, 20.0, 20.0, 20.0, 20.0, 20.0, 20.0, 20.0, 20.0, 20.0, 20.0, 20.0, 20.0, 20.0, 20.0]",-0.8793939352035522,0.0389818511903286,0.0881,0.0939,-0.184,-1.2411,-0.092,-0.1041,-0.009,-9.8145,15.3,,50.0,,,,0.2114,-1.4104,1.4262,98.52,14.94,1.22388,0.8005,271.03,0.0,1,93.92,99.153,1,3,10,0.7,9.738,0,0.0874,0,0
1790659343.4989014,47.397971399999996,8.5461496,9.51200008392334,0.01779339835047722,-0.7843533158302307,0.001990177668631077,271.16,0.016397993360503984,-0.809833998924316,0.0,-88.83999999999997,20.0,19.999999999999996,-0.0,0.0,-0.13955694233898955,-0.7841186131974331,14.0,0.0,0.0,"[20.0, 20.0, 20.0, 20.0, 20.0, 20.0, 20.0, 20.0, 20.0, 20.0, 20.0, 20.0, 20.0, 20.0, 20.0, 20.0, 20.0, 20.0, 20.0, 20.0, 20.0, 20.0, 20.0, 20.0, 20.0, 20.0, 20.0, 20.0, 20.0, 20.0, 20.0, 20.0, 20.0, 20.0, 20.0, 20.0, 20.0, 20.0, 20.0, 20.0, 20.0, 20.0, 20.0, 20.0, 20.0, 20.0, 20.0, 20.0, 20.0, 20.0, 20.0, 20.0, 20.0, 20.0, 20.0, 20.0, 20.0, 20.0, 20.0, 20.0, 20.0, 20.0, 20.0, 20.0, 20.0, 20.0, 20.0, 20.0, 20.0, 20.0, 20.0, 20.0]",-1.0404447317123413,0.048016730695962906,0.0526,-0.1146,-0.2068,-0.7669,-0.003,-0.0818,-0.0025,-9.811,15.3,,50.0,,,,0.3453,-1.4672,1.5073,103.24,14.94,1.22388,0.7846,271.3,0.0,1,94.13,99.315,1,3,10,0.7,9.772,0,0.0309,0,0
1790659343.700161,47.3979715,8.546147399999999,9.510000228881836,0.019976798444986343,-0.7777245044708252,0.0017328675603494048,271.17,0.01653933580678852,-0.8098311246001048,0.0,-88.82999999999998,20.0,19.999999999999996,-0.0,0.0,-0.30138814124246893,-0.7775297331409408,14.0,0.0,0.0,"[20.0, 20.0, 20.0, 20.0, 20.0, 20.0, 20.0, 20.0, 20.0, 20.0, 20.0, 20.0, 20.0, 20.0, 20.0, 20.0, 20.0, 20.0, 20.0, 20.0, 20.0, 20.0, 20.0, 20.0, 20.0, 20.0, 20.0, 20.0, 20.0, 20.0, 20.0, 20.0, 20.0, 20.0, 20.0, 20.0, 20.0, 20.0, 20.0, 20.0, 20.0, 20.0, 20.0, 20.0, 20.0, 20.0, 20.0, 20.0, 20.0, 20.0, 20.0, 20.0, 20.0, 20.0, 20.0, 20.0, 20.0, 20.0, 20.0, 20.0, 20.0, 20.0, 20.0, 20.0, 20.0, 20.0, 20.0, 20.0, 20.0, 20.0, 20.0, 20.0]",-1.2033615112304688,0.057761531323194504,0.0169,-0.2336,-0.1802,-0.3499,-0.0059,-0.0784,-0.0053,-9.8131,15.3,,50.0,,,,0.5466,-1.4679,1.5664,110.42,14.94,1.22388,0.778,271.47,0.0,1,94.33,99.478,1,3,10,0.7,9.752,0,0.0,0,0
1790659343.8995159,47.3979716,8.5461452,9.508000373840332,0.024031689390540123,-0.7705563306808472,0.03144407272338867,271.16,0.016397993360503984,-0.809833998924316,0.0,-88.83999999999997,20.0,19.999999999999996,-0.0,0.0,-0.6263304216480206,-0.7698865986880906,14.0,0.0,0.0,"[20.0, 20.0, 20.0, 20.0, 20.0, 20.0, 20.0, 20.0, 20.0, 20.0, 20.0, 20.0, 20.0, 20.0, 20.0, 20.0, 20.0, 20.0, 20.0, 20.0, 20.0, 20.0, 20.0, 20.0, 20.0, 20.0, 20.0, 20.0, 20.0, 20.0, 20.0, 20.0, 20.0, 20.0, 20.0, 20.0, 20.0, 20.0, 20.0, 20.0, 20.0, 20.0, 20.0, 20.0, 20.0, 20.0, 20.0, 20.0, 20.0, 20.0, 20.0, 20.0, 20.0, 20.0, 20.0, 20.0, 20.0, 20.0, 20.0, 20.0, 20.0, 20.0, 20.0, 20.0, 20.0, 20.0, 20.0, 20.0, 20.0, 20.0, 20.0, 20.0]",-1.3680222034454346,0.07149884104728699,-0.0412,0.7349,-0.5643,10.2861,-0.0397,-0.0752,-0.0019,-9.0697,15.3,,50.0,,,,0.5258,-1.4595,1.5513,109.81,14.94,1.22388,0.7709,271.79,0.0,1,94.53,99.643,1,3,10,0.7,9.772,0,0.0,0,0
1790659344.100598,47.3979718,8.5461431,9.47700023651123,0.02463461086153984,-0.7186912298202515,0.2584000527858734,271.16,0.016397993360503984,-0.809833998924316,0.0,-88.83999999999997,20.0,19.999999999999996,-0.0,0.0,-0.8031613427825027,-0.7181575798286389,14.0,0.0,0.0,"[20.0, 20.0, 20.0, 20.0, 20.0, 20.0, 20.0, 20.0, 20.0, 20.0, 20.0, 20.0, 20.0, 20.0, 20.0, 20.0, 20.0, 20.0, 20.0, 20.0, 20.0, 20.0, 20.0, 20.0, 20.0, 20.0, 20.0, 20.0, 20.0, 20.0, 20.0, 20.0, 20.0, 20.0, 20.0, 20.0, 20.0, 20.0, 20.0, 20.0, 20.0, 20.0, 20.0, 20.0, 20.0, 20.0, 20.0, 20.0, 20.0, 20.0, 20.0, 20.0, 20.0, 20.0, 20.0, 20.0, 20.0, 20.0, 20.0, 20.0, 20.0, 20.0, 20.0, 20.0, 20.0, 20.0, 20.0, 20.0, 20.0, 20.0, 20.0, 20.0]",-1.52767813205719,0.08523518592119217,-0.1512,2.4573,-0.5632,7.0111,0.0515,-0.0678,-0.0078,-8.1583,15.3,,50.0,,,,0.3036,-1.3404,1.3743,102.76,14.94,1.22389,0.7191,271.96,0.0,1,94.73,99.803,1,3,10,0.7,9.746,0,0.0319,0,0
1790659344.3012302,47.397971899999995,8.5461413,9.373000144958496,0.022885901853442192,-0.6296985745429993,0.6498708128929138,271.17,0.01653933580678852,-0.8098311246001048,0.0,-88.82999999999998,20.0,19.999999999999996,-0.0,0.0,-0.911454120293717,-0.628805280953867,14.0,0.0,0.0,"[20.0, 20.0, 20.0, 20.0, 20.0, 20.0, 20.0, 20.0, 20.0, 20.0, 20.0, 20.0, 20.0, 20.0, 20.0, 20.0, 20.0, 20.0, 20.0, 20.0, 20.0, 20.0, 20.0, 20.0, 20.0, 20.0, 20.0, 20.0, 20.0, 20.0, 20.0, 20.0, 20.0, 20.0, 20.0, 20.0, 20.0, 20.0, 20.0, 20.0, 20.0, 20.0, 20.0, 20.0, 20.0, 20.0, 20.0, 20.0, 20.0, 20.0, 20.0, 20.0, 20.0, 20.0, 20.0, 20.0, 20.0, 20.0, 20.0, 20.0, 20.0, 20.0, 20.0, 20.0, 20.0, 20.0, 20.0, 20.0, 20.0, 20.0, 20.0, 20.0]",-1.6707217693328857,0.09970275312662125,-0.2593,3.6994,-0.5405,5.9298,0.052,-0.0537,-0.0051,-7.4796,15.3,,50.0,,,,0.3241,-1.3631,1.4011,103.38,14.94,1.2239,0.6301,272.08,0.0,1,94.93,99.947,1,3,10,0.7,9.671,0,0.0,0,0
1790659344.502401,47.397971999999996,8.5461397,9.17300033569336,0.01721343584358692,-0.5124220848083496,1.1075379848480225,271.21,0.017104700510702814,-0.8098193806154798,0.0,-88.79000000000002,20.0,19.999999999999996,-0.0,0.0,-0.7139734717816762,-0.5116619987668831,14.0,0.0,0.0,"[20.0, 20.0, 20.0, 20.0, 20.0, 20.0, 20.0, 20.0, 20.0, 20.0, 20.0, 20.0, 20.0, 20.0, 20.0, 20.0, 20.0, 20.0, 20.0, 20.0, 20.0, 20.0, 20.0, 20.0, 20.0, 20.0, 20.0, 20.0, 20.0, 20.0, 20.0, 20.0, 20.0, 20.0, 20.0, 20.0, 20.0, 20.0, 20.0, 20.0, 20.0, 20.0, 20.0, 20.0, 20.0, 20.0, 20.0, 20.0, 20.0, 20.0, 20.0, 20.0, 20.0, 20.0, 20.0, 20.0, 20.0, 20.0, 20.0, 20.0, 20.0, 20.0, 20.0, 20.0, 20.0, 20.0, 20.0, 20.0, 20.0, 20.0, 20.0, 20.0]",-1.790723204612732,0.11144772917032242,-0.3509,4.8267,-0.4176,4.3995,0.0065,-0.0387,-0.0026,-8.3393,15.3,,50.0,,,,0.3267,-1.3077,1.3479,104.03,14.94,1.22392,0.5127,271.92,0.0,1,95.13,100.068,1,3,10,0.7,9.471,0,0.0,0,0
1790659344.7030416,47.397971999999996,8.5461385,8.905000686645508,0.003771757474169135,-0.3502623736858368,1.3208328485488892,271.27,0.017952731849297365,-0.8098010245851429,0.0,-88.73000000000002,20.0,19.999999999999996,-0.0,0.0,0.6530412617194952,-0.3499089260315122,14.0,0.0,0.0,"[20.0, 20.0, 20.0, 20.0, 20.0, 20.0, 20.0, 20.0, 20.0, 20.0, 20.0, 20.0, 20.0, 20.0, 20.0, 20.0, 20.0, 20.0, 20.0, 20.0, 20.0, 20.0, 20.0, 20.0, 20.0, 20.0, 20.0, 20.0, 20.0, 20.0, 20.0, 20.0, 20.0, 20.0, 20.0, 20.0, 20.0, 20.0, 20.0, 20.0, 20.0, 20.0, 20.0, 20.0, 20.0, 20.0, 20.0, 20.0, 20.0, 20.0, 20.0, 20.0, 20.0, 20.0, 20.0, 20.0, 20.0, 20.0, 20.0, 20.0, 20.0, 20.0, 20.0, 20.0, 20.0, 20.0, 20.0, 20.0, 20.0, 20.0, 20.0, 20.0]",-1.8812096118927002,0.11660809814929962,-0.3794,5.3459,0.1547,1.1304,-0.0804,-0.0123,0.0029,-9.4874,15.3,,50.0,,,,0.3197,-1.3363,1.374,103.45,14.94,1.22395,0.3503,270.62,0.0,1,95.33,100.158,1,3,10,0.7,9.208,0,0.0,0,0
1790659344.9034908,47.397971999999996,8.5461379,8.623000144958496,-0.014016855508089066,-0.16415643692016602,1.3366117477416992,271.33,0.018800743500520238,-0.8097817805086922,0.0,-88.67000000000002,20.0,19.999999999999996,0.0,0.0,3.3999993275397165,-0.16470852365140415,14.0,0.0,0.0,"[20.0, 20.0, 20.0, 20.0, 20.0, 20.0, 20.0, 20.0, 20.0, 20.0, 20.0, 20.0, 20.0, 20.0, 20.0, 20.0, 20.0, 20.0, 20.0, 20.0, 20.0, 20.0, 20.0, 20.0, 20.0, 20.0, 20.0, 20.0, 20.0, 20.0, 20.0, 20.0, 20.0, 20.0, 20.0, 20.0, 20.0, 20.0, 20.0, 20.0, 20.0, 20.0, 20.0, 20.0, 20.0, 20.0, 20.0, 20.0, 20.0, 20.0, 20.0, 20.0, 20.0, 20.0, 20.0, 20.0, 20.0, 20.0, 20.0, 20.0, 20.0, 20.0, 20.0, 20.0, 20.0, 20.0, 20.0, 20.0, 20.0, 20.0, 20.0, 20.0]",-1.9349406957626343,0.11328645795583725,-0.2505,5.3725,1.064,-0.6429,-0.1765,-0.0042,-0.008,-10.2568,15.3,,50.0,,,,0.3801,-1.3513,1.4038,105.71,14.94,1.22399,0.1648,265.12,0.0,1,95.53,100.212,1,3,10,0.7,8.958,0,0.0,0,0
1790659345.1046565,47.397971899999995,8.5461377,8.36400032043457,-0.028803253546357155,0.026317084208130836,1.210394024848938,271.37,0.01936607320467227,-0.8097684577758208,0.0,-88.63,20.0,19.999999999999996,0.0,0.0,5.363551530855145,0.0037304584504987345,14.0,0.0,0.0,"[20.0, 20.0, 20.0, 20.0, 20.0, 20.0, 20.0, 20.0, 20.0, 20.0, 20.0, 20.0, 20.0, 20.0, 20.0, 20.0, 20.0, 20.0, 20.0, 20.0, 20.0, 20.0, 20.0, 20.0, 20.0, 20.0, 20.0, 20.0, 20.0, 20.0, 20.0, 20.0, 20.0, 20.0, 20.0, 20.0, 20.0, 20.0, 20.0, 20.0, 20.0, 20.0, 20.0, 20.0, 20.0, 20.0, 20.0, 20.0, 20.0, 20.0, 20.0, 20.0, 20.0, 20.0, 20.0, 20.0, 20.0, 20.0, 20.0, 20.0, 20.0, 20.0, 20.0, 20.0, 20.0, 20.0, 20.0, 20.0, 20.0, 20.0, 20.0, 20.0]",-1.9480096101760864,0.1034630611538887,-0.0412,4.3712,0.9062,-12.7827,-0.3622,0.0035,-0.0058,-10.8439,15.3,,50.0,,,,0.4651,-1.2665,1.3492,110.16,14.95,1.22402,0.039,137.58,0.0,1,95.73,100.228,1,3,10,0.7,8.746,0,0.0,0,0
1790659345.3053644,47.3979718,8.546138,8.14900016784668,-0.0347946397960186,0.14421069622039795,1.0377936363220215,271.36,0.01922474165275816,-0.8097718254597309,0.0,-88.63999999999999,20.0,19.999999999999996,0.0,0.0,5.9680430200529075,-0.14364783511424764,14.0,0.0,0.0,"[20.0, 20.0, 20.0, 20.0, 20.0, 20.0, 20.0, 20.0, 20.0, 20.0, 20.0, 20.0, 20.0, 20.0, 20.0, 20.0, 20.0, 20.0, 20.0, 20.0, 20.0, 20.0, 20.0, 20.0, 20.0, 20.0, 20.0, 20.0, 20.0, 20.0, 20.0, 20.0, 20.0, 20.0, 20.0, 20.0, 20.0, 20.0, 20.0, 20.0, 20.0, 20.0, 20.0, 20.0, 20.0, 20.0, 20.0, 20.0, 20.0, 20.0, 20.0, 20.0, 20.0, 20.0, 20.0, 20.0, 20.0, 20.0, 20.0, 20.0, 20.0, 20.0, 20.0, 20.0, 20.0, 20.0, 20.0, 20.0, 20.0, 20.0, 20.0, 20.0]",-1.9278082847595215,0.09270939975976944,0.0883,1.2976,0.5738,-11.63,-0.4963,0.0205,-0.0058,-9.9465,15.3,,50.0,,,,0.409,-1.2145,1.2815,108.61,14.95,1.22404,0.1483,103.56,0.0,1,95.93,100.251,1,3,10,0.7,8.525,0,0.0,0,0
1790659345.5051448,47.3979717,8.5461384,7.950000286102295,-0.03273707255721092,0.1643584668636322,1.0577210187911987,271.31,0.018518075195003415,-0.8097882938713502,0.0,-88.69,20.0,19.999999999999996,0.0,0.0,5.515945703483026,-0.1671558691225339,14.0,0.0,0.0,"[20.0, 20.0, 20.0, 20.0, 20.0, 20.0, 20.0, 20.0, 20.0, 20.0, 20.0, 20.0, 20.0, 20.0, 20.0, 20.0, 20.0, 20.0, 20.0, 20.0, 20.0, 20.0, 20.0, 20.0, 20.0, 20.0, 20.0, 20.0, 20.0, 20.0, 20.0, 20.0, 20.0, 20.0, 20.0, 20.0, 20.0, 20.0, 20.0, 20.0, 20.0, 20.0, 20.0, 20.0, 20.0, 20.0, 20.0, 20.0, 20.0, 20.0, 20.0, 20.0, 20.0, 20.0, 20.0, 20.0, 20.0, 20.0, 20.0, 20.0, 20.0, 20.0, 20.0, 20.0, 20.0, 20.0, 20.0, 20.0, 20.0, 20.0, 20.0, 20.0]",-1.897128701210022,0.08427279442548752,0.1689,0.0228,0.3136,-3.3495,-0.5068,0.0235,-0.0015,-9.5806,15.3,,50.0,,,,0.318,-1.2486,1.2885,104.29,14.95,1.22407,0.1676,101.26,0.0,1,96.13,100.283,1,3,10,0.7,8.339,0,0.0,0,0
1790659345.7052624,47.3979717,8.5461387,7.743000507354736,-0.025934282690286636,0.15030860900878906,1.08613920211792,271.22,0.01724604039484847,-0.8098163829478255,0.0,-88.77999999999997,20.0,19.999999999999996,0.0,0.0,4.332475219188846,-0.1525259854188764,14.0,0.0,0.0,"[20.0, 20.0, 20.0, 20.0, 20.0, 20.0, 20.0, 20.0, 20.0, 20.0, 20.0, 20.0, 20.0, 20.0, 20.0, 20.0, 20.0, 20.0, 20.0, 20.0, 20.0, 20.0, 20.0, 20.0, 20.0, 20.0, 20.0, 20.0, 20.0, 20.0, 20.0, 20.0, 20.0, 20.0, 20.0, 20.0, 20.0, 20.0, 20.0, 20.0, 20.0, 20.0, 20.0, 20.0, 20.0, 20.0, 20.0, 20.0, 20.0, 20.0, 20.0, 20.0, 20.0, 20.0, 20.0, 20.0, 20.0, 20.0, 20.0, 20.0, 20.0, 20.0, 20.0, 20.0, 20.0, 20.0, 20.0, 20.0, 20.0, 20.0, 20.0, 20.0]",-1.8717149496078491,0.07970865815877914,0.2003,-0.3884,-0.0855,-0.9896,-0.4578,0.0225,0.0025,-9.7486,15.3,,50.0,,,,0.1897,-1.207,1.2218,98.93,14.95,1.22409,0.1525,99.79,0.0,1,96.33,100.309,1,3,10,0.7,8.12,0,0.0,0,0
1790659345.905653,47.3979717,8.546139,7.532000541687012,-0.016871564090251923,0.12424205988645554,1.088013768196106,271.14,0.016115306973704703,-0.8098396735657888,0.0,-88.86000000000001,20.0,19.999999999999996,0.0,0.0,2.747397275672477,-0.1243988393688634,14.0,0.0,0.0,"[20.0, 20.0, 20.0, 20.0, 20.0, 20.0, 20.0, 20.0, 20.0, 20.0, 20.0, 20.0, 20.0, 20.0, 20.0, 20.0, 20.0, 20.0, 20.0, 20.0, 20.0, 20.0, 20.0, 20.0, 20.0, 20.0, 20.0, 20.0, 20.0, 20.0, 20.0, 20.0, 20.0, 20.0, 20.0, 20.0, 20.0, 20.0, 20.0, 20.0, 20.0, 20.0, 20.0, 20.0, 20.0, 20.0, 20.0, 20.0, 20.0, 20.0, 20.0, 20.0, 20.0, 20.0, 20.0, 20.0, 20.0, 20.0, 20.0, 20.0, 20.0, 20.0, 20.0, 20.0, 20.0, 20.0, 20.0, 20.0, 20.0, 20.0, 20.0, 20.0]",-1.854663610458374,0.07954437285661697,0.1627,-0.4742,-0.3809,0.02,-0.295,0.0172,-0.0072,-9.8325,15.3,,50.0,,,,0.0949,-1.2016,1.2053,94.52,14.95,1.22411,0.1254,97.73,0.0,1,96.53,100.326,1,3,10,0.7,7.891,0,0.0,0,0
1790659346.1068287,47.3979717,8.5461391,7.321000576019287,-0.010151115246117115,0.09582546353340149,1.0757980346679688,271.1,0.015549928343748841,-0.8098507268185319,0.0,-88.89999999999998,20.0,19.999999999999996,0.0,0.0,1.5866187908153575,-0.09223034400770413,14.0,0.0,0.0,"[20.0, 20.0, 20.0, 20.0, 20.0, 20.0, 20.0, 20.0, 20.0, 20.0, 20.0, 20.0, 20.0, 20.0, 20.0, 20.0, 20.0, 20.0, 20.0, 20.0, 20.0, 20.0, 20.0, 20.0, 20.0, 20.0, 20.0, 20.0, 20.0, 20.0, 20.0, 20.0, 20.0, 20.0, 20.0, 20.0, 20.0, 20.0, 20.0, 20.0, 20.0, 20.0, 20.0, 20.0, 20.0, 20.0, 20.0, 20.0, 20.0, 20.0, 20.0, 20.0, 20.0, 20.0, 20.0, 20.0, 20.0, 20.0, 20.0, 20.0, 20.0, 20.0, 20.0, 20.0, 20.0, 20.0, 20.0, 20.0, 20.0, 20.0, 20.0, 20.0]",-1.845556616783142,0.08128015697002411,0.0893,-0.4094,-0.4602,0.6141,-0.0472,0.0066,-0.0067,-9.8944,15.3,,50.0,,,,0.0525,-1.0974,1.0986,92.74,14.95,1.22414,0.0964,96.05,0.0,1,96.73,100.335,1,3,10,0.7,7.618,0,0.0,0,0
1790659346.3076603,47.3979717,8.5461391,7.1110005378723145,-0.007425650488585234,0.07075189054012299,1.0544074773788452,271.09000000000003,0.015408582491301339,-0.8098534284582667,0.0,-88.90999999999997,20.0,19.999999999999996,0.0,0.0,1.1607296372500358,-0.06324469674994294,14.0,0.0,0.0,"[20.0, 20.0, 20.0, 20.0, 20.0, 20.0, 20.0, 20.0, 20.0, 20.0, 20.0, 20.0, 20.0, 20.0, 20.0, 20.0, 20.0, 20.0, 20.0, 20.0, 20.0, 20.0, 20.0, 20.0, 20.0, 20.0, 20.0, 20.0, 20.0, 20.0, 20.0, 20.0, 20.0, 20.0, 20.0, 20.0, 20.0, 20.0, 20.0, 20.0, 20.0, 20.0, 20.0, 20.0, 20.0, 20.0, 20.0, 20.0, 20.0, 20.0, 20.0, 20.0, 20.0, 20.0, 20.0, 20.0, 20.0, 20.0, 20.0, 20.0, 20.0, 20.0, 20.0, 20.0, 20.0, 20.0, 20.0, 20.0, 20.0, 20.0, 20.0, 20.0]",-1.8424022197723389,0.08250742405653,0.0293,-0.2708,-0.2385,0.9011,0.0895,0.0125,-0.0016,-9.9349,15.3,,50.0,,,,0.0661,-1.1673,1.1691,93.24,14.95,1.22416,0.0711,95.99,0.0,1,96.93,100.339,1,3,10,0.7,7.476,0,0.0,0,0
1790659346.508708,47.3979717,8.5461391,6.907000541687012,-0.007353387773036957,0.050751082599163055,1.0275121927261353,271.12,0.015832618623305227,-0.809845249530754,0.0,-88.88,20.0,19.999999999999996,0.0,0.0,1.2144847405715953,0.05004221429024339,14.0,0.0,0.0,"[20.0, 20.0, 20.0, 20.0, 20.0, 20.0, 20.0, 20.0, 20.0, 20.0, 20.0, 20.0, 20.0, 20.0, 20.0, 20.0, 20.0, 20.0, 20.0, 20.0, 20.0, 20.0, 20.0, 20.0, 20.0, 20.0, 20.0, 20.0, 20.0, 20.0, 20.0, 20.0, 20.0, 20.0, 20.0, 20.0, 20.0, 20.0, 20.0, 20.0, 20.0, 20.0, 20.0, 20.0, 20.0, 20.0, 20.0, 20.0, 20.0, 20.0, 20.0, 20.0, 20.0, 20.0, 20.0, 20.0, 20.0, 20.0, 20.0, 20.0, 20.0, 20.0, 20.0, 20.0, 20.0, 20.0, 20.0, 20.0, 20.0, 20.0, 20.0, 20.0]",-1.843858242034912,0.0823960229754448,0.0081,-0.1022,0.0374,0.9707,0.136,0.0126,-0.0,-9.9432,15.3,,50.0,,,,0.0002,-1.1274,1.1274,90.01,14.96,1.22419,0.0513,98.24,0.0,1,97.14,100.34,1,3,10,0.7,7.334,0,0.0,0,0
1790659346.7085736,47.3979717,8.5461391,6.708000183105469,-0.007739427033811808,0.03886193037033081,1.0004007816314697,271.15,0.016256650414706926,-0.8098368485795728,0.0,-88.85000000000002,20.0,19.999999999999996,0.0,0.0,1.3286250306262413,0.03614208400231076,14.0,0.0,0.0,"[20.0, 20.0, 20.0, 20.0, 20.0, 20.0, 20.0, 20.0, 20.0, 20.0, 20.0, 20.0, 20.0, 20.0, 20.0, 20.0, 20.0, 20.0, 20.0, 20.0, 20.0, 20.0, 20.0, 20.0, 20.0, 20.0, 20.0, 20.0, 20.0, 20.0, 20.0, 20.0, 20.0, 20.0, 20.0, 20.0, 20.0, 20.0, 20.0, 20.0, 20.0, 20.0, 20.0, 20.0, 20.0, 20.0, 20.0, 20.0, 20.0, 20.0, 20.0, 20.0, 20.0, 20.0, 20.0, 20.0, 20.0, 20.0, 20.0, 20.0, 20.0, 20.0, 20.0, 20.0, 20.0, 20.0, 20.0, 20.0, 20.0, 20.0, 20.0, 20.0]",-1.8459056615829468,0.08192561566829681,0.0135,0.0407,0.0271,0.5787,0.1441,0.0173,-0.0018,-9.9376,15.3,,50.0,,,,-0.0266,-0.9018,0.9022,88.31,14.96,1.22421,0.0396,101.26,0.0,1,97.34,100.342,1,3,10,0.7,7.107,0,0.0,0,0
1790659346.9090497,47.3979717,8.5461391,6.515000343322754,-0.006987550295889378,0.033784590661525726,0.9726927876472473,271.18,0.016680677749256436,-0.8098282256070268,0.0,-88.82,20.0,19.999999999999996,0.0,0.0,1.2011881198288077,0.028805730584327578,14.0,0.0,0.0,"[20.0, 20.0, 20.0, 20.0, 20.0, 20.0, 20.0, 20.0, 20.0, 20.0, 20.0, 20.0, 20.0, 20.0, 20.0, 20.0, 20.0, 20.0, 20.0, 20.0, 20.0, 20.0, 20.0, 20.0, 20.0, 20.0, 20.0, 20.0, 20.0, 20.0, 20.0, 20.0, 20.0, 20.0, 20.0, 20.0, 20.0, 20.0, 20.0, 20.0, 20.0, 20.0, 20.0, 20.0, 20.0, 20.0, 20.0, 20.0, 20.0, 20.0, 20.0, 20.0, 20.0, 20.0, 20.0, 20.0, 20.0, 20.0, 20.0, 20.0, 20.0, 20.0, 20.0, 20.0, 20.0, 20.0, 20.0, 20.0, 20.0, 20.0, 20.0, 20.0]",-1.846574306488037,0.08165948837995529,0.0157,0.1256,-0.0707,0.3182,0.0955,0.0108,0.0001,-9.9487,15.3,,50.0,,,,0.0363,-0.867,0.8677,92.4,14.96,1.22423,0.0345,101.69,0.0,1,97.54,100.343,1,3,10,0.7,6.915,0,0.0,0,0
1790659347.1097157,47.3979717,8.5461391,6.326000213623047,-0.006143770646303892,0.03328188508749008,0.9392411708831787,271.21,0.017104700510702814,-0.8098193806154798,0.0,-88.79000000000002,20.0,19.999999999999996,0.0,0.0,1.0387713270977272,-0.03326181627838147,14.0,0.0,0.0,"[20.0, 20.0, 20.0, 20.0, 20.0, 20.0, 20.0, 20.0, 20.0, 20.0, 20.0, 20.0, 20.0, 20.0, 20.0, 20.0, 20.0, 20.0, 20.0, 20.0, 20.0, 20.0, 20.0, 20.0, 20.0, 20.0, 20.0, 20.0, 20.0, 20.0, 20.0, 20.0, 20.0, 20.0, 20.0, 20.0, 20.0, 20.0, 20.0, 20.0, 20.0, 20.0, 20.0, 20.0, 20.0, 20.0, 20.0, 20.0, 20.0, 20.0, 20.0, 20.0, 20.0, 20.0, 20.0, 20.0, 20.0, 20.0, 20.0, 20.0, 20.0, 20.0, 20.0, 20.0, 20.0, 20.0, 20.0, 20.0, 20.0, 20.0, 20.0, 20.0]",-1.844213604927063,0.08166713267564774,0.0133,0.1498,0.0005,-0.0153,0.0012,0.0136,-0.0091,-9.9641,15.3,,50.0,,,,0.0127,-0.8944,0.8945,90.81,14.96,1.22426,0.0338,100.46,0.0,1,97.74,100.345,1,3,10,0.7,6.7,0,0.0,0,0
1790659347.310723,47.3979717,8.5461391,6.14300012588501,-0.004974372684955597,0.034052688628435135,0.9095947742462158,271.22,0.01724604039484847,-0.8098163829478255,0.0,-88.77999999999997,20.0,19.999999999999996,0.0,0.0,0.8112951453037768,-0.03119617075776204,14.0,0.0,0.0,"[20.0, 20.0, 20.0, 20.0, 20.0, 20.0, 20.0, 20.0, 20.0, 20.0, 20.0, 20.0, 20.0, 20.0, 20.0, 20.0, 20.0, 20.0, 20.0, 20.0, 20.0, 20.0, 20.0, 20.0, 20.0, 20.0, 20.0, 20.0, 20.0, 20.0, 20.0, 20.0, 20.0, 20.0, 20.0, 20.0, 20.0, 20.0, 20.0, 20.0, 20.0, 20.0, 20.0, 20.0, 20.0, 20.0, 20.0, 20.0, 20.0, 20.0, 20.0, 20.0, 20.0, 20.0, 20.0, 20.0, 20.0, 20.0, 20.0, 20.0, 20.0, 20.0, 20.0, 20.0, 20.0, 20.0, 20.0, 20.0, 20.0, 20.0, 20.0, 20.0]",-1.839620590209961,0.08304194360971451,0.0053,0.1198,-0.0801,-0.1401,0.0223,0.0147,-0.0051,-9.9619,15.3,,50.0,,,,-0.0929,-0.8738,0.8787,83.93,14.96,1.22428,0.0344,98.31,0.0,1,97.94,100.35,1,3,10,0.7,6.491,0,0.0,0,0
1790659347.5116684,47.3979717,8.546139199999999,5.966000080108643,-0.004073347896337509,0.033989522606134415,0.880332350730896,271.21,0.017104700510702814,-0.8098193806154798,0.0,-88.79000000000002,20.0,19.999999999999996,0.0,0.0,0.6406710824759299,-0.029343334143703215,14.0,0.0,0.0,"[20.0, 20.0, 20.0, 20.0, 20.0, 20.0, 20.0, 20.0, 20.0, 20.0, 20.0, 20.0, 20.0, 20.0, 20.0, 20.0, 20.0, 20.0, 20.0, 20.0, 20.0, 20.0, 20.0, 20.0, 20.0, 20.0, 20.0, 20.0, 20.0, 20.0, 20.0, 20.0, 20.0, 20.0, 20.0, 20.0, 20.0, 20.0, 20.0, 20.0, 20.0, 20.0, 20.0, 20.0, 20.0, 20.0, 20.0, 20.0, 20.0, 20.0, 20.0, 20.0, 20.0, 20.0, 20.0, 20.0, 20.0, 20.0, 20.0, 20.0, 20.0, 20.0, 20.0, 20.0, 20.0, 20.0, 20.0, 20.0, 20.0, 20.0, 20.0, 20.0]",-1.8339964151382446,0.08556549996137619,-0.0173,0.079,-0.0842,-0.2278,-0.0936,0.0151,-0.0076,-9.9485,15.3,,50.0,,,,-0.1521,-0.9096,0.9222,80.51,14.96,1.2243,0.0342,96.83,0.0,1,98.14,100.356,1,3,10,0.7,6.354,0,0.0,0,0
1790659347.7114232,47.3979718,8.5461393,5.795000076293945,-0.0038437379989773035,0.031524334102869034,0.8522748947143555,271.2,0.0169633601055189,-0.809822353614625,0.0,-88.80000000000001,20.0,19.999999999999996,0.0,0.0,0.6078279617214715,-0.024139767686892195,14.0,0.0,0.0,"[20.0, 20.0, 20.0, 20.0, 20.0, 20.0, 20.0, 20.0, 20.0, 20.0, 20.0, 20.0, 20.0, 20.0, 20.0, 20.0, 20.0, 20.0, 20.0, 20.0, 20.0, 20.0, 20.0, 20.0, 20.0, 20.0, 20.0, 20.0, 20.0, 20.0, 20.0, 20.0, 20.0, 20.0, 20.0, 20.0, 20.0, 20.0, 20.0, 20.0, 20.0, 20.0, 20.0, 20.0, 20.0, 20.0, 20.0, 20.0, 20.0, 20.0, 20.0, 20.0, 20.0, 20.0, 20.0, 20.0, 20.0, 20.0, 20.0, 20.0, 20.0, 20.0, 20.0, 20.0, 20.0, 20.0, 20.0, 20.0, 20.0, 20.0, 20.0, 20.0]",-1.8291147947311401,0.08880557864904404,-0.0474,0.0272,-0.0511,-0.1554,-0.183,0.0194,-0.0054,-9.9442,15.3,,50.0,,,,-0.4192,-0.9126,1.0043,65.33,14.96,1.22432,0.0318,96.95,0.0,1,98.34,100.362,1,3,10,0.7,6.176,0,0.0,0,0
1790659347.9125307,47.3979718,8.5461393,5.63100004196167,-0.0029873799066990614,0.027457991614937782,0.8258452415466309,271.2,0.0169633601055189,-0.809822353614625,0.0,-88.80000000000001,20.0,19.999999999999996,0.0,0.0,0.4605885456754316,-0.015596807256730143,14.0,0.0,0.0,"[20.0, 20.0, 20.0, 20.0, 20.0, 20.0, 20.0, 20.0, 20.0, 20.0, 20.0, 20.0, 20.0, 20.0, 20.0, 20.0, 20.0, 20.0, 20.0, 20.0, 20.0, 20.0, 20.0, 20.0, 20.0, 20.0, 20.0, 20.0, 20.0, 20.0, 20.0, 20.0, 20.0, 20.0, 20.0, 20.0, 20.0, 20.0, 20.0, 20.0, 20.0, 20.0, 20.0, 20.0, 20.0, 20.0, 20.0, 20.0, 20.0, 20.0, 20.0, 20.0, 20.0, 20.0, 20.0, 20.0, 20.0, 20.0, 20.0, 20.0, 20.0, 20.0, 20.0, 20.0, 20.0, 20.0, 20.0, 20.0, 20.0, 20.0, 20.0, 20.0]",-1.8252180814743042,0.09335353225469589,-0.0815,0.0008,-0.2908,-0.042,-0.1041,0.0126,0.0037,-9.9375,15.3,,50.0,,,,-0.3489,-0.8852,0.9515,68.49,14.96,1.22434,0.0276,96.21,0.0,1,98.54,100.368,1,3,10,0.7,5.997,0,0.0,0,0
1790659348.112853,47.3979718,8.5461394,5.474000453948975,-0.0043990169651806355,0.0222898218780756,0.8012415766716003,271.2,0.0169633601055189,-0.809822353614625,0.0,-88.80000000000001,20.0,19.999999999999996,0.0,0.0,0.750770353556602,-0.009553758489490373,14.0,0.0,0.0,"[20.0, 20.0, 20.0, 20.0, 20.0, 20.0, 20.0, 20.0, 20.0, 20.0, 20.0, 20.0, 20.0, 20.0, 20.0, 20.0, 20.0, 20.0, 20.0, 20.0, 20.0, 20.0, 20.0, 20.0, 20.0, 20.0, 20.0, 20.0, 20.0, 20.0, 20.0, 20.0, 20.0, 20.0, 20.0, 20.0, 20.0, 20.0, 20.0, 20.0, 20.0, 20.0, 20.0, 20.0, 20.0, 20.0, 20.0, 20.0, 20.0, 20.0, 20.0, 20.0, 20.0, 20.0, 20.0, 20.0, 20.0, 20.0, 20.0, 20.0, 20.0, 20.0, 20.0, 20.0, 20.0, 20.0, 20.0, 20.0, 20.0, 20.0, 20.0, 20.0]",-1.8226068019866943,0.09694361686706543,-0.127,0.005,-0.2145,0.036,-0.0554,0.0151,-0.0028,-9.918,15.3,,50.0,,,,-0.4385,-0.9196,1.0188,64.5,14.96,1.22436,0.0227,101.16,0.0,1,98.74,100.372,1,3,10,0.7,5.836,0,0.0,0,0
1790659348.3132796,47.397971899999995,8.5461394,5.303000450134277,-0.006861458532512188,0.018264062702655792,0.7791564464569092,271.19,0.01682201918360185,-0.8098253019451706,0.0,-88.81,20.0,19.999999999999996,0.0,0.0,1.2375247029721426,-0.007409955784754847,14.0,0.0,0.0,"[20.0, 20.0, 20.0, 20.0, 20.0, 20.0, 20.0, 20.0, 20.0, 20.0, 20.0, 20.0, 20.0, 20.0, 20.0, 20.0, 20.0, 20.0, 20.0, 20.0, 20.0, 20.0, 20.0, 20.0, 20.0, 20.0, 20.0, 20.0, 20.0, 20.0, 20.0, 20.0, 20.0, 20.0, 20.0, 20.0, 20.0, 20.0, 20.0, 20.0, 20.0, 20.0, 20.0, 20.0, 20.0, 20.0, 20.0, 20.0, 20.0, 20.0, 20.0, 20.0, 20.0, 20.0, 20.0, 20.0, 20.0, 20.0, 20.0, 20.0, 20.0, 20.0, 20.0, 20.0, 20.0, 20.0, 20.0, 20.0, 20.0, 20.0, 20.0, 20.0]",-1.8197935819625854,0.09996981173753738,-0.1465,0.0145,-0.032,0.1021,-0.1644,0.014,0.0012,-9.9058,15.3,,50.0,,,,-0.4301,-0.9039,1.001,64.55,14.97,1.22438,0.0195,110.59,0.0,1,98.94,100.377,1,3,10,0.7,5.643,0,0.0,0,0
1790659348.5145323,47.397971899999995,8.546139499999999,5.154000282287598,-0.009087453596293926,0.015476579777896404,0.7565961480140686,271.2,0.0169633601055189,-0.809822353614625,0.0,-88.80000000000001,20.0,19.999999999999996,0.0,0.0,1.6728178832812697,-0.004064851329730129,14.0,0.0,0.0,"[20.0, 20.0, 20.0, 20.0, 20.0, 20.0, 20.0, 20.0, 20.0, 20.0, 20.0, 20.0, 20.0, 20.0, 20.0, 20.0, 20.0, 20.0, 20.0, 20.0, 20.0, 20.0, 20.0, 20.0, 20.0, 20.0, 20.0, 20.0, 20.0, 20.0, 20.0, 20.0, 20.0, 20.0, 20.0, 20.0, 20.0, 20.0, 20.0, 20.0, 20.0, 20.0, 20.0, 20.0, 20.0, 20.0, 20.0, 20.0, 20.0, 20.0, 20.0, 20.0, 20.0, 20.0, 20.0, 20.0, 20.0, 20.0, 20.0, 20.0, 20.0, 20.0, 20.0, 20.0, 20.0, 20.0, 20.0, 20.0, 20.0, 20.0, 20.0, 20.0]",-1.8167458772659302,0.10318021476268768,-0.1615,0.0145,-0.1399,-0.1051,-0.0693,0.014,-0.002,-9.9246,15.3,,50.0,,,,-0.467,-0.9539,1.0621,63.91,14.97,1.22439,0.0179,120.42,0.0,1,99.14,100.381,1,3,10,0.7,5.526,0,0.0,0,0
1790659348.7157016,47.397971899999995,8.546139499999999,5.011000156402588,-0.01442975364625454,0.01310742273926735,0.7338616251945496,271.19,0.01682201918360185,-0.8098253019451706,0.0,-88.81,20.0,19.999999999999996,0.0,0.0,2.701293277359839,-0.015602914649596277,14.0,0.0,0.0,"[20.0, 20.0, 20.0, 20.0, 20.0, 20.0, 20.0, 20.0, 20.0, 20.0, 20.0, 20.0, 20.0, 20.0, 20.0, 20.0, 20.0, 20.0, 20.0, 20.0, 20.0, 20.0, 20.0, 20.0, 20.0, 20.0, 20.0, 20.0, 20.0, 20.0, 20.0, 20.0, 20.0, 20.0, 20.0, 20.0, 20.0, 20.0, 20.0, 20.0, 20.0, 20.0, 20.0, 20.0, 20.0, 20.0, 20.0, 20.0, 20.0, 20.0, 20.0, 20.0, 20.0, 20.0, 20.0, 20.0, 20.0, 20.0, 20.0, 20.0, 20.0, 20.0, 20.0, 20.0, 20.0, 20.0, 20.0, 20.0, 20.0, 20.0, 20.0, 20.0]",-1.8142504692077637,0.1026989296078682,-0.1619,0.0085,0.1091,-0.0131,-0.0385,0.0143,-0.0113,-9.9121,15.3,,50.0,,,,-0.4781,-0.7525,0.8916,57.57,14.97,1.22441,0.0195,137.75,0.0,1,99.34,100.384,1,3,10,0.7,5.41,0,0.0,0,0
1790659348.9153473,47.397971899999995,8.546139499999999,4.871000289916992,-0.021095789968967438,0.010824457742273808,0.7303877472877502,271.18,0.016680677749256436,-0.8098282256070268,0.0,-88.82,20.0,19.999999999999996,0.0,0.0,3.979161656971856,-0.02367711634483589,14.0,0.0,0.0,"[20.0, 20.0, 20.0, 20.0, 20.0, 20.0, 20.0, 20.0, 20.0, 20.0, 20.0, 20.0, 20.0, 20.0, 20.0, 20.0, 20.0, 20.0, 20.0, 20.0, 20.0, 20.0, 20.0, 20.0, 20.0, 20.0, 20.0, 20.0, 20.0, 20.0, 20.0, 20.0, 20.0, 20.0, 20.0, 20.0, 20.0, 20.0, 20.0, 20.0, 20.0, 20.0, 20.0, 20.0, 20.0, 20.0, 20.0, 20.0, 20.0, 20.0, 20.0, 20.0, 20.0, 20.0, 20.0, 20.0, 20.0, 20.0, 20.0, 20.0, 20.0, 20.0, 20.0, 20.0, 20.0, 20.0, 20.0, 20.0, 20.0, 20.0, 20.0, 20.0]",-1.8113296031951904,0.09768369048833847,-0.1051,-0.0032,0.4024,-0.0774,-0.0835,0.0103,0.0005,-9.7434,15.3,,50.0,,,,-0.4622,-0.8851,0.9985,62.43,14.97,1.22443,0.0237,152.84,0.0,1,99.54,100.389,1,3,10,0.7,5.29,0,0.0,0,0
1790659349.1169784,47.3979718,8.5461396,4.7310004234313965,-0.02421126514673233,0.00791644211858511,0.7355014085769653,271.17,0.01653933580678852,-0.8098311246001048,0.0,-88.82999999999998,20.0,19.999999999999996,0.0,0.0,4.582379666289575,-0.025472566623246557,14.0,0.0,0.0,"[20.0, 20.0, 20.0, 20.0, 20.0, 20.0, 20.0, 20.0, 20.0, 20.0, 20.0, 20.0, 20.0, 20.0, 20.0, 20.0, 20.0, 20.0, 20.0, 20.0, 20.0, 20.0, 20.0, 20.0, 20.0, 20.0, 20.0, 20.0, 20.0, 20.0, 20.0, 20.0, 20.0, 20.0, 20.0, 20.0, 20.0, 20.0, 20.0, 20.0, 20.0, 20.0, 20.0, 20.0, 20.0, 20.0, 20.0, 20.0, 20.0, 20.0, 20.0, 20.0, 20.0, 20.0, 20.0, 20.0, 20.0, 20.0, 20.0, 20.0, 20.0, 20.0, 20.0, 20.0, 20.0, 20.0, 20.0, 20.0, 20.0, 20.0, 20.0, 20.0]",-1.8092305660247803,0.09131606668233871,-0.0134,-0.0137,0.4265,-0.0389,-0.0618,0.0135,-0.0041,-9.7917,15.3,,50.0,,,,-0.4806,-0.7722,0.9095,58.1,14.97,1.22444,0.0255,161.89,0.0,1,99.74,100.396,1,3,10,0.7,5.125,0,0.0,0,0
1790659349.3163857,47.3979717,8.5461396,4.589000225067139,-0.023179465904831886,0.005601970944553614,0.7355509400367737,271.17,0.01653933580678852,-0.8098311246001048,0.0,-88.82999999999998,20.0,19.999999999999996,0.0,0.0,4.39553917842528,-0.02361825987832104,14.0,0.0,0.0,"[20.0, 20.0, 20.0, 20.0, 20.0, 20.0, 20.0, 20.0, 20.0, 20.0, 20.0, 20.0, 20.0, 20.0, 20.0, 20.0, 20.0, 20.0, 20.0, 20.0, 20.0, 20.0, 20.0, 20.0, 20.0, 20.0, 20.0, 20.0, 20.0, 20.0, 20.0, 20.0, 20.0, 20.0, 20.0, 20.0, 20.0, 20.0, 20.0, 20.0, 20.0, 20.0, 20.0, 20.0, 20.0, 20.0, 20.0, 20.0, 20.0, 20.0, 20.0, 20.0, 20.0, 20.0, 20.0, 20.0, 20.0, 20.0, 20.0, 20.0, 20.0, 20.0, 20.0, 20.0, 20.0, 20.0, 20.0, 20.0, 20.0, 20.0, 20.0, 20.0]",-1.8069719076156616,0.08558954298496246,0.0657,-0.0149,0.2777,-0.0298,-0.0289,0.0125,-0.0087,-9.8084,15.3,,50.0,,,,-0.4982,-0.6156,0.792,51.02,14.97,1.22446,0.0238,166.41,0.0,1,99.94,100.402,1,3,10,0.7,4.951,0,0.0,0,0
1790659349.5176804,47.3979717,8.5461397,4.445000171661377,-0.018268335610628128,0.006018696818500757,0.7322109937667847,271.19,0.01682201918360185,-0.8098253019451706,0.0,-88.81,20.0,19.999999999999996,0.0,0.0,3.4601575075635584,-0.013709870237479847,14.0,0.0,0.0,"[20.0, 20.0, 20.0, 20.0, 20.0, 20.0, 20.0, 20.0, 20.0, 20.0, 20.0, 20.0, 20.0, 20.0, 20.0, 20.0, 20.0, 20.0, 20.0, 20.0, 20.0, 20.0, 20.0, 20.0, 20.0, 20.0, 20.0, 20.0, 20.0, 20.0, 20.0, 20.0, 20.0, 20.0, 20.0, 20.0, 20.0, 20.0, 20.0, 20.0, 20.0, 20.0, 20.0, 20.0, 20.0, 20.0, 20.0, 20.0, 20.0, 20.0, 20.0, 20.0, 20.0, 20.0, 20.0, 20.0, 20.0, 20.0, 20.0, 20.0, 20.0, 20.0, 20.0, 20.0, 20.0, 20.0, 20.0, 20.0, 20.0, 20.0, 20.0, 20.0]",-1.8017888069152832,0.08292271941900253,0.0977,-0.0359,0.0609,-0.1767,-0.0159,0.0175,0.0015,-9.8291,15.3,,50.0,,,,-0.4192,-0.6149,0.7442,55.72,14.97,1.22448,0.0192,161.76,0.0,1,100.14,100.408,1,3,10,0.7,4.799,0,0.0,0,0
1790659349.7182863,47.3979717,8.5461397,4.301000118255615,-0.012318967841565609,0.00603075698018074,0.726021945476532,271.21,0.017104700510702814,-0.8098193806154798,0.0,-88.79000000000002,20.0,19.999999999999996,0.0,0.0,2.326623003195893,-0.00788187006832049,14.0,0.0,0.0,"[20.0, 20.0, 20.0, 20.0, 20.0, 20.0, 20.0, 20.0, 20.0, 20.0, 20.0, 20.0, 20.0, 20.0, 20.0, 20.0, 20.0, 20.0, 20.0, 20.0, 20.0, 20.0, 20.0, 20.0, 20.0, 20.0, 20.0, 20.0, 20.0, 20.0, 20.0, 20.0, 20.0, 20.0, 20.0, 20.0, 20.0, 20.0, 20.0, 20.0, 20.0, 20.0, 20.0, 20.0, 20.0, 20.0, 20.0, 20.0, 20.0, 20.0, 20.0, 20.0, 20.0, 20.0, 20.0, 20.0, 20.0, 20.0, 20.0, 20.0, 20.0, 20.0, 20.0, 20.0, 20.0, 20.0, 20.0, 20.0, 20.0, 20.0, 20.0, 20.0]",-1.7950689792633057,0.08185947686433792,0.0715,-0.0941,-0.2179,-0.4295,0.0042,0.008,0.0004,-9.8252,15.3,,50.0,,,,-0.3703,-0.6262,0.7275,59.4,14.97,1.22449,0.0137,153.92,0.0,1,100.35,100.415,1,3,10,0.7,4.71,0,0.0,0,0
1790659349.9188628,47.3979717,8.546139799999999,4.160000324249268,-0.010470001958310604,0.0032570858020335436,0.7210754752159119,271.2,0.0169633601055189,-0.809822353614625,0.0,-88.80000000000001,20.0,19.999999999999996,0.0,0.0,1.9853621484995883,-0.007699469462341653,14.0,0.0,0.0,"[20.0, 20.0, 20.0, 20.0, 20.0, 20.0, 20.0, 20.0, 20.0, 20.0, 20.0, 20.0, 20.0, 20.0, 20.0, 20.0, 20.0, 20.0, 20.0, 20.0, 20.0, 20.0, 20.0, 20.0, 20.0, 20.0, 20.0, 20.0, 20.0, 20.0, 20.0, 20.0, 20.0, 20.0, 20.0, 20.0, 20.0, 20.0, 20.0, 20.0, 20.0, 20.0, 20.0, 20.0, 20.0, 20.0, 20.0, 20.0, 20.0, 20.0, 20.0, 20.0, 20.0, 20.0, 20.0, 20.0, 20.0, 20.0, 20.0, 20.0, 20.0, 20.0, 20.0, 20.0, 20.0, 20.0, 20.0, 20.0, 20.0, 20.0, 20.0, 20.0]",-1.7895681858062744,0.0790175348520279,0.0365,-0.1475,-0.0692,-0.3534,-0.0516,0.0133,-0.005,-9.8136,15.3,,50.0,,,,-0.4342,-0.7176,0.8388,58.82,14.97,1.22451,0.011,162.72,0.0,1,100.55,100.421,1,3,10,0.7,4.53,0,0.0,0,0
1790659350.119195,47.3979716,8.5461399,4.019000053405762,-0.01124001108109951,-0.00047350628301501274,0.7172235250473022,271.17,0.01653933580678852,-0.8098311246001048,0.0,-88.82999999999998,20.0,19.999999999999996,0.0,0.0,2.1470773875748232,-0.008243442048119207,14.0,0.0,0.0,"[20.0, 20.0, 20.0, 20.0, 20.0, 20.0, 20.0, 20.0, 20.0, 20.0, 20.0, 20.0, 20.0, 20.0, 20.0, 20.0, 20.0, 20.0, 20.0, 20.0, 20.0, 20.0, 20.0, 20.0, 20.0, 20.0, 20.0, 20.0, 20.0, 20.0, 20.0, 20.0, 20.0, 20.0, 20.0, 20.0, 20.0, 20.0, 20.0, 20.0, 20.0, 20.0, 20.0, 20.0, 20.0, 20.0, 20.0, 20.0, 20.0, 20.0, 20.0, 20.0, 20.0, 20.0, 20.0, 20.0, 20.0, 20.0, 20.0, 20.0, 20.0, 20.0, 20.0, 20.0, 20.0, 20.0, 20.0, 20.0, 20.0, 20.0, 20.0, 20.0]",-1.7845332622528076,0.07311617583036423,0.0616,-0.1812,0.3081,-0.1216,-0.0858,0.0102,-0.0076,-9.8227,15.3,,50.0,,,,-0.4798,-0.7177,0.8633,56.23,14.97,1.22453,0.0112,182.41,0.0,1,100.75,100.429,1,3,10,0.7,4.424,0,0.0,0,0
1790659350.3194058,47.3979716,8.54614,3.879000186920166,-0.01242261752486229,-0.0039301300421357155,0.7136744260787964,271.15,0.016256650414706926,-0.8098368485795728,0.0,-88.85000000000002,20.0,19.999999999999996,0.0,0.0,2.3857520049779866,-0.00858874600341689,14.0,0.0,0.0,"[20.0, 20.0, 20.0, 20.0, 20.0, 20.0, 20.0, 20.0, 20.0, 20.0, 20.0, 20.0, 20.0, 20.0, 20.0, 20.0, 20.0, 20.0, 20.0, 20.0, 20.0, 20.0, 20.0, 20.0, 20.0, 20.0, 20.0, 20.0, 20.0, 20.0, 20.0, 20.0, 20.0, 20.0, 20.0, 20.0, 20.0, 20.0, 20.0, 20.0, 20.0, 20.0, 20.0, 20.0, 20.0, 20.0, 20.0, 20.0, 20.0, 20.0, 20.0, 20.0, 20.0, 20.0, 20.0, 20.0, 20.0, 20.0, 20.0, 20.0, 20.0, 20.0, 20.0, 20.0, 20.0, 20.0, 20.0, 20.0, 20.0, 20.0, 20.0, 20.0]",-1.7796145677566528,0.06499669700860977,0.1341,-0.2096,0.4676,-0.1605,-0.0186,-0.0011,-0.0061,-9.8116,15.3,,50.0,,,,-0.3228,-0.6742,0.7475,64.42,14.97,1.22454,0.013,197.56,0.0,1,100.95,100.438,1,3,10,0.7,4.3,0,0.0,0,0
1790659350.5203145,47.3979715,8.54614,3.741000175476074,-0.011411434039473534,-0.01069631427526474,0.711552619934082,271.13,0.015973963041802153,-0.8098424738828776,0.0,-88.87,20.0,19.999999999999996,0.0,0.0,2.218177478215352,-0.010011970145726433,14.0,0.0,0.0,"[20.0, 20.0, 20.0, 20.0, 20.0, 20.0, 20.0, 20.0, 20.0, 20.0, 20.0, 20.0, 20.0, 20.0, 20.0, 20.0, 20.0, 20.0, 20.0, 20.0, 20.0, 20.0, 20.0, 20.0, 20.0, 20.0, 20.0, 20.0, 20.0, 20.0, 20.0, 20.0, 20.0, 20.0, 20.0, 20.0, 20.0, 20.0, 20.0, 20.0, 20.0, 20.0, 20.0, 20.0, 20.0, 20.0, 20.0, 20.0, 20.0, 20.0, 20.0, 20.0, 20.0, 20.0, 20.0, 20.0, 20.0, 20.0, 20.0, 20.0, 20.0, 20.0, 20.0, 20.0, 20.0, 20.0, 20.0, 20.0, 20.0, 20.0, 20.0, 20.0]",-1.7784937620162964,0.05593614652752876,0.2195,-0.2194,0.436,0.1405,0.052,0.0023,-0.0083,-9.7933,15.3,,50.0,,,,-0.2614,-0.6977,0.7451,69.46,14.98,1.22456,0.0156,223.15,0.0,1,101.15,100.447,1,3,10,0.7,4.164,0,0.0,0,0
1790659350.7208228,47.397971399999996,8.5461399,3.6040000915527344,-0.00755324074998498,-0.01959727145731449,0.7106683254241943,271.13,0.015973963041802153,-0.8098424738828776,0.0,-88.87,20.0,19.999999999999996,0.0,0.0,1.5157400858574424,-0.016067717345603357,14.0,0.0,0.0,"[20.0, 20.0, 20.0, 20.0, 20.0, 20.0, 20.0, 20.0, 20.0, 20.0, 20.0, 20.0, 20.0, 20.0, 20.0, 20.0, 20.0, 20.0, 20.0, 20.0, 20.0, 20.0, 20.0, 20.0, 20.0, 20.0, 20.0, 20.0, 20.0, 20.0, 20.0, 20.0, 20.0, 20.0, 20.0, 20.0, 20.0, 20.0, 20.0, 20.0, 20.0, 20.0, 20.0, 20.0, 20.0, 20.0, 20.0, 20.0, 20.0, 20.0, 20.0, 20.0, 20.0, 20.0, 20.0, 20.0, 20.0, 20.0, 20.0, 20.0, 20.0, 20.0, 20.0, 20.0, 20.0, 20.0, 20.0, 20.0, 20.0, 20.0, 20.0, 20.0]",-1.7829054594039917,0.04792211204767227,0.2908,-0.1671,0.2749,0.4137,0.0465,0.0026,-0.0081,-9.7963,15.3,,50.0,,,,-0.2225,-0.8535,0.882,75.39,14.98,1.22458,0.021,248.92,0.0,1,101.35,100.457,1,3,10,0.7,4.012,0,0.0,0,0
1790659350.921799,47.397971399999996,8.546139799999999,3.4660000801086426,-0.0007396098808385432,-0.02667214162647724,0.7097557783126831,271.13,0.015973963041802153,-0.8098424738828776,0.0,-88.87,20.0,19.999999999999996,0.0,0.0,0.24168473192219067,-0.022422103070138016,14.0,0.0,0.0,"[20.0, 20.0, 20.0, 20.0, 20.0, 20.0, 20.0, 20.0, 20.0, 20.0, 20.0, 20.0, 20.0, 20.0, 20.0, 20.0, 20.0, 20.0, 20.0, 20.0, 20.0, 20.0, 20.0, 20.0, 20.0, 20.0, 20.0, 20.0, 20.0, 20.0, 20.0, 20.0, 20.0, 20.0, 20.0, 20.0, 20.0, 20.0, 20.0, 20.0, 20.0, 20.0, 20.0, 20.0, 20.0, 20.0, 20.0, 20.0, 20.0, 20.0, 20.0, 20.0, 20.0, 20.0, 20.0, 20.0, 20.0, 20.0, 20.0, 20.0, 20.0, 20.0, 20.0, 20.0, 20.0, 20.0, 20.0, 20.0, 20.0, 20.0, 20.0, 20.0]",-1.7914265394210815,0.04208475351333618,0.3324,-0.0576,0.0593,0.5679,0.0834,0.0067,-0.014,-9.7982,15.3,,50.0,,,,-0.3821,-0.9094,0.9864,67.21,14.98,1.22459,0.0267,268.41,0.0,1,101.55,100.467,1,3,10,0.7,3.864,0,0.0,0,0
1790659351.1226065,47.397971299999995,8.5461396,3.329000234603882,0.008442927151918411,-0.030419286340475082,0.7084662318229675,271.15,0.016256650414706926,-0.8098368485795728,0.0,-88.85000000000002,20.0,19.999999999999996,0.0,0.0,-1.4952165661121928,-0.027987274457737292,14.0,0.0,0.0,"[20.0, 20.0, 20.0, 20.0, 20.0, 20.0, 20.0, 20.0, 20.0, 20.0, 20.0, 20.0, 20.0, 20.0, 20.0, 20.0, 20.0, 20.0, 20.0, 20.0, 20.0, 20.0, 20.0, 20.0, 20.0, 20.0, 20.0, 20.0, 20.0, 20.0, 20.0, 20.0, 20.0, 20.0, 20.0, 20.0, 20.0, 20.0, 20.0, 20.0, 20.0, 20.0, 20.0, 20.0, 20.0, 20.0, 20.0, 20.0, 20.0, 20.0, 20.0, 20.0, 20.0, 20.0, 20.0, 20.0, 20.0, 20.0, 20.0, 20.0, 20.0, 20.0, 20.0, 20.0, 20.0, 20.0, 20.0, 20.0, 20.0, 20.0, 20.0, 20.0]",-1.802109718322754,0.03980487212538719,0.3209,0.0754,-0.1502,0.6513,0.0748,0.015,-0.0056,-9.7945,15.3,,50.0,,,,-0.2463,-1.0211,1.0504,76.44,14.98,1.22461,0.0316,285.51,0.0,1,101.75,100.478,1,3,10,0.7,3.773,0,0.0,0,0
1790659351.3232543,47.397971399999996,8.546139499999999,3.196000099182129,0.01872999034821987,-0.02850004844367504,0.709194004535675,271.18,0.016680677749256436,-0.8098282256070268,0.0,-88.82,20.0,19.999999999999996,-0.0,0.0,-3.4601013500544022,-0.03288488167564806,14.0,0.0,0.0,"[20.0, 20.0, 20.0, 20.0, 20.0, 20.0, 20.0, 20.0, 20.0, 20.0, 20.0, 20.0, 20.0, 20.0, 20.0, 20.0, 20.0, 20.0, 20.0, 20.0, 20.0, 20.0, 20.0, 20.0, 20.0, 20.0, 20.0, 20.0, 20.0, 20.0, 20.0, 20.0, 20.0, 20.0, 20.0, 20.0, 20.0, 20.0, 20.0, 20.0, 20.0, 20.0, 20.0, 20.0, 20.0, 20.0, 20.0, 20.0, 20.0, 20.0, 20.0, 20.0, 20.0, 20.0, 20.0, 20.0, 20.0, 20.0, 20.0, 20.0, 20.0, 20.0, 20.0, 20.0, 20.0, 20.0, 20.0, 20.0, 20.0, 20.0, 20.0, 20.0]",-1.8109757900238037,0.04267676919698715,0.2599,0.1842,-0.5037,0.4359,0.0114,0.0106,-0.0117,-9.7739,15.3,,50.0,,,,-0.1566,-1.1155,1.1264,82.01,14.98,1.22462,0.0341,303.31,0.0,1,101.95,100.487,1,3,10,0.7,3.565,0,0.0,0,0
1790659351.523586,47.397971399999996,8.5461394,3.059000253677368,0.027414904907345772,-0.02344892919063568,0.7128126621246338,271.2,0.0169633601055189,-0.809822353614625,0.0,-88.80000000000001,20.0,19.999999999999996,-0.0,0.0,-5.127194124630229,-0.03606509908305702,14.0,0.0,0.0,"[20.0, 20.0, 20.0, 20.0, 20.0, 20.0, 20.0, 20.0, 20.0, 20.0, 20.0, 20.0, 20.0, 20.0, 20.0, 20.0, 20.0, 20.0, 20.0, 20.0, 20.0, 20.0, 20.0, 20.0, 20.0, 20.0, 20.0, 20.0, 20.0, 20.0, 20.0, 20.0, 20.0, 20.0, 20.0, 20.0, 20.0, 20.0, 20.0, 20.0, 20.0, 20.0, 20.0, 20.0, 20.0, 20.0, 20.0, 20.0, 20.0, 20.0, 20.0, 20.0, 20.0, 20.0, 20.0, 20.0, 20.0, 20.0, 20.0, 20.0, 20.0, 20.0, 20.0, 20.0, 20.0, 20.0, 20.0, 20.0, 20.0, 20.0, 20.0, 20.0]",-1.8181275129318237,0.050645820796489716,0.1476,0.2399,-0.692,0.2171,0.006,0.0093,-0.0069,-9.7793,15.3,,50.0,,,,-0.2277,-1.0441,1.0686,77.7,14.98,1.22464,0.0361,319.46,0.0,1,102.15,100.498,1,3,10,0.7,3.401,0,0.0,0,0
1790659351.7250223,47.3979715,8.5461394,2.9180002212524414,0.031991951167583466,-0.01752699911594391,0.714263379573822,271.21,0.017104700510702814,-0.8098193806154798,0.0,-88.79000000000002,20.0,19.999999999999996,-0.0,0.0,-6.015759528366249,-0.03639289709560278,14.0,0.0,0.0,"[20.0, 20.0, 20.0, 20.0, 20.0, 20.0, 20.0, 20.0, 20.0, 20.0, 20.0, 20.0, 20.0, 20.0, 20.0, 20.0, 20.0, 20.0, 20.0, 20.0, 20.0, 20.0, 20.0, 20.0, 20.0, 20.0, 20.0, 20.0, 20.0, 20.0, 20.0, 20.0, 20.0, 20.0, 20.0, 20.0, 20.0, 20.0, 20.0, 20.0, 20.0, 20.0, 20.0, 20.0, 20.0, 20.0, 20.0, 20.0, 20.0, 20.0, 20.0, 20.0, 20.0, 20.0, 20.0, 20.0, 20.0, 20.0, 20.0, 20.0, 20.0, 20.0, 20.0, 20.0, 20.0, 20.0, 20.0, 20.0, 20.0, 20.0, 20.0, 20.0]",-1.8242377042770386,0.0601845383644104,0.0135,0.2672,-0.6865,0.0992,-0.0232,0.0046,-0.0118,-9.8062,15.3,,50.0,,,,-0.2539,-1.0678,1.0975,76.62,14.98,1.22466,0.0365,331.28,0.0,1,102.35,100.509,1,3,10,0.7,3.24,0,0.0,0,0
1790659351.925434,47.3979716,8.5461393,2.7770001888275146,0.030627800151705742,-0.011477206833660603,0.7123837471008301,271.2,0.0169633601055189,-0.809822353614625,0.0,-88.80000000000001,20.0,19.999999999999996,-0.0,0.0,-5.782576766101731,-0.03247840273352017,14.0,0.0,0.0,"[20.0, 20.0, 20.0, 20.0, 20.0, 20.0, 20.0, 20.0, 20.0, 20.0, 20.0, 20.0, 20.0, 20.0, 20.0, 20.0, 20.0, 20.0, 20.0, 20.0, 20.0, 20.0, 20.0, 20.0, 20.0, 20.0, 20.0, 20.0, 20.0, 20.0, 20.0, 20.0, 20.0, 20.0, 20.0, 20.0, 20.0, 20.0, 20.0, 20.0, 20.0, 20.0, 20.0, 20.0, 20.0, 20.0, 20.0, 20.0, 20.0, 20.0, 20.0, 20.0, 20.0, 20.0, 20.0, 20.0, 20.0, 20.0, 20.0, 20.0, 20.0, 20.0, 20.0, 20.0, 20.0, 20.0, 20.0, 20.0, 20.0, 20.0, 20.0, 20.0]",-1.828952670097351,0.06930798292160034,-0.0978,0.2784,-0.3946,-0.0032,-0.0871,0.0253,0.0005,-9.8053,15.3,,50.0,,,,-0.2639,-0.8263,0.8674,72.29,14.98,1.22467,0.0327,339.46,0.0,1,102.55,100.519,1,3,10,0.7,3.118,0,0.0,0,0
1790659352.1250944,47.3979717,8.546139199999999,2.638000011444092,0.026930730789899826,-0.005940339062362909,0.710841953754425,271.19,0.01682201918360185,-0.8098253019451706,0.0,-88.81,20.0,19.999999999999996,-0.0,0.0,-5.105166464910253,-0.02730640255959135,14.0,0.0,0.0,"[20.0, 20.0, 20.0, 20.0, 20.0, 20.0, 20.0, 20.0, 20.0, 20.0, 20.0, 20.0, 20.0, 20.0, 20.0, 20.0, 20.0, 20.0, 20.0, 20.0, 20.0, 20.0, 20.0, 20.0, 20.0, 20.0, 20.0, 20.0, 20.0, 20.0, 20.0, 20.0, 20.0, 20.0, 20.0, 20.0, 20.0, 20.0, 20.0, 20.0, 20.0, 20.0, 20.0, 20.0, 20.0, 20.0, 20.0, 20.0, 20.0, 20.0, 20.0, 20.0, 20.0, 20.0, 20.0, 20.0, 20.0, 20.0, 20.0, 20.0, 20.0, 20.0, 20.0, 20.0, 20.0, 20.0, 20.0, 20.0, 20.0, 20.0, 20.0, 20.0]",-1.832675814628601,0.07927215844392776,-0.1666,0.2802,-0.2975,0.0096,-0.0872,0.0093,-0.0089,-9.7861,15.3,,50.0,,,,-0.3131,-0.806,0.8647,68.77,14.98,1.22469,0.0276,347.56,0.0,1,102.75,100.53,1,3,10,0.7,2.952,0,0.0,0,0
1790659352.3263667,47.3979718,8.546139199999999,2.499000072479248,0.01966799795627594,0.000799938861746341,0.7116678953170776,271.18,0.016680677749256436,-0.8098282256070268,0.0,-88.82,20.0,19.999999999999996,-0.0,0.0,-3.753282619841515,-0.019524868672327007,14.0,0.0,0.0,"[20.0, 20.0, 20.0, 20.0, 20.0, 20.0, 20.0, 20.0, 20.0, 20.0, 20.0, 20.0, 20.0, 20.0, 20.0, 20.0, 20.0, 20.0, 20.0, 20.0, 20.0, 20.0, 20.0, 20.0, 20.0, 20.0, 20.0, 20.0, 20.0, 20.0, 20.0, 20.0, 20.0, 20.0, 20.0, 20.0, 20.0, 20.0, 20.0, 20.0, 20.0, 20.0, 20.0, 20.0, 20.0, 20.0, 20.0, 20.0, 20.0, 20.0, 20.0, 20.0, 20.0, 20.0, 20.0, 20.0, 20.0, 20.0, 20.0, 20.0, 20.0, 20.0, 20.0, 20.0, 20.0, 20.0, 20.0, 20.0, 20.0, 20.0, 20.0, 20.0]",-1.8333743810653687,0.08730974048376083,-0.2142,0.2638,-0.1057,-0.1442,-0.0278,0.0173,-0.0057,-9.7891,15.3,,50.0,,,,-0.3394,-0.7872,0.8573,66.68,14.98,1.22471,0.0197,2.33,0.0,1,102.95,100.538,1,3,10,0.7,2.799,0,0.0,0,0
1790659352.5270693,47.3979718,8.5461393,2.3570001125335693,0.009517193771898746,0.006918428000062704,0.7123084664344788,271.18,0.016680677749256436,-0.8098282256070268,0.0,-88.82,20.0,19.999999999999996,0.0,0.0,-1.843838446561736,-0.011054039758445768,14.0,0.0,0.0,"[20.0, 20.0, 20.0, 20.0, 20.0, 20.0, 20.0, 20.0, 20.0, 20.0, 20.0, 20.0, 20.0, 20.0, 20.0, 20.0, 20.0, 20.0, 20.0, 20.0, 20.0, 20.0, 20.0, 20.0, 20.0, 20.0, 20.0, 20.0, 20.0, 20.0, 20.0, 20.0, 20.0, 20.0, 20.0, 20.0, 20.0, 20.0, 20.0, 20.0, 20.0, 20.0, 20.0, 20.0, 20.0, 20.0, 20.0, 20.0, 20.0, 20.0, 20.0, 20.0, 20.0, 20.0, 20.0, 20.0, 20.0, 20.0, 20.0, 20.0, 20.0, 20.0, 20.0, 20.0, 20.0, 20.0, 20.0, 20.0, 20.0, 20.0, 20.0, 20.0]",-1.8322718143463135,0.09116008132696152,-0.2128,0.2124,0.2372,-0.2554,-0.0589,0.0206,-0.007,-9.8073,15.3,,50.0,,,,-0.305,-0.8576,0.9102,70.42,14.98,1.22472,0.0118,36.01,0.0,1,103.15,100.542,1,3,10,0.7,2.691,0,0.0,0,0
1790659352.7273526,47.3979718,8.5461393,2.2160000801086426,-0.00013739043788518757,0.011358698830008507,0.7111095786094666,271.18,0.016680677749256436,-0.8098282256070268,0.0,-88.82,20.0,19.999999999999996,0.0,0.0,-0.01844031361480768,-0.011282528856436566,14.0,0.0,0.0,"[20.0, 20.0, 20.0, 20.0, 20.0, 20.0, 20.0, 20.0, 20.0, 20.0, 20.0, 20.0, 20.0, 20.0, 20.0, 20.0, 20.0, 20.0, 20.0, 20.0, 20.0, 20.0, 20.0, 20.0, 20.0, 20.0, 20.0, 20.0, 20.0, 20.0, 20.0, 20.0, 20.0, 20.0, 20.0, 20.0, 20.0, 20.0, 20.0, 20.0, 20.0, 20.0, 20.0, 20.0, 20.0, 20.0, 20.0, 20.0, 20.0, 20.0, 20.0, 20.0, 20.0, 20.0, 20.0, 20.0, 20.0, 20.0, 20.0, 20.0, 20.0, 20.0, 20.0, 20.0, 20.0, 20.0, 20.0, 20.0, 20.0, 20.0, 20.0, 20.0]",-1.8299282789230347,0.09140565246343613,-0.1593,0.1582,0.3828,-0.3523,0.0068,0.0186,-0.0063,-9.8069,15.3,,50.0,,,,-0.3315,-0.9019,0.9609,69.82,14.99,1.22474,0.0114,90.69,0.0,1,103.35,100.545,1,3,10,0.7,2.548,0,0.0,0,0
1790659352.9285147,47.3979718,8.5461393,2.074000120162964,-0.00691142538562417,0.014783059246838093,0.7098151445388794,271.18,0.016680677749256436,-0.8098282256070268,0.0,-88.82,20.0,19.999999999999996,0.0,0.0,1.2613586881902508,-0.015989519095356654,14.0,0.0,0.0,"[20.0, 20.0, 20.0, 20.0, 20.0, 20.0, 20.0, 20.0, 20.0, 20.0, 20.0, 20.0, 20.0, 20.0, 20.0, 20.0, 20.0, 20.0, 20.0, 20.0, 20.0, 20.0, 20.0, 20.0, 20.0, 20.0, 20.0, 20.0, 20.0, 20.0, 20.0, 20.0, 20.0, 20.0, 20.0, 20.0, 20.0, 20.0, 20.0, 20.0, 20.0, 20.0, 20.0, 20.0, 20.0, 20.0, 20.0, 20.0, 20.0, 20.0, 20.0, 20.0, 20.0, 20.0, 20.0, 20.0, 20.0, 20.0, 20.0, 20.0, 20.0, 20.0, 20.0, 20.0, 20.0, 20.0, 20.0, 20.0, 20.0, 20.0, 20.0, 20.0]",-1.8259532451629639,0.09044943004846573,-0.0877,0.0967,0.3872,-0.366,0.0303,0.0117,-0.0071,-9.7951,15.3,,50.0,,,,-0.2904,-1.0881,1.1262,75.06,14.99,1.22476,0.0163,115.06,0.0,1,103.56,100.549,1,3,10,0.7,2.355,0,0.0,0,0
1790659353.1293962,47.3979718,8.5461394,1.9300000667572021,-0.010099095292389393,0.015710841864347458,0.7075710296630859,271.18,0.016680677749256436,-0.8098282256070268,0.0,-88.82,20.0,19.999999999999996,0.0,0.0,1.8659245490107723,-0.01634312363792338,14.0,0.0,0.0,"[20.0, 20.0, 20.0, 20.0, 20.0, 20.0, 20.0, 20.0, 20.0, 20.0, 20.0, 20.0, 20.0, 20.0, 20.0, 20.0, 20.0, 20.0, 20.0, 20.0, 20.0, 20.0, 20.0, 20.0, 20.0, 20.0, 20.0, 20.0, 20.0, 20.0, 20.0, 20.0, 20.0, 20.0, 20.0, 20.0, 20.0, 20.0, 20.0, 20.0, 20.0, 20.0, 20.0, 20.0, 20.0, 20.0, 20.0, 20.0, 20.0, 20.0, 20.0, 20.0, 20.0, 20.0, 20.0, 20.0, 20.0, 20.0, 20.0, 20.0, 20.0, 20.0, 20.0, 20.0, 20.0, 20.0, 20.0, 20.0, 20.0, 20.0, 20.0, 20.0]",-1.8219579458236694,0.09018516540527344,-0.0319,0.039,0.1904,-0.2537,-0.0409,0.0107,-0.0037,-9.8143,15.3,,50.0,,,,-0.3715,-1.1164,1.1766,71.59,14.99,1.22477,0.0187,122.73,0.0,1,103.76,100.553,1,3,10,0.7,2.176,0,0.0,0,0
1790659353.3294957,47.3979718,8.546139499999999,1.784000039100647,-0.009791640564799309,0.01644270494580269,0.7033531069755554,271.19,0.01682201918360185,-0.8098253019451706,0.0,-88.81,20.0,19.999999999999996,0.0,0.0,1.803848007678813,-0.014753027218667909,14.0,0.0,0.0,"[20.0, 20.0, 20.0, 20.0, 20.0, 20.0, 20.0, 20.0, 20.0, 20.0, 20.0, 20.0, 20.0, 20.0, 20.0, 20.0, 20.0, 20.0, 20.0, 20.0, 20.0, 20.0, 20.0, 20.0, 20.0, 20.0, 20.0, 20.0, 20.0, 20.0, 20.0, 20.0, 20.0, 20.0, 20.0, 20.0, 20.0, 20.0, 20.0, 20.0, 20.0, 20.0, 20.0, 20.0, 20.0, 20.0, 20.0, 20.0, 20.0, 20.0, 20.0, 20.0, 20.0, 20.0, 20.0, 20.0, 20.0, 20.0, 20.0, 20.0, 20.0, 20.0, 20.0, 20.0, 20.0, 20.0, 20.0, 20.0, 20.0, 20.0, 20.0, 20.0]",-1.815671443939209,0.09115738421678543,-0.019,-0.0119,-0.0701,-0.3546,-0.122,0.0134,-0.0036,-9.8406,15.3,,50.0,,,,-0.3827,-1.1603,1.2218,71.75,14.99,1.22479,0.0191,120.77,0.0,1,103.96,100.559,1,3,10,0.7,2.02,0,0.0,0,0
1790659353.5302308,47.3979718,8.5461396,1.6390000581741333,-0.008877874352037907,0.01633334532380104,0.6970354318618774,271.19,0.01682201918360185,-0.8098253019451706,0.0,-88.81,20.0,19.999999999999996,0.0,0.0,1.629959286118044,-0.014709446950797527,14.0,0.0,0.0,"[20.0, 20.0, 20.0, 20.0, 20.0, 20.0, 20.0, 20.0, 20.0, 20.0, 20.0, 20.0, 20.0, 20.0, 20.0, 20.0, 20.0, 20.0, 20.0, 20.0, 20.0, 20.0, 20.0, 20.0, 20.0, 20.0, 20.0, 20.0, 20.0, 20.0, 20.0, 20.0, 20.0, 20.0, 20.0, 20.0, 20.0, 20.0, 20.0, 20.0, 20.0, 20.0, 20.0, 20.0, 20.0, 20.0, 20.0, 20.0, 20.0, 20.0, 20.0, 20.0, 20.0, 20.0, 20.0, 20.0, 20.0, 20.0, 20.0, 20.0, 20.0, 20.0, 20.0, 20.0, 20.0, 20.0, 20.0, 20.0, 20.0, 20.0, 20.0, 20.0]",-1.8081021308898926,0.09237951040267944,-0.0411,-0.0796,-0.0895,-0.3852,-0.0401,0.0097,0.0014,-9.8468,15.3,,50.0,,,,-0.3743,-1.0341,1.0997,70.1,14.99,1.22481,0.0186,118.53,0.0,1,104.16,100.567,1,3,10,0.7,1.904,0,0.0,0,0
1790659353.7310448,47.3979718,8.5461397,1.4970000982284546,-0.0076337517239153385,0.013346982188522816,0.6906977295875549,271.18,0.016680677749256436,-0.8098282256070268,0.0,-88.82,20.0,19.999999999999996,0.0,0.0,1.4048539863285079,-0.009429399349575202,14.0,0.0,0.0,"[20.0, 20.0, 20.0, 20.0, 20.0, 20.0, 20.0, 20.0, 20.0, 20.0, 20.0, 20.0, 20.0, 20.0, 20.0, 20.0, 20.0, 20.0, 20.0, 20.0, 20.0, 20.0, 20.0, 20.0, 20.0, 20.0, 20.0, 20.0, 20.0, 20.0, 20.0, 20.0, 20.0, 20.0, 20.0, 20.0, 20.0, 20.0, 20.0, 20.0, 20.0, 20.0, 20.0, 20.0, 20.0, 20.0, 20.0, 20.0, 20.0, 20.0, 20.0, 20.0, 20.0, 20.0, 20.0, 20.0, 20.0, 20.0, 20.0, 20.0, 20.0, 20.0, 20.0, 20.0, 20.0, 20.0, 20.0, 20.0, 20.0, 20.0, 20.0, 20.0]",-1.8014698028564453,0.09511411935091019,-0.0693,-0.1407,-0.1984,-0.3237,-0.1044,0.0113,0.0039,-9.8285,15.3,,50.0,,,,-0.2429,-0.9984,1.0276,76.32,14.99,1.22482,0.0154,119.77,0.0,1,104.36,100.574,1,3,10,0.7,1.762,0,0.0,0,0
1790659353.931147,47.3979718,8.5461397,1.3570001125335693,-0.008585517294704914,0.006985844112932682,0.6869868636131287,271.18,0.016680677749256436,-0.8098282256070268,0.0,-88.82,20.0,19.999999999999996,0.0,0.0,1.6114645360579132,-0.0016324721247352571,14.0,0.0,0.0,"[20.0, 20.0, 20.0, 20.0, 20.0, 20.0, 20.0, 20.0, 20.0, 20.0, 20.0, 20.0, 20.0, 20.0, 20.0, 20.0, 20.0, 20.0, 20.0, 20.0, 20.0, 20.0, 20.0, 20.0, 20.0, 20.0, 20.0, 20.0, 20.0, 20.0, 20.0, 20.0, 20.0, 20.0, 20.0, 20.0, 20.0, 20.0, 20.0, 20.0, 20.0, 20.0, 20.0, 20.0, 20.0, 20.0, 20.0, 20.0, 20.0, 20.0, 20.0, 20.0, 20.0, 20.0, 20.0, 20.0, 20.0, 20.0, 20.0, 20.0, 20.0, 20.0, 20.0, 20.0, 20.0, 20.0, 20.0, 20.0, 20.0, 20.0, 20.0, 20.0]",-1.7977513074874878,0.0973178893327713,-0.1059,-0.1666,-0.142,-0.0619,-0.0578,0.0082,-0.0073,-9.8131,15.3,,50.0,,,,-0.1567,-0.844,0.8584,79.48,14.99,1.22484,0.0111,140.87,0.0,1,104.56,100.578,1,3,10,0.7,1.632,0,0.0,0,0
1790659354.1322386,47.3979718,8.5461397,1.2190001010894775,-0.013036604039371014,-0.0024217641912400723,0.6850150227546692,271.17,0.01653933580678852,-0.8098311246001048,0.0,-88.82999999999998,20.0,19.999999999999996,0.0,0.0,2.4971507643197612,-0.01225829283245855,14.0,0.0,0.0,"[20.0, 20.0, 20.0, 20.0, 20.0, 20.0, 20.0, 20.0, 20.0, 20.0, 20.0, 20.0, 20.0, 20.0, 20.0, 20.0, 20.0, 20.0, 20.0, 20.0, 20.0, 20.0, 20.0, 20.0, 20.0, 20.0, 20.0, 20.0, 20.0, 20.0, 20.0, 20.0, 20.0, 20.0, 20.0, 20.0, 20.0, 20.0, 20.0, 20.0, 20.0, 20.0, 20.0, 20.0, 20.0, 20.0, 20.0, 20.0, 20.0, 20.0, 20.0, 20.0, 20.0, 20.0, 20.0, 20.0, 20.0, 20.0, 20.0, 20.0, 20.0, 20.0, 20.0, 20.0, 20.0, 20.0, 20.0, 20.0, 20.0, 20.0, 20.0, 20.0]",-1.7994544506072998,0.09468858689069748,-0.0961,-0.1278,0.2142,0.3643,-0.103,0.0139,-0.0038,-9.798,15.3,,50.0,,,,-0.1694,-0.9681,0.9828,80.08,14.99,1.22486,0.0133,190.52,0.0,1,104.76,100.581,1,3,10,0.7,1.476,0,0.0,0,0
1790659354.3335557,47.3979718,8.5461396,1.0670000314712524,-0.01566908322274685,-0.009626444429159164,0.6847203373908997,271.16,0.016397993360503984,-0.809833998924316,0.0,-88.83999999999997,20.0,19.999999999999996,0.0,0.0,3.0263632557235765,-0.017011833947951752,14.0,0.0,0.0,"[20.0, 20.0, 20.0, 20.0, 20.0, 20.0, 20.0, 20.0, 20.0, 20.0, 20.0, 20.0, 20.0, 20.0, 20.0, 20.0, 20.0, 20.0, 20.0, 20.0, 20.0, 20.0, 20.0, 20.0, 20.0, 20.0, 20.0, 20.0, 20.0, 20.0, 20.0, 20.0, 20.0, 20.0, 20.0, 20.0, 20.0, 20.0, 20.0, 20.0, 20.0, 20.0, 20.0, 20.0, 20.0, 20.0, 20.0, 20.0, 20.0, 20.0, 20.0, 20.0, 20.0, 20.0, 20.0, 20.0, 20.0, 20.0, 20.0, 20.0, 20.0, 20.0, 20.0, 20.0, 20.0, 20.0, 20.0, 20.0, 20.0, 20.0, 20.0, 20.0]",-1.80435049533844,0.09111661463975906,-0.0354,-0.0422,0.3184,0.511,-0.0198,0.0098,-0.0019,-9.8016,15.3,,50.0,,,,-0.2395,-0.9572,0.9867,75.95,14.99,1.22487,0.0184,211.56,0.0,1,104.96,100.587,1,3,10,0.7,1.374,0,0.0,0,0
1790659354.533585,47.3979718,8.5461396,0.9270000457763672,-0.017159640789031982,-0.0130185317248106,0.6834941506385803,271.17,0.01653933580678852,-0.8098311246001048,0.0,-88.82999999999998,20.0,19.999999999999996,0.0,0.0,3.3236025671002363,-0.020902486679726134,14.0,0.0,0.0,"[20.0, 20.0, 20.0, 20.0, 20.0, 20.0, 20.0, 20.0, 20.0, 20.0, 20.0, 20.0, 20.0, 20.0, 20.0, 20.0, 20.0, 20.0, 20.0, 20.0, 20.0, 20.0, 20.0, 20.0, 20.0, 20.0, 20.0, 20.0, 20.0, 20.0, 20.0, 20.0, 20.0, 20.0, 20.0, 20.0, 20.0, 20.0, 20.0, 20.0, 20.0, 20.0, 20.0, 20.0, 20.0, 20.0, 20.0, 20.0, 20.0, 20.0, 20.0, 20.0, 20.0, 20.0, 20.0, 20.0, 20.0, 20.0, 20.0, 20.0, 20.0, 20.0, 20.0, 20.0, 20.0, 20.0, 20.0, 20.0, 20.0, 20.0, 20.0, 20.0]",-1.809249997138977,0.0871705636382103,0.0152,0.0478,0.1391,0.3847,-0.0115,0.0149,0.0033,-9.8126,15.3,,50.0,,,,-0.18,-0.8808,0.899,78.45,14.99,1.22489,0.0215,217.19,0.0,1,105.16,100.594,1,3,10,0.7,1.23,0,0.0,0,0
1790659354.7344942,47.3979717,8.546139499999999,0.7870000600814819,-0.017722133547067642,-0.012622249312698841,0.6825649738311768,271.17,0.01653933580678852,-0.8098311246001048,0.0,-88.82999999999998,20.0,19.999999999999996,0.0,0.0,3.429095767904457,-0.021757081461252204,14.0,0.0,0.0,"[20.0, 20.0, 20.0, 20.0, 20.0, 20.0, 20.0, 20.0, 20.0, 20.0, 20.0, 20.0, 20.0, 20.0, 20.0, 20.0, 20.0, 20.0, 20.0, 20.0, 20.0, 20.0, 20.0, 20.0, 20.0, 20.0, 20.0, 20.0, 20.0, 20.0, 20.0, 20.0, 20.0, 20.0, 20.0, 20.0, 20.0, 20.0, 20.0, 20.0, 20.0, 20.0, 20.0, 20.0, 20.0, 20.0, 20.0, 20.0, 20.0, 20.0, 20.0, 20.0, 20.0, 20.0, 20.0, 20.0, 20.0, 20.0, 20.0, 20.0, 20.0, 20.0, 20.0, 20.0, 20.0, 20.0, 20.0, 20.0, 20.0, 20.0, 20.0, 20.0]",-1.8128412961959839,0.08205052465200424,0.0659,0.1062,0.316,0.2399,-0.0451,0.0084,-0.0122,-9.808,15.3,,50.0,,,,-0.1325,-0.796,0.807,80.55,14.99,1.22491,0.0218,215.46,0.0,1,105.36,100.6,1,3,10,0.7,1.111,0,0.0,0,0
1790659354.935351,47.3979717,8.546139499999999,0.6480000019073486,-0.017635423690080643,-0.010540877468883991,0.6819619536399841,271.17,0.01653933580678852,-0.8098311246001048,0.0,-88.82999999999998,20.0,19.999999999999996,0.0,0.0,3.404509714363505,-0.020517712737742156,14.0,0.0,0.0,"[20.0, 20.0, 20.0, 20.0, 20.0, 20.0, 20.0, 20.0, 20.0, 20.0, 20.0, 20.0, 20.0, 20.0, 20.0, 20.0, 20.0, 20.0, 20.0, 20.0, 20.0, 20.0, 20.0, 20.0, 20.0, 20.0, 20.0, 20.0, 20.0, 20.0, 20.0, 20.0, 20.0, 20.0, 20.0, 20.0, 20.0, 20.0, 20.0, 20.0, 20.0, 20.0, 20.0, 20.0, 20.0, 20.0, 20.0, 20.0, 20.0, 20.0, 20.0, 20.0, 20.0, 20.0, 20.0, 20.0, 20.0, 20.0, 20.0, 20.0, 20.0, 20.0, 20.0, 20.0, 20.0, 20.0, 20.0, 20.0, 20.0, 20.0, 20.0, 20.0]",-1.816005825996399,0.07607024908065796,0.1205,0.1272,0.278,0.0653,-0.0063,0.0084,-0.0107,-9.806,15.3,,50.0,,,,-0.2393,-0.6606,0.7026,70.08,15.0,1.22492,0.0205,210.87,0.0,1,105.56,100.607,1,3,10,0.7,0.974,0,0.0,0,0
1790659355.1360927,47.3979716,8.5461394,0.5100000500679016,-0.015133695676922798,-0.00849758181720972,0.6825292110443115,271.17,0.01653933580678852,-0.8098311246001048,0.0,-88.82999999999998,20.0,19.999999999999996,0.0,0.0,2.920327127620267,-0.01726939133417094,14.0,0.0,0.0,"[20.0, 20.0, 20.0, 20.0, 20.0, 20.0, 20.0, 20.0, 20.0, 20.0, 20.0, 20.0, 20.0, 20.0, 20.0, 20.0, 20.0, 20.0, 20.0, 20.0, 20.0, 20.0, 20.0, 20.0, 20.0, 20.0, 20.0, 20.0, 20.0, 20.0, 20.0, 20.0, 20.0, 20.0, 20.0, 20.0, 20.0, 20.0, 20.0, 20.0, 20.0, 20.0, 20.0, 20.0, 20.0, 20.0, 20.0, 20.0, 20.0, 20.0, 20.0, 20.0, 20.0, 20.0, 20.0, 20.0, 20.0, 20.0, 20.0, 20.0, 20.0, 20.0, 20.0, 20.0, 20.0, 20.0, 20.0, 20.0, 20.0, 20.0, 20.0, 20.0]",-1.8192181587219238,0.071490578353405,0.1712,0.1438,0.1934,0.0771,-0.032,0.0066,-0.0101,-9.7922,15.3,,50.0,,,,-0.3457,-0.6445,0.7314,61.79,15.0,1.22494,0.0174,209.31,0.0,1,105.76,100.612,1,3,10,0.7,0.847,0,0.0,0,0
1790659355.3362777,47.3979716,8.5461394,0.3720000088214874,-0.008785978890955448,-0.0034970040433108807,0.6845914125442505,271.18,0.016680677749256436,-0.8098282256070268,0.0,-88.82,20.0,19.999999999999996,0.0,0.0,1.6909053571662243,-0.0057075561346632935,14.0,0.0,0.0,"[20.0, 20.0, 20.0, 20.0, 20.0, 20.0, 20.0, 20.0, 20.0, 20.0, 20.0, 20.0, 20.0, 20.0, 20.0, 20.0, 20.0, 20.0, 20.0, 20.0, 20.0, 20.0, 20.0, 20.0, 20.0, 20.0, 20.0, 20.0, 20.0, 20.0, 20.0, 20.0, 20.0, 20.0, 20.0, 20.0, 20.0, 20.0, 20.0, 20.0, 20.0, 20.0, 20.0, 20.0, 20.0, 20.0, 20.0, 20.0, 20.0, 20.0, 20.0, 20.0, 20.0, 20.0, 20.0, 20.0, 20.0, 20.0, 20.0, 20.0, 20.0, 20.0, 20.0, 20.0, 20.0, 20.0, 20.0, 20.0, 20.0, 20.0, 20.0, 20.0]",-1.8186031579971313,0.07047390937805176,0.1735,0.1367,-0.1552,-0.1991,-0.0018,0.0119,-0.0135,-9.7887,15.3,,50.0,,,,-0.3409,-0.6568,0.74,62.57,15.0,1.22496,0.0095,201.7,0.0,1,105.96,100.613,1,3,10,0.7,0.735,0,0.0,0,0
1790659355.5376089,47.3979716,8.546139499999999,0.23600001633167267,-0.0030513936653733253,0.0020751971751451492,0.6869524717330933,271.18,0.016680677749256436,-0.8098282256070268,0.0,-88.82,20.0,19.999999999999996,0.0,0.0,0.5744685590691248,-0.0019839549661794377,14.0,0.0,0.0,"[20.0, 20.0, 20.0, 20.0, 20.0, 20.0, 20.0, 20.0, 20.0, 20.0, 20.0, 20.0, 20.0, 20.0, 20.0, 20.0, 20.0, 20.0, 20.0, 20.0, 20.0, 20.0, 20.0, 20.0, 20.0, 20.0, 20.0, 20.0, 20.0, 20.0, 20.0, 20.0, 20.0, 20.0, 20.0, 20.0, 20.0, 20.0, 20.0, 20.0, 20.0, 20.0, 20.0, 20.0, 20.0, 20.0, 20.0, 20.0, 20.0, 20.0, 20.0, 20.0, 20.0, 20.0, 20.0, 20.0, 20.0, 20.0, 20.0, 20.0, 20.0, 20.0, 20.0, 20.0, 20.0, 20.0, 20.0, 20.0, 20.0, 20.0, 20.0, 20.0]",-1.8144975900650024,0.07059550285339355,0.1254,0.0763,-0.2658,-0.434,-0.0834,0.0112,-0.0039,-9.7955,15.3,,50.0,,,,-0.322,-0.5997,0.6807,61.77,15.0,1.22497,0.0037,145.78,0.0,1,106.16,100.618,1,3,10,0.7,0.608,0,0.0,0,0
1790659355.7385173,47.3979716,8.5461396,0.10200000554323196,0.00013685188605450094,0.005236100405454636,0.6906653046607971,271.18,0.016680677749256436,-0.8098282256070268,0.0,-88.82,20.0,19.999999999999996,0.0,0.0,-0.046725104229348294,-0.005163504932784677,14.0,0.0,0.0,"[20.0, 20.0, 20.0, 20.0, 20.0, 20.0, 20.0, 20.0, 20.0, 20.0, 20.0, 20.0, 20.0, 20.0, 20.0, 20.0, 20.0, 20.0, 20.0, 20.0, 20.0, 20.0, 20.0, 20.0, 20.0, 20.0, 20.0, 20.0, 20.0, 20.0, 20.0, 20.0, 20.0, 20.0, 20.0, 20.0, 20.0, 20.0, 20.0, 20.0, 20.0, 20.0, 20.0, 20.0, 20.0, 20.0, 20.0, 20.0, 20.0, 20.0, 20.0, 20.0, 20.0, 20.0, 20.0, 20.0, 20.0, 20.0, 20.0, 20.0, 20.0, 20.0, 20.0, 20.0, 20.0, 20.0, 20.0, 20.0, 20.0, 20.0, 20.0, 20.0]",-1.8095660209655762,0.0715688169002533,0.0835,0.0018,-0.1766,-0.3352,-0.002,0.018,-0.0129,-9.7894,15.3,,50.0,,,,-0.2865,-0.4877,0.5657,59.56,15.0,1.22499,0.0052,88.5,0.0,1,106.37,100.623,1,3,10,0.7,0.437,0,0.0,0,0
1790659355.9395778,47.3979717,8.5461396,-0.032999999821186066,0.0035321786999702454,0.0047955880872905254,0.6949885487556458,271.17,0.01653933580678852,-0.8098311246001048,0.0,-88.82999999999998,20.0,19.999999999999996,0.0,0.0,-0.6931234748238865,-0.0058949959415557735,14.0,0.0,0.0,"[20.0, 20.0, 20.0, 20.0, 20.0, 20.0, 20.0, 20.0, 20.0, 20.0, 20.0, 20.0, 20.0, 20.0, 20.0, 20.0, 20.0, 20.0, 20.0, 20.0, 20.0, 20.0, 20.0, 20.0, 20.0, 20.0, 20.0, 20.0, 20.0, 20.0, 20.0, 20.0, 20.0, 20.0, 20.0, 20.0, 20.0, 20.0, 20.0, 20.0, 20.0, 20.0, 20.0, 20.0, 20.0, 20.0, 20.0, 20.0, 20.0, 20.0, 20.0, 20.0, 20.0, 20.0, 20.0, 20.0, 20.0, 20.0, 20.0, 20.0, 20.0, 20.0, 20.0, 20.0, 20.0, 20.0, 20.0, 20.0, 20.0, 20.0, 20.0, 20.0]",-1.805249571800232,0.07582259178161621,0.0391,-0.0579,-0.3184,-0.1208,-0.0338,0.0181,-0.0087,-9.7797,15.3,,50.0,,,,-0.339,-0.3898,0.5166,48.99,15.0,1.225,0.006,53.63,0.0,1,106.57,100.629,1,3,10,0.7,0.324,0,0.0,0,0
